representation,kind,centered,component,singular_value,energy,cumulative
l0_mean,negation,False,1,1.1922060493027642,0.9999999999999903,0.9999999999999903
l0_mean,negation,False,2,4.7286043668884026e-08,1.573125299844008e-15,0.9999999999999919
l0_mean,negation,False,3,2.163881437724903e-08,3.2943086047133167e-16,0.9999999999999922
l0_mean,negation,False,4,1.8792297186323365e-08,2.4846035504643426e-16,0.9999999999999925
l0_mean,negation,False,5,1.7672884445539633e-08,2.197415751975497e-16,0.9999999999999927
l0_mean,negation,False,6,1.674579160480485e-08,1.972916578811875e-16,0.9999999999999928
l0_mean,negation,False,7,1.5201819262816617e-08,1.625879994632352e-16,0.999999999999993
l0_mean,negation,False,8,1.4451877088739861e-08,1.4694197621018438e-16,0.9999999999999932
l0_mean,negation,False,9,1.3544538867118841e-08,1.290701471828876e-16,0.9999999999999934
l0_mean,negation,False,10,1.3474680936079076e-08,1.2774218446900844e-16,0.9999999999999936
l0_mean,negation,False,11,1.3072175288549995e-08,1.2022452873209624e-16,0.9999999999999938
l0_mean,negation,False,12,1.2766911838688079e-08,1.1467508653593606e-16,0.9999999999999939
l0_mean,negation,False,13,1.257584600026775e-08,1.1126838351309245e-16,0.9999999999999941
l0_mean,negation,False,14,1.2436779137849131e-08,1.08821122517248e-16,0.9999999999999942
l0_mean,negation,False,15,1.2174787945132291e-08,1.0428459742880432e-16,0.9999999999999943
l0_mean,negation,False,16,1.2152860185451466e-08,1.0390928603740167e-16,0.9999999999999941
l0_mean,negation,False,17,1.2050598635768267e-08,1.0216793166284772e-16,0.9999999999999942
l0_mean,negation,False,18,1.197231945621561e-08,1.0084490260295116e-16,0.9999999999999943
l0_mean,negation,False,19,1.1836704045446754e-08,9.857321825775101e-17,0.9999999999999946
l0_mean,negation,False,20,1.1701225819261886e-08,9.632967150563671e-17,0.9999999999999947
l0_mean,negation,False,21,1.1661335097383823e-08,9.567399488242122e-17,0.9999999999999949
l0_mean,negation,False,22,1.1614061197226219e-08,9.489986135758516e-17,0.999999999999995
l0_mean,negation,False,23,1.1554613940953994e-08,9.39308466409147e-17,0.9999999999999951
l0_mean,negation,False,24,1.1524620175637902e-08,9.344382334047468e-17,0.999999999999995
l0_mean,negation,False,25,1.1428734125518264e-08,9.189536706308368e-17,0.9999999999999951
l0_mean,negation,False,26,1.1399844174253373e-08,9.143136166539451e-17,0.9999999999999953
l0_mean,negation,False,27,1.1312625339258418e-08,9.00376530121052e-17,0.9999999999999954
l0_mean,negation,False,28,1.1280770911014955e-08,8.953130548741383e-17,0.9999999999999957
l0_mean,negation,False,29,1.1197243936250582e-08,8.82103686136693e-17,0.9999999999999958
l0_mean,negation,False,30,1.1158410369289566e-08,8.759957846118344e-17,0.9999999999999959
l0_mean,negation,False,31,1.1130136052253929e-08,8.715620343472078e-17,0.9999999999999961
l0_mean,negation,False,32,1.108613394100276e-08,8.646843535267051e-17,0.9999999999999958
l0_mean,negation,False,33,1.0986420459791745e-08,8.491996165698239e-17,0.9999999999999959
l0_mean,negation,False,34,1.096481422133555e-08,8.4586277585911e-17,0.9999999999999961
l0_mean,negation,False,35,1.0957884455612935e-08,8.447939426849756e-17,0.9999999999999962
l0_mean,negation,False,36,1.0915347553425677e-08,8.382479400489203e-17,0.9999999999999964
l0_mean,negation,False,37,1.0898997655575696e-08,8.357386285145953e-17,0.9999999999999966
l0_mean,negation,False,38,1.0832282226416026e-08,8.255384224138212e-17,0.9999999999999967
l0_mean,negation,False,39,1.0755352433380029e-08,8.13854276243018e-17,0.9999999999999969
l0_mean,negation,False,40,1.074147660117471e-08,8.117556707769102e-17,0.9999999999999966
l0_mean,negation,False,41,1.068899331369758e-08,8.038425083058217e-17,0.9999999999999967
l0_mean,negation,False,42,1.0629806168411666e-08,7.94965073408067e-17,0.9999999999999969
l0_mean,negation,False,43,1.0597113554093179e-08,7.900826663333764e-17,0.999999999999997
l0_mean,negation,False,44,1.0547440939616958e-08,7.82693202697902e-17,0.9999999999999972
l0_mean,negation,False,45,1.0530656607440437e-08,7.802041572084247e-17,0.9999999999999972
l0_mean,negation,False,46,1.0463294616978686e-08,7.702545381514708e-17,0.9999999999999972
l0_mean,negation,False,47,1.0442575291331556e-08,7.672070556709145e-17,0.9999999999999972
l0_mean,negation,False,48,1.0404400969443222e-08,7.616080389976239e-17,0.9999999999999972
l0_mean,negation,False,49,1.036849619136114e-08,7.563606087345895e-17,0.9999999999999972
l0_mean,negation,False,50,1.03161065534789e-08,7.487364849494142e-17,0.9999999999999972
l0_mean,negation,False,51,1.026033169414786e-08,7.406621633644627e-17,0.9999999999999972
l0_mean,negation,False,52,1.025541657752768e-08,7.39952718668545e-17,0.9999999999999972
l0_mean,negation,False,53,1.021045635979252e-08,7.33478966984421e-17,0.9999999999999972
l0_mean,negation,False,54,1.0188896079426156e-08,7.303846261885393e-17,0.9999999999999972
l0_mean,negation,False,55,1.0121349279464011e-08,7.207326263318398e-17,0.9999999999999972
l0_mean,negation,False,56,1.0088823045172204e-08,7.161077389672151e-17,0.9999999999999978
l0_mean,negation,False,57,1.0048216055324287e-08,7.103547469951506e-17,0.9999999999999978
l0_mean,negation,False,58,1.0005239376507207e-08,7.042913022315618e-17,0.9999999999999978
l0_mean,negation,False,59,9.982326496386572e-09,7.010692175610342e-17,0.9999999999999978
l0_mean,negation,False,60,9.943026090151507e-09,6.955598669372686e-17,0.9999999999999978
l0_mean,negation,False,61,9.914120233464575e-09,6.915215533616117e-17,0.9999999999999978
l0_mean,negation,False,62,9.89942797598156e-09,6.894734675711015e-17,0.9999999999999978
l0_mean,negation,False,63,9.876372554487133e-09,6.862656881498017e-17,0.9999999999999978
l0_mean,negation,False,64,9.842907560586316e-09,6.816228968259419e-17,0.9999999999999983
l0_mean,negation,False,65,9.764972760251935e-09,6.708716351498794e-17,0.9999999999999983
l0_mean,negation,False,66,9.724247165254359e-09,6.652874571641838e-17,0.9999999999999983
l0_mean,negation,False,67,9.650611366721806e-09,6.552499724086257e-17,0.9999999999999983
l0_mean,negation,False,68,9.640528795553609e-09,6.538815299190595e-17,0.9999999999999983
l0_mean,negation,False,69,9.604966395960084e-09,6.490662947156341e-17,0.9999999999999983
l0_mean,negation,False,70,9.578164126483105e-09,6.454489623941581e-17,0.9999999999999983
l0_mean,negation,False,71,9.473742627869288e-09,6.314522600556469e-17,0.9999999999999983
l0_mean,negation,False,72,9.41386242810894e-09,6.234951110416253e-17,0.9999999999999986
l0_mean,negation,False,73,9.410693443855657e-09,6.230754079410389e-17,0.9999999999999986
l0_mean,negation,False,74,9.358634242659164e-09,6.162008690336484e-17,0.9999999999999986
l0_mean,negation,False,75,9.331329648448877e-09,6.126104796863885e-17,0.9999999999999986
l0_mean,negation,False,76,9.283644934585826e-09,6.06365385591717e-17,0.9999999999999986
l0_mean,negation,False,77,9.240416049716232e-09,6.007315055907559e-17,0.9999999999999986
l0_mean,negation,False,78,9.202418972817417e-09,5.958011842394695e-17,0.9999999999999986
l0_mean,negation,False,79,9.158014457323786e-09,5.900652069551734e-17,0.9999999999999986
l0_mean,negation,False,80,9.131540371959142e-09,5.866586044814813e-17,0.9999999999999991
l0_mean,negation,False,81,9.086268454443323e-09,5.808560077669186e-17,0.9999999999999991
l0_mean,negation,False,82,9.007382887964284e-09,5.708139868030033e-17,0.9999999999999991
l0_mean,negation,False,83,9.002897590267254e-09,5.702456456458116e-17,0.9999999999999991
l0_mean,negation,False,84,8.95285511831835e-09,5.639238605579946e-17,0.9999999999999991
l0_mean,negation,False,85,8.898545746640645e-09,5.571029172716665e-17,0.9999999999999991
l0_mean,negation,False,86,8.828764746609376e-09,5.483997486450724e-17,0.9999999999999991
l0_mean,negation,False,87,8.773627110935156e-09,5.4157137650038545e-17,0.9999999999999991
l0_mean,negation,False,88,8.744602084194463e-09,5.379940367337646e-17,0.9999999999999993
l0_mean,negation,False,89,8.686091027494906e-09,5.308185732954073e-17,0.9999999999999993
l0_mean,negation,False,90,8.63714231636401e-09,5.2485278862297545e-17,0.9999999999999993
l0_mean,negation,False,91,8.614178608531532e-09,5.220656297508831e-17,0.9999999999999993
l0_mean,negation,False,92,8.529675459200714e-09,5.1187317683576655e-17,0.9999999999999993
l0_mean,negation,False,93,8.515241150539463e-09,5.1014221207500076e-17,0.9999999999999993
l0_mean,negation,False,94,8.389249127148776e-09,4.9515770406052197e-17,0.9999999999999993
l0_mean,negation,False,95,8.346053976776912e-09,4.9007182614945405e-17,0.9999999999999993
l0_mean,negation,False,96,8.240731051769407e-09,4.777809601011723e-17,1.0
l0_mean,negation,True,1,0.08290392783615107,0.9999999999980486,0.9999999999980486
l0_mean,negation,True,2,4.654223355406099e-08,3.151695329338106e-13,0.9999999999983638
l0_mean,negation,True,3,2.1621147220898797e-08,6.801539955749103e-14,0.9999999999984317
l0_mean,negation,True,4,1.839429375967763e-08,4.9228434110648805e-14,0.999999999998481
l0_mean,negation,True,5,1.7672853391134832e-08,4.544259618723245e-14,0.9999999999985264
l0_mean,negation,True,6,1.6740430334754393e-08,4.077397211689861e-14,0.9999999999985671
l0_mean,negation,True,7,1.500217178266022e-08,3.2745984647574304e-14,0.9999999999985998
l0_mean,negation,True,8,1.4444448049643796e-08,3.0356499360217854e-14,0.9999999999986302
l0_mean,negation,True,9,1.3517271652498381e-08,2.6584461605007178e-14,0.9999999999986569
l0_mean,negation,True,10,1.3418705809019025e-08,2.6198175604984325e-14,0.9999999999986832
l0_mean,negation,True,11,1.2865198165980116e-08,2.4081456255562894e-14,0.9999999999987073
l0_mean,negation,True,12,1.274636903930857e-08,2.363865499820539e-14,0.9999999999987308
l0_mean,negation,True,13,1.2542779615752088e-08,2.2889556014632062e-14,0.9999999999987537
l0_mean,negation,True,14,1.2436158770917427e-08,2.2502061211847056e-14,0.9999999999987761
l0_mean,negation,True,15,1.2174768142964962e-08,2.1566078626229914e-14,0.9999999999987977
l0_mean,negation,True,16,1.2152797538397052e-08,2.1488312503363983e-14,0.9999999999988193
l0_mean,negation,True,17,1.2035375329579036e-08,2.1075071797099252e-14,0.9999999999988404
l0_mean,negation,True,18,1.19493478361988e-08,2.0774864140261032e-14,0.9999999999988612
l0_mean,negation,True,19,1.1828732795253388e-08,2.0357583678998712e-14,0.9999999999988816
l0_mean,negation,True,20,1.1700300002254916e-08,1.9917910687805772e-14,0.9999999999989014
l0_mean,negation,True,21,1.1661327893506334e-08,1.9785443964508624e-14,0.9999999999989213
l0_mean,negation,True,22,1.1564516519155254e-08,1.9458293392726186e-14,0.9999999999989407
l0_mean,negation,True,23,1.1528531567415417e-08,1.9337386246607073e-14,0.99999999999896
l0_mean,negation,True,24,1.15101383642642e-08,1.9275731778396772e-14,0.9999999999989793
l0_mean,negation,True,25,1.1423710251045774e-08,1.8987340740929507e-14,0.9999999999989982
l0_mean,negation,True,26,1.1392906492209924e-08,1.8885080985927294e-14,0.9999999999990172
l0_mean,negation,True,27,1.1311743585516201e-08,1.8616965319768915e-14,0.9999999999990359
l0_mean,negation,True,28,1.1214265444396978e-08,1.829748708336369e-14,0.9999999999990542
l0_mean,negation,True,29,1.1189149903031418e-08,1.82156205199262e-14,0.9999999999990723
l0_mean,negation,True,30,1.1145623228582475e-08,1.8074175774486854e-14,0.9999999999990904
l0_mean,negation,True,31,1.1105325071265142e-08,1.794371393479948e-14,0.9999999999991083
l0_mean,negation,True,32,1.1082582188806201e-08,1.7870294398959304e-14,0.999999999999126
l0_mean,negation,True,33,1.0980578572590549e-08,1.7542853379488002e-14,0.9999999999991436
l0_mean,negation,True,34,1.0964762922394097e-08,1.749235479787093e-14,0.9999999999991611
l0_mean,negation,True,35,1.0953804695560269e-08,1.745740841414613e-14,0.9999999999991785
l0_mean,negation,True,36,1.0906956560432314e-08,1.730840117269021e-14,0.9999999999991959
l0_mean,negation,True,37,1.0868845644584274e-08,1.7187655010959518e-14,0.9999999999992131
l0_mean,negation,True,38,1.076684010829962e-08,1.6866552135891676e-14,0.99999999999923
l0_mean,negation,True,39,1.0748390999829353e-08,1.6808799583135402e-14,0.9999999999992467
l0_mean,negation,True,40,1.0712820907647035e-08,1.6697731565835512e-14,0.9999999999992635
l0_mean,negation,True,41,1.0655401058072634e-08,1.6519214301665413e-14,0.99999999999928
l0_mean,negation,True,42,1.0620756226151535e-08,1.6411968219293252e-14,0.9999999999992965
l0_mean,negation,True,43,1.055732631450241e-08,1.621652053514529e-14,0.9999999999993128
l0_mean,negation,True,44,1.0544313785686868e-08,1.6176569530804693e-14,0.9999999999993289
l0_mean,negation,True,45,1.052760233308506e-08,1.6125334380323014e-14,0.9999999999993451
l0_mean,negation,True,46,1.0461776943999505e-08,1.5924312738410155e-14,0.999999999999361
l0_mean,negation,True,47,1.0442559947671284e-08,1.5865864464687632e-14,0.9999999999993768
l0_mean,negation,True,48,1.039743365694192e-08,1.5729035826632433e-14,0.9999999999993925
l0_mean,negation,True,49,1.0366744175263249e-08,1.563631995638007e-14,0.9999999999994081
l0_mean,negation,True,50,1.0312249509292842e-08,1.5472361741496804e-14,0.9999999999994237
l0_mean,negation,True,51,1.0256470097957673e-08,1.5305433057208144e-14,0.9999999999994389
l0_mean,negation,True,52,1.025318078802081e-08,1.5295617547641107e-14,0.9999999999994542
l0_mean,negation,True,53,1.0209048333937136e-08,1.5164228003122537e-14,0.9999999999994693
l0_mean,negation,True,54,1.0139993326477532e-08,1.4959777151834446e-14,0.9999999999994844
l0_mean,negation,True,55,1.0121128530931573e-08,1.4904165553533293e-14,0.9999999999994993
l0_mean,negation,True,56,1.0084801055847953e-08,1.4797367377752013e-14,0.9999999999995142
l0_mean,negation,True,57,1.0047781178888163e-08,1.468892869373191e-14,0.9999999999995288
l0_mean,negation,True,58,1.000198323903755e-08,1.4555329141604983e-14,0.9999999999995433
l0_mean,negation,True,59,9.95878621061071e-09,1.4429876174740568e-14,0.9999999999995577
l0_mean,negation,True,60,9.925196294579122e-09,1.4332699490529107e-14,0.9999999999995721
l0_mean,negation,True,61,9.903576594121159e-09,1.4270326682450237e-14,0.9999999999995863
l0_mean,negation,True,62,9.876509873565957e-09,1.4192430959794476e-14,0.9999999999996004
l0_mean,negation,True,63,9.847282357899332e-09,1.4108556042137694e-14,0.9999999999996146
l0_mean,negation,True,64,9.8135194206969e-09,1.4011975145854395e-14,0.9999999999996285
l0_mean,negation,True,65,9.744994041577378e-09,1.3816974039195416e-14,0.9999999999996423
l0_mean,negation,True,66,9.722593787237784e-09,1.3753526486083474e-14,0.9999999999996559
l0_mean,negation,True,67,9.641057349298937e-09,1.352381179541218e-14,0.9999999999996695
l0_mean,negation,True,68,9.629489703665484e-09,1.349137866971443e-14,0.999999999999683
l0_mean,negation,True,69,9.601373574876842e-09,1.3412709586327e-14,0.9999999999996964
l0_mean,negation,True,70,9.503530573634728e-09,1.3140737448707877e-14,0.9999999999997095
l0_mean,negation,True,71,9.47240373916646e-09,1.3054798920780852e-14,0.9999999999997224
l0_mean,negation,True,72,9.41147876741281e-09,1.2887406260312484e-14,0.9999999999997355
l0_mean,negation,True,73,9.363107090604896e-09,1.275527326073573e-14,0.9999999999997482
l0_mean,negation,True,74,9.33234990956592e-09,1.2671610459752519e-14,0.9999999999997609
l0_mean,negation,True,75,9.283897552435559e-09,1.2540373295182297e-14,0.9999999999997734
l0_mean,negation,True,76,9.26859108895967e-09,1.2499056481695664e-14,0.9999999999997858
l0_mean,negation,True,77,9.233084123266722e-09,1.2403474859029627e-14,0.9999999999997982
l0_mean,negation,True,78,9.160833491597011e-09,1.2210115289242003e-14,0.9999999999998105
l0_mean,negation,True,79,9.134124026499294e-09,1.213901909040545e-14,0.9999999999998226
l0_mean,negation,True,80,9.087142426497136e-09,1.2014465529655015e-14,0.9999999999998348
l0_mean,negation,True,81,9.070390828727986e-09,1.1970210476123867e-14,0.9999999999998468
l0_mean,negation,True,82,9.007380532606361e-09,1.1804478543124608e-14,0.9999999999998587
l0_mean,negation,True,83,8.991100373965196e-09,1.1761845702564633e-14,0.9999999999998704
l0_mean,negation,True,84,8.931842958920763e-09,1.1607319611037318e-14,0.999999999999882
l0_mean,negation,True,85,8.84951660686831e-09,1.1394332353366568e-14,0.9999999999998934
l0_mean,negation,True,86,8.804449105893715e-09,1.1278573146813997e-14,0.9999999999999046
l0_mean,negation,True,87,8.74487008991556e-09,1.1126447168208735e-14,0.9999999999999157
l0_mean,negation,True,88,8.729492536244682e-09,1.1087350623110761e-14,0.999999999999927
l0_mean,negation,True,89,8.641447233048305e-09,1.0864825375188205e-14,0.9999999999999378
l0_mean,negation,True,90,8.614470929904275e-09,1.0797097056988412e-14,0.9999999999999486
l0_mean,negation,True,91,8.540301789432362e-09,1.0611975071139787e-14,0.9999999999999593
l0_mean,negation,True,92,8.519835980266217e-09,1.0561175360325558e-14,0.9999999999999698
l0_mean,negation,True,93,8.429177848904977e-09,1.033761181765852e-14,0.9999999999999802
l0_mean,negation,True,94,8.346646031493881e-09,1.013616748551587e-14,0.9999999999999902
l0_mean,negation,True,95,8.247304414590767e-09,9.896322413865698e-15,1.0000000000000002
l0_mean,negation,True,96,5.161581616394373e-17,3.8762821704932793e-31,1.0
l0_mean,time,False,1,0.7739020050685155,0.999999999999979,0.999999999999979
l0_mean,time,False,2,3.7514623156752113e-08,2.3497909819163996e-15,0.9999999999999815
l0_mean,time,False,3,2.1298208593398153e-08,7.573806557887617e-16,0.9999999999999822
l0_mean,time,False,4,1.854120212380664e-08,5.739893480298303e-16,0.9999999999999828
l0_mean,time,False,5,1.7434566327796954e-08,5.07516719913882e-16,0.9999999999999833
l0_mean,time,False,6,1.6613683139923666e-08,4.608503299595131e-16,0.9999999999999837
l0_mean,time,False,7,1.5867219595063965e-08,4.203680699287332e-16,0.999999999999984
l0_mean,time,False,8,1.4069395847278238e-08,3.3050570007330165e-16,0.9999999999999845
l0_mean,time,False,9,1.3521770067274452e-08,3.052777482004556e-16,0.9999999999999848
l0_mean,time,False,10,1.3186142307302723e-08,2.9031105440874893e-16,0.9999999999999851
l0_mean,time,False,11,1.2989916685801805e-08,2.8173499007302824e-16,0.9999999999999856
l0_mean,time,False,12,1.2736930100429635e-08,2.7086792895246646e-16,0.9999999999999857
l0_mean,time,False,13,1.2513995163251142e-08,2.6146888918909565e-16,0.9999999999999859
l0_mean,time,False,14,1.223474478231516e-08,2.4992970985993233e-16,0.9999999999999861
l0_mean,time,False,15,1.2127419339737998e-08,2.4556408303894153e-16,0.9999999999999862
l0_mean,time,False,16,1.198465840080262e-08,2.3981667425852466e-16,0.9999999999999867
l0_mean,time,False,17,1.1932772525146193e-08,2.37744664792256e-16,0.9999999999999868
l0_mean,time,False,18,1.1829691142489733e-08,2.336548865762443e-16,0.999999999999987
l0_mean,time,False,19,1.1712494892110718e-08,2.2904820111194655e-16,0.9999999999999872
l0_mean,time,False,20,1.1663440530888166e-08,2.2713361598924335e-16,0.9999999999999873
l0_mean,time,False,21,1.1618404035157294e-08,2.253829228384389e-16,0.9999999999999876
l0_mean,time,False,22,1.1533862220200758e-08,2.221148394335208e-16,0.9999999999999878
l0_mean,time,False,23,1.1472089650434999e-08,2.197420241461058e-16,0.9999999999999879
l0_mean,time,False,24,1.136727396943323e-08,2.15744985793e-16,0.9999999999999885
l0_mean,time,False,25,1.1334015727168563e-08,2.1448438411847115e-16,0.9999999999999887
l0_mean,time,False,26,1.1292471466318859e-08,2.1291490252460252e-16,0.9999999999999889
l0_mean,time,False,27,1.1245526357301506e-08,2.1114832076943942e-16,0.999999999999989
l0_mean,time,False,28,1.1196382647142674e-08,2.0930688831001222e-16,0.9999999999999892
l0_mean,time,False,29,1.112797218348832e-08,2.0675695097994655e-16,0.9999999999999895
l0_mean,time,False,30,1.1094395419241254e-08,2.0551112545366e-16,0.9999999999999896
l0_mean,time,False,31,1.1087935347291164e-08,2.0527186408197307e-16,0.9999999999999898
l0_mean,time,False,32,1.1013999997784764e-08,2.025434486915617e-16,0.9999999999999902
l0_mean,time,False,33,1.1011449195571276e-08,2.0244964290793615e-16,0.9999999999999903
l0_mean,time,False,34,1.0887412650169605e-08,1.9791441347981062e-16,0.9999999999999906
l0_mean,time,False,35,1.0866498968114174e-08,1.9715479430785421e-16,0.9999999999999908
l0_mean,time,False,36,1.0804874627857307e-08,1.949249898562349e-16,0.9999999999999909
l0_mean,time,False,37,1.0761246244343836e-08,1.9335401507497772e-16,0.9999999999999911
l0_mean,time,False,38,1.0738074557989259e-08,1.9252223131318785e-16,0.9999999999999913
l0_mean,time,False,39,1.0708039422462827e-08,1.9144674159695188e-16,0.9999999999999915
l0_mean,time,False,40,1.0642021477237552e-08,1.890933772078594e-16,0.9999999999999917
l0_mean,time,False,41,1.0613173451198838e-08,1.8806959105828342e-16,0.9999999999999919
l0_mean,time,False,42,1.0562584464855849e-08,1.8628095081783541e-16,0.999999999999992
l0_mean,time,False,43,1.046793324041978e-08,1.8295738520757405e-16,0.9999999999999922
l0_mean,time,False,44,1.043403418679931e-08,1.8177433603311625e-16,0.9999999999999925
l0_mean,time,False,45,1.0370341634768809e-08,1.7956189656501983e-16,0.9999999999999926
l0_mean,time,False,46,1.0354205094464415e-08,1.790035247038731e-16,0.9999999999999928
l0_mean,time,False,47,1.026268485458091e-08,1.7585310540811536e-16,0.999999999999993
l0_mean,time,False,48,1.0213060725581002e-08,1.741565787899392e-16,0.9999999999999931
l0_mean,time,False,49,1.0195994301356812e-08,1.7357502018013973e-16,0.9999999999999933
l0_mean,time,False,50,1.0176175581027954e-08,1.7290089437104398e-16,0.9999999999999936
l0_mean,time,False,51,1.0136588926953184e-08,1.7155829671083381e-16,0.9999999999999937
l0_mean,time,False,52,1.0115408075960002e-08,1.7084208846681912e-16,0.9999999999999939
l0_mean,time,False,53,1.0053338373490394e-08,1.6875189432510347e-16,0.9999999999999941
l0_mean,time,False,54,1.0006889931465919e-08,1.6719616127086383e-16,0.9999999999999942
l0_mean,time,False,55,9.98174708930144e-09,1.6635703830589017e-16,0.9999999999999944
l0_mean,time,False,56,9.950286426920765e-09,1.6531003626751413e-16,0.9999999999999944
l0_mean,time,False,57,9.904332163162154e-09,1.637866311242817e-16,0.9999999999999947
l0_mean,time,False,58,9.847437813987923e-09,1.6191032710279766e-16,0.9999999999999948
l0_mean,time,False,59,9.800553987357889e-09,1.6037228127537454e-16,0.999999999999995
l0_mean,time,False,60,9.736765080895993e-09,1.5829144369610832e-16,0.9999999999999952
l0_mean,time,False,61,9.71175054378677e-09,1.5747916140118643e-16,0.9999999999999953
l0_mean,time,False,62,9.69886149914975e-09,1.5706143876172212e-16,0.9999999999999956
l0_mean,time,False,63,9.63842631429684e-09,1.5511018626233777e-16,0.9999999999999958
l0_mean,time,False,64,9.581254692031557e-09,1.5327552983267115e-16,0.9999999999999959
l0_mean,time,False,65,9.55989336615092e-09,1.5259283872760366e-16,0.9999999999999961
l0_mean,time,False,66,9.531555112845125e-09,1.5168952208003473e-16,0.9999999999999963
l0_mean,time,False,67,9.488544866416785e-09,1.503236413354567e-16,0.9999999999999964
l0_mean,time,False,68,9.456402509659117e-09,1.4930692646240313e-16,0.9999999999999967
l0_mean,time,False,69,9.420456576101037e-09,1.481739847747058e-16,0.9999999999999969
l0_mean,time,False,70,9.375614493918785e-09,1.4676670351278567e-16,0.999999999999997
l0_mean,time,False,71,9.34657406650767e-09,1.4585890874530457e-16,0.9999999999999972
l0_mean,time,False,72,9.337281673902655e-09,1.4556902616913142e-16,0.9999999999999969
l0_mean,time,False,73,9.31585118246225e-09,1.449015865694381e-16,0.999999999999997
l0_mean,time,False,74,9.281180389132139e-09,1.4382503344963038e-16,0.9999999999999972
l0_mean,time,False,75,9.171679481247569e-09,1.4045131015354796e-16,0.9999999999999974
l0_mean,time,False,76,9.126715512684287e-09,1.3907756652886938e-16,0.9999999999999976
l0_mean,time,False,77,9.079481730495217e-09,1.3764174644982915e-16,0.9999999999999978
l0_mean,time,False,78,9.00888082557924e-09,1.35509499125367e-16,0.999999999999998
l0_mean,time,False,79,9.002600611665756e-09,1.353206339319117e-16,0.9999999999999981
l0_mean,time,False,80,8.990218894091492e-09,1.3494866371049584e-16,0.9999999999999981
l0_mean,time,False,81,8.938654600731021e-09,1.3340508020294737e-16,0.9999999999999983
l0_mean,time,False,82,8.857350209679203e-09,1.3098926020403418e-16,0.9999999999999986
l0_mean,time,False,83,8.821834382138932e-09,1.2994089590003767e-16,0.9999999999999987
l0_mean,time,False,84,8.806179180953151e-09,1.2948011965062042e-16,0.9999999999999989
l0_mean,time,False,85,8.78250962254977e-09,1.2878501262703686e-16,0.9999999999999991
l0_mean,time,False,86,8.724140213753272e-09,1.2707886582683822e-16,0.9999999999999992
l0_mean,time,False,87,8.721402406407282e-09,1.2699911863062706e-16,0.9999999999999994
l0_mean,time,False,88,8.606852065422171e-09,1.2368491445849407e-16,0.9999999999999992
l0_mean,time,False,89,8.575589125069124e-09,1.2278801710102234e-16,0.9999999999999994
l0_mean,time,False,90,8.529310499693385e-09,1.2146632882748172e-16,0.9999999999999997
l0_mean,time,False,91,8.4557498421689e-09,1.1938020178474198e-16,0.9999999999999998
l0_mean,time,False,92,8.437078265021386e-09,1.188535647186548e-16,1.0
l0_mean,time,False,93,8.374385088153438e-09,1.1709380305638394e-16,1.0000000000000002
l0_mean,time,False,94,8.21282303744502e-09,1.1261934226038413e-16,1.0000000000000004
l0_mean,time,False,95,8.162575264550877e-09,1.1124550039680818e-16,1.0000000000000007
l0_mean,time,False,96,8.138599564467887e-09,1.105929436881813e-16,1.0
l0_mean,time,True,1,0.05381579466928186,0.9999999999957198,0.9999999999957198
l0_mean,time,True,2,3.744883008152866e-08,4.842359114814272e-13,0.9999999999962039
l0_mean,time,True,3,2.1148227495133448e-08,1.5442884801225098e-13,0.9999999999963584
l0_mean,time,True,4,1.847135602875527e-08,1.1780888434203295e-13,0.9999999999964763
l0_mean,time,True,5,1.7427240468582615e-08,1.0486673156266924e-13,0.9999999999965811
l0_mean,time,True,6,1.6111861205171048e-08,8.963382066282287e-14,0.9999999999966708
l0_mean,time,True,7,1.586720258196333e-08,8.693230955594461e-14,0.9999999999967577
l0_mean,time,True,8,1.406782029572043e-08,6.833356970070394e-14,0.999999999996826
l0_mean,time,True,9,1.3519849492156956e-08,6.311378099702797e-14,0.999999999996889
l0_mean,time,True,10,1.3140894508865768e-08,5.962526778668979e-14,0.9999999999969487
l0_mean,time,True,11,1.298947042179976e-08,5.825904688997073e-14,0.999999999997007
l0_mean,time,True,12,1.2718147056465133e-08,5.585064195207653e-14,0.9999999999970628
l0_mean,time,True,13,1.250713420060629e-08,5.4012726973334277e-14,0.9999999999971169
l0_mean,time,True,14,1.2229941084971254e-08,5.164511092298938e-14,0.9999999999971685
l0_mean,time,True,15,1.2125354524793827e-08,5.0765582721789264e-14,0.9999999999972192
l0_mean,time,True,16,1.1984600936662757e-08,4.959382892987765e-14,0.9999999999972689
l0_mean,time,True,17,1.1891354301529107e-08,4.8825097903680264e-14,0.9999999999973176
l0_mean,time,True,18,1.1792024003068653e-08,4.8012817684551986e-14,0.9999999999973657
l0_mean,time,True,19,1.1696179737278073e-08,4.72355038005628e-14,0.9999999999974128
l0_mean,time,True,20,1.1662135052413713e-08,4.696092227722371e-14,0.9999999999974599
l0_mean,time,True,21,1.155168218174655e-08,4.6075594575950467e-14,0.999999999997506
l0_mean,time,True,22,1.1533395309748913e-08,4.592983025077151e-14,0.999999999997552
l0_mean,time,True,23,1.1465826948893992e-08,4.5393247116000695e-14,0.9999999999975974
l0_mean,time,True,24,1.1364143908141464e-08,4.45916901979318e-14,0.9999999999976418
l0_mean,time,True,25,1.1294715036359205e-08,4.404849161465008e-14,0.9999999999976859
l0_mean,time,True,26,1.1290902299018893e-08,4.40187578884398e-14,0.9999999999977299
l0_mean,time,True,27,1.1241142645705293e-08,4.3631626451632464e-14,0.9999999999977734
l0_mean,time,True,28,1.1196345400304984e-08,4.328456527956146e-14,0.9999999999978167
l0_mean,time,True,29,1.1095243871954957e-08,4.250638676100541e-14,0.9999999999978593
l0_mean,time,True,30,1.1087935572096009e-08,4.245040834115472e-14,0.9999999999979017
l0_mean,time,True,31,1.10639706063324e-08,4.226710583578236e-14,0.9999999999979439
l0_mean,time,True,32,1.1013570339080086e-08,4.1882899941831153e-14,0.9999999999979859
l0_mean,time,True,33,1.0938787127142676e-08,4.131605305622121e-14,0.9999999999980272
l0_mean,time,True,34,1.0887024809718419e-08,4.0925963246771617e-14,0.9999999999980681
l0_mean,time,True,35,1.0855096686264929e-08,4.0686270000666806e-14,0.9999999999981088
l0_mean,time,True,36,1.0799487600094144e-08,4.0270478034440024e-14,0.9999999999981491
l0_mean,time,True,37,1.0758772723687343e-08,3.9967404985965526e-14,0.9999999999981891
l0_mean,time,True,38,1.0737745314437432e-08,3.9811329616565584e-14,0.999999999998229
l0_mean,time,True,39,1.0681322866132814e-08,3.939404441315305e-14,0.9999999999982684
l0_mean,time,True,40,1.0640363240066566e-08,3.909249532933101e-14,0.9999999999983072
l0_mean,time,True,41,1.05626216223986e-08,3.8523339666438655e-14,0.9999999999983458
l0_mean,time,True,42,1.0516496190895445e-08,3.8187622647650554e-14,0.999999999998384
l0_mean,time,True,43,1.0466043136983816e-08,3.782209015366223e-14,0.9999999999984218
l0_mean,time,True,44,1.0426402729448675e-08,3.7536128446578014e-14,0.9999999999984595
l0_mean,time,True,45,1.0362813574692877e-08,3.707966957227014e-14,0.9999999999984965
l0_mean,time,True,46,1.0353871599867347e-08,3.701570578153039e-14,0.9999999999985335
l0_mean,time,True,47,1.0236591864870854e-08,3.6181891013551384e-14,0.9999999999985698
l0_mean,time,True,48,1.0196579579493505e-08,3.589959183053337e-14,0.9999999999986054
l0_mean,time,True,49,1.0183902143895321e-08,3.5810379200520606e-14,0.9999999999986412
l0_mean,time,True,50,1.0136851606007142e-08,3.548024927765387e-14,0.9999999999986767
l0_mean,time,True,51,1.0128537499421897e-08,3.542207231824753e-14,0.9999999999987123
l0_mean,time,True,52,1.0080883273160512e-08,3.508953853490829e-14,0.9999999999987472
l0_mean,time,True,53,1.0007573435465348e-08,3.4581040456438074e-14,0.9999999999987819
l0_mean,time,True,54,9.981756325717541e-09,3.440284922130225e-14,0.9999999999988163
l0_mean,time,True,55,9.976181271404263e-09,3.436443029284469e-14,0.9999999999988506
l0_mean,time,True,56,9.934873385418267e-09,3.408043723831416e-14,0.9999999999988847
l0_mean,time,True,57,9.866808776757228e-09,3.361506130317373e-14,0.9999999999989182
l0_mean,time,True,58,9.825016323016136e-09,3.333090039972155e-14,0.9999999999989516
l0_mean,time,True,59,9.793526479242862e-09,3.3117587196640046e-14,0.9999999999989847
l0_mean,time,True,60,9.732198052466692e-09,3.270411199581259e-14,0.9999999999990173
l0_mean,time,True,61,9.706144562942296e-09,3.2529245898736057e-14,0.9999999999990499
l0_mean,time,True,62,9.68255385598759e-09,3.237131391299451e-14,0.9999999999990822
l0_mean,time,True,63,9.637589069020448e-09,3.207135390276766e-14,0.9999999999991143
l0_mean,time,True,64,9.579879990382343e-09,3.168842264714865e-14,0.999999999999146
l0_mean,time,True,65,9.532600466707049e-09,3.137641112545876e-14,0.9999999999991774
l0_mean,time,True,66,9.506804000984093e-09,3.120682354124914e-14,0.9999999999992086
l0_mean,time,True,67,9.45745213600774e-09,3.0883661854613144e-14,0.9999999999992395
l0_mean,time,True,68,9.431659050412248e-09,3.0715435006906025e-14,0.9999999999992701
l0_mean,time,True,69,9.37817212667858e-09,3.036804845431888e-14,0.9999999999993006
l0_mean,time,True,70,9.35452055271165e-09,3.021506631124241e-14,0.9999999999993308
l0_mean,time,True,71,9.343679636596985e-09,3.0145074654474234e-14,0.9999999999993608
l0_mean,time,True,72,9.330056601919529e-09,3.0057236021750504e-14,0.9999999999993912
l0_mean,time,True,73,9.30553572354551e-09,2.989945320346289e-14,0.9999999999994211
l0_mean,time,True,74,9.280379683410166e-09,2.973801484988302e-14,0.9999999999994509
l0_mean,time,True,75,9.14720922897925e-09,2.889067646280041e-14,0.9999999999994797
l0_mean,time,True,76,9.07999826044154e-09,2.846767606490642e-14,0.9999999999995083
l0_mean,time,True,77,9.04122941672438e-09,2.822509832246556e-14,0.9999999999995364
l0_mean,time,True,78,9.003130751021986e-09,2.7987725093344152e-14,0.9999999999995643
l0_mean,time,True,79,8.994825800655029e-09,2.7936114277407564e-14,0.9999999999995924
l0_mean,time,True,80,8.938870475675844e-09,2.758962346971217e-14,0.9999999999996197
l0_mean,time,True,81,8.871187828298374e-09,2.717340326020573e-14,0.999999999999647
l0_mean,time,True,82,8.841001441726216e-09,2.6988789589109504e-14,0.9999999999996738
l0_mean,time,True,83,8.80858332135993e-09,2.6791227865059645e-14,0.9999999999997007
l0_mean,time,True,84,8.803546248429855e-09,2.676059620064625e-14,0.9999999999997274
l0_mean,time,True,85,8.78175745072061e-09,2.662829504902675e-14,0.9999999999997541
l0_mean,time,True,86,8.724135407120557e-09,2.6279995102707567e-14,0.9999999999997803
l0_mean,time,True,87,8.640658125873895e-09,2.5779478596005288e-14,0.999999999999806
l0_mean,time,True,88,8.60672897528638e-09,2.5577420255069027e-14,0.9999999999998318
l0_mean,time,True,89,8.53623790104394e-09,2.5160166167674306e-14,0.999999999999857
l0_mean,time,True,90,8.457589982284606e-09,2.4698679738348525e-14,0.9999999999998817
l0_mean,time,True,91,8.437342093214036e-09,2.4580561574395024e-14,0.9999999999999063
l0_mean,time,True,92,8.374433475103067e-09,2.421538390407006e-14,0.9999999999999305
l0_mean,time,True,93,8.231234307158892e-09,2.3394319311198092e-14,0.9999999999999539
l0_mean,time,True,94,8.18246286612077e-09,2.3117910114344335e-14,0.9999999999999769
l0_mean,time,True,95,8.143273864889047e-09,2.289699904969103e-14,0.9999999999999999
l0_mean,time,True,96,3.36539839900041e-17,3.910690553149766e-31,1.0
l0_mean,emphasis,False,1,0.784461857175133,0.9619316041309283,0.9619316041309283
l0_mean,emphasis,False,2,0.04987164910145927,0.0038878364629778154,0.9658194405939061
l0_mean,emphasis,False,3,0.048156030337454137,0.0036249489005182635,0.9694443894944244
l0_mean,emphasis,False,4,0.04644587862059881,0.0033720569122646683,0.972816446406689
l0_mean,emphasis,False,5,0.044582401443221356,0.0031069012258133897,0.9759233476325024
l0_mean,emphasis,False,6,0.04152620898035864,0.0026955357775148457,0.9786188834100172
l0_mean,emphasis,False,7,0.03757763392339683,0.0022072899842018527,0.9808261733942191
l0_mean,emphasis,False,8,0.0324291885031427,0.001643889768574092,0.9824700631627933
l0_mean,emphasis,False,9,0.031084731677001175,0.001510409734290118,0.9839804728970835
l0_mean,emphasis,False,10,0.02472848315172329,0.0009558626347683424,0.9849363355318518
l0_mean,emphasis,False,11,0.022515408078983914,0.0007924286620582826,0.98572876419391
l0_mean,emphasis,False,12,0.02211286135939568,0.0007643467374928746,0.9864931109314029
l0_mean,emphasis,False,13,0.021471976079252553,0.0007206834674968134,0.9872137943988997
l0_mean,emphasis,False,14,0.021009323542545557,0.000689961199561909,0.9879037555984616
l0_mean,emphasis,False,15,0.02032436507872362,0.0006457055285399362,0.9885494611270015
l0_mean,emphasis,False,16,0.019270051866507938,0.0005804519804211675,0.9891299131074227
l0_mean,emphasis,False,17,0.019198588187194825,0.0005761547094901867,0.989706067816913
l0_mean,emphasis,False,18,0.018809778786798275,0.0005530544692155746,0.9902591222861286
l0_mean,emphasis,False,19,0.018075408048549298,0.0005107128091276464,0.9907698350952562
l0_mean,emphasis,False,20,0.017838851672794247,0.0004974326858381927,0.9912672677810944
l0_mean,emphasis,False,21,0.017555802916411675,0.00048177240811503346,0.9917490401892095
l0_mean,emphasis,False,22,0.017240710283456747,0.00046463384110756055,0.992213674030317
l0_mean,emphasis,False,23,0.01692902015490061,0.00044798572366499525,0.992661659753982
l0_mean,emphasis,False,24,0.016748400703002157,0.00043847740180385765,0.9931001371557859
l0_mean,emphasis,False,25,0.016564736797456497,0.00042891339486178753,0.9935290505506477
l0_mean,emphasis,False,26,0.016253135602132967,0.0004129284895810877,0.9939419790402287
l0_mean,emphasis,False,27,0.015900115230345655,0.00039518556581243834,0.9943371646060413
l0_mean,emphasis,False,28,0.01575618999831388,0.00038806363593780953,0.9947252282419791
l0_mean,emphasis,False,29,0.015282713724509893,0.00036509130177508567,0.995090319543754
l0_mean,emphasis,False,30,0.01501353963549187,0.00035234386971305117,0.995442663413467
l0_mean,emphasis,False,31,0.014751242444294729,0.00034014001925373403,0.9957828034327207
l0_mean,emphasis,False,32,0.014342389562816265,0.00032154633146554883,0.9961043497641862
l0_mean,emphasis,False,33,0.014212664987722513,0.0003157559685925906,0.9964201057327787
l0_mean,emphasis,False,34,0.014031920554261465,0.0003077760094589691,0.9967278817422376
l0_mean,emphasis,False,35,0.013870228387567516,0.0003007237681637758,0.9970286055104014
l0_mean,emphasis,False,36,0.013396311313869445,0.0002805246266421151,0.9973091301370435
l0_mean,emphasis,False,37,0.013168931495620621,0.00027108257796847626,0.997580212715012
l0_mean,emphasis,False,38,0.012946771974626662,0.0002620134153506453,0.9978422261303626
l0_mean,emphasis,False,39,0.012638752586778178,0.0002496944875767262,0.9980919206179393
l0_mean,emphasis,False,40,0.012487302284046825,0.00024374615859651424,0.9983356667765362
l0_mean,emphasis,False,41,0.01199544490122873,0.00022492268051514815,0.9985605894570513
l0_mean,emphasis,False,42,0.011394631099266521,0.0002029556140616735,0.9987635450711129
l0_mean,emphasis,False,43,0.010956799401528116,0.00018765837500958239,0.9989512034461224
l0_mean,emphasis,False,44,0.010562274845724895,0.00017438754293867467,0.9991255909890612
l0_mean,emphasis,False,45,0.010302351884632651,0.00016591027723301564,0.9992915012662942
l0_mean,emphasis,False,46,0.009947660625055019,0.0001546829517657681,0.9994461842180599
l0_mean,emphasis,False,47,0.009818065936237377,0.0001506788923218014,0.9995968631103818
l0_mean,emphasis,False,48,0.009353194375167156,0.0001367478319936792,0.9997336109423752
l0_mean,emphasis,False,49,0.00871476783720528,0.00011871679787840681,0.9998523277402536
l0_mean,emphasis,False,50,0.008093295669912093,0.00010238853837652442,0.9999547162786302
l0_mean,emphasis,False,51,0.00538233580089468,4.528372136061e-05,0.9999999999999908
l0_mean,emphasis,False,52,3.034088216980916e-08,1.4389872232324852e-15,0.9999999999999922
l0_mean,emphasis,False,53,1.5429354497689778e-08,3.7213116685283693e-16,0.9999999999999926
l0_mean,emphasis,False,54,1.3828303504137015e-08,2.9890854867936976e-16,0.9999999999999929
l0_mean,emphasis,False,55,1.3455282067740496e-08,2.829998094043208e-16,0.9999999999999932
l0_mean,emphasis,False,56,1.3026384920661687e-08,2.6524569526974843e-16,0.9999999999999936
l0_mean,emphasis,False,57,1.24438899689976e-08,2.420543293670831e-16,0.9999999999999938
l0_mean,emphasis,False,58,1.2189981782769101e-08,2.3227723269502037e-16,0.9999999999999939
l0_mean,emphasis,False,59,1.1843309334277994e-08,2.1925357103924014e-16,0.9999999999999941
l0_mean,emphasis,False,60,1.1708643149971969e-08,2.1429580530645803e-16,0.9999999999999942
l0_mean,emphasis,False,61,1.1612147145764187e-08,2.1077815127145715e-16,0.9999999999999944
l0_mean,emphasis,False,62,1.1211160180723459e-08,1.9647244303039528e-16,0.9999999999999947
l0_mean,emphasis,False,63,1.1086851261002654e-08,1.9213963990026051e-16,0.9999999999999948
l0_mean,emphasis,False,64,1.1061139801631262e-08,1.9124949317715524e-16,0.999999999999995
l0_mean,emphasis,False,65,1.0927131365585471e-08,1.8664349509207242e-16,0.9999999999999951
l0_mean,emphasis,False,66,1.0907687126548956e-08,1.8597984208341303e-16,0.9999999999999953
l0_mean,emphasis,False,67,1.0718675957359279e-08,1.795902741959593e-16,0.9999999999999954
l0_mean,emphasis,False,68,1.0701878011010932e-08,1.7902781966704547e-16,0.9999999999999957
l0_mean,emphasis,False,69,1.066057045953167e-08,1.7764844892139107e-16,0.9999999999999958
l0_mean,emphasis,False,70,1.0573401128556126e-08,1.7475513554536276e-16,0.999999999999996
l0_mean,emphasis,False,71,1.049973214359729e-08,1.7232844538108482e-16,0.9999999999999962
l0_mean,emphasis,False,72,1.0394709440796804e-08,1.688982844995332e-16,0.9999999999999963
l0_mean,emphasis,False,73,1.031076611713415e-08,1.661813954675373e-16,0.9999999999999966
l0_mean,emphasis,False,74,1.025850578715695e-08,1.645010770143107e-16,0.9999999999999967
l0_mean,emphasis,False,75,1.0193313656915914e-08,1.624169333498173e-16,0.9999999999999969
l0_mean,emphasis,False,76,1.0135771337118419e-08,1.605883880324341e-16,0.999999999999997
l0_mean,emphasis,False,77,1.0055989556902938e-08,1.5807025628969472e-16,0.9999999999999972
l0_mean,emphasis,False,78,9.96805464624658e-09,1.5531784296214075e-16,0.9999999999999974
l0_mean,emphasis,False,79,9.950873140155255e-09,1.5478287506941783e-16,0.9999999999999976
l0_mean,emphasis,False,80,9.847365289855481e-09,1.5157955474456743e-16,0.9999999999999978
l0_mean,emphasis,False,81,9.802968706356182e-09,1.5021585104961312e-16,0.9999999999999979
l0_mean,emphasis,False,82,9.711663882591251e-09,1.4743066230352795e-16,0.9999999999999981
l0_mean,emphasis,False,83,9.670069994811522e-09,1.461705110608808e-16,0.9999999999999982
l0_mean,emphasis,False,84,9.60522079454487e-09,1.442165941424354e-16,0.9999999999999984
l0_mean,emphasis,False,85,9.572964802586115e-09,1.4324961200985652e-16,0.9999999999999986
l0_mean,emphasis,False,86,9.52474030713983e-09,1.4180998692429159e-16,0.9999999999999988
l0_mean,emphasis,False,87,9.485453008606246e-09,1.4064253439522638e-16,0.999999999999999
l0_mean,emphasis,False,88,9.415144752620337e-09,1.3856531487546042e-16,0.999999999999999
l0_mean,emphasis,False,89,9.349203807809073e-09,1.3663116917235566e-16,0.9999999999999991
l0_mean,emphasis,False,90,9.257563370996398e-09,1.3396579242765155e-16,0.9999999999999993
l0_mean,emphasis,False,91,9.227192225805882e-09,1.3308823527401686e-16,0.9999999999999994
l0_mean,emphasis,False,92,9.116869548420698e-09,1.2992478634631548e-16,0.9999999999999997
l0_mean,emphasis,False,93,9.089436881562799e-09,1.2914407515013647e-16,0.9999999999999998
l0_mean,emphasis,False,94,9.034533079761749e-09,1.275886243382826e-16,1.0
l0_mean,emphasis,False,95,8.810559344642086e-09,1.2134097818738047e-16,1.0000000000000002
l0_mean,emphasis,False,96,8.771210989018296e-09,1.2025956983244677e-16,1.0
l0_mean,emphasis,True,1,0.06352667745644737,0.14999348092939555,0.14999348092939555
l0_mean,emphasis,True,2,0.04986488110424336,0.09241653394886615,0.24241001487826166
l0_mean,emphasis,True,3,0.04814379446024208,0.0861471140859337,0.3285571289641954
l0_mean,emphasis,True,4,0.04531665261935808,0.07632656992384486,0.40488369888804027
l0_mean,emphasis,True,5,0.04266857683067621,0.06766692106318353,0.47255061995122377
l0_mean,emphasis,True,6,0.03968369861722557,0.058530790017867526,0.5310814099690913
l0_mean,emphasis,True,7,0.03246888679825612,0.03918274869117946,0.5702641586602708
l0_mean,emphasis,True,8,0.03122539573602225,0.036238983139999244,0.60650314180027
l0_mean,emphasis,True,9,0.029615432294856345,0.03259839767355006,0.63910153947382
l0_mean,emphasis,True,10,0.02252825059951091,0.018863185589710032,0.65796472506353
l0_mean,emphasis,True,11,0.022203779516160253,0.018323731228955146,0.6762884562924851
l0_mean,emphasis,True,12,0.02165701006281019,0.017432396578701357,0.6937208528711865
l0_mean,emphasis,True,13,0.02119997387288183,0.016704395042846494,0.7104252479140329
l0_mean,emphasis,True,14,0.02045024210217252,0.015543793153027523,0.7259690410670604
l0_mean,emphasis,True,15,0.01930639611354304,0.013853596225433031,0.7398226372924935
l0_mean,emphasis,True,16,0.01924315772538478,0.013762989538894344,0.7535856268313881
l0_mean,emphasis,True,17,0.018844274965026823,0.013198329482720194,0.7667839563141082
l0_mean,emphasis,True,18,0.0185472083107724,0.012785484796505975,0.7795694411106142
l0_mean,emphasis,True,19,0.017851739379240172,0.011844621206041227,0.7914140623166555
l0_mean,emphasis,True,20,0.017785711303816256,0.011757164046374549,0.8031712263630301
l0_mean,emphasis,True,21,0.017245133247989045,0.011053331864618906,0.8142245582276488
l0_mean,emphasis,True,22,0.016933650688679434,0.010657646085734716,0.8248822043133835
l0_mean,emphasis,True,23,0.01677912294142801,0.010464021251704092,0.8353462255650876
l0_mean,emphasis,True,24,0.016570511584397606,0.010205444706993534,0.8455516702720811
l0_mean,emphasis,True,25,0.016253146495676073,0.00981827066555285,0.855369940937634
l0_mean,emphasis,True,26,0.01596747561358411,0.009476165211579218,0.8648461061492132
l0_mean,emphasis,True,27,0.01579787783999282,0.009275933002161662,0.8741220391513749
l0_mean,emphasis,True,28,0.015335698125605495,0.00874112242652364,0.8828631615778985
l0_mean,emphasis,True,29,0.015048010831529826,0.00841624347910198,0.8912794050570004
l0_mean,emphasis,True,30,0.014781603772843876,0.008120882260809046,0.8994002873178095
l0_mean,emphasis,True,31,0.014344816674588794,0.00764803920338795,0.9070483265211975
l0_mean,emphasis,True,32,0.014213960100489097,0.007509141441259553,0.9145574679624571
l0_mean,emphasis,True,33,0.014033791911637946,0.007319984577227175,0.9218774525396843
l0_mean,emphasis,True,34,0.01390810965838719,0.007189460684594172,0.9290669132242785
l0_mean,emphasis,True,35,0.013396332349665401,0.0066700935877239955,0.9357370068120024
l0_mean,emphasis,True,36,0.01317090831658996,0.006447503015395412,0.9421845098273979
l0_mean,emphasis,True,37,0.01295792310627614,0.006240665394046897,0.9484251752214449
l0_mean,emphasis,True,38,0.012640814025851403,0.005938957051086109,0.9543641322725309
l0_mean,emphasis,True,39,0.01251535413561402,0.005821653950100389,0.9601857862226313
l0_mean,emphasis,True,40,0.011995522008778514,0.00534808627282915,0.9655338724954604
l0_mean,emphasis,True,41,0.011430108597604696,0.0048558002596176385,0.970389672755078
l0_mean,emphasis,True,42,0.010970783025205074,0.004473375475223366,0.9748630482303013
l0_mean,emphasis,True,43,0.01057527236287093,0.0041566477595722205,0.9790196959898736
l0_mean,emphasis,True,44,0.010404127517861936,0.0040231982493808905,0.9830428942392545
l0_mean,emphasis,True,45,0.010024216170405068,0.003734744942532596,0.9867776391817871
l0_mean,emphasis,True,46,0.009838961822971865,0.003597979226506749,0.9903756184082938
l0_mean,emphasis,True,47,0.009363607776501954,0.003258716112702462,0.9936343345209963
l0_mean,emphasis,True,48,0.008741909668866418,0.0028403556955679536,0.9964746902165643
l0_mean,emphasis,True,49,0.008108842650588336,0.0024438685753254722,0.9989185587918898
l0_mean,emphasis,True,50,0.0053941299737109835,0.0010814412078901969,0.9999999999997801
l0_mean,emphasis,True,51,3.050198668982275e-08,3.457931255490136e-14,0.9999999999998146
l0_mean,emphasis,True,52,1.5436477063563407e-08,8.85638493693292e-15,0.9999999999998235
l0_mean,emphasis,True,53,1.382837661021064e-08,7.107264830845849e-15,0.9999999999998306
l0_mean,emphasis,True,54,1.3455721154757109e-08,6.729364579169055e-15,0.9999999999998372
l0_mean,emphasis,True,55,1.3026732149187528e-08,6.307119615922665e-15,0.9999999999998436
l0_mean,emphasis,True,56,1.2443965074714013e-08,5.755428563070246e-15,0.9999999999998492
l0_mean,emphasis,True,57,1.2193522877726877e-08,5.526096894678801e-15,0.9999999999998548
l0_mean,emphasis,True,58,1.1846592131937284e-08,5.216112785203954e-15,0.99999999999986
l0_mean,emphasis,True,59,1.1709108941871114e-08,5.09574625654768e-15,0.9999999999998651
l0_mean,emphasis,True,60,1.1612174052487458e-08,5.011724325470815e-15,0.9999999999998701
l0_mean,emphasis,True,61,1.1213684604191282e-08,4.673656336277277e-15,0.9999999999998748
l0_mean,emphasis,True,62,1.1089758531838621e-08,4.570926948584177e-15,0.9999999999998793
l0_mean,emphasis,True,63,1.1061550450134625e-08,4.54770316110851e-15,0.9999999999998839
l0_mean,emphasis,True,64,1.0928760913685696e-08,4.439171778865136e-15,0.9999999999998882
l0_mean,emphasis,True,65,1.0911827441207266e-08,4.425425964947079e-15,0.9999999999998925
l0_mean,emphasis,True,66,1.071918302212586e-08,4.270546678152704e-15,0.9999999999998969
l0_mean,emphasis,True,67,1.0702232380687085e-08,4.257051009681301e-15,0.9999999999999011
l0_mean,emphasis,True,68,1.0660871310746447e-08,4.224210021701998e-15,0.9999999999999053
l0_mean,emphasis,True,69,1.0574925580874297e-08,4.15637515629052e-15,0.9999999999999095
l0_mean,emphasis,True,70,1.0504948251382582e-08,4.101549293785692e-15,0.9999999999999136
l0_mean,emphasis,True,71,1.0395361589011216e-08,4.016421667196995e-15,0.9999999999999176
l0_mean,emphasis,True,72,1.03130641688495e-08,3.95307942867742e-15,0.9999999999999217
l0_mean,emphasis,True,73,1.0259947389559815e-08,3.9124641250066285e-15,0.9999999999999256
l0_mean,emphasis,True,74,1.0195316941803443e-08,3.8633278351078026e-15,0.9999999999999295
l0_mean,emphasis,True,75,1.0142043695754153e-08,3.823059483626617e-15,0.9999999999999334
l0_mean,emphasis,True,76,1.0055990410562413e-08,3.758458868015799e-15,0.999999999999937
l0_mean,emphasis,True,77,9.971340567158723e-09,3.69544888901433e-15,0.9999999999999408
l0_mean,emphasis,True,78,9.952714071801194e-09,3.681655563886557e-15,0.9999999999999446
l0_mean,emphasis,True,79,9.848211898898215e-09,3.6047476694429605e-15,0.9999999999999482
l0_mean,emphasis,True,80,9.80305247232604e-09,3.5717639963317735e-15,0.9999999999999515
l0_mean,emphasis,True,81,9.718919655008436e-09,3.510719119579687e-15,0.999999999999955
l0_mean,emphasis,True,82,9.670235574770289e-09,3.4756353736030834e-15,0.9999999999999585
l0_mean,emphasis,True,83,9.60867170341558e-09,3.4315221863640965e-15,0.9999999999999619
l0_mean,emphasis,True,84,9.577303199070731e-09,3.409153638835817e-15,0.9999999999999654
l0_mean,emphasis,True,85,9.524784327705318e-09,3.3718667355836225e-15,0.9999999999999687
l0_mean,emphasis,True,86,9.486788695880766e-09,3.3450187427366306e-15,0.999999999999972
l0_mean,emphasis,True,87,9.42218928419851e-09,3.2996186521283073e-15,0.9999999999999754
l0_mean,emphasis,True,88,9.349306363152282e-09,3.2487693791437126e-15,0.9999999999999787
l0_mean,emphasis,True,89,9.25781803051235e-09,3.1854983243833148e-15,0.9999999999999819
l0_mean,emphasis,True,90,9.22978069675161e-09,3.1662329559694344e-15,0.9999999999999851
l0_mean,emphasis,True,91,9.119158235782483e-09,3.090790751239359e-15,0.9999999999999882
l0_mean,emphasis,True,92,9.092130706664842e-09,3.072496816327006e-15,0.9999999999999913
l0_mean,emphasis,True,93,9.034704924250163e-09,3.03380768146292e-15,0.9999999999999944
l0_mean,emphasis,True,94,8.811465136207483e-09,2.8857343903057637e-15,0.9999999999999973
l0_mean,emphasis,True,95,8.772070306449994e-09,2.8599886413666057e-15,1.0000000000000002
l0_mean,emphasis,True,96,3.542619977787969e-17,4.6645444449790047e-32,1.0
l14_mean,negation,False,1,93.69268306229242,0.6626912892133904,0.6626912892133904
l14_mean,negation,False,2,29.830989521955917,0.06717926210183589,0.7298705513152263
l14_mean,negation,False,3,24.043368986037397,0.04364058393442668,0.773511135249653
l14_mean,negation,False,4,20.97104327550494,0.033200145195258136,0.806711280444911
l14_mean,negation,False,5,19.038408765945466,0.027362842105968007,0.8340741225508791
l14_mean,negation,False,6,18.136755455457106,0.024832423411816053,0.8589065459626952
l14_mean,negation,False,7,17.124495998583395,0.02213785338453789,0.8810443993472331
l14_mean,negation,False,8,10.469761924636833,0.008275105180508087,0.8893195045277411
l14_mean,negation,False,9,9.552460330087095,0.006888590933562862,0.896208095461304
l14_mean,negation,False,10,8.791862477443962,0.005835279764892938,0.9020433752261969
l14_mean,negation,False,11,8.161936805121924,0.0050290547749912914,0.9070724300011882
l14_mean,negation,False,12,7.955778444446349,0.004778210414787809,0.9118506404159761
l14_mean,negation,False,13,7.863210555536297,0.004667665442905044,0.9165183058588812
l14_mean,negation,False,14,7.623029764194709,0.00438687380123776,0.920905179660119
l14_mean,negation,False,15,7.34317238617052,0.004070683693876426,0.9249758633539953
l14_mean,negation,False,16,6.8947486406813425,0.003588696952549334,0.9285645603065446
l14_mean,negation,False,17,6.615639992451741,0.003304027382507546,0.9318685876890521
l14_mean,negation,False,18,6.414054533810984,0.0031057407919945733,0.9349743284810467
l14_mean,negation,False,19,6.274565372903269,0.0029721259322879187,0.9379464544133346
l14_mean,negation,False,20,6.1429962387717225,0.002848789821308572,0.9407952442346432
l14_mean,negation,False,21,6.065564172998752,0.0027774248307883133,0.9435726690654315
l14_mean,negation,False,22,5.791217316923263,0.0025318596913949027,0.9461045287568265
l14_mean,negation,False,23,5.759856755971617,0.00250451291740774,0.9486090416742342
l14_mean,negation,False,24,5.665505977065761,0.0024231333462601864,0.9510321750204944
l14_mean,negation,False,25,5.4408638744038225,0.00223478439890654,0.953266959419401
l14_mean,negation,False,26,5.286455312811545,0.002109740504658777,0.9553766999240597
l14_mean,negation,False,27,5.144536499637399,0.001997985884890296,0.9573746858089501
l14_mean,negation,False,28,5.0327612441507705,0.0019121086481771023,0.9592867944571272
l14_mean,negation,False,29,4.971874236181187,0.0018661226293412042,0.9611529170864683
l14_mean,negation,False,30,4.927333252709078,0.0018328367419617579,0.9629857538284302
l14_mean,negation,False,31,4.806441752696769,0.0017440031997531455,0.9647297570281833
l14_mean,negation,False,32,4.700062982029164,0.001667659052905518,0.9663974160810886
l14_mean,negation,False,33,4.621012170312231,0.0016120337673568045,0.9680094498484454
l14_mean,negation,False,34,4.467311533953593,0.0015065806645206648,0.9695160305129661
l14_mean,negation,False,35,4.404841555686438,0.0014647398344353087,0.9709807703474014
l14_mean,negation,False,36,4.385841001742647,0.001452130598525672,0.9724329009459269
l14_mean,negation,False,37,4.220879560036345,0.0013449490428137573,0.9737778499887407
l14_mean,negation,False,38,4.140737042543025,0.0012943603868601882,0.975072210375601
l14_mean,negation,False,39,4.099974196997962,0.0012690015634249931,0.9763412119390259
l14_mean,negation,False,40,4.011789122007171,0.0012149995106135476,0.9775562114496396
l14_mean,negation,False,41,3.9684344767189974,0.0011888808677219154,0.9787450923173614
l14_mean,negation,False,42,3.8866058348266117,0.0011403571942560024,0.9798854495116174
l14_mean,negation,False,43,3.8397309902425967,0.0011130162576469234,0.9809984657692644
l14_mean,negation,False,44,3.8091455164272316,0.001095355360062929,0.9820938211293273
l14_mean,negation,False,45,3.7398381685845736,0.0010558580356517012,0.9831496791649791
l14_mean,negation,False,46,3.660318305164519,0.0010114341606546678,0.9841611133256338
l14_mean,negation,False,47,3.5773995617787686,0.0009661283117943289,0.9851272416374282
l14_mean,negation,False,48,3.5012844540179153,0.0009254537106385294,0.9860526953480665
l14_mean,negation,False,49,3.4434464112661636,0.0008951309374188575,0.9869478262854853
l14_mean,negation,False,50,3.4232803117275927,0.0008846772001561611,0.9878325034856414
l14_mean,negation,False,51,3.3269621306212414,0.0008355946008352916,0.9886680980864767
l14_mean,negation,False,52,3.3034162217835736,0.0008238089470315268,0.9894919070335082
l14_mean,negation,False,53,3.187153895203204,0.0007668421547533805,0.9902587491882615
l14_mean,negation,False,54,3.1595772338338803,0.0007536294510287171,0.9910123786392903
l14_mean,negation,False,55,2.8564685489444184,0.0006159689255505831,0.991628347564841
l14_mean,negation,False,56,2.7462708028947054,0.0005693595761676875,0.9921977071410086
l14_mean,negation,False,57,2.6656635962581436,0.0005364269544878481,0.9927341340954965
l14_mean,negation,False,58,2.552885277245184,0.0004919970599570038,0.9932261311554536
l14_mean,negation,False,59,2.4995316577342708,0.0004716471271493247,0.9936977782826029
l14_mean,negation,False,60,2.4384462253031596,0.00044887588596602814,0.994146654168569
l14_mean,negation,False,61,2.3406291890048263,0.00041358534674899633,0.9945602395153179
l14_mean,negation,False,62,2.301552777865358,0.0003998911444056411,0.9949601306597236
l14_mean,negation,False,63,2.2311303370472118,0.0003757939577491146,0.9953359246174727
l14_mean,negation,False,64,2.067400490434913,0.0003226629796784739,0.9956585875971511
l14_mean,negation,False,65,1.9748145719318397,0.00029440999945211865,0.9959529975966032
l14_mean,negation,False,66,1.9576282718463824,0.00028930794934116567,0.9962423055459443
l14_mean,negation,False,67,1.921307680063686,0.0002786722651106333,0.996520977811055
l14_mean,negation,False,68,1.8674291313845064,0.0002632619955214404,0.9967842398065764
l14_mean,negation,False,69,1.796310227013514,0.00024359176101437712,0.9970278315675908
l14_mean,negation,False,70,1.7225948176847121,0.00022400936904193484,0.9972518409366328
l14_mean,negation,False,71,1.6843122317104964,0.00021416333208579586,0.9974660042687185
l14_mean,negation,False,72,1.629411520704651,0.0002004294226319324,0.9976664336913504
l14_mean,negation,False,73,1.5777278879734022,0.00018791615364972133,0.9978543498450001
l14_mean,negation,False,74,1.5279835080737452,0.00017625329459541604,0.9980306031395955
l14_mean,negation,False,75,1.4855750579340414,0.00016660541339400575,0.9981972085529894
l14_mean,negation,False,76,1.4313525558683768,0.0001546653916981786,0.9983518739446876
l14_mean,negation,False,77,1.3832478043360155,0.00014444412724586212,0.9984963180719334
l14_mean,negation,False,78,1.3172244805440083,0.00013098437646348132,0.9986273024483969
l14_mean,negation,False,79,1.2902652381754773,0.00012567760728716653,0.9987529800556841
l14_mean,negation,False,80,1.2272012975989848,0.00011369242287647782,0.9988666724785608
l14_mean,negation,False,81,1.1935379365370136,0.00010754057773735343,0.9989742130562981
l14_mean,negation,False,82,1.172508344195787,0.00010378433197476346,0.9990779973882729
l14_mean,negation,False,83,1.1629424368373977,0.00010209779137704423,0.9991800951796499
l14_mean,negation,False,84,1.1469404823121228,9.930741421088089e-05,0.9992794025938608
l14_mean,negation,False,85,1.1121762122151098,9.337854745052381e-05,0.9993727811413115
l14_mean,negation,False,86,1.0441189765078813,8.230001002187281e-05,0.9994550811513333
l14_mean,negation,False,87,1.005907165112725,7.63863420807553e-05,0.999531467493414
l14_mean,negation,False,88,0.9946580657181187,7.468743204860423e-05,0.9996061549254628
l14_mean,negation,False,89,0.9527319598682294,6.8523790446462e-05,0.9996746787159093
l14_mean,negation,False,90,0.862116909550523,5.610896232479063e-05,0.9997307876782341
l14_mean,negation,False,91,0.8550784501927621,5.5196537225323504e-05,0.9997859842154595
l14_mean,negation,False,92,0.8370361502938467,5.2891799130400564e-05,0.9998388760145899
l14_mean,negation,False,93,0.8085532051384704,4.935340445212486e-05,0.999888229419042
l14_mean,negation,False,94,0.753149193125674,4.2821506334811266e-05,0.9999310509253769
l14_mean,negation,False,95,0.738540909075385,4.1176461559945334e-05,0.9999722273869368
l14_mean,negation,False,96,0.6065385611442993,2.777261306346153e-05,1.0
l14_mean,negation,True,1,30.140882364707487,0.19930165330446523,0.19930165330446523
l14_mean,negation,True,2,24.439804335413093,0.13103714633786379,0.33033879964232904
l14_mean,negation,True,3,21.251193563845433,0.09907535370396754,0.42941415334629657
l14_mean,negation,True,4,19.657878612370684,0.08477587390063969,0.5141900272469363
l14_mean,negation,True,5,18.138121219526255,0.07217446568640257,0.5863644929333388
l14_mean,negation,True,6,17.380792082344325,0.06627322519680641,0.6526377181301452
l14_mean,negation,True,7,10.470054047535367,0.024048989045323467,0.6766867071754686
l14_mean,negation,True,8,9.595330555572485,0.020198487906450853,0.6968851950819195
l14_mean,negation,True,9,8.798517503098456,0.016983139700590125,0.7138683347825097
l14_mean,negation,True,10,8.190858268073725,0.014718305043183168,0.7285866398256928
l14_mean,negation,True,11,7.956988183385431,0.013889813153397436,0.7424764529790903
l14_mean,negation,True,12,7.878327904381381,0.013616549923908781,0.7560930029029991
l14_mean,negation,True,13,7.624152057864286,0.012752110759832328,0.7688451136628314
l14_mean,negation,True,14,7.369087072356199,0.011913142966475323,0.7807582566293066
l14_mean,negation,True,15,6.966541216897495,0.010647150653845467,0.7914054072831522
l14_mean,negation,True,16,6.6164648852341665,0.009603974567665553,0.8010093818508177
l14_mean,negation,True,17,6.439875289452349,0.009098166739226839,0.8101075485900446
l14_mean,negation,True,18,6.301134025238953,0.008710366155813585,0.8188179147458582
l14_mean,negation,True,19,6.226216283841822,0.008504472542496424,0.8273223872883546
l14_mean,negation,True,20,6.067579741105351,0.008076625812535739,0.8353990131008904
l14_mean,negation,True,21,5.894120514459512,0.007621439390760476,0.8430204524916508
l14_mean,negation,True,22,5.759862476666181,0.0072781869350939995,0.8502986394267449
l14_mean,negation,True,23,5.668541136737208,0.007049228408114283,0.8573478678348591
l14_mean,negation,True,24,5.443420347485174,0.006500439522137683,0.8638483073569968
l14_mean,negation,True,25,5.291002661301049,0.006141506804451084,0.8699898141614479
l14_mean,negation,True,26,5.186304315650885,0.0059008553640859185,0.8758906695255338
l14_mean,negation,True,27,5.033846675859691,0.005559029058203103,0.8814496985837369
l14_mean,negation,True,28,4.97418020537053,0.005428027099563424,0.8868777256833004
l14_mean,negation,True,29,4.928864836490163,0.005329577659278941,0.8922073033425792
l14_mean,negation,True,30,4.8112068114507185,0.005078167581047824,0.8972854709236271
l14_mean,negation,True,31,4.717444362675418,0.004882166102654027,0.9021676370262811
l14_mean,negation,True,32,4.628131038837246,0.00469905221829166,0.9068666892445727
l14_mean,negation,True,33,4.467370312882828,0.00437827347706614,0.9112449627216388
l14_mean,negation,True,34,4.408314282138885,0.0042632821483724334,0.9155082448700113
l14_mean,negation,True,35,4.39432265469786,0.004236262480908338,0.9197445073509195
l14_mean,negation,True,36,4.220937530626633,0.003908560392675392,0.9236530677435949
l14_mean,negation,True,37,4.1576464003156595,0.0037922248409976416,0.9274452925845926
l14_mean,negation,True,38,4.103142448119914,0.00369344950995995,0.9311387420945526
l14_mean,negation,True,39,4.013260506446699,0.0035334071217761128,0.9346721492163287
l14_mean,negation,True,40,3.9707062063732166,0.0034588719688757826,0.9381310211852044
l14_mean,negation,True,41,3.889202910896312,0.0033183346477145864,0.941449355832919
l14_mean,negation,True,42,3.839753746048856,0.0032344893308397247,0.9446838451637586
l14_mean,negation,True,43,3.8091590786735656,0.0031831506831689945,0.9478669958469277
l14_mean,negation,True,44,3.7401600636261496,0.003068876097861355,0.950935871944789
l14_mean,negation,True,45,3.6605027911768286,0.002939547363073104,0.9538754193078621
l14_mean,negation,True,46,3.5858770799126107,0.0028209135313411954,0.9566963328392033
l14_mean,negation,True,47,3.5016423072103313,0.0026899396657452477,0.9593862725049485
l14_mean,negation,True,48,3.447501686908158,0.0026074017466372456,0.961993674251586
l14_mean,negation,True,49,3.42347128933144,0.0025711792672455176,0.9645648535188315
l14_mean,negation,True,50,3.3293551764989333,0.002431751732524466,0.966996605251356
l14_mean,negation,True,51,3.3082800308072047,0.0024010627179354947,0.9693976679692914
l14_mean,negation,True,52,3.196226150018063,0.00224116575669869,0.9716388337259902
l14_mean,negation,True,53,3.161614282504462,0.002192889494877736,0.973831723220868
l14_mean,negation,True,54,2.8564685577476725,0.0017900199585880253,0.975621743179456
l14_mean,negation,True,55,2.7510036467254118,0.0016602798976697887,0.9772820230771259
l14_mean,negation,True,56,2.6720656600096873,0.0015663659324089702,0.9788483890095346
l14_mean,negation,True,57,2.5549254113166224,0.0014320409237103596,0.9802804299332448
l14_mean,negation,True,58,2.499591273052019,0.0013706828435058223,0.9816511127767505
l14_mean,negation,True,59,2.4390102462564127,0.0013050472233436523,0.9829561600000942
l14_mean,negation,True,60,2.3547380118995984,0.0012164217210384168,0.9841725817211326
l14_mean,negation,True,61,2.3040042837245616,0.0011645698487563632,0.985337151569889
l14_mean,negation,True,62,2.2313314073808224,0.0010922627785678487,0.9864294143484568
l14_mean,negation,True,63,2.0674036118311006,0.0009376689148830932,0.98736708326334
l14_mean,negation,True,64,1.9797175988163838,0.0008598158861500111,0.9882268991494902
l14_mean,negation,True,65,1.9589272235866664,0.0008418516761206227,0.989068750825611
l14_mean,negation,True,66,1.921310645453323,0.000809830549067447,0.9898785813746784
l14_mean,negation,True,67,1.8696297088618825,0.0007668495699703834,0.9906454309446487
l14_mean,negation,True,68,1.7970986394716206,0.0007085048184900563,0.9913539357631388
l14_mean,negation,True,69,1.7232983044576617,0.0006515082189638202,0.9920054439821027
l14_mean,negation,True,70,1.6855735331491621,0.0006232960636142266,0.9926287400457169
l14_mean,negation,True,71,1.632026179264933,0.0005843233203497489,0.9932130633660666
l14_mean,negation,True,72,1.577763716416952,0.0005461134921964783,0.9937591768582629
l14_mean,negation,True,73,1.5280618082568553,0.000512248646996542,0.9942714255052594
l14_mean,negation,True,74,1.4887847417730669,0.0004862535619950092,0.9947576790672543
l14_mean,negation,True,75,1.431364145661666,0.0004494684850110101,0.9952071475522654
l14_mean,negation,True,76,1.3832526752153562,0.0004197609315879737,0.9956269084838533
l14_mean,negation,True,77,1.3185194302685876,0.00038139240969694194,0.9960083008935502
l14_mean,negation,True,78,1.2907733578707237,0.0003655097472316419,0.9963738106407819
l14_mean,negation,True,79,1.22724751068857,0.00033041769492635854,0.9967042283357082
l14_mean,negation,True,80,1.193588819207877,0.00031254205351914947,0.9970167703892275
l14_mean,negation,True,81,1.1728781476485828,0.0003017899458302635,0.997318560335058
l14_mean,negation,True,82,1.1632549900443472,0.00029685804692462087,0.9976154183819825
l14_mean,negation,True,83,1.1472947483983797,0.0002887679493107577,0.9979041863312933
l14_mean,negation,True,84,1.1128300906577644,0.000271679392928739,0.998175865724222
l14_mean,negation,True,85,1.0443065310172928,0.00023925166319422033,0.9984151173874163
l14_mean,negation,True,86,1.0059296002854192,0.0002219903791774454,0.9986371077665938
l14_mean,negation,True,87,0.9959018990422981,0.00021758657618144663,0.9988546943427752
l14_mean,negation,True,88,0.9528148594626155,0.000199166375682912,0.9990538607184581
l14_mean,negation,True,89,0.8626310928091968,0.00016324849762122456,0.9992171092160793
l14_mean,negation,True,90,0.8552413317873264,0.00016046352916993239,0.9993775727452492
l14_mean,negation,True,91,0.8377746364927916,0.000153976127686144,0.9995315488729354
l14_mean,negation,True,92,0.808644554073019,0.00014345454408321874,0.9996750034170185
l14_mean,negation,True,93,0.7536572907053103,0.00012460824716463838,0.9997996116641831
l14_mean,negation,True,94,0.7385738483175077,0.00011967042386541579,0.9999192820880486
l14_mean,negation,True,95,0.6065763461731558,8.071791195137567e-05,1.0
l14_mean,negation,True,96,6.743962289296908e-15,9.977672473259461e-33,1.0
l14_mean,time,False,1,2471.337419186432,0.9997273621807538,0.9997273621807538
l14_mean,time,False,2,17.23249275196154,4.8608665459165514e-05,0.9997759708462131
l14_mean,time,False,3,13.78568835025698,3.110816553786852e-05,0.9998070790117508
l14_mean,time,False,4,12.911589670298232,2.7288327603590198e-05,0.9998343673393544
l14_mean,time,False,5,11.924150499894072,2.327407269104627e-05,0.9998576414120454
l14_mean,time,False,6,11.323094556345099,2.098687408074162e-05,0.9998786282861262
l14_mean,time,False,7,9.779778770014305,1.5655810289164682e-05,0.9998942840964153
l14_mean,time,False,8,9.410626112448414,1.449621184037556e-05,0.9999087803082559
l14_mean,time,False,9,8.60191430668378,1.2111772710473604e-05,0.9999208920809665
l14_mean,time,False,10,6.2368121801864,6.367116847138614e-06,0.9999272591978134
l14_mean,time,False,11,5.17480985974608,4.3833513450705395e-06,0.9999316425491586
l14_mean,time,False,12,4.831789710627422,3.821497132572904e-06,0.9999354640462911
l14_mean,time,False,13,4.425843165833818,3.2063396764564187e-06,0.9999386703859675
l14_mean,time,False,14,4.309025942887424,3.0393149504575e-06,0.9999417097009179
l14_mean,time,False,15,4.17955584321535,2.8594187012605826e-06,0.9999445691196192
l14_mean,time,False,16,3.973874911463216,2.5849126598423644e-06,0.999947154032279
l14_mean,time,False,17,3.854600113764645,2.432070436073159e-06,0.9999495861027151
l14_mean,time,False,18,3.7630157029145903,2.317872537924246e-06,0.9999519039752529
l14_mean,time,False,19,3.61992822310037,2.144951157723372e-06,0.9999540489264106
l14_mean,time,False,20,3.5298340411882343,2.0395110511447495e-06,0.9999560884374618
l14_mean,time,False,21,3.383196083809177,1.8735782133452623e-06,0.9999579620156752
l14_mean,time,False,22,3.368645161638542,1.8574965773091098e-06,0.9999598195122525
l14_mean,time,False,23,3.3045369319269704,1.7874697824663896e-06,0.9999616069820351
l14_mean,time,False,24,3.178463132697924,1.6536814147444476e-06,0.9999632606634498
l14_mean,time,False,25,3.1232900525724685,1.596769118540142e-06,0.9999648574325684
l14_mean,time,False,26,3.069133273862131,1.5418743509222606e-06,0.9999663993069192
l14_mean,time,False,27,2.9878376066594066,1.4612733612782394e-06,0.9999678605802805
l14_mean,time,False,28,2.937117346964031,1.4120825471767107e-06,0.9999692726628278
l14_mean,time,False,29,2.8482624286520837,1.3279370591133852e-06,0.9999706005998868
l14_mean,time,False,30,2.835838351714062,1.3163774435673694e-06,0.9999719169773306
l14_mean,time,False,31,2.7485155093403844,1.2365562380334953e-06,0.9999731535335686
l14_mean,time,False,32,2.7231735175222234,1.2138586534995133e-06,0.9999743673922221
l14_mean,time,False,33,2.634387269179699,1.1359958025641862e-06,0.9999755033880248
l14_mean,time,False,34,2.5924991978788996,1.100157212155746e-06,0.9999766035452368
l14_mean,time,False,35,2.552361238933577,1.0663549028468326e-06,0.9999776699001396
l14_mean,time,False,36,2.5201052927311416,1.0395726895130276e-06,0.9999787094728291
l14_mean,time,False,37,2.457828910823711,9.888280684189509e-07,0.9999796983008975
l14_mean,time,False,38,2.4462497517133763,9.795330139693417e-07,0.9999806778339114
l14_mean,time,False,39,2.3681860256270553,9.180136037272654e-07,0.9999815958475152
l14_mean,time,False,40,2.330887586085268,8.893242741436203e-07,0.9999824851717893
l14_mean,time,False,41,2.3062195995833004,8.706002873769453e-07,0.9999833557720768
l14_mean,time,False,42,2.2724087206819927,8.452601281661258e-07,0.9999842010322049
l14_mean,time,False,43,2.2384234942967542,8.201664496745771e-07,0.9999850211986545
l14_mean,time,False,44,2.189389108929963,7.846272652783889e-07,0.9999858058259198
l14_mean,time,False,45,2.1717514185977795,7.720362925534376e-07,0.9999865778622125
l14_mean,time,False,46,2.1311745670558295,7.434564579796998e-07,0.9999873213186704
l14_mean,time,False,47,2.081234758310963,7.090218669702819e-07,0.9999880303405374
l14_mean,time,False,48,2.075669669618228,7.052351781392929e-07,0.9999887355757154
l14_mean,time,False,49,2.0193265258137356,6.674682147530175e-07,0.9999894030439302
l14_mean,time,False,50,2.0036684351958125,6.571570962173808e-07,0.9999900602010265
l14_mean,time,False,51,1.9390387535985514,6.15446727419442e-07,0.999990675647754
l14_mean,time,False,52,1.885886218963568,5.82168177916792e-07,0.9999912578159319
l14_mean,time,False,53,1.855849515732216,5.637713534727713e-07,0.9999918215872854
l14_mean,time,False,54,1.8042820561884596,5.328762308898531e-07,0.9999923544635163
l14_mean,time,False,55,1.7561305556378024,5.048136477411441e-07,0.999992859277164
l14_mean,time,False,56,1.6501981845957805,4.45748303337275e-07,0.9999933050254673
l14_mean,time,False,57,1.5911146177859277,4.144006425476231e-07,0.9999937194261099
l14_mean,time,False,58,1.5751453646331919,4.061241054427139e-07,0.9999941255502154
l14_mean,time,False,59,1.5325970437919105,3.844797364859638e-07,0.999994510029952
l14_mean,time,False,60,1.513006535362001,3.747132901003288e-07,0.999994884743242
l14_mean,time,False,61,1.4734054706835829,3.5535468441517025e-07,0.9999952400979265
l14_mean,time,False,62,1.4590421101459161,3.484601680262449e-07,0.9999955885580945
l14_mean,time,False,63,1.385572543872141,3.1425053560617466e-07,0.99999590280863
l14_mean,time,False,64,1.3552592975229567,3.00650741646671e-07,0.9999962034593717
l14_mean,time,False,65,1.3018489135765208,2.7742056938994105e-07,0.999996480879941
l14_mean,time,False,66,1.221944084905614,2.44410666659114e-07,0.9999967252906076
l14_mean,time,False,67,1.197283828697888,2.3464522571496748e-07,0.9999969599358334
l14_mean,time,False,68,1.1797244598561984,2.2781308053503945e-07,0.9999971877489139
l14_mean,time,False,69,1.1531353668874929,2.176597235563957e-07,0.9999974054086374
l14_mean,time,False,70,1.0981048013576624,1.9738087490856627e-07,0.9999976027895123
l14_mean,time,False,71,1.0278725097280326,1.7294021355986158e-07,0.9999977757297259
l14_mean,time,False,72,0.9980360637361491,1.6304592843277038e-07,0.9999979387756543
l14_mean,time,False,73,0.9654377530148716,1.5256891023897752e-07,0.9999980913445646
l14_mean,time,False,74,0.9418065590108864,1.451914057443858e-07,0.9999982365359704
l14_mean,time,False,75,0.9187641371836269,1.3817375438968697e-07,0.9999983747097249
l14_mean,time,False,76,0.9006953352383781,1.3279242925321143e-07,0.9999985075021541
l14_mean,time,False,77,0.8984979318922718,1.3214527905651918e-07,0.9999986396474332
l14_mean,time,False,78,0.8596477218629287,1.2096466358816781e-07,0.9999987606120967
l14_mean,time,False,79,0.8272871426951731,1.1202889139252493e-07,0.9999988726409881
l14_mean,time,False,80,0.802172484655104,1.0533022480014172e-07,0.9999989779712128
l14_mean,time,False,81,0.776700922525434,9.874727748803091e-08,0.9999990767184904
l14_mean,time,False,82,0.768835556485349,9.675744880165598e-08,0.9999991734759391
l14_mean,time,False,83,0.7508050783726494,9.227241593664174e-08,0.9999992657483551
l14_mean,time,False,84,0.7176780149100189,8.430955045232569e-08,0.9999993500579055
l14_mean,time,False,85,0.6965130444979074,7.941014657290338e-08,0.9999994294680521
l14_mean,time,False,86,0.6516955888090625,6.951956588331015e-08,0.999999498987618
l14_mean,time,False,87,0.6432736093375021,6.773434850531852e-08,0.9999995667219664
l14_mean,time,False,88,0.6241676310556724,6.377052231618481e-08,0.9999996304924889
l14_mean,time,False,89,0.6078026703165932,6.047037980101339e-08,0.9999996909628687
l14_mean,time,False,90,0.587426925313763,5.6483966492454745e-08,0.9999997474468352
l14_mean,time,False,91,0.5623472406438764,5.1763856632837955e-08,0.9999997992106918
l14_mean,time,False,92,0.5437845487017277,4.840288133973386e-08,0.9999998476135732
l14_mean,time,False,93,0.5241085510838407,4.496348653912329e-08,0.9999998925770597
l14_mean,time,False,94,0.5061345276889629,4.193237095805781e-08,0.9999999345094306
l14_mean,time,False,95,0.49194066484543364,3.961347451579828e-08,0.999999974122905
l14_mean,time,False,96,0.39760241647434874,2.5877094939184845e-08,1.0
l14_mean,time,True,1,171.81451271908526,0.9484857037769786,0.9484857037769786
l14_mean,time,True,2,17.090520225186147,0.009384727461550044,0.9578704312385287
l14_mean,time,True,3,13.784928553930222,0.006105484581837962,0.9639759158203666
l14_mean,time,True,4,12.89052134751435,0.005338903420336679,0.9693148192407033
l14_mean,time,True,5,11.695125980176096,0.004394615757294875,0.9737094349979982
l14_mean,time,True,6,10.310655619998112,0.0034157310118885027,0.9771251660098866
l14_mean,time,True,7,9.657780867840351,0.0029968554387667027,0.9801220214486535
l14_mean,time,True,8,8.97140660002303,0.0025860217903495653,0.982708043239003
l14_mean,time,True,9,8.42272815324896,0.0022793796549670686,0.98498742289397
l14_mean,time,True,10,5.983551641563996,0.0011503478548952335,0.9861377707488652
l14_mean,time,True,11,5.165802901321601,0.0008574064840638014,0.986995177232929
l14_mean,time,True,12,4.826055125199322,0.0007483343081731143,0.9877435115411021
l14_mean,time,True,13,4.416802454395853,0.00062679720429571,0.9883703087453978
l14_mean,time,True,14,4.288183384723958,0.0005908235519996162,0.9889611322973975
l14_mean,time,True,15,4.0852271271024545,0.0005362206243082529,0.9894973529217057
l14_mean,time,True,16,3.914843707378416,0.0004924248445860706,0.9899897777662918
l14_mean,time,True,17,3.854541145946167,0.0004773714829826106,0.9904671492492744
l14_mean,time,True,18,3.6900831384922643,0.00043750538396832337,0.9909046546332427
l14_mean,time,True,19,3.619704892782107,0.0004209760893565945,0.9913256307225994
l14_mean,time,True,20,3.442151152864221,0.0003806895665248043,0.9917063202891242
l14_mean,time,True,21,3.380988380497289,0.0003672809949303542,0.9920736012840546
l14_mean,time,True,22,3.305239374349548,0.00035100793571014,0.9924246092197647
l14_mean,time,True,23,3.185747387529792,0.0003260872145713189,0.992750696434336
l14_mean,time,True,24,3.14942769344493,0.00031869436442092584,0.9930693907987569
l14_mean,time,True,25,3.069949162878018,0.0003028122689593777,0.9933722030677163
l14_mean,time,True,26,2.9899141781668424,0.0002872291711571219,0.9936594322388734
l14_mean,time,True,27,2.9597873354241675,0.00028147000115091706,0.9939409022400244
l14_mean,time,True,28,2.853284360733763,0.00026157799809710245,0.9942024802381215
l14_mean,time,True,29,2.840418722487019,0.0002592243731899535,0.9944617046113114
l14_mean,time,True,30,2.756949626980947,0.0002442129905621425,0.9947059176018735
l14_mean,time,True,31,2.727003856439544,0.00023893655845223642,0.9949448541603257
l14_mean,time,True,32,2.6390414451446897,0.00022377085496407096,0.9951686250152898
l14_mean,time,True,33,2.5928616426556874,0.00021600797516260515,0.9953846329904524
l14_mean,time,True,34,2.5539152316223133,0.00020956755970496217,0.9955942005501573
l14_mean,time,True,35,2.522899821910713,0.0002045083816453363,0.9957987089318027
l14_mean,time,True,36,2.4613227497349714,0.00019464723169262992,0.9959933561634954
l14_mean,time,True,37,2.447377000212052,0.00019244775467244159,0.9961858039181679
l14_mean,time,True,38,2.3923632161136084,0.0001838930569385411,0.9963696969751064
l14_mean,time,True,39,2.3313197086989277,0.00017462835787595624,0.9965443253329823
l14_mean,time,True,40,2.3202572093476244,0.0001729750087701785,0.9967173003417525
l14_mean,time,True,41,2.2725360138190065,0.00016593295546661298,0.9968832332972191
l14_mean,time,True,42,2.2384909125895467,0.00016099847823923614,0.9970442317754583
l14_mean,time,True,43,2.1894966465617025,0.00015402799723862674,0.9971982597726969
l14_mean,time,True,44,2.1755749699155187,0.00015207548387250226,0.9973503352565695
l14_mean,time,True,45,2.1331409346257355,0.00014620095161617903,0.9974965362081856
l14_mean,time,True,46,2.0908075812740106,0.00014045565589580137,0.9976369918640813
l14_mean,time,True,47,2.081141346919012,0.00013915994711078233,0.9977761518111922
l14_mean,time,True,48,2.0213605214334964,0.00013128002735353998,0.9979074318385457
l14_mean,time,True,49,2.0041383109785356,0.00012905251717715627,0.9980364843557228
l14_mean,time,True,50,1.9421001525708566,0.00012118652840004563,0.9981576708841229
l14_mean,time,True,51,1.8862441309660762,0.00011431596919680077,0.9982719868533197
l14_mean,time,True,52,1.8558555748863677,0.00011066223862096529,0.9983826490919406
l14_mean,time,True,53,1.804911095281525,0.00010467012170176718,0.9984873192136424
l14_mean,time,True,54,1.763893799462426,9.996684065974753e-05,0.9985872860543021
l14_mean,time,True,55,1.6643831621943064,8.900568090532647e-05,0.9986762917352076
l14_mean,time,True,56,1.618916530945992,8.420929185173685e-05,0.9987605010270593
l14_mean,time,True,57,1.5874005634181785,8.096254659616674e-05,0.9988414635736554
l14_mean,time,True,58,1.5367084700197307,7.587419035893091e-05,0.9989173377640144
l14_mean,time,True,59,1.5256183081651782,7.478300000981403e-05,0.9989921207640242
l14_mean,time,True,60,1.4745193402367425,6.98573402542679e-05,0.9990619781042784
l14_mean,time,True,61,1.4602807219451823,6.851470679148665e-05,0.99913049281107
l14_mean,time,True,62,1.3885130006483033,6.19456765592752e-05,0.9991924384876292
l14_mean,time,True,63,1.3597201694005652,5.940324630003684e-05,0.9992518417339292
l14_mean,time,True,64,1.3164464909030305,5.568234568767212e-05,0.9993075240796169
l14_mean,time,True,65,1.2252612053141605,4.82356866972155e-05,0.9993557597663141
l14_mean,time,True,66,1.19750585530699,4.6075111090138934e-05,0.9994018348774042
l14_mean,time,True,67,1.1841779449589116,4.505521185707636e-05,0.9994468900892612
l14_mean,time,True,68,1.1550389362091684,4.286515009258316e-05,0.9994897552393538
l14_mean,time,True,69,1.0982524272139105,3.875390258950485e-05,0.9995285091419434
l14_mean,time,True,70,1.0282003154069317,3.3967733170686836e-05,0.999562476875114
l14_mean,time,True,71,1.0001931913214464,3.214244337052996e-05,0.9995946193184845
l14_mean,time,True,72,0.9656070263248527,2.9957939152670953e-05,0.9996245772576372
l14_mean,time,True,73,0.9419190565732505,2.8506130352166044e-05,0.9996530833879894
l14_mean,time,True,74,0.9187916735425793,2.7123466990191127e-05,0.9996802068549796
l14_mean,time,True,75,0.9059671186239915,2.637156909978263e-05,0.9997065784240793
l14_mean,time,True,76,0.8988085094932532,2.5956459317964285e-05,0.9997325348833973
l14_mean,time,True,77,0.8598311562624366,2.3754038471964214e-05,0.9997562889218692
l14_mean,time,True,78,0.827372275762616,2.1994446033706754e-05,0.9997782833679029
l14_mean,time,True,79,0.8023305217430509,2.0683199793090815e-05,0.999798966567696
l14_mean,time,True,80,0.7773897691549971,1.9417295564708532e-05,0.9998183838632607
l14_mean,time,True,81,0.7688398629540938,1.8992532797083535e-05,0.9998373763960579
l14_mean,time,True,82,0.7522345295955523,1.8180994249382266e-05,0.9998555573903072
l14_mean,time,True,83,0.7189568832631478,1.6607979180762357e-05,0.9998721653694879
l14_mean,time,True,84,0.6965673523392537,1.558968466653821e-05,0.9998877550541544
l14_mean,time,True,85,0.6517500091389176,1.3648131291422503e-05,0.9999014031854458
l14_mean,time,True,86,0.6438875883432976,1.3320827583466354e-05,0.9999147240130293
l14_mean,time,True,87,0.6251799508205346,1.2558020386474581e-05,0.9999272820334156
l14_mean,time,True,88,0.6097195847893515,1.1944593935406451e-05,0.9999392266273515
l14_mean,time,True,89,0.5877990929250211,1.110117433300749e-05,0.9999503278016845
l14_mean,time,True,90,0.562407094135024,1.0162783648442827e-05,0.999960490585333
l14_mean,time,True,91,0.5441606817558535,9.514049730614733e-06,0.9999700046350636
l14_mean,time,True,92,0.5247903002128527,8.848765750965615e-06,0.9999788534008145
l14_mean,time,True,93,0.5063804022387345,8.238817420576845e-06,0.999987092218235
l14_mean,time,True,94,0.4920373450466889,7.778703765700148e-06,0.9999948709220008
l14_mean,time,True,95,0.3995435296007708,5.129077999341226e-06,1.0000000000000002
l14_mean,time,True,96,6.255710059720237e-14,1.2573735588011228e-31,1.0
l14_mean,emphasis,False,1,699.3826882208836,0.9944261535459711,0.9944261535459711
l14_mean,emphasis,False,2,25.391663596860027,0.0013107657747541527,0.9957369193207252
l14_mean,emphasis,False,3,18.49431983509209,0.0006953756990448059,0.99643229501977
l14_mean,emphasis,False,4,16.09772979163264,0.0005268318810259335,0.996959126900796
l14_mean,emphasis,False,5,15.981489343582625,0.0005192509273083266,0.9974783778281043
l14_mean,emphasis,False,6,13.683345024830752,0.0003806513175273628,0.9978590291456317
l14_mean,emphasis,False,7,12.612694808133847,0.0003234138065427373,0.9981824429521745
l14_mean,emphasis,False,8,8.906582304010886,0.0001612742209563281,0.9983437171731308
l14_mean,emphasis,False,9,7.69714325089975,0.00012044864541504622,0.9984641658185458
l14_mean,emphasis,False,10,7.487502973197725,0.00011397688865388334,0.9985781427071997
l14_mean,emphasis,False,11,7.080190344335046,0.00010191371867306512,0.9986800564258728
l14_mean,emphasis,False,12,6.4775223347862,8.530227619160121e-05,0.9987653587020644
l14_mean,emphasis,False,13,5.827816498291643,6.904854299471365e-05,0.9988344072450591
l14_mean,emphasis,False,14,5.581919729600306,6.334465212284778e-05,0.998897751897182
l14_mean,emphasis,False,15,5.481382494504466,6.108337132112917e-05,0.9989588352685032
l14_mean,emphasis,False,16,5.103791160457458,5.295763384145275e-05,0.9990117929023444
l14_mean,emphasis,False,17,4.873738904932322,4.829112253460974e-05,0.999060084024879
l14_mean,emphasis,False,18,4.818004634314408,4.719295900357096e-05,0.9991072769838827
l14_mean,emphasis,False,19,4.578513253510084,4.261786929123934e-05,0.9991498948531738
l14_mean,emphasis,False,20,4.476616067888625,4.074201272484052e-05,0.9991906368658987
l14_mean,emphasis,False,21,4.236593890059316,3.6490217568687666e-05,0.9992271270834674
l14_mean,emphasis,False,22,4.200924701112294,3.587835940516347e-05,0.9992630054428726
l14_mean,emphasis,False,23,4.012223318214572,3.272751095838282e-05,0.9992957329538309
l14_mean,emphasis,False,24,3.909195541145603,3.1068305799847705e-05,0.9993268012596308
l14_mean,emphasis,False,25,3.884400262283004,3.067543508500248e-05,0.9993574766947159
l14_mean,emphasis,False,26,3.775006875758112,2.897198660124932e-05,0.9993864486813171
l14_mean,emphasis,False,27,3.6784972625341594,2.7509560755728192e-05,0.9994139582420728
l14_mean,emphasis,False,28,3.6065901298415195,2.644456097290292e-05,0.9994404028030457
l14_mean,emphasis,False,29,3.5353435367251134,2.5410079550369952e-05,0.9994658128825961
l14_mean,emphasis,False,30,3.4525534752520377,2.423391663343945e-05,0.9994900467992295
l14_mean,emphasis,False,31,3.395928635607119,2.3445521213728285e-05,0.9995134923204433
l14_mean,emphasis,False,32,3.3733500983326574,2.313479278993664e-05,0.999536627113233
l14_mean,emphasis,False,33,3.304081145821497,2.219443997952056e-05,0.9995588215532125
l14_mean,emphasis,False,34,3.2575426988892624,2.157361955290853e-05,0.9995803951727654
l14_mean,emphasis,False,35,3.194577333275977,2.0747682500658073e-05,0.9996011428552661
l14_mean,emphasis,False,36,3.1822025967737244,2.0587254499991378e-05,0.9996217301097662
l14_mean,emphasis,False,37,3.016086650042957,1.8493981140335237e-05,0.9996402240909065
l14_mean,emphasis,False,38,2.987004012096699,1.81390439715022e-05,0.999658363134878
l14_mean,emphasis,False,39,2.973531747081504,1.7975788142410242e-05,0.9996763389230204
l14_mean,emphasis,False,40,2.9177377595670873,1.7307537979374802e-05,0.9996936464609998
l14_mean,emphasis,False,41,2.8768674008078308,1.6826061495274687e-05,0.9997104725224951
l14_mean,emphasis,False,42,2.859553126203652,1.662413743795938e-05,0.9997270966599331
l14_mean,emphasis,False,43,2.81307293489543,1.6088100343497724e-05,0.9997431847602766
l14_mean,emphasis,False,44,2.7395582230299573,1.5258219257017131e-05,0.9997584429795336
l14_mean,emphasis,False,45,2.6396915030619583,1.4166061752611221e-05,0.9997726090412862
l14_mean,emphasis,False,46,2.6244392631074698,1.4002830587740486e-05,0.9997866118718739
l14_mean,emphasis,False,47,2.5251214779121374,1.2963054098948333e-05,0.9997995749259729
l14_mean,emphasis,False,48,2.5068784422247226,1.277642450336811e-05,0.9998123513504762
l14_mean,emphasis,False,49,2.4275733761032234,1.1980846758256483e-05,0.9998243321972344
l14_mean,emphasis,False,50,2.3387876630258986,1.1120501430254743e-05,0.9998354526986647
l14_mean,emphasis,False,51,2.328123687102321,1.101932217253884e-05,0.9998464720208372
l14_mean,emphasis,False,52,2.2265397346094495,1.0078680581239537e-05,0.9998565507014184
l14_mean,emphasis,False,53,2.183877439727472,9.696149555005536e-06,0.9998662468509734
l14_mean,emphasis,False,54,2.1290919202950085,9.215769532449597e-06,0.9998754626205059
l14_mean,emphasis,False,55,2.0634054446333825,8.655893932406173e-06,0.9998841185144384
l14_mean,emphasis,False,56,2.0553505221975734,8.588445757022043e-06,0.9998927069601953
l14_mean,emphasis,False,57,1.979007772536083,7.962286154144711e-06,0.9999006692463495
l14_mean,emphasis,False,58,1.879829917028495,7.184224509566474e-06,0.999907853470859
l14_mean,emphasis,False,59,1.8160363154615324,6.7048928140730265e-06,0.9999145583636732
l14_mean,emphasis,False,60,1.7495604547852555,6.223012729006156e-06,0.9999207813764022
l14_mean,emphasis,False,61,1.7113928304654835,5.954457478325831e-06,0.9999267358338805
l14_mean,emphasis,False,62,1.6700635369596848,5.670335682518668e-06,0.999932406169563
l14_mean,emphasis,False,63,1.6088239094566883,5.2621085831863035e-06,0.9999376682781462
l14_mean,emphasis,False,64,1.5374121029795214,4.8053317188345295e-06,0.9999424736098649
l14_mean,emphasis,False,65,1.4800116938516317,4.4532089722966105e-06,0.9999469268188372
l14_mean,emphasis,False,66,1.4005791608105709,3.988027111777747e-06,0.9999509148459491
l14_mean,emphasis,False,67,1.3479698497087393,3.694053138606302e-06,0.9999546088990876
l14_mean,emphasis,False,68,1.3237079352808636,3.562272402944531e-06,0.9999581711714906
l14_mean,emphasis,False,69,1.221513238425667,3.0334660440298587e-06,0.9999612046375346
l14_mean,emphasis,False,70,1.1274822961229045,2.5844149475512146e-06,0.9999637890524822
l14_mean,emphasis,False,71,1.1056727538698354,2.485398301898006e-06,0.9999662744507841
l14_mean,emphasis,False,72,1.0734533961807127,2.3426595048540253e-06,0.9999686171102891
l14_mean,emphasis,False,73,1.0521758635892504,2.2507095403915183e-06,0.9999708678198294
l14_mean,emphasis,False,74,1.0139057158125926,2.0899597606235e-06,0.9999729577795899
l14_mean,emphasis,False,75,0.9971660852618163,2.021518779464646e-06,0.9999749792983694
l14_mean,emphasis,False,76,0.9845956504771312,1.9708728530455866e-06,0.9999769501712225
l14_mean,emphasis,False,77,0.9660193577411299,1.8972057842928191e-06,0.9999788473770067
l14_mean,emphasis,False,78,0.9361028519963983,1.7815167849313908e-06,0.9999806288937917
l14_mean,emphasis,False,79,0.9202669111937352,1.7217512050998172e-06,0.9999823506449967
l14_mean,emphasis,False,80,0.9147993699379997,1.701353251211877e-06,0.999984051998248
l14_mean,emphasis,False,81,0.87960493350279,1.5729615069127662e-06,0.999985624959755
l14_mean,emphasis,False,82,0.869332440473675,1.5364362822886923e-06,0.9999871613960373
l14_mean,emphasis,False,83,0.8454407159185842,1.453145496916418e-06,0.9999886145415342
l14_mean,emphasis,False,84,0.8355978433887676,1.4195065557095293e-06,0.99999003404809
l14_mean,emphasis,False,85,0.7578350872109538,1.1675949274496228e-06,0.9999912016430174
l14_mean,emphasis,False,86,0.7326667192775367,1.0913290374573068e-06,0.9999922929720548
l14_mean,emphasis,False,87,0.711200644721141,1.0283171171307017e-06,0.9999933212891721
l14_mean,emphasis,False,88,0.6793195378301682,9.381904170758153e-07,0.9999942594795891
l14_mean,emphasis,False,89,0.6668997771432627,9.041987999227053e-07,0.999995163678389
l14_mean,emphasis,False,90,0.6533019276910361,8.67702124978531e-07,0.999996031380514
l14_mean,emphasis,False,91,0.6374323841214374,8.26058927076177e-07,0.999996857439441
l14_mean,emphasis,False,92,0.6237178226554582,7.908954735250252e-07,0.9999976483349146
l14_mean,emphasis,False,93,0.5875908371488324,7.019283951931311e-07,0.9999983502633097
l14_mean,emphasis,False,94,0.5773826506729132,6.777511164004749e-07,0.9999990280144262
l14_mean,emphasis,False,95,0.5530737341079441,6.218832358669222e-07,0.9999996498976621
l14_mean,emphasis,False,96,0.41497899507895175,3.501023380098204e-07,1.0
l14_mean,emphasis,True,1,90.92726859829251,0.7614324665071517,0.7614324665071517
l14_mean,emphasis,True,2,24.53115766865616,0.055421616341843116,0.8168540828489947
l14_mean,emphasis,True,3,18.48657989754455,0.03147431189796382,0.8483283947469585
l14_mean,emphasis,True,4,16.020338601317043,0.02363668034133253,0.8719650750882911
l14_mean,emphasis,True,5,15.700026073786347,0.022700940338503464,0.8946660154267946
l14_mean,emphasis,True,6,13.29970590148362,0.016290228453173156,0.9109562438799678
l14_mean,emphasis,True,7,10.816492360140069,0.0107749681652063,0.9217312120451739
l14_mean,emphasis,True,8,8.896861698447545,0.0072898195660487525,0.9290210316112227
l14_mean,emphasis,True,9,7.675402401982268,0.005425570453812966,0.9344466020650357
l14_mean,emphasis,True,10,7.405154262705646,0.0050502318923128,0.9394968339573484
l14_mean,emphasis,True,11,6.655313291901218,0.004079247992405001,0.9435760819497534
l14_mean,emphasis,True,12,5.864984895260378,0.003167939623157256,0.9467440215729107
l14_mean,emphasis,True,13,5.664130429945802,0.002954674138181344,0.9496986957110921
l14_mean,emphasis,True,14,5.581873880670802,0.0028694795844784408,0.9525681752955706
l14_mean,emphasis,True,15,5.153080385352616,0.002445552184874965,0.9550137274804456
l14_mean,emphasis,True,16,4.942753326934352,0.002249992001134526,0.95726371948158
l14_mean,emphasis,True,17,4.818263190815002,0.0021380809204798712,0.9594018004020599
l14_mean,emphasis,True,18,4.581495140381227,0.0019331144200441458,0.961334914822104
l14_mean,emphasis,True,19,4.482595804220761,0.0018505561220876952,0.9631854709441917
l14_mean,emphasis,True,20,4.237324097496194,0.0016535847778546915,0.9648390557220463
l14_mean,emphasis,True,21,4.22793355851164,0.001646263720635686,0.9664853194426821
l14_mean,emphasis,True,22,4.014498528445189,0.0014842453810544661,0.9679695648237366
l14_mean,emphasis,True,23,3.932621969686414,0.001424319768898453,0.969393884592635
l14_mean,emphasis,True,24,3.8844782348846314,0.0013896597689978976,0.9707835443616329
l14_mean,emphasis,True,25,3.7888469708498302,0.0013220784597976292,0.9721056228214306
l14_mean,emphasis,True,26,3.687650796168106,0.0012523988991002299,0.9733580217205308
l14_mean,emphasis,True,27,3.6160541922472995,0.001204239756597954,0.9745622614771288
l14_mean,emphasis,True,28,3.536675554834779,0.0011519497669350409,0.9757142112440637
l14_mean,emphasis,True,29,3.4616022347970614,0.0011035637470205373,0.9768177749910841
l14_mean,emphasis,True,30,3.4065381259977436,0.0010687339553603385,0.9778865089464446
l14_mean,emphasis,True,31,3.3763651230416776,0.0010498854352350346,0.9789363943816796
l14_mean,emphasis,True,32,3.3106445168717715,0.0010094113902810846,0.979945805771961
l14_mean,emphasis,True,33,3.2694943547952255,0.000984474074234397,0.9809302798461954
l14_mean,emphasis,True,34,3.194836999448076,0.0009400273957834435,0.9818703072419789
l14_mean,emphasis,True,35,3.1915415502354487,0.0009380891342338287,0.9828083963762126
l14_mean,emphasis,True,36,3.016555234288153,0.0008380417664821555,0.9836464381426948
l14_mean,emphasis,True,37,2.9954457690391885,0.0008263537887331696,0.9844727919314279
l14_mean,emphasis,True,38,2.97395372751595,0.0008145383074772977,0.9852873302389051
l14_mean,emphasis,True,39,2.938142812751691,0.0007950398600418318,0.9860823700989471
l14_mean,emphasis,True,40,2.878860456723996,0.0007632807837081113,0.9868456508826552
l14_mean,emphasis,True,41,2.8606085860227326,0.0007536331190109562,0.9875992840016661
l14_mean,emphasis,True,42,2.813526089398839,0.0007290293170059393,0.9883283133186719
l14_mean,emphasis,True,43,2.7398438819945166,0.0006913448535947125,0.9890196581722667
l14_mean,emphasis,True,44,2.6603816256969113,0.0006518249489207774,0.9896714831211875
l14_mean,emphasis,True,45,2.6262139896363905,0.0006351895153689001,0.9903066726365563
l14_mean,emphasis,True,46,2.5279920767793307,0.0005885651143570648,0.9908952377509134
l14_mean,emphasis,True,47,2.5082215799104013,0.0005793952094838784,0.9914746329603973
l14_mean,emphasis,True,48,2.4341621017464337,0.0005456850967713458,0.9920203180571686
l14_mean,emphasis,True,49,2.339567235496,0.0005040970561953436,0.9925244151133639
l14_mean,emphasis,True,50,2.3327126296514566,0.0005011475152078388,0.9930255626285718
l14_mean,emphasis,True,51,2.227334242007079,0.00045689235105600005,0.9934824549796277
l14_mean,emphasis,True,52,2.1874125738486128,0.00044066089118842183,0.9939231158708162
l14_mean,emphasis,True,53,2.129567615404536,0.00041766296535607867,0.9943407788361722
l14_mean,emphasis,True,54,2.063531763614608,0.00039216191671274215,0.9947329407528849
l14_mean,emphasis,True,55,2.060437313730002,0.0003909866350674308,0.9951239273879522
l14_mean,emphasis,True,56,1.9797215389157254,0.00036095354896180636,0.9954848809369142
l14_mean,emphasis,True,57,1.8997932140906681,0.0003323959810248879,0.9958172769179391
l14_mean,emphasis,True,58,1.816308306926888,0.00030382411279083403,0.9961211010307299
l14_mean,emphasis,True,59,1.753316382510099,0.0002831155226343098,0.9964042165533642
l14_mean,emphasis,True,60,1.7151930278261873,0.0002709374913133207,0.9966751540446775
l14_mean,emphasis,True,61,1.6733381288351654,0.0002578757559242547,0.9969330298006017
l14_mean,emphasis,True,62,1.608985678289196,0.0002384226204068776,0.9971714524210087
l14_mean,emphasis,True,63,1.5399594213885373,0.00021840453617111774,0.9973898569571797
l14_mean,emphasis,True,64,1.4823778207637928,0.0002023768896546224,0.9975922338468344
l14_mean,emphasis,True,65,1.4010866508428463,0.00018078945288705383,0.9977730232997215
l14_mean,emphasis,True,66,1.3489913037622439,0.00016759513204560317,0.9979406184317672
l14_mean,emphasis,True,67,1.3248013594372163,0.000161638432485089,0.9981022568642522
l14_mean,emphasis,True,68,1.2226024909947928,0.0001376618661553372,0.9982399187304075
l14_mean,emphasis,True,69,1.1306396351458419,0.00011773118397880175,0.9983576499143864
l14_mean,emphasis,True,70,1.1061898791968905,0.00011269443261227554,0.9984703443469988
l14_mean,emphasis,True,71,1.073488446670546,0.00010612992307605606,0.9985764742700747
l14_mean,emphasis,True,72,1.0524092332938773,0.00010200287186404278,0.9986784771419388
l14_mean,emphasis,True,73,1.0141553201537685,9.472225892256463e-05,0.9987731994008613
l14_mean,emphasis,True,74,0.997230727683084,9.158712026356217e-05,0.9988647865211248
l14_mean,emphasis,True,75,0.9848946420920976,8.933520733559997e-05,0.9989541217284604
l14_mean,emphasis,True,76,0.9660236363558616,8.594460213096399e-05,0.9990400663305913
l14_mean,emphasis,True,77,0.9361999781543722,8.071985131886733e-05,0.9991207861819102
l14_mean,emphasis,True,78,0.9211494498174394,7.814537760383374e-05,0.999198931559514
l14_mean,emphasis,True,79,0.9148002966661619,7.707183399058889e-05,0.9992760033935045
l14_mean,emphasis,True,80,0.8796899167490455,7.126927288017664e-05,0.9993472726663848
l14_mean,emphasis,True,81,0.8706241795725018,6.98078960589967e-05,0.9994170805624438
l14_mean,emphasis,True,82,0.8468213258035361,6.604298176412505e-05,0.9994831235442079
l14_mean,emphasis,True,83,0.8365943026149992,6.445741806089817e-05,0.9995475809622688
l14_mean,emphasis,True,84,0.7600252597594079,5.319847133077844e-05,0.9996007794335996
l14_mean,emphasis,True,85,0.7330097026521785,4.9483743448562716e-05,0.9996502631770482
l14_mean,emphasis,True,86,0.7114896878970823,4.662086421920305e-05,0.9996968840412673
l14_mean,emphasis,True,87,0.6795251788576592,4.2525967902445255e-05,0.9997394100091698
l14_mean,emphasis,True,88,0.6670965391021388,4.0984578692493995e-05,0.9997803945878625
l14_mean,emphasis,True,89,0.6533837678651812,3.931694654084583e-05,0.9998197115344033
l14_mean,emphasis,True,90,0.6390396257902831,3.760959681746679e-05,0.9998573211312207
l14_mean,emphasis,True,91,0.6259574213309225,3.6085496533255475e-05,0.9998934066277541
l14_mean,emphasis,True,92,0.5879427043751718,3.1835605278205625e-05,0.9999252422330324
l14_mean,emphasis,True,93,0.577401479624054,3.070427766846072e-05,0.9999559465107009
l14_mean,emphasis,True,94,0.5531551665624181,2.817974418196845e-05,0.9999841262548829
l14_mean,emphasis,True,95,0.41516253138418097,1.587374511755037e-05,1.0000000000000004
l14_mean,emphasis,True,96,2.1453628865517122e-14,4.2388166017274163e-32,1.0
l14_last,negation,False,1,272.5358937546105,0.5883585337959448,0.5883585337959448
l14_last,negation,False,2,83.73754045571201,0.0555437300923122,0.643902263888257
l14_last,negation,False,3,77.1831360875417,0.047188859612933086,0.69109112350119
l14_last,negation,False,4,64.28219973975429,0.03273226815816675,0.7238233916593568
l14_last,negation,False,5,60.57390516468668,0.029064696156214324,0.7528880878155711
l14_last,negation,False,6,58.849414318835144,0.02743335545192342,0.7803214432674945
l14_last,negation,False,7,48.63491523406892,0.018736607846086564,0.7990580511135812
l14_last,negation,False,8,43.754783695083766,0.015165115525689523,0.8142231666392705
l14_last,negation,False,9,40.31970904697012,0.012877436578382893,0.8271006032176536
l14_last,negation,False,10,35.493792169124774,0.009979285430405651,0.8370798886480592
l14_last,negation,False,11,32.14501128275403,0.008185058838297099,0.8452649474863563
l14_last,negation,False,12,31.23585210646585,0.007728609356810848,0.8529935568431671
l14_last,negation,False,13,30.142369023388635,0.007196965246854748,0.8601905220900219
l14_last,negation,False,14,28.55889785897319,0.006460669530266185,0.8666511916202881
l14_last,negation,False,15,27.804508934184025,0.00612385782208583,0.8727750494423739
l14_last,negation,False,16,26.911445779141367,0.0057367866797587005,0.8785118361221327
l14_last,negation,False,17,26.079507066730198,0.005387575850442853,0.8838994119725755
l14_last,negation,False,18,25.51426366440972,0.005156567642051602,0.8890559796146271
l14_last,negation,False,19,25.391862067119693,0.005107210299177102,0.8941631899138043
l14_last,negation,False,20,24.712897297623186,0.004837733821984394,0.8990009237357887
l14_last,negation,False,21,23.875840957987293,0.004515563929534867,0.9035164876653234
l14_last,negation,False,22,23.425834521704676,0.004346951381958915,0.9078634390472824
l14_last,negation,False,23,23.268483247519864,0.004288750583986045,0.9121521896312685
l14_last,negation,False,24,22.782579866312535,0.004111501409028596,0.916263691040297
l14_last,negation,False,25,21.927153548788038,0.0038085455692687033,0.9200722366095657
l14_last,negation,False,26,21.533945327099108,0.003673176970477935,0.9237454135800436
l14_last,negation,False,27,21.251181429590904,0.003577344778309518,0.9273227583583531
l14_last,negation,False,28,20.910996975251003,0.0034637307010348707,0.9307864890593881
l14_last,negation,False,29,20.001225843617885,0.0031688951369110282,0.9339553841962991
l14_last,negation,False,30,19.766972736054864,0.0030951020088589203,0.937050486205158
l14_last,negation,False,31,19.688262658917306,0.003070502319812588,0.9401209885249706
l14_last,negation,False,32,19.196284484896356,0.0029189657255644583,0.9430399542505349
l14_last,negation,False,33,18.99525692024046,0.002858149783456367,0.9458981040339912
l14_last,negation,False,34,18.71870093774302,0.0027755308071193093,0.9486736348411106
l14_last,negation,False,35,18.655005271611866,0.002756673890019941,0.9514303087311305
l14_last,negation,False,36,18.332633456937373,0.002662222509153256,0.9540925312402838
l14_last,negation,False,37,18.051666311315497,0.002581245039648261,0.9566737762799321
l14_last,negation,False,38,17.21713321287535,0.0023480985483518664,0.9590218748282839
l14_last,negation,False,39,16.79969147356494,0.002235616223586694,0.9612574910518706
l14_last,negation,False,40,16.66941299294175,0.002201077091705573,0.9634585681435762
l14_last,negation,False,41,16.32830238944469,0.002111916337675306,0.9655704844812515
l14_last,negation,False,42,15.694738901597756,0.0019512046887845912,0.9675216891700361
l14_last,negation,False,43,15.623929030137685,0.0019336379263270313,0.9694553270963632
l14_last,negation,False,44,15.471514029091606,0.0018960957795593613,0.9713514228759225
l14_last,negation,False,45,14.618621143565631,0.0016928070643830407,0.9730442299403055
l14_last,negation,False,46,14.282407617883159,0.0016158367742350845,0.9746600667145405
l14_last,negation,False,47,13.372828714547023,0.0014165803219223577,0.9760766470364629
l14_last,negation,False,48,13.152556194753197,0.0013702978384001645,0.977446944874863
l14_last,negation,False,49,12.811361274455283,0.0013001252627516963,0.9787470701376147
l14_last,negation,False,50,12.68764885231018,0.0012751372757131298,0.9800222074133279
l14_last,negation,False,51,12.450998386266424,0.0012280130846219377,0.9812502204979499
l14_last,negation,False,52,12.256663617779916,0.0011899786644797921,0.9824401991624298
l14_last,negation,False,53,11.295667113510481,0.0010106910289448363,0.9834508901913745
l14_last,negation,False,54,11.251839005477146,0.0010028631179756534,0.9844537533093503
l14_last,negation,False,55,10.814916293850578,0.0009264904890985601,0.9853802437984488
l14_last,negation,False,56,10.510539238639355,0.0008750737098971011,0.9862553175083458
l14_last,negation,False,57,10.193409988814125,0.000823064035513574,0.9870783815438594
l14_last,negation,False,58,9.791309513128935,0.0007594098032393445,0.9878377913470988
l14_last,negation,False,59,9.578885124851805,0.0007268161529455676,0.9885646075000444
l14_last,negation,False,60,8.877259685444495,0.0006242412872714295,0.9891888487873158
l14_last,negation,False,61,8.861441556823161,0.0006220186348012276,0.9898108674221171
l14_last,negation,False,62,8.643708265299756,0.0005918270916891414,0.9904026945138061
l14_last,negation,False,63,8.473584032237651,0.0005687598382196221,0.9909714543520258
l14_last,negation,False,64,8.311234292866562,0.0005471743000322444,0.991518628652058
l14_last,negation,False,65,8.055276188434782,0.0005139909965624112,0.9920326196486204
l14_last,negation,False,66,7.775252965765991,0.0004788766879338032,0.9925114963365542
l14_last,negation,False,67,7.617427431459211,0.00045963309502539747,0.9929711294315797
l14_last,negation,False,68,7.489514719947533,0.00044432627724902375,0.9934154557088287
l14_last,negation,False,69,7.329276311223192,0.0004255169164154069,0.9938409726252441
l14_last,negation,False,70,7.219284335939696,0.0004128411078768833,0.994253813733121
l14_last,negation,False,71,6.996763322443141,0.00038778321543889806,0.9946415969485599
l14_last,negation,False,72,6.85918619722847,0.00037268320792725436,0.9950142801564871
l14_last,negation,False,73,6.650621385498853,0.0003503636883710904,0.9953646438448581
l14_last,negation,False,74,6.609443113365718,0.0003460384664386811,0.9957106823112968
l14_last,negation,False,75,6.4513906937671175,0.0003296866240398259,0.9960403689353367
l14_last,negation,False,76,6.282863963541119,0.0003126870920213782,0.9963530560273581
l14_last,negation,False,77,6.190670152898984,0.0003035777727083535,0.9966566338000665
l14_last,negation,False,78,5.956080578341077,0.0002810061143879618,0.9969376399144544
l14_last,negation,False,79,5.759145674161866,0.0002627306670130049,0.9972003705814675
l14_last,negation,False,80,5.613390759212079,0.0002496003507810847,0.9974499709322485
l14_last,negation,False,81,5.580090590888678,0.00024664773967240477,0.9976966186719208
l14_last,negation,False,82,5.4020143575645,0.00023115649935906839,0.99792777517128
l14_last,negation,False,83,5.310127073544084,0.00022335952055582754,0.9981511346918358
l14_last,negation,False,84,5.045098700234168,0.00020162016909829308,0.9983527548609341
l14_last,negation,False,85,4.916723169484162,0.00019149002403527287,0.9985442448849693
l14_last,negation,False,86,4.812107201829184,0.00018342782996144528,0.9987276727149308
l14_last,negation,False,87,4.628271499780197,0.0001696806405979861,0.9988973533555288
l14_last,negation,False,88,4.570302474229106,0.0001654567647367551,0.9990628101202655
l14_last,negation,False,89,4.349375795194567,0.00014984715681553318,0.9992126572770811
l14_last,negation,False,90,4.1807086552727455,0.00013845047424452538,0.9993511077513256
l14_last,negation,False,91,4.013674545038831,0.00012760830760402773,0.9994787160589297
l14_last,negation,False,92,3.871781481673578,0.00011874526943210799,0.9995974613283617
l14_last,negation,False,93,3.7817799720540015,0.00011328884671551184,0.9997107501750773
l14_last,negation,False,94,3.710541663516009,0.00010906094724200181,0.9998198111223192
l14_last,negation,False,95,3.486116796977946,9.626723705243377e-05,0.9999160783593717
l14_last,negation,False,96,3.2549150803274407,8.3921640628458e-05,1.0
l14_last,negation,True,1,87.51253567785113,0.1440550420701994,0.1440550420701994
l14_last,negation,True,2,77.44994340522419,0.11283144178240147,0.2568864838526009
l14_last,negation,True,3,64.89872833566939,0.07922464508809492,0.3361111289406958
l14_last,negation,True,4,62.58608937958689,0.0736789724119814,0.4097901013526772
l14_last,negation,True,5,58.86273806883305,0.06517317039670559,0.4749632717493828
l14_last,negation,True,6,48.64022298049352,0.044501950116634104,0.519465221866017
l14_last,negation,True,7,44.16629238834268,0.03669186734037954,0.5561570892063964
l14_last,negation,True,8,40.540642960879545,0.030914995850250433,0.5870720850566469
l14_last,negation,True,9,35.71146056840037,0.02398850339435716,0.611060588451004
l14_last,negation,True,10,32.55796050233892,0.019938951277282523,0.6309995397282865
l14_last,negation,True,11,31.37740001794306,0.01851918358571227,0.6495187233139987
l14_last,negation,True,12,30.15885147802333,0.017108720256605432,0.6666274435706042
l14_last,negation,True,13,28.698387139949382,0.015491836613691492,0.6821192801842957
l14_last,negation,True,14,27.827311394114382,0.014565668579584905,0.6966849487638805
l14_last,negation,True,15,26.92006937058492,0.013631394213501305,0.7103163429773819
l14_last,negation,True,16,26.103200777011484,0.012816677480884584,0.7231330204582666
l14_last,negation,True,17,25.645044990227195,0.01237071662878534,0.7355037370870519
l14_last,negation,True,18,25.402235378429634,0.012137571464516767,0.7476413085515686
l14_last,negation,True,19,24.748238823030785,0.01152063785153557,0.7591619464031042
l14_last,negation,True,20,23.946252895541626,0.010786065610069152,0.7699480120131733
l14_last,negation,True,21,23.555144278662365,0.010436610257861063,0.7803846222710343
l14_last,negation,True,22,23.419776096089443,0.01031699940721338,0.7907016216782476
l14_last,negation,True,23,22.80161241150689,0.009779553940812254,0.8004811756190598
l14_last,negation,True,24,21.92836463333506,0.009044830166898808,0.8095260057859588
l14_last,negation,True,25,21.53555826976818,0.008723689455782134,0.818249695241741
l14_last,negation,True,26,21.264045064140635,0.008505105324743436,0.8267548005664844
l14_last,negation,True,27,20.982743662213156,0.008281566209543014,0.8350363667760274
l14_last,negation,True,28,20.02504226845556,0.0075428385344491426,0.8425792053104766
l14_last,negation,True,29,19.891566662033146,0.0074426210562987425,0.8500218263667754
l14_last,negation,True,30,19.730578048137076,0.007322637682643237,0.8573444640494186
l14_last,negation,True,31,19.36908442163888,0.007056772429751224,0.8644012364791699
l14_last,negation,True,32,19.13202901593117,0.006885095838805415,0.8712863323179753
l14_last,negation,True,33,18.766413946379654,0.006624460449961769,0.877910792767937
l14_last,negation,True,34,18.655254076134796,0.006546214998433564,0.8844570077663706
l14_last,negation,True,35,18.33663994000085,0.006324518141106485,0.8907815259074772
l14_last,negation,True,36,18.0580158886125,0.0061337771004152655,0.8969153030078924
l14_last,negation,True,37,17.217146315167422,0.005575839557413251,0.9024911425653055
l14_last,negation,True,38,16.813851076873622,0.005317681490599387,0.9078088240559049
l14_last,negation,True,39,16.72874255696098,0.005263983552872333,0.9130728076087773
l14_last,negation,True,40,16.339370669238615,0.005021790357636315,0.9180945979664136
l14_last,negation,True,41,15.697604895917483,0.004635053120983824,0.9227296510873974
l14_last,negation,True,42,15.627303736298131,0.004593630246784441,0.9273232813341817
l14_last,negation,True,43,15.479771379767305,0.004507305684371689,0.9318305870185534
l14_last,negation,True,44,14.618622644917462,0.004019766620148568,0.935850353638702
l14_last,negation,True,45,14.283761458066332,0.0038377184119656074,0.9396880720506675
l14_last,negation,True,46,13.376433662063448,0.0033656473452790088,0.9430537193959465
l14_last,negation,True,47,13.15257249678889,0.0032539384726717564,0.9463076578686183
l14_last,negation,True,48,12.81204993439064,0.003087629441897489,0.9493952873105159
l14_last,negation,True,49,12.68962808142564,0.003028905441236308,0.9524241927517523
l14_last,negation,True,50,12.465321616889202,0.0029227717737760526,0.9553469645255284
l14_last,negation,True,51,12.273273153610383,0.002833405470909353,0.9581803699964377
l14_last,negation,True,52,11.339221693825438,0.0024185463833124882,0.9605989163797503
l14_last,negation,True,53,11.251940931609363,0.0023814573904528402,0.9629803737702031
l14_last,negation,True,54,10.832902478195503,0.00220738249994968,0.9651877562701527
l14_last,negation,True,55,10.51747550702021,0.002080707088939225,0.967268463359092
l14_last,negation,True,56,10.193417164132159,0.0019544633195902037,0.969222926678682
l14_last,negation,True,57,9.791742419648479,0.001803465709077795,0.9710263923877598
l14_last,negation,True,58,9.592408155295265,0.0017307854175537536,0.9727571778053136
l14_last,negation,True,59,8.956679618616818,0.001508974871472207,0.9742661526767858
l14_last,negation,True,60,8.876637620228838,0.0014821252611780403,0.9757482779379639
l14_last,negation,True,61,8.650882887126883,0.0014076957311950989,0.9771559736691591
l14_last,negation,True,62,8.477700486465627,0.0013518984381951852,0.9785078721073543
l14_last,negation,True,63,8.327794841303398,0.0013045116544043802,0.9798123837617587
l14_last,negation,True,64,8.055402122968784,0.0012205691205619503,0.9810329528823205
l14_last,negation,True,65,7.7900190237153275,0.0011414712163744286,0.9821744240986949
l14_last,negation,True,66,7.622070588610026,0.001092782826207035,0.983267206924902
l14_last,negation,True,67,7.491784803684357,0.0010557437433303444,0.9843229506682324
l14_last,negation,True,68,7.33062554082487,0.0010108110933529596,0.9853337617615854
l14_last,negation,True,69,7.250910788650656,0.0009889470785530102,0.9863227088401385
l14_last,negation,True,70,7.003736610742035,0.0009226724189639708,0.9872453812591024
l14_last,negation,True,71,6.862747388327391,0.0008858984759829369,0.9881312797350853
l14_last,negation,True,72,6.662157462857071,0.0008348678067690545,0.9889661475418542
l14_last,negation,True,73,6.618746643702984,0.0008240232064625571,0.9897901707483168
l14_last,negation,True,74,6.4554475033359715,0.0007838638489153844,0.9905740345972321
l14_last,negation,True,75,6.282865342203007,0.0007425119229175125,0.9913165465201497
l14_last,negation,True,76,6.19150590863858,0.0007210751211745306,0.9920376216413243
l14_last,negation,True,77,5.95628554578041,0.0006673273856589884,0.9927049490269833
l14_last,negation,True,78,5.776509994387261,0.0006276521001924346,0.9933326011271758
l14_last,negation,True,79,5.613411996812461,0.0005927093320217897,0.9939253104591976
l14_last,negation,True,80,5.583997806698165,0.0005865140312414213,0.9945118244904387
l14_last,negation,True,81,5.422794844267007,0.0005531389960760285,0.9950649634865146
l14_last,negation,True,82,5.316622591924237,0.0005316913476340374,0.9955966548341486
l14_last,negation,True,83,5.063435822782025,0.00048225700850225753,0.996078911842651
l14_last,negation,True,84,4.9196693595884335,0.000455260278455564,0.9965341721211065
l14_last,negation,True,85,4.812380315081202,0.0004356200008165288,0.996969792121923
l14_last,negation,True,86,4.630097018210504,0.0004032441825176795,0.9973730363044407
l14_last,negation,True,87,4.574595717958336,0.00039363469157812226,0.9977666709960189
l14_last,negation,True,88,4.3615484325853275,0.0003578238853301309,0.9981244948813491
l14_last,negation,True,89,4.180800555935481,0.0003287810881232779,0.9984532759694724
l14_last,negation,True,90,4.021922720990889,0.00030426736357245604,0.9987575433330449
l14_last,negation,True,91,3.8737149439286083,0.00028225604133589563,0.9990397993743808
l14_last,negation,True,92,3.7892447541934002,0.00027008050953486365,0.9993098798839156
l14_last,negation,True,93,3.7270690908723356,0.0002612900159509637,0.9995711698998667
l14_last,negation,True,94,3.4892600156300033,0.00022901007856667699,0.9998001799784333
l14_last,negation,True,95,3.2593090059551746,0.00019982002156671895,1.0
l14_last,negation,True,96,2.0013853228679315e-14,7.534411731577894e-33,1.0
l14_last,time,False,1,104.02720050237436,0.4362214444883906,0.4362214444883906
l14_last,time,False,2,43.43619628548041,0.07605307233305707,0.5122745168214476
l14_last,time,False,3,36.09972726296971,0.05253164861216411,0.5648061654336118
l14_last,time,False,4,31.638386032652654,0.040349841260548414,0.6051560066941601
l14_last,time,False,5,27.4358466362741,0.03034239949491063,0.6354984061890708
l14_last,time,False,6,25.026717386630935,0.02524765038949379,0.6607460565785646
l14_last,time,False,7,24.216461249047875,0.023639296560846165,0.6843853531394107
l14_last,time,False,8,20.978519536954483,0.017740377712117072,0.702125730851528
l14_last,time,False,9,20.084614193565656,0.016260735162185264,0.7183864660137134
l14_last,time,False,10,19.946309202873014,0.016037559594107142,0.7344240256078205
l14_last,time,False,11,18.456804615122884,0.013731760449865642,0.7481557860576862
l14_last,time,False,12,17.48521479866647,0.012324097702152493,0.7604798837598388
l14_last,time,False,13,17.40117985578948,0.012205921728899696,0.7726858054887384
l14_last,time,False,14,16.51585375174069,0.01099550666362926,0.7836813121523678
l14_last,time,False,15,15.503907436703015,0.009689369607797602,0.7933706817601653
l14_last,time,False,16,15.374374873305825,0.009528139819906356,0.8028988215800713
l14_last,time,False,17,14.765778216131858,0.008788724906871217,0.8116875464869425
l14_last,time,False,18,14.428392422895019,0.008391683206269056,0.8200792296932116
l14_last,time,False,19,13.927572101385943,0.007819230574862132,0.8278984602680737
l14_last,time,False,20,13.612807266793764,0.007469793231797282,0.835368253499871
l14_last,time,False,21,13.145177644690984,0.00696540074677662,0.8423336542466476
l14_last,time,False,22,12.754898576781212,0.006557936515943369,0.848891590762591
l14_last,time,False,23,12.603611760859966,0.00640329075877528,0.8552948815213663
l14_last,time,False,24,12.201514209864362,0.006001235215803989,0.8612961167371702
l14_last,time,False,25,12.057129004515435,0.005860045718808247,0.8671561624559785
l14_last,time,False,26,11.961062092015293,0.0057670362170277045,0.8729231986730062
l14_last,time,False,27,11.772110726567304,0.005586269269142119,0.8785094679421482
l14_last,time,False,28,11.551473259499167,0.0053788315451911515,0.8838882994873394
l14_last,time,False,29,11.49346513603443,0.005324945345400719,0.8892132448327402
l14_last,time,False,30,11.218080120040643,0.0050728294783861086,0.8942860743111263
l14_last,time,False,31,10.823490530539056,0.004722238004219338,0.8990083123153456
l14_last,time,False,32,10.541600579545095,0.004479466598896017,0.9034877789142417
l14_last,time,False,33,10.322876095782725,0.004295508850458198,0.9077832877647
l14_last,time,False,34,10.09999898635453,0.004112025975421122,0.911895313740121
l14_last,time,False,35,9.949038745718523,0.003990023314853661,0.9158853370549747
l14_last,time,False,36,9.777771241013081,0.0038538333773227612,0.9197391704322975
l14_last,time,False,37,9.667689876748307,0.0037675464034256016,0.9235067168357229
l14_last,time,False,38,9.504434430690848,0.003641377855998847,0.9271480946917218
l14_last,time,False,39,9.338163115598395,0.003515087178510091,0.9306631818702319
l14_last,time,False,40,9.257610391319812,0.0034547051540577338,0.9341178870242897
l14_last,time,False,41,9.117987141474062,0.003351283280363266,0.9374691703046528
l14_last,time,False,42,8.964526127287222,0.0032394245088244907,0.9407085948134774
l14_last,time,False,43,8.85652644270451,0.003161841069642795,0.9438704358831201
l14_last,time,False,44,8.515326157363122,0.002922912154916554,0.9467933480380367
l14_last,time,False,45,8.218183593853398,0.002722481061395304,0.949515829099432
l14_last,time,False,46,7.951164551622583,0.0025484415181537476,0.9520642706175858
l14_last,time,False,47,7.815155293434403,0.002462002068404898,0.9545262726859908
l14_last,time,False,48,7.64598336793679,0.0023565675165200663,0.9568828402025108
l14_last,time,False,49,7.538795482569035,0.002290957920537612,0.9591737981230485
l14_last,time,False,50,7.387729501861397,0.002200063217377873,0.9613738613404263
l14_last,time,False,51,7.272527339687038,0.0021319838677411156,0.9635058452081674
l14_last,time,False,52,7.089426996222199,0.00202598142105118,0.9655318266292185
l14_last,time,False,53,6.940569045295728,0.0019417948590907032,0.9674736214883092
l14_last,time,False,54,6.692894182567719,0.00180568132474938,0.9692793028130586
l14_last,time,False,55,6.455521265314154,0.0016798705681386143,0.9709591733811973
l14_last,time,False,56,6.367781789313805,0.0016345173476306819,0.972593690728828
l14_last,time,False,57,6.178813056847487,0.0015389457132442875,0.9741326364420722
l14_last,time,False,58,6.068368837517889,0.0014844211310026953,0.9756170575730747
l14_last,time,False,59,5.855635146676729,0.0013821691863032566,0.976999226759378
l14_last,time,False,60,5.812903819082148,0.0013620701120004544,0.9783612968713784
l14_last,time,False,61,5.543794706336826,0.0012388749393402061,0.9796001718107186
l14_last,time,False,62,5.425192447544792,0.001186433732556583,0.9807866055432752
l14_last,time,False,63,5.226934018852965,0.0011013040208270727,0.9818879095641023
l14_last,time,False,64,4.938151153356711,0.0009829738116175063,0.9828708833757202
l14_last,time,False,65,4.850931450585815,0.0009485570673667713,0.9838194404430869
l14_last,time,False,66,4.761949483237573,0.000914076948392083,0.9847335173914791
l14_last,time,False,67,4.611910127506092,0.000857382984263805,0.9855909003757429
l14_last,time,False,68,4.570812299739595,0.0008421703819000014,0.9864330707576429
l14_last,time,False,69,4.484418454999753,0.0008106351875002439,0.9872437059451431
l14_last,time,False,70,4.379373529311028,0.0007731026590339493,0.9880168086041771
l14_last,time,False,71,4.274459372220203,0.0007365047907461835,0.9887533133949232
l14_last,time,False,72,4.219200427615761,0.0007175852479543312,0.9894708986428774
l14_last,time,False,73,4.194134810508181,0.0007090844482303111,0.9901799830911077
l14_last,time,False,74,4.093593129290937,0.0006754956227278998,0.9908554787138356
l14_last,time,False,75,4.070801961666742,0.0006679948885044743,0.99152347360234
l14_last,time,False,76,3.9624707738074414,0.000632914919086358,0.9921563885214265
l14_last,time,False,77,3.911605313554052,0.0006167700036495764,0.9927731585250761
l14_last,time,False,78,3.8587290590727763,0.0006002079731211178,0.9933733664981972
l14_last,time,False,79,3.802696182082197,0.0005829032091961332,0.9939562697073933
l14_last,time,False,80,3.7563603736888562,0.0005687844175923933,0.9945250541249856
l14_last,time,False,81,3.579703370486428,0.0005165439393411477,0.9950415980643268
l14_last,time,False,82,3.5370439469005093,0.0005043059599275055,0.9955459040242544
l14_last,time,False,83,3.4738740980833454,0.000486453506165357,0.9960323575304197
l14_last,time,False,84,3.3646555798888063,0.0004563461787824792,0.9964887037092022
l14_last,time,False,85,3.292467749997614,0.0004369746552693292,0.9969256783644715
l14_last,time,False,86,3.245482542950055,0.00042459193824380436,0.9973502703027154
l14_last,time,False,87,3.0163680236545996,0.00036675989982311297,0.9977170302025384
l14_last,time,False,88,2.994832836761434,0.0003615416715439538,0.9980785718740822
l14_last,time,False,89,2.88880652137786,0.000336395440438275,0.9984149673145205
l14_last,time,False,90,2.799620017269033,0.0003159449143866484,0.9987309122289071
l14_last,time,False,91,2.7770504657020765,0.0003108713742238732,0.9990417836031309
l14_last,time,False,92,2.341420139383242,0.0002209896266168904,0.9992627732297478
l14_last,time,False,93,2.251069866938252,0.00020426367348855582,0.9994670369032363
l14_last,time,False,94,2.1424328296856383,0.00018502380942191372,0.9996520607126582
l14_last,time,False,95,2.108634949045038,0.00017923218105903585,0.9998312928937173
l14_last,time,False,96,2.0457854884206292,0.00016870710628252652,1.0
l14_last,time,True,1,43.50333274602447,0.1334388372665267,0.1334388372665267
l14_last,time,True,2,36.27236871267625,0.0927660417009806,0.2262048789675073
l14_last,time,True,3,32.60586491282785,0.07495983824221313,0.30116471720972043
l14_last,time,True,4,27.448667230324784,0.05312264799956869,0.3542873652092891
l14_last,time,True,5,25.409816828712156,0.04552398374578642,0.39981134895507553
l14_last,time,True,6,24.981446857906562,0.04400199493692351,0.44381334389199906
l14_last,time,True,7,20.99253143292141,0.031071828785714326,0.4748851726777134
l14_last,time,True,8,20.585132545786273,0.029877518660406582,0.50476269133812
l14_last,time,True,9,20.078949928764967,0.028426224675649585,0.5331889160137695
l14_last,time,True,10,18.547553125140787,0.0242555115440224,0.557444427557792
l14_last,time,True,11,17.712287346295,0.022120069601701375,0.5795644971594933
l14_last,time,True,12,17.45512943556239,0.0214824266727473,0.6010469238322406
l14_last,time,True,13,16.5697048557701,0.01935827862027913,0.6204052024525197
l14_last,time,True,14,15.50687572632348,0.016954531897016747,0.6373597343495365
l14_last,time,True,15,15.378587026832838,0.016675161936689716,0.6540348962862262
l14_last,time,True,16,14.83572937412161,0.015518687790794045,0.6695535840770204
l14_last,time,True,17,14.428800366064436,0.01467903953463979,0.68423262361166
l14_last,time,True,18,13.939781193295534,0.01370090025608445,0.6979335238677444
l14_last,time,True,19,13.644079096248417,0.013125795922977569,0.711059319790722
l14_last,time,True,20,13.156962702696312,0.012205300544001728,0.7232646203347237
l14_last,time,True,21,12.775023874473467,0.011506960750168665,0.7347715810848923
l14_last,time,True,22,12.665114264201824,0.01130981277364251,0.7460813938585349
l14_last,time,True,23,12.20456531861878,0.010502237202696697,0.7565836310612316
l14_last,time,True,24,12.182361658065348,0.010464058703871335,0.7670476897651031
l14_last,time,True,25,11.975104566563775,0.010111039792656326,0.7771587295577593
l14_last,time,True,26,11.832424412320016,0.009871534517848304,0.7870302640756077
l14_last,time,True,27,11.55439719457536,0.009413080579972812,0.7964433446555805
l14_last,time,True,28,11.50125479507291,0.009326692114649328,0.80577003677023
l14_last,time,True,29,11.219043357456423,0.008874601149247043,0.8146446379194769
l14_last,time,True,30,10.834826723942422,0.008277155827021272,0.8229217937464982
l14_last,time,True,31,10.567187746880176,0.007873286188642423,0.8307950799351406
l14_last,time,True,32,10.341797316541022,0.007541005106626159,0.8383360850417666
l14_last,time,True,33,10.112867642775004,0.007210839637034463,0.845546924678801
l14_last,time,True,34,9.983585577812498,0.007027652536970161,0.8525745772157711
l14_last,time,True,35,9.78116527867171,0.006745565845294841,0.8593201430610661
l14_last,time,True,36,9.682877338118175,0.006610678728114461,0.8659308217891805
l14_last,time,True,37,9.520920128413234,0.0063913858165420105,0.8723222076057224
l14_last,time,True,38,9.343705861040275,0.006155672524279495,0.8784778801300019
l14_last,time,True,39,9.27091117180386,0.006060131258019961,0.8845380113880219
l14_last,time,True,40,9.127138407338228,0.005873628353737502,0.8904116397417594
l14_last,time,True,41,8.964537626111923,0.00566621408915578,0.8960778538309152
l14_last,time,True,42,8.873740844619446,0.005552015540528351,0.9016298693714435
l14_last,time,True,43,8.541607061831513,0.005144182509081214,0.9067740518805247
l14_last,time,True,44,8.228954621364961,0.0047744849167764,0.9115485367973012
l14_last,time,True,45,7.952778775392858,0.004459385263342561,0.9160079220606436
l14_last,time,True,46,7.821962950121787,0.00431388635541412,0.9203218084160578
l14_last,time,True,47,7.646017897704654,0.004121998329276607,0.9244438067453344
l14_last,time,True,48,7.539882051099333,0.004008356081936102,0.9284521628272707
l14_last,time,True,49,7.3919114331026154,0.0038525714354053476,0.9323047342626761
l14_last,time,True,50,7.292566790166882,0.00374971294087029,0.9360544472035465
l14_last,time,True,51,7.091279882197301,0.003545573103520274,0.9396000203070668
l14_last,time,True,52,6.944282483919909,0.00340010202545104,0.9430001223325177
l14_last,time,True,53,6.695692354253053,0.0031610267631605733,0.9461611490956783
l14_last,time,True,54,6.464012968603397,0.0029460602815988865,0.9491072093772771
l14_last,time,True,55,6.368417238779285,0.002859566557834627,0.9519667759351118
l14_last,time,True,56,6.187603580892527,0.002699492685838682,0.9546662686209505
l14_last,time,True,57,6.077668362763539,0.0026044209956070695,0.9572706896165576
l14_last,time,True,58,5.871395164974174,0.002430635365729171,0.9597013249822867
l14_last,time,True,59,5.815745054856214,0.002384777749704789,0.9620861027319915
l14_last,time,True,60,5.5445939477117285,0.002167587730248518,0.9642536904622401
l14_last,time,True,61,5.426952988400666,0.0020765830739981816,0.9663302735362382
l14_last,time,True,62,5.22694695762374,0.0019263419251420485,0.9682566154613803
l14_last,time,True,63,4.938593643773119,0.001719664702417224,0.9699762801637974
l14_last,time,True,64,4.851032529439133,0.0016592260769300617,0.9716355062407275
l14_last,time,True,65,4.7625854787986945,0.0015992735617063154,0.9732347798024338
l14_last,time,True,66,4.626427450549117,0.0015091371257985704,0.9747439169282324
l14_last,time,True,67,4.570820833109057,0.0014730774698151364,0.9762169943980475
l14_last,time,True,68,4.484644864439621,0.001418055750827069,0.9776350501488746
l14_last,time,True,69,4.382982359355189,0.0013544925987055401,0.9789895427475801
l14_last,time,True,70,4.2861211823529475,0.0012952872255091788,0.9802848299730894
l14_last,time,True,71,4.219202743670007,0.0012551567922171008,0.9815399867653065
l14_last,time,True,72,4.19432501387353,0.001240398841039942,0.9827803856063463
l14_last,time,True,73,4.099663985858664,0.0011850419281741384,0.9839654275345203
l14_last,time,True,74,4.073369782564136,0.0011698895604814713,0.9851353170950019
l14_last,time,True,75,3.962752313046474,0.0011072126707862091,0.9862425297657881
l14_last,time,True,76,3.924311164873679,0.001085835566401935,0.98732836533219
l14_last,time,True,77,3.861235009402541,0.0010512104301882532,0.9883795757623782
l14_last,time,True,78,3.8026962130954227,0.001019577998589274,0.9893991537609675
l14_last,time,True,79,3.757458531135718,0.0009954640562138866,0.9903946178171814
l14_last,time,True,80,3.5876402407661323,0.0009075174073893128,0.9913021352245708
l14_last,time,True,81,3.5631431710150148,0.0008951663268512422,0.9921973015514219
l14_last,time,True,82,3.474000853661086,0.0008509362646346953,0.9930482378160566
l14_last,time,True,83,3.371763233617607,0.000801588231146508,0.9938498260472032
l14_last,time,True,84,3.293229016004554,0.0007646823345081483,0.9946145083817113
l14_last,time,True,85,3.245783160271675,0.0007428073567105867,0.9953573157384219
l14_last,time,True,86,3.018708666291796,0.0006425095599774295,0.9959998252983994
l14_last,time,True,87,3.0046953978152877,0.0006365581669596512,0.996636383465359
l14_last,time,True,88,2.8888873517359888,0.0005884348769505768,0.9972248183423096
l14_last,time,True,89,2.79983226803445,0.0005527149603489109,0.9977775333026586
l14_last,time,True,90,2.7776259585649057,0.0005439822329182234,0.9983215155355768
l14_last,time,True,91,2.3418143545500185,0.00038667146013086207,0.9987081869957076
l14_last,time,True,92,2.254373079518458,0.00035833462107009463,0.9990665216167777
l14_last,time,True,93,2.145644401259866,0.00032460311740298737,0.9993911247341806
l14_last,time,True,94,2.108774829310722,0.0003135433607974134,0.9997046680949779
l14_last,time,True,95,2.0466170506156,0.00029533190502183484,0.9999999999999998
l14_last,time,True,96,1.1510153808613937e-14,9.341130620811275e-33,1.0
l14_last,emphasis,False,1,184.26728036089344,0.5773071036299597,0.5773071036299597
l14_last,emphasis,False,2,62.04440638593587,0.06545091417718324,0.642758017807143
l14_last,emphasis,False,3,49.935659260836566,0.04239669717512087,0.685154714982264
l14_last,emphasis,False,4,44.766031065005976,0.03407278499768271,0.7192274999799467
l14_last,emphasis,False,5,39.01142074705521,0.02587581178100106,0.7451033117609477
l14_last,emphasis,False,6,34.65501382376808,0.02041938239034613,0.7655226941512938
l14_last,emphasis,False,7,31.71688504260595,0.017103756520390135,0.782626450671684
l14_last,emphasis,False,8,30.73580816694886,0.01606200375903333,0.7986884544307172
l14_last,emphasis,False,9,26.53847747262103,0.011974639738652895,0.8106630941693701
l14_last,emphasis,False,10,25.960583503325097,0.011458805521433564,0.8221218996908037
l14_last,emphasis,False,11,24.27346908922162,0.010017841288145547,0.8321397409789493
l14_last,emphasis,False,12,22.522019715635945,0.008624325075615847,0.8407640660545652
l14_last,emphasis,False,13,20.935738099640922,0.007452242915571853,0.8482163089701371
l14_last,emphasis,False,14,20.332962224688373,0.007029294791257797,0.8552456037613949
l14_last,emphasis,False,15,19.99070802541565,0.006794645477016066,0.862040249238411
l14_last,emphasis,False,16,18.734259158812847,0.0059673772842955795,0.8680076265227064
l14_last,emphasis,False,17,18.637156136537243,0.005905677628396139,0.8739133041511025
l14_last,emphasis,False,18,18.251153729757647,0.005663580733512525,0.8795768848846149
l14_last,emphasis,False,19,17.71430739344753,0.005335299485464854,0.8849121843700798
l14_last,emphasis,False,20,17.40010946272675,0.005147714000535433,0.8900598983706153
l14_last,emphasis,False,21,17.268439962704985,0.00507010156602284,0.895129999936638
l14_last,emphasis,False,22,16.75572093851091,0.004773497360293553,0.8999034972969315
l14_last,emphasis,False,23,16.211747833399556,0.004468586087510876,0.9043720833844424
l14_last,emphasis,False,24,16.071138362413524,0.004391407401774894,0.9087634907862178
l14_last,emphasis,False,25,15.902116907117994,0.004299523560890987,0.9130630143471087
l14_last,emphasis,False,26,15.495239780201704,0.00408232006433669,0.9171453344114454
l14_last,emphasis,False,27,14.987788962477227,0.0038193159626489586,0.9209646503740944
l14_last,emphasis,False,28,14.848444275835824,0.0037486280990629297,0.9247132784731573
l14_last,emphasis,False,29,14.63919616013115,0.003643719272969167,0.9283569977461265
l14_last,emphasis,False,30,14.203798261719843,0.00343019997948243,0.9317871977256089
l14_last,emphasis,False,31,13.86722689187662,0.0032695628654873863,0.9350567605910963
l14_last,emphasis,False,32,13.561051592318316,0.0031267789947707087,0.9381835395858669
l14_last,emphasis,False,33,13.367713464438733,0.003038258385271433,0.9412217979711384
l14_last,emphasis,False,34,12.990416881215555,0.0028691722791420442,0.9440909702502803
l14_last,emphasis,False,35,12.828709379142754,0.0027981847337861976,0.9468891549840665
l14_last,emphasis,False,36,12.502705804742726,0.0026577766008984496,0.949546931584965
l14_last,emphasis,False,37,12.215842626165236,0.002537215218438357,0.9520841468034034
l14_last,emphasis,False,38,12.17323714172657,0.002519547870128478,0.9546036946735318
l14_last,emphasis,False,39,11.923932719947672,0.002417405373303882,0.9570211000468357
l14_last,emphasis,False,40,11.639513488471078,0.0023034569775512944,0.9593245570243871
l14_last,emphasis,False,41,11.544363637762768,0.0022659506426740915,0.9615905076670612
l14_last,emphasis,False,42,11.379568797200546,0.0022017198650882636,0.9637922275321495
l14_last,emphasis,False,43,11.182159642796325,0.0021259929779020507,0.9659182205100516
l14_last,emphasis,False,44,10.64238622760477,0.0019256993394320865,0.9678439198494837
l14_last,emphasis,False,45,10.443784243064949,0.0018544974126008125,0.9696984172620845
l14_last,emphasis,False,46,10.168663848646007,0.0017580783711288212,0.9714564956332133
l14_last,emphasis,False,47,9.97109257439579,0.0016904251523771861,0.9731469207855905
l14_last,emphasis,False,48,9.663108723000537,0.0015876112995380012,0.9747345320851284
l14_last,emphasis,False,49,9.370268140554089,0.0014928442066853638,0.9762273762918137
l14_last,emphasis,False,50,8.913667825046508,0.001350900432640664,0.9775782767244543
l14_last,emphasis,False,51,8.846586207688219,0.0013306439914376707,0.978908920715892
l14_last,emphasis,False,52,8.586864523262484,0.0012536597173745884,0.9801625804332665
l14_last,emphasis,False,53,8.36151455955832,0.0011887221357124124,0.9813513025689788
l14_last,emphasis,False,54,8.102342158849089,0.0011161732445957437,0.9824674758135745
l14_last,emphasis,False,55,7.740298203940643,0.0010186519824680437,0.9834861277960426
l14_last,emphasis,False,56,7.34209477948846,0.0009165378875538942,0.9844026656835967
l14_last,emphasis,False,57,7.285987922081575,0.0009025834029608333,0.9853052490865575
l14_last,emphasis,False,58,7.149061075508584,0.0008689773646491187,0.9861742264512067
l14_last,emphasis,False,59,7.08174629524979,0.0008526900149211606,0.9870269164661277
l14_last,emphasis,False,60,6.597075823154092,0.0007399687865040319,0.9877668852526319
l14_last,emphasis,False,61,6.473110278240027,0.000712420587317878,0.9884793058399497
l14_last,emphasis,False,62,6.228450652577246,0.0006595845969714859,0.9891388904369213
l14_last,emphasis,False,63,6.031666204025418,0.0006185645802485853,0.9897574550171698
l14_last,emphasis,False,64,5.935688888951558,0.0005990357053474983,0.9903564907225174
l14_last,emphasis,False,65,5.840939589203249,0.0005800639536175119,0.9909365546761348
l14_last,emphasis,False,66,5.762930531480161,0.0005646732547612879,0.9915012279308961
l14_last,emphasis,False,67,5.531668804049604,0.0005202628180315083,0.9920214907489276
l14_last,emphasis,False,68,5.387529890924584,0.0004935030428077626,0.9925149937917354
l14_last,emphasis,False,69,5.298264890524526,0.0004772849982234565,0.9929922787899589
l14_last,emphasis,False,70,5.20829622716791,0.0004612132800267595,0.9934534920699857
l14_last,emphasis,False,71,5.163600052736805,0.0004533312339798249,0.9939068233039655
l14_last,emphasis,False,72,4.948944693593841,0.00041642390285094995,0.9943232472068163
l14_last,emphasis,False,73,4.859840651205798,0.0004015637564861412,0.9947248109633025
l14_last,emphasis,False,74,4.757334549912236,0.00038480245672450403,0.995109613420027
l14_last,emphasis,False,75,4.632294953649347,0.00036484034562873696,0.9954744537656557
l14_last,emphasis,False,76,4.588148470383188,0.0003579195126281197,0.9958323732782839
l14_last,emphasis,False,77,4.488697678716227,0.0003425714462690604,0.9961749447245528
l14_last,emphasis,False,78,4.341724179277282,0.00032050507423999713,0.9964954497987929
l14_last,emphasis,False,79,4.2916962289014995,0.00031316152435663256,0.9968086113231495
l14_last,emphasis,False,80,4.171148679791195,0.000295816088536714,0.9971044274116865
l14_last,emphasis,False,81,4.045288535216486,0.0002782335241444297,0.9973826609358308
l14_last,emphasis,False,82,3.850142940809337,0.0002520369156819449,0.9976346978515128
l14_last,emphasis,False,83,3.749480839825837,0.00023903017346431533,0.9978737280249771
l14_last,emphasis,False,84,3.6742692903374405,0.00022953684885339547,0.9981032648738305
l14_last,emphasis,False,85,3.6236117192164596,0.00022325117865791962,0.9983265160524885
l14_last,emphasis,False,86,3.4788446036069507,0.00020576926614724144,0.9985322853186357
l14_last,emphasis,False,87,3.397209102993386,0.00019622530264589222,0.9987285106212817
l14_last,emphasis,False,88,3.3361893243365417,0.0001892395148281481,0.9989177501361096
l14_last,emphasis,False,89,3.150786581951879,0.00016879066488871124,0.9990865408009983
l14_last,emphasis,False,90,2.9610663227274814,0.00014907565259880483,0.9992356164535972
l14_last,emphasis,False,91,2.9018084791085363,0.0001431686533849698,0.9993787851069821
l14_last,emphasis,False,92,2.8657189610161566,0.00013962964817751538,0.9995184147551596
l14_last,emphasis,False,93,2.7589285520770215,0.0001294170084841665,0.9996478317636438
l14_last,emphasis,False,94,2.670836772028676,0.00012128445562487463,0.9997691162192687
l14_last,emphasis,False,95,2.63811950330931,0.0001183312299268063,0.9998874474491954
l14_last,emphasis,False,96,2.5728972709662403,0.00011255255080449636,1.0
l14_last,emphasis,True,1,62.14126307434547,0.1530699061456208,0.1530699061456208
l14_last,emphasis,True,2,51.36759436661384,0.1045943241354179,0.2576642302810387
l14_last,emphasis,True,3,45.32936753955354,0.08144960495595811,0.3391138352369968
l14_last,emphasis,True,4,39.57580836588768,0.062085366892456584,0.40119920212945337
l14_last,emphasis,True,5,34.66031609691905,0.04762058226300117,0.44881978439245457
l14_last,emphasis,True,6,31.74735247355219,0.03995256719334243,0.48877235158579696
l14_last,emphasis,True,7,30.74012612526199,0.0374576867301816,0.5262300383159786
l14_last,emphasis,True,8,27.07402639490025,0.02905596870215694,0.5552860070181356
l14_last,emphasis,True,9,25.9759349262926,0.026746812816653195,0.5820328198347887
l14_last,emphasis,True,10,24.405755857708243,0.023610989501209396,0.6056438093359982
l14_last,emphasis,True,11,22.793144083123288,0.020593877958954444,0.6262376872949525
l14_last,emphasis,True,12,21.03131821499204,0.017533259159054213,0.6437709464540068
l14_last,emphasis,True,13,20.55531314465546,0.01674857482073795,0.6605195212747448
l14_last,emphasis,True,14,20.094772405627012,0.016006480375926502,0.6765260016506712
l14_last,emphasis,True,15,18.84518490576702,0.014077659906553405,0.6906036615572245
l14_last,emphasis,True,16,18.715683337077344,0.013884845129321722,0.7044885066865463
l14_last,emphasis,True,17,18.25619248146811,0.013211437516740157,0.7176999442032865
l14_last,emphasis,True,18,17.76775222335868,0.012513956515229045,0.7302139007185156
l14_last,emphasis,True,19,17.533221519582717,0.012185773534631622,0.742399674253147
l14_last,emphasis,True,20,17.271979533577408,0.011825346974853473,0.7542250212280005
l14_last,emphasis,True,21,16.761080841445242,0.011136114934716564,0.7653611361627171
l14_last,emphasis,True,22,16.28537910720319,0.010512969610010785,0.7758741057727278
l14_last,emphasis,True,23,16.159518651517836,0.010351099980454418,0.7862252057531822
l14_last,emphasis,True,24,15.905071322913573,0.010027690125585943,0.7962528958787684
l14_last,emphasis,True,25,15.667230650115078,0.009730029057515311,0.8059829249362838
l14_last,emphasis,True,26,15.055475588351118,0.00898501116527097,0.8149679361015547
l14_last,emphasis,True,27,14.849107744324439,0.008740381317102978,0.8237083174186577
l14_last,emphasis,True,28,14.652399460757632,0.008510344941585382,0.8322186623602431
l14_last,emphasis,True,29,14.225321430321666,0.008021467712884898,0.840240130073128
l14_last,emphasis,True,30,13.867894710249296,0.007623435574826308,0.8478635656479544
l14_last,emphasis,True,31,13.565972237143411,0.007295104391946056,0.8551586700399004
l14_last,emphasis,True,32,13.393928563015495,0.0071112446434820915,0.8622699146833823
l14_last,emphasis,True,33,12.994334632926567,0.0066932609370316,0.8689631756204139
l14_last,emphasis,True,34,12.862655553927478,0.006558294925489044,0.875521470545903
l14_last,emphasis,True,35,12.598587249776658,0.006291777543863801,0.8818132480897668
l14_last,emphasis,True,36,12.365579722488619,0.006061200167694751,0.8878744482574615
l14_last,emphasis,True,37,12.176877282794885,0.005877620230462132,0.8937520684879238
l14_last,emphasis,True,38,11.984379612490432,0.005693256849468763,0.8994453253373925
l14_last,emphasis,True,39,11.640731053631402,0.005371433136143619,0.9048167584735362
l14_last,emphasis,True,40,11.546819608781652,0.005285114799825553,0.9101018732733616
l14_last,emphasis,True,41,11.391505408737943,0.0051438927440378875,0.9152457660173995
l14_last,emphasis,True,42,11.211680483692454,0.004982772835086628,0.920228538852486
l14_last,emphasis,True,43,10.654056054379337,0.004499451945885493,0.9247279907983716
l14_last,emphasis,True,44,10.445373404403215,0.00432491526294414,0.9290529060613157
l14_last,emphasis,True,45,10.179346385871389,0.004107423172703865,0.9331603292340196
l14_last,emphasis,True,46,10.023278245017066,0.003982439951200546,0.9371427691852201
l14_last,emphasis,True,47,9.738744543106792,0.003759547801354424,0.9409023169865746
l14_last,emphasis,True,48,9.380457624386768,0.00348800994781754,0.9443903269343923
l14_last,emphasis,True,49,8.932688881768982,0.003162962764974467,0.9475532896993667
l14_last,emphasis,True,50,8.852939256960637,0.003106738016730032,0.9506600277160967
l14_last,emphasis,True,51,8.589887116221387,0.002924856586189545,0.9535848843022864
l14_last,emphasis,True,52,8.36175743531355,0.0027715632438627172,0.9563564475461491
l14_last,emphasis,True,53,8.106615366462803,0.002605006421896524,0.9589614539680457
l14_last,emphasis,True,54,7.7474466307584295,0.0023792870977749014,0.9613407410658206
l14_last,emphasis,True,55,7.395010115952793,0.0021677400822211292,0.9635084811480417
l14_last,emphasis,True,56,7.29277054791868,0.002108214336137093,0.9656166954841786
l14_last,emphasis,True,57,7.1526003752060925,0.0020279515983578295,0.9676446470825365
l14_last,emphasis,True,58,7.099006140278342,0.001997674687529473,0.9696423217700658
l14_last,emphasis,True,59,6.614739995562804,0.0017344237799403858,0.9713767455500062
l14_last,emphasis,True,60,6.490287587257053,0.0016697734258880614,0.9730465189758942
l14_last,emphasis,True,61,6.235966310405982,0.0015414774773806728,0.974587996453275
l14_last,emphasis,True,62,6.031674124653251,0.0014421332911963816,0.9760301297444713
l14_last,emphasis,True,63,5.949318173009174,0.0014030206231592326,0.9774331503676306
l14_last,emphasis,True,64,5.847859442844607,0.0013555748854465746,0.9787887252530773
l14_last,emphasis,True,65,5.80098762577638,0.0013339315397216025,0.9801226567927989
l14_last,emphasis,True,66,5.547449876931937,0.00121987810639573,0.9813425348991945
l14_last,emphasis,True,67,5.401237145923991,0.0011564214925846646,0.9824989563917792
l14_last,emphasis,True,68,5.331001931151101,0.0011265418831382613,0.9836254982749174
l14_last,emphasis,True,69,5.2089439928223475,0.0010755461222829521,0.9847010443972004
l14_last,emphasis,True,70,5.163792845253584,0.0010569812564173548,0.9857580256536178
l14_last,emphasis,True,71,4.961767816757091,0.0009758937547938051,0.9867339194084116
l14_last,emphasis,True,72,4.860059863173224,0.0009362954230616304,0.9876702148314733
l14_last,emphasis,True,73,4.762987700142106,0.0008992668477747987,0.9885694816792481
l14_last,emphasis,True,74,4.632997267883503,0.0008508514656073778,0.9894203331448554
l14_last,emphasis,True,75,4.601792603570948,0.0008394285703114309,0.9902597617151668
l14_last,emphasis,True,76,4.490656043001123,0.0007993725801092655,0.9910591342952761
l14_last,emphasis,True,77,4.360414493387645,0.0007536769132421981,0.9918128112085184
l14_last,emphasis,True,78,4.295239545121038,0.0007313149335979663,0.9925441261421164
l14_last,emphasis,True,79,4.173962621691536,0.0006906003184302353,0.9932347264605467
l14_last,emphasis,True,80,4.045450542656302,0.0006487292132409197,0.9938834556737874
l14_last,emphasis,True,81,3.852637635641467,0.0005883638603708573,0.9944718195341583
l14_last,emphasis,True,82,3.7529329492605297,0.0005583046868062373,0.9950301242209646
l14_last,emphasis,True,83,3.6776401166500414,0.0005361275432241745,0.9955662517641887
l14_last,emphasis,True,84,3.631256594141893,0.0005226892159132036,0.9960889409801018
l14_last,emphasis,True,85,3.4789799252952562,0.00047977046455655395,0.9965687114446584
l14_last,emphasis,True,86,3.3979387739768163,0.0004576787636218506,0.9970263902082802
l14_last,emphasis,True,87,3.3421622731334906,0.0004427766683443902,0.9974691668766246
l14_last,emphasis,True,88,3.1515751891989643,0.0003937177628688881,0.9978628846394937
l14_last,emphasis,True,89,2.965458838784043,0.00034858882760060815,0.9982114734670943
l14_last,emphasis,True,90,2.9018688886087856,0.00033379915722519816,0.9985452726243195
l14_last,emphasis,True,91,2.8700363945367706,0.00032651600267849355,0.998871788626998
l14_last,emphasis,True,92,2.773394020069585,0.00030489676234954913,0.9991766853893476
l14_last,emphasis,True,93,2.6714420074636966,0.0002828923248081017,0.9994595777141557
l14_last,emphasis,True,94,2.6414647838290857,0.0002765790707334665,0.9997361567848893
l14_last,emphasis,True,95,2.579931254005117,0.00026384321511085213,1.0
l14_last,emphasis,True,96,1.6115821634795275e-14,1.0295194770761444e-32,1.0
l28_last,negation,False,1,822.2177603023914,0.5734033463051186,0.5734033463051186
l28_last,negation,False,2,271.40105265171286,0.062475475700910436,0.6358788220060291
l28_last,negation,False,3,257.6320754521269,0.05629714621369303,0.692175968219722
l28_last,negation,False,4,229.3184378403783,0.044603040561413156,0.7367790087811352
l28_last,negation,False,5,204.5652036308569,0.03549359922186462,0.7722726080029998
l28_last,negation,False,6,169.65505324519728,0.024412941795341325,0.796685549798341
l28_last,negation,False,7,154.89476263264302,0.020349792394854935,0.817035342193196
l28_last,negation,False,8,127.01390255906273,0.01368324289515235,0.8307185850883485
l28_last,negation,False,9,122.89972939324267,0.012811157467924337,0.8435297425562729
l28_last,negation,False,10,116.4465815334181,0.011501116521098595,0.8550308590773714
l28_last,negation,False,11,102.53415016508855,0.008917099003128374,0.8639479580804998
l28_last,negation,False,12,99.35549287498631,0.008372791572921015,0.8723207496534209
l28_last,negation,False,13,96.7897516312247,0.007945939735974886,0.8802666893893958
l28_last,negation,False,14,92.4697584666529,0.007252470359746833,0.8875191597491425
l28_last,negation,False,15,87.60937392066873,0.006510100148241392,0.894029259897384
l28_last,negation,False,16,85.10137586828992,0.006142705284442718,0.9001719651818266
l28_last,negation,False,17,80.30419785609487,0.005469693776259324,0.9056416589580859
l28_last,negation,False,18,78.15284638079766,0.005180552938273358,0.9108222118963594
l28_last,negation,False,19,77.21779212521398,0.005057329796489479,0.9158795416928487
l28_last,negation,False,20,72.44446836432655,0.004451403628214844,0.9203309453210635
l28_last,negation,False,21,71.6895053473255,0.004359108547540005,0.9246900538686036
l28_last,negation,False,22,70.20835963821823,0.0041808459781779925,0.9288708998467816
l28_last,negation,False,23,68.27381926758088,0.003953619885031051,0.9328245197318127
l28_last,negation,False,24,64.69356431671055,0.0035498391509946026,0.9363743588828073
l28_last,negation,False,25,62.86836717561104,0.0033523617592652846,0.9397267206420726
l28_last,negation,False,26,61.85797172847582,0.0032454720067960517,0.9429721926488687
l28_last,negation,False,27,60.448655675706675,0.0030992728373062913,0.9460714654861748
l28_last,negation,False,28,59.22526608551256,0.0029750930761783616,0.9490465585623532
l28_last,negation,False,29,57.78229640712321,0.002831888250329269,0.9518784468126826
l28_last,negation,False,30,55.6204162077057,0.0026239465537544033,0.9545023933664369
l28_last,negation,False,31,52.982988255836496,0.002381000102168594,0.9568833934686055
l28_last,negation,False,32,52.36298092741587,0.0023256011868045424,0.9592089946554101
l28_last,negation,False,33,50.52687209286734,0.0021653661504846557,0.9613743608058948
l28_last,negation,False,34,49.63567639761604,0.002089654108031993,0.9634640149139267
l28_last,negation,False,35,47.42344430086645,0.001907535820605209,0.9653715507345321
l28_last,negation,False,36,46.47005752421717,0.0018316097058880374,0.9672031604404201
l28_last,negation,False,37,45.80530948733213,0.0017795826368168194,0.968982743077237
l28_last,negation,False,38,43.87960593386942,0.0016330968963281646,0.9706158399735652
l28_last,negation,False,39,43.42321978275349,0.0015993022991482846,0.9722151422727133
l28_last,negation,False,40,43.101010896271355,0.0015756560763854311,0.9737907983490985
l28_last,negation,False,41,41.41052654220738,0.001454480896209465,0.975245279245308
l28_last,negation,False,42,41.04756541677947,0.0014290957359119217,0.97667437498122
l28_last,negation,False,43,39.425190294488914,0.0013183602877051438,0.977992735268925
l28_last,negation,False,44,38.38530817690136,0.0012497311055531832,0.9792424663744783
l28_last,negation,False,45,38.15599972313936,0.0012348442676032528,0.9804773106420814
l28_last,negation,False,46,36.779207359207604,0.0011473376542057948,0.9816246482962873
l28_last,negation,False,47,36.106359976259725,0.001105742319598207,0.9827303906158854
l28_last,negation,False,48,35.539079936511165,0.0010712698360890657,0.9838016604519747
l28_last,negation,False,49,33.903462845440664,0.0009749326912072397,0.9847765931431819
l28_last,negation,False,50,32.25540213353763,0.0008824527024480327,0.98565904584563
l28_last,negation,False,51,31.12180565207716,0.0008215161181564687,0.9864805619637865
l28_last,negation,False,52,30.161189470103444,0.0007715844130432571,0.9872521463768298
l28_last,negation,False,53,29.569471825323863,0.0007416067095998982,0.9879937530864298
l28_last,negation,False,54,29.232203655846764,0.0007247857188301341,0.9887185388052598
l28_last,negation,False,55,27.935381595638482,0.0006619051077129946,0.989380443912973
l28_last,negation,False,56,27.482506615385102,0.000640618090249969,0.9900210620032228
l28_last,negation,False,57,26.67163490978626,0.0006033728878945973,0.9906244348911174
l28_last,negation,False,58,26.128188203688104,0.0005790353890202268,0.9912034702801376
l28_last,negation,False,59,25.35817726852407,0.0005454093553109709,0.9917488796354486
l28_last,negation,False,60,24.425175334357146,0.0005060132580960907,0.9922548928935446
l28_last,negation,False,61,23.618243184980706,0.0004731313177753095,0.9927280242113199
l28_last,negation,False,62,23.357668090914455,0.0004627489924558248,0.9931907732037758
l28_last,negation,False,63,23.29769058826373,0.00046037556245736054,0.9936511487662332
l28_last,negation,False,64,22.64214015944069,0.00043483196787077685,0.994085980734104
l28_last,negation,False,65,22.320759293285168,0.0004225756266858746,0.9945085563607899
l28_last,negation,False,66,20.820508263439113,0.00036767929170395877,0.994876235652494
l28_last,negation,False,67,20.385867363839857,0.0003524884609860643,0.9952287241134801
l28_last,negation,False,68,19.695336970277317,0.0003290132190260842,0.9955577373325061
l28_last,negation,False,69,19.133649380644023,0.0003105146813841858,0.9958682520138903
l28_last,negation,False,70,18.772183562184754,0.0002988932453693257,0.9961671452592598
l28_last,negation,False,71,18.64713903264563,0.00029492455575969766,0.9964620698150194
l28_last,negation,False,72,18.077382844758553,0.0002771772792030535,0.996739247094222
l28_last,negation,False,73,17.08223642039323,0.0002475004384326465,0.9969867475326547
l28_last,negation,False,74,16.649080217529562,0.00023510778377841218,0.997221855316433
l28_last,negation,False,75,16.30882114960156,0.0002255961356927226,0.9974474514521257
l28_last,negation,False,76,16.13680849529016,0.00022086240965095145,0.9976683138617767
l28_last,negation,False,77,15.579824582372936,0.00020587880705552172,0.9978741926688323
l28_last,negation,False,78,15.332029218445022,0.00019938192857652467,0.9980735745974088
l28_last,negation,False,79,14.952139228938552,0.00018962394643789313,0.9982631985438466
l28_last,negation,False,80,14.492064292150468,0.00017813408206852392,0.9984413326259154
l28_last,negation,False,81,14.15176512847054,0.00016986650072438488,0.9986111991266398
l28_last,negation,False,82,13.780713336692687,0.0001610756577660924,0.9987722747844058
l28_last,negation,False,83,13.034807553515247,0.00014411054588957977,0.9989163853302953
l28_last,negation,False,84,12.935792319094906,0.00014192947130429426,0.9990583148015995
l28_last,negation,False,85,11.892843150202399,0.00011996592263852124,0.9991782807242379
l28_last,negation,False,86,11.54642094422043,0.0001130788254554136,0.9992913595496934
l28_last,negation,False,87,11.32038393879146,0.00010869481534362301,0.999400054365037
l28_last,negation,False,88,10.853835064004624,9.992012104719938e-05,0.9994999744860846
l28_last,negation,False,89,10.3317259240831,9.053828626683533e-05,0.9995905127723514
l28_last,negation,False,90,9.933305393566169,8.369010094088646e-05,0.9996742028732925
l28_last,negation,False,91,9.350214247466026,7.41531561712727e-05,0.9997483560294637
l28_last,negation,False,92,8.947828351008239,6.790813520494656e-05,0.9998162641646685
l28_last,negation,False,93,8.676143113219792,6.38469168682905e-05,0.9998801110815367
l28_last,negation,False,94,7.997625747208848,5.4251115260987874e-05,0.9999343621967979
l28_last,negation,False,95,7.113747241680923,4.29223386272372e-05,0.9999772845354251
l28_last,negation,False,96,5.175085789507514,2.271546457493499e-05,1.0
l28_last,negation,True,1,340.50415874935146,0.20302760593148086,0.20302760593148086
l28_last,negation,True,2,265.1548772425573,0.12311458125330547,0.3261421871847863
l28_last,negation,True,3,242.41044920676075,0.10289941959796306,0.42904160678274944
l28_last,negation,True,4,205.58265524875168,0.07400877135845962,0.5030503781412091
l28_last,negation,True,5,192.4811879145889,0.06487641347609348,0.5679267916173025
l28_last,negation,True,6,157.05310282527753,0.04319199800379344,0.6111187896210959
l28_last,negation,True,7,131.1148608673138,0.030103298797986476,0.6412220884190825
l28_last,negation,True,8,126.81974382429897,0.028163329455845404,0.669385417874928
l28_last,negation,True,9,121.87144693743221,0.026008433020784857,0.6953938508957128
l28_last,negation,True,10,104.70584832616908,0.01919782957696452,0.7145916804726773
l28_last,negation,True,11,100.54816537677057,0.017703476303297817,0.732295156775975
l28_last,negation,True,12,97.08073863523798,0.016503512878420654,0.7487986696543958
l28_last,negation,True,13,95.62347995145149,0.016011769946242923,0.7648104396006387
l28_last,negation,True,14,91.27377284418401,0.01458821844270658,0.7793986580433453
l28_last,negation,True,15,85.43634946816775,0.01278190600296537,0.7921805640463107
l28_last,negation,True,16,80.60756992135175,0.011377894690079386,0.8035584587363899
l28_last,negation,True,17,78.38465529981413,0.010759011163785153,0.8143174699001751
l28_last,negation,True,18,78.04473333724269,0.010665898698373857,0.8249833685985489
l28_last,negation,True,19,72.45843902452016,0.009193654948202406,0.8341770235467513
l28_last,negation,True,20,71.69475283893829,0.009000880508218855,0.8431779040549702
l28_last,negation,True,21,70.38142053749905,0.00867413763041497,0.8518520416853851
l28_last,negation,True,22,68.27879568985492,0.008163604514617602,0.8600156462000027
l28_last,negation,True,23,64.94396945076025,0.00738563620593608,0.8674012824059388
l28_last,negation,True,24,63.41381106518329,0.007041707173413127,0.874442989579352
l28_last,negation,True,25,62.08372521858528,0.006749409657434816,0.8811923992367867
l28_last,negation,True,26,61.393682467674836,0.0066002079636128036,0.8877926072003995
l28_last,negation,True,27,59.89475630329915,0.006281854265804815,0.8940744614662044
l28_last,negation,True,28,58.19917073537838,0.005931217438101972,0.9000056789043064
l28_last,negation,True,29,55.81359625473391,0.0054549436084339025,0.9054606225127403
l28_last,negation,True,30,53.02486280704596,0.004923448046540456,0.9103840705592807
l28_last,negation,True,31,52.4796839831732,0.004822726958849372,0.91520679751813
l28_last,negation,True,32,50.60062572821581,0.0044835501017417585,0.9196903476198718
l28_last,negation,True,33,49.64262547245933,0.004315386879209462,0.9240057344990813
l28_last,negation,True,34,47.43898265662588,0.003940769073177384,0.9279465035722586
l28_last,negation,True,35,46.55964849703399,0.0037960300203457586,0.9317425335926043
l28_last,negation,True,36,46.157471716788734,0.0037307339298447975,0.935473267522449
l28_last,negation,True,37,44.28131060222765,0.0034336117386189347,0.938906879261068
l28_last,negation,True,38,43.760924492286804,0.003353383546159536,0.9422602628072275
l28_last,negation,True,39,43.24482536618103,0.0032747529930781203,0.9455350158003057
l28_last,negation,True,40,41.42416488248633,0.003004815258294871,0.9485398310586007
l28_last,negation,True,41,41.1630232092726,0.0029670494212827745,0.9515068804798836
l28_last,negation,True,42,39.68811589339485,0.002758234694020897,0.9542651151739044
l28_last,negation,True,43,38.387744497358746,0.0025804499711394014,0.9568455651450439
l28_last,negation,True,44,38.24233829669559,0.0025609383895596866,0.9594065035346037
l28_last,negation,True,45,37.0057708921938,0.002397999917856305,0.9618045034524599
l28_last,negation,True,46,36.10997591900912,0.0022833087978660458,0.9640878122503259
l28_last,negation,True,47,35.90083004091164,0.0022569359375877616,0.9663447481879136
l28_last,negation,True,48,33.95025146055715,0.0020183489037594827,0.968363097091673
l28_last,negation,True,49,32.30270292243072,0.0018272079627005093,0.9701903050543735
l28_last,negation,True,50,31.122779051281697,0.0016961606812429702,0.9718864657356165
l28_last,negation,True,51,30.18149715324377,0.001595114308456269,0.9734815800440728
l28_last,negation,True,52,29.789210931476617,0.0015539185518269126,0.9750354985958997
l28_last,negation,True,53,29.303386582438467,0.0015036469630989866,0.9765391455589986
l28_last,negation,True,54,28.071437345148603,0.0013798743866712385,0.9779190199456698
l28_last,negation,True,55,27.542242308930177,0.0013283387500487576,0.9792473586957186
l28_last,negation,True,56,26.682878513679942,0.0012467391868772693,0.9804940978825961
l28_last,negation,True,57,26.186468197086075,0.0012007818351137916,0.9816948797177099
l28_last,negation,True,58,25.40221230026745,0.0011299346719303997,0.9828248143896403
l28_last,negation,True,59,24.672204262916292,0.001065923792779664,0.98389073818242
l28_last,negation,True,60,23.61905198194758,0.0009768664099029047,0.9848676045923228
l28_last,negation,True,61,23.405184658458666,0.0009592557171151971,0.985826860309438
l28_last,negation,True,62,23.29770607073335,0.0009504659783844877,0.9867773262878224
l28_last,negation,True,63,22.908457075580042,0.0009189712650495487,0.9876962975528719
l28_last,negation,True,64,22.49562330385281,0.0008861481077781637,0.9885824456606501
l28_last,negation,True,65,20.859592999266017,0.0007619419996858816,0.989344387660336
l28_last,negation,True,66,20.40862556175056,0.0007293529903401787,0.9900737406506762
l28_last,negation,True,67,19.939438286162563,0.0006962033227902019,0.9907699439734664
l28_last,negation,True,68,19.220165041920083,0.0006468811225607426,0.991416825096027
l28_last,negation,True,69,18.94816182515431,0.0006287013931285855,0.9920455264891557
l28_last,negation,True,70,18.668628969719528,0.0006102883803273327,0.9926558148694831
l28_last,negation,True,71,18.170814736702784,0.0005781746596692562,0.9932339895291523
l28_last,negation,True,72,17.087580441586372,0.0005112948243902389,0.9937452843535425
l28_last,negation,True,73,16.737672979883538,0.0004905693483149409,0.9942358537018575
l28_last,negation,True,74,16.32597306753279,0.00046673288764784594,0.9947025865895052
l28_last,negation,True,75,16.13919899887657,0.0004561148431528884,0.995158701432658
l28_last,negation,True,76,15.633395462990809,0.0004279735018753282,0.9955866749345333
l28_last,negation,True,77,15.372764067468935,0.00041382257264429233,0.9960004975071777
l28_last,negation,True,78,14.974981924477936,0.00039268369251840775,0.9963931811996961
l28_last,negation,True,79,14.521276243545831,0.000369249424350082,0.9967624306240461
l28_last,negation,True,80,14.168420446594066,0.0003515224969516711,0.997113953120998
l28_last,negation,True,81,13.786683075507705,0.0003328356497007093,0.9974467887706988
l28_last,negation,True,82,13.03481026031635,0.00029752240779462987,0.9977443111784935
l28_last,negation,True,83,12.996159288049396,0.00029576058988826324,0.9980400717683817
l28_last,negation,True,84,11.995063421725344,0.00025195057252475154,0.9982920223409064
l28_last,negation,True,85,11.60524718748408,0.00023584085619914863,0.9985278631971055
l28_last,negation,True,86,11.326300582692399,0.00022463965235645597,0.998752502849462
l28_last,negation,True,87,10.947018445855134,0.000209846607328151,0.9989623494567903
l28_last,negation,True,88,10.34158017152052,0.00018727683393398608,0.9991496262907241
l28_last,negation,True,89,9.99058230589552,0.00017478004889128556,0.9993244063396153
l28_last,negation,True,90,9.351190828578055,0.00015312429134260483,0.999477530630958
l28_last,negation,True,91,8.962599550447875,0.0001406624694460299,0.999618193100404
l28_last,negation,True,92,8.679087262630144,0.00013190412044398531,0.999750097220848
l28_last,negation,True,93,8.00347005248413,0.00011216746397519556,0.9998622646848233
l28_last,negation,True,94,7.166960290890144,8.994566746012946e-05,0.9999522103522833
l28_last,negation,True,95,5.224103689276303,4.7789647716663724e-05,1.0
l28_last,negation,True,96,6.650399028105514e-14,7.74471892026539e-33,1.0
l28_last,time,False,1,440.5770893403537,0.5743068397943667,0.5743068397943667
l28_last,time,False,2,160.66420645439956,0.07637275133140323,0.65067959112577
l28_last,time,False,3,126.55087884845189,0.04738386701292171,0.6980634581386918
l28_last,time,False,4,120.32362386981289,0.04283531613996065,0.7408987742786524
l28_last,time,False,5,98.07076096529785,0.02845635433713463,0.7693551286157869
l28_last,time,False,6,93.43942412997494,0.02583214537743343,0.7951872739932204
l28_last,time,False,7,82.35178840451472,0.020065326909599206,0.8152526009028197
l28_last,time,False,8,74.01433249673543,0.016208089391873185,0.8314606902946927
l28_last,time,False,9,63.475699017470674,0.01192106769241426,0.8433817579871069
l28_last,time,False,10,60.90490501049171,0.010975004578547335,0.8543567625656542
l28_last,time,False,11,58.154638587218756,0.010006193380739587,0.8643629559463938
l28_last,time,False,12,56.08620030681356,0.009307053429515173,0.873670009375909
l28_last,time,False,13,52.65293071302628,0.008202481671091794,0.8818724910470008
l28_last,time,False,14,49.444257297900286,0.0072332235097601555,0.889105714556761
l28_last,time,False,15,46.69689626796513,0.006451730258061871,0.8955574448148229
l28_last,time,False,16,44.65179287169643,0.005898994248017497,0.9014564390628405
l28_last,time,False,17,42.22167856490937,0.005274376891346188,0.9067308159541866
l28_last,time,False,18,41.21620855273011,0.005026159281052853,0.9117569752352395
l28_last,time,False,19,38.64597014727537,0.0044188432679714736,0.916175818503211
l28_last,time,False,20,38.51678777131782,0.0043893507957335565,0.9205651692989445
l28_last,time,False,21,35.59731496054453,0.0037491658461850977,0.9243143351451296
l28_last,time,False,22,35.251972830968654,0.0036767747386011193,0.9279911098837308
l28_last,time,False,23,34.837607384457044,0.003590846252283123,0.931581956136014
l28_last,time,False,24,33.75262324647918,0.0033706622194468465,0.9349526183554608
l28_last,time,False,25,32.355991816281595,0.003097487792909293,0.9380501061483701
l28_last,time,False,26,31.899281094572792,0.003010661721835318,0.9410607678702054
l28_last,time,False,27,31.33927899400223,0.002905883313122064,0.9439666511833275
l28_last,time,False,28,29.93785661103569,0.0026518049543919646,0.9466184561377194
l28_last,time,False,29,29.225442431859143,0.002527099598153354,0.9491455557358728
l28_last,time,False,30,28.2907375218745,0.0023680382249062167,0.951513593960779
l28_last,time,False,31,27.790240774026426,0.002284992551598918,0.9537985865123778
l28_last,time,False,32,27.293466941685487,0.0022040303990808205,0.9560026169114587
l28_last,time,False,33,26.274142899481042,0.0020424775184379623,0.9580450944298967
l28_last,time,False,34,25.897846862576028,0.0019843920876654437,0.9600294865175621
l28_last,time,False,35,25.74795722591447,0.001961488325776781,0.961990974843339
l28_last,time,False,36,25.101613899138123,0.0018642470309006356,0.9638552218742396
l28_last,time,False,37,24.791861472155862,0.0018185215118856064,0.9656737433861251
l28_last,time,False,38,24.115029831626586,0.0017205835908131143,0.9673943269769383
l28_last,time,False,39,23.31563636189194,0.00160840241427103,0.9690027293912093
l28_last,time,False,40,22.977137362941676,0.0015620394963027514,0.970564768887512
l28_last,time,False,41,22.72944938591578,0.0015285441951913737,0.9720933130827034
l28_last,time,False,42,22.593691788004506,0.0015103394620864965,0.9736036525447899
l28_last,time,False,43,21.94502074783963,0.001424859890287559,0.9750285124350775
l28_last,time,False,44,21.455768603566888,0.0013620351740372307,0.9763905476091147
l28_last,time,False,45,20.818837455786422,0.0012823693180915889,0.9776729169272064
l28_last,time,False,46,20.297357307904992,0.0012189311162585053,0.978891848043465
l28_last,time,False,47,19.845307066321055,0.0011652411575742243,0.9800570892010392
l28_last,time,False,48,19.656453502997252,0.0011431691515705956,0.9812002583526096
l28_last,time,False,49,19.081208270484968,0.0010772386164518287,0.9822774969690614
l28_last,time,False,50,18.91335706633699,0.0010583697369356444,0.983335866705997
l28_last,time,False,51,18.63766855138856,0.0010277401847777602,0.9843636068907748
l28_last,time,False,52,18.059533595602964,0.0009649687070232278,0.9853285755977981
l28_last,time,False,53,17.14646322070285,0.0008698598270916329,0.9861984354248898
l28_last,time,False,54,16.723298414062437,0.0008274543599801127,0.9870258897848699
l28_last,time,False,55,16.575496051960513,0.0008128927278497976,0.9878387825127197
l28_last,time,False,56,15.831349375522937,0.000741542482016904,0.9885803249947366
l28_last,time,False,57,15.607168281985519,0.0007206898339500751,0.9893010148286866
l28_last,time,False,58,15.370853616607668,0.000699030528480412,0.9900000453571671
l28_last,time,False,59,14.916066518381871,0.000658277168770134,0.9906583225259373
l28_last,time,False,60,14.464207560932154,0.0006189983057057387,0.991277320831643
l28_last,time,False,61,14.103297494419689,0.0005884932741767809,0.9918658141058199
l28_last,time,False,62,13.655375208623942,0.0005517056673121037,0.992417519773132
l28_last,time,False,63,13.397647305690626,0.0005310767039903605,0.9929485964771223
l28_last,time,False,64,13.081513839793137,0.0005063096206785838,0.9934549060978007
l28_last,time,False,65,12.402126849370955,0.00045508498608647487,0.9939099910838872
l28_last,time,False,66,11.882525552283402,0.00041775117824366853,0.9943277422621309
l28_last,time,False,67,11.638980852196628,0.0004008021819421557,0.9947285444440731
l28_last,time,False,68,11.399644771120773,0.0003844880145980883,0.9951130324586712
l28_last,time,False,69,11.094797816051129,0.0003641991722747358,0.9954772316309459
l28_last,time,False,70,10.566683308983421,0.00033035246574383544,0.9958075840966898
l28_last,time,False,71,10.238716804264019,0.0003101638875939975,0.9961177479842839
l28_last,time,False,72,10.035850141741728,0.0002979946760477406,0.9964157426603314
l28_last,time,False,73,9.631308948308568,0.00027445477939055116,0.996690197439722
l28_last,time,False,74,9.477642302790008,0.0002657668429883837,0.9969559642827103
l28_last,time,False,75,9.259578084065271,0.0002536778606108673,0.9972096421433212
l28_last,time,False,76,8.933220814169344,0.00023611104753782942,0.997445753190859
l28_last,time,False,77,8.793307768654145,0.0002287729737402106,0.9976745261645992
l28_last,time,False,78,8.673184904124069,0.00022256526180073675,0.9978970914263999
l28_last,time,False,79,8.442789503798364,0.00021089782109057784,0.9981079892474904
l28_last,time,False,80,8.276162999831408,0.00020265542812657867,0.998310644675617
l28_last,time,False,81,7.94163306478111,0.00018660350796891615,0.998497248183586
l28_last,time,False,82,7.745351997194105,0.0001774935145302691,0.9986747416981163
l28_last,time,False,83,7.417046502816675,0.00016276543138326626,0.9988375071294996
l28_last,time,False,84,7.153915771365949,0.00015142159441036988,0.9989889287239099
l28_last,time,False,85,6.762972229591708,0.00013532417183014173,0.9991242528957401
l28_last,time,False,86,6.524125395410642,0.00012593451359924524,0.9992501874093392
l28_last,time,False,87,6.428395973350187,0.00012226591729553948,0.9993724533266348
l28_last,time,False,88,6.055027560348335,0.0001084756892230604,0.9994809290158578
l28_last,time,False,89,5.547019869143113,9.103735111765492e-05,0.9995719663669755
l28_last,time,False,90,5.218955309768138,8.058743365451596e-05,0.9996525538006301
l28_last,time,False,91,5.112118870302731,7.732181810355273e-05,0.9997298756187337
l28_last,time,False,92,4.746939432833551,6.666955413610965e-05,0.9997965451728698
l28_last,time,False,93,4.449391027206084,5.857351934142833e-05,0.9998551186922112
l28_last,time,False,94,4.3869147827977875,5.694014464798944e-05,0.9999120588368591
l28_last,time,False,95,4.10624474317486,4.988728068569064e-05,0.9999619461175447
l28_last,time,False,96,3.5863229988669167,3.805388245522462e-05,1.0
l28_last,time,True,1,202.76764693421336,0.24593981862676725,0.24593981862676725
l28_last,time,True,2,146.29553594697197,0.12802467274494644,0.3739644913717137
l28_last,time,True,3,120.87188737109851,0.08739410372865423,0.4613585951003679
l28_last,time,True,4,98.72921976818603,0.05830730058031317,0.519665895680681
l28_last,time,True,5,96.94694795282821,0.05622116082594698,0.575887056506628
l28_last,time,True,6,82.74446077956368,0.040955231588278664,0.6168422880949066
l28_last,time,True,7,76.35015633412344,0.03486995501399007,0.6517122431088966
l28_last,time,True,8,66.72782376245898,0.026634555180435653,0.6783467982893325
l28_last,time,True,9,60.91107954888347,0.022193414235003785,0.7005402125243363
l28_last,time,True,10,58.9673571470796,0.02079959377074537,0.7213398062950817
l28_last,time,True,11,56.12310037358592,0.018841472237523377,0.7401812785326051
l28_last,time,True,12,52.65339656636035,0.01658380985370296,0.7567650883863081
l28_last,time,True,13,50.85163450383434,0.015468256299760437,0.7722333446860685
l28_last,time,True,14,47.685316400451704,0.013601940256916903,0.7858352849429854
l28_last,time,True,15,46.281584425884425,0.012812915515333503,0.7986482004583189
l28_last,time,True,16,42.524802836815574,0.010817231974567998,0.8094654324328867
l28_last,time,True,17,41.37079983061427,0.010238099839170435,0.8197035322720572
l28_last,time,True,18,39.711926509763074,0.009433512690613644,0.8291370449626709
l28_last,time,True,19,38.644248930413724,0.00893308091433224,0.8380701258770032
l28_last,time,True,20,35.59768324045816,0.007580101033392737,0.845650226910396
l28_last,time,True,21,35.252801075688915,0.007433935463246761,0.8530841623736428
l28_last,time,True,22,34.936293730193455,0.007301047709352397,0.8603852100829953
l28_last,time,True,23,33.752783917635334,0.006814762485310175,0.8671999725683054
l28_last,time,True,24,32.387859001517896,0.00627474390889046,0.8734747164771957
l28_last,time,True,25,32.24705565880072,0.0062203047168824304,0.879695021194078
l28_last,time,True,26,31.63072792988263,0.005984803545411612,0.8856798247394897
l28_last,time,True,27,29.959957859010096,0.00536925366313136,0.8910490784026209
l28_last,time,True,28,29.349021801151952,0.005152509337427197,0.8962015877400481
l28_last,time,True,29,28.4880012207336,0.004854622722744734,0.9010562104627928
l28_last,time,True,30,28.115615812813108,0.004728536288081295,0.9057847467508741
l28_last,time,True,31,27.305726091170555,0.00446004237144874,0.9102447891223228
l28_last,time,True,32,26.510388502115166,0.004204009708246401,0.9144487988305695
l28_last,time,True,33,25.9992034708337,0.004043445664358546,0.918492244494928
l28_last,time,True,34,25.89663438136701,0.004011605114871719,0.9225038496097996
l28_last,time,True,35,25.34497807319932,0.0038425131767608886,0.9263463627865606
l28_last,time,True,36,25.100827608106673,0.0037688391946402895,0.9301152019812008
l28_last,time,True,37,24.131013353177266,0.003483233958638334,0.933598435939839
l28_last,time,True,38,23.32063091823091,0.003253210138959299,0.9368516460787985
l28_last,time,True,39,23.030066738012398,0.0031726482063390623,0.9400242942851376
l28_last,time,True,40,22.86457400941133,0.003127215101495506,0.9431515093866331
l28_last,time,True,41,22.705064589828936,0.0030837347100954203,0.9462352440967285
l28_last,time,True,42,22.061035158845645,0.0029112754580841523,0.9491465195548127
l28_last,time,True,43,21.467760158348582,0.0027567983174262324,0.951903317872239
l28_last,time,True,44,21.071700190399287,0.0026560159745899377,0.9545593338468289
l28_last,time,True,45,20.297675618778364,0.002464473434813113,0.957023807281642
l28_last,time,True,46,19.845368962375463,0.002355862184652833,0.9593796694662948
l28_last,time,True,47,19.660537834057315,0.002312183588121005,0.9616918530544158
l28_last,time,True,48,19.38351049827554,0.0022474828861086776,0.9639393359405245
l28_last,time,True,49,18.9157916231233,0.0021403291587136684,0.9660796650992381
l28_last,time,True,50,18.647886248294324,0.0020801312976805758,0.9681597963969187
l28_last,time,True,51,18.172315268454806,0.0019753863625321198,0.9701351827594509
l28_last,time,True,52,17.324605390145965,0.0017953876289186466,0.9719305703883695
l28_last,time,True,53,16.920113730085674,0.0017125295793913092,0.9736430999677608
l28_last,time,True,54,16.643656226596963,0.0016570247664371295,0.9753001247341979
l28_last,time,True,55,15.859391840165047,0.0015045429313515154,0.9768046676655494
l28_last,time,True,56,15.616939497823516,0.00145889280138766,0.9782635604669372
l28_last,time,True,57,15.384485746091741,0.0014157856081756107,0.9796793460751128
l28_last,time,True,58,14.968014087150223,0.0013401700009596877,0.9810195160760725
l28_last,time,True,59,14.466006331821056,0.0012517823607747043,0.9822712984368472
l28_last,time,True,60,14.182542900537342,0.0012032053037874693,0.9834745037406347
l28_last,time,True,61,13.662600904970082,0.0011166017153220514,0.9845911054559567
l28_last,time,True,62,13.39765888210343,0.0010737158344063448,0.9856648212903631
l28_last,time,True,63,13.089143564500258,0.0010248350924395525,0.9866896563828027
l28_last,time,True,64,12.40294406060689,0.000920197598893254,0.9876098539816959
l28_last,time,True,65,11.940271988275606,0.0008528250831054258,0.9884626790648012
l28_last,time,True,66,11.657422156616244,0.0008128989713335592,0.9892755780361349
l28_last,time,True,67,11.474626659888392,0.0007876053438358433,0.9900631833799707
l28_last,time,True,68,11.190128231998296,0.0007490342084160633,0.9908122175883868
l28_last,time,True,69,10.581418181578455,0.0006697601164930064,0.9914819777048798
l28_last,time,True,70,10.238856191972076,0.0006270965511046157,0.9921090742559844
l28_last,time,True,71,10.06152640675453,0.0006055629116654938,0.9927146371676498
l28_last,time,True,72,9.679737420423786,0.000560478140024628,0.9932751153076745
l28_last,time,True,73,9.494014999524188,0.0005391769936296101,0.9938142923013041
l28_last,time,True,74,9.261803211363597,0.0005131243497338489,0.9943274166510381
l28_last,time,True,75,8.93373560985944,0.0004774168213491605,0.9948048334723872
l28_last,time,True,76,8.796574858219739,0.00046286967786133805,0.9952677031502487
l28_last,time,True,77,8.70633403135567,0.00045342157040679875,0.9957211247206554
l28_last,time,True,78,8.497992625592504,0.00043198058230349914,0.996153105302959
l28_last,time,True,79,8.289756885193462,0.0004110693668017193,0.9965641746697605
l28_last,time,True,80,7.981259772986605,0.00038104337798439104,0.9969452180477448
l28_last,time,True,81,7.769905714971153,0.0003611295472697522,0.9973063475950145
l28_last,time,True,82,7.4683752888686525,0.0003336443634918488,0.9976399919585064
l28_last,time,True,83,7.201730086886794,0.00031024529694382056,0.9979502372554502
l28_last,time,True,84,6.763290667973651,0.00027361986925951887,0.9982238571247097
l28_last,time,True,85,6.544523551746717,0.00025620499684064275,0.9984800621215504
l28_last,time,True,86,6.436204367960257,0.00024779422306984804,0.9987278563446202
l28_last,time,True,87,6.087038748568326,0.00022163771215648413,0.9989494940567769
l28_last,time,True,88,5.548828840186448,0.00018417648627627506,0.9991336705430529
l28_last,time,True,89,5.218960891871465,0.00016292945724264902,0.9992966000002954
l28_last,time,True,90,5.113696794697079,0.00015642331075184718,0.9994530233110474
l28_last,time,True,91,4.750896435797128,0.00013501519641946654,0.9995880385074668
l28_last,time,True,92,4.453856683529163,0.00011865990659026325,0.999706698414057
l28_last,time,True,93,4.386915266089519,0.0001151197977240147,0.9998218182117811
l28_last,time,True,94,4.113314510662645,0.0001012081207916204,0.9999230263325727
l28_last,time,True,95,3.587197817309499,7.69736674271644e-05,0.9999999999999998
l28_last,time,True,96,3.620083733654955e-14,7.839146086366417e-33,1.0
l28_last,emphasis,False,1,331.2028303415874,0.32941585107221955,0.32941585107221955
l28_last,emphasis,False,2,256.57385857555,0.1976884176340215,0.527104268706241
l28_last,emphasis,False,3,167.2305660094003,0.08398229402886213,0.6110865627351031
l28_last,emphasis,False,4,133.64727911796342,0.05363850405811771,0.6647250667932209
l28_last,emphasis,False,5,116.02099831232493,0.040423099467337645,0.7051481662605584
l28_last,emphasis,False,6,100.25803518622837,0.030185251077310373,0.7353334173378688
l28_last,emphasis,False,7,88.24579160840288,0.023385379427225704,0.7587187967650946
l28_last,emphasis,False,8,82.84508325795834,0.020610564729062197,0.7793293614941569
l28_last,emphasis,False,9,78.47238234365577,0.01849226418482411,0.797821625678981
l28_last,emphasis,False,10,70.95151431810957,0.01511749216532075,0.8129391178443017
l28_last,emphasis,False,11,64.81882520837287,0.012617076176456816,0.8255561940207585
l28_last,emphasis,False,12,59.65795987514794,0.010687920371934933,0.8362441143926935
l28_last,emphasis,False,13,59.34360217014041,0.01057558069108713,0.8468196950837807
l28_last,emphasis,False,14,54.27323674791877,0.008845611470374017,0.8556653065541547
l28_last,emphasis,False,15,52.10269395079398,0.008152236531994133,0.8638175430861489
l28_last,emphasis,False,16,51.348699634365545,0.007917996654792162,0.8717355397409409
l28_last,emphasis,False,17,49.808258153695434,0.0074500488884022475,0.879185588629343
l28_last,emphasis,False,18,48.12944676670124,0.0069562975988448125,0.8861418862281879
l28_last,emphasis,False,19,46.41402435284217,0.006469263871238523,0.8926111500994265
l28_last,emphasis,False,20,45.43327152736351,0.00619875447401273,0.8988099045734391
l28_last,emphasis,False,21,43.64717391368361,0.005720956851515016,0.9045308614249541
l28_last,emphasis,False,22,41.526506258400296,0.005178538419155799,0.9097093998441099
l28_last,emphasis,False,23,39.8398488686126,0.00476641418850407,0.914475814032614
l28_last,emphasis,False,24,39.057559927112386,0.004581066853809218,0.9190568808864231
l28_last,emphasis,False,25,37.310339342210405,0.004180370864001338,0.9232372517504245
l28_last,emphasis,False,26,36.082301305705855,0.003909712939923232,0.9271469646903477
l28_last,emphasis,False,27,35.36718462543573,0.003756275115959322,0.9309032398063072
l28_last,emphasis,False,28,33.90620943031816,0.0034523506074927023,0.9343555904137999
l28_last,emphasis,False,29,33.07449122039377,0.003285055858184481,0.9376406462719844
l28_last,emphasis,False,30,32.155397548512646,0.0031050184185817753,0.9407456646905662
l28_last,emphasis,False,31,31.62320006220826,0.0030030879082366506,0.9437487525988028
l28_last,emphasis,False,32,30.752696870668064,0.0028400293547033353,0.9465887819535062
l28_last,emphasis,False,33,30.417740914172807,0.002778499525718848,0.9493672814792249
l28_last,emphasis,False,34,29.48903778894636,0.0026114253648502517,0.9519787068440752
l28_last,emphasis,False,35,29.11044286580236,0.002544802244855176,0.9545235090889302
l28_last,emphasis,False,36,28.257637545890596,0.002397883694930898,0.9569213927838612
l28_last,emphasis,False,37,26.859269403885932,0.0021664307168560194,0.9590878235007173
l28_last,emphasis,False,38,26.544827560148914,0.0021160027656430794,0.9612038262663604
l28_last,emphasis,False,39,26.125399269313853,0.0020496621765731843,0.9632534884429336
l28_last,emphasis,False,40,26.03861488610011,0.002036067496257106,0.9652895559391906
l28_last,emphasis,False,41,24.788933522563656,0.0018453217463449182,0.9671348776855356
l28_last,emphasis,False,42,24.202512799968634,0.0017590465445556402,0.9688939242300912
l28_last,emphasis,False,43,23.632250251374764,0.0016771293836927892,0.970571053613784
l28_last,emphasis,False,44,23.37793510941517,0.0016412272221558184,0.9722122808359399
l28_last,emphasis,False,45,22.99641824367627,0.001588096218174904,0.9738003770541148
l28_last,emphasis,False,46,22.16779961217881,0.001475711929286095,0.975276088983401
l28_last,emphasis,False,47,21.757321591684196,0.0014215668131027956,0.9766976557965038
l28_last,emphasis,False,48,21.420935814936595,0.0013779494758182364,0.978075605272322
l28_last,emphasis,False,49,20.401057942949578,0.0012498612187554763,0.9793254664910774
l28_last,emphasis,False,50,19.88065104990181,0.0011869095362207467,0.9805123760272981
l28_last,emphasis,False,51,19.349551737351113,0.0011243414737538457,0.9816367175010519
l28_last,emphasis,False,52,19.08118861344243,0.0010933702758130408,0.982730087776865
l28_last,emphasis,False,53,18.526110534906717,0.001030682532631186,0.9837607703094962
l28_last,emphasis,False,54,18.189786660449794,0.0009936000965553953,0.9847543704060514
l28_last,emphasis,False,55,17.66727715379956,0.0009373367792501307,0.9856917071853015
l28_last,emphasis,False,56,17.416760525682502,0.0009109429416321028,0.9866026501269337
l28_last,emphasis,False,57,17.104368285278124,0.0008785581102442668,0.987481208237178
l28_last,emphasis,False,58,16.489358204082183,0.0008165145328707194,0.9882977227700488
l28_last,emphasis,False,59,16.148623539460242,0.0007831184117082186,0.989080841181757
l28_last,emphasis,False,60,15.99414363563082,0.0007682072435803434,0.9898490484253374
l28_last,emphasis,False,61,15.341256832652821,0.0007067703068235145,0.9905558187321609
l28_last,emphasis,False,62,14.575702048841494,0.0006379922133024182,0.9911938109454632
l28_last,emphasis,False,63,14.2933749039244,0.0006135161285373751,0.9918073270740005
l28_last,emphasis,False,64,13.650256156875882,0.000559548861886376,0.992366875935887
l28_last,emphasis,False,65,13.108331214459728,0.000516001812202083,0.9928828777480891
l28_last,emphasis,False,66,12.592823858574038,0.00047621456219489505,0.9933590923102841
l28_last,emphasis,False,67,12.433787424757691,0.0004642621629627287,0.9938233544732468
l28_last,emphasis,False,68,12.112693397292174,0.00044059327365127403,0.9942639477468981
l28_last,emphasis,False,69,11.774141314632597,0.00041630813941902645,0.9946802558863173
l28_last,emphasis,False,70,11.51971944216935,0.00039851091266719245,0.9950787667989844
l28_last,emphasis,False,71,11.207892274103314,0.00037722833799195226,0.9954559951369765
l28_last,emphasis,False,72,10.928196157913955,0.0003586355836531589,0.9958146307206291
l28_last,emphasis,False,73,10.634631013574724,0.00033962626260037595,0.9961542569832295
l28_last,emphasis,False,74,10.49965223709088,0.00033105964413480575,0.9964853166273643
l28_last,emphasis,False,75,10.310918374027173,0.0003192648536211912,0.9968045814809855
l28_last,emphasis,False,76,9.972635039921435,0.00029865945329513266,0.9971032409342807
l28_last,emphasis,False,77,9.811853499919966,0.00028910694494934975,0.99739234787923
l28_last,emphasis,False,78,9.227002096776161,0.0002556687527131293,0.9976480166319431
l28_last,emphasis,False,79,9.020535330314924,0.0002443548918522586,0.9978923715237955
l28_last,emphasis,False,80,8.611753580111593,0.00022270994089337455,0.9981150814646887
l28_last,emphasis,False,81,8.39874257059388,0.00021182877464469518,0.9983269102393334
l28_last,emphasis,False,82,7.879949995646415,0.00018646758117010998,0.9985133778205035
l28_last,emphasis,False,83,7.6375892763776365,0.00017517374457093972,0.9986885515650744
l28_last,emphasis,False,84,7.543257577884474,0.0001708733325474607,0.9988594248976218
l28_last,emphasis,False,85,7.245458767161866,0.0001576479009945135,0.9990170727986164
l28_last,emphasis,False,86,6.554379954542109,0.00012900889084541155,0.9991460816894618
l28_last,emphasis,False,87,6.439380096204273,0.00012452155512941961,0.9992706032445914
l28_last,emphasis,False,88,6.240262340808995,0.00011693973619176277,0.9993875429807833
l28_last,emphasis,False,89,5.84278783072316,0.00010251717880677281,0.99949006015959
l28_last,emphasis,False,90,5.530806857339656,9.186147180063348e-05,0.9995819216313907
l28_last,emphasis,False,91,5.215370891127273,8.168208436507548e-05,0.9996636037157558
l28_last,emphasis,False,92,5.152057366126915,7.971091497469987e-05,0.9997433146307305
l28_last,emphasis,False,93,4.952016045874336,7.36411396011726e-05,0.9998169557703317
l28_last,emphasis,False,94,4.7678168451806116,6.826459870242619e-05,0.999885220369034
l28_last,emphasis,False,95,4.557694854654262,6.238022031473604e-05,0.9999476005893487
l28_last,emphasis,False,96,4.177197353070688,5.239941065138802e-05,1.0
l28_last,emphasis,True,1,257.8247555742566,0.2882504233571766,0.2882504233571766
l28_last,emphasis,True,2,167.77137463810678,0.12205524598674909,0.41030566934392565
l28_last,emphasis,True,3,147.45068946610675,0.09427886372686027,0.504584533070786
l28_last,emphasis,True,4,118.89186620189388,0.06129499480365506,0.565879527874441
l28_last,emphasis,True,5,100.28966926035606,0.04361472340143877,0.6094942512758799
l28_last,emphasis,True,6,90.31341770689777,0.03536920346712754,0.6448634547430073
l28_last,emphasis,True,7,84.13092562398097,0.030692485453669954,0.6755559401966773
l28_last,emphasis,True,8,79.6492658296231,0.027509600180757682,0.703065540377435
l28_last,emphasis,True,9,72.16353545899872,0.022581684154761337,0.7256472245321963
l28_last,emphasis,True,10,64.84738623207728,0.018234996161685394,0.7438822206938818
l28_last,emphasis,True,11,59.671855121169656,0.01544044468431522,0.7593226653781969
l28_last,emphasis,True,12,59.411700764183095,0.015306105216801468,0.7746287705949985
l28_last,emphasis,True,13,54.579602848087994,0.01291758912883126,0.7875463597238297
l28_last,emphasis,True,14,52.41545907395107,0.0119135039225352,0.7994598636463649
l28_last,emphasis,True,15,51.807658070234005,0.011638811806147946,0.8110986754525129
l28_last,emphasis,True,16,51.13326721168243,0.011337774397599193,0.8224364498501119
l28_last,emphasis,True,17,49.00874753589227,0.010415207629707544,0.8328516574798195
l28_last,emphasis,True,18,46.584125107350474,0.009410151410402991,0.8422618088902224
l28_last,emphasis,True,19,45.433680642106026,0.008951103244665541,0.8512129121348879
l28_last,emphasis,True,20,44.50246896537706,0.008587938711999697,0.8598008508468876
l28_last,emphasis,True,21,42.401504509824456,0.007796205135223842,0.8675970559821115
l28_last,emphasis,True,22,40.697476687758616,0.007182170165724065,0.8747792261478355
l28_last,emphasis,True,23,39.070798989806725,0.006619501875070854,0.8813987280229064
l28_last,emphasis,True,24,37.659255939322236,0.006149845348682725,0.8875485733715893
l28_last,emphasis,True,25,36.15461683188711,0.0056682402658021405,0.8932168136373914
l28_last,emphasis,True,26,35.72977596503944,0.005535811717172327,0.8987526253545637
l28_last,emphasis,True,27,34.842784891778294,0.005264370464780888,0.9040169958193446
l28_last,emphasis,True,28,33.16918135184566,0.004770789229209476,0.9087877850485541
l28_last,emphasis,True,29,32.377790606050986,0.004545850454292325,0.9133336355028463
l28_last,emphasis,True,30,32.109935411323505,0.00447094768738349,0.9178045831902298
l28_last,emphasis,True,31,31.623145375707967,0.004336415155213685,0.9221409983454435
l28_last,emphasis,True,32,30.745721979720077,0.0040991151258182885,0.9262401134712619
l28_last,emphasis,True,33,29.522817867637407,0.0037795173122812217,0.9300196307835432
l28_last,emphasis,True,34,29.200047613046134,0.0036973268413660193,0.9337169576249092
l28_last,emphasis,True,35,28.709399046190118,0.0035741183402522607,0.9372910759651615
l28_last,emphasis,True,36,26.889835173359693,0.00313542924421535,0.9404265052093769
l28_last,emphasis,True,37,26.55785043926733,0.0030584864874908524,0.9434849916968677
l28_last,emphasis,True,38,26.43928823179488,0.003031239441569358,0.9465162311384371
l28_last,emphasis,True,39,26.112627591305458,0.0029567994891442355,0.9494730306275813
l28_last,emphasis,True,40,25.103147035813183,0.0027326062931289016,0.95220563692071
l28_last,emphasis,True,41,24.208241960335485,0.002541249038555357,0.9547468859592655
l28_last,emphasis,True,42,23.711786878790743,0.002438087513083947,0.9571849734723495
l28_last,emphasis,True,43,23.54948529108853,0.002404825471633187,0.9595897989439827
l28_last,emphasis,True,44,23.02387759659887,0.0022986754623216745,0.9618884744063043
l28_last,emphasis,True,45,22.30091435375792,0.0021565824369923783,0.9640450568432968
l28_last,emphasis,True,46,21.76434161560921,0.0020540536958289796,0.9660991105391257
l28_last,emphasis,True,47,21.421203946867724,0.0019897956474484945,0.9680889061865742
l28_last,emphasis,True,48,20.459622156528567,0.001815164304254216,0.9699040704908283
l28_last,emphasis,True,49,20.0204002909773,0.0017380658943196006,0.9716421363851478
l28_last,emphasis,True,50,19.36141365254899,0.0016255294862022518,0.97326766587135
l28_last,emphasis,True,51,19.130562353285995,0.0015869973351615165,0.9748546632065116
l28_last,emphasis,True,52,18.69027594576772,0.0015147890297033527,0.976369452236215
l28_last,emphasis,True,53,18.2231547578495,0.0014400177693636798,0.9778094700055786
l28_last,emphasis,True,54,17.670098521790546,0.0013539376537535094,0.9791634076593321
l28_last,emphasis,True,55,17.419266248926306,0.0013157713902801006,0.9804791790496122
l28_last,emphasis,True,56,17.1460653394032,0.0012748223627249175,0.9817540014123372
l28_last,emphasis,True,57,16.826197495052213,0.0012277012233048402,0.982981702635642
l28_last,emphasis,True,58,16.181147758086272,0.0011353751164779014,0.9841170777521199
l28_last,emphasis,True,59,16.03563933496659,0.001115047283404885,0.9852321250355248
l28_last,emphasis,True,60,15.412540423485776,0.0010300757940998827,0.9862622008296248
l28_last,emphasis,True,61,14.658155220640902,0.0009317069970057855,0.9871939078266305
l28_last,emphasis,True,62,14.293389381447133,0.0008859132033838192,0.9880798210300143
l28_last,emphasis,True,63,13.703439474291859,0.0008142914903757393,0.9888941125203901
l28_last,emphasis,True,64,13.10861557986074,0.0007451339987269369,0.989639246519117
l28_last,emphasis,True,65,12.604140762945468,0.000688885770091761,0.9903281322892087
l28_last,emphasis,True,66,12.514215719728222,0.0006790910371477091,0.9910072233263564
l28_last,emphasis,True,67,12.1807315124397,0.0006433798655227265,0.991650603191879
l28_last,emphasis,True,68,11.784682100877191,0.0006022217932384,0.9922528249851175
l28_last,emphasis,True,69,11.569292065832022,0.0005804092087334887,0.9928332341938509
l28_last,emphasis,True,70,11.21575766455983,0.0005454789031366928,0.9933787130969877
l28_last,emphasis,True,71,10.928320890992282,0.0005178781668765007,0.9938965912638642
l28_last,emphasis,True,72,10.686504137897519,0.0004952130045259445,0.9943918042683901
l28_last,emphasis,True,73,10.512858138199574,0.0004792502327714059,0.9948710545011615
l28_last,emphasis,True,74,10.312402080642958,0.0004611480749934646,0.995332202576155
l28_last,emphasis,True,75,9.974598541497356,0.00043143122566598104,0.9957636338018209
l28_last,emphasis,True,76,9.942744453329201,0.0004286800564419464,0.9961923138582628
l28_last,emphasis,True,77,9.337948418932427,0.000378114790468337,0.9965704286487311
l28_last,emphasis,True,78,9.094297698690939,0.0003586402739436765,0.9969290689226749
l28_last,emphasis,True,79,8.689677521186967,0.00032743721975995945,0.9972565061424349
l28_last,emphasis,True,80,8.40666937069847,0.00030645637410782814,0.9975629625165426
l28_last,emphasis,True,81,7.922729621318777,0.00027218888997374794,0.9978351514065165
l28_last,emphasis,True,82,7.680557537665309,0.0002558033444805626,0.998090954750997
l28_last,emphasis,True,83,7.551329339490758,0.00024726779038491243,0.9983382225413818
l28_last,emphasis,True,84,7.245941984825013,0.00022767242294036686,0.9985658949643222
l28_last,emphasis,True,85,6.572647298241698,0.00018732743216569992,0.9987532223964879
l28_last,emphasis,True,86,6.540832260651492,0.00018551829661143308,0.9989387406930993
l28_last,emphasis,True,87,6.272342381561402,0.00017060047569386104,0.9991093411687931
l28_last,emphasis,True,88,5.855327848423013,0.00014866993726928842,0.9992580111060627
l28_last,emphasis,True,89,5.534101304771413,0.00013280515534624203,0.9993908162614089
l28_last,emphasis,True,90,5.217633192154184,0.00011805049512462994,0.9995088667565336
l28_last,emphasis,True,91,5.212242128265319,0.00011780667232146666,0.9996266734288551
l28_last,emphasis,True,92,4.952981951416911,0.00010637858647942881,0.9997330520153345
l28_last,emphasis,True,93,4.767887015315431,9.857632769567413e-05,0.9998316283430302
l28_last,emphasis,True,94,4.617672546326258,9.246278905620335e-05,0.9999240911320864
l28_last,emphasis,True,95,4.183944307894915,7.590886791370036e-05,1.0000000000000002
l28_last,emphasis,True,96,3.760505784242886e-14,6.132156732120765e-33,1.0
