experiment,representation,method,split,delta_length,edited,position_quartile,n_unique_base,mse,identity_mse
A_negation,l0_mean,identity,train,0,2,1,78,3.908484376330492e-06,3.908484376330492e-06
A_negation,l0_mean,identity,dev,0,2,1,39,3.9084843691843435e-06,3.9084843691843435e-06
A_negation,l0_mean,identity,iid,0,2,1,39,3.908484373875562e-06,3.908484373875562e-06
A_negation,l0_mean,identity,iid,0,2,2,9,5.095651047803908e-06,5.095651047803908e-06
A_negation,l0_mean,identity,train,0,2,2,18,5.095651035810025e-06,5.095651035810025e-06
A_negation,l0_mean,identity,dev,0,2,2,9,5.095651028332808e-06,5.095651028332808e-06
A_negation,l0_mean,identity,template,0,2,2,32,5.0956510383004526e-06,5.0956510383004526e-06
A_negation,l0_mean,identity,template,0,2,1,32,4.127202434308973e-06,4.127202434308973e-06
A_negation,l0_mean,identity,topic,0,2,1,84,3.962143016304027e-06,3.962143016304027e-06
A_negation,l0_mean,identity,topic,0,2,2,12,5.095651041780187e-06,5.095651041780187e-06
A_negation,l0_mean,identity,joint,0,2,1,24,3.874964199298659e-06,3.874964199298659e-06
A_negation,l0_mean,identity,joint,0,2,2,8,5.0956510323485325e-06,5.0956510323485325e-06
A_negation,l0_mean,shift,train,0,2,1,78,1.2687420429698816e-08,3.908484376330492e-06
A_negation,l0_mean,shift,dev,0,2,1,39,1.2687420403867527e-08,3.9084843691843435e-06
A_negation,l0_mean,shift,iid,0,2,1,39,1.2687420385483895e-08,3.908484373875562e-06
A_negation,l0_mean,shift,iid,0,2,2,9,5.180256540215199e-08,5.095651047803908e-06
A_negation,l0_mean,shift,train,0,2,2,18,5.1802564193314886e-08,5.095651035810025e-06
A_negation,l0_mean,shift,dev,0,2,2,9,5.180256343970733e-08,5.095651028332808e-06
A_negation,l0_mean,shift,template,0,2,2,32,5.180256444431644e-08,5.0956510383004526e-06
A_negation,l0_mean,shift,template,0,2,1,32,3.239830274056613e-09,4.127202434308973e-06
A_negation,l0_mean,shift,topic,0,2,1,84,1.079013549090531e-08,3.962143016304027e-06
A_negation,l0_mean,shift,topic,0,2,2,12,5.180256479503214e-08,5.095651041780187e-06
A_negation,l0_mean,shift,joint,0,2,1,24,1.1346651171733733e-08,3.874964199298659e-06
A_negation,l0_mean,shift,joint,0,2,2,8,5.180256384443261e-08,5.0956510323485325e-06
A_negation,l0_mean,rank1,train,0,2,1,78,7.317184950448654e-10,3.908484376330492e-06
A_negation,l0_mean,rank1,dev,0,2,1,39,7.311654133816748e-10,3.9084843691843435e-06
A_negation,l0_mean,rank1,iid,0,2,1,39,7.301161071931746e-10,3.908484373875562e-06
A_negation,l0_mean,rank1,iid,0,2,2,9,7.038755447426073e-10,5.095651047803908e-06
A_negation,l0_mean,rank1,train,0,2,2,18,7.057302366072566e-10,5.095651035810025e-06
A_negation,l0_mean,rank1,dev,0,2,2,9,6.993641941055651e-10,5.095651028332808e-06
A_negation,l0_mean,rank1,template,0,2,2,32,1.2370101055360386e-08,5.0956510383004526e-06
A_negation,l0_mean,rank1,template,0,2,1,32,3.7617579962843744e-10,4.127202434308973e-06
A_negation,l0_mean,rank1,topic,0,2,1,84,3.794274863158815e-09,3.962143016304027e-06
A_negation,l0_mean,rank1,topic,0,2,2,12,2.9412411205995716e-09,5.095651041780187e-06
A_negation,l0_mean,rank1,joint,0,2,1,24,3.146726947209924e-09,3.874964199298659e-06
A_negation,l0_mean,rank1,joint,0,2,2,8,9.813062654891259e-09,5.0956510323485325e-06
A_negation,l0_mean,lowrank,train,0,2,1,78,7.317184950448654e-10,3.908484376330492e-06
A_negation,l0_mean,lowrank,dev,0,2,1,39,7.311654133816748e-10,3.9084843691843435e-06
A_negation,l0_mean,lowrank,iid,0,2,1,39,7.301161071931746e-10,3.908484373875562e-06
A_negation,l0_mean,lowrank,iid,0,2,2,9,7.038755447426073e-10,5.095651047803908e-06
A_negation,l0_mean,lowrank,train,0,2,2,18,7.057302366072566e-10,5.095651035810025e-06
A_negation,l0_mean,lowrank,dev,0,2,2,9,6.993641941055651e-10,5.095651028332808e-06
A_negation,l0_mean,lowrank,template,0,2,2,32,1.2370101055360386e-08,5.0956510383004526e-06
A_negation,l0_mean,lowrank,template,0,2,1,32,3.7617579962843744e-10,4.127202434308973e-06
A_negation,l0_mean,lowrank,topic,0,2,1,84,3.794274863158815e-09,3.962143016304027e-06
A_negation,l0_mean,lowrank,topic,0,2,2,12,2.9412411205995716e-09,5.095651041780187e-06
A_negation,l0_mean,lowrank,joint,0,2,1,24,3.146726947209924e-09,3.874964199298659e-06
A_negation,l0_mean,lowrank,joint,0,2,2,8,9.813062654891259e-09,5.0956510323485325e-06
A_negation,l0_mean,full_delta,train,0,2,1,78,7.317184950422449e-10,3.908484376330492e-06
A_negation,l0_mean,full_delta,dev,0,2,1,39,7.311654134269052e-10,3.9084843691843435e-06
A_negation,l0_mean,full_delta,iid,0,2,1,39,7.301161072344294e-10,3.908484373875562e-06
A_negation,l0_mean,full_delta,iid,0,2,2,9,7.038755447786603e-10,5.095651047803908e-06
A_negation,l0_mean,full_delta,train,0,2,2,18,7.057302365964177e-10,5.095651035810025e-06
A_negation,l0_mean,full_delta,dev,0,2,2,9,6.993641941419006e-10,5.095651028332808e-06
A_negation,l0_mean,full_delta,template,0,2,2,32,1.2370101055373053e-08,5.0956510383004526e-06
A_negation,l0_mean,full_delta,template,0,2,1,32,3.7617579963947394e-10,4.127202434308973e-06
A_negation,l0_mean,full_delta,topic,0,2,1,84,3.7942748631736105e-09,3.962143016304027e-06
A_negation,l0_mean,full_delta,topic,0,2,2,12,2.941241120615419e-09,5.095651041780187e-06
A_negation,l0_mean,full_delta,joint,0,2,1,24,3.14672694722168e-09,3.874964199298659e-06
A_negation,l0_mean,full_delta,joint,0,2,2,8,9.813062654902949e-09,5.0956510323485325e-06
A_negation,l0_mean,full_affine,train,0,2,1,78,6.508077237101357e-07,3.908484376330492e-06
A_negation,l0_mean,full_affine,dev,0,2,1,39,6.517466092030093e-07,3.9084843691843435e-06
A_negation,l0_mean,full_affine,iid,0,2,1,39,6.516607344511221e-07,3.908484373875562e-06
A_negation,l0_mean,full_affine,iid,0,2,2,9,3.619116310190052e-07,5.095651047803908e-06
A_negation,l0_mean,full_affine,train,0,2,2,18,3.606290366633433e-07,5.095651035810025e-06
A_negation,l0_mean,full_affine,dev,0,2,2,9,3.620734887429325e-07,5.095651028332808e-06
A_negation,l0_mean,full_affine,template,0,2,2,32,7.415898592108573e-06,5.0956510383004526e-06
A_negation,l0_mean,full_affine,template,0,2,1,32,7.65049496725976e-06,4.127202434308973e-06
A_negation,l0_mean,full_affine,topic,0,2,1,84,5.080574837415939e-06,3.962143016304027e-06
A_negation,l0_mean,full_affine,topic,0,2,2,12,3.332590650784635e-06,5.095651041780187e-06
A_negation,l0_mean,full_affine,joint,0,2,1,24,7.970700043188302e-06,3.874964199298659e-06
A_negation,l0_mean,full_affine,joint,0,2,2,8,7.350884281097224e-06,5.0956510323485325e-06
A_negation,l0_mean,length_shift,train,0,2,1,78,2.1944771363508545e-13,3.908484376330492e-06
A_negation,l0_mean,length_shift,dev,0,2,1,39,2.1944875393001198e-13,3.9084843691843435e-06
A_negation,l0_mean,length_shift,iid,0,2,1,39,2.1944764100628317e-13,3.908484373875562e-06
A_negation,l0_mean,length_shift,iid,0,2,2,9,4.644345319101765e-13,5.095651047803908e-06
A_negation,l0_mean,length_shift,train,0,2,2,18,4.64430906912666e-13,5.095651035810025e-06
A_negation,l0_mean,length_shift,dev,0,2,2,9,4.644286569363709e-13,5.095651028332808e-06
A_negation,l0_mean,length_shift,template,0,2,2,32,4.644316616925523e-13,5.0956510383004526e-06
A_negation,l0_mean,length_shift,template,0,2,1,32,1.2330446983412586e-13,4.127202434308973e-06
A_negation,l0_mean,length_shift,topic,0,2,1,84,2.3163138634534425e-13,3.962143016304027e-06
A_negation,l0_mean,length_shift,topic,0,2,2,12,4.644327126400733e-13,5.095651041780187e-06
A_negation,l0_mean,length_shift,joint,0,2,1,24,5.720593205561299e-13,3.874964199298659e-06
A_negation,l0_mean,length_shift,joint,0,2,2,8,4.644298622407756e-13,5.0956510323485325e-06
A_negation,l0_mean,source_token_ridge,train,0,2,1,78,5.619267804121128e-10,3.908484376330492e-06
A_negation,l0_mean,source_token_ridge,dev,0,2,1,39,5.617428124133086e-10,3.9084843691843435e-06
A_negation,l0_mean,source_token_ridge,iid,0,2,1,39,5.616139807238405e-10,3.908484373875562e-06
A_negation,l0_mean,source_token_ridge,iid,0,2,2,9,8.998420396229295e-10,5.095651047803908e-06
A_negation,l0_mean,source_token_ridge,train,0,2,2,18,8.999975434137832e-10,5.095651035810025e-06
A_negation,l0_mean,source_token_ridge,dev,0,2,2,9,8.965542368215342e-10,5.095651028332808e-06
A_negation,l0_mean,source_token_ridge,template,0,2,2,32,1.3518139722570583e-08,5.0956510383004526e-06
A_negation,l0_mean,source_token_ridge,template,0,2,1,32,1.2409560481939595e-09,4.127202434308973e-06
A_negation,l0_mean,source_token_ridge,topic,0,2,1,84,3.6000302426434367e-09,3.962143016304027e-06
A_negation,l0_mean,source_token_ridge,topic,0,2,2,12,5.1687141587631205e-09,5.095651041780187e-06
A_negation,l0_mean,source_token_ridge,joint,0,2,1,24,5.739752491680706e-09,3.874964199298659e-06
A_negation,l0_mean,source_token_ridge,joint,0,2,2,8,1.3651266804425626e-08,5.0956510323485325e-06
A_negation,l0_mean,shuffled,train,0,2,1,78,3.589761122478292e-07,3.908484376330492e-06
A_negation,l0_mean,shuffled,dev,0,2,1,39,3.302536732194679e-07,3.9084843691843435e-06
A_negation,l0_mean,shuffled,iid,0,2,1,39,2.9329130397062476e-07,3.908484373875562e-06
A_negation,l0_mean,shuffled,iid,0,2,2,9,4.921378393050584e-07,5.095651047803908e-06
A_negation,l0_mean,shuffled,train,0,2,2,18,5.060080187882315e-07,5.095651035810025e-06
A_negation,l0_mean,shuffled,dev,0,2,2,9,4.968455888612053e-07,5.095651028332808e-06
A_negation,l0_mean,shuffled,template,0,2,2,32,3.612521873525306e-07,5.0956510383004526e-06
A_negation,l0_mean,shuffled,template,0,2,1,32,2.572566788951189e-07,4.127202434308973e-06
A_negation,l0_mean,shuffled,topic,0,2,1,84,3.252537782507846e-07,3.962143016304027e-06
A_negation,l0_mean,shuffled,topic,0,2,2,12,3.998908431478825e-07,5.095651041780187e-06
A_negation,l0_mean,shuffled,joint,0,2,1,24,2.523431665226837e-07,3.874964199298659e-06
A_negation,l0_mean,shuffled,joint,0,2,2,8,3.60494403623036e-07,5.0956510323485325e-06
A_negation,l0_mean,random_subspace,train,0,2,1,78,1.2687174649788784e-08,3.908484376330492e-06
A_negation,l0_mean,random_subspace,dev,0,2,1,39,1.2687174608518017e-08,3.9084843691843435e-06
A_negation,l0_mean,random_subspace,iid,0,2,1,39,1.2687174550733337e-08,3.908484373875562e-06
A_negation,l0_mean,random_subspace,iid,0,2,2,9,5.180157101030199e-08,5.095651047803908e-06
A_negation,l0_mean,random_subspace,train,0,2,2,18,5.180156982206412e-08,5.095651035810025e-06
A_negation,l0_mean,random_subspace,dev,0,2,2,9,5.180156895887894e-08,5.095651028332808e-06
A_negation,l0_mean,random_subspace,template,0,2,2,32,5.180180581915191e-08,5.0956510383004526e-06
A_negation,l0_mean,random_subspace,template,0,2,1,32,3.2397736544447696e-09,4.127202434308973e-06
A_negation,l0_mean,random_subspace,topic,0,2,1,84,1.078999165607158e-08,3.962143016304027e-06
A_negation,l0_mean,random_subspace,topic,0,2,2,12,5.1801624909842084e-08,5.095651041780187e-06
A_negation,l0_mean,random_subspace,joint,0,2,1,24,1.1346477239058027e-08,3.874964199298659e-06
A_negation,l0_mean,random_subspace,joint,0,2,2,8,5.180175109029642e-08,5.0956510323485325e-06
A_time,l0_mean,identity,train,0,2,0,96,1.7407351930137437e-06,1.7407351930137437e-06
A_time,l0_mean,identity,dev,0,2,0,48,1.7407351901729602e-06,1.7407351901729602e-06
A_time,l0_mean,identity,iid,0,2,0,48,1.7407351935374536e-06,1.7407351935374536e-06
A_time,l0_mean,identity,template,0,2,0,64,1.943142338867066e-06,1.943142338867066e-06
A_time,l0_mean,identity,topic,0,2,0,96,1.7292541395943993e-06,1.7292541395943993e-06
A_time,l0_mean,identity,joint,0,2,0,32,1.76140694038011e-06,1.76140694038011e-06
A_time,l0_mean,shift,train,0,2,0,96,8.436574133504949e-09,1.7407351930137437e-06
A_time,l0_mean,shift,dev,0,2,0,48,8.436574219299073e-09,1.7407351901729602e-06
A_time,l0_mean,shift,iid,0,2,0,48,8.436574250049927e-09,1.7407351935374536e-06
A_time,l0_mean,shift,template,0,2,0,64,1.159675879400825e-08,1.943142338867066e-06
A_time,l0_mean,shift,topic,0,2,0,96,6.706903159824759e-09,1.7292541395943993e-06
A_time,l0_mean,shift,joint,0,2,0,32,9.04298378984749e-09,1.76140694038011e-06
A_time,l0_mean,rank1,train,0,2,0,96,3.0627497891488604e-10,1.7407351930137437e-06
A_time,l0_mean,rank1,dev,0,2,0,48,3.05582676816862e-10,1.7407351901729602e-06
A_time,l0_mean,rank1,iid,0,2,0,48,3.055798343560586e-10,1.7407351935374536e-06
A_time,l0_mean,rank1,template,0,2,0,64,2.6854845528227674e-09,1.943142338867066e-06
A_time,l0_mean,rank1,topic,0,2,0,96,1.5538835601631028e-09,1.7292541395943993e-06
A_time,l0_mean,rank1,joint,0,2,0,32,2.0282113166371146e-09,1.76140694038011e-06
A_time,l0_mean,lowrank,train,0,2,0,96,3.0627497891488604e-10,1.7407351930137437e-06
A_time,l0_mean,lowrank,dev,0,2,0,48,3.05582676816862e-10,1.7407351901729602e-06
A_time,l0_mean,lowrank,iid,0,2,0,48,3.055798343560586e-10,1.7407351935374536e-06
A_time,l0_mean,lowrank,template,0,2,0,64,2.6854845528227674e-09,1.943142338867066e-06
A_time,l0_mean,lowrank,topic,0,2,0,96,1.5538835601631028e-09,1.7292541395943993e-06
A_time,l0_mean,lowrank,joint,0,2,0,32,2.0282113166371146e-09,1.76140694038011e-06
A_time,l0_mean,full_delta,train,0,2,0,96,3.0627497891064984e-10,1.7407351930137437e-06
A_time,l0_mean,full_delta,dev,0,2,0,48,3.055826768550517e-10,1.7407351901729602e-06
A_time,l0_mean,full_delta,iid,0,2,0,48,3.0557983439211963e-10,1.7407351935374536e-06
A_time,l0_mean,full_delta,template,0,2,0,64,2.685484552833588e-09,1.943142338867066e-06
A_time,l0_mean,full_delta,topic,0,2,0,96,1.5538835601746023e-09,1.7292541395943993e-06
A_time,l0_mean,full_delta,joint,0,2,0,32,2.0282113166462447e-09,1.76140694038011e-06
A_time,l0_mean,full_affine,train,0,2,0,96,5.959083042332563e-07,1.7407351930137437e-06
A_time,l0_mean,full_affine,dev,0,2,0,48,5.969428785463109e-07,1.7407351901729602e-06
A_time,l0_mean,full_affine,iid,0,2,0,48,5.968500047328067e-07,1.7407351935374536e-06
A_time,l0_mean,full_affine,template,0,2,0,64,7.537286283538762e-06,1.943142338867066e-06
A_time,l0_mean,full_affine,topic,0,2,0,96,4.8607902949384395e-06,1.7292541395943993e-06
A_time,l0_mean,full_affine,joint,0,2,0,32,7.82545760399838e-06,1.76140694038011e-06
A_time,l0_mean,length_shift,train,0,2,0,96,1.1182570151820871e-13,1.7407351930137437e-06
A_time,l0_mean,length_shift,dev,0,2,0,48,1.1182516015547574e-13,1.7407351901729602e-06
A_time,l0_mean,length_shift,iid,0,2,0,48,1.1182499382713617e-13,1.7407351935374536e-06
A_time,l0_mean,length_shift,template,0,2,0,64,1.2382767784496724e-13,1.943142338867066e-06
A_time,l0_mean,length_shift,topic,0,2,0,96,1.0986549603251512e-13,1.7292541395943993e-06
A_time,l0_mean,length_shift,joint,0,2,0,32,2.2971405143883867e-13,1.76140694038011e-06
A_time,l0_mean,source_token_ridge,train,0,2,0,96,2.634924529827274e-10,1.7407351930137437e-06
A_time,l0_mean,source_token_ridge,dev,0,2,0,48,2.631574345270237e-10,1.7407351901729602e-06
A_time,l0_mean,source_token_ridge,iid,0,2,0,48,2.6337308128373386e-10,1.7407351935374536e-06
A_time,l0_mean,source_token_ridge,template,0,2,0,64,3.109560777556873e-09,1.943142338867066e-06
A_time,l0_mean,source_token_ridge,topic,0,2,0,96,1.5995902466098771e-09,1.7292541395943993e-06
A_time,l0_mean,source_token_ridge,joint,0,2,0,32,3.252020814795953e-09,1.76140694038011e-06
A_time,l0_mean,shuffled,train,0,2,0,96,3.754698338492568e-07,1.7407351930137437e-06
A_time,l0_mean,shuffled,dev,0,2,0,48,3.508977124968177e-07,1.7407351901729602e-06
A_time,l0_mean,shuffled,iid,0,2,0,48,3.1953956406887883e-07,1.7407351935374536e-06
A_time,l0_mean,shuffled,template,0,2,0,64,2.933761006820507e-07,1.943142338867066e-06
A_time,l0_mean,shuffled,topic,0,2,0,96,3.2565522638783893e-07,1.7292541395943993e-06
A_time,l0_mean,shuffled,joint,0,2,0,32,2.6718775440759803e-07,1.76140694038011e-06
A_time,l0_mean,random_subspace,train,0,2,0,96,8.43441040355796e-09,1.7407351930137437e-06
A_time,l0_mean,random_subspace,dev,0,2,0,48,8.434410309659985e-09,1.7407351901729602e-06
A_time,l0_mean,random_subspace,iid,0,2,0,48,8.434410384629043e-09,1.7407351935374536e-06
A_time,l0_mean,random_subspace,template,0,2,0,64,1.1594356969248149e-08,1.943142338867066e-06
A_time,l0_mean,random_subspace,topic,0,2,0,96,6.705538730077367e-09,1.7292541395943993e-06
A_time,l0_mean,random_subspace,joint,0,2,0,32,9.041131499965199e-09,1.76140694038011e-06
A_emphasis,l0_mean,identity,train,1,1,1,78,1.7678002971789077e-06,1.7678002971789077e-06
A_emphasis,l0_mean,identity,dev,1,1,1,39,1.7685487473273062e-06,1.7685487473273062e-06
A_emphasis,l0_mean,identity,iid,1,1,1,39,1.7672927811190881e-06,1.7672927811190881e-06
A_emphasis,l0_mean,identity,iid,1,1,2,9,2.260333253046116e-06,2.260333253046116e-06
A_emphasis,l0_mean,identity,train,1,1,2,18,2.2560445487243e-06,2.2560445487243e-06
A_emphasis,l0_mean,identity,dev,1,1,2,9,2.2549193055897685e-06,2.2549193055897685e-06
A_emphasis,l0_mean,identity,template,1,1,2,32,2.262506854071644e-06,2.262506854071644e-06
A_emphasis,l0_mean,identity,template,1,1,1,32,1.8628975340165645e-06,1.8628975340165645e-06
A_emphasis,l0_mean,identity,topic,1,1,1,84,1.7891325482898727e-06,1.7891325482898727e-06
A_emphasis,l0_mean,identity,topic,1,1,2,12,2.2504215022640133e-06,2.2504215022640133e-06
A_emphasis,l0_mean,identity,joint,1,1,1,24,1.7470998067830467e-06,1.7470998067830467e-06
A_emphasis,l0_mean,identity,joint,1,1,2,8,2.2685154694281392e-06,2.2685154694281392e-06
A_emphasis,l0_mean,shift,train,1,1,1,78,7.296227393170273e-08,1.7678002971789077e-06
A_emphasis,l0_mean,shift,dev,1,1,1,39,7.339280562766401e-08,1.7685487473273062e-06
A_emphasis,l0_mean,shift,iid,1,1,1,39,7.295500804173899e-08,1.7672927811190881e-06
A_emphasis,l0_mean,shift,iid,1,1,2,9,1.048603752452761e-07,2.260333253046116e-06
A_emphasis,l0_mean,shift,train,1,1,2,18,1.0405998443373372e-07,2.2560445487243e-06
A_emphasis,l0_mean,shift,dev,1,1,2,9,1.037683767238133e-07,2.2549193055897685e-06
A_emphasis,l0_mean,shift,template,1,1,2,32,1.1488599314947248e-07,2.262506854071644e-06
A_emphasis,l0_mean,shift,template,1,1,1,32,7.959838550989933e-08,1.8628975340165645e-06
A_emphasis,l0_mean,shift,topic,1,1,1,84,7.322844241889428e-08,1.7891325482898727e-06
A_emphasis,l0_mean,shift,topic,1,1,2,12,1.0510020605301716e-07,2.2504215022640133e-06
A_emphasis,l0_mean,shift,joint,1,1,1,24,7.754972415410413e-08,1.7470998067830467e-06
A_emphasis,l0_mean,shift,joint,1,1,2,8,1.1410787749091065e-07,2.2685154694281392e-06
A_emphasis,l0_mean,rank1,train,1,1,1,78,6.666828718070444e-08,1.7678002971789077e-06
A_emphasis,l0_mean,rank1,dev,1,1,1,39,6.665207450998263e-08,1.7685487473273062e-06
A_emphasis,l0_mean,rank1,iid,1,1,1,39,6.682455323275356e-08,1.7672927811190881e-06
A_emphasis,l0_mean,rank1,iid,1,1,2,9,7.332461425697182e-08,2.260333253046116e-06
A_emphasis,l0_mean,rank1,train,1,1,2,18,7.36973564014525e-08,2.2560445487243e-06
A_emphasis,l0_mean,rank1,dev,1,1,2,9,7.382033020813033e-08,2.2549193055897685e-06
A_emphasis,l0_mean,rank1,template,1,1,2,32,1.0216367167312263e-07,2.262506854071644e-06
A_emphasis,l0_mean,rank1,template,1,1,1,32,7.795889820489791e-08,1.8628975340165645e-06
A_emphasis,l0_mean,rank1,topic,1,1,1,84,6.866983180823106e-08,1.7891325482898727e-06
A_emphasis,l0_mean,rank1,topic,1,1,2,12,7.917413240920455e-08,2.2504215022640133e-06
A_emphasis,l0_mean,rank1,joint,1,1,1,24,7.378737022272087e-08,1.7470998067830467e-06
A_emphasis,l0_mean,rank1,joint,1,1,2,8,1.00171636121704e-07,2.2685154694281392e-06
A_emphasis,l0_mean,lowrank,train,1,1,1,78,1.0156006109274546e-08,1.7678002971789077e-06
A_emphasis,l0_mean,lowrank,dev,1,1,1,39,1.1685597041693346e-08,1.7685487473273062e-06
A_emphasis,l0_mean,lowrank,iid,1,1,1,39,1.1701576356022453e-08,1.7672927811190881e-06
A_emphasis,l0_mean,lowrank,iid,1,1,2,9,1.3307807084599479e-08,2.260333253046116e-06
A_emphasis,l0_mean,lowrank,train,1,1,2,18,1.0555959446891665e-08,2.2560445487243e-06
A_emphasis,l0_mean,lowrank,dev,1,1,2,9,1.3408797808418422e-08,2.2549193055897685e-06
A_emphasis,l0_mean,lowrank,template,1,1,2,32,6.837572900781207e-08,2.262506854071644e-06
A_emphasis,l0_mean,lowrank,template,1,1,1,32,5.4932576368085106e-08,1.8628975340165645e-06
A_emphasis,l0_mean,lowrank,topic,1,1,1,84,3.631743620417625e-08,1.7891325482898727e-06
A_emphasis,l0_mean,lowrank,topic,1,1,2,12,3.122396009716069e-08,2.2504215022640133e-06
A_emphasis,l0_mean,lowrank,joint,1,1,1,24,5.406012194445804e-08,1.7470998067830467e-06
A_emphasis,l0_mean,lowrank,joint,1,1,2,8,6.696062609041359e-08,2.2685154694281392e-06
A_emphasis,l0_mean,full_delta,train,1,1,1,78,4.335732810691059e-09,1.7678002971789077e-06
A_emphasis,l0_mean,full_delta,dev,1,1,1,39,4.3885457394549225e-09,1.7685487473273062e-06
A_emphasis,l0_mean,full_delta,iid,1,1,1,39,4.39591834178652e-09,1.7672927811190881e-06
A_emphasis,l0_mean,full_delta,iid,1,1,2,9,3.754587087233983e-09,2.260333253046116e-06
A_emphasis,l0_mean,full_delta,train,1,1,2,18,3.4420453186855653e-09,2.2560445487243e-06
A_emphasis,l0_mean,full_delta,dev,1,1,2,9,3.7450650718542845e-09,2.2549193055897685e-06
A_emphasis,l0_mean,full_delta,template,1,1,2,32,6.586366077888163e-08,2.262506854071644e-06
A_emphasis,l0_mean,full_delta,template,1,1,1,32,5.2442695093307343e-08,1.8628975340165645e-06
A_emphasis,l0_mean,full_delta,topic,1,1,1,84,3.455230440301629e-08,1.7891325482898727e-06
A_emphasis,l0_mean,full_delta,topic,1,1,2,12,2.8405925260343175e-08,2.2504215022640133e-06
A_emphasis,l0_mean,full_delta,joint,1,1,1,24,5.228008529091237e-08,1.7470998067830467e-06
A_emphasis,l0_mean,full_delta,joint,1,1,2,8,6.488626349017358e-08,2.2685154694281392e-06
A_emphasis,l0_mean,full_affine,train,1,1,1,78,5.524368466423551e-07,1.7678002971789077e-06
A_emphasis,l0_mean,full_affine,dev,1,1,1,39,5.533078118342469e-07,1.7685487473273062e-06
A_emphasis,l0_mean,full_affine,iid,1,1,1,39,5.532597172515714e-07,1.7672927811190881e-06
A_emphasis,l0_mean,full_affine,iid,1,1,2,9,2.993635220684627e-07,2.260333253046116e-06
A_emphasis,l0_mean,full_affine,train,1,1,2,18,2.9831232037055164e-07,2.2560445487243e-06
A_emphasis,l0_mean,full_affine,dev,1,1,2,9,2.994821137881883e-07,2.2549193055897685e-06
A_emphasis,l0_mean,full_affine,template,1,1,2,32,6.134413790337679e-06,2.262506854071644e-06
A_emphasis,l0_mean,full_affine,template,1,1,1,32,6.437951564266599e-06,1.8628975340165645e-06
A_emphasis,l0_mean,full_affine,topic,1,1,1,84,4.292915991297106e-06,1.7891325482898727e-06
A_emphasis,l0_mean,full_affine,topic,1,1,2,12,2.7602750879651797e-06,2.2504215022640133e-06
A_emphasis,l0_mean,full_affine,joint,1,1,1,24,6.748828169993862e-06,1.7470998067830467e-06
A_emphasis,l0_mean,full_affine,joint,1,1,2,8,6.0919653424892345e-06,2.2685154694281392e-06
A_emphasis,l0_mean,length_shift,train,1,1,1,78,6.557719746551247e-08,1.7678002971789077e-06
A_emphasis,l0_mean,length_shift,dev,1,1,1,39,6.742153003419796e-08,1.7685487473273062e-06
A_emphasis,l0_mean,length_shift,iid,1,1,1,39,6.703263581348793e-08,1.7672927811190881e-06
A_emphasis,l0_mean,length_shift,iid,1,1,2,9,7.392180420500778e-08,2.260333253046116e-06
A_emphasis,l0_mean,length_shift,train,1,1,2,18,7.356634475410139e-08,2.2560445487243e-06
A_emphasis,l0_mean,length_shift,dev,1,1,2,9,7.36580282904116e-08,2.2549193055897685e-06
A_emphasis,l0_mean,length_shift,template,1,1,2,32,1.0041580244202732e-07,2.262506854071644e-06
A_emphasis,l0_mean,length_shift,template,1,1,1,32,7.868679736532964e-08,1.8628975340165645e-06
A_emphasis,l0_mean,length_shift,topic,1,1,1,84,6.926985599954993e-08,1.7891325482898727e-06
A_emphasis,l0_mean,length_shift,topic,1,1,2,12,7.821124164913536e-08,2.2504215022640133e-06
A_emphasis,l0_mean,length_shift,joint,1,1,1,24,8.002728817082645e-08,1.7470998067830467e-06
A_emphasis,l0_mean,length_shift,joint,1,1,2,8,9.807776831146268e-08,2.2685154694281392e-06
A_emphasis,l0_mean,source_token_ridge,train,1,1,1,78,4.961460795613944e-09,1.7678002971789077e-06
A_emphasis,l0_mean,source_token_ridge,dev,1,1,1,39,5.196066055698797e-09,1.7685487473273062e-06
A_emphasis,l0_mean,source_token_ridge,iid,1,1,1,39,5.188160269147117e-09,1.7672927811190881e-06
A_emphasis,l0_mean,source_token_ridge,iid,1,1,2,9,6.812776898734341e-09,2.260333253046116e-06
A_emphasis,l0_mean,source_token_ridge,train,1,1,2,18,5.362715318393055e-09,2.2560445487243e-06
A_emphasis,l0_mean,source_token_ridge,dev,1,1,2,9,6.750668276363411e-09,2.2549193055897685e-06
A_emphasis,l0_mean,source_token_ridge,template,1,1,2,32,7.140440514886058e-08,2.262506854071644e-06
A_emphasis,l0_mean,source_token_ridge,template,1,1,1,32,5.6546132724757803e-08,1.8628975340165645e-06
A_emphasis,l0_mean,source_token_ridge,topic,1,1,1,84,3.896208854671105e-08,1.7891325482898727e-06
A_emphasis,l0_mean,source_token_ridge,topic,1,1,2,12,3.308539275709587e-08,2.2504215022640133e-06
A_emphasis,l0_mean,source_token_ridge,joint,1,1,1,24,5.765725203226298e-08,1.7470998067830467e-06
A_emphasis,l0_mean,source_token_ridge,joint,1,1,2,8,7.107934447662834e-08,2.2685154694281392e-06
A_emphasis,l0_mean,shuffled,train,1,1,1,78,3.229747829443716e-07,1.7678002971789077e-06
A_emphasis,l0_mean,shuffled,dev,1,1,1,39,3.0285020752269646e-07,1.7685487473273062e-06
A_emphasis,l0_mean,shuffled,iid,1,1,1,39,2.751390891085289e-07,1.7672927811190881e-06
A_emphasis,l0_mean,shuffled,iid,1,1,2,9,4.078349470960112e-07,2.260333253046116e-06
A_emphasis,l0_mean,shuffled,train,1,1,2,18,4.182310350375422e-07,2.2560445487243e-06
A_emphasis,l0_mean,shuffled,dev,1,1,2,9,4.1150667301564625e-07,2.2549193055897685e-06
A_emphasis,l0_mean,shuffled,template,1,1,2,32,3.2751883725093364e-07,2.262506854071644e-06
A_emphasis,l0_mean,shuffled,template,1,1,1,32,2.6101448768499237e-07,1.8628975340165645e-06
A_emphasis,l0_mean,shuffled,topic,1,1,1,84,2.994657591155344e-07,1.7891325482898727e-06
A_emphasis,l0_mean,shuffled,topic,1,1,2,12,3.457019354098696e-07,2.2504215022640133e-06
A_emphasis,l0_mean,shuffled,joint,1,1,1,24,2.515034357547863e-07,1.7470998067830467e-06
A_emphasis,l0_mean,shuffled,joint,1,1,2,8,3.2653903156294995e-07,2.2685154694281392e-06
A_emphasis,l0_mean,random_subspace,train,1,1,1,78,7.23627684848161e-08,1.7678002971789077e-06
A_emphasis,l0_mean,random_subspace,dev,1,1,1,39,7.279250501182265e-08,1.7685487473273062e-06
A_emphasis,l0_mean,random_subspace,iid,1,1,1,39,7.236200024281174e-08,1.7672927811190881e-06
A_emphasis,l0_mean,random_subspace,iid,1,1,2,9,1.0400726201595856e-07,2.260333253046116e-06
A_emphasis,l0_mean,random_subspace,train,1,1,2,18,1.0315037861164245e-07,2.2560445487243e-06
A_emphasis,l0_mean,random_subspace,dev,1,1,2,9,1.0290330147488493e-07,2.2549193055897685e-06
A_emphasis,l0_mean,random_subspace,template,1,1,2,32,1.1441355793858002e-07,2.262506854071644e-06
A_emphasis,l0_mean,random_subspace,template,1,1,1,32,7.934855958477942e-08,1.8628975340165645e-06
A_emphasis,l0_mean,random_subspace,topic,1,1,1,84,7.290087536589523e-08,1.7891325482898727e-06
A_emphasis,l0_mean,random_subspace,topic,1,1,2,12,1.0433121988566297e-07,2.2504215022640133e-06
A_emphasis,l0_mean,random_subspace,joint,1,1,1,24,7.733392784667863e-08,1.7470998067830467e-06
A_emphasis,l0_mean,random_subspace,joint,1,1,2,8,1.136453064540915e-07,2.2685154694281392e-06
A_negation,l14_mean,identity,train,0,2,1,78,0.03762556575719301,0.03762556575719301
A_negation,l14_mean,identity,dev,0,2,1,39,0.0379290775529913,0.0379290775529913
A_negation,l14_mean,identity,iid,0,2,1,39,0.03773179741111321,0.03773179741111321
A_negation,l14_mean,identity,iid,0,2,2,9,0.04284731349943428,0.04284731349943428
A_negation,l14_mean,identity,train,0,2,2,18,0.042289274786441906,0.042289274786441906
A_negation,l14_mean,identity,dev,0,2,2,9,0.04158742878677937,0.04158742878677937
A_negation,l14_mean,identity,template,0,2,2,32,0.03813292446045589,0.03813292446045589
A_negation,l14_mean,identity,template,0,2,1,32,0.03587133440306391,0.03587133440306391
A_negation,l14_mean,identity,topic,0,2,1,84,0.036570899868815385,0.036570899868815385
A_negation,l14_mean,identity,topic,0,2,2,12,0.04750103844332138,0.04750103844332138
A_negation,l14_mean,identity,joint,0,2,1,24,0.03691368271512861,0.03691368271512861
A_negation,l14_mean,identity,joint,0,2,2,8,0.035599036192624674,0.035599036192624674
A_negation,l14_mean,shift,train,0,2,1,78,0.013213395592269167,0.03762556575719301
A_negation,l14_mean,shift,dev,0,2,1,39,0.013496720803453235,0.0379290775529913
A_negation,l14_mean,shift,iid,0,2,1,39,0.013327891074967374,0.03773179741111321
A_negation,l14_mean,shift,iid,0,2,2,9,0.01434772990575559,0.04284731349943428
A_negation,l14_mean,shift,train,0,2,2,18,0.014041194234670587,0.042289274786441906
A_negation,l14_mean,shift,dev,0,2,2,9,0.013145758097683001,0.04158742878677937
A_negation,l14_mean,shift,template,0,2,2,32,0.018330035116630644,0.03813292446045589
A_negation,l14_mean,shift,template,0,2,1,32,0.018148552175480167,0.03587133440306391
A_negation,l14_mean,shift,topic,0,2,1,84,0.012941870315647598,0.036570899868815385
A_negation,l14_mean,shift,topic,0,2,2,12,0.013043874381984129,0.04750103844332138
A_negation,l14_mean,shift,joint,0,2,1,24,0.01818131620757417,0.03691368271512861
A_negation,l14_mean,shift,joint,0,2,2,8,0.018759664879627477,0.035599036192624674
A_negation,l14_mean,rank1,train,0,2,1,78,0.010542349888208267,0.03762556575719301
A_negation,l14_mean,rank1,dev,0,2,1,39,0.010793817844163741,0.0379290775529913
A_negation,l14_mean,rank1,iid,0,2,1,39,0.010654244950125506,0.03773179741111321
A_negation,l14_mean,rank1,iid,0,2,2,9,0.012392147745080673,0.04284731349943428
A_negation,l14_mean,rank1,train,0,2,2,18,0.012242158321202031,0.042289274786441906
A_negation,l14_mean,rank1,dev,0,2,2,9,0.011525988284083848,0.04158742878677937
A_negation,l14_mean,rank1,template,0,2,2,32,0.01831835903201995,0.03813292446045589
A_negation,l14_mean,rank1,template,0,2,1,32,0.018219083587955643,0.03587133440306391
A_negation,l14_mean,rank1,topic,0,2,1,84,0.010093094023777286,0.036570899868815385
A_negation,l14_mean,rank1,topic,0,2,2,12,0.01277663209077488,0.04750103844332138
A_negation,l14_mean,rank1,joint,0,2,1,24,0.01819159104731992,0.03691368271512861
A_negation,l14_mean,rank1,joint,0,2,2,8,0.018993218101874206,0.035599036192624674
A_negation,l14_mean,lowrank,train,0,2,1,78,0.0021849423380318517,0.03762556575719301
A_negation,l14_mean,lowrank,dev,0,2,1,39,0.0036033038203425096,0.0379290775529913
A_negation,l14_mean,lowrank,iid,0,2,1,39,0.0034332151238967426,0.03773179741111321
A_negation,l14_mean,lowrank,iid,0,2,2,9,0.0031249394696607124,0.04284731349943428
A_negation,l14_mean,lowrank,train,0,2,2,18,0.002116069739225591,0.042289274786441906
A_negation,l14_mean,lowrank,dev,0,2,2,9,0.002901473050342995,0.04158742878677937
A_negation,l14_mean,lowrank,template,0,2,2,32,0.01728496813726051,0.03813292446045589
A_negation,l14_mean,lowrank,template,0,2,1,32,0.016790677049033684,0.03587133440306391
A_negation,l14_mean,lowrank,topic,0,2,1,84,0.0047062557845800575,0.036570899868815385
A_negation,l14_mean,lowrank,topic,0,2,2,12,0.004014219729062165,0.04750103844332138
A_negation,l14_mean,lowrank,joint,0,2,1,24,0.017187592618169305,0.03691368271512861
A_negation,l14_mean,lowrank,joint,0,2,2,8,0.0173669534162143,0.035599036192624674
A_negation,l14_mean,full_delta,train,0,2,1,78,0.001553762568226279,0.03762556575719301
A_negation,l14_mean,full_delta,dev,0,2,1,39,0.002908919205519177,0.0379290775529913
A_negation,l14_mean,full_delta,iid,0,2,1,39,0.00273954089236694,0.03773179741111321
A_negation,l14_mean,full_delta,iid,0,2,2,9,0.0025364105867861715,0.04284731349943428
A_negation,l14_mean,full_delta,train,0,2,2,18,0.0014673991500185302,0.042289274786441906
A_negation,l14_mean,full_delta,dev,0,2,2,9,0.00230354818727502,0.04158742878677937
A_negation,l14_mean,full_delta,template,0,2,2,32,0.01719284087631455,0.03813292446045589
A_negation,l14_mean,full_delta,template,0,2,1,32,0.016690494383572146,0.03587133440306391
A_negation,l14_mean,full_delta,topic,0,2,1,84,0.004497314883630368,0.036570899868815385
A_negation,l14_mean,full_delta,topic,0,2,2,12,0.0038040392843244706,0.04750103844332138
A_negation,l14_mean,full_delta,joint,0,2,1,24,0.017113667924338286,0.03691368271512861
A_negation,l14_mean,full_delta,joint,0,2,2,8,0.01729823032231592,0.035599036192624674
A_negation,l14_mean,full_affine,train,0,2,1,78,0.004646112275061027,0.03762556575719301
A_negation,l14_mean,full_affine,dev,0,2,1,39,0.006546467989226386,0.0379290775529913
A_negation,l14_mean,full_affine,iid,0,2,1,39,0.006371329341682291,0.03773179741111321
A_negation,l14_mean,full_affine,iid,0,2,2,9,0.004659090236737059,0.04284731349943428
A_negation,l14_mean,full_affine,train,0,2,2,18,0.0031658330564829354,0.042289274786441906
A_negation,l14_mean,full_affine,dev,0,2,2,9,0.004636301988664589,0.04158742878677937
A_negation,l14_mean,full_affine,template,0,2,2,32,0.036523614352457,0.03813292446045589
A_negation,l14_mean,full_affine,template,0,2,1,32,0.044112599758044234,0.03587133440306391
A_negation,l14_mean,full_affine,topic,0,2,1,84,0.023553167070253088,0.036570899868815385
A_negation,l14_mean,full_affine,topic,0,2,2,12,0.011835769859948393,0.04750103844332138
A_negation,l14_mean,full_affine,joint,0,2,1,24,0.044378148702138104,0.03691368271512861
A_negation,l14_mean,full_affine,joint,0,2,2,8,0.02926288184017238,0.035599036192624674
A_negation,l14_mean,length_shift,train,0,2,1,78,0.012797783618454775,0.03762556575719301
A_negation,l14_mean,length_shift,dev,0,2,1,39,0.01326565984854996,0.0379290775529913
A_negation,l14_mean,length_shift,iid,0,2,1,39,0.013090973552398426,0.03773179741111321
A_negation,l14_mean,length_shift,iid,0,2,2,9,0.012251795385800124,0.04284731349943428
A_negation,l14_mean,length_shift,train,0,2,2,18,0.011910112377725369,0.042289274786441906
A_negation,l14_mean,length_shift,dev,0,2,2,9,0.011048491667855329,0.04158742878677937
A_negation,l14_mean,length_shift,template,0,2,2,32,0.020028649036743333,0.03813292446045589
A_negation,l14_mean,length_shift,template,0,2,1,32,0.01838484898683831,0.03587133440306391
A_negation,l14_mean,length_shift,topic,0,2,1,84,0.012933444445932328,0.036570899868815385
A_negation,l14_mean,length_shift,topic,0,2,2,12,0.010280140075957784,0.04750103844332138
A_negation,l14_mean,length_shift,joint,0,2,1,24,0.01946337023484751,0.03691368271512861
A_negation,l14_mean,length_shift,joint,0,2,2,8,0.020803236709957356,0.035599036192624674
A_negation,l14_mean,source_token_ridge,train,0,2,1,78,0.0023592742340301774,0.03762556575719301
A_negation,l14_mean,source_token_ridge,dev,0,2,1,39,0.0045000142003196525,0.0379290775529913
A_negation,l14_mean,source_token_ridge,iid,0,2,1,39,0.004334461595378215,0.03773179741111321
A_negation,l14_mean,source_token_ridge,iid,0,2,2,9,0.00442400000718305,0.04284731349943428
A_negation,l14_mean,source_token_ridge,train,0,2,2,18,0.00242497607697178,0.042289274786441906
A_negation,l14_mean,source_token_ridge,dev,0,2,2,9,0.004050539951620169,0.04158742878677937
A_negation,l14_mean,source_token_ridge,template,0,2,2,32,0.017775970843835445,0.03813292446045589
A_negation,l14_mean,source_token_ridge,template,0,2,1,32,0.01824275275803859,0.03587133440306391
A_negation,l14_mean,source_token_ridge,topic,0,2,1,84,0.006917123694648156,0.036570899868815385
A_negation,l14_mean,source_token_ridge,topic,0,2,2,12,0.00507410578700338,0.04750103844332138
A_negation,l14_mean,source_token_ridge,joint,0,2,1,24,0.017503674864647774,0.03691368271512861
A_negation,l14_mean,source_token_ridge,joint,0,2,2,8,0.018555303262892644,0.035599036192624674
A_negation,l14_mean,shuffled,train,0,2,1,78,0.46798265687319923,0.03762556575719301
A_negation,l14_mean,shuffled,dev,0,2,1,39,0.4747194315129461,0.0379290775529913
A_negation,l14_mean,shuffled,iid,0,2,1,39,0.4680259943152871,0.03773179741111321
A_negation,l14_mean,shuffled,iid,0,2,2,9,1.8352322138165789,0.04284731349943428
A_negation,l14_mean,shuffled,train,0,2,2,18,1.8285101484736743,0.042289274786441906
A_negation,l14_mean,shuffled,dev,0,2,2,9,1.835239382937716,0.04158742878677937
A_negation,l14_mean,shuffled,template,0,2,2,32,1.8477670632099954,0.03813292446045589
A_negation,l14_mean,shuffled,template,0,2,1,32,0.1317815899388742,0.03587133440306391
A_negation,l14_mean,shuffled,topic,0,2,1,84,0.4023437677493036,0.036570899868815385
A_negation,l14_mean,shuffled,topic,0,2,2,12,1.8105379562518504,0.04750103844332138
A_negation,l14_mean,shuffled,joint,0,2,1,24,0.42764185109059205,0.03691368271512861
A_negation,l14_mean,shuffled,joint,0,2,2,8,1.8467799910275058,0.035599036192624674
A_negation,l14_mean,random_subspace,train,0,2,1,78,0.01311160597566965,0.03762556575719301
A_negation,l14_mean,random_subspace,dev,0,2,1,39,0.013403101053386685,0.0379290775529913
A_negation,l14_mean,random_subspace,iid,0,2,1,39,0.01323467326268549,0.03773179741111321
A_negation,l14_mean,random_subspace,iid,0,2,2,9,0.014249710189054148,0.04284731349943428
A_negation,l14_mean,random_subspace,train,0,2,2,18,0.013937677901998088,0.042289274786441906
A_negation,l14_mean,random_subspace,dev,0,2,2,9,0.013057795227998839,0.04158742878677937
A_negation,l14_mean,random_subspace,template,0,2,2,32,0.018319303547142524,0.03813292446045589
A_negation,l14_mean,random_subspace,template,0,2,1,32,0.018135042257140067,0.03587133440306391
A_negation,l14_mean,random_subspace,topic,0,2,1,84,0.012867704909356585,0.036570899868815385
A_negation,l14_mean,random_subspace,topic,0,2,2,12,0.012961329223621258,0.04750103844332138
A_negation,l14_mean,random_subspace,joint,0,2,1,24,0.01816873313714141,0.03691368271512861
A_negation,l14_mean,random_subspace,joint,0,2,2,8,0.018742791160003713,0.035599036192624674
A_time,l14_mean,identity,train,0,2,0,96,17.75592398917324,17.75592398917324
A_time,l14_mean,identity,dev,0,2,0,48,17.7546601076146,17.7546601076146
A_time,l14_mean,identity,iid,0,2,0,48,17.753098750085503,17.753098750085503
A_time,l14_mean,identity,template,0,2,0,64,19.782707522560784,19.782707522560784
A_time,l14_mean,identity,topic,0,2,0,96,17.633634176012762,17.633634176012762
A_time,l14_mean,identity,joint,0,2,0,32,17.9428940088271,17.9428940088271
A_time,l14_mean,shift,train,0,2,0,96,0.09069316079418763,17.75592398917324
A_time,l14_mean,shift,dev,0,2,0,48,0.09068632642836102,17.7546601076146
A_time,l14_mean,shift,iid,0,2,0,48,0.09102823510951248,17.753098750085503
A_time,l14_mean,shift,template,0,2,0,64,0.12215130966113237,19.782707522560784
A_time,l14_mean,shift,topic,0,2,0,96,0.07378374490980995,17.633634176012762
A_time,l14_mean,shift,joint,0,2,0,32,0.09762260812831758,17.9428940088271
A_time,l14_mean,rank1,train,0,2,0,96,0.004749570716450349,17.75592398917324
A_time,l14_mean,rank1,dev,0,2,0,48,0.004757105936967779,17.7546601076146
A_time,l14_mean,rank1,iid,0,2,0,48,0.004812145879073928,17.753098750085503
A_time,l14_mean,rank1,template,0,2,0,64,0.0066823069168358345,19.782707522560784
A_time,l14_mean,rank1,topic,0,2,0,96,0.004703766475631265,17.633634176012762
A_time,l14_mean,rank1,joint,0,2,0,32,0.006156284666922723,17.9428940088271
A_time,l14_mean,lowrank,train,0,2,0,96,0.0008511631331677524,17.75592398917324
A_time,l14_mean,lowrank,dev,0,2,0,48,0.0014231963500725786,17.7546601076146
A_time,l14_mean,lowrank,iid,0,2,0,48,0.00142872270051544,17.753098750085503
A_time,l14_mean,lowrank,template,0,2,0,64,0.00516462953324262,19.782707522560784
A_time,l14_mean,lowrank,topic,0,2,0,96,0.0016488179906534147,17.633634176012762
A_time,l14_mean,lowrank,joint,0,2,0,32,0.004895819032662829,17.9428940088271
A_time,l14_mean,full_delta,train,0,2,0,96,0.000635007003904264,17.75592398917324
A_time,l14_mean,full_delta,dev,0,2,0,48,0.0011991870908339285,17.7546601076146
A_time,l14_mean,full_delta,iid,0,2,0,48,0.0011948278494290077,17.753098750085503
A_time,l14_mean,full_delta,template,0,2,0,64,0.005138107017608462,19.782707522560784
A_time,l14_mean,full_delta,topic,0,2,0,96,0.0015753957665490842,17.633634176012762
A_time,l14_mean,full_delta,joint,0,2,0,32,0.004882587453346059,17.9428940088271
A_time,l14_mean,full_affine,train,0,2,0,96,0.0048148937282793585,17.75592398917324
A_time,l14_mean,full_affine,dev,0,2,0,48,0.006817956119423553,17.7546601076146
A_time,l14_mean,full_affine,iid,0,2,0,48,0.006808773432923542,17.753098750085503
A_time,l14_mean,full_affine,template,0,2,0,64,0.059866855948318955,19.782707522560784
A_time,l14_mean,full_affine,topic,0,2,0,96,0.024417044487364543,17.633634176012762
A_time,l14_mean,full_affine,joint,0,2,0,32,0.05968433382559133,17.9428940088271
A_time,l14_mean,length_shift,train,0,2,0,96,0.00468878624835957,17.75592398917324
A_time,l14_mean,length_shift,dev,0,2,0,48,0.004917797581186138,17.7546601076146
A_time,l14_mean,length_shift,iid,0,2,0,48,0.004894724155581088,17.753098750085503
A_time,l14_mean,length_shift,template,0,2,0,64,0.006816471142646312,19.782707522560784
A_time,l14_mean,length_shift,topic,0,2,0,96,0.004791558660820738,17.633634176012762
A_time,l14_mean,length_shift,joint,0,2,0,32,0.006771009400298702,17.9428940088271
A_time,l14_mean,source_token_ridge,train,0,2,0,96,0.003645969139562539,17.75592398917324
A_time,l14_mean,source_token_ridge,dev,0,2,0,48,0.004703785128547777,17.7546601076146
A_time,l14_mean,source_token_ridge,iid,0,2,0,48,0.0046812682604318746,17.753098750085503
A_time,l14_mean,source_token_ridge,template,0,2,0,64,0.036000853793329256,19.782707522560784
A_time,l14_mean,source_token_ridge,topic,0,2,0,96,0.018574352112327778,17.633634176012762
A_time,l14_mean,source_token_ridge,joint,0,2,0,32,0.037942219645028634,17.9428940088271
A_time,l14_mean,shuffled,train,0,2,0,96,1.2570798007070456,17.75592398917324
A_time,l14_mean,shuffled,dev,0,2,0,48,1.265322049100102,17.7546601076146
A_time,l14_mean,shuffled,iid,0,2,0,48,1.2585303574041027,17.753098750085503
A_time,l14_mean,shuffled,template,0,2,0,64,1.722257844816351,19.782707522560784
A_time,l14_mean,shuffled,topic,0,2,0,96,1.0008898880920771,17.633634176012762
A_time,l14_mean,shuffled,joint,0,2,0,32,1.3503149426475975,17.9428940088271
A_time,l14_mean,random_subspace,train,0,2,0,96,0.09005799199319554,17.75592398917324
A_time,l14_mean,random_subspace,dev,0,2,0,48,0.09005683174344978,17.7546601076146
A_time,l14_mean,random_subspace,iid,0,2,0,48,0.09039577909608461,17.753098750085503
A_time,l14_mean,random_subspace,template,0,2,0,64,0.12133584991173572,19.782707522560784
A_time,l14_mean,random_subspace,topic,0,2,0,96,0.07327738021976343,17.633634176012762
A_time,l14_mean,random_subspace,joint,0,2,0,32,0.09696677050585313,17.9428940088271
A_emphasis,l14_mean,identity,train,1,1,1,78,1.2827823526779918,1.2827823526779918
A_emphasis,l14_mean,identity,dev,1,1,1,39,1.2824783332519114,1.2824783332519114
A_emphasis,l14_mean,identity,iid,1,1,1,39,1.2836488356187483,1.2836488356187483
A_emphasis,l14_mean,identity,iid,1,1,2,9,2.0649480708506776,2.0649480708506776
A_emphasis,l14_mean,identity,train,1,1,2,18,2.0658702820510553,2.0658702820510553
A_emphasis,l14_mean,identity,dev,1,1,2,9,2.068520119373297,2.068520119373297
A_emphasis,l14_mean,identity,template,1,1,2,32,2.0763278879568854,2.0763278879568854
A_emphasis,l14_mean,identity,template,1,1,1,32,1.412562570021063,1.412562570021063
A_emphasis,l14_mean,identity,topic,1,1,1,84,1.311187140189757,1.311187140189757
A_emphasis,l14_mean,identity,topic,1,1,2,12,2.0790271909118827,2.0790271909118827
A_emphasis,l14_mean,identity,joint,1,1,1,24,1.2463497997360102,1.2463497997360102
A_emphasis,l14_mean,identity,joint,1,1,2,8,2.094822882278641,2.094822882278641
A_emphasis,l14_mean,shift,train,1,1,1,78,0.02278987064596822,1.2827823526779918
A_emphasis,l14_mean,shift,dev,1,1,1,39,0.022583348038126592,1.2824783332519114
A_emphasis,l14_mean,shift,iid,1,1,1,39,0.022793526380793797,1.2836488356187483
A_emphasis,l14_mean,shift,iid,1,1,2,9,0.07031907673170645,2.0649480708506776
A_emphasis,l14_mean,shift,train,1,1,2,18,0.07024890641603998,2.0658702820510553
A_emphasis,l14_mean,shift,dev,1,1,2,9,0.0703587328165061,2.068520119373297
A_emphasis,l14_mean,shift,template,1,1,2,32,0.07517525246784744,2.0763278879568854
A_emphasis,l14_mean,shift,template,1,1,1,32,0.012541270142010957,1.412562570021063
A_emphasis,l14_mean,shift,topic,1,1,1,84,0.020426928774888494,1.311187140189757
A_emphasis,l14_mean,shift,topic,1,1,2,12,0.07112035154168389,2.0790271909118827
A_emphasis,l14_mean,shift,joint,1,1,1,24,0.022293110327383844,1.2463497997360102
A_emphasis,l14_mean,shift,joint,1,1,2,8,0.07693480498200744,2.094822882278641
A_emphasis,l14_mean,rank1,train,1,1,1,78,0.00806823308894884,1.2827823526779918
A_emphasis,l14_mean,rank1,dev,1,1,1,39,0.00805947860301119,1.2824783332519114
A_emphasis,l14_mean,rank1,iid,1,1,1,39,0.007985095113783472,1.2836488356187483
A_emphasis,l14_mean,rank1,iid,1,1,2,9,0.0063738257571519475,2.0649480708506776
A_emphasis,l14_mean,rank1,train,1,1,2,18,0.00610831943744057,2.0658702820510553
A_emphasis,l14_mean,rank1,dev,1,1,2,9,0.0057004452457294465,2.068520119373297
A_emphasis,l14_mean,rank1,template,1,1,2,32,0.010775057243608922,2.0763278879568854
A_emphasis,l14_mean,rank1,template,1,1,1,32,0.009120118722706618,1.412562570021063
A_emphasis,l14_mean,rank1,topic,1,1,1,84,0.00811263810102132,1.311187140189757
A_emphasis,l14_mean,rank1,topic,1,1,2,12,0.004644114440548125,2.0790271909118827
A_emphasis,l14_mean,rank1,joint,1,1,1,24,0.009552169899463725,1.2463497997360102
A_emphasis,l14_mean,rank1,joint,1,1,2,8,0.009272117690473269,2.094822882278641
A_emphasis,l14_mean,lowrank,train,1,1,1,78,0.0012588159558885497,1.2827823526779918
A_emphasis,l14_mean,lowrank,dev,1,1,1,39,0.0020875609090098847,1.2824783332519114
A_emphasis,l14_mean,lowrank,iid,1,1,1,39,0.0020368020098350753,1.2836488356187483
A_emphasis,l14_mean,lowrank,iid,1,1,2,9,0.001711386466560518,2.0649480708506776
A_emphasis,l14_mean,lowrank,train,1,1,2,18,0.0011498216544128966,2.0658702820510553
A_emphasis,l14_mean,lowrank,dev,1,1,2,9,0.0016387644199538523,2.068520119373297
A_emphasis,l14_mean,lowrank,template,1,1,2,32,0.009692920921577452,2.0763278879568854
A_emphasis,l14_mean,lowrank,template,1,1,1,32,0.008765689708704718,1.412562570021063
A_emphasis,l14_mean,lowrank,topic,1,1,1,84,0.0025673217518308797,1.311187140189757
A_emphasis,l14_mean,lowrank,topic,1,1,2,12,0.0018469199588650562,2.0790271909118827
A_emphasis,l14_mean,lowrank,joint,1,1,1,24,0.008905477553218445,1.2463497997360102
A_emphasis,l14_mean,lowrank,joint,1,1,2,8,0.008354111678440676,2.094822882278641
A_emphasis,l14_mean,full_delta,train,1,1,1,78,0.0009267120729148302,1.2827823526779918
A_emphasis,l14_mean,full_delta,dev,1,1,1,39,0.0017211529638538265,1.2824783332519114
A_emphasis,l14_mean,full_delta,iid,1,1,1,39,0.0016600495491700218,1.2836488356187483
A_emphasis,l14_mean,full_delta,iid,1,1,2,9,0.0014194888167288766,2.0649480708506776
A_emphasis,l14_mean,full_delta,train,1,1,2,18,0.0008443683922426799,2.0658702820510553
A_emphasis,l14_mean,full_delta,dev,1,1,2,9,0.0013335422978421497,2.068520119373297
A_emphasis,l14_mean,full_delta,template,1,1,2,32,0.009629263765878,2.0763278879568854
A_emphasis,l14_mean,full_delta,template,1,1,1,32,0.008743540513203148,1.412562570021063
A_emphasis,l14_mean,full_delta,topic,1,1,1,84,0.002441416845706572,1.311187140189757
A_emphasis,l14_mean,full_delta,topic,1,1,2,12,0.0017293847539950385,2.0790271909118827
A_emphasis,l14_mean,full_delta,joint,1,1,1,24,0.008902154038670777,1.2463497997360102
A_emphasis,l14_mean,full_delta,joint,1,1,2,8,0.008284172786471729,2.094822882278641
A_emphasis,l14_mean,full_affine,train,1,1,1,78,0.003995072342616304,1.2827823526779918
A_emphasis,l14_mean,full_affine,dev,1,1,1,39,0.005332660035366846,1.2824783332519114
A_emphasis,l14_mean,full_affine,iid,1,1,1,39,0.005256400836361923,1.2836488356187483
A_emphasis,l14_mean,full_affine,iid,1,1,2,9,0.003892082566383843,2.0649480708506776
A_emphasis,l14_mean,full_affine,train,1,1,2,18,0.0028501889409476254,2.0658702820510553
A_emphasis,l14_mean,full_affine,dev,1,1,2,9,0.004087066759549067,2.068520119373297
A_emphasis,l14_mean,full_affine,template,1,1,2,32,0.04629717029425371,2.0763278879568854
A_emphasis,l14_mean,full_affine,template,1,1,1,32,0.0546742522979099,1.412562570021063
A_emphasis,l14_mean,full_affine,topic,1,1,1,84,0.020646113348858307,1.311187140189757
A_emphasis,l14_mean,full_affine,topic,1,1,2,12,0.010547743376755587,2.0790271909118827
A_emphasis,l14_mean,full_affine,joint,1,1,1,24,0.05239046705954497,1.2463497997360102
A_emphasis,l14_mean,full_affine,joint,1,1,2,8,0.04359973151310837,2.094822882278641
A_emphasis,l14_mean,length_shift,train,1,1,1,78,0.008041607311580424,1.2827823526779918
A_emphasis,l14_mean,length_shift,dev,1,1,1,39,0.008210107541992757,1.2824783332519114
A_emphasis,l14_mean,length_shift,iid,1,1,1,39,0.008115027102389922,1.2836488356187483
A_emphasis,l14_mean,length_shift,iid,1,1,2,9,0.006393207543733408,2.0649480708506776
A_emphasis,l14_mean,length_shift,train,1,1,2,18,0.006107380897685115,2.0658702820510553
A_emphasis,l14_mean,length_shift,dev,1,1,2,9,0.005724292973894338,2.068520119373297
A_emphasis,l14_mean,length_shift,template,1,1,2,32,0.011150217860244909,2.0763278879568854
A_emphasis,l14_mean,length_shift,template,1,1,1,32,0.009094114768341365,1.412562570021063
A_emphasis,l14_mean,length_shift,topic,1,1,1,84,0.00830374542537328,1.311187140189757
A_emphasis,l14_mean,length_shift,topic,1,1,2,12,0.00486551351403516,2.0790271909118827
A_emphasis,l14_mean,length_shift,joint,1,1,1,24,0.01065324931117286,1.2463497997360102
A_emphasis,l14_mean,length_shift,joint,1,1,2,8,0.00977489822278718,2.094822882278641
A_emphasis,l14_mean,source_token_ridge,train,1,1,1,78,0.002261209845294819,1.2827823526779918
A_emphasis,l14_mean,source_token_ridge,dev,1,1,1,39,0.00375263890830581,1.2824783332519114
A_emphasis,l14_mean,source_token_ridge,iid,1,1,1,39,0.0037492457994773246,1.2836488356187483
A_emphasis,l14_mean,source_token_ridge,iid,1,1,2,9,0.003876479477934248,2.0649480708506776
A_emphasis,l14_mean,source_token_ridge,train,1,1,2,18,0.0028156430062406456,2.0658702820510553
A_emphasis,l14_mean,source_token_ridge,dev,1,1,2,9,0.0037568743030455716,2.068520119373297
A_emphasis,l14_mean,source_token_ridge,template,1,1,2,32,0.028444482905531674,2.0763278879568854
A_emphasis,l14_mean,source_token_ridge,template,1,1,1,32,0.011211870828060242,1.412562570021063
A_emphasis,l14_mean,source_token_ridge,topic,1,1,1,84,0.008640938569415042,1.311187140189757
A_emphasis,l14_mean,source_token_ridge,topic,1,1,2,12,0.009282324409188643,2.0790271909118827
A_emphasis,l14_mean,source_token_ridge,joint,1,1,1,24,0.01532979988466316,1.2463497997360102
A_emphasis,l14_mean,source_token_ridge,joint,1,1,2,8,0.028837796766807717,2.094822882278641
A_emphasis,l14_mean,shuffled,train,1,1,1,78,0.3186590302441451,1.2827823526779918
A_emphasis,l14_mean,shuffled,dev,1,1,1,39,0.3233698452466257,1.2824783332519114
A_emphasis,l14_mean,shuffled,iid,1,1,1,39,0.31713871922590836,1.2836488356187483
A_emphasis,l14_mean,shuffled,iid,1,1,2,9,1.2260850001203836,2.0649480708506776
A_emphasis,l14_mean,shuffled,train,1,1,2,18,1.2191617689242793,2.0658702820510553
A_emphasis,l14_mean,shuffled,dev,1,1,2,9,1.2224976073466354,2.068520119373297
A_emphasis,l14_mean,shuffled,template,1,1,2,32,1.2483934037235898,2.0763278879568854
A_emphasis,l14_mean,shuffled,template,1,1,1,32,0.08793512549320885,1.412562570021063
A_emphasis,l14_mean,shuffled,topic,1,1,1,84,0.27312776995692495,1.311187140189757
A_emphasis,l14_mean,shuffled,topic,1,1,2,12,1.18662084566406,2.0790271909118827
A_emphasis,l14_mean,shuffled,joint,1,1,1,24,0.2816096640884541,1.2463497997360102
A_emphasis,l14_mean,shuffled,joint,1,1,2,8,1.2399910247631756,2.094822882278641
A_emphasis,l14_mean,random_subspace,train,1,1,1,78,0.022632680484971756,1.2827823526779918
A_emphasis,l14_mean,random_subspace,dev,1,1,1,39,0.022435417177830333,1.2824783332519114
A_emphasis,l14_mean,random_subspace,iid,1,1,1,39,0.022642221035671064,1.2836488356187483
A_emphasis,l14_mean,random_subspace,iid,1,1,2,9,0.06986835325209156,2.0649480708506776
A_emphasis,l14_mean,random_subspace,train,1,1,2,18,0.06979798310753456,2.0658702820510553
A_emphasis,l14_mean,random_subspace,dev,1,1,2,9,0.06991536363628793,2.068520119373297
A_emphasis,l14_mean,random_subspace,template,1,1,2,32,0.07474670036769665,2.0763278879568854
A_emphasis,l14_mean,random_subspace,template,1,1,1,32,0.012512231529974445,1.412562570021063
A_emphasis,l14_mean,random_subspace,topic,1,1,1,84,0.020297934298846704,1.311187140189757
A_emphasis,l14_mean,random_subspace,topic,1,1,2,12,0.07067033739773428,2.0790271909118827
A_emphasis,l14_mean,random_subspace,joint,1,1,1,24,0.022198624182730227,1.2463497997360102
A_emphasis,l14_mean,random_subspace,joint,1,1,2,8,0.07649309514987442,2.094822882278641
A_negation,l14_last,identity,train,0,2,1,78,0.3595523776247661,0.3595523776247661
A_negation,l14_last,identity,dev,0,2,1,39,0.3644220059308204,0.3644220059308204
A_negation,l14_last,identity,iid,0,2,1,39,0.3650036501017705,0.3650036501017705
A_negation,l14_last,identity,iid,0,2,2,9,0.3936575121991885,0.3936575121991885
A_negation,l14_last,identity,train,0,2,2,18,0.39882266482633877,0.39882266482633877
A_negation,l14_last,identity,dev,0,2,2,9,0.38467045160044283,0.38467045160044283
A_negation,l14_last,identity,template,0,2,2,32,0.3320275644481594,0.3320275644481594
A_negation,l14_last,identity,template,0,2,1,32,0.31254665706434287,0.31254665706434287
A_negation,l14_last,identity,topic,0,2,1,84,0.3771791916973366,0.3771791916973366
A_negation,l14_last,identity,topic,0,2,2,12,0.4695462046311982,0.4695462046311982
A_negation,l14_last,identity,joint,0,2,1,24,0.34530703041027105,0.34530703041027105
A_negation,l14_last,identity,joint,0,2,2,8,0.33144749100801935,0.33144749100801935
A_negation,l14_last,shift,train,0,2,1,78,0.1504032748250881,0.3595523776247661
A_negation,l14_last,shift,dev,0,2,1,39,0.15489634042230535,0.3644220059308204
A_negation,l14_last,shift,iid,0,2,1,39,0.1549261976663535,0.3650036501017705
A_negation,l14_last,shift,iid,0,2,2,9,0.1741782932799779,0.3936575121991885
A_negation,l14_last,shift,train,0,2,2,18,0.18091345846815907,0.39882266482633877
A_negation,l14_last,shift,dev,0,2,2,9,0.16461323735369152,0.38467045160044283
A_negation,l14_last,shift,template,0,2,2,32,0.1988182518225948,0.3320275644481594
A_negation,l14_last,shift,template,0,2,1,32,0.1812717846076496,0.31254665706434287
A_negation,l14_last,shift,topic,0,2,1,84,0.1611489538460085,0.3771791916973366
A_negation,l14_last,shift,topic,0,2,2,12,0.17268199998148848,0.4695462046311982
A_negation,l14_last,shift,joint,0,2,1,24,0.19153462388484688,0.34530703041027105
A_negation,l14_last,shift,joint,0,2,2,8,0.19338565699607857,0.33144749100801935
A_negation,l14_last,rank1,train,0,2,1,78,0.13113142400701214,0.3595523776247661
A_negation,l14_last,rank1,dev,0,2,1,39,0.13496808274072072,0.3644220059308204
A_negation,l14_last,rank1,iid,0,2,1,39,0.13556130924056048,0.3650036501017705
A_negation,l14_last,rank1,iid,0,2,2,9,0.1479457675503364,0.3936575121991885
A_negation,l14_last,rank1,train,0,2,2,18,0.1532236024124506,0.39882266482633877
A_negation,l14_last,rank1,dev,0,2,2,9,0.13833628022177524,0.38467045160044283
A_negation,l14_last,rank1,template,0,2,2,32,0.19846275079090916,0.3320275644481594
A_negation,l14_last,rank1,template,0,2,1,32,0.18088325949777437,0.31254665706434287
A_negation,l14_last,rank1,topic,0,2,1,84,0.1428648394643184,0.3771791916973366
A_negation,l14_last,rank1,topic,0,2,2,12,0.13512578975649736,0.4695462046311982
A_negation,l14_last,rank1,joint,0,2,1,24,0.18974477864079164,0.34530703041027105
A_negation,l14_last,rank1,joint,0,2,2,8,0.1935087050440707,0.33144749100801935
A_negation,l14_last,lowrank,train,0,2,1,78,0.03209101946713761,0.3595523776247661
A_negation,l14_last,lowrank,dev,0,2,1,39,0.05289419859139976,0.3644220059308204
A_negation,l14_last,lowrank,iid,0,2,1,39,0.05075295687196379,0.3650036501017705
A_negation,l14_last,lowrank,iid,0,2,2,9,0.044688458934681874,0.3936575121991885
A_negation,l14_last,lowrank,train,0,2,2,18,0.029520878451463964,0.39882266482633877
A_negation,l14_last,lowrank,dev,0,2,2,9,0.044814415027192564,0.38467045160044283
A_negation,l14_last,lowrank,template,0,2,2,32,0.17771377123809193,0.3320275644481594
A_negation,l14_last,lowrank,template,0,2,1,32,0.1635728638102191,0.31254665706434287
A_negation,l14_last,lowrank,topic,0,2,1,84,0.08626140631847616,0.3771791916973366
A_negation,l14_last,lowrank,topic,0,2,2,12,0.07558932147890468,0.4695462046311982
A_negation,l14_last,lowrank,joint,0,2,1,24,0.17330131412422758,0.34530703041027105
A_negation,l14_last,lowrank,joint,0,2,2,8,0.1742195133956106,0.33144749100801935
A_negation,l14_last,full_delta,train,0,2,1,78,0.020239350747348263,0.3595523776247661
A_negation,l14_last,full_delta,dev,0,2,1,39,0.04299352285328903,0.3644220059308204
A_negation,l14_last,full_delta,iid,0,2,1,39,0.041197909710832405,0.3650036501017705
A_negation,l14_last,full_delta,iid,0,2,2,9,0.03496145913246859,0.3936575121991885
A_negation,l14_last,full_delta,train,0,2,2,18,0.01626796648316177,0.39882266482633877
A_negation,l14_last,full_delta,dev,0,2,2,9,0.03544096038864322,0.38467045160044283
A_negation,l14_last,full_delta,template,0,2,2,32,0.1795048764727644,0.3320275644481594
A_negation,l14_last,full_delta,template,0,2,1,32,0.16669765130086042,0.31254665706434287
A_negation,l14_last,full_delta,topic,0,2,1,84,0.0843415545201196,0.3771791916973366
A_negation,l14_last,full_delta,topic,0,2,2,12,0.06928402466896144,0.4695462046311982
A_negation,l14_last,full_delta,joint,0,2,1,24,0.17494101202917664,0.34530703041027105
A_negation,l14_last,full_delta,joint,0,2,2,8,0.17828314844201135,0.33144749100801935
A_negation,l14_last,full_affine,train,0,2,1,78,0.020595620254431016,0.3595523776247661
A_negation,l14_last,full_affine,dev,0,2,1,39,0.041724169911851385,0.3644220059308204
A_negation,l14_last,full_affine,iid,0,2,1,39,0.0402764161998136,0.3650036501017705
A_negation,l14_last,full_affine,iid,0,2,2,9,0.031765635110631324,0.3936575121991885
A_negation,l14_last,full_affine,train,0,2,2,18,0.015122969818922938,0.39882266482633877
A_negation,l14_last,full_affine,dev,0,2,2,9,0.03251895817909839,0.38467045160044283
A_negation,l14_last,full_affine,template,0,2,2,32,0.18913761372304408,0.3320275644481594
A_negation,l14_last,full_affine,template,0,2,1,32,0.17623994120272526,0.31254665706434287
A_negation,l14_last,full_affine,topic,0,2,1,84,0.09009827344575692,0.3771791916973366
A_negation,l14_last,full_affine,topic,0,2,2,12,0.057738619918654095,0.4695462046311982
A_negation,l14_last,full_affine,joint,0,2,1,24,0.19086466861673326,0.34530703041027105
A_negation,l14_last,full_affine,joint,0,2,2,8,0.1678032653915662,0.33144749100801935
A_negation,l14_last,length_shift,train,0,2,1,78,0.1452426277478113,0.3595523776247661
A_negation,l14_last,length_shift,dev,0,2,1,39,0.1518003162387407,0.3644220059308204
A_negation,l14_last,length_shift,iid,0,2,1,39,0.1520481688258712,0.3650036501017705
A_negation,l14_last,length_shift,iid,0,2,2,9,0.15724965162349824,0.3936575121991885
A_negation,l14_last,length_shift,train,0,2,2,18,0.1627161368558968,0.39882266482633877
A_negation,l14_last,length_shift,dev,0,2,2,9,0.14826554868870728,0.38467045160044283
A_negation,l14_last,length_shift,template,0,2,2,32,0.2097557197689918,0.3320275644481594
A_negation,l14_last,length_shift,template,0,2,1,32,0.1841020323020449,0.31254665706434287
A_negation,l14_last,length_shift,topic,0,2,1,84,0.16278556510038175,0.3771791916973366
A_negation,l14_last,length_shift,topic,0,2,2,12,0.15884852069558933,0.4695462046311982
A_negation,l14_last,length_shift,joint,0,2,1,24,0.21538448711572508,0.34530703041027105
A_negation,l14_last,length_shift,joint,0,2,2,8,0.20746165933327046,0.33144749100801935
A_negation,l14_last,source_token_ridge,train,0,2,1,78,0.030740579327348125,0.3595523776247661
A_negation,l14_last,source_token_ridge,dev,0,2,1,39,0.05597681037364076,0.3644220059308204
A_negation,l14_last,source_token_ridge,iid,0,2,1,39,0.05507172117632726,0.3650036501017705
A_negation,l14_last,source_token_ridge,iid,0,2,2,9,0.06139291480794588,0.3936575121991885
A_negation,l14_last,source_token_ridge,train,0,2,2,18,0.03669024031420441,0.39882266482633877
A_negation,l14_last,source_token_ridge,dev,0,2,2,9,0.06071200395994368,0.38467045160044283
A_negation,l14_last,source_token_ridge,template,0,2,2,32,0.19583155937231253,0.3320275644481594
A_negation,l14_last,source_token_ridge,template,0,2,1,32,0.18887075177866108,0.31254665706434287
A_negation,l14_last,source_token_ridge,topic,0,2,1,84,0.11683023153333902,0.3771791916973366
A_negation,l14_last,source_token_ridge,topic,0,2,2,12,0.11100452262074936,0.4695462046311982
A_negation,l14_last,source_token_ridge,joint,0,2,1,24,0.1922776374599829,0.34530703041027105
A_negation,l14_last,source_token_ridge,joint,0,2,2,8,0.19253069839088333,0.33144749100801935
A_negation,l14_last,shuffled,train,0,2,1,78,0.13408909898603413,0.3595523776247661
A_negation,l14_last,shuffled,dev,0,2,1,39,0.13810394523040997,0.3644220059308204
A_negation,l14_last,shuffled,iid,0,2,1,39,0.13796111959119078,0.3650036501017705
A_negation,l14_last,shuffled,iid,0,2,2,9,0.1492072567294578,0.3936575121991885
A_negation,l14_last,shuffled,train,0,2,2,18,0.16062995999392693,0.39882266482633877
A_negation,l14_last,shuffled,dev,0,2,2,9,0.14344533607506263,0.38467045160044283
A_negation,l14_last,shuffled,template,0,2,2,32,0.19169185836830027,0.3320275644481594
A_negation,l14_last,shuffled,template,0,2,1,32,0.1748852910210932,0.31254665706434287
A_negation,l14_last,shuffled,topic,0,2,1,84,0.1471865385811035,0.3771791916973366
A_negation,l14_last,shuffled,topic,0,2,2,12,0.1549327607756187,0.4695462046311982
A_negation,l14_last,shuffled,joint,0,2,1,24,0.18506346828871953,0.34530703041027105
A_negation,l14_last,shuffled,joint,0,2,2,8,0.18504897807258977,0.33144749100801935
A_negation,l14_last,random_subspace,train,0,2,1,78,0.1493101351975759,0.3595523776247661
A_negation,l14_last,random_subspace,dev,0,2,1,39,0.15394182474048612,0.3644220059308204
A_negation,l14_last,random_subspace,iid,0,2,1,39,0.15397999478504706,0.3650036501017705
A_negation,l14_last,random_subspace,iid,0,2,2,9,0.17291760728290753,0.3936575121991885
A_negation,l14_last,random_subspace,train,0,2,2,18,0.17941991998650889,0.39882266482633877
A_negation,l14_last,random_subspace,dev,0,2,2,9,0.16340134364101064,0.38467045160044283
A_negation,l14_last,random_subspace,template,0,2,2,32,0.19860203015523292,0.3320275644481594
A_negation,l14_last,random_subspace,template,0,2,1,32,0.181020877783268,0.31254665706434287
A_negation,l14_last,random_subspace,topic,0,2,1,84,0.16052513839823498,0.3771791916973366
A_negation,l14_last,random_subspace,topic,0,2,2,12,0.171744925855341,0.4695462046311982
A_negation,l14_last,random_subspace,joint,0,2,1,24,0.1913004003613189,0.34530703041027105
A_negation,l14_last,random_subspace,joint,0,2,2,8,0.19310390981498027,0.33144749100801935
A_time,l14_last,identity,train,0,2,0,96,0.07210204406184736,0.07210204406184736
A_time,l14_last,identity,dev,0,2,0,48,0.07275842863249597,0.07275842863249597
A_time,l14_last,identity,iid,0,2,0,48,0.07061697342163159,0.07061697342163159
A_time,l14_last,identity,template,0,2,0,64,0.08110766973339067,0.08110766973339067
A_time,l14_last,identity,topic,0,2,0,96,0.06543654518381065,0.06543654518381065
A_time,l14_last,identity,joint,0,2,0,32,0.07768762593943551,0.07768762593943551
A_time,l14_last,shift,train,0,2,0,96,0.04163461718964476,0.07210204406184736
A_time,l14_last,shift,dev,0,2,0,48,0.042085922695905414,0.07275842863249597
A_time,l14_last,shift,iid,0,2,0,48,0.04083250792461459,0.07061697342163159
A_time,l14_last,shift,template,0,2,0,64,0.05441153564915887,0.08110766973339067
A_time,l14_last,shift,topic,0,2,0,96,0.037158237900963,0.06543654518381065
A_time,l14_last,shift,joint,0,2,0,32,0.05174918752495684,0.07768762593943551
A_time,l14_last,rank1,train,0,2,0,96,0.036599179594435115,0.07210204406184736
A_time,l14_last,rank1,dev,0,2,0,48,0.037200564892865745,0.07275842863249597
A_time,l14_last,rank1,iid,0,2,0,48,0.036479677894140014,0.07061697342163159
A_time,l14_last,rank1,template,0,2,0,64,0.05354860020243927,0.08110766973339067
A_time,l14_last,rank1,topic,0,2,0,96,0.033237233289116146,0.06543654518381065
A_time,l14_last,rank1,joint,0,2,0,32,0.05073323990933957,0.07768762593943551
A_time,l14_last,lowrank,train,0,2,0,96,0.010956725330442075,0.07210204406184736
A_time,l14_last,lowrank,dev,0,2,0,48,0.017731266745336458,0.07275842863249597
A_time,l14_last,lowrank,iid,0,2,0,48,0.016068100426191525,0.07061697342163159
A_time,l14_last,lowrank,template,0,2,0,64,0.05177404296677061,0.08110766973339067
A_time,l14_last,lowrank,topic,0,2,0,96,0.024192762139438953,0.06543654518381065
A_time,l14_last,lowrank,joint,0,2,0,32,0.04910548585850965,0.07768762593943551
A_time,l14_last,full_delta,train,0,2,0,96,0.00762506753642763,0.07210204406184736
A_time,l14_last,full_delta,dev,0,2,0,48,0.014963995704990955,0.07275842863249597
A_time,l14_last,full_delta,iid,0,2,0,48,0.013473018198032883,0.07061697342163159
A_time,l14_last,full_delta,template,0,2,0,64,0.051504586837627965,0.08110766973339067
A_time,l14_last,full_delta,topic,0,2,0,96,0.023226405883005428,0.06543654518381065
A_time,l14_last,full_delta,joint,0,2,0,32,0.04925863706735419,0.07768762593943551
A_time,l14_last,full_affine,train,0,2,0,96,0.01724133582594222,0.07210204406184736
A_time,l14_last,full_affine,dev,0,2,0,48,0.031293580449691785,0.07275842863249597
A_time,l14_last,full_affine,iid,0,2,0,48,0.030260653573493747,0.07061697342163159
A_time,l14_last,full_affine,template,0,2,0,64,0.19093381624273906,0.08110766973339067
A_time,l14_last,full_affine,topic,0,2,0,96,0.07701666660283074,0.06543654518381065
A_time,l14_last,full_affine,joint,0,2,0,32,0.19684997924645198,0.07768762593943551
A_time,l14_last,length_shift,train,0,2,0,96,0.039682101833133775,0.07210204406184736
A_time,l14_last,length_shift,dev,0,2,0,48,0.040626524919064516,0.07275842863249597
A_time,l14_last,length_shift,iid,0,2,0,48,0.03934666940890299,0.07061697342163159
A_time,l14_last,length_shift,template,0,2,0,64,0.05728453738829853,0.08110766973339067
A_time,l14_last,length_shift,topic,0,2,0,96,0.03735920573046276,0.06543654518381065
A_time,l14_last,length_shift,joint,0,2,0,32,0.05758645200493769,0.07768762593943551
A_time,l14_last,source_token_ridge,train,0,2,0,96,0.012668564318914598,0.07210204406184736
A_time,l14_last,source_token_ridge,dev,0,2,0,48,0.018736159259759518,0.07275842863249597
A_time,l14_last,source_token_ridge,iid,0,2,0,48,0.01735459463879463,0.07061697342163159
A_time,l14_last,source_token_ridge,template,0,2,0,64,0.053419629967758446,0.08110766973339067
A_time,l14_last,source_token_ridge,topic,0,2,0,96,0.029576279804636077,0.06543654518381065
A_time,l14_last,source_token_ridge,joint,0,2,0,32,0.05126284653343629,0.07768762593943551
A_time,l14_last,shuffled,train,0,2,0,96,0.058626452857799105,0.07210204406184736
A_time,l14_last,shuffled,dev,0,2,0,48,0.05818254881460949,0.07275842863249597
A_time,l14_last,shuffled,iid,0,2,0,48,0.056159865758273336,0.07061697342163159
A_time,l14_last,shuffled,template,0,2,0,64,0.05813141537295746,0.08110766973339067
A_time,l14_last,shuffled,topic,0,2,0,96,0.05430207123026744,0.06543654518381065
A_time,l14_last,shuffled,joint,0,2,0,32,0.055490591833782764,0.07768762593943551
A_time,l14_last,random_subspace,train,0,2,0,96,0.04132967656685792,0.07210204406184736
A_time,l14_last,random_subspace,dev,0,2,0,48,0.04184945560714251,0.07275842863249597
A_time,l14_last,random_subspace,iid,0,2,0,48,0.04060537595666918,0.07061697342163159
A_time,l14_last,random_subspace,template,0,2,0,64,0.054411813352171594,0.08110766973339067
A_time,l14_last,random_subspace,topic,0,2,0,96,0.03706274819741051,0.06543654518381065
A_time,l14_last,random_subspace,joint,0,2,0,32,0.051739563640431,0.07768762593943551
A_emphasis,l14_last,identity,train,1,1,1,78,0.17090316890003351,0.17090316890003351
A_emphasis,l14_last,identity,dev,1,1,1,39,0.1711438323646664,0.1711438323646664
A_emphasis,l14_last,identity,iid,1,1,1,39,0.17010090997730315,0.17010090997730315
A_emphasis,l14_last,identity,iid,1,1,2,9,0.16816829063939842,0.16816829063939842
A_emphasis,l14_last,identity,train,1,1,2,18,0.1711134921222048,0.1711134921222048
A_emphasis,l14_last,identity,dev,1,1,2,9,0.16378192797062277,0.16378192797062277
A_emphasis,l14_last,identity,template,1,1,2,32,0.14967817302303257,0.14967817302303257
A_emphasis,l14_last,identity,template,1,1,1,32,0.14257164209563308,0.14257164209563308
A_emphasis,l14_last,identity,topic,1,1,1,84,0.16484401643754273,0.16484401643754273
A_emphasis,l14_last,identity,topic,1,1,2,12,0.16127780721688834,0.16127780721688834
A_emphasis,l14_last,identity,joint,1,1,1,24,0.14194842636334964,0.14194842636334964
A_emphasis,l14_last,identity,joint,1,1,2,8,0.14860383261703913,0.14860383261703913
A_emphasis,l14_last,shift,train,1,1,1,78,0.07192150537579967,0.17090316890003351
A_emphasis,l14_last,shift,dev,1,1,1,39,0.07232022829944101,0.1711438323646664
A_emphasis,l14_last,shift,iid,1,1,1,39,0.07307869533101077,0.17010090997730315
A_emphasis,l14_last,shift,iid,1,1,2,9,0.08054173310224162,0.16816829063939842
A_emphasis,l14_last,shift,train,1,1,2,18,0.08351733758859828,0.1711134921222048
A_emphasis,l14_last,shift,dev,1,1,2,9,0.07412068901309238,0.16378192797062277
A_emphasis,l14_last,shift,template,1,1,2,32,0.08543563909398733,0.14967817302303257
A_emphasis,l14_last,shift,template,1,1,1,32,0.07230243194689447,0.14257164209563308
A_emphasis,l14_last,shift,topic,1,1,1,84,0.0714824874159409,0.16484401643754273
A_emphasis,l14_last,shift,topic,1,1,2,12,0.052966134925310826,0.16127780721688834
A_emphasis,l14_last,shift,joint,1,1,1,24,0.07669405040348293,0.14194842636334964
A_emphasis,l14_last,shift,joint,1,1,2,8,0.06485485669850481,0.14860383261703913
A_emphasis,l14_last,rank1,train,1,1,1,78,0.06311162159983523,0.17090316890003351
A_emphasis,l14_last,rank1,dev,1,1,1,39,0.06391218067539448,0.1711438323646664
A_emphasis,l14_last,rank1,iid,1,1,1,39,0.06434485505103087,0.17010090997730315
A_emphasis,l14_last,rank1,iid,1,1,2,9,0.06708594254292516,0.16816829063939842
A_emphasis,l14_last,rank1,train,1,1,2,18,0.06939230903300786,0.1711134921222048
A_emphasis,l14_last,rank1,dev,1,1,2,9,0.0630811438333719,0.16378192797062277
A_emphasis,l14_last,rank1,template,1,1,2,32,0.0831745105192559,0.14967817302303257
A_emphasis,l14_last,rank1,template,1,1,1,32,0.07017452041732773,0.14257164209563308
A_emphasis,l14_last,rank1,topic,1,1,1,84,0.062206276063326446,0.16484401643754273
A_emphasis,l14_last,rank1,topic,1,1,2,12,0.047392545161341275,0.16127780721688834
A_emphasis,l14_last,rank1,joint,1,1,1,24,0.0746476455810993,0.14194842636334964
A_emphasis,l14_last,rank1,joint,1,1,2,8,0.06437182761821945,0.14860383261703913
A_emphasis,l14_last,lowrank,train,1,1,1,78,0.015751003852528214,0.17090316890003351
A_emphasis,l14_last,lowrank,dev,1,1,1,39,0.02462432719365901,0.1711438323646664
A_emphasis,l14_last,lowrank,iid,1,1,1,39,0.023836392827281432,0.17010090997730315
A_emphasis,l14_last,lowrank,iid,1,1,2,9,0.02208284639045667,0.16816829063939842
A_emphasis,l14_last,lowrank,train,1,1,2,18,0.018154769148597875,0.1711134921222048
A_emphasis,l14_last,lowrank,dev,1,1,2,9,0.022097823743042318,0.16378192797062277
A_emphasis,l14_last,lowrank,template,1,1,2,32,0.07543456287216048,0.14967817302303257
A_emphasis,l14_last,lowrank,template,1,1,1,32,0.0647632738490539,0.14257164209563308
A_emphasis,l14_last,lowrank,topic,1,1,1,84,0.039782761881272465,0.16484401643754273
A_emphasis,l14_last,lowrank,topic,1,1,2,12,0.027050288033028155,0.16127780721688834
A_emphasis,l14_last,lowrank,joint,1,1,1,24,0.06928225847650991,0.14194842636334964
A_emphasis,l14_last,lowrank,joint,1,1,2,8,0.06214435078782299,0.14860383261703913
A_emphasis,l14_last,full_delta,train,1,1,1,78,0.0099838318220958,0.17090316890003351
A_emphasis,l14_last,full_delta,dev,1,1,1,39,0.020070991710041935,0.1711438323646664
A_emphasis,l14_last,full_delta,iid,1,1,1,39,0.01902859633010155,0.17010090997730315
A_emphasis,l14_last,full_delta,iid,1,1,2,9,0.01788780867454451,0.16816829063939842
A_emphasis,l14_last,full_delta,train,1,1,2,18,0.011057892686063744,0.1711134921222048
A_emphasis,l14_last,full_delta,dev,1,1,2,9,0.017575466091402814,0.16378192797062277
A_emphasis,l14_last,full_delta,template,1,1,2,32,0.07752366188346765,0.14967817302303257
A_emphasis,l14_last,full_delta,template,1,1,1,32,0.0672155956966024,0.14257164209563308
A_emphasis,l14_last,full_delta,topic,1,1,1,84,0.038502565742426484,0.16484401643754273
A_emphasis,l14_last,full_delta,topic,1,1,2,12,0.025083084107161507,0.16127780721688834
A_emphasis,l14_last,full_delta,joint,1,1,1,24,0.07121839376025492,0.14194842636334964
A_emphasis,l14_last,full_delta,joint,1,1,2,8,0.0641755071423652,0.14860383261703913
A_emphasis,l14_last,full_affine,train,1,1,1,78,0.01601696549425808,0.17090316890003351
A_emphasis,l14_last,full_affine,dev,1,1,1,39,0.027043562889716016,0.1711438323646664
A_emphasis,l14_last,full_affine,iid,1,1,1,39,0.02642509248059941,0.17010090997730315
A_emphasis,l14_last,full_affine,iid,1,1,2,9,0.022273234167213055,0.16816829063939842
A_emphasis,l14_last,full_affine,train,1,1,2,18,0.013374826351975408,0.1711134921222048
A_emphasis,l14_last,full_affine,dev,1,1,2,9,0.022932262727989296,0.16378192797062277
A_emphasis,l14_last,full_affine,template,1,1,2,32,0.17840488253277575,0.14967817302303257
A_emphasis,l14_last,full_affine,template,1,1,1,32,0.17224047332636427,0.14257164209563308
A_emphasis,l14_last,full_affine,topic,1,1,1,84,0.07842917106257678,0.16484401643754273
A_emphasis,l14_last,full_affine,topic,1,1,2,12,0.04837687435862627,0.16127780721688834
A_emphasis,l14_last,full_affine,joint,1,1,1,24,0.18103491247619907,0.14194842636334964
A_emphasis,l14_last,full_affine,joint,1,1,2,8,0.18708031991166238,0.14860383261703913
A_emphasis,l14_last,length_shift,train,1,1,1,78,0.06960637320069223,0.17090316890003351
A_emphasis,l14_last,length_shift,dev,1,1,1,39,0.07110990180132679,0.1711438323646664
A_emphasis,l14_last,length_shift,iid,1,1,1,39,0.07201843496065878,0.17010090997730315
A_emphasis,l14_last,length_shift,iid,1,1,2,9,0.07309010762835155,0.16816829063939842
A_emphasis,l14_last,length_shift,train,1,1,2,18,0.07558155735946145,0.1711134921222048
A_emphasis,l14_last,length_shift,dev,1,1,2,9,0.06770022385745478,0.16378192797062277
A_emphasis,l14_last,length_shift,template,1,1,2,32,0.09141151258258338,0.14967817302303257
A_emphasis,l14_last,length_shift,template,1,1,1,32,0.07370006563613829,0.14257164209563308
A_emphasis,l14_last,length_shift,topic,1,1,1,84,0.07241042241406546,0.16484401643754273
A_emphasis,l14_last,length_shift,topic,1,1,2,12,0.04926174717334848,0.16127780721688834
A_emphasis,l14_last,length_shift,joint,1,1,1,24,0.08577590710369869,0.14194842636334964
A_emphasis,l14_last,length_shift,joint,1,1,2,8,0.07017369378804071,0.14860383261703913
A_emphasis,l14_last,source_token_ridge,train,1,1,1,78,0.016898446260250194,0.17090316890003351
A_emphasis,l14_last,source_token_ridge,dev,1,1,1,39,0.0279829901156108,0.1711438323646664
A_emphasis,l14_last,source_token_ridge,iid,1,1,1,39,0.02728040295986486,0.17010090997730315
A_emphasis,l14_last,source_token_ridge,iid,1,1,2,9,0.030478115223270357,0.16816829063939842
A_emphasis,l14_last,source_token_ridge,train,1,1,2,18,0.023360976476230876,0.1711134921222048
A_emphasis,l14_last,source_token_ridge,dev,1,1,2,9,0.030032122652269736,0.16378192797062277
A_emphasis,l14_last,source_token_ridge,template,1,1,2,32,0.0851466831286621,0.14967817302303257
A_emphasis,l14_last,source_token_ridge,template,1,1,1,32,0.07478691484543415,0.14257164209563308
A_emphasis,l14_last,source_token_ridge,topic,1,1,1,84,0.05356140942714148,0.16484401643754273
A_emphasis,l14_last,source_token_ridge,topic,1,1,2,12,0.03915000174339076,0.16127780721688834
A_emphasis,l14_last,source_token_ridge,joint,1,1,1,24,0.07782177757475935,0.14194842636334964
A_emphasis,l14_last,source_token_ridge,joint,1,1,2,8,0.06465496913542583,0.14860383261703913
A_emphasis,l14_last,shuffled,train,1,1,1,78,0.0772006076386788,0.17090316890003351
A_emphasis,l14_last,shuffled,dev,1,1,1,39,0.07811513393331218,0.1711438323646664
A_emphasis,l14_last,shuffled,iid,1,1,1,39,0.07846328705301366,0.17010090997730315
A_emphasis,l14_last,shuffled,iid,1,1,2,9,0.08374098651861692,0.16816829063939842
A_emphasis,l14_last,shuffled,train,1,1,2,18,0.0872476097705837,0.1711134921222048
A_emphasis,l14_last,shuffled,dev,1,1,2,9,0.07815326631554956,0.16378192797062277
A_emphasis,l14_last,shuffled,template,1,1,2,32,0.08525051925679039,0.14967817302303257
A_emphasis,l14_last,shuffled,template,1,1,1,32,0.07301038885961324,0.14257164209563308
A_emphasis,l14_last,shuffled,topic,1,1,1,84,0.07720297572375125,0.16484401643754273
A_emphasis,l14_last,shuffled,topic,1,1,2,12,0.05570854330653732,0.16127780721688834
A_emphasis,l14_last,shuffled,joint,1,1,1,24,0.07750579142705398,0.14194842636334964
A_emphasis,l14_last,shuffled,joint,1,1,2,8,0.06616581217129512,0.14860383261703913
A_emphasis,l14_last,random_subspace,train,1,1,1,78,0.07138750337076438,0.17090316890003351
A_emphasis,l14_last,random_subspace,dev,1,1,1,39,0.07188339631979931,0.1711438323646664
A_emphasis,l14_last,random_subspace,iid,1,1,1,39,0.07262413005799541,0.17010090997730315
A_emphasis,l14_last,random_subspace,iid,1,1,2,9,0.08000253242202374,0.16816829063939842
A_emphasis,l14_last,random_subspace,train,1,1,2,18,0.08289851724300606,0.1711134921222048
A_emphasis,l14_last,random_subspace,dev,1,1,2,9,0.07363006484726829,0.16378192797062277
A_emphasis,l14_last,random_subspace,template,1,1,2,32,0.08540077228310854,0.14967817302303257
A_emphasis,l14_last,random_subspace,template,1,1,1,32,0.07226114839318258,0.14257164209563308
A_emphasis,l14_last,random_subspace,topic,1,1,1,84,0.07115984989107813,0.16484401643754273
A_emphasis,l14_last,random_subspace,topic,1,1,2,12,0.05276718100420368,0.16127780721688834
A_emphasis,l14_last,random_subspace,joint,1,1,1,24,0.07665905681101003,0.14194842636334964
A_emphasis,l14_last,random_subspace,joint,1,1,2,8,0.06479209636016504,0.14860383261703913
A_negation,l28_last,identity,train,0,2,1,78,3.3865229393842577,3.3865229393842577
A_negation,l28_last,identity,dev,0,2,1,39,3.4699935054314106,3.4699935054314106
A_negation,l28_last,identity,iid,0,2,1,39,3.579208633184397,3.579208633184397
A_negation,l28_last,identity,iid,0,2,2,9,3.9279745340875243,3.9279745340875243
A_negation,l28_last,identity,train,0,2,2,18,3.6007233905705585,3.6007233905705585
A_negation,l28_last,identity,dev,0,2,2,9,3.3554641846027806,3.3554641846027806
A_negation,l28_last,identity,template,0,2,2,32,2.180710860570034,2.180710860570034
A_negation,l28_last,identity,template,0,2,1,32,1.655904526873254,1.655904526873254
A_negation,l28_last,identity,topic,0,2,1,84,4.008763106742426,4.008763106742426
A_negation,l28_last,identity,topic,0,2,2,12,5.585284941594812,5.585284941594812
A_negation,l28_last,identity,joint,0,2,1,24,2.29948015919976,2.29948015919976
A_negation,l28_last,identity,joint,0,2,2,8,2.542960349883242,2.542960349883242
A_negation,l28_last,shift,train,0,2,1,78,1.6187392688739282,3.3865229393842577
A_negation,l28_last,shift,dev,0,2,1,39,1.6807888015882528,3.4699935054314106
A_negation,l28_last,shift,iid,0,2,1,39,1.7026287860072133,3.579208633184397
A_negation,l28_last,shift,iid,0,2,2,9,1.9842604469128995,3.9279745340875243
A_negation,l28_last,shift,train,0,2,2,18,1.8954165955592728,3.6007233905705585
A_negation,l28_last,shift,dev,0,2,2,9,1.5318055337344698,3.3554641846027806
A_negation,l28_last,shift,template,0,2,2,32,1.6571486688184642,2.180710860570034
A_negation,l28_last,shift,template,0,2,1,32,1.411575065987743,1.655904526873254
A_negation,l28_last,shift,topic,0,2,1,84,1.7927795783825637,4.008763106742426
A_negation,l28_last,shift,topic,0,2,2,12,2.299022420456877,5.585284941594812
A_negation,l28_last,shift,joint,0,2,1,24,1.4546648690463104,2.29948015919976
A_negation,l28_last,shift,joint,0,2,2,8,1.4111136498247037,2.542960349883242
A_negation,l28_last,rank1,train,0,2,1,78,1.304256026818749,3.3865229393842577
A_negation,l28_last,rank1,dev,0,2,1,39,1.4262903855780031,3.4699935054314106
A_negation,l28_last,rank1,iid,0,2,1,39,1.4269286798093075,3.579208633184397
A_negation,l28_last,rank1,iid,0,2,2,9,1.842876192000226,3.9279745340875243
A_negation,l28_last,rank1,train,0,2,2,18,1.7356288729576388,3.6007233905705585
A_negation,l28_last,rank1,dev,0,2,2,9,1.4320597778127484,3.3554641846027806
A_negation,l28_last,rank1,template,0,2,2,32,1.7535411625103485,2.180710860570034
A_negation,l28_last,rank1,template,0,2,1,32,1.721136592209074,1.655904526873254
A_negation,l28_last,rank1,topic,0,2,1,84,1.4866495285928791,4.008763106742426
A_negation,l28_last,rank1,topic,0,2,2,12,1.9826944771338266,5.585284941594812
A_negation,l28_last,rank1,joint,0,2,1,24,1.6439442448498083,2.29948015919976
A_negation,l28_last,rank1,joint,0,2,2,8,1.9042208689477604,2.542960349883242
A_negation,l28_last,lowrank,train,0,2,1,78,0.403704113911244,3.3865229393842577
A_negation,l28_last,lowrank,dev,0,2,1,39,0.7711215149165861,3.4699935054314106
A_negation,l28_last,lowrank,iid,0,2,1,39,0.7497368069242785,3.579208633184397
A_negation,l28_last,lowrank,iid,0,2,2,9,0.927135024093169,3.9279745340875243
A_negation,l28_last,lowrank,train,0,2,2,18,0.3949708309519436,3.6007233905705585
A_negation,l28_last,lowrank,dev,0,2,2,9,0.7461414346958409,3.3554641846027806
A_negation,l28_last,lowrank,template,0,2,2,32,1.730230765785099,2.180710860570034
A_negation,l28_last,lowrank,template,0,2,1,32,1.7556640156778105,1.655904526873254
A_negation,l28_last,lowrank,topic,0,2,1,84,1.2377738165935357,4.008763106742426
A_negation,l28_last,lowrank,topic,0,2,2,12,1.5032917407948811,5.585284941594812
A_negation,l28_last,lowrank,joint,0,2,1,24,1.8609307309746386,2.29948015919976
A_negation,l28_last,lowrank,joint,0,2,2,8,1.9952770868634129,2.542960349883242
A_negation,l28_last,full_delta,train,0,2,1,78,0.35001093856592086,3.3865229393842577
A_negation,l28_last,full_delta,dev,0,2,1,39,0.7262711956389261,3.4699935054314106
A_negation,l28_last,full_delta,iid,0,2,1,39,0.708706106384239,3.579208633184397
A_negation,l28_last,full_delta,iid,0,2,2,9,0.8885706038315663,3.9279745340875243
A_negation,l28_last,full_delta,train,0,2,2,18,0.3404111314816813,3.6007233905705585
A_negation,l28_last,full_delta,dev,0,2,2,9,0.7124669471236369,3.3554641846027806
A_negation,l28_last,full_delta,template,0,2,2,32,1.7365388724888386,2.180710860570034
A_negation,l28_last,full_delta,template,0,2,1,32,1.7606726637039498,1.655904526873254
A_negation,l28_last,full_delta,topic,0,2,1,84,1.2286757512678947,4.008763106742426
A_negation,l28_last,full_delta,topic,0,2,2,12,1.4839278617440237,5.585284941594812
A_negation,l28_last,full_delta,joint,0,2,1,24,1.8793455470025815,2.29948015919976
A_negation,l28_last,full_delta,joint,0,2,2,8,2.0147072761959133,2.542960349883242
A_negation,l28_last,full_affine,train,0,2,1,78,0.35017830656746546,3.3865229393842577
A_negation,l28_last,full_affine,dev,0,2,1,39,0.7292826836499864,3.4699935054314106
A_negation,l28_last,full_affine,iid,0,2,1,39,0.7132826150688018,3.579208633184397
A_negation,l28_last,full_affine,iid,0,2,2,9,0.895673345317058,3.9279745340875243
A_negation,l28_last,full_affine,train,0,2,2,18,0.3196780250509058,3.6007233905705585
A_negation,l28_last,full_affine,dev,0,2,2,9,0.7314213878612129,3.3554641846027806
A_negation,l28_last,full_affine,template,0,2,2,32,2.0146169341483833,2.180710860570034
A_negation,l28_last,full_affine,template,0,2,1,32,2.056521498186821,1.655904526873254
A_negation,l28_last,full_affine,topic,0,2,1,84,1.4808949417332944,4.008763106742426
A_negation,l28_last,full_affine,topic,0,2,2,12,1.5246750886414564,5.585284941594812
A_negation,l28_last,full_affine,joint,0,2,1,24,2.288658753601874,2.29948015919976
A_negation,l28_last,full_affine,joint,0,2,2,8,2.319461385454661,2.542960349883242
A_negation,l28_last,length_shift,train,0,2,1,78,1.5956776245895776,3.3865229393842577
A_negation,l28_last,length_shift,dev,0,2,1,39,1.709136559296963,3.4699935054314106
A_negation,l28_last,length_shift,iid,0,2,1,39,1.7227071106806964,3.579208633184397
A_negation,l28_last,length_shift,iid,0,2,2,9,1.9183362108722573,3.9279745340875243
A_negation,l28_last,length_shift,train,0,2,2,18,1.7871564864514897,3.6007233905705585
A_negation,l28_last,length_shift,dev,0,2,2,9,1.479770427789767,3.3554641846027806
A_negation,l28_last,length_shift,template,0,2,2,32,1.6538329159441343,2.180710860570034
A_negation,l28_last,length_shift,template,0,2,1,32,1.4248317734126648,1.655904526873254
A_negation,l28_last,length_shift,topic,0,2,1,84,1.8051687496761448,4.008763106742426
A_negation,l28_last,length_shift,topic,0,2,2,12,2.382973139544994,5.585284941594812
A_negation,l28_last,length_shift,joint,0,2,1,24,1.5379188938082775,2.29948015919976
A_negation,l28_last,length_shift,joint,0,2,2,8,1.4066694141176175,2.542960349883242
A_negation,l28_last,source_token_ridge,train,0,2,1,78,0.5087141859117733,3.3865229393842577
A_negation,l28_last,source_token_ridge,dev,0,2,1,39,0.8485669841623705,3.4699935054314106
A_negation,l28_last,source_token_ridge,iid,0,2,1,39,0.8640209880250515,3.579208633184397
A_negation,l28_last,source_token_ridge,iid,0,2,2,9,1.1971672645431497,3.9279745340875243
A_negation,l28_last,source_token_ridge,train,0,2,2,18,0.6902456460569638,3.6007233905705585
A_negation,l28_last,source_token_ridge,dev,0,2,2,9,0.8724148165334596,3.3554641846027806
A_negation,l28_last,source_token_ridge,template,0,2,2,32,1.6119051133968922,2.180710860570034
A_negation,l28_last,source_token_ridge,template,0,2,1,32,1.46231105305872,1.655904526873254
A_negation,l28_last,source_token_ridge,topic,0,2,1,84,1.518022976261258,4.008763106742426
A_negation,l28_last,source_token_ridge,topic,0,2,2,12,1.9389843319592295,5.585284941594812
A_negation,l28_last,source_token_ridge,joint,0,2,1,24,1.465929055230614,2.29948015919976
A_negation,l28_last,source_token_ridge,joint,0,2,2,8,1.3453548730056133,2.542960349883242
A_negation,l28_last,shuffled,train,0,2,1,78,1.6262252976074862,3.3865229393842577
A_negation,l28_last,shuffled,dev,0,2,1,39,1.689691710684595,3.4699935054314106
A_negation,l28_last,shuffled,iid,0,2,1,39,1.6610704922891029,3.579208633184397
A_negation,l28_last,shuffled,iid,0,2,2,9,1.8065043855910985,3.9279745340875243
A_negation,l28_last,shuffled,train,0,2,2,18,1.9005685306877653,3.6007233905705585
A_negation,l28_last,shuffled,dev,0,2,2,9,1.345373288614608,3.3554641846027806
A_negation,l28_last,shuffled,template,0,2,2,32,1.7433664816350045,2.180710860570034
A_negation,l28_last,shuffled,template,0,2,1,32,1.5565914995659529,1.655904526873254
A_negation,l28_last,shuffled,topic,0,2,1,84,1.7640402108234046,4.008763106742426
A_negation,l28_last,shuffled,topic,0,2,2,12,2.302773327058882,5.585284941594812
A_negation,l28_last,shuffled,joint,0,2,1,24,1.5144045730512394,2.29948015919976
A_negation,l28_last,shuffled,joint,0,2,2,8,1.348343093588532,2.542960349883242
A_negation,l28_last,random_subspace,train,0,2,1,78,1.6066083142408947,3.3865229393842577
A_negation,l28_last,random_subspace,dev,0,2,1,39,1.6717715243243556,3.4699935054314106
A_negation,l28_last,random_subspace,iid,0,2,1,39,1.6928638470251647,3.579208633184397
A_negation,l28_last,random_subspace,iid,0,2,2,9,1.9732699778836504,3.9279745340875243
A_negation,l28_last,random_subspace,train,0,2,2,18,1.8802144317109113,3.6007233905705585
A_negation,l28_last,random_subspace,dev,0,2,2,9,1.5229980687961162,3.3554641846027806
A_negation,l28_last,random_subspace,template,0,2,2,32,1.6584230205831927,2.180710860570034
A_negation,l28_last,random_subspace,template,0,2,1,32,1.4144325612001776,1.655904526873254
A_negation,l28_last,random_subspace,topic,0,2,1,84,1.78703809709307,4.008763106742426
A_negation,l28_last,random_subspace,topic,0,2,2,12,2.2923890355506185,5.585284941594812
A_negation,l28_last,random_subspace,joint,0,2,1,24,1.4591902250619024,2.29948015919976
A_negation,l28_last,random_subspace,joint,0,2,2,8,1.4203656592969331,2.542960349883242
A_time,l28_last,identity,train,0,2,0,96,0.9823372127959598,0.9823372127959598
A_time,l28_last,identity,dev,0,2,0,48,0.9472722297205698,0.9472722297205698
A_time,l28_last,identity,iid,0,2,0,48,0.963701592664908,0.963701592664908
A_time,l28_last,identity,template,0,2,0,64,1.0665534195760393,1.0665534195760393
A_time,l28_last,identity,topic,0,2,0,96,0.7903664462836735,0.7903664462836735
A_time,l28_last,identity,joint,0,2,0,32,0.8404065913686519,0.8404065913686519
A_time,l28_last,shift,train,0,2,0,96,0.4896742761505113,0.9823372127959598
A_time,l28_last,shift,dev,0,2,0,48,0.44802446965211057,0.9472722297205698
A_time,l28_last,shift,iid,0,2,0,48,0.47309382324400384,0.963701592664908
A_time,l28_last,shift,template,0,2,0,64,0.46531328461157767,1.0665534195760393
A_time,l28_last,shift,topic,0,2,0,96,0.35876285423452553,0.7903664462836735
A_time,l28_last,shift,joint,0,2,0,32,0.38768852901639744,0.8404065913686519
A_time,l28_last,rank1,train,0,2,0,96,0.4203075867132429,0.9823372127959598
A_time,l28_last,rank1,dev,0,2,0,48,0.4013365746895921,0.9472722297205698
A_time,l28_last,rank1,iid,0,2,0,48,0.4193901374505635,0.963701592664908
A_time,l28_last,rank1,template,0,2,0,64,0.4571811776385579,1.0665534195760393
A_time,l28_last,rank1,topic,0,2,0,96,0.3284001229874953,0.7903664462836735
A_time,l28_last,rank1,joint,0,2,0,32,0.44245617892143413,0.8404065913686519
A_time,l28_last,lowrank,train,0,2,0,96,0.16223346087176707,0.9823372127959598
A_time,l28_last,lowrank,dev,0,2,0,48,0.2542378173376756,0.9472722297205698
A_time,l28_last,lowrank,iid,0,2,0,48,0.2638926032118926,0.963701592664908
A_time,l28_last,lowrank,template,0,2,0,64,0.4624025081735211,1.0665534195760393
A_time,l28_last,lowrank,topic,0,2,0,96,0.30257343524137165,0.7903664462836735
A_time,l28_last,lowrank,joint,0,2,0,32,0.5477620364012407,0.8404065913686519
A_time,l28_last,full_delta,train,0,2,0,96,0.14660952424027818,0.9823372127959598
A_time,l28_last,full_delta,dev,0,2,0,48,0.2420481683845169,0.9472722297205698
A_time,l28_last,full_delta,iid,0,2,0,48,0.2513234004679701,0.963701592664908
A_time,l28_last,full_delta,template,0,2,0,64,0.46299393804103245,1.0665534195760393
A_time,l28_last,full_delta,topic,0,2,0,96,0.30161768796507865,0.7903664462836735
A_time,l28_last,full_delta,joint,0,2,0,32,0.5487777164850784,0.8404065913686519
A_time,l28_last,full_affine,train,0,2,0,96,0.2266608296257939,0.9823372127959598
A_time,l28_last,full_affine,dev,0,2,0,48,0.386085368526335,0.9472722297205698
A_time,l28_last,full_affine,iid,0,2,0,48,0.38851412789591017,0.963701592664908
A_time,l28_last,full_affine,template,0,2,0,64,1.3245410589598625,1.0665534195760393
A_time,l28_last,full_affine,topic,0,2,0,96,0.8929809013398526,0.7903664462836735
A_time,l28_last,full_affine,joint,0,2,0,32,1.6227446827814804,0.8404065913686519
A_time,l28_last,length_shift,train,0,2,0,96,0.479444460789895,0.9823372127959598
A_time,l28_last,length_shift,dev,0,2,0,48,0.4450768920248416,0.9472722297205698
A_time,l28_last,length_shift,iid,0,2,0,48,0.47231138188759986,0.963701592664908
A_time,l28_last,length_shift,template,0,2,0,64,0.4624128600706523,1.0665534195760393
A_time,l28_last,length_shift,topic,0,2,0,96,0.3716748729352227,0.7903664462836735
A_time,l28_last,length_shift,joint,0,2,0,32,0.4324867820602547,0.8404065913686519
A_time,l28_last,source_token_ridge,train,0,2,0,96,0.20071451938414867,0.9823372127959598
A_time,l28_last,source_token_ridge,dev,0,2,0,48,0.2665743747123092,0.9472722297205698
A_time,l28_last,source_token_ridge,iid,0,2,0,48,0.26515963758960265,0.963701592664908
A_time,l28_last,source_token_ridge,template,0,2,0,64,0.46079140848146033,1.0665534195760393
A_time,l28_last,source_token_ridge,topic,0,2,0,96,0.30551114328498635,0.7903664462836735
A_time,l28_last,source_token_ridge,joint,0,2,0,32,0.3814437163666608,0.8404065913686519
A_time,l28_last,shuffled,train,0,2,0,96,0.8267463067301866,0.9823372127959598
A_time,l28_last,shuffled,dev,0,2,0,48,0.7510745732690776,0.9472722297205698
A_time,l28_last,shuffled,iid,0,2,0,48,0.8037584177894771,0.963701592664908
A_time,l28_last,shuffled,template,0,2,0,64,0.5917036561445231,1.0665534195760393
A_time,l28_last,shuffled,topic,0,2,0,96,0.6798773761763398,0.7903664462836735
A_time,l28_last,shuffled,joint,0,2,0,32,0.45728515599897307,0.8404065913686519
A_time,l28_last,random_subspace,train,0,2,0,96,0.486569885235618,0.9823372127959598
A_time,l28_last,random_subspace,dev,0,2,0,48,0.4461972008107339,0.9472722297205698
A_time,l28_last,random_subspace,iid,0,2,0,48,0.4710474507952635,0.963701592664908
A_time,l28_last,random_subspace,template,0,2,0,64,0.4651469726041157,1.0665534195760393
A_time,l28_last,random_subspace,topic,0,2,0,96,0.35838020948514804,0.7903664462836735
A_time,l28_last,random_subspace,joint,0,2,0,32,0.3889464651929089,0.8404065913686519
A_emphasis,l28_last,identity,train,1,1,1,78,1.0158500398283121,1.0158500398283121
A_emphasis,l28_last,identity,dev,1,1,1,39,1.0966618980448817,1.0966618980448817
A_emphasis,l28_last,identity,iid,1,1,1,39,0.9724443567059283,0.9724443567059283
A_emphasis,l28_last,identity,iid,1,1,2,9,0.9458782733647851,0.9458782733647851
A_emphasis,l28_last,identity,train,1,1,2,18,0.7598058204302008,0.7598058204302008
A_emphasis,l28_last,identity,dev,1,1,2,9,0.7674848868179692,0.7674848868179692
A_emphasis,l28_last,identity,template,1,1,2,32,1.0571952692309827,1.0571952692309827
A_emphasis,l28_last,identity,template,1,1,1,32,0.765873800620276,0.765873800620276
A_emphasis,l28_last,identity,topic,1,1,1,84,0.8495729078969816,0.8495729078969816
A_emphasis,l28_last,identity,topic,1,1,2,12,0.5970600512889052,0.5970600512889052
A_emphasis,l28_last,identity,joint,1,1,1,24,0.6654689857978204,0.6654689857978204
A_emphasis,l28_last,identity,joint,1,1,2,8,0.4885893657675102,0.4885893657675102
A_emphasis,l28_last,shift,train,1,1,1,78,0.7088099045853187,1.0158500398283121
A_emphasis,l28_last,shift,dev,1,1,1,39,0.7779980867865429,1.0966618980448817
A_emphasis,l28_last,shift,iid,1,1,1,39,0.668805128062059,0.9724443567059283
A_emphasis,l28_last,shift,iid,1,1,2,9,0.6961599783358723,0.9458782733647851
A_emphasis,l28_last,shift,train,1,1,2,18,0.5420474248430085,0.7598058204302008
A_emphasis,l28_last,shift,dev,1,1,2,9,0.5209767509102388,0.7674848868179692
A_emphasis,l28_last,shift,template,1,1,2,32,1.0261573543148392,1.0571952692309827
A_emphasis,l28_last,shift,template,1,1,1,32,0.6638036167102569,0.765873800620276
A_emphasis,l28_last,shift,topic,1,1,1,84,0.572077350724223,0.8495729078969816
A_emphasis,l28_last,shift,topic,1,1,2,12,0.38406180008463364,0.5970600512889052
A_emphasis,l28_last,shift,joint,1,1,1,24,0.6524459574184749,0.6654689857978204
A_emphasis,l28_last,shift,joint,1,1,2,8,0.3902459154554501,0.4885893657675102
A_emphasis,l28_last,rank1,train,1,1,1,78,0.527575858831353,1.0158500398283121
A_emphasis,l28_last,rank1,dev,1,1,1,39,0.6227023567364584,1.0966618980448817
A_emphasis,l28_last,rank1,iid,1,1,1,39,0.5352764759337115,0.9724443567059283
A_emphasis,l28_last,rank1,iid,1,1,2,9,0.5581298618692898,0.9458782733647851
A_emphasis,l28_last,rank1,train,1,1,2,18,0.45387323337385793,0.7598058204302008
A_emphasis,l28_last,rank1,dev,1,1,2,9,0.4418131307434869,0.7674848868179692
A_emphasis,l28_last,rank1,template,1,1,2,32,0.8880829032199156,1.0571952692309827
A_emphasis,l28_last,rank1,template,1,1,1,32,0.5704789541923568,0.765873800620276
A_emphasis,l28_last,rank1,topic,1,1,1,84,0.4896758051097853,0.8495729078969816
A_emphasis,l28_last,rank1,topic,1,1,2,12,0.35228192620084053,0.5970600512889052
A_emphasis,l28_last,rank1,joint,1,1,1,24,0.674459441612426,0.6654689857978204
A_emphasis,l28_last,rank1,joint,1,1,2,8,0.5144335244424584,0.4885893657675102
A_emphasis,l28_last,lowrank,train,1,1,1,78,0.16465598475511636,1.0158500398283121
A_emphasis,l28_last,lowrank,dev,1,1,1,39,0.3236205446918463,1.0966618980448817
A_emphasis,l28_last,lowrank,iid,1,1,1,39,0.2657867263919124,0.9724443567059283
A_emphasis,l28_last,lowrank,iid,1,1,2,9,0.2558253344785938,0.9458782733647851
A_emphasis,l28_last,lowrank,train,1,1,2,18,0.12299667134990412,0.7598058204302008
A_emphasis,l28_last,lowrank,dev,1,1,2,9,0.18281251478733965,0.7674848868179692
A_emphasis,l28_last,lowrank,template,1,1,2,32,0.9327123574047911,1.0571952692309827
A_emphasis,l28_last,lowrank,template,1,1,1,32,0.5809823738971639,0.765873800620276
A_emphasis,l28_last,lowrank,topic,1,1,1,84,0.4346199553316556,0.8495729078969816
A_emphasis,l28_last,lowrank,topic,1,1,2,12,0.3042813306275518,0.5970600512889052
A_emphasis,l28_last,lowrank,joint,1,1,1,24,0.797925601850381,0.6654689857978204
A_emphasis,l28_last,lowrank,joint,1,1,2,8,0.589310215039731,0.4885893657675102
A_emphasis,l28_last,full_delta,train,1,1,1,78,0.14654694882478728,1.0158500398283121
A_emphasis,l28_last,full_delta,dev,1,1,1,39,0.3065989467076371,1.0966618980448817
A_emphasis,l28_last,full_delta,iid,1,1,1,39,0.255773513297929,0.9724443567059283
A_emphasis,l28_last,full_delta,iid,1,1,2,9,0.2475621023218594,0.9458782733647851
A_emphasis,l28_last,full_delta,train,1,1,2,18,0.1084802696616139,0.7598058204302008
A_emphasis,l28_last,full_delta,dev,1,1,2,9,0.17567994352809693,0.7674848868179692
A_emphasis,l28_last,full_delta,template,1,1,2,32,0.9600694161043769,1.0571952692309827
A_emphasis,l28_last,full_delta,template,1,1,1,32,0.5912850775975748,0.765873800620276
A_emphasis,l28_last,full_delta,topic,1,1,1,84,0.4377941574702061,0.8495729078969816
A_emphasis,l28_last,full_delta,topic,1,1,2,12,0.31682727307229525,0.5970600512889052
A_emphasis,l28_last,full_delta,joint,1,1,1,24,0.8451135177946786,0.6654689857978204
A_emphasis,l28_last,full_delta,joint,1,1,2,8,0.6402247338892009,0.4885893657675102
A_emphasis,l28_last,full_affine,train,1,1,1,78,0.18031192884116648,1.0158500398283121
A_emphasis,l28_last,full_affine,dev,1,1,1,39,0.3231796908600873,1.0966618980448817
A_emphasis,l28_last,full_affine,iid,1,1,1,39,0.29761873418389884,0.9724443567059283
A_emphasis,l28_last,full_affine,iid,1,1,2,9,0.26026846760323585,0.9458782733647851
A_emphasis,l28_last,full_affine,train,1,1,2,18,0.13973449544480138,0.7598058204302008
A_emphasis,l28_last,full_affine,dev,1,1,2,9,0.21423893015470974,0.7674848868179692
A_emphasis,l28_last,full_affine,template,1,1,2,32,1.5460307429457325,1.0571952692309827
A_emphasis,l28_last,full_affine,template,1,1,1,32,1.0589620863023057,0.765873800620276
A_emphasis,l28_last,full_affine,topic,1,1,1,84,0.8923759467085045,0.8495729078969816
A_emphasis,l28_last,full_affine,topic,1,1,2,12,0.7639951161755737,0.5970600512889052
A_emphasis,l28_last,full_affine,joint,1,1,1,24,1.746374502664593,0.6654689857978204
A_emphasis,l28_last,full_affine,joint,1,1,2,8,1.2098437156395596,0.4885893657675102
A_emphasis,l28_last,length_shift,train,1,1,1,78,0.6956123545384884,1.0158500398283121
A_emphasis,l28_last,length_shift,dev,1,1,1,39,0.7763009542262541,1.0966618980448817
A_emphasis,l28_last,length_shift,iid,1,1,1,39,0.6627884858599641,0.9724443567059283
A_emphasis,l28_last,length_shift,iid,1,1,2,9,0.6660604938473644,0.9458782733647851
A_emphasis,l28_last,length_shift,train,1,1,2,18,0.5183685517817698,0.7598058204302008
A_emphasis,l28_last,length_shift,dev,1,1,2,9,0.5010127676220244,0.7674848868179692
A_emphasis,l28_last,length_shift,template,1,1,2,32,0.9624998686320151,1.0571952692309827
A_emphasis,l28_last,length_shift,template,1,1,1,32,0.6740401798646442,0.765873800620276
A_emphasis,l28_last,length_shift,topic,1,1,1,84,0.588045890511805,0.8495729078969816
A_emphasis,l28_last,length_shift,topic,1,1,2,12,0.4045251331956198,0.5970600512889052
A_emphasis,l28_last,length_shift,joint,1,1,1,24,0.7469482384028407,0.6654689857978204
A_emphasis,l28_last,length_shift,joint,1,1,2,8,0.3899464073602337,0.4885893657675102
A_emphasis,l28_last,source_token_ridge,train,1,1,1,78,0.25831711644660005,1.0158500398283121
A_emphasis,l28_last,source_token_ridge,dev,1,1,1,39,0.4337984847930258,1.0966618980448817
A_emphasis,l28_last,source_token_ridge,iid,1,1,1,39,0.33102004074198005,0.9724443567059283
A_emphasis,l28_last,source_token_ridge,iid,1,1,2,9,0.43821421339153044,0.9458782733647851
A_emphasis,l28_last,source_token_ridge,train,1,1,2,18,0.23807672988639997,0.7598058204302008
A_emphasis,l28_last,source_token_ridge,dev,1,1,2,9,0.2888618944017504,0.7674848868179692
A_emphasis,l28_last,source_token_ridge,template,1,1,2,32,0.97222625249797,1.0571952692309827
A_emphasis,l28_last,source_token_ridge,template,1,1,1,32,0.6726674454722392,0.765873800620276
A_emphasis,l28_last,source_token_ridge,topic,1,1,1,84,0.5013713591710317,0.8495729078969816
A_emphasis,l28_last,source_token_ridge,topic,1,1,2,12,0.2947298395524592,0.5970600512889052
A_emphasis,l28_last,source_token_ridge,joint,1,1,1,24,0.6640741176202077,0.6654689857978204
A_emphasis,l28_last,source_token_ridge,joint,1,1,2,8,0.3876537756736235,0.4885893657675102
A_emphasis,l28_last,shuffled,train,1,1,1,78,0.8163595722212812,1.0158500398283121
A_emphasis,l28_last,shuffled,dev,1,1,1,39,0.8270651068711877,1.0966618980448817
A_emphasis,l28_last,shuffled,iid,1,1,1,39,0.826712237082257,0.9724443567059283
A_emphasis,l28_last,shuffled,iid,1,1,2,9,0.7456073110794554,0.9458782733647851
A_emphasis,l28_last,shuffled,train,1,1,2,18,0.6960034328412384,0.7598058204302008
A_emphasis,l28_last,shuffled,dev,1,1,2,9,0.5855740954395309,0.7674848868179692
A_emphasis,l28_last,shuffled,template,1,1,2,32,1.0418554527437454,1.0571952692309827
A_emphasis,l28_last,shuffled,template,1,1,1,32,0.673972483950907,0.765873800620276
A_emphasis,l28_last,shuffled,topic,1,1,1,84,0.6713259094926098,0.8495729078969816
A_emphasis,l28_last,shuffled,topic,1,1,2,12,0.623079840237964,0.5970600512889052
A_emphasis,l28_last,shuffled,joint,1,1,1,24,0.662189439544868,0.6654689857978204
A_emphasis,l28_last,shuffled,joint,1,1,2,8,0.41687604715963555,0.4885893657675102
A_emphasis,l28_last,random_subspace,train,1,1,1,78,0.7033340387816127,1.0158500398283121
A_emphasis,l28_last,random_subspace,dev,1,1,1,39,0.7735049951066377,1.0966618980448817
A_emphasis,l28_last,random_subspace,iid,1,1,1,39,0.6648098908271548,0.9724443567059283
A_emphasis,l28_last,random_subspace,iid,1,1,2,9,0.6914400442336082,0.9458782733647851
A_emphasis,l28_last,random_subspace,train,1,1,2,18,0.5378529775252656,0.7598058204302008
A_emphasis,l28_last,random_subspace,dev,1,1,2,9,0.5174714247103066,0.7674848868179692
A_emphasis,l28_last,random_subspace,template,1,1,2,32,1.0250741503725986,1.0571952692309827
A_emphasis,l28_last,random_subspace,template,1,1,1,32,0.662971191541856,0.765873800620276
A_emphasis,l28_last,random_subspace,topic,1,1,1,84,0.5703640430788524,0.8495729078969816
A_emphasis,l28_last,random_subspace,topic,1,1,2,12,0.3831202699367528,0.5970600512889052
A_emphasis,l28_last,random_subspace,joint,1,1,1,24,0.653365535803891,0.6654689857978204
A_emphasis,l28_last,random_subspace,joint,1,1,2,8,0.39295982347573416,0.4885893657675102
