experiment,representation,method,split,mode,mse,mse_sd,recall1,recall1_sd,mrr,mrr_sd,margin,margin_sd,candidate_n,candidate_n_sd,positive_n,positive_n_sd,chance,chance_sd
B_shared,l0_mean,identity,dev,seen,7.505747326443059e-06,0.0,0.0,0.0,0.3333333333333333,0.0,-0.0916545759897331,0.0,34.0,0.0,3.0,0.0,0.08823529411764706,0.0
B_shared,l0_mean,identity,iid,seen,7.505313161326304e-06,0.0,0.0,0.0,0.3333333333333333,0.0,-0.09168858835679937,0.0,34.0,0.0,3.0,0.0,0.08823529411764706,0.0
B_shared,l0_mean,identity,joint,seen,7.564511254263083e-06,0.0,0.0,0.0,0.2765625,0.0,-0.09466244751538816,0.0,44.0,0.0,3.0,0.0,0.06818181818181818,0.0
B_shared,l0_mean,identity,template,seen,8.285047225259081e-06,0.0,0.0,0.0,0.2796875,0.0,-0.10150392899083278,1.6996749443881478e-17,44.0,0.0,3.0,0.0,0.06818181818181815,0.0
B_shared,l0_mean,identity,topic,seen,7.440493186801818e-06,0.0,0.0,0.0,0.3046875,0.0,-0.09149311348317635,0.0,64.0,0.0,3.0,0.0,0.046875,0.0
B_shared,l0_mean,identity,train,seen,7.503682663942821e-06,0.0,0.0,0.0,0.3107638888888889,0.0,-0.09172599390632473,0.0,64.0,0.0,3.0,0.0,0.046875,0.0
B_shared,l0_mean,identity,dev,unseen,5.768654835774618e-06,0.0,0.0,0.0,0.3333333333333333,0.0,-0.09084528866102452,0.0,28.0,0.0,2.0,0.0,0.07142857142857141,0.0
B_shared,l0_mean,identity,iid,unseen,5.768802210848577e-06,0.0,0.0,0.0,0.3333333333333333,0.0,-0.09089692688172844,0.0,28.0,0.0,2.0,0.0,0.07142857142857141,0.0
B_shared,l0_mean,identity,joint,unseen,5.821165064847929e-06,0.0,0.0,0.0,0.2765625,0.0,-0.09367364885856627,0.0,36.0,0.0,2.0,0.0,0.05555555555555556,8.498374721940739e-18
B_shared,l0_mean,identity,template,unseen,6.4587570578641086e-06,0.0,0.0,0.0,0.2774739583333333,0.0,-0.10074816411497005,1.6996749443881478e-17,36.0,0.0,2.0,0.0,0.05555555555555557,0.0
B_shared,l0_mean,identity,topic,unseen,5.714905256502681e-06,0.0,0.0,0.0,0.3046875,0.0,-0.09078738386544793,0.0,52.0,0.0,2.0,0.0,0.03846153846153846,0.0
B_shared,l0_mean,identity,train,unseen,5.7678800606889185e-06,0.0,0.0,0.0,0.3098958333333333,0.0,-0.09093018225776588,0.0,52.0,0.0,2.0,0.0,0.03846153846153846,0.0
B_shared,l0_mean,identity,dev,all,6.8109103301756825e-06,0.0,0.0,0.0,0.3333333333333333,0.0,-0.0906362005842497,0.0,46.0,0.0,5.0,0.0,0.10869565217391307,0.0
B_shared,l0_mean,identity,iid,all,6.810708781135212e-06,0.0,0.0,0.0,0.3333333333333333,0.0,-0.09067931365840687,0.0,46.0,0.0,5.0,0.0,0.10869565217391307,0.0
B_shared,l0_mean,identity,joint,all,6.867172778497022e-06,0.0,0.0,0.0,0.27734375,0.0,-0.09349616856666636,0.0,60.0,0.0,5.0,0.0,0.08333333333333333,0.0
B_shared,l0_mean,identity,template,all,7.554531158301092e-06,0.0,0.0,0.0,0.2805989583333333,0.0,-0.10038506848282723,0.0,60.0,0.0,5.0,0.0,0.08333333333333331,0.0
B_shared,l0_mean,identity,topic,all,6.750258014682164e-06,0.0,0.0,0.0,0.3046875,0.0,-0.0905277812233483,0.0,88.0,0.0,5.0,0.0,0.0568181818181818,0.0
B_shared,l0_mean,identity,train,all,6.80936162264126e-06,0.0,0.0,0.0,0.3107638888888889,0.0,-0.09071631976492434,0.0,88.0,0.0,5.0,0.0,0.0568181818181818,0.0
B_shared,l0_mean,shift,dev,seen,4.798601066725696e-06,3.7646635142890934e-10,0.020833333333333332,0.0,0.5104166666666666,0.0,-0.014669487819883462,0.00011049527143254032,34.0,0.0,3.0,0.0,0.08823529411764706,0.0
B_shared,l0_mean,shift,iid,seen,4.7977373936899645e-06,2.8171092157249807e-10,0.020833333333333332,0.0,0.5104166666666666,0.0,-0.014621372746297448,0.00011134045820130978,34.0,0.0,3.0,0.0,0.08823529411764706,0.0
B_shared,l0_mean,shift,joint,seen,4.818321197420645e-06,6.70980791684932e-10,0.0,0.0,0.5,0.0,-0.014962420132661055,0.00010397405313981696,44.0,0.0,3.0,0.0,0.06818181818181818,0.0
B_shared,l0_mean,shift,template,seen,5.343275333270677e-06,2.2100712700904167e-09,0.0,0.0,0.5,0.0,-0.021643480877283072,0.00013082415273946236,44.0,0.0,3.0,0.0,0.06818181818181815,0.0
B_shared,l0_mean,shift,topic,seen,4.726711202515789e-06,5.390667710832171e-10,0.020833333333333332,0.0,0.5104166666666666,0.0,-0.013903497050734695,0.00011089909182841028,64.0,0.0,3.0,0.0,0.046875,0.0
B_shared,l0_mean,shift,train,seen,4.796345576255754e-06,3.538720381259594e-10,0.020833333333333332,0.0,0.5104166666666666,0.0,-0.014664411632909246,0.00011132380372205827,64.0,0.0,3.0,0.0,0.046875,0.0
B_shared,l0_mean,shift,dev,unseen,4.766246041349794e-06,7.223622564782562e-09,0.0,0.0,0.5,0.0,-0.03408034145853037,3.060532132599945e-05,28.0,0.0,2.0,0.0,0.07142857142857141,0.0
B_shared,l0_mean,shift,iid,unseen,4.766206546432377e-06,7.262476528154067e-09,0.0,0.0,0.5,0.0,-0.0340641294950405,3.207424840626625e-05,28.0,0.0,2.0,0.0,0.07142857142857141,0.0
B_shared,l0_mean,shift,joint,unseen,4.778890794749829e-06,7.723181782150398e-09,0.0,0.0,0.5,0.0,-0.03490812499782911,4.0745328146040834e-05,36.0,0.0,2.0,0.0,0.05555555555555556,8.498374721940739e-18
B_shared,l0_mean,shift,template,unseen,5.273348359171054e-06,6.549121313559485e-09,0.0,0.0,0.5,0.0,-0.041808170446149096,3.117233435228648e-05,36.0,0.0,2.0,0.0,0.05555555555555557,0.0
B_shared,l0_mean,shift,topic,unseen,4.704740089002361e-06,7.715610081179764e-09,0.0,0.0,0.5,0.0,-0.03347230119688607,3.49077467100355e-05,52.0,0.0,2.0,0.0,0.03846153846153846,0.0
B_shared,l0_mean,shift,train,unseen,4.7654466497764966e-06,7.245643384237699e-09,0.0,0.0,0.5,0.0,-0.03410731450423566,3.1027828652189726e-05,52.0,0.0,2.0,0.0,0.03846153846153846,0.0
B_shared,l0_mean,shift,dev,all,4.785659056575336e-06,2.678513136298522e-09,0.020833333333333332,0.0,0.5104166666666666,0.0,-0.014669487819883462,0.00011049527143254032,46.0,0.0,5.0,0.0,0.10869565217391307,0.0
B_shared,l0_mean,shift,iid,all,4.78512505478693e-06,2.746537395191299e-09,0.020833333333333332,0.0,0.5104166666666666,0.0,-0.014621372746297448,0.00011134045820130978,46.0,0.0,5.0,0.0,0.10869565217391307,0.0
B_shared,l0_mean,shift,joint,all,4.802549036352318e-06,3.349571655316281e-09,0.0,0.0,0.5,0.0,-0.014962420132661055,0.00010397405313981696,60.0,0.0,5.0,0.0,0.08333333333333333,0.0
B_shared,l0_mean,shift,template,all,5.315304543630828e-06,1.6156841969115142e-09,0.0,0.0,0.5,0.0,-0.021643480877283072,0.00013082415273946236,60.0,0.0,5.0,0.0,0.08333333333333331,0.0
B_shared,l0_mean,shift,topic,all,4.717922757110417e-06,3.376983145834113e-09,0.020833333333333332,0.0,0.5104166666666666,0.0,-0.013903497050734695,0.00011089909182841028,88.0,0.0,5.0,0.0,0.0568181818181818,0.0
B_shared,l0_mean,shift,train,all,4.78398600566405e-06,2.700258344428564e-09,0.020833333333333332,0.0,0.5104166666666666,0.0,-0.014664411632909246,0.00011132380372205827,88.0,0.0,5.0,0.0,0.0568181818181818,0.0
B_shared,l0_mean,rank1,dev,seen,3.079991644603169e-06,5.626191197857093e-10,0.9895833333333334,0.0,0.9947916666666666,0.0,0.010676790381729258,0.00010444263291413958,34.0,0.0,3.0,0.0,0.08823529411764706,0.0
B_shared,l0_mean,rank1,iid,seen,3.079108291903309e-06,4.707533707509936e-10,0.9895833333333334,0.0,0.9947916666666666,0.0,0.010726376454740323,9.855624725481083e-05,34.0,0.0,3.0,0.0,0.08823529411764706,0.0
B_shared,l0_mean,rank1,joint,seen,3.078492830840877e-06,7.350770454555439e-10,1.0,0.0,1.0,0.0,0.012639058890792443,9.012806687408284e-05,44.0,0.0,3.0,0.0,0.06818181818181818,0.0
B_shared,l0_mean,rank1,template,seen,3.4443542883041325e-06,2.7219829341632523e-09,0.96875,0.0,0.984375,0.0,0.008127471028881068,0.00016223814251173555,44.0,0.0,3.0,0.0,0.06818181818181815,0.0
B_shared,l0_mean,rank1,topic,seen,3.0088467293724136e-06,8.424823820962784e-10,1.0,0.0,1.0,0.0,0.011523998660780688,0.00013093083612160394,64.0,0.0,3.0,0.0,0.046875,0.0
B_shared,l0_mean,rank1,train,seen,3.077716565498231e-06,5.423820397615115e-10,0.9895833333333334,0.0,0.9947916666666666,0.0,0.01070185321784712,0.00010436927586431352,64.0,0.0,3.0,0.0,0.046875,0.0
B_shared,l0_mean,rank1,dev,unseen,3.047575671790363e-06,7.496261622429487e-09,0.0,0.0,0.5,0.0,-0.009260576040223033,2.8799666226614824e-05,28.0,0.0,2.0,0.0,0.07142857142857141,0.0
B_shared,l0_mean,rank1,iid,unseen,3.0474310929080523e-06,7.514622548925014e-09,0.0,0.0,0.5,0.0,-0.009241106483276041,3.4368289476890226e-05,28.0,0.0,2.0,0.0,0.07142857142857141,0.0
B_shared,l0_mean,rank1,joint,unseen,3.0334603340243507e-06,7.544221512806734e-09,0.0,0.0,0.5,0.0,-0.007929354238484052,6.62366373306237e-05,36.0,0.0,2.0,0.0,0.05555555555555556,8.498374721940739e-18
B_shared,l0_mean,rank1,template,unseen,3.37258891706155e-06,6.342247913232122e-09,0.0,0.0,0.5,0.0,-0.012633995608256931,1.9419680673831743e-05,36.0,0.0,2.0,0.0,0.05555555555555557,0.0
B_shared,l0_mean,rank1,topic,unseen,2.9868559125176742e-06,8.338743047618583e-09,0.0,0.0,0.5,0.0,-0.008570763307527643,8.590026036789599e-06,52.0,0.0,2.0,0.0,0.03846153846153846,0.0
B_shared,l0_mean,rank1,train,unseen,3.046718479084334e-06,7.503324701236076e-09,0.0,0.0,0.5,0.0,-0.00926628903781408,2.9849778343589184e-05,52.0,0.0,2.0,0.0,0.03846153846153846,0.0
B_shared,l0_mean,rank1,dev,all,3.0670252554780466e-06,2.685327393937904e-09,0.9895833333333334,0.0,0.9947916666666666,0.0,0.010676790381729258,0.00010444263291413958,46.0,0.0,5.0,0.0,0.10869565217391307,0.0
B_shared,l0_mean,rank1,iid,all,3.0664374123052065e-06,2.743344658838613e-09,0.9895833333333334,0.0,0.9947916666666666,0.0,0.010726376454740323,9.855624725481083e-05,46.0,0.0,5.0,0.0,0.10869565217391307,0.0
B_shared,l0_mean,rank1,joint,all,3.0604798321142663e-06,2.9848042241578672e-09,1.0,0.0,1.0,0.0,0.012639058890792443,9.012806687408284e-05,60.0,0.0,5.0,0.0,0.08333333333333333,0.0
B_shared,l0_mean,rank1,template,all,3.4156481398070994e-06,1.358148294691378e-09,0.96875,0.0,0.984375,0.0,0.008127471028881068,0.00016223814251173555,60.0,0.0,5.0,0.0,0.08333333333333331,0.0
B_shared,l0_mean,rank1,topic,all,3.000050402630518e-06,3.8330542997109155e-09,1.0,0.0,1.0,0.0,0.011523998660780688,0.00013093083612160394,88.0,0.0,5.0,0.0,0.0568181818181818,0.0
B_shared,l0_mean,rank1,train,all,3.065317330932672e-06,2.699819910430804e-09,0.9895833333333334,0.0,0.9947916666666666,0.0,0.01070185321784712,0.00010436927586431352,88.0,0.0,5.0,0.0,0.0568181818181818,0.0
B_shared,l0_mean,lowrank,dev,seen,2.90443973560988e-06,9.48659985259144e-10,1.0,0.0,1.0,0.0,0.011840135324203633,0.00010971187717440454,34.0,0.0,3.0,0.0,0.08823529411764706,0.0
B_shared,l0_mean,lowrank,iid,seen,2.9039115633113176e-06,8.806711755458428e-10,1.0,0.0,1.0,0.0,0.01184489965020342,0.00010515378452754924,34.0,0.0,3.0,0.0,0.08823529411764706,0.0
B_shared,l0_mean,lowrank,joint,seen,3.0325881183803782e-06,7.766019695081432e-10,1.0,0.0,1.0,0.0,0.012509251840105718,0.0002227859517673373,44.0,0.0,3.0,0.0,0.06818181818181818,0.0
B_shared,l0_mean,lowrank,template,seen,3.3180901811205983e-06,1.7737046986093827e-09,1.0,0.0,1.0,0.0,0.011221973507208641,6.709405484406752e-05,44.0,0.0,3.0,0.0,0.06818181818181815,0.0
B_shared,l0_mean,lowrank,topic,seen,2.934777538555035e-06,1.2316524818894628e-09,1.0,0.0,1.0,0.0,0.012134790732712094,4.404806452250166e-05,64.0,0.0,3.0,0.0,0.046875,0.0
B_shared,l0_mean,lowrank,train,seen,2.899744211622794e-06,5.300726996621667e-10,1.0,0.0,1.0,0.0,0.01185276882612951,0.0001010565117471116,64.0,0.0,3.0,0.0,0.046875,0.0
B_shared,l0_mean,lowrank,dev,unseen,3.108160350973842e-06,2.533139674995329e-09,0.0,0.0,0.5,0.0,-0.00965258930232459,6.0813707340591456e-05,28.0,0.0,2.0,0.0,0.07142857142857141,0.0
B_shared,l0_mean,lowrank,iid,unseen,3.1072697032860182e-06,2.740310583319026e-09,0.0,0.0,0.5,0.0,-0.009661947054341154,5.324692691944684e-05,28.0,0.0,2.0,0.0,0.07142857142857141,0.0
B_shared,l0_mean,lowrank,joint,unseen,3.075356970923489e-06,4.102480959773128e-09,0.0,0.0,0.5,0.0,-0.008515599917710144,0.00013156599160208475,36.0,0.0,2.0,0.0,0.05555555555555556,8.498374721940739e-18
B_shared,l0_mean,lowrank,template,unseen,3.4146969127348455e-06,3.578169297043476e-09,0.013020833333333334,0.01626301562082916,0.5065104166666666,0.008131507810414582,-0.01108995109727213,7.170928968060217e-05,36.0,0.0,2.0,0.0,0.05555555555555557,0.0
B_shared,l0_mean,lowrank,topic,unseen,3.053296703480625e-06,3.0373668619198257e-09,0.0,0.0,0.5,0.0,-0.008925186102638656,5.545609963809278e-05,52.0,0.0,2.0,0.0,0.03846153846153846,0.0
B_shared,l0_mean,lowrank,train,unseen,3.110676639636671e-06,2.8563016108918158e-09,0.0,0.0,0.5,0.0,-0.009703540236264479,5.609032571177108e-05,52.0,0.0,2.0,0.0,0.03846153846153846,0.0
B_shared,l0_mean,lowrank,dev,all,2.9859279817554643e-06,1.4305442621821457e-09,1.0,0.0,1.0,0.0,0.011840135324203633,0.00010971187717440454,46.0,0.0,5.0,0.0,0.10869565217391307,0.0
B_shared,l0_mean,lowrank,iid,all,2.9852548193011974e-06,1.4099079231825799e-09,1.0,0.0,1.0,0.0,0.01184489965020342,0.00010515378452754924,46.0,0.0,5.0,0.0,0.10869565217391307,0.0
B_shared,l0_mean,lowrank,joint,all,3.0496956593976225e-06,1.805541735557016e-09,1.0,0.0,1.0,0.0,0.012509251840105718,0.0002227859517673373,60.0,0.0,5.0,0.0,0.08333333333333333,0.0
B_shared,l0_mean,lowrank,template,all,3.3567328737662973e-06,2.471694197139317e-09,1.0,0.0,1.0,0.0,0.011221973507208641,6.709405484406752e-05,60.0,0.0,5.0,0.0,0.08333333333333331,0.0
B_shared,l0_mean,lowrank,topic,all,2.982185204525271e-06,1.931993670200375e-09,1.0,0.0,1.0,0.0,0.012134790732712094,4.404806452250166e-05,88.0,0.0,5.0,0.0,0.0568181818181818,0.0
B_shared,l0_mean,lowrank,train,all,2.9841171828283442e-06,1.3234394314917574e-09,1.0,0.0,1.0,0.0,0.01185276882612951,0.0001010565117471116,88.0,0.0,5.0,0.0,0.0568181818181818,0.0
B_shared,l0_mean,full_delta,dev,seen,2.8867222746954974e-06,8.87953810758802e-10,1.0,0.0,1.0,0.0,0.011870633416548504,0.00012647111005152937,34.0,0.0,3.0,0.0,0.08823529411764706,0.0
B_shared,l0_mean,full_delta,iid,seen,2.8862748920497117e-06,8.881536013037707e-10,1.0,0.0,1.0,0.0,0.01187969824120285,0.00011856677798450801,34.0,0.0,3.0,0.0,0.08823529411764706,0.0
B_shared,l0_mean,full_delta,joint,seen,3.028511002633076e-06,5.354127356968759e-10,1.0,0.0,1.0,0.0,0.012535616040076148,0.00021678032296826695,44.0,0.0,3.0,0.0,0.06818181818181818,0.0
B_shared,l0_mean,full_delta,template,seen,3.311909916710324e-06,4.5469001770244024e-10,1.0,0.0,1.0,0.0,0.011312648052776332,2.946929482072891e-05,44.0,0.0,3.0,0.0,0.06818181818181815,0.0
B_shared,l0_mean,full_delta,topic,seen,2.9305456615888832e-06,9.30483125678589e-10,1.0,0.0,1.0,0.0,0.012156840585437464,9.060533310310152e-05,64.0,0.0,3.0,0.0,0.046875,0.0
B_shared,l0_mean,full_delta,train,seen,2.885515237718856e-06,8.496454541384681e-10,1.0,0.0,1.0,0.0,0.01187877634657297,0.0001189674718301531,64.0,0.0,3.0,0.0,0.046875,0.0
B_shared,l0_mean,full_delta,dev,unseen,3.1239825776184733e-06,1.5682789811209808e-09,0.0,0.0,0.5,0.0,-0.009825847382979381,9.089881516752389e-05,28.0,0.0,2.0,0.0,0.07142857142857141,0.0
B_shared,l0_mean,full_delta,iid,unseen,3.1230151144726283e-06,1.7467482554570454e-09,0.0,0.0,0.5,0.0,-0.009836863347290427,8.188416314448988e-05,28.0,0.0,2.0,0.0,0.07142857142857141,0.0
B_shared,l0_mean,full_delta,joint,unseen,3.077636087372762e-06,3.670895913241087e-09,0.0,0.0,0.5,0.0,-0.008533349968408724,0.00012586305448231301,36.0,0.0,2.0,0.0,0.05555555555555556,8.498374721940739e-18
B_shared,l0_mean,full_delta,template,unseen,3.4176307394303617e-06,2.8391961999975804e-09,0.010416666666666666,0.018042195912175808,0.5052083333333334,0.009021097956087904,-0.011095072230865201,2.0651392166285502e-05,36.0,0.0,2.0,0.0,0.05555555555555557,0.0
B_shared,l0_mean,full_delta,topic,unseen,3.055655231732243e-06,2.3356634186784132e-09,0.0,0.0,0.5,0.0,-0.008946374843644455,7.573256823588503e-05,52.0,0.0,2.0,0.0,0.03846153846153846,0.0
B_shared,l0_mean,full_delta,train,unseen,3.123295995117103e-06,1.6440098943300034e-09,0.0,0.0,0.5,0.0,-0.009840076586097058,8.36112953641635e-05,52.0,0.0,2.0,0.0,0.03846153846153846,0.0
B_shared,l0_mean,full_delta,dev,all,2.9816263958646878e-06,8.828865675464778e-10,1.0,0.0,1.0,0.0,0.011870633416548504,0.00012647111005152937,46.0,0.0,5.0,0.0,0.10869565217391307,0.0
B_shared,l0_mean,full_delta,iid,all,2.9809709810188787e-06,9.440513696008386e-10,1.0,0.0,1.0,0.0,0.01187969824120285,0.00011856677798450801,46.0,0.0,5.0,0.0,0.10869565217391307,0.0
B_shared,l0_mean,full_delta,joint,all,3.04816103652895e-06,1.184847798990685e-09,1.0,0.0,1.0,0.0,0.012535616040076148,0.00021678032296826695,60.0,0.0,5.0,0.0,0.08333333333333333,0.0
B_shared,l0_mean,full_delta,template,all,3.3541982457983386e-06,1.123922684257986e-09,1.0,0.0,1.0,0.0,0.011312648052776332,2.946929482072891e-05,60.0,0.0,5.0,0.0,0.08333333333333331,0.0
B_shared,l0_mean,full_delta,topic,all,2.9805894896462275e-06,1.4224008432840886e-09,1.0,0.0,1.0,0.0,0.012156840585437464,9.060533310310152e-05,88.0,0.0,5.0,0.0,0.0568181818181818,0.0
B_shared,l0_mean,full_delta,train,all,2.9806275406781547e-06,8.81783674609071e-10,1.0,0.0,1.0,0.0,0.01187877634657297,0.0001189674718301531,88.0,0.0,5.0,0.0,0.0568181818181818,0.0
B_shared,l0_mean,full_affine,dev,seen,3.5752285741085957e-06,3.272388453920776e-07,0.9722222222222222,0.012028130608117162,0.9861111111111112,0.0060140653040586444,0.012420247301866479,0.00048548148956543914,34.0,0.0,3.0,0.0,0.08823529411764706,0.0
B_shared,l0_mean,full_affine,iid,seen,3.5758210301001138e-06,3.291101014184968e-07,0.9722222222222222,0.012028130608117162,0.9861111111111112,0.0060140653040586444,0.012469756713998595,0.00045286370549770026,34.0,0.0,3.0,0.0,0.08823529411764706,0.0
B_shared,l0_mean,full_affine,joint,seen,9.048702772123048e-06,6.549900101466774e-08,0.921875,0.04133986423538423,0.9609375,0.020669932117692115,0.0226923970596265,0.0016199806861780196,44.0,0.0,3.0,0.0,0.06818181818181818,0.0
B_shared,l0_mean,full_affine,template,seen,9.028955008846407e-06,1.0912904855277623e-07,0.8385416666666666,0.07045702738785772,0.9002604166666667,0.03763268626501217,0.017956841942437334,0.0008396110270441657,44.0,0.0,3.0,0.0,0.06818181818181815,0.0
B_shared,l0_mean,full_affine,topic,seen,6.714475267176818e-06,9.451459309226698e-08,0.8090277777777778,0.026214702900245676,0.9045138888888888,0.013107351450122812,0.014284589371806681,0.0004439821167355806,64.0,0.0,3.0,0.0,0.046875,0.0
B_shared,l0_mean,full_affine,train,seen,3.5352387746992946e-06,2.6071892897351804e-07,0.9652777777777778,0.01202813060811716,0.9815972222222222,0.004209845712841038,0.012441046676877584,0.0004571320321736371,64.0,0.0,3.0,0.0,0.046875,0.0
B_shared,l0_mean,full_affine,dev,unseen,4.110104183131066e-06,5.691946830705246e-07,0.0,0.0,0.48726851851851843,0.008018753738744807,-0.011262771482409723,0.0012858872373063027,28.0,0.0,2.0,0.0,0.07142857142857141,0.0
B_shared,l0_mean,full_affine,iid,unseen,4.11007600492945e-06,5.711866217518488e-07,0.0,0.0,0.4861111111111111,0.009186636496752028,-0.011272670798384303,0.0013170381221221327,28.0,0.0,2.0,0.0,0.07142857142857141,0.0
B_shared,l0_mean,full_affine,joint,unseen,1.0814932578213468e-05,1.245169297954208e-07,0.0,0.0,0.37847222222222227,0.003977930290760275,-0.014432549560750798,0.00041864130640636884,36.0,0.0,2.0,0.0,0.05555555555555556,8.498374721940739e-18
B_shared,l0_mean,full_affine,template,unseen,1.0739254102619478e-05,1.8606616133143202e-07,0.0,0.0,0.317578125,0.019361677066966225,-0.014027472899749574,0.0005126471300974155,36.0,0.0,2.0,0.0,0.05555555555555557,0.0
B_shared,l0_mean,full_affine,topic,unseen,7.949973115204439e-06,1.7308685710266492e-07,0.0,0.0,0.3903356481481482,0.013568720008904397,-0.013415099933430853,0.00045039243094987185,52.0,0.0,2.0,0.0,0.03846153846153846,0.0
B_shared,l0_mean,full_affine,train,unseen,4.054699435282189e-06,4.788660366827087e-07,0.0,0.0,0.484375,0.0045933182483759985,-0.01120620433178895,0.0011694554836609086,52.0,0.0,2.0,0.0,0.03846153846153846,0.0
B_shared,l0_mean,full_affine,dev,all,3.7891788177175832e-06,4.239423517361192e-07,0.9722222222222222,0.012028130608117162,0.9861111111111112,0.0060140653040586444,0.012420247301866479,0.00048548148956543914,46.0,0.0,5.0,0.0,0.10869565217391307,0.0
B_shared,l0_mean,full_affine,iid,all,3.789523020031849e-06,4.258625041415813e-07,0.9722222222222222,0.012028130608117162,0.9861111111111112,0.0060140653040586444,0.012469756713998595,0.00045286370549770026,46.0,0.0,5.0,0.0,0.10869565217391307,0.0
B_shared,l0_mean,full_affine,joint,all,9.755194694559219e-06,8.900475962840394e-08,0.921875,0.04133986423538423,0.9609375,0.020669932117692115,0.0226923970596265,0.0016199806861780196,60.0,0.0,5.0,0.0,0.08333333333333333,0.0
B_shared,l0_mean,full_affine,template,all,9.713074646355634e-06,1.3984498399330276e-07,0.8385416666666666,0.07045702738785772,0.9002604166666667,0.03763268626501217,0.017956841942437334,0.0008396110270441657,60.0,0.0,5.0,0.0,0.08333333333333331,0.0
B_shared,l0_mean,full_affine,topic,all,7.2086744063878655e-06,1.257092081405237e-07,0.8090277777777778,0.026214702900245676,0.9045138888888888,0.013107351450122812,0.014284589371806681,0.0004439821167355806,88.0,0.0,5.0,0.0,0.0568181818181818,0.0
B_shared,l0_mean,full_affine,train,all,3.7430230389324523e-06,3.478707430073316e-07,0.9652777777777778,0.01202813060811716,0.9815972222222222,0.004209845712841038,0.012441046676877584,0.0004571320321736371,88.0,0.0,5.0,0.0,0.0568181818181818,0.0
B_shared,l0_mean,length_shift,dev,seen,4.7814399722476346e-06,7.310050038043711e-10,0.0,0.0,0.5,0.0,-0.014427432578770901,0.00020917118831311954,34.0,0.0,3.0,0.0,0.08823529411764706,0.0
B_shared,l0_mean,length_shift,iid,seen,4.780466195039391e-06,1.18075707906056e-09,0.0,0.0,0.5,0.0,-0.014413677181299836,0.000203510530598506,34.0,0.0,3.0,0.0,0.08823529411764706,0.0
B_shared,l0_mean,length_shift,joint,seen,4.831507505714194e-06,2.810878080873153e-09,0.0,0.0,0.5,0.0,-0.014507626430400053,0.0002299249574631409,44.0,0.0,3.0,0.0,0.06818181818181818,0.0
B_shared,l0_mean,length_shift,template,seen,5.338525326664464e-06,3.2663819637751966e-09,0.0,0.0,0.5,0.0,-0.01702041557362805,0.0003396550808345667,44.0,0.0,3.0,0.0,0.06818181818181815,0.0
B_shared,l0_mean,length_shift,topic,seen,4.720196059019195e-06,2.674236821829025e-09,0.0,0.0,0.5,0.0,-0.014124789535200551,0.000246105563724591,64.0,0.0,3.0,0.0,0.046875,0.0
B_shared,l0_mean,length_shift,train,seen,4.775685053555839e-06,1.601054201620708e-10,0.0,0.0,0.5,0.0,-0.014445232594413604,0.00021112359001100142,64.0,0.0,3.0,0.0,0.046875,0.0
B_shared,l0_mean,length_shift,dev,unseen,4.772484780366865e-06,1.3165195722679744e-09,0.0,0.0,0.5,0.0,-0.03399403434862996,0.0001999655269544173,28.0,0.0,2.0,0.0,0.07142857142857141,0.0
B_shared,l0_mean,length_shift,iid,unseen,4.772538603815521e-06,1.4094736297857885e-09,0.0,0.0,0.5,0.0,-0.034014032201034695,0.00019244791078332527,28.0,0.0,2.0,0.0,0.07142857142857141,0.0
B_shared,l0_mean,length_shift,joint,unseen,4.812891263696153e-06,6.020341674701004e-09,0.0,0.0,0.5,0.0,-0.034549596783882884,0.00021400947693295383,36.0,0.0,2.0,0.0,0.05555555555555556,8.498374721940739e-18
B_shared,l0_mean,length_shift,template,unseen,5.373073030133424e-06,7.095250402904819e-09,0.0,0.0,0.5,0.0,-0.03875287217390136,0.0003000133817320997,36.0,0.0,2.0,0.0,0.05555555555555557,0.0
B_shared,l0_mean,length_shift,topic,unseen,4.706216220404833e-06,2.825045820163909e-09,0.0,0.0,0.5,0.0,-0.033677635085602176,0.00023906119655979084,52.0,0.0,2.0,0.0,0.03846153846153846,0.0
B_shared,l0_mean,length_shift,train,unseen,4.771736746985959e-06,1.4469058798934275e-09,0.0,0.0,0.5,0.0,-0.034068588447001835,0.00020037295750038292,52.0,0.0,2.0,0.0,0.03846153846153846,0.0
B_shared,l0_mean,length_shift,dev,all,4.777857895495326e-06,6.750704245727822e-10,0.0,0.0,0.5,0.0,-0.014427432578770901,0.00020917118831311954,46.0,0.0,5.0,0.0,0.10869565217391307,0.0
B_shared,l0_mean,length_shift,iid,all,4.7772951585498425e-06,1.265534139418543e-09,0.0,0.0,0.5,0.0,-0.014413677181299836,0.000203510530598506,46.0,0.0,5.0,0.0,0.10869565217391307,0.0
B_shared,l0_mean,length_shift,joint,all,4.824061008906978e-06,4.083596093532064e-09,0.0,0.0,0.5,0.0,-0.014507626430400053,0.0002299249574631409,60.0,0.0,5.0,0.0,0.08333333333333333,0.0
B_shared,l0_mean,length_shift,template,all,5.352344408052048e-06,4.587870693462947e-09,0.0,0.0,0.5,0.0,-0.01702041557362805,0.0003396550808345667,60.0,0.0,5.0,0.0,0.08333333333333331,0.0
B_shared,l0_mean,length_shift,topic,all,4.714604123573451e-06,2.698522263287538e-09,0.0,0.0,0.5,0.0,-0.014124789535200551,0.000246105563724591,88.0,0.0,5.0,0.0,0.0568181818181818,0.0
B_shared,l0_mean,length_shift,train,all,4.774105730927887e-06,5.239964650033014e-10,0.0,0.0,0.5,0.0,-0.014445232594413604,0.00021112359001100142,88.0,0.0,5.0,0.0,0.0568181818181818,0.0
B_shared,l0_mean,source_token_ridge,dev,seen,2.8967659114400515e-06,1.4836338939325417e-09,1.0,0.0,1.0,0.0,0.011927284799177913,0.00017004503849794703,34.0,0.0,3.0,0.0,0.08823529411764706,0.0
B_shared,l0_mean,source_token_ridge,iid,seen,2.896331383798256e-06,1.4909947853865071e-09,1.0,0.0,1.0,0.0,0.011940439063877395,0.000166724437772288,34.0,0.0,3.0,0.0,0.08823529411764706,0.0
B_shared,l0_mean,source_token_ridge,joint,seen,3.028841280737017e-06,1.3706548810275929e-09,1.0,0.0,1.0,0.0,0.011683361264980202,5.427826385737673e-05,44.0,0.0,3.0,0.0,0.06818181818181818,0.0
B_shared,l0_mean,source_token_ridge,template,seen,3.427689674180605e-06,5.751953341357802e-09,0.9375,0.0,0.96875,0.0,0.010466902611951406,6.957157228051999e-05,44.0,0.0,3.0,0.0,0.06818181818181815,0.0
B_shared,l0_mean,source_token_ridge,topic,seen,2.9388498131025294e-06,1.2500199131599834e-09,1.0,0.0,1.0,0.0,0.012054175627138225,3.9986487619320415e-06,64.0,0.0,3.0,0.0,0.046875,0.0
B_shared,l0_mean,source_token_ridge,train,seen,2.8948433299365154e-06,1.2724447100656179e-09,1.0,0.0,1.0,0.0,0.011941860911982507,0.00016767339469232618,64.0,0.0,3.0,0.0,0.046875,0.0
B_shared,l0_mean,source_token_ridge,dev,unseen,3.12957807827016e-06,3.229679037068491e-09,0.0,0.0,0.5,0.0,-0.009741453680659927,0.0001128537088613703,28.0,0.0,2.0,0.0,0.07142857142857141,0.0
B_shared,l0_mean,source_token_ridge,iid,unseen,3.1286955779838188e-06,3.665911896048608e-09,0.0,0.0,0.5,0.0,-0.009755681588420424,0.0001047465250867347,28.0,0.0,2.0,0.0,0.07142857142857141,0.0
B_shared,l0_mean,source_token_ridge,joint,unseen,3.0831372862665686e-06,8.05416576035328e-09,0.0,0.0,0.5,0.0,-0.009563612761851763,6.649949916476433e-05,36.0,0.0,2.0,0.0,0.05555555555555556,8.498374721940739e-18
B_shared,l0_mean,source_token_ridge,template,unseen,3.5380369854899315e-06,1.1318819388556709e-09,0.03125,0.0,0.515625,0.0,-0.011843149532076352,9.226188150009413e-05,36.0,0.0,2.0,0.0,0.05555555555555557,0.0
B_shared,l0_mean,source_token_ridge,topic,unseen,3.053185208982217e-06,4.613010701716272e-09,0.0,0.0,0.5,0.0,-0.009039878910496688,5.072339169109082e-05,52.0,0.0,2.0,0.0,0.03846153846153846,0.0
B_shared,l0_mean,source_token_ridge,train,unseen,3.1293060696613707e-06,3.752003572763785e-09,0.0,0.0,0.5,0.0,-0.009758862379485082,0.00010261060881987076,52.0,0.0,2.0,0.0,0.03846153846153846,0.0
B_shared,l0_mean,source_token_ridge,dev,all,2.989890778172095e-06,1.8477532977425627e-09,1.0,0.0,1.0,0.0,0.011927284799177913,0.00017004503849794703,46.0,0.0,5.0,0.0,0.10869565217391307,0.0
B_shared,l0_mean,source_token_ridge,iid,all,2.9892770614724805e-06,2.0383398865895525e-09,1.0,0.0,1.0,0.0,0.011940439063877395,0.000166724437772288,46.0,0.0,5.0,0.0,0.10869565217391307,0.0
B_shared,l0_mean,source_token_ridge,joint,all,3.0505596829488376e-06,4.042955050987998e-09,1.0,0.0,1.0,0.0,0.011683361264980202,5.427826385737673e-05,60.0,0.0,5.0,0.0,0.08333333333333333,0.0
B_shared,l0_mean,source_token_ridge,template,all,3.4718285987043356e-06,3.844559735533902e-09,0.9375,0.0,0.96875,0.0,0.010466902611951406,6.957157228051999e-05,60.0,0.0,5.0,0.0,0.08333333333333331,0.0
B_shared,l0_mean,source_token_ridge,topic,all,2.9845839714544045e-06,2.5295445569964902e-09,1.0,0.0,1.0,0.0,0.012054175627138225,3.9986487619320415e-06,88.0,0.0,5.0,0.0,0.0568181818181818,0.0
B_shared,l0_mean,source_token_ridge,train,all,2.988628425826457e-06,1.9498158962950094e-09,1.0,0.0,1.0,0.0,0.011941860911982507,0.00016767339469232618,88.0,0.0,5.0,0.0,0.0568181818181818,0.0
B_shared,l0_mean,shuffled,dev,seen,4.8737979425959175e-06,9.18260861286148e-07,0.9791666666666666,0.018042195912175808,0.9895833333333334,0.009021097956087902,0.011759182679799354,0.00040311938277966226,34.0,0.0,3.0,0.0,0.08823529411764706,0.0
B_shared,l0_mean,shuffled,iid,seen,4.763784898635438e-06,8.751640327517722e-07,0.9861111111111112,0.0060140653040586444,0.9930555555555555,0.003007032652029258,0.011757031305943457,0.000395362599459366,34.0,0.0,3.0,0.0,0.08823529411764706,0.0
B_shared,l0_mean,shuffled,joint,seen,4.16612782383258e-06,4.499092807432211e-07,0.921875,0.08699631816921909,0.9513888888888888,0.059231673990388846,0.013229857452419377,0.0005866061915563822,44.0,0.0,3.0,0.0,0.06818181818181818,0.0
B_shared,l0_mean,shuffled,template,seen,4.606719095716742e-06,4.4533540071401217e-07,0.8828125,0.07452650011069888,0.9315104166666667,0.04876610644721221,0.009732371887470559,0.0005739481817333532,44.0,0.0,3.0,0.0,0.06818181818181815,0.0
B_shared,l0_mean,shuffled,topic,seen,4.50641251963028e-06,7.415062070240785e-07,0.9461805555555555,0.06300433094313906,0.9595858134920635,0.04987281468285609,0.012348996336646283,0.00027022131598932234,64.0,0.0,3.0,0.0,0.046875,0.0
B_shared,l0_mean,shuffled,train,seen,4.941703744276326e-06,9.076919303122776e-07,0.9114583333333334,0.0528588102348553,0.9422295875420875,0.03735742555802662,0.01173858643117684,0.0004193477326136639,64.0,0.0,3.0,0.0,0.046875,0.0
B_shared,l0_mean,shuffled,dev,unseen,5.41473706048939e-06,1.0598759244349443e-06,0.03125,0.045405197328548676,0.5037615740740741,0.03203975691261633,-0.011133993305331559,0.0022128566656631344,28.0,0.0,2.0,0.0,0.07142857142857141,0.0
B_shared,l0_mean,shuffled,iid,unseen,5.279247831980118e-06,1.0175354661476039e-06,0.03125,0.03125,0.5077546296296296,0.02397174879365995,-0.011022489548974168,0.0021290281499129504,28.0,0.0,2.0,0.0,0.07142857142857141,0.0
B_shared,l0_mean,shuffled,joint,unseen,4.431424251820399e-06,5.155202656770039e-07,0.041666666666666664,0.047735163489123336,0.5050347222222222,0.03956391153645976,-0.008682606540180661,0.0015248779588907086,36.0,0.0,2.0,0.0,0.05555555555555556,8.498374721940739e-18
B_shared,l0_mean,shuffled,template,unseen,4.899618892021808e-06,5.27067905808108e-07,0.0,0.0,0.4819661458333333,0.02786024778868247,-0.012955552826776623,0.001469762756660331,36.0,0.0,2.0,0.0,0.05555555555555557,0.0
B_shared,l0_mean,shuffled,topic,unseen,4.9485484854580175e-06,8.727118739857056e-07,0.026041666666666668,0.023867581744561668,0.4841504078483245,0.04035500260615151,-0.010166787163574399,0.0014695003620797107,52.0,0.0,2.0,0.0,0.03846153846153846,0.0
B_shared,l0_mean,shuffled,train,unseen,5.511495074735357e-06,1.0574183597160675e-06,0.02777777777777778,0.03007032652029301,0.4825397451699535,0.03160722648809152,-0.011450954764545574,0.0021607003338579055,52.0,0.0,2.0,0.0,0.03846153846153846,0.0
B_shared,l0_mean,shuffled,dev,all,5.090173589753307e-06,9.641124238897572e-07,0.9791666666666666,0.018042195912175808,0.9895833333333334,0.009021097956087902,0.011759182679799354,0.00040311938277966226,46.0,0.0,5.0,0.0,0.10869565217391307,0.0
B_shared,l0_mean,shuffled,iid,all,4.96997007197331e-06,9.212074249217008e-07,0.9861111111111112,0.0060140653040586444,0.9930555555555555,0.003007032652029258,0.011757031305943457,0.000395362599459366,46.0,0.0,5.0,0.0,0.10869565217391307,0.0
B_shared,l0_mean,shuffled,joint,all,4.272246395027707e-06,4.731575265568654e-07,0.921875,0.08699631816921909,0.9513888888888888,0.059231673990388846,0.013229857452419377,0.0005866061915563822,60.0,0.0,5.0,0.0,0.08333333333333333,0.0
B_shared,l0_mean,shuffled,template,all,4.7238790142387685e-06,4.736470151543491e-07,0.8828125,0.07452650011069888,0.9311445932539683,0.049254211415502264,0.009732371887470559,0.0005739481817333532,60.0,0.0,5.0,0.0,0.08333333333333331,0.0
B_shared,l0_mean,shuffled,topic,all,4.683266905961375e-06,7.887684431331032e-07,0.9461805555555555,0.06300433094313906,0.9585036250400835,0.05171378985255401,0.012348996336646283,0.00027022131598932234,88.0,0.0,5.0,0.0,0.0568181818181818,0.0
B_shared,l0_mean,shuffled,train,all,5.16962027645994e-06,9.559868634199114e-07,0.9114583333333334,0.0528588102348553,0.9410024292836793,0.03820656479427033,0.01173858643117684,0.0004193477326136639,88.0,0.0,5.0,0.0,0.0568181818181818,0.0
B_shared,l0_mean,random_subspace,dev,seen,4.7836322719577724e-06,2.330033572210657e-09,0.020833333333333332,0.0,0.5104166666666666,0.0,-0.014230868374698233,0.00017527639383877995,34.0,0.0,3.0,0.0,0.08823529411764706,0.0
B_shared,l0_mean,random_subspace,iid,seen,4.782830776056814e-06,2.226483889846041e-09,0.020833333333333332,0.0,0.5104166666666666,0.0,-0.014185220133861308,0.00018149689673014352,34.0,0.0,3.0,0.0,0.08823529411764706,0.0
B_shared,l0_mean,random_subspace,joint,seen,4.804375642652046e-06,1.7394510235657165e-09,0.0,0.0,0.5,0.0,-0.014531488448760172,0.00017014297400644939,44.0,0.0,3.0,0.0,0.06818181818181818,0.0
B_shared,l0_mean,random_subspace,template,seen,5.327504904430823e-06,4.277826452314932e-09,0.0,0.0,0.5,0.0,-0.021152999011594575,0.00019839890648713638,44.0,0.0,3.0,0.0,0.06818181818181815,0.0
B_shared,l0_mean,random_subspace,topic,seen,4.712728986679018e-06,1.6621549285522298e-09,0.020833333333333332,0.0,0.5104166666666666,0.0,-0.013474707044395455,0.0001858227932910526,64.0,0.0,3.0,0.0,0.046875,0.0
B_shared,l0_mean,random_subspace,train,seen,4.781384990963346e-06,2.3097758119825604e-09,0.020833333333333332,0.0,0.5104166666666666,0.0,-0.014227234799771669,0.0001810271455963448,64.0,0.0,3.0,0.0,0.046875,0.0
B_shared,l0_mean,random_subspace,dev,unseen,4.7536999268590835e-06,5.129666315147115e-09,0.0,0.0,0.5,0.0,-0.03367014256633188,4.1170959259124716e-05,28.0,0.0,2.0,0.0,0.07142857142857141,0.0
B_shared,l0_mean,random_subspace,iid,unseen,4.753655946320301e-06,5.200439959753176e-09,0.0,0.0,0.5,0.0,-0.0336541994978872,3.922603956531389e-05,28.0,0.0,2.0,0.0,0.07142857142857141,0.0
B_shared,l0_mean,random_subspace,joint,unseen,4.765406209839537e-06,5.395367358575623e-09,0.0,0.0,0.5,0.0,-0.03447744919859516,4.831538635838928e-05,36.0,0.0,2.0,0.0,0.05555555555555556,8.498374721940739e-18
B_shared,l0_mean,random_subspace,template,unseen,5.259944996093719e-06,3.435657050554641e-09,0.0,0.0,0.5,0.0,-0.04134020471600033,5.7693544549357265e-05,36.0,0.0,2.0,0.0,0.05555555555555557,0.0
B_shared,l0_mean,random_subspace,topic,unseen,4.6917370085477465e-06,5.717484949205788e-09,0.0,0.0,0.5,0.0,-0.033056030940289256,4.066606484891356e-05,52.0,0.0,2.0,0.0,0.03846153846153846,0.0
B_shared,l0_mean,random_subspace,train,unseen,4.752894510531985e-06,5.20212712493304e-09,0.0,0.0,0.5,0.0,-0.0336963694020104,4.041303474538232e-05,52.0,0.0,2.0,0.0,0.03846153846153846,0.0
B_shared,l0_mean,random_subspace,dev,all,4.7716593339182965e-06,6.640365343324055e-10,0.020833333333333332,0.0,0.5104166666666666,0.0,-0.014230868374698233,0.00017527639383877995,46.0,0.0,5.0,0.0,0.10869565217391307,0.0
B_shared,l0_mean,random_subspace,iid,all,4.771160844162208e-06,7.598932494049558e-10,0.020833333333333332,0.0,0.5104166666666666,0.0,-0.014185220133861308,0.00018149689673014352,46.0,0.0,5.0,0.0,0.10869565217391307,0.0
B_shared,l0_mean,random_subspace,joint,all,4.788787869527042e-06,1.1182680873854395e-09,0.0,0.0,0.5,0.0,-0.014531488448760172,0.00017014297400644939,60.0,0.0,5.0,0.0,0.08333333333333333,0.0
B_shared,l0_mean,random_subspace,template,all,5.300480941095982e-06,1.2133885147718917e-09,0.0,0.0,0.5,0.0,-0.021152999011594575,0.00019839890648713638,60.0,0.0,5.0,0.0,0.08333333333333331,0.0
B_shared,l0_mean,random_subspace,topic,all,4.70433219542651e-06,1.4042625141261844e-09,0.020833333333333332,0.0,0.5104166666666666,0.0,-0.013474707044395455,0.0001858227932910526,88.0,0.0,5.0,0.0,0.0568181818181818,0.0
B_shared,l0_mean,random_subspace,train,all,4.7699887987908004e-06,7.040646425267089e-10,0.020833333333333332,0.0,0.5104166666666666,0.0,-0.014227234799771669,0.0001810271455963448,88.0,0.0,5.0,0.0,0.0568181818181818,0.0
B_shared,l0_mean,surface_selected,dev,seen,2.8967659114400515e-06,1.4836338939325417e-09,1.0,0.0,1.0,0.0,0.011927284799177913,0.00017004503849794703,34.0,0.0,3.0,0.0,0.08823529411764706,0.0
B_shared,l0_mean,surface_selected,iid,seen,2.896331383798256e-06,1.4909947853865071e-09,1.0,0.0,1.0,0.0,0.011940439063877395,0.000166724437772288,34.0,0.0,3.0,0.0,0.08823529411764706,0.0
B_shared,l0_mean,surface_selected,joint,seen,3.028841280737017e-06,1.3706548810275929e-09,1.0,0.0,1.0,0.0,0.011683361264980202,5.427826385737673e-05,44.0,0.0,3.0,0.0,0.06818181818181818,0.0
B_shared,l0_mean,surface_selected,template,seen,3.427689674180605e-06,5.751953341357802e-09,0.9375,0.0,0.96875,0.0,0.010466902611951406,6.957157228051999e-05,44.0,0.0,3.0,0.0,0.06818181818181815,0.0
B_shared,l0_mean,surface_selected,topic,seen,2.9388498131025294e-06,1.2500199131599834e-09,1.0,0.0,1.0,0.0,0.012054175627138225,3.9986487619320415e-06,64.0,0.0,3.0,0.0,0.046875,0.0
B_shared,l0_mean,surface_selected,train,seen,2.8948433299365154e-06,1.2724447100656179e-09,1.0,0.0,1.0,0.0,0.011941860911982507,0.00016767339469232618,64.0,0.0,3.0,0.0,0.046875,0.0
B_shared,l0_mean,surface_selected,dev,unseen,3.12957807827016e-06,3.229679037068491e-09,0.0,0.0,0.5,0.0,-0.009741453680659927,0.0001128537088613703,28.0,0.0,2.0,0.0,0.07142857142857141,0.0
B_shared,l0_mean,surface_selected,iid,unseen,3.1286955779838188e-06,3.665911896048608e-09,0.0,0.0,0.5,0.0,-0.009755681588420424,0.0001047465250867347,28.0,0.0,2.0,0.0,0.07142857142857141,0.0
B_shared,l0_mean,surface_selected,joint,unseen,3.0831372862665686e-06,8.05416576035328e-09,0.0,0.0,0.5,0.0,-0.009563612761851763,6.649949916476433e-05,36.0,0.0,2.0,0.0,0.05555555555555556,8.498374721940739e-18
B_shared,l0_mean,surface_selected,template,unseen,3.5380369854899315e-06,1.1318819388556709e-09,0.03125,0.0,0.515625,0.0,-0.011843149532076352,9.226188150009413e-05,36.0,0.0,2.0,0.0,0.05555555555555557,0.0
B_shared,l0_mean,surface_selected,topic,unseen,3.053185208982217e-06,4.613010701716272e-09,0.0,0.0,0.5,0.0,-0.009039878910496688,5.072339169109082e-05,52.0,0.0,2.0,0.0,0.03846153846153846,0.0
B_shared,l0_mean,surface_selected,train,unseen,3.1293060696613707e-06,3.752003572763785e-09,0.0,0.0,0.5,0.0,-0.009758862379485082,0.00010261060881987076,52.0,0.0,2.0,0.0,0.03846153846153846,0.0
B_shared,l0_mean,surface_selected,dev,all,2.989890778172095e-06,1.8477532977425627e-09,1.0,0.0,1.0,0.0,0.011927284799177913,0.00017004503849794703,46.0,0.0,5.0,0.0,0.10869565217391307,0.0
B_shared,l0_mean,surface_selected,iid,all,2.9892770614724805e-06,2.0383398865895525e-09,1.0,0.0,1.0,0.0,0.011940439063877395,0.000166724437772288,46.0,0.0,5.0,0.0,0.10869565217391307,0.0
B_shared,l0_mean,surface_selected,joint,all,3.0505596829488376e-06,4.042955050987998e-09,1.0,0.0,1.0,0.0,0.011683361264980202,5.427826385737673e-05,60.0,0.0,5.0,0.0,0.08333333333333333,0.0
B_shared,l0_mean,surface_selected,template,all,3.4718285987043356e-06,3.844559735533902e-09,0.9375,0.0,0.96875,0.0,0.010466902611951406,6.957157228051999e-05,60.0,0.0,5.0,0.0,0.08333333333333331,0.0
B_shared,l0_mean,surface_selected,topic,all,2.9845839714544045e-06,2.5295445569964902e-09,1.0,0.0,1.0,0.0,0.012054175627138225,3.9986487619320415e-06,88.0,0.0,5.0,0.0,0.0568181818181818,0.0
B_shared,l0_mean,surface_selected,train,all,2.988628425826457e-06,1.9498158962950094e-09,1.0,0.0,1.0,0.0,0.011941860911982507,0.00016767339469232618,88.0,0.0,5.0,0.0,0.0568181818181818,0.0
B_conditional_f0,l0_mean,identity,dev,specified_f0,5.849670027418719e-06,0.0,nan,nan,nan,nan,nan,nan,0.0,0.0,0.0,0.0,nan,nan
B_conditional_f0,l0_mean,identity,iid,specified_f0,5.849824918290664e-06,0.0,nan,nan,nan,nan,nan,nan,0.0,0.0,0.0,0.0,nan,nan
B_conditional_f0,l0_mean,identity,joint,specified_f0,5.9017385864068415e-06,0.0,nan,nan,nan,nan,nan,nan,0.0,0.0,0.0,0.0,nan,nan
B_conditional_f0,l0_mean,identity,template,specified_f0,6.5520709707818485e-06,1.0373992580494066e-21,nan,nan,nan,nan,nan,nan,0.0,0.0,0.0,0.0,nan,nan
B_conditional_f0,l0_mean,identity,topic,specified_f0,5.794007981017067e-06,0.0,nan,nan,nan,nan,nan,nan,0.0,0.0,0.0,0.0,nan,nan
B_conditional_f0,l0_mean,identity,train,specified_f0,5.8492159383880155e-06,0.0,nan,nan,nan,nan,nan,nan,0.0,0.0,0.0,0.0,nan,nan
B_conditional_f0,l0_mean,shift,dev,specified_f0,1.789510466349165e-06,9.984709964085064e-11,nan,nan,nan,nan,nan,nan,0.0,0.0,0.0,0.0,nan,nan
B_conditional_f0,l0_mean,shift,iid,specified_f0,1.7895889930211718e-06,9.995294299427808e-11,nan,nan,nan,nan,nan,nan,0.0,0.0,0.0,0.0,nan,nan
B_conditional_f0,l0_mean,shift,joint,specified_f0,1.774069600909373e-06,4.153853030469549e-10,nan,nan,nan,nan,nan,nan,0.0,0.0,0.0,0.0,nan,nan
B_conditional_f0,l0_mean,shift,template,specified_f0,2.058639511853468e-06,1.990581203158877e-09,nan,nan,nan,nan,nan,nan,0.0,0.0,0.0,0.0,nan,nan
B_conditional_f0,l0_mean,shift,topic,specified_f0,1.7363998814388106e-06,5.919188916310332e-10,nan,nan,nan,nan,nan,nan,0.0,0.0,0.0,0.0,nan,nan
B_conditional_f0,l0_mean,shift,train,specified_f0,1.7890873572201872e-06,1.0014284483945148e-10,nan,nan,nan,nan,nan,nan,0.0,0.0,0.0,0.0,nan,nan
B_conditional_f0,l0_mean,rank1,dev,specified_f0,7.03198990907756e-08,2.764852764480241e-10,nan,nan,nan,nan,nan,nan,0.0,0.0,0.0,0.0,nan,nan
B_conditional_f0,l0_mean,rank1,iid,specified_f0,7.031734602919822e-08,2.778677176425287e-10,nan,nan,nan,nan,nan,nan,0.0,0.0,0.0,0.0,nan,nan
B_conditional_f0,l0_mean,rank1,joint,specified_f0,3.658075007431596e-08,3.95101164327736e-10,nan,nan,nan,nan,nan,nan,0.0,0.0,0.0,0.0,nan,nan
B_conditional_f0,l0_mean,rank1,template,specified_f0,1.594412638237388e-07,2.505653841804364e-09,nan,nan,nan,nan,nan,nan,0.0,0.0,0.0,0.0,nan,nan
B_conditional_f0,l0_mean,rank1,topic,specified_f0,1.8350373813034718e-08,9.746133954124934e-10,nan,nan,nan,nan,nan,nan,0.0,0.0,0.0,0.0,nan,nan
B_conditional_f0,l0_mean,rank1,train,specified_f0,6.985224067264122e-08,2.7715515549005445e-10,nan,nan,nan,nan,nan,nan,0.0,0.0,0.0,0.0,nan,nan
B_conditional_f0,l0_mean,lowrank,dev,specified_f0,2.76005367420962e-09,4.852992713180466e-10,nan,nan,nan,nan,nan,nan,0.0,0.0,0.0,0.0,nan,nan
B_conditional_f0,l0_mean,lowrank,iid,specified_f0,2.7281181555301736e-09,4.6320539628213507e-10,nan,nan,nan,nan,nan,nan,0.0,0.0,0.0,0.0,nan,nan
B_conditional_f0,l0_mean,lowrank,joint,specified_f0,3.08958769049169e-08,1.2391583619014846e-09,nan,nan,nan,nan,nan,nan,0.0,0.0,0.0,0.0,nan,nan
B_conditional_f0,l0_mean,lowrank,template,specified_f0,8.504486919139704e-08,1.1210354469812977e-09,nan,nan,nan,nan,nan,nan,0.0,0.0,0.0,0.0,nan,nan
B_conditional_f0,l0_mean,lowrank,topic,specified_f0,1.4711034793951255e-08,9.120914145761066e-10,nan,nan,nan,nan,nan,nan,0.0,0.0,0.0,0.0,nan,nan
B_conditional_f0,l0_mean,lowrank,train,specified_f0,2.26879833577285e-09,5.199112665774875e-10,nan,nan,nan,nan,nan,nan,0.0,0.0,0.0,0.0,nan,nan
B_conditional_f0,l0_mean,full_delta,dev,specified_f0,2.7600536896618423e-09,4.85299261009355e-10,nan,nan,nan,nan,nan,nan,0.0,0.0,0.0,0.0,nan,nan
B_conditional_f0,l0_mean,full_delta,iid,specified_f0,2.7281181611348657e-09,4.6320538676166983e-10,nan,nan,nan,nan,nan,nan,0.0,0.0,0.0,0.0,nan,nan
B_conditional_f0,l0_mean,full_delta,joint,specified_f0,3.0895876904922866e-08,1.2391583619004409e-09,nan,nan,nan,nan,nan,nan,0.0,0.0,0.0,0.0,nan,nan
B_conditional_f0,l0_mean,full_delta,template,specified_f0,8.504486921884898e-08,1.121035453779111e-09,nan,nan,nan,nan,nan,nan,0.0,0.0,0.0,0.0,nan,nan
B_conditional_f0,l0_mean,full_delta,topic,specified_f0,1.4711034793958852e-08,9.120914145776563e-10,nan,nan,nan,nan,nan,nan,0.0,0.0,0.0,0.0,nan,nan
B_conditional_f0,l0_mean,full_delta,train,specified_f0,2.268798336161261e-09,5.199112668814499e-10,nan,nan,nan,nan,nan,nan,0.0,0.0,0.0,0.0,nan,nan
B_conditional_f0,l0_mean,full_affine,dev,specified_f0,5.968437264757683e-07,9.219492902794538e-08,nan,nan,nan,nan,nan,nan,0.0,0.0,0.0,0.0,nan,nan
B_conditional_f0,l0_mean,full_affine,iid,specified_f0,5.967660232888383e-07,9.215051246199888e-08,nan,nan,nan,nan,nan,nan,0.0,0.0,0.0,0.0,nan,nan
B_conditional_f0,l0_mean,full_affine,joint,specified_f0,7.817673330434101e-06,2.665453209437639e-08,nan,nan,nan,nan,nan,nan,0.0,0.0,0.0,0.0,nan,nan
B_conditional_f0,l0_mean,full_affine,template,specified_f0,7.543753824655702e-06,5.381265754938243e-08,nan,nan,nan,nan,nan,nan,0.0,0.0,0.0,0.0,nan,nan
B_conditional_f0,l0_mean,full_affine,topic,specified_f0,4.863249975315397e-06,1.691252226846981e-08,nan,nan,nan,nan,nan,nan,0.0,0.0,0.0,0.0,nan,nan
B_conditional_f0,l0_mean,full_affine,train,specified_f0,5.959864533921354e-07,9.205475034554495e-08,nan,nan,nan,nan,nan,nan,0.0,0.0,0.0,0.0,nan,nan
B_conditional_f0,l0_mean,length_shift,dev,specified_f0,1.7684565894474264e-06,3.8407949248558017e-10,nan,nan,nan,nan,nan,nan,0.0,0.0,0.0,0.0,nan,nan
B_conditional_f0,l0_mean,length_shift,iid,specified_f0,1.7685221833450973e-06,3.8537751996607017e-10,nan,nan,nan,nan,nan,nan,0.0,0.0,0.0,0.0,nan,nan
B_conditional_f0,l0_mean,length_shift,joint,specified_f0,1.7559937326471083e-06,2.8992787392804047e-09,nan,nan,nan,nan,nan,nan,0.0,0.0,0.0,0.0,nan,nan
B_conditional_f0,l0_mean,length_shift,template,specified_f0,2.0357107962647978e-06,4.216711138957347e-09,nan,nan,nan,nan,nan,nan,0.0,0.0,0.0,0.0,nan,nan
B_conditional_f0,l0_mean,length_shift,topic,specified_f0,1.722270138563383e-06,1.6537822038400805e-09,nan,nan,nan,nan,nan,nan,0.0,0.0,0.0,0.0,nan,nan
B_conditional_f0,l0_mean,length_shift,train,specified_f0,1.7680349768753633e-06,3.8474994615166113e-10,nan,nan,nan,nan,nan,nan,0.0,0.0,0.0,0.0,nan,nan
B_conditional_f0,l0_mean,source_token_ridge,dev,specified_f0,1.000849915741434e-08,2.541694143560009e-10,nan,nan,nan,nan,nan,nan,0.0,0.0,0.0,0.0,nan,nan
B_conditional_f0,l0_mean,source_token_ridge,iid,specified_f0,9.983497405566926e-09,2.7439905470952517e-10,nan,nan,nan,nan,nan,nan,0.0,0.0,0.0,0.0,nan,nan
B_conditional_f0,l0_mean,source_token_ridge,joint,specified_f0,1.882955617894706e-08,9.784463325818446e-10,nan,nan,nan,nan,nan,nan,0.0,0.0,0.0,0.0,nan,nan
B_conditional_f0,l0_mean,source_token_ridge,template,specified_f0,2.0117019538013276e-07,6.291471910739768e-09,nan,nan,nan,nan,nan,nan,0.0,0.0,0.0,0.0,nan,nan
B_conditional_f0,l0_mean,source_token_ridge,topic,specified_f0,1.2045593994496215e-08,1.1194441967151106e-09,nan,nan,nan,nan,nan,nan,0.0,0.0,0.0,0.0,nan,nan
B_conditional_f0,l0_mean,source_token_ridge,train,specified_f0,9.519718302163644e-09,2.2311837149586735e-10,nan,nan,nan,nan,nan,nan,0.0,0.0,0.0,0.0,nan,nan
B_conditional_f0,l0_mean,shuffled,dev,specified_f0,5.957438441639173e-07,2.5112076247505806e-07,nan,nan,nan,nan,nan,nan,0.0,0.0,0.0,0.0,nan,nan
B_conditional_f0,l0_mean,shuffled,iid,specified_f0,5.703980076529575e-07,2.315632795321033e-07,nan,nan,nan,nan,nan,nan,0.0,0.0,0.0,0.0,nan,nan
B_conditional_f0,l0_mean,shuffled,joint,specified_f0,4.770727839942666e-07,2.1008576601039277e-07,nan,nan,nan,nan,nan,nan,0.0,0.0,0.0,0.0,nan,nan
B_conditional_f0,l0_mean,shuffled,template,specified_f0,6.429230847056027e-07,2.3157743989884525e-07,nan,nan,nan,nan,nan,nan,0.0,0.0,0.0,0.0,nan,nan
B_conditional_f0,l0_mean,shuffled,topic,specified_f0,5.06133990457496e-07,2.3690478947541004e-07,nan,nan,nan,nan,nan,nan,0.0,0.0,0.0,0.0,nan,nan
B_conditional_f0,l0_mean,shuffled,train,specified_f0,6.008492376246917e-07,2.694076390084572e-07,nan,nan,nan,nan,nan,nan,0.0,0.0,0.0,0.0,nan,nan
B_conditional_f0,l0_mean,random_subspace,dev,specified_f0,1.7874591958335219e-06,1.0422575051114045e-09,nan,nan,nan,nan,nan,nan,0.0,0.0,0.0,0.0,nan,nan
B_conditional_f0,l0_mean,random_subspace,iid,specified_f0,1.787538380375236e-06,1.03344154226221e-09,nan,nan,nan,nan,nan,nan,0.0,0.0,0.0,0.0,nan,nan
B_conditional_f0,l0_mean,random_subspace,joint,specified_f0,1.77207004868337e-06,1.356352341130567e-09,nan,nan,nan,nan,nan,nan,0.0,0.0,0.0,0.0,nan,nan
B_conditional_f0,l0_mean,random_subspace,template,specified_f0,2.056390481510926e-06,9.916607831308588e-10,nan,nan,nan,nan,nan,nan,0.0,0.0,0.0,0.0,nan,nan
B_conditional_f0,l0_mean,random_subspace,topic,specified_f0,1.7344276175796863e-06,1.5275902560654296e-09,nan,nan,nan,nan,nan,nan,0.0,0.0,0.0,0.0,nan,nan
B_conditional_f0,l0_mean,random_subspace,train,specified_f0,1.7870387338436683e-06,1.034230362969613e-09,nan,nan,nan,nan,nan,nan,0.0,0.0,0.0,0.0,nan,nan
B_conditional_f1,l0_mean,identity,dev,specified_f1,6.0551431700465965e-06,0.0,nan,nan,nan,nan,nan,nan,0.0,0.0,0.0,0.0,nan,nan
B_conditional_f1,l0_mean,identity,iid,specified_f1,6.055133334096889e-06,0.0,nan,nan,nan,nan,nan,nan,0.0,0.0,0.0,0.0,nan,nan
B_conditional_f1,l0_mean,identity,joint,specified_f1,6.1125146386945055e-06,0.0,nan,nan,nan,nan,nan,nan,0.0,0.0,0.0,0.0,nan,nan
B_conditional_f1,l0_mean,identity,template,specified_f1,6.776672109188628e-06,0.0,nan,nan,nan,nan,nan,nan,0.0,0.0,0.0,0.0,nan,nan
B_conditional_f1,l0_mean,identity,topic,specified_f1,6.0009365352792164e-06,0.0,nan,nan,nan,nan,nan,nan,0.0,0.0,0.0,0.0,nan,nan
B_conditional_f1,l0_mean,identity,train,specified_f1,6.054618712542589e-06,0.0,nan,nan,nan,nan,nan,nan,0.0,0.0,0.0,0.0,nan,nan
B_conditional_f1,l0_mean,shift,dev,specified_f1,1.7904827018155226e-06,9.899844522703898e-11,nan,nan,nan,nan,nan,nan,0.0,0.0,0.0,0.0,nan,nan
B_conditional_f1,l0_mean,shift,iid,specified_f1,1.7905594386514307e-06,9.932768850892259e-11,nan,nan,nan,nan,nan,nan,0.0,0.0,0.0,0.0,nan,nan
B_conditional_f1,l0_mean,shift,joint,specified_f1,1.7751622053277293e-06,4.02774663440897e-10,nan,nan,nan,nan,nan,nan,0.0,0.0,0.0,0.0,nan,nan
B_conditional_f1,l0_mean,shift,template,specified_f1,2.0608163450967233e-06,1.984941803409783e-09,nan,nan,nan,nan,nan,nan,0.0,0.0,0.0,0.0,nan,nan
B_conditional_f1,l0_mean,shift,topic,specified_f1,1.7371875891788278e-06,5.820786548204382e-10,nan,nan,nan,nan,nan,nan,0.0,0.0,0.0,0.0,nan,nan
B_conditional_f1,l0_mean,shift,train,specified_f1,1.7900588275182095e-06,9.939189160338959e-11,nan,nan,nan,nan,nan,nan,0.0,0.0,0.0,0.0,nan,nan
B_conditional_f1,l0_mean,rank1,dev,specified_f1,7.12879775208886e-08,2.7612860722905596e-10,nan,nan,nan,nan,nan,nan,0.0,0.0,0.0,0.0,nan,nan
B_conditional_f1,l0_mean,rank1,iid,specified_f1,7.128386687797688e-08,2.771119057837243e-10,nan,nan,nan,nan,nan,nan,0.0,0.0,0.0,0.0,nan,nan
B_conditional_f1,l0_mean,rank1,joint,specified_f1,3.767227826463501e-08,4.0339240963276404e-10,nan,nan,nan,nan,nan,nan,0.0,0.0,0.0,0.0,nan,nan
B_conditional_f1,l0_mean,rank1,template,specified_f1,1.6161820816621298e-07,2.4992546785288603e-09,nan,nan,nan,nan,nan,nan,0.0,0.0,0.0,0.0,nan,nan
B_conditional_f1,l0_mean,rank1,topic,specified_f1,1.9133847353708553e-08,9.639444065440854e-10,nan,nan,nan,nan,nan,nan,0.0,0.0,0.0,0.0,nan,nan
B_conditional_f1,l0_mean,rank1,train,specified_f1,7.081965563687018e-08,2.766254430178577e-10,nan,nan,nan,nan,nan,nan,0.0,0.0,0.0,0.0,nan,nan
B_conditional_f1,l0_mean,lowrank,dev,specified_f1,2.8100235756200646e-09,4.88223885978048e-10,nan,nan,nan,nan,nan,nan,0.0,0.0,0.0,0.0,nan,nan
B_conditional_f1,l0_mean,lowrank,iid,specified_f1,2.7768190490353457e-09,4.681791154357663e-10,nan,nan,nan,nan,nan,nan,0.0,0.0,0.0,0.0,nan,nan
B_conditional_f1,l0_mean,lowrank,joint,specified_f1,3.1539787923007056e-08,1.3023269412154544e-09,nan,nan,nan,nan,nan,nan,0.0,0.0,0.0,0.0,nan,nan
B_conditional_f1,l0_mean,lowrank,template,specified_f1,8.615354965322649e-08,1.1700364054767785e-09,nan,nan,nan,nan,nan,nan,0.0,0.0,0.0,0.0,nan,nan
B_conditional_f1,l0_mean,lowrank,topic,specified_f1,1.5089542166255965e-08,9.21421060135138e-10,nan,nan,nan,nan,nan,nan,0.0,0.0,0.0,0.0,nan,nan
B_conditional_f1,l0_mean,lowrank,train,specified_f1,2.3180033524678813e-09,5.245057444162889e-10,nan,nan,nan,nan,nan,nan,0.0,0.0,0.0,0.0,nan,nan
B_conditional_f1,l0_mean,full_delta,dev,specified_f1,2.810023573616081e-09,4.882238838803154e-10,nan,nan,nan,nan,nan,nan,0.0,0.0,0.0,0.0,nan,nan
B_conditional_f1,l0_mean,full_delta,iid,specified_f1,2.7768190496004023e-09,4.681791135036812e-10,nan,nan,nan,nan,nan,nan,0.0,0.0,0.0,0.0,nan,nan
B_conditional_f1,l0_mean,full_delta,joint,specified_f1,3.153978792300878e-08,1.3023269412154745e-09,nan,nan,nan,nan,nan,nan,0.0,0.0,0.0,0.0,nan,nan
B_conditional_f1,l0_mean,full_delta,template,specified_f1,8.61535496423183e-08,1.1700363954616238e-09,nan,nan,nan,nan,nan,nan,0.0,0.0,0.0,0.0,nan,nan
B_conditional_f1,l0_mean,full_delta,topic,specified_f1,1.5089542166258232e-08,9.21421060135392e-10,nan,nan,nan,nan,nan,nan,0.0,0.0,0.0,0.0,nan,nan
B_conditional_f1,l0_mean,full_delta,train,specified_f1,2.3180033513600056e-09,5.245057434697069e-10,nan,nan,nan,nan,nan,nan,0.0,0.0,0.0,0.0,nan,nan
B_conditional_f1,l0_mean,full_affine,dev,specified_f1,5.962155740282526e-07,9.22990200021537e-08,nan,nan,nan,nan,nan,nan,0.0,0.0,0.0,0.0,nan,nan
B_conditional_f1,l0_mean,full_affine,iid,specified_f1,5.961369602057558e-07,9.225403189916746e-08,nan,nan,nan,nan,nan,nan,0.0,0.0,0.0,0.0,nan,nan
B_conditional_f1,l0_mean,full_affine,joint,specified_f1,7.822048228544767e-06,2.6384893091059936e-08,nan,nan,nan,nan,nan,nan,0.0,0.0,0.0,0.0,nan,nan
B_conditional_f1,l0_mean,full_affine,template,specified_f1,7.535562179087163e-06,5.426136485960517e-08,nan,nan,nan,nan,nan,nan,0.0,0.0,0.0,0.0,nan,nan
B_conditional_f1,l0_mean,full_affine,topic,specified_f1,4.861399910634159e-06,1.6423134082341e-08,nan,nan,nan,nan,nan,nan,0.0,0.0,0.0,0.0,nan,nan
B_conditional_f1,l0_mean,full_affine,train,specified_f1,5.953586767769892e-07,9.216004985337575e-08,nan,nan,nan,nan,nan,nan,0.0,0.0,0.0,0.0,nan,nan
B_conditional_f1,l0_mean,length_shift,dev,specified_f1,1.7687449197640291e-06,3.855421803128092e-10,nan,nan,nan,nan,nan,nan,0.0,0.0,0.0,0.0,nan,nan
B_conditional_f1,l0_mean,length_shift,iid,specified_f1,1.7688261079682909e-06,3.870351915900175e-10,nan,nan,nan,nan,nan,nan,0.0,0.0,0.0,0.0,nan,nan
B_conditional_f1,l0_mean,length_shift,joint,specified_f1,1.7560162380545113e-06,2.9153935433273136e-09,nan,nan,nan,nan,nan,nan,0.0,0.0,0.0,0.0,nan,nan
B_conditional_f1,l0_mean,length_shift,template,specified_f1,2.0365091687646604e-06,4.246889328108454e-09,nan,nan,nan,nan,nan,nan,0.0,0.0,0.0,0.0,nan,nan
B_conditional_f1,l0_mean,length_shift,topic,specified_f1,1.722281741865473e-06,1.6621928804326389e-09,nan,nan,nan,nan,nan,nan,0.0,0.0,0.0,0.0,nan,nan
B_conditional_f1,l0_mean,length_shift,train,specified_f1,1.7683299694849683e-06,3.862962341595909e-10,nan,nan,nan,nan,nan,nan,0.0,0.0,0.0,0.0,nan,nan
B_conditional_f1,l0_mean,source_token_ridge,dev,specified_f1,1.0054816748573754e-08,2.7228959060662726e-10,nan,nan,nan,nan,nan,nan,0.0,0.0,0.0,0.0,nan,nan
B_conditional_f1,l0_mean,source_token_ridge,iid,specified_f1,1.0029740928505224e-08,2.9245548701099915e-10,nan,nan,nan,nan,nan,nan,0.0,0.0,0.0,0.0,nan,nan
B_conditional_f1,l0_mean,source_token_ridge,joint,specified_f1,1.938165051187539e-08,1.0269216348692674e-09,nan,nan,nan,nan,nan,nan,0.0,0.0,0.0,0.0,nan,nan
B_conditional_f1,l0_mean,source_token_ridge,template,specified_f1,2.0309167606298798e-07,6.329495777789762e-09,nan,nan,nan,nan,nan,nan,0.0,0.0,0.0,0.0,nan,nan
B_conditional_f1,l0_mean,source_token_ridge,topic,specified_f1,1.231965506564144e-08,1.1579448676674746e-09,nan,nan,nan,nan,nan,nan,0.0,0.0,0.0,0.0,nan,nan
B_conditional_f1,l0_mean,source_token_ridge,train,specified_f1,9.566058985533013e-09,2.4114795810152123e-10,nan,nan,nan,nan,nan,nan,0.0,0.0,0.0,0.0,nan,nan
B_conditional_f1,l0_mean,shuffled,dev,specified_f1,5.975017846050865e-07,2.5134466634084946e-07,nan,nan,nan,nan,nan,nan,0.0,0.0,0.0,0.0,nan,nan
B_conditional_f1,l0_mean,shuffled,iid,specified_f1,5.720808187681078e-07,2.3173380353273124e-07,nan,nan,nan,nan,nan,nan,0.0,0.0,0.0,0.0,nan,nan
B_conditional_f1,l0_mean,shuffled,joint,specified_f1,4.7879323279916e-07,2.102884884487425e-07,nan,nan,nan,nan,nan,nan,0.0,0.0,0.0,0.0,nan,nan
B_conditional_f1,l0_mean,shuffled,template,specified_f1,6.455566027983685e-07,2.3147416387122797e-07,nan,nan,nan,nan,nan,nan,0.0,0.0,0.0,0.0,nan,nan
B_conditional_f1,l0_mean,shuffled,topic,specified_f1,5.076308393572521e-07,2.3711534163094646e-07,nan,nan,nan,nan,nan,nan,0.0,0.0,0.0,0.0,nan,nan
B_conditional_f1,l0_mean,shuffled,train,specified_f1,6.026173180994317e-07,2.696115957245019e-07,nan,nan,nan,nan,nan,nan,0.0,0.0,0.0,0.0,nan,nan
B_conditional_f1,l0_mean,random_subspace,dev,specified_f1,1.7766204314813893e-06,1.984544349407043e-09,nan,nan,nan,nan,nan,nan,0.0,0.0,0.0,0.0,nan,nan
B_conditional_f1,l0_mean,random_subspace,iid,specified_f1,1.776707510247479e-06,1.9666499253544564e-09,nan,nan,nan,nan,nan,nan,0.0,0.0,0.0,0.0,nan,nan
B_conditional_f1,l0_mean,random_subspace,joint,specified_f1,1.761651892551763e-06,1.7228973865965313e-09,nan,nan,nan,nan,nan,nan,0.0,0.0,0.0,0.0,nan,nan
B_conditional_f1,l0_mean,random_subspace,template,specified_f1,2.0455600804681407e-06,4.262308228698466e-09,nan,nan,nan,nan,nan,nan,0.0,0.0,0.0,0.0,nan,nan
B_conditional_f1,l0_mean,random_subspace,topic,specified_f1,1.7238402311653352e-06,1.5017275813099242e-09,nan,nan,nan,nan,nan,nan,0.0,0.0,0.0,0.0,nan,nan
B_conditional_f1,l0_mean,random_subspace,train,specified_f1,1.7761927240300626e-06,1.967100630055804e-09,nan,nan,nan,nan,nan,nan,0.0,0.0,0.0,0.0,nan,nan
B_conditional_f2,l0_mean,identity,dev,specified_f2,1.0612428781863862e-05,0.0,nan,nan,nan,nan,nan,nan,0.0,0.0,0.0,0.0,nan,nan
B_conditional_f2,l0_mean,identity,iid,specified_f2,1.0610981231591358e-05,0.0,nan,nan,nan,nan,nan,nan,0.0,0.0,0.0,0.0,nan,nan
B_conditional_f2,l0_mean,identity,joint,specified_f2,1.0679280537687904e-05,2.0747985160988132e-21,nan,nan,nan,nan,nan,nan,0.0,0.0,0.0,0.0,nan,nan
B_conditional_f2,l0_mean,identity,template,specified_f2,1.1526398595806768e-05,2.0747985160988132e-21,nan,nan,nan,nan,nan,nan,0.0,0.0,0.0,0.0,nan,nan
B_conditional_f2,l0_mean,identity,topic,specified_f2,1.052653504410917e-05,0.0,nan,nan,nan,nan,nan,nan,0.0,0.0,0.0,0.0,nan,nan
B_conditional_f2,l0_mean,identity,train,specified_f2,1.060721334089786e-05,0.0,nan,nan,nan,nan,nan,nan,0.0,0.0,0.0,0.0,nan,nan
B_conditional_f2,l0_mean,shift,dev,specified_f2,3.069772072611541e-06,2.9302080235398423e-09,nan,nan,nan,nan,nan,nan,0.0,0.0,0.0,0.0,nan,nan
B_conditional_f2,l0_mean,shift,iid,specified_f2,3.0659744673536305e-06,2.3504404829626016e-09,nan,nan,nan,nan,nan,nan,0.0,0.0,0.0,0.0,nan,nan
B_conditional_f2,l0_mean,shift,joint,specified_f2,3.172744984047189e-06,5.072465539167279e-09,nan,nan,nan,nan,nan,nan,0.0,0.0,0.0,0.0,nan,nan
B_conditional_f2,l0_mean,shift,template,specified_f2,3.5534436088768235e-06,1.1409643499390955e-08,nan,nan,nan,nan,nan,nan,0.0,0.0,0.0,0.0,nan,nan
B_conditional_f2,l0_mean,shift,topic,specified_f2,3.0214399539082353e-06,2.2362600552382584e-09,nan,nan,nan,nan,nan,nan,0.0,0.0,0.0,0.0,nan,nan
B_conditional_f2,l0_mean,shift,train,specified_f2,3.063111527627692e-06,2.872390179169473e-09,nan,nan,nan,nan,nan,nan,0.0,0.0,0.0,0.0,nan,nan
B_conditional_f2,l0_mean,rank1,dev,specified_f2,1.3505898996464184e-06,3.0091362601389015e-09,nan,nan,nan,nan,nan,nan,0.0,0.0,0.0,0.0,nan,nan
B_conditional_f2,l0_mean,rank1,iid,specified_f2,1.346955814941033e-06,2.426672421570318e-09,nan,nan,nan,nan,nan,nan,0.0,0.0,0.0,0.0,nan,nan
B_conditional_f2,l0_mean,rank1,joint,specified_f2,1.4274780756952274e-06,5.069269199892974e-09,nan,nan,nan,nan,nan,nan,0.0,0.0,0.0,0.0,nan,nan
B_conditional_f2,l0_mean,rank1,template,specified_f2,1.6543034566162144e-06,1.172656160171672e-08,nan,nan,nan,nan,nan,nan,0.0,0.0,0.0,0.0,nan,nan
B_conditional_f2,l0_mean,rank1,topic,specified_f2,1.302791380000658e-06,2.1817153294994435e-09,nan,nan,nan,nan,nan,nan,0.0,0.0,0.0,0.0,nan,nan
B_conditional_f2,l0_mean,rank1,train,specified_f2,1.3440311975242807e-06,2.9588015255572913e-09,nan,nan,nan,nan,nan,nan,0.0,0.0,0.0,0.0,nan,nan
B_conditional_f2,l0_mean,lowrank,dev,specified_f2,2.3180543153556194e-07,1.1669774914917867e-08,nan,nan,nan,nan,nan,nan,0.0,0.0,0.0,0.0,nan,nan
B_conditional_f2,l0_mean,lowrank,iid,specified_f2,2.3109823604165394e-07,1.0750645622243207e-08,nan,nan,nan,nan,nan,nan,0.0,0.0,0.0,0.0,nan,nan
B_conditional_f2,l0_mean,lowrank,joint,specified_f2,1.0111485871415967e-06,9.675212089631904e-09,nan,nan,nan,nan,nan,nan,0.0,0.0,0.0,0.0,nan,nan
B_conditional_f2,l0_mean,lowrank,template,specified_f2,1.0846670649232853e-06,8.849853564375547e-09,nan,nan,nan,nan,nan,nan,0.0,0.0,0.0,0.0,nan,nan
B_conditional_f2,l0_mean,lowrank,topic,specified_f2,6.330459645800389e-07,5.714592887335177e-09,nan,nan,nan,nan,nan,nan,0.0,0.0,0.0,0.0,nan,nan
B_conditional_f2,l0_mean,lowrank,train,specified_f2,1.9933970885705892e-07,8.150405749934254e-09,nan,nan,nan,nan,nan,nan,0.0,0.0,0.0,0.0,nan,nan
B_conditional_f2,l0_mean,full_delta,dev,specified_f2,7.26765917282965e-08,9.723465402341275e-09,nan,nan,nan,nan,nan,nan,0.0,0.0,0.0,0.0,nan,nan
B_conditional_f2,l0_mean,full_delta,iid,specified_f2,7.275173697055002e-08,9.740952737641645e-09,nan,nan,nan,nan,nan,nan,0.0,0.0,0.0,0.0,nan,nan
B_conditional_f2,l0_mean,full_delta,joint,specified_f2,9.743553517079214e-07,2.652873736115241e-09,nan,nan,nan,nan,nan,nan,0.0,0.0,0.0,0.0,nan,nan
B_conditional_f2,l0_mean,full_delta,template,specified_f2,1.0319866074341142e-06,6.423870118713077e-09,nan,nan,nan,nan,nan,nan,0.0,0.0,0.0,0.0,nan,nan
B_conditional_f2,l0_mean,full_delta,topic,specified_f2,5.94691631829872e-07,2.6454616269053243e-09,nan,nan,nan,nan,nan,nan,0.0,0.0,0.0,0.0,nan,nan
B_conditional_f2,l0_mean,full_delta,train,specified_f2,7.154269260222738e-08,9.514292931723697e-09,nan,nan,nan,nan,nan,nan,0.0,0.0,0.0,0.0,nan,nan
B_conditional_f2,l0_mean,full_affine,dev,specified_f2,2.607449176017479e-07,4.294319306888496e-08,nan,nan,nan,nan,nan,nan,0.0,0.0,0.0,0.0,nan,nan
B_conditional_f2,l0_mean,full_affine,iid,specified_f2,2.608211098309515e-07,4.29570118007438e-08,nan,nan,nan,nan,nan,nan,0.0,0.0,0.0,0.0,nan,nan
B_conditional_f2,l0_mean,full_affine,joint,specified_f2,3.3083298241551005e-06,1.086949200951504e-08,nan,nan,nan,nan,nan,nan,0.0,0.0,0.0,0.0,nan,nan
B_conditional_f2,l0_mean,full_affine,template,specified_f2,3.0728601943828314e-06,2.2516225507544068e-08,nan,nan,nan,nan,nan,nan,0.0,0.0,0.0,0.0,nan,nan
B_conditional_f2,l0_mean,full_affine,topic,specified_f2,2.0748821490937295e-06,6.933319678771185e-09,nan,nan,nan,nan,nan,nan,0.0,0.0,0.0,0.0,nan,nan
B_conditional_f2,l0_mean,full_affine,train,specified_f2,2.5957025407872606e-07,4.273381001851354e-08,nan,nan,nan,nan,nan,nan,0.0,0.0,0.0,0.0,nan,nan
B_conditional_f2,l0_mean,length_shift,dev,specified_f2,3.0028083516327524e-06,7.804065558761558e-09,nan,nan,nan,nan,nan,nan,0.0,0.0,0.0,0.0,nan,nan
B_conditional_f2,l0_mean,length_shift,iid,specified_f2,2.9982435557288207e-06,1.3525205123998304e-08,nan,nan,nan,nan,nan,nan,0.0,0.0,0.0,0.0,nan,nan
B_conditional_f2,l0_mean,length_shift,joint,specified_f2,3.2939259468277102e-06,4.3130056481150145e-08,nan,nan,nan,nan,nan,nan,0.0,0.0,0.0,0.0,nan,nan
B_conditional_f2,l0_mean,length_shift,template,specified_f2,3.580550762582171e-06,3.029311220441373e-08,nan,nan,nan,nan,nan,nan,0.0,0.0,0.0,0.0,nan,nan
B_conditional_f2,l0_mean,length_shift,topic,specified_f2,2.9966327769007756e-06,5.411499000619333e-09,nan,nan,nan,nan,nan,nan,0.0,0.0,0.0,0.0,nan,nan
B_conditional_f2,l0_mean,length_shift,train,specified_f2,2.9707049134423394e-06,6.800992550425434e-09,nan,nan,nan,nan,nan,nan,0.0,0.0,0.0,0.0,nan,nan
B_conditional_f2,l0_mean,source_token_ridge,dev,specified_f2,1.0165315087342533e-07,1.1930520230659238e-08,nan,nan,nan,nan,nan,nan,0.0,0.0,0.0,0.0,nan,nan
B_conditional_f2,l0_mean,source_token_ridge,iid,specified_f2,1.0171323540415178e-07,1.2047362463329906e-08,nan,nan,nan,nan,nan,nan,0.0,0.0,0.0,0.0,nan,nan
B_conditional_f2,l0_mean,source_token_ridge,joint,specified_f2,1.0545209133721293e-06,6.520488627987145e-09,nan,nan,nan,nan,nan,nan,0.0,0.0,0.0,0.0,nan,nan
B_conditional_f2,l0_mean,source_token_ridge,template,specified_f2,1.20093235756764e-06,7.586137812465635e-09,nan,nan,nan,nan,nan,nan,0.0,0.0,0.0,0.0,nan,nan
B_conditional_f2,l0_mean,source_token_ridge,topic,specified_f2,6.770308208623125e-07,3.153942512767366e-09,nan,nan,nan,nan,nan,nan,0.0,0.0,0.0,0.0,nan,nan
B_conditional_f2,l0_mean,source_token_ridge,train,specified_f2,9.502350607120183e-08,1.0888246946660026e-08,nan,nan,nan,nan,nan,nan,0.0,0.0,0.0,0.0,nan,nan
B_conditional_f2,l0_mean,shuffled,dev,specified_f2,8.861271048476669e-07,2.630179287369931e-08,nan,nan,nan,nan,nan,nan,0.0,0.0,0.0,0.0,nan,nan
B_conditional_f2,l0_mean,shuffled,iid,specified_f2,8.673466163461965e-07,1.694467269484803e-08,nan,nan,nan,nan,nan,nan,0.0,0.0,0.0,0.0,nan,nan
B_conditional_f2,l0_mean,shuffled,joint,specified_f2,1.387200120006498e-06,2.125449709225754e-08,nan,nan,nan,nan,nan,nan,0.0,0.0,0.0,0.0,nan,nan
B_conditional_f2,l0_mean,shuffled,template,specified_f2,1.5569443868625787e-06,1.163108569789397e-08,nan,nan,nan,nan,nan,nan,0.0,0.0,0.0,0.0,nan,nan
B_conditional_f2,l0_mean,shuffled,topic,specified_f2,1.119751926392183e-06,2.134493891335954e-08,nan,nan,nan,nan,nan,nan,0.0,0.0,0.0,0.0,nan,nan
B_conditional_f2,l0_mean,shuffled,train,specified_f2,8.700920509203316e-07,1.8707274013899557e-08,nan,nan,nan,nan,nan,nan,0.0,0.0,0.0,0.0,nan,nan
B_conditional_f2,l0_mean,random_subspace,dev,specified_f2,3.045323309940472e-06,4.712784335951844e-09,nan,nan,nan,nan,nan,nan,0.0,0.0,0.0,0.0,nan,nan
B_conditional_f2,l0_mean,random_subspace,iid,specified_f2,3.041866115865057e-06,4.200432068147552e-09,nan,nan,nan,nan,nan,nan,0.0,0.0,0.0,0.0,nan,nan
B_conditional_f2,l0_mean,random_subspace,joint,specified_f2,3.1550040162049397e-06,5.61681772528416e-09,nan,nan,nan,nan,nan,nan,0.0,0.0,0.0,0.0,nan,nan
B_conditional_f2,l0_mean,random_subspace,template,specified_f2,3.5332039169714504e-06,1.277202403976621e-08,nan,nan,nan,nan,nan,nan,0.0,0.0,0.0,0.0,nan,nan
B_conditional_f2,l0_mean,random_subspace,topic,specified_f2,3.00202555790381e-06,2.7456029026177464e-09,nan,nan,nan,nan,nan,nan,0.0,0.0,0.0,0.0,nan,nan
B_conditional_f2,l0_mean,random_subspace,train,specified_f2,3.038718436101484e-06,4.8618564890068744e-09,nan,nan,nan,nan,nan,nan,0.0,0.0,0.0,0.0,nan,nan
A_negation,l0_mean,identity,dev,specified_edit,4.1310781177746805e-06,0.0,nan,nan,nan,nan,nan,nan,0.0,0.0,0.0,0.0,nan,nan
A_negation,l0_mean,identity,iid,specified_edit,4.131078125237126e-06,0.0,nan,nan,nan,nan,nan,nan,0.0,0.0,0.0,0.0,nan,nan
A_negation,l0_mean,identity,joint,specified_edit,4.180135907561129e-06,0.0,nan,nan,nan,nan,nan,nan,0.0,0.0,0.0,0.0,nan,nan
A_negation,l0_mean,identity,template,specified_edit,4.6114267363047125e-06,0.0,nan,nan,nan,nan,nan,nan,0.0,0.0,0.0,0.0,nan,nan
A_negation,l0_mean,identity,topic,specified_edit,4.103831519488547e-06,0.0,nan,nan,nan,nan,nan,nan,0.0,0.0,0.0,0.0,nan,nan
A_negation,l0_mean,identity,train,specified_edit,4.131078124982905e-06,0.0,nan,nan,nan,nan,nan,nan,0.0,0.0,0.0,0.0,nan,nan
A_negation,l0_mean,shift,dev,specified_edit,2.0021509723087487e-08,5.5877983102497576e-11,nan,nan,nan,nan,nan,nan,0.0,0.0,0.0,0.0,nan,nan
A_negation,l0_mean,shift,iid,specified_edit,2.0021510076109164e-08,5.587796132921227e-11,nan,nan,nan,nan,nan,nan,0.0,0.0,0.0,0.0,nan,nan
A_negation,l0_mean,shift,joint,specified_edit,2.146062933990845e-08,1.4176443983578688e-10,nan,nan,nan,nan,nan,nan,0.0,0.0,0.0,0.0,nan,nan
A_negation,l0_mean,shift,template,specified_edit,2.752119735918652e-08,1.7669411588494444e-09,nan,nan,nan,nan,nan,nan,0.0,0.0,0.0,0.0,nan,nan
A_negation,l0_mean,shift,topic,specified_edit,1.5916689153921166e-08,1.3748140484775141e-10,nan,nan,nan,nan,nan,nan,0.0,0.0,0.0,0.0,nan,nan
A_negation,l0_mean,shift,train,specified_edit,2.002150988537683e-08,5.587796152368266e-11,nan,nan,nan,nan,nan,nan,0.0,0.0,0.0,0.0,nan,nan
A_negation,l0_mean,rank1,dev,specified_edit,7.252026847674044e-10,8.805833065215157e-11,nan,nan,nan,nan,nan,nan,0.0,0.0,0.0,0.0,nan,nan
A_negation,l0_mean,rank1,iid,specified_edit,7.251960017336932e-10,8.777236498037899e-11,nan,nan,nan,nan,nan,nan,0.0,0.0,0.0,0.0,nan,nan
A_negation,l0_mean,rank1,joint,specified_edit,4.813310874130257e-09,3.565753179600213e-10,nan,nan,nan,nan,nan,nan,0.0,0.0,0.0,0.0,nan,nan
A_negation,l0_mean,rank1,template,specified_edit,6.37313842749441e-09,2.0825833565984525e-10,nan,nan,nan,nan,nan,nan,0.0,0.0,0.0,0.0,nan,nan
A_negation,l0_mean,rank1,topic,specified_edit,3.687645645338909e-09,1.8770156209424874e-10,nan,nan,nan,nan,nan,nan,0.0,0.0,0.0,0.0,nan,nan
A_negation,l0_mean,rank1,train,specified_edit,7.268456965878135e-10,8.810195024293859e-11,nan,nan,nan,nan,nan,nan,0.0,0.0,0.0,0.0,nan,nan
A_negation,l0_mean,lowrank,dev,specified_edit,7.252026847674044e-10,8.805833065215157e-11,nan,nan,nan,nan,nan,nan,0.0,0.0,0.0,0.0,nan,nan
A_negation,l0_mean,lowrank,iid,specified_edit,7.251960017336932e-10,8.777236498037899e-11,nan,nan,nan,nan,nan,nan,0.0,0.0,0.0,0.0,nan,nan
A_negation,l0_mean,lowrank,joint,specified_edit,4.813310874130257e-09,3.565753179600213e-10,nan,nan,nan,nan,nan,nan,0.0,0.0,0.0,0.0,nan,nan
A_negation,l0_mean,lowrank,template,specified_edit,6.37313842749441e-09,2.0825833565984525e-10,nan,nan,nan,nan,nan,nan,0.0,0.0,0.0,0.0,nan,nan
A_negation,l0_mean,lowrank,topic,specified_edit,3.687645645338909e-09,1.8770156209424874e-10,nan,nan,nan,nan,nan,nan,0.0,0.0,0.0,0.0,nan,nan
A_negation,l0_mean,lowrank,train,specified_edit,7.268456965878135e-10,8.810195024293859e-11,nan,nan,nan,nan,nan,nan,0.0,0.0,0.0,0.0,nan,nan
A_negation,l0_mean,full_delta,dev,specified_edit,7.252026848109668e-10,8.805833065460828e-11,nan,nan,nan,nan,nan,nan,0.0,0.0,0.0,0.0,nan,nan
A_negation,l0_mean,full_delta,iid,specified_edit,7.251960017739727e-10,8.777236498413236e-11,nan,nan,nan,nan,nan,nan,0.0,0.0,0.0,0.0,nan,nan
A_negation,l0_mean,full_delta,joint,specified_edit,4.813310874141997e-09,3.5657531796022303e-10,nan,nan,nan,nan,nan,nan,0.0,0.0,0.0,0.0,nan,nan
A_negation,l0_mean,full_delta,template,specified_edit,6.373138427506264e-09,2.0825833565846083e-10,nan,nan,nan,nan,nan,nan,0.0,0.0,0.0,0.0,nan,nan
A_negation,l0_mean,full_delta,topic,specified_edit,3.687645645353837e-09,1.877015620932276e-10,nan,nan,nan,nan,nan,nan,0.0,0.0,0.0,0.0,nan,nan
A_negation,l0_mean,full_delta,train,specified_edit,7.268456965836523e-10,8.810195024326416e-11,nan,nan,nan,nan,nan,nan,0.0,0.0,0.0,0.0,nan,nan
A_negation,l0_mean,full_affine,dev,specified_edit,5.974328991167449e-07,9.262208980499726e-08,nan,nan,nan,nan,nan,nan,0.0,0.0,0.0,0.0,nan,nan
A_negation,l0_mean,full_affine,iid,specified_edit,5.973327775576002e-07,9.245834018577466e-08,nan,nan,nan,nan,nan,nan,0.0,0.0,0.0,0.0,nan,nan
A_negation,l0_mean,full_affine,joint,specified_edit,7.815746102665533e-06,2.6820911229369693e-08,nan,nan,nan,nan,nan,nan,0.0,0.0,0.0,0.0,nan,nan
A_negation,l0_mean,full_affine,template,specified_edit,7.533196779684166e-06,5.378878297717903e-08,nan,nan,nan,nan,nan,nan,0.0,0.0,0.0,0.0,nan,nan
A_negation,l0_mean,full_affine,topic,specified_edit,4.862076814087025e-06,1.689841477356552e-08,nan,nan,nan,nan,nan,nan,0.0,0.0,0.0,0.0,nan,nan
A_negation,l0_mean,full_affine,train,specified_edit,5.963992198888621e-07,9.232960621537421e-08,nan,nan,nan,nan,nan,nan,0.0,0.0,0.0,0.0,nan,nan
A_negation,l0_mean,length_shift,dev,specified_edit,2.653824857437043e-13,2.2884778321939784e-14,nan,nan,nan,nan,nan,nan,0.0,0.0,0.0,0.0,nan,nan
A_negation,l0_mean,length_shift,iid,specified_edit,2.653826830507632e-13,2.2884742556777655e-14,nan,nan,nan,nan,nan,nan,0.0,0.0,0.0,0.0,nan,nan
A_negation,l0_mean,length_shift,joint,specified_edit,5.451519559772913e-13,1.0365538191243685e-13,nan,nan,nan,nan,nan,nan,0.0,0.0,0.0,0.0,nan,nan
A_negation,l0_mean,length_shift,template,specified_edit,2.9386806576333907e-13,2.4472665138349582e-14,nan,nan,nan,nan,nan,nan,0.0,0.0,0.0,0.0,nan,nan
A_negation,l0_mean,length_shift,topic,specified_edit,2.6073155213218533e-13,2.9003980746784894e-14,nan,nan,nan,nan,nan,nan,0.0,0.0,0.0,0.0,nan,nan
A_negation,l0_mean,length_shift,train,specified_edit,2.653820623746317e-13,2.2884757011643907e-14,nan,nan,nan,nan,nan,nan,0.0,0.0,0.0,0.0,nan,nan
A_negation,l0_mean,source_token_ridge,dev,specified_edit,6.245199544898509e-10,1.4333823713623665e-10,nan,nan,nan,nan,nan,nan,0.0,0.0,0.0,0.0,nan,nan
A_negation,l0_mean,source_token_ridge,iid,specified_edit,6.250317417674196e-10,1.4343094023199435e-10,nan,nan,nan,nan,nan,nan,0.0,0.0,0.0,0.0,nan,nan
A_negation,l0_mean,source_token_ridge,joint,specified_edit,7.717631069866937e-09,3.50824730063819e-10,nan,nan,nan,nan,nan,nan,0.0,0.0,0.0,0.0,nan,nan
A_negation,l0_mean,source_token_ridge,template,specified_edit,7.3795478853822706e-09,6.080742143783054e-10,nan,nan,nan,nan,nan,nan,0.0,0.0,0.0,0.0,nan,nan
A_negation,l0_mean,source_token_ridge,topic,specified_edit,3.796115732158398e-09,6.666885335852083e-11,nan,nan,nan,nan,nan,nan,0.0,0.0,0.0,0.0,nan,nan
A_negation,l0_mean,source_token_ridge,train,specified_edit,6.253150484749259e-10,1.4359784576292715e-10,nan,nan,nan,nan,nan,nan,0.0,0.0,0.0,0.0,nan,nan
A_negation,l0_mean,shuffled,dev,specified_edit,3.614896574022936e-07,3.391605504286187e-08,nan,nan,nan,nan,nan,nan,0.0,0.0,0.0,0.0,nan,nan
A_negation,l0_mean,shuffled,iid,specified_edit,3.30575029345831e-07,3.186247034702544e-08,nan,nan,nan,nan,nan,nan,0.0,0.0,0.0,0.0,nan,nan
A_negation,l0_mean,shuffled,joint,specified_edit,2.793809757977718e-07,3.6686822994113706e-08,nan,nan,nan,nan,nan,nan,0.0,0.0,0.0,0.0,nan,nan
A_negation,l0_mean,shuffled,template,specified_edit,3.0925443312382476e-07,4.78391037178747e-08,nan,nan,nan,nan,nan,nan,0.0,0.0,0.0,0.0,nan,nan
A_negation,l0_mean,shuffled,topic,specified_edit,3.3458341136292186e-07,2.3644051299414093e-08,nan,nan,nan,nan,nan,nan,0.0,0.0,0.0,0.0,nan,nan
A_negation,l0_mean,shuffled,train,specified_edit,3.8654459472415457e-07,2.4925004750114678e-08,nan,nan,nan,nan,nan,nan,0.0,0.0,0.0,0.0,nan,nan
A_negation,l0_mean,random_subspace,dev,specified_edit,2.0021123549210688e-08,5.555242158034776e-11,nan,nan,nan,nan,nan,nan,0.0,0.0,0.0,0.0,nan,nan
A_negation,l0_mean,random_subspace,iid,specified_edit,2.002112388690246e-08,5.5552352064314144e-11,nan,nan,nan,nan,nan,nan,0.0,0.0,0.0,0.0,nan,nan
A_negation,l0_mean,random_subspace,joint,specified_edit,2.1460295701867626e-08,1.419177319792882e-10,nan,nan,nan,nan,nan,nan,0.0,0.0,0.0,0.0,nan,nan
A_negation,l0_mean,random_subspace,template,specified_edit,2.7520789736798337e-08,1.7671431027287887e-09,nan,nan,nan,nan,nan,nan,0.0,0.0,0.0,0.0,nan,nan
A_negation,l0_mean,random_subspace,topic,specified_edit,1.5916445812792892e-08,1.3730463442799238e-10,nan,nan,nan,nan,nan,nan,0.0,0.0,0.0,0.0,nan,nan
A_negation,l0_mean,random_subspace,train,specified_edit,2.002112374459041e-08,5.5552428146734717e-11,nan,nan,nan,nan,nan,nan,0.0,0.0,0.0,0.0,nan,nan
A_time,l0_mean,identity,dev,specified_edit,1.74073519017296e-06,0.0,nan,nan,nan,nan,nan,nan,0.0,0.0,0.0,0.0,nan,nan
A_time,l0_mean,identity,iid,specified_edit,1.7407351935374536e-06,0.0,nan,nan,nan,nan,nan,nan,0.0,0.0,0.0,0.0,nan,nan
A_time,l0_mean,identity,joint,specified_edit,1.76140694038011e-06,0.0,nan,nan,nan,nan,nan,nan,0.0,0.0,0.0,0.0,nan,nan
A_time,l0_mean,identity,template,specified_edit,1.943142338867066e-06,0.0,nan,nan,nan,nan,nan,nan,0.0,0.0,0.0,0.0,nan,nan
A_time,l0_mean,identity,topic,specified_edit,1.7292541395943991e-06,0.0,nan,nan,nan,nan,nan,nan,0.0,0.0,0.0,0.0,nan,nan
A_time,l0_mean,identity,train,specified_edit,1.7407351930137435e-06,0.0,nan,nan,nan,nan,nan,nan,0.0,0.0,0.0,0.0,nan,nan
A_time,l0_mean,shift,dev,specified_edit,8.436574219299073e-09,2.354561667482947e-11,nan,nan,nan,nan,nan,nan,0.0,0.0,0.0,0.0,nan,nan
A_time,l0_mean,shift,iid,specified_edit,8.436574250049927e-09,2.3545606465045023e-11,nan,nan,nan,nan,nan,nan,0.0,0.0,0.0,0.0,nan,nan
A_time,l0_mean,shift,joint,specified_edit,9.04298378984749e-09,5.973606051521722e-11,nan,nan,nan,nan,nan,nan,0.0,0.0,0.0,0.0,nan,nan
A_time,l0_mean,shift,template,specified_edit,1.159675879400825e-08,7.445457727503198e-10,nan,nan,nan,nan,nan,nan,0.0,0.0,0.0,0.0,nan,nan
A_time,l0_mean,shift,topic,specified_edit,6.706903159824759e-09,5.793130540766148e-11,nan,nan,nan,nan,nan,nan,0.0,0.0,0.0,0.0,nan,nan
A_time,l0_mean,shift,train,specified_edit,8.436574133504952e-09,2.3545607712040373e-11,nan,nan,nan,nan,nan,nan,0.0,0.0,0.0,0.0,nan,nan
A_time,l0_mean,rank1,dev,specified_edit,3.0558267681686206e-10,3.710563104357984e-11,nan,nan,nan,nan,nan,nan,0.0,0.0,0.0,0.0,nan,nan
A_time,l0_mean,rank1,iid,specified_edit,3.0557983435605864e-10,3.698512741062568e-11,nan,nan,nan,nan,nan,nan,0.0,0.0,0.0,0.0,nan,nan
A_time,l0_mean,rank1,joint,specified_edit,2.0282113166371146e-09,1.502521369360975e-10,nan,nan,nan,nan,nan,nan,0.0,0.0,0.0,0.0,nan,nan
A_time,l0_mean,rank1,template,specified_edit,2.685484552822767e-09,8.775498717847846e-11,nan,nan,nan,nan,nan,nan,0.0,0.0,0.0,0.0,nan,nan
A_time,l0_mean,rank1,topic,specified_edit,1.5538835601631026e-09,7.909284307733128e-11,nan,nan,nan,nan,nan,nan,0.0,0.0,0.0,0.0,nan,nan
A_time,l0_mean,rank1,train,specified_edit,3.062749789148861e-10,3.7123992091811155e-11,nan,nan,nan,nan,nan,nan,0.0,0.0,0.0,0.0,nan,nan
A_time,l0_mean,lowrank,dev,specified_edit,3.0558267681686206e-10,3.710563104357984e-11,nan,nan,nan,nan,nan,nan,0.0,0.0,0.0,0.0,nan,nan
A_time,l0_mean,lowrank,iid,specified_edit,3.0557983435605864e-10,3.698512741062568e-11,nan,nan,nan,nan,nan,nan,0.0,0.0,0.0,0.0,nan,nan
A_time,l0_mean,lowrank,joint,specified_edit,2.0282113166371146e-09,1.502521369360975e-10,nan,nan,nan,nan,nan,nan,0.0,0.0,0.0,0.0,nan,nan
A_time,l0_mean,lowrank,template,specified_edit,2.685484552822767e-09,8.775498717847846e-11,nan,nan,nan,nan,nan,nan,0.0,0.0,0.0,0.0,nan,nan
A_time,l0_mean,lowrank,topic,specified_edit,1.5538835601631026e-09,7.909284307733128e-11,nan,nan,nan,nan,nan,nan,0.0,0.0,0.0,0.0,nan,nan
A_time,l0_mean,lowrank,train,specified_edit,3.062749789148861e-10,3.7123992091811155e-11,nan,nan,nan,nan,nan,nan,0.0,0.0,0.0,0.0,nan,nan
A_time,l0_mean,full_delta,dev,specified_edit,3.055826768550517e-10,3.710563104360074e-11,nan,nan,nan,nan,nan,nan,0.0,0.0,0.0,0.0,nan,nan
A_time,l0_mean,full_delta,iid,specified_edit,3.0557983439211963e-10,3.6985127410237e-11,nan,nan,nan,nan,nan,nan,0.0,0.0,0.0,0.0,nan,nan
A_time,l0_mean,full_delta,joint,specified_edit,2.0282113166462447e-09,1.5025213693572485e-10,nan,nan,nan,nan,nan,nan,0.0,0.0,0.0,0.0,nan,nan
A_time,l0_mean,full_delta,template,specified_edit,2.685484552833588e-09,8.775498717817589e-11,nan,nan,nan,nan,nan,nan,0.0,0.0,0.0,0.0,nan,nan
A_time,l0_mean,full_delta,topic,specified_edit,1.5538835601746023e-09,7.909284307836206e-11,nan,nan,nan,nan,nan,nan,0.0,0.0,0.0,0.0,nan,nan
A_time,l0_mean,full_delta,train,specified_edit,3.062749789106498e-10,3.712399209183009e-11,nan,nan,nan,nan,nan,nan,0.0,0.0,0.0,0.0,nan,nan
A_time,l0_mean,full_affine,dev,specified_edit,5.969428785463109e-07,9.232284108931813e-08,nan,nan,nan,nan,nan,nan,0.0,0.0,0.0,0.0,nan,nan
A_time,l0_mean,full_affine,iid,specified_edit,5.968500047328067e-07,9.216408123799336e-08,nan,nan,nan,nan,nan,nan,0.0,0.0,0.0,0.0,nan,nan
A_time,l0_mean,full_affine,joint,specified_edit,7.82545760399838e-06,2.4928557038965874e-08,nan,nan,nan,nan,nan,nan,0.0,0.0,0.0,0.0,nan,nan
A_time,l0_mean,full_affine,template,specified_edit,7.537286283538762e-06,5.383138439068502e-08,nan,nan,nan,nan,nan,nan,0.0,0.0,0.0,0.0,nan,nan
A_time,l0_mean,full_affine,topic,specified_edit,4.8607902949384395e-06,1.6856137306214123e-08,nan,nan,nan,nan,nan,nan,0.0,0.0,0.0,0.0,nan,nan
A_time,l0_mean,full_affine,train,specified_edit,5.959083042332562e-07,9.202764441663566e-08,nan,nan,nan,nan,nan,nan,0.0,0.0,0.0,0.0,nan,nan
A_time,l0_mean,length_shift,dev,specified_edit,1.1182516015547576e-13,9.642763924318518e-15,nan,nan,nan,nan,nan,nan,0.0,0.0,0.0,0.0,nan,nan
A_time,l0_mean,length_shift,iid,specified_edit,1.1182499382713618e-13,9.642737645561682e-15,nan,nan,nan,nan,nan,nan,0.0,0.0,0.0,0.0,nan,nan
A_time,l0_mean,length_shift,joint,specified_edit,2.297140514388387e-13,4.3677825645911544e-14,nan,nan,nan,nan,nan,nan,0.0,0.0,0.0,0.0,nan,nan
A_time,l0_mean,length_shift,template,specified_edit,1.2382767784496724e-13,1.0312302932790964e-14,nan,nan,nan,nan,nan,nan,0.0,0.0,0.0,0.0,nan,nan
A_time,l0_mean,length_shift,topic,specified_edit,1.0986549603251511e-13,1.2221277519057181e-14,nan,nan,nan,nan,nan,nan,0.0,0.0,0.0,0.0,nan,nan
A_time,l0_mean,length_shift,train,specified_edit,1.1182570151820871e-13,9.642772052757667e-15,nan,nan,nan,nan,nan,nan,0.0,0.0,0.0,0.0,nan,nan
A_time,l0_mean,source_token_ridge,dev,specified_edit,2.631574345270237e-10,6.039922823647057e-11,nan,nan,nan,nan,nan,nan,0.0,0.0,0.0,0.0,nan,nan
A_time,l0_mean,source_token_ridge,iid,specified_edit,2.6337308128373397e-10,6.043829289664083e-11,nan,nan,nan,nan,nan,nan,0.0,0.0,0.0,0.0,nan,nan
A_time,l0_mean,source_token_ridge,joint,specified_edit,3.252020814795953e-09,1.4782893078721263e-10,nan,nan,nan,nan,nan,nan,0.0,0.0,0.0,0.0,nan,nan
A_time,l0_mean,source_token_ridge,template,specified_edit,3.1095607775568728e-09,2.5622761129472823e-10,nan,nan,nan,nan,nan,nan,0.0,0.0,0.0,0.0,nan,nan
A_time,l0_mean,source_token_ridge,topic,specified_edit,1.599590246609877e-09,2.8092601622983533e-11,nan,nan,nan,nan,nan,nan,0.0,0.0,0.0,0.0,nan,nan
A_time,l0_mean,source_token_ridge,train,specified_edit,2.6349245298272746e-10,6.050860881273758e-11,nan,nan,nan,nan,nan,nan,0.0,0.0,0.0,0.0,nan,nan
A_time,l0_mean,shuffled,dev,specified_edit,3.508977124968177e-07,3.3206761916030253e-08,nan,nan,nan,nan,nan,nan,0.0,0.0,0.0,0.0,nan,nan
A_time,l0_mean,shuffled,iid,specified_edit,3.1953956406887883e-07,3.1386082319044065e-08,nan,nan,nan,nan,nan,nan,0.0,0.0,0.0,0.0,nan,nan
A_time,l0_mean,shuffled,joint,specified_edit,2.6718775440759803e-07,3.64160109798086e-08,nan,nan,nan,nan,nan,nan,0.0,0.0,0.0,0.0,nan,nan
A_time,l0_mean,shuffled,template,specified_edit,2.933761006820507e-07,4.682480232711486e-08,nan,nan,nan,nan,nan,nan,0.0,0.0,0.0,0.0,nan,nan
A_time,l0_mean,shuffled,topic,specified_edit,3.2565522638783893e-07,2.3375974197706535e-08,nan,nan,nan,nan,nan,nan,0.0,0.0,0.0,0.0,nan,nan
A_time,l0_mean,shuffled,train,specified_edit,3.754698338492568e-07,2.4604755908219073e-08,nan,nan,nan,nan,nan,nan,0.0,0.0,0.0,0.0,nan,nan
A_time,l0_mean,random_subspace,dev,specified_edit,8.434410309659985e-09,2.313168231034967e-11,nan,nan,nan,nan,nan,nan,0.0,0.0,0.0,0.0,nan,nan
A_time,l0_mean,random_subspace,iid,specified_edit,8.434410384629043e-09,2.3131457663168397e-11,nan,nan,nan,nan,nan,nan,0.0,0.0,0.0,0.0,nan,nan
A_time,l0_mean,random_subspace,joint,specified_edit,9.0411314999652e-09,5.869118115543853e-11,nan,nan,nan,nan,nan,nan,0.0,0.0,0.0,0.0,nan,nan
A_time,l0_mean,random_subspace,template,specified_edit,1.1594356969248149e-08,7.433298865024778e-10,nan,nan,nan,nan,nan,nan,0.0,0.0,0.0,0.0,nan,nan
A_time,l0_mean,random_subspace,topic,specified_edit,6.705538730077367e-09,5.816274312824996e-11,nan,nan,nan,nan,nan,nan,0.0,0.0,0.0,0.0,nan,nan
A_time,l0_mean,random_subspace,train,specified_edit,8.43441040355796e-09,2.3131701528050446e-11,nan,nan,nan,nan,nan,nan,0.0,0.0,0.0,0.0,nan,nan
A_emphasis,l0_mean,identity,dev,specified_edit,1.859743227001518e-06,0.0,nan,nan,nan,nan,nan,nan,0.0,0.0,0.0,0.0,nan,nan
A_emphasis,l0_mean,identity,iid,specified_edit,1.859737869605406e-06,0.0,nan,nan,nan,nan,nan,nan,0.0,0.0,0.0,0.0,nan,nan
A_emphasis,l0_mean,identity,joint,specified_edit,1.87745372244432e-06,2.5934981451235165e-22,nan,nan,nan,nan,nan,nan,0.0,0.0,0.0,0.0,nan,nan
A_emphasis,l0_mean,identity,template,specified_edit,2.0627021940441045e-06,0.0,nan,nan,nan,nan,nan,nan,0.0,0.0,0.0,0.0,nan,nan
A_emphasis,l0_mean,identity,topic,specified_edit,1.8467936675366407e-06,0.0,nan,nan,nan,nan,nan,nan,0.0,0.0,0.0,0.0,nan,nan
A_emphasis,l0_mean,identity,train,specified_edit,1.8593460943436689e-06,0.0,nan,nan,nan,nan,nan,nan,0.0,0.0,0.0,0.0,nan,nan
A_emphasis,l0_mean,shift,dev,specified_edit,7.908822520819201e-08,1.4370742266501517e-10,nan,nan,nan,nan,nan,nan,0.0,0.0,0.0,0.0,nan,nan
A_emphasis,l0_mean,shift,iid,specified_edit,7.89372643924022e-08,1.1449040771390016e-10,nan,nan,nan,nan,nan,nan,0.0,0.0,0.0,0.0,nan,nan
A_emphasis,l0_mean,shift,joint,specified_edit,8.668926248830576e-08,2.92448300407041e-10,nan,nan,nan,nan,nan,nan,0.0,0.0,0.0,0.0,nan,nan
A_emphasis,l0_mean,shift,template,specified_edit,9.724218932968591e-08,1.0634154138671486e-09,nan,nan,nan,nan,nan,nan,0.0,0.0,0.0,0.0,nan,nan
A_emphasis,l0_mean,shift,topic,specified_edit,7.721241287315964e-08,9.56391599694216e-11,nan,nan,nan,nan,nan,nan,0.0,0.0,0.0,0.0,nan,nan
A_emphasis,l0_mean,shift,train,specified_edit,7.879309465083356e-08,1.4519935667899895e-10,nan,nan,nan,nan,nan,nan,0.0,0.0,0.0,0.0,nan,nan
A_emphasis,l0_mean,rank1,dev,specified_edit,6.799612245338532e-08,4.1558523660643374e-10,nan,nan,nan,nan,nan,nan,0.0,0.0,0.0,0.0,nan,nan
A_emphasis,l0_mean,rank1,iid,specified_edit,6.804331467479449e-08,2.717035490287138e-10,nan,nan,nan,nan,nan,nan,0.0,0.0,0.0,0.0,nan,nan
A_emphasis,l0_mean,rank1,joint,specified_edit,8.038343669746664e-08,1.0285619384000726e-10,nan,nan,nan,nan,nan,nan,0.0,0.0,0.0,0.0,nan,nan
A_emphasis,l0_mean,rank1,template,specified_edit,9.006128493901028e-08,3.8075288443611985e-10,nan,nan,nan,nan,nan,nan,0.0,0.0,0.0,0.0,nan,nan
A_emphasis,l0_mean,rank1,topic,specified_edit,6.998286938335274e-08,1.8092279450932336e-10,nan,nan,nan,nan,nan,nan,0.0,0.0,0.0,0.0,nan,nan
A_emphasis,l0_mean,rank1,train,specified_edit,6.79862376595947e-08,1.177758152292276e-10,nan,nan,nan,nan,nan,nan,0.0,0.0,0.0,0.0,nan,nan
A_emphasis,l0_mean,lowrank,dev,specified_edit,1.2008697185454297e-08,4.145501051379368e-10,nan,nan,nan,nan,nan,nan,0.0,0.0,0.0,0.0,nan,nan
A_emphasis,l0_mean,lowrank,iid,specified_edit,1.2002744617630645e-08,4.2178539289433307e-10,nan,nan,nan,nan,nan,nan,0.0,0.0,0.0,0.0,nan,nan
A_emphasis,l0_mean,lowrank,joint,specified_edit,5.728524798094692e-08,4.036504658640774e-10,nan,nan,nan,nan,nan,nan,0.0,0.0,0.0,0.0,nan,nan
A_emphasis,l0_mean,lowrank,template,specified_edit,6.165415268794858e-08,3.5073753058570977e-10,nan,nan,nan,nan,nan,nan,0.0,0.0,0.0,0.0,nan,nan
A_emphasis,l0_mean,lowrank,topic,specified_edit,3.568075169079931e-08,3.3979638828540865e-10,nan,nan,nan,nan,nan,nan,0.0,0.0,0.0,0.0,nan,nan
A_emphasis,l0_mean,lowrank,train,specified_edit,1.0230997360077757e-08,2.864235585395221e-10,nan,nan,nan,nan,nan,nan,0.0,0.0,0.0,0.0,nan,nan
A_emphasis,l0_mean,full_delta,dev,specified_edit,4.267893114279804e-09,5.50583705744034e-10,nan,nan,nan,nan,nan,nan,0.0,0.0,0.0,0.0,nan,nan
A_emphasis,l0_mean,full_delta,iid,specified_edit,4.275668731557919e-09,5.488573236856433e-10,nan,nan,nan,nan,nan,nan,0.0,0.0,0.0,0.0,nan,nan
A_emphasis,l0_mean,full_delta,joint,specified_edit,5.5431629840727674e-08,1.2571070150441632e-10,nan,nan,nan,nan,nan,nan,0.0,0.0,0.0,0.0,nan,nan
A_emphasis,l0_mean,full_delta,template,specified_edit,5.915317793609449e-08,3.362907187630804e-10,nan,nan,nan,nan,nan,nan,0.0,0.0,0.0,0.0,nan,nan
A_emphasis,l0_mean,full_delta,topic,specified_edit,3.378400701018214e-08,1.7018413330695078e-10,nan,nan,nan,nan,nan,nan,0.0,0.0,0.0,0.0,nan,nan
A_emphasis,l0_mean,full_delta,train,specified_edit,4.1681664059400284e-09,5.39082027883532e-10,nan,nan,nan,nan,nan,nan,0.0,0.0,0.0,0.0,nan,nan
A_emphasis,l0_mean,full_affine,dev,specified_edit,5.057154934506109e-07,7.952499136217646e-08,nan,nan,nan,nan,nan,nan,0.0,0.0,0.0,0.0,nan,nan
A_emphasis,l0_mean,full_affine,iid,specified_edit,5.056541806547385e-07,7.939774028209733e-08,nan,nan,nan,nan,nan,nan,0.0,0.0,0.0,0.0,nan,nan
A_emphasis,l0_mean,full_affine,joint,specified_edit,6.584612463117705e-06,2.1012939146970154e-08,nan,nan,nan,nan,nan,nan,0.0,0.0,0.0,0.0,nan,nan
A_emphasis,l0_mean,full_affine,template,specified_edit,6.286182677302139e-06,4.5134295746260905e-08,nan,nan,nan,nan,nan,nan,0.0,0.0,0.0,0.0,nan,nan
A_emphasis,l0_mean,full_affine,topic,specified_edit,4.101335878380614e-06,1.4332549729151986e-08,nan,nan,nan,nan,nan,nan,0.0,0.0,0.0,0.0,nan,nan
A_emphasis,l0_mean,full_affine,train,specified_edit,5.04788497966392e-07,7.930421284160903e-08,nan,nan,nan,nan,nan,nan,0.0,0.0,0.0,0.0,nan,nan
A_emphasis,l0_mean,length_shift,dev,specified_edit,6.859087345723802e-08,3.7113893551454014e-10,nan,nan,nan,nan,nan,nan,0.0,0.0,0.0,0.0,nan,nan
A_emphasis,l0_mean,length_shift,iid,specified_edit,6.83243548868979e-08,7.200226069620651e-10,nan,nan,nan,nan,nan,nan,0.0,0.0,0.0,0.0,nan,nan
A_emphasis,l0_mean,length_shift,joint,specified_edit,8.453990820598548e-08,2.633065615350986e-09,nan,nan,nan,nan,nan,nan,0.0,0.0,0.0,0.0,nan,nan
A_emphasis,l0_mean,length_shift,template,specified_edit,8.955129990367849e-08,1.4573470573237064e-09,nan,nan,nan,nan,nan,nan,0.0,0.0,0.0,0.0,nan,nan
A_emphasis,l0_mean,length_shift,topic,specified_edit,7.038752920574812e-08,2.585353406189725e-10,nan,nan,nan,nan,nan,nan,0.0,0.0,0.0,0.0,nan,nan
A_emphasis,l0_mean,length_shift,train,specified_edit,6.707516258212289e-08,4.149113099767352e-10,nan,nan,nan,nan,nan,nan,0.0,0.0,0.0,0.0,nan,nan
A_emphasis,l0_mean,source_token_ridge,dev,specified_edit,5.487553972073413e-09,6.538526766912777e-10,nan,nan,nan,nan,nan,nan,0.0,0.0,0.0,0.0,nan,nan
A_emphasis,l0_mean,source_token_ridge,iid,specified_edit,5.492775887194722e-09,6.540769248230879e-10,nan,nan,nan,nan,nan,nan,0.0,0.0,0.0,0.0,nan,nan
A_emphasis,l0_mean,source_token_ridge,joint,specified_edit,6.101277514335433e-08,2.7058791265393505e-10,nan,nan,nan,nan,nan,nan,0.0,0.0,0.0,0.0,nan,nan
A_emphasis,l0_mean,source_token_ridge,template,specified_edit,6.39752689368092e-08,3.1498288992376505e-10,nan,nan,nan,nan,nan,nan,0.0,0.0,0.0,0.0,nan,nan
A_emphasis,l0_mean,source_token_ridge,topic,specified_edit,3.8227501573009146e-08,1.7222956322215799e-10,nan,nan,nan,nan,nan,nan,0.0,0.0,0.0,0.0,nan,nan
A_emphasis,l0_mean,source_token_ridge,train,specified_edit,5.036696018635028e-09,5.840147817658447e-10,nan,nan,nan,nan,nan,nan,0.0,0.0,0.0,0.0,nan,nan
A_emphasis,l0_mean,shuffled,dev,specified_edit,3.232232948026246e-07,2.4789021889745836e-08,nan,nan,nan,nan,nan,nan,0.0,0.0,0.0,0.0,nan,nan
A_emphasis,l0_mean,shuffled,iid,specified_edit,3.000195624811818e-07,2.2604876987671432e-08,nan,nan,nan,nan,nan,nan,0.0,0.0,0.0,0.0,nan,nan
A_emphasis,l0_mean,shuffled,joint,specified_edit,2.702623347068272e-07,2.4488230055542906e-08,nan,nan,nan,nan,nan,nan,0.0,0.0,0.0,0.0,nan,nan
A_emphasis,l0_mean,shuffled,template,specified_edit,2.9426666246796306e-07,3.107726114712425e-08,nan,nan,nan,nan,nan,nan,0.0,0.0,0.0,0.0,nan,nan
A_emphasis,l0_mean,shuffled,topic,specified_edit,3.0524528115232627e-07,1.776960354018039e-08,nan,nan,nan,nan,nan,nan,0.0,0.0,0.0,0.0,nan,nan
A_emphasis,l0_mean,shuffled,train,specified_edit,3.4083533021184106e-07,1.924012059901867e-08,nan,nan,nan,nan,nan,nan,0.0,0.0,0.0,0.0,nan,nan
A_emphasis,l0_mean,random_subspace,dev,specified_edit,7.843827934864683e-08,1.6406966335819736e-10,nan,nan,nan,nan,nan,nan,0.0,0.0,0.0,0.0,nan,nan
A_emphasis,l0_mean,random_subspace,iid,specified_edit,7.829548682527678e-08,1.4071048097667714e-10,nan,nan,nan,nan,nan,nan,0.0,0.0,0.0,0.0,nan,nan
A_emphasis,l0_mean,random_subspace,joint,specified_edit,8.641177249853184e-08,3.7162575857874093e-10,nan,nan,nan,nan,nan,nan,0.0,0.0,0.0,0.0,nan,nan
A_emphasis,l0_mean,random_subspace,template,specified_edit,9.68810587616797e-08,1.0490166420245031e-09,nan,nan,nan,nan,nan,nan,0.0,0.0,0.0,0.0,nan,nan
A_emphasis,l0_mean,random_subspace,topic,specified_edit,7.682966843086619e-08,5.125127346392772e-11,nan,nan,nan,nan,nan,nan,0.0,0.0,0.0,0.0,nan,nan
A_emphasis,l0_mean,random_subspace,train,specified_edit,7.813544538359605e-08,1.8495445011861195e-10,nan,nan,nan,nan,nan,nan,0.0,0.0,0.0,0.0,nan,nan
B_shared,l14_mean,identity,dev,seen,27.444429111698412,0.0,0.0,0.0,0.3214285714285714,0.0,-0.00029688921101587534,0.0,34.0,0.0,3.0,0.0,0.08823529411764706,0.0
B_shared,l14_mean,identity,iid,seen,27.502022384133312,0.0,0.0,0.0,0.3214285714285714,0.0,-0.0002967040490910328,0.0,34.0,0.0,3.0,0.0,0.08823529411764706,0.0
B_shared,l14_mean,identity,joint,seen,27.518856537325732,0.0,0.0,0.0,0.1987847222222222,0.0,-0.00029403172179096396,0.0,44.0,0.0,3.0,0.0,0.06818181818181818,0.0
B_shared,l14_mean,identity,template,seen,31.83290370598407,4.351167857633658e-15,0.0,0.0,0.20230034722222223,0.0,-0.00028959184072773186,0.0,44.0,0.0,3.0,0.0,0.06818181818181815,0.0
B_shared,l14_mean,identity,topic,seen,26.82635934090203,0.0,0.0,0.0,0.22660733363858365,0.0,-0.00029580623423584575,0.0,64.0,0.0,3.0,0.0,0.046875,0.0
B_shared,l14_mean,identity,train,seen,27.43885151593011,0.0,0.0,0.0,0.23192345848595844,0.0,-0.0002963560726215869,0.0,64.0,0.0,3.0,0.0,0.046875,0.0
B_shared,l14_mean,identity,dev,unseen,27.971665426656866,0.0,0.0,0.0,0.3086728953916454,0.0,-0.0009102081082730633,0.0,28.0,0.0,2.0,0.0,0.07142857142857141,0.0
B_shared,l14_mean,identity,iid,unseen,28.02683422611847,0.0,0.0,0.0,0.3062384663947164,0.0,-0.0009097381651166579,0.0,28.0,0.0,2.0,0.0,0.07142857142857141,0.0
B_shared,l14_mean,identity,joint,unseen,27.97041357978581,4.351167857633658e-15,0.0,0.0,0.16527471062275545,0.0,-0.0009044779766450781,0.0,36.0,0.0,2.0,0.0,0.05555555555555556,8.498374721940739e-18
B_shared,l14_mean,identity,template,unseen,31.74244060146718,0.0,0.0,0.0,0.1808385540220873,3.3993498887762956e-17,-0.0008943641854503304,0.0,36.0,0.0,2.0,0.0,0.05555555555555557,0.0
B_shared,l14_mean,identity,topic,unseen,27.408414864251174,0.0,0.0,0.0,0.21495203479791716,0.0,-0.0009081021223692065,0.0,52.0,0.0,2.0,0.0,0.03846153846153846,0.0
B_shared,l14_mean,identity,train,unseen,27.97033719561544,0.0,0.0,0.0,0.21553379471093728,0.0,-0.0009098662806899544,0.0,52.0,0.0,2.0,0.0,0.03846153846153846,0.0
B_shared,l14_mean,identity,dev,all,27.655323637681793,0.0,0.0,0.0,0.3214285714285714,0.0,-0.00029685871727584576,0.0,46.0,0.0,5.0,0.0,0.10869565217391307,0.0
B_shared,l14_mean,identity,iid,all,27.711947120927377,0.0,0.0,0.0,0.3214285714285714,0.0,-0.0002966075983239456,0.0,46.0,0.0,5.0,0.0,0.10869565217391307,0.0
B_shared,l14_mean,identity,joint,all,27.699479354309762,4.351167857633658e-15,0.0,0.0,0.1987847222222222,0.0,-0.00029403172179096396,0.0,60.0,0.0,5.0,0.0,0.08333333333333333,0.0
B_shared,l14_mean,identity,template,all,31.796718464177314,0.0,0.0,0.0,0.20230034722222223,0.0,-0.00028959184072773186,0.0,60.0,0.0,5.0,0.0,0.08333333333333331,0.0
B_shared,l14_mean,identity,topic,all,27.059181550241686,0.0,0.0,0.0,0.22756219474969477,0.0,-0.00029571514913835466,0.0,88.0,0.0,5.0,0.0,0.0568181818181818,0.0
B_shared,l14_mean,identity,train,all,27.65144578780424,0.0,0.0,0.0,0.23192345848595844,0.0,-0.0002963268905584616,0.0,88.0,0.0,5.0,0.0,0.0568181818181818,0.0
B_shared,l14_mean,shift,dev,seen,14.36185171395804,0.001135116286120827,0.05555555555555556,0.026214702900245655,0.41550925925925924,0.011817464037420207,-0.0001416688756987526,6.45732695387434e-07,34.0,0.0,3.0,0.0,0.08823529411764706,0.0
B_shared,l14_mean,shift,iid,seen,14.40835496000498,0.001047849827468539,0.03125,0.0,0.4103009259259259,0.0020046884346861934,-0.00014213277630560552,6.781920129793783e-07,34.0,0.0,3.0,0.0,0.08823529411764706,0.0
B_shared,l14_mean,shift,joint,seen,14.317393142302267,0.00036968978937302325,0.0,0.0,0.29887152777777776,0.0035547908384450043,-0.00015175719930317355,2.398919974915436e-07,44.0,0.0,3.0,0.0,0.06818181818181818,0.0
B_shared,l14_mean,shift,template,seen,16.234487471586593,0.01598906110931324,0.0,0.0,0.29284474206349204,0.005950995389953474,-0.00015769478594650655,2.4638484502159035e-07,44.0,0.0,3.0,0.0,0.06818181818181815,0.0
B_shared,l14_mean,shift,topic,seen,14.03141800681563,0.003098313244092125,0.052083333333333336,0.005208333333333332,0.3272528108465608,0.004256423768078904,-0.0001413291425822693,6.906331436931077e-07,64.0,0.0,3.0,0.0,0.046875,0.0
B_shared,l14_mean,shift,train,seen,14.363363302595696,0.001185550989142392,0.03819444444444445,0.0030070326520292984,0.3360821759259259,0.0032262407094366986,-0.0001410397788910009,6.35435195118339e-07,64.0,0.0,3.0,0.0,0.046875,0.0
B_shared,l14_mean,shift,dev,unseen,14.192775698483146,0.00482445137014176,0.0,0.0,0.23843557098765433,0.0005477342154514308,-0.0006149090188822202,5.190385995784725e-06,28.0,0.0,2.0,0.0,0.07142857142857141,0.0
B_shared,l14_mean,shift,iid,unseen,14.235487221293555,0.00491753164628132,0.0,0.0,0.24116236772486777,0.0010023442173431128,-0.0006149819191583614,5.1348729234457e-06,28.0,0.0,2.0,0.0,0.07142857142857141,0.0
B_shared,l14_mean,shift,joint,unseen,14.142971318193082,0.005041441457912027,0.0,0.0,0.1656871187431849,0.000652295633289751,-0.0006257897458318111,5.000783200068493e-06,36.0,0.0,2.0,0.0,0.05555555555555556,8.498374721940739e-18
B_shared,l14_mean,shift,template,unseen,16.11163433037035,0.01730974430783532,0.0,0.0,0.17186599208083586,0.003339279663581312,-0.000639844297477685,4.715972453607306e-06,36.0,0.0,2.0,0.0,0.05555555555555557,0.0
B_shared,l14_mean,shift,topic,unseen,13.875366512309773,0.0031608243499539183,0.0,0.0,0.18466220902071961,0.000151682574652309,-0.0006126528117985897,5.132842595433764e-06,52.0,0.0,2.0,0.0,0.03846153846153846,0.0
B_shared,l14_mean,shift,train,unseen,14.196658072901515,0.0047840521868468015,0.0,0.0,0.19275947959311932,0.0008104884180683785,-0.0006142350165659051,5.194080373572664e-06,52.0,0.0,2.0,0.0,0.03846153846153846,0.0
B_shared,l14_mean,shift,dev,all,14.294221307768083,0.0012506813997640797,0.05555555555555556,0.026214702900245655,0.41550925925925924,0.011817464037420207,-0.0001416688756987526,6.45732695387434e-07,46.0,0.0,5.0,0.0,0.10869565217391307,0.0
B_shared,l14_mean,shift,iid,all,14.33920786452041,0.0013406139934970152,0.03125,0.0,0.4103009259259259,0.0020046884346861934,-0.00014213277630560552,6.781920129793783e-07,46.0,0.0,5.0,0.0,0.10869565217391307,0.0
B_shared,l14_mean,shift,joint,all,14.247624412658594,0.0017953045655774971,0.0,0.0,0.29887152777777776,0.0035547908384450043,-0.00015175719930317355,2.398919974915436e-07,60.0,0.0,5.0,0.0,0.08333333333333333,0.0
B_shared,l14_mean,shift,template,all,16.1853462151001,0.016505012388582534,0.0,0.0,0.29284474206349204,0.005950995389953474,-0.00015769478594650655,2.4638484502159035e-07,60.0,0.0,5.0,0.0,0.08333333333333331,0.0
B_shared,l14_mean,shift,topic,all,13.968997409013289,0.0006758025629252105,0.052083333333333336,0.005208333333333332,0.3272528108465608,0.004256423768078904,-0.0001413291425822693,6.906331436931077e-07,88.0,0.0,5.0,0.0,0.0568181818181818,0.0
B_shared,l14_mean,shift,train,all,14.296681210718022,0.0012034357724426356,0.03819444444444445,0.0030070326520292984,0.3360821759259259,0.0032262407094366986,-0.0001410397788910009,6.35435195118339e-07,88.0,0.0,5.0,0.0,0.0568181818181818,0.0
B_shared,l14_mean,rank1,dev,seen,0.25275653483944255,0.0006050647173915145,0.5416666666666666,0.0,0.7708333333333334,0.0,5.799186987690769e-06,8.085542726525738e-07,34.0,0.0,3.0,0.0,0.08823529411764706,0.0
B_shared,l14_mean,rank1,iid,seen,0.25338058143110015,0.0005182471030774747,0.53125,0.018042195912175808,0.765625,0.009021097956087904,6.782009631172333e-06,8.908930478554078e-07,34.0,0.0,3.0,0.0,0.08823529411764706,0.0
B_shared,l14_mean,rank1,joint,seen,0.25671805876228,0.0026774182254786904,0.515625,0.0,0.7578125,0.0,5.017308937839531e-06,6.309122387405843e-07,44.0,0.0,3.0,0.0,0.06818181818181818,0.0
B_shared,l14_mean,rank1,template,seen,0.2902803606337831,0.0011952566665085207,0.515625,0.0,0.7578125,0.0,2.6214741867669248e-06,4.5990270672505205e-07,44.0,0.0,3.0,0.0,0.06818181818181815,0.0
B_shared,l14_mean,rank1,topic,seen,0.24321949115935745,0.002139068878304512,0.5885416666666666,0.010416666666666685,0.7942708333333334,0.005208333333333315,7.912403311888674e-06,8.639030204741185e-07,64.0,0.0,3.0,0.0,0.046875,0.0
B_shared,l14_mean,rank1,train,seen,0.2519144483872311,0.0009841513173158595,0.5520833333333334,0.009021097956087904,0.7760416666666666,0.004510548978043951,6.15868326529555e-06,7.392589072755626e-07,64.0,0.0,3.0,0.0,0.046875,0.0
B_shared,l14_mean,rank1,dev,unseen,0.17950384669188257,0.003887551073981458,0.34375,0.010416666666666685,0.671875,0.00520833333333337,-9.980453244135992e-06,6.600116748278815e-07,28.0,0.0,2.0,0.0,0.07142857142857141,0.0
B_shared,l14_mean,rank1,iid,unseen,0.18002574785921774,0.003428736691328889,0.3333333333333333,0.010416666666666657,0.6655092592592592,0.0043691171500409055,-9.507113998876346e-06,7.06014681942358e-07,28.0,0.0,2.0,0.0,0.07142857142857141,0.0
B_shared,l14_mean,rank1,joint,unseen,0.18703833354894772,0.006541433717192005,0.2916666666666667,0.009021097956087904,0.6215277777777778,0.0060140653040586444,-1.4713747686286837e-05,6.192230526101276e-07,36.0,0.0,2.0,0.0,0.05555555555555556,8.498374721940739e-18
B_shared,l14_mean,rank1,template,unseen,0.21052115697768195,0.0030230807483075084,0.1953125,0.0078125,0.5783420138888888,0.003977930290760282,-1.623726878497717e-05,3.535383021233509e-07,36.0,0.0,2.0,0.0,0.05555555555555557,0.0
B_shared,l14_mean,rank1,topic,unseen,0.17471156524320172,0.005553437880351592,0.3923611111111111,0.0030070326520292906,0.6912615740740741,0.0013259767635867969,-7.207975570477612e-06,6.746389399937e-07,52.0,0.0,2.0,0.0,0.03846153846153846,0.0
B_shared,l14_mean,rank1,train,unseen,0.17897307799593679,0.0033343498002025252,0.33159722222222227,0.00795586058152055,0.6614583333333334,0.0031298188155069163,-9.989134944102175e-06,5.242082874825776e-07,52.0,0.0,2.0,0.0,0.03846153846153846,0.0
B_shared,l14_mean,rank1,dev,all,0.22345545958041857,0.0014039113053178017,0.5416666666666666,0.0,0.7708333333333334,0.0,5.799186987690769e-06,8.085542726525738e-07,46.0,0.0,5.0,0.0,0.10869565217391307,0.0
B_shared,l14_mean,rank1,iid,all,0.22403864800234716,0.0010740277074553506,0.53125,0.018042195912175808,0.765625,0.009021097956087904,6.782009631172333e-06,8.908930478554078e-07,46.0,0.0,5.0,0.0,0.10869565217391307,0.0
B_shared,l14_mean,rank1,joint,all,0.22884616867694707,0.004222858294334965,0.515625,0.0,0.7578125,0.0,5.017308937839531e-06,6.309122387405843e-07,60.0,0.0,5.0,0.0,0.08333333333333333,0.0
B_shared,l14_mean,rank1,template,all,0.25837667917134266,0.0018874690262916489,0.515625,0.0,0.7578125,0.0,2.6214741867669248e-06,4.5990270672505205e-07,60.0,0.0,5.0,0.0,0.08333333333333331,0.0
B_shared,l14_mean,rank1,topic,all,0.21581632079289517,0.003504725956517147,0.5885416666666666,0.010416666666666685,0.7942708333333334,0.005208333333333315,7.912691430849655e-06,8.63462388308672e-07,88.0,0.0,5.0,0.0,0.0568181818181818,0.0
B_shared,l14_mean,rank1,train,all,0.22273790023071338,0.0009710647901383314,0.5520833333333334,0.009021097956087904,0.7760416666666666,0.004510548978043951,6.2803564642895104e-06,7.353730955379319e-07,88.0,0.0,5.0,0.0,0.0568181818181818,0.0
B_shared,l14_mean,lowrank,dev,seen,0.20986788403893353,0.0002770686057925063,0.9930555555555557,0.00601406530405858,0.9965277777777777,0.0030070326520293222,2.7108199459170086e-05,1.3124985473943047e-07,34.0,0.0,3.0,0.0,0.08823529411764706,0.0
B_shared,l14_mean,lowrank,iid,seen,0.21042231459175675,0.00020021585209531527,1.0,0.0,1.0,0.0,2.781567253093034e-05,1.1932543377516458e-07,34.0,0.0,3.0,0.0,0.08823529411764706,0.0
B_shared,l14_mean,lowrank,joint,seen,0.21894179347568068,0.0029160937192071828,0.546875,0.015625,0.7734375,0.0078125,6.484996813367269e-06,2.753404784637671e-07,44.0,0.0,3.0,0.0,0.06818181818181818,0.0
B_shared,l14_mean,lowrank,template,seen,0.2479311701769301,0.0012770029061792373,0.5260416666666666,0.011933790872280834,0.7630208333333334,0.005966895436140416,6.796464537439072e-06,4.7433370742482407e-07,44.0,0.0,3.0,0.0,0.06818181818181815,0.0
B_shared,l14_mean,lowrank,topic,seen,0.20194951146344,0.002497886093400583,0.9930555555555555,0.007955860581520553,0.9965277777777778,0.003977930290760282,2.630603213610209e-05,2.323878942614625e-07,64.0,0.0,3.0,0.0,0.046875,0.0
B_shared,l14_mean,lowrank,train,seen,0.20834009900525233,0.0005470932711294043,0.9982638888888888,0.0030070326520293222,0.9991319444444445,0.001503516326014629,2.824051611305177e-05,1.4003107887854404e-07,64.0,0.0,3.0,0.0,0.046875,0.0
B_shared,l14_mean,lowrank,dev,unseen,0.13873965409455735,0.00324086454999668,0.6597222222222222,0.03348489847566997,0.8298611111111112,0.016742449237835005,9.694642467843492e-06,1.4750080629568033e-07,28.0,0.0,2.0,0.0,0.07142857142857141,0.0
B_shared,l14_mean,lowrank,iid,unseen,0.13937004796600216,0.0026911415438042297,0.6944444444444445,0.0216840208277722,0.8472222222222222,0.010842010413886122,9.86613747058889e-06,1.0112248714433748e-07,28.0,0.0,2.0,0.0,0.07142857142857141,0.0
B_shared,l14_mean,lowrank,joint,unseen,0.15392030749959662,0.006036339466563197,0.3333333333333333,0.023867581744561665,0.6440972222222222,0.009145532771573539,-1.3064671849280623e-05,1.8651857232243904e-07,36.0,0.0,2.0,0.0,0.05555555555555556,8.498374721940739e-18
B_shared,l14_mean,lowrank,template,unseen,0.18479369925813793,0.0030157955814996682,0.3333333333333333,0.004510548978043952,0.65625,0.003444988686281991,-1.112796119074414e-05,4.1202688163385104e-07,36.0,0.0,2.0,0.0,0.05555555555555557,0.0
B_shared,l14_mean,lowrank,topic,unseen,0.13483916888982053,0.0049394258908609205,0.6649305555555557,0.010842010413886122,0.8324652777777777,0.0054210052069430395,9.555398187918806e-06,2.6333968654305723e-07,52.0,0.0,2.0,0.0,0.03846153846153846,0.0
B_shared,l14_mean,lowrank,train,unseen,0.13768087261118137,0.0025981858687845753,0.7135416666666666,0.005208333333333315,0.8567708333333334,0.002604166666666685,1.0328221066300524e-05,1.0673432245568293e-07,52.0,0.0,2.0,0.0,0.03846153846153846,0.0
B_shared,l14_mean,lowrank,dev,all,0.18141659206118307,0.0013549786407149047,0.9930555555555557,0.00601406530405858,0.9965277777777777,0.0030070326520293222,2.7108199459170086e-05,1.3124985473943047e-07,46.0,0.0,5.0,0.0,0.10869565217391307,0.0
B_shared,l14_mean,lowrank,iid,all,0.18200140794145492,0.0009803414745914766,1.0,0.0,1.0,0.0,2.781567253093034e-05,1.1932543377516458e-07,46.0,0.0,5.0,0.0,0.10869565217391307,0.0
B_shared,l14_mean,lowrank,joint,all,0.1929331990852471,0.0041625419215751995,0.546875,0.015625,0.7734375,0.0078125,6.484996813367269e-06,2.753404784637671e-07,60.0,0.0,5.0,0.0,0.08333333333333333,0.0
B_shared,l14_mean,lowrank,template,all,0.22267618180941318,0.0019585005928270593,0.5260416666666666,0.011933790872280834,0.7630208333333334,0.005966895436140416,6.796464537439072e-06,4.7433370742482407e-07,60.0,0.0,5.0,0.0,0.08333333333333331,0.0
B_shared,l14_mean,lowrank,topic,all,0.1751053744339922,0.003464827303593151,0.9930555555555555,0.007955860581520553,0.9965277777777778,0.003977930290760282,2.630603213610209e-05,2.323878942614625e-07,88.0,0.0,5.0,0.0,0.0568181818181818,0.0
B_shared,l14_mean,lowrank,train,all,0.18007640844762396,0.0007930708458587391,0.9982638888888888,0.0030070326520293222,0.9991319444444445,0.001503516326014629,2.824051611305177e-05,1.4003107887854404e-07,88.0,0.0,5.0,0.0,0.0568181818181818,0.0
B_shared,l14_mean,full_delta,dev,seen,0.20948186342709063,0.00026966815499839555,0.9930555555555557,0.00601406530405858,0.9965277777777777,0.0030070326520293222,2.7852121882999726e-05,8.707460919800528e-08,34.0,0.0,3.0,0.0,0.08823529411764706,0.0
B_shared,l14_mean,full_delta,iid,seen,0.2100208981830446,0.00020962142646118972,1.0,0.0,1.0,0.0,2.8606078335472834e-05,1.2128442127352513e-07,34.0,0.0,3.0,0.0,0.08823529411764706,0.0
B_shared,l14_mean,full_delta,joint,seen,0.21877410470848457,0.0028959387139612935,0.546875,0.015625,0.7734375,0.0078125,6.763392406736642e-06,1.8469234659845912e-07,44.0,0.0,3.0,0.0,0.06818181818181818,0.0
B_shared,l14_mean,full_delta,template,seen,0.2477210561102474,0.0012590275906247139,0.5286458333333334,0.016263015620829165,0.7643229166666666,0.008131507810414582,7.058859747920028e-06,4.1487394466195706e-07,44.0,0.0,3.0,0.0,0.06818181818181815,0.0
B_shared,l14_mean,full_delta,topic,seen,0.2017913178514422,0.0024886399420029374,0.9947916666666666,0.009021097956087904,0.9973958333333334,0.004510548978043951,2.6622156985179742e-05,2.4860479608084566e-07,64.0,0.0,3.0,0.0,0.046875,0.0
B_shared,l14_mean,full_delta,train,seen,0.20789842242381884,0.0005439223120678832,0.9982638888888888,0.0030070326520293222,0.9991319444444445,0.001503516326014629,2.906862595510349e-05,1.2172797115902159e-07,64.0,0.0,3.0,0.0,0.046875,0.0
B_shared,l14_mean,full_delta,dev,unseen,0.138418611095795,0.0032417307684947413,0.6909722222222222,0.021684020827772245,0.8454861111111112,0.010842010413886079,1.0339567545426192e-05,1.0488886619767918e-07,28.0,0.0,2.0,0.0,0.07142857142857141,0.0
B_shared,l14_mean,full_delta,iid,unseen,0.13903208793375568,0.0026884595090745245,0.7256944444444445,0.0159117211630411,0.8628472222222222,0.007955860581520565,1.059262307687043e-05,9.532149746877356e-08,28.0,0.0,2.0,0.0,0.07142857142857141,0.0
B_shared,l14_mean,full_delta,joint,unseen,0.15378178212613136,0.006007070920168879,0.34375,0.015625,0.6484374999999999,0.006889977372564003,-1.275972582003825e-05,1.2365674167680124e-07,36.0,0.0,2.0,0.0,0.05555555555555556,8.498374721940739e-18
B_shared,l14_mean,full_delta,template,unseen,0.1846450152210978,0.0030100105566818656,0.3359375,0.0078125,0.6584201388888888,0.003977930290760282,-1.0795598830840603e-05,3.2973096655225716e-07,36.0,0.0,2.0,0.0,0.05555555555555557,0.0
B_shared,l14_mean,full_delta,topic,unseen,0.13470742358887652,0.004929245534844266,0.670138888888889,0.00795586058152055,0.8350694444444443,0.003977930290760282,9.836411484112358e-06,2.641821141272719e-07,52.0,0.0,2.0,0.0,0.03846153846153846,0.0
B_shared,l14_mean,full_delta,train,unseen,0.1373030490724997,0.0026026822908165343,0.7447916666666666,0.013779954745128048,0.8723958333333334,0.006889977372564066,1.10660569990056e-05,9.188490904853976e-08,52.0,0.0,2.0,0.0,0.03846153846153846,0.0
B_shared,l14_mean,full_delta,dev,all,0.18105656249457236,0.0013520352192175047,0.9930555555555557,0.00601406530405858,0.9965277777777777,0.0030070326520293222,2.7852121882999726e-05,8.707460919800528e-08,46.0,0.0,5.0,0.0,0.10869565217391307,0.0
B_shared,l14_mean,full_delta,iid,all,0.18162537408332904,0.0009748304895079463,1.0,0.0,1.0,0.0,2.8606078335472834e-05,1.2128442127352513e-07,46.0,0.0,5.0,0.0,0.10869565217391307,0.0
B_shared,l14_mean,full_delta,joint,all,0.1927771756755433,0.004138570947981043,0.546875,0.015625,0.7734375,0.0078125,6.763392406736642e-06,1.8469234659845912e-07,60.0,0.0,5.0,0.0,0.08333333333333333,0.0
B_shared,l14_mean,full_delta,template,all,0.22249063975458758,0.0019464536569400177,0.5286458333333334,0.016263015620829165,0.7643229166666666,0.008131507810414582,7.058859747920028e-06,4.1487394466195706e-07,60.0,0.0,5.0,0.0,0.08333333333333331,0.0
B_shared,l14_mean,full_delta,topic,all,0.17495776014641592,0.003455364792215567,0.9947916666666666,0.009021097956087904,0.9973958333333334,0.004510548978043951,2.6622156985179742e-05,2.4860479608084566e-07,88.0,0.0,5.0,0.0,0.0568181818181818,0.0
B_shared,l14_mean,full_delta,train,all,0.17966027308329116,0.0007944860301353532,0.9982638888888888,0.0030070326520293222,0.9991319444444445,0.001503516326014629,2.906862595510349e-05,1.2172797115902159e-07,88.0,0.0,5.0,0.0,0.0568181818181818,0.0
B_shared,l14_mean,full_affine,dev,seen,0.2146521596457596,0.0005437265241453388,0.8055555555555555,0.012028130608117225,0.8919560185185186,0.01139811265489247,4.217503708880195e-05,5.684136231757342e-07,34.0,0.0,3.0,0.0,0.08823529411764706,0.0
B_shared,l14_mean,full_affine,iid,seen,0.21511942161234132,6.525856454308325e-05,0.8263888888888888,0.0060140653040586444,0.9048032407407408,0.004009376869372387,4.29859843717454e-05,6.748447261178013e-07,34.0,0.0,3.0,0.0,0.08823529411764706,0.0
B_shared,l14_mean,full_affine,joint,seen,0.23897924546061425,0.0028541929420024784,0.375,0.0,0.5101607593795093,0.0003495873561402632,5.546869898708529e-05,2.910258124172768e-07,44.0,0.0,3.0,0.0,0.06818181818181818,0.0
B_shared,l14_mean,full_affine,template,seen,0.26648346999330796,0.0009973480052711552,0.3854166666666667,0.01626301562082916,0.5491355938621564,0.00866458683522856,5.2788289089215325e-05,3.739893030166212e-07,44.0,0.0,3.0,0.0,0.06818181818181815,0.0
B_shared,l14_mean,full_affine,topic,seen,0.21521981410902735,0.002482882403502474,0.4375,0.010416666666666685,0.5915233124577218,0.004550579651451626,4.640124589949899e-05,5.18613107111625e-07,64.0,0.0,3.0,0.0,0.046875,0.0
B_shared,l14_mean,full_affine,train,seen,0.21240345857208442,0.00046179414225461815,0.7760416666666666,0.015625,0.8648720588824755,0.018276189655611383,4.216202021528672e-05,6.199215217733347e-07,64.0,0.0,3.0,0.0,0.046875,0.0
B_shared,l14_mean,full_affine,dev,unseen,0.14613381445454607,0.00331088025132803,0.7430555555555555,0.012028130608117225,0.8635416666666668,0.010157362830770943,2.6591996156412567e-05,3.366418883764514e-07,28.0,0.0,2.0,0.0,0.07142857142857141,0.0
B_shared,l14_mean,full_affine,iid,unseen,0.14674485694738393,0.0027649387360283383,0.7013888888888888,0.026214702900245627,0.8429976851851854,0.01562628595531266,2.7097676327752136e-05,5.799001028030237e-07,28.0,0.0,2.0,0.0,0.07142857142857141,0.0
B_shared,l14_mean,full_affine,joint,unseen,0.17880804315205126,0.005564428354098322,0.3489583333333333,0.018042195912175804,0.4924000478687978,0.011990685601671824,4.200331850776062e-05,4.826452031067388e-07,36.0,0.0,2.0,0.0,0.05555555555555556,8.498374721940739e-18
B_shared,l14_mean,full_affine,template,unseen,0.21261613947485336,0.0023344235762749136,0.2864583333333333,0.009021097956087904,0.49436090529840526,0.004824273005161027,4.149153846282177e-05,6.763410417806189e-07,36.0,0.0,2.0,0.0,0.05555555555555557,0.0
B_shared,l14_mean,full_affine,topic,unseen,0.15128803675569466,0.004727166558029794,0.40972222222222215,0.013107351450122838,0.5861336912714363,0.009666870715100404,3.177657155448136e-05,3.0993753076767927e-07,52.0,0.0,2.0,0.0,0.03846153846153846,0.0
B_shared,l14_mean,full_affine,train,unseen,0.14415263033959136,0.002726537603881308,0.703125,0.03415332564740627,0.8316736937830688,0.0262311598949592,2.5931696369359423e-05,4.825402835200079e-07,52.0,0.0,2.0,0.0,0.03846153846153846,0.0
B_shared,l14_mean,full_affine,dev,all,0.18724482156927416,0.0015620698963293776,0.8055555555555555,0.012028130608117225,0.8916184413580246,0.011967080945644045,4.218280225737838e-05,5.554521377049646e-07,46.0,0.0,5.0,0.0,0.10869565217391307,0.0
B_shared,l14_mean,full_affine,iid,all,0.18776959574635835,0.0011342996864879672,0.8263888888888888,0.0060140653040586444,0.9041666666666667,0.005111955508449842,4.29859843717454e-05,6.748447261178013e-07,46.0,0.0,5.0,0.0,0.10869565217391307,0.0
B_shared,l14_mean,full_affine,joint,all,0.21491076453718905,0.003936740256159816,0.375,0.0,0.4846851878422361,0.0010496672878530793,5.546869898708529e-05,2.910258124172768e-07,60.0,0.0,5.0,0.0,0.08333333333333333,0.0
B_shared,l14_mean,full_affine,template,all,0.24493653778592614,0.0015146893062115215,0.3854166666666667,0.01626301562082916,0.532745957208999,0.008372053735979448,5.3113156157379736e-05,3.9193870440826455e-07,60.0,0.0,5.0,0.0,0.08333333333333331,0.0
B_shared,l14_mean,full_affine,topic,all,0.1896471031676943,0.0033753435367512756,0.4375,0.010416666666666685,0.5768519631402828,0.0030307766360025716,4.640124589949899e-05,5.18613107111625e-07,88.0,0.0,5.0,0.0,0.0568181818181818,0.0
B_shared,l14_mean,full_affine,train,all,0.18510312727908718,0.0010424746334659976,0.7760416666666666,0.015625,0.8624078082411417,0.020644091448723662,4.216202021528672e-05,6.199215217733347e-07,88.0,0.0,5.0,0.0,0.0568181818181818,0.0
B_shared,l14_mean,length_shift,dev,seen,14.153403894707234,0.003707696547920293,0.0763888888888889,0.026214702900245662,0.4296875,0.015625,-0.00014222943668886664,9.40999133075746e-07,34.0,0.0,3.0,0.0,0.08823529411764706,0.0
B_shared,l14_mean,length_shift,iid,seen,14.184430733677688,0.006665332172538617,0.0763888888888889,0.015911721163041112,0.42621527777777773,0.006076388888888923,-0.00014217735294753413,9.459149341563945e-07,34.0,0.0,3.0,0.0,0.08823529411764706,0.0
B_shared,l14_mean,length_shift,joint,seen,14.196860133550354,0.0019544278986016817,0.0,0.0,0.29973958333333334,0.006415981768101545,-0.00015171016109680364,7.527125227445748e-07,44.0,0.0,3.0,0.0,0.06818181818181818,0.0
B_shared,l14_mean,length_shift,template,seen,16.00666675858574,0.0023383000334923857,0.0,0.0,0.2976128472222222,0.0054006381773639275,-0.00014938585710795333,2.885775672527761e-07,44.0,0.0,3.0,0.0,0.06818181818181815,0.0
B_shared,l14_mean,length_shift,topic,seen,13.932412200485501,0.001967840358958223,0.07118055555555557,0.01310735145012283,0.33604497354497354,0.009557378902507794,-0.00014234246293039175,2.496502921802636e-07,64.0,0.0,3.0,0.0,0.046875,0.0
B_shared,l14_mean,length_shift,train,seen,14.154705049105095,0.0028531651878497192,0.05902777777777777,0.007955860581520553,0.34418402777777773,0.007124404350237224,-0.00013870985999549668,4.311745110167272e-07,64.0,0.0,3.0,0.0,0.046875,0.0
B_shared,l14_mean,length_shift,dev,unseen,14.08349119642867,0.008843902983660586,0.0,0.0,0.23737736992945324,0.0003519712682203521,-0.0006176887991055507,5.949589241320735e-06,28.0,0.0,2.0,0.0,0.07142857142857141,0.0
B_shared,l14_mean,length_shift,iid,unseen,14.111168851569902,0.0061889472261995124,0.0,0.0,0.24009526353276356,0.0012467783673822533,-0.0006171671951750126,6.946546889412312e-06,28.0,0.0,2.0,0.0,0.07142857142857141,0.0
B_shared,l14_mean,length_shift,joint,unseen,14.132807353204617,0.013905851000546029,0.0,0.0,0.16359195285278874,0.0013185762310550405,-0.0006311581126697673,5.8962158931504885e-06,36.0,0.0,2.0,0.0,0.05555555555555556,8.498374721940739e-18
B_shared,l14_mean,length_shift,template,unseen,15.959418612342192,0.009035864593471199,0.0,0.0,0.16620733973100701,0.0015140163431342107,-0.0006138845493082187,5.944443156656447e-06,36.0,0.0,2.0,0.0,0.05555555555555557,0.0
B_shared,l14_mean,length_shift,topic,unseen,13.858166623279567,0.013811935095342738,0.0,0.0,0.1831812248051851,0.0001025708944644284,-0.0006182963967865329,6.6066054785526485e-06,52.0,0.0,2.0,0.0,0.03846153846153846,0.0
B_shared,l14_mean,length_shift,train,unseen,14.087569908119882,0.010574237954956829,0.0,0.0,0.19306167252241654,0.0021887153443993284,-0.0006142304905209904,5.5514570937517225e-06,52.0,0.0,2.0,0.0,0.03846153846153846,0.0
B_shared,l14_mean,length_shift,dev,all,14.125438815395809,0.0017990559131663107,0.0763888888888889,0.026214702900245662,0.4296875,0.015625,-0.00014222943668886664,9.40999133075746e-07,46.0,0.0,5.0,0.0,0.10869565217391307,0.0
B_shared,l14_mean,length_shift,iid,all,14.155125980834574,0.002452546554627455,0.0763888888888889,0.015911721163041112,0.42621527777777773,0.006076388888888923,-0.00014217735294753413,9.459149341563945e-07,46.0,0.0,5.0,0.0,0.10869565217391307,0.0
B_shared,l14_mean,length_shift,joint,all,14.171239021412061,0.006569703042179223,0.0,0.0,0.29973958333333334,0.006415981768101545,-0.00015171016109680364,7.527125227445748e-07,60.0,0.0,5.0,0.0,0.08333333333333333,0.0
B_shared,l14_mean,length_shift,template,all,15.987767500088323,0.0048329769827900595,0.0,0.0,0.2976128472222222,0.0054006381773639275,-0.00014938585710795333,2.885775672527761e-07,60.0,0.0,5.0,0.0,0.08333333333333331,0.0
B_shared,l14_mean,length_shift,topic,all,13.902713969603127,0.006229011779462848,0.07118055555555557,0.01310735145012283,0.33604497354497354,0.009557378902507794,-0.00014234246293039175,2.496502921802636e-07,88.0,0.0,5.0,0.0,0.0568181818181818,0.0
B_shared,l14_mean,length_shift,train,all,14.127850992711009,0.0035841547569968294,0.05902777777777777,0.007955860581520553,0.34418402777777773,0.007124404350237224,-0.00013870985999549668,4.311745110167272e-07,88.0,0.0,5.0,0.0,0.0568181818181818,0.0
B_shared,l14_mean,source_token_ridge,dev,seen,0.45102864845702256,0.155977527268455,0.9826388888888888,0.0060140653040586444,0.9913194444444445,0.003007032652029258,3.2502181685081166e-05,2.8026180247468097e-06,34.0,0.0,3.0,0.0,0.08823529411764706,0.0
B_shared,l14_mean,source_token_ridge,iid,seen,0.4577760361894967,0.16428932596667334,0.9756944444444443,0.00601406530405858,0.9878472222222223,0.0030070326520293222,3.3264919851045314e-05,2.3842172218507087e-06,34.0,0.0,3.0,0.0,0.08823529411764706,0.0
B_shared,l14_mean,source_token_ridge,joint,seen,0.49561581856363873,0.16379045151938332,0.53125,0.027063293868263706,0.765625,0.013531646934131853,6.785308058373842e-06,2.0514850960712457e-07,44.0,0.0,3.0,0.0,0.06818181818181818,0.0
B_shared,l14_mean,source_token_ridge,template,seen,1.0226359216569127,0.07186026648117455,0.5442708333333334,0.03157384284630766,0.771267361111111,0.015035163260146483,9.172180569694903e-06,1.8279270936280968e-06,44.0,0.0,3.0,0.0,0.06818181818181815,0.0
B_shared,l14_mean,source_token_ridge,topic,seen,0.43419621252294555,0.1458538558258689,0.8836805555555555,0.039436863512501925,0.9418402777777778,0.019718431756250925,2.1185256588183336e-05,1.7916333385650025e-06,64.0,0.0,3.0,0.0,0.046875,0.0
B_shared,l14_mean,source_token_ridge,train,seen,0.43757875566896237,0.15948093253197415,0.9774305555555555,0.003007032652029258,0.9887152777777778,0.0015035163260146932,3.4654165689392854e-05,2.5652886279725126e-06,64.0,0.0,3.0,0.0,0.046875,0.0
B_shared,l14_mean,source_token_ridge,dev,unseen,0.3584122706163342,0.1481686692476587,0.6875,0.15344708190266915,0.84375,0.07672354095133453,1.2619667555955325e-05,4.858119803871635e-06,28.0,0.0,2.0,0.0,0.07142857142857141,0.0
B_shared,l14_mean,source_token_ridge,iid,unseen,0.36509983181514755,0.15583763977601447,0.6736111111111112,0.11426724077711348,0.8362268518518517,0.0581359646058998,1.325761574876749e-05,4.154906594091809e-06,28.0,0.0,2.0,0.0,0.07142857142857141,0.0
B_shared,l14_mean,source_token_ridge,joint,unseen,0.36130216886641414,0.15914698159459134,0.2864583333333333,0.06314768569261532,0.6021701388888888,0.015420390644445933,-1.5213649041013674e-05,2.2002245478368448e-06,36.0,0.0,2.0,0.0,0.05555555555555556,8.498374721940739e-18
B_shared,l14_mean,source_token_ridge,template,unseen,0.9585291933404675,0.06854902089734764,0.34375,0.015625,0.6261284722222222,0.007199629961716602,-1.4242935485317063e-05,4.965076971600357e-06,36.0,0.0,2.0,0.0,0.05555555555555557,0.0
B_shared,l14_mean,source_token_ridge,topic,unseen,0.31869411134535824,0.14181588130916678,0.5086805555555556,0.03658213108629424,0.7513020833333334,0.02192162551940005,3.3910952671136073e-06,2.781640375923089e-06,52.0,0.0,2.0,0.0,0.03846153846153846,0.0
B_shared,l14_mean,source_token_ridge,train,unseen,0.3456248177917353,0.15241603007521887,0.7118055555555555,0.12503616375021412,0.8534432870370371,0.06449415216700657,1.445101166645292e-05,3.94225646038864e-06,52.0,0.0,2.0,0.0,0.03846153846153846,0.0
B_shared,l14_mean,source_token_ridge,dev,all,0.41398209732074714,0.1528539830439879,0.9826388888888888,0.0060140653040586444,0.9913194444444445,0.003007032652029258,3.2502181685081166e-05,2.8026180247468097e-06,46.0,0.0,5.0,0.0,0.10869565217391307,0.0
B_shared,l14_mean,source_token_ridge,iid,all,0.4207055544397571,0.16090863780890707,0.9756944444444443,0.00601406530405858,0.9878472222222223,0.0030070326520293222,3.3264919851045314e-05,2.3842172218507087e-06,46.0,0.0,5.0,0.0,0.10869565217391307,0.0
B_shared,l14_mean,source_token_ridge,joint,all,0.4418903586847489,0.16193238596297851,0.53125,0.027063293868263706,0.765625,0.013531646934131853,6.785308058373842e-06,2.0514850960712457e-07,60.0,0.0,5.0,0.0,0.08333333333333333,0.0
B_shared,l14_mean,source_token_ridge,template,all,0.9969932303303345,0.07051211150907483,0.5442708333333334,0.03157384284630766,0.771267361111111,0.015035163260146483,9.174625164558246e-06,1.824115268065748e-06,60.0,0.0,5.0,0.0,0.08333333333333331,0.0
B_shared,l14_mean,source_token_ridge,topic,all,0.38799537205191065,0.14423862283940184,0.8836805555555555,0.039436863512501925,0.9418402777777778,0.019718431756250925,2.1185256588183336e-05,1.7916333385650025e-06,88.0,0.0,5.0,0.0,0.0568181818181818,0.0
B_shared,l14_mean,source_token_ridge,train,all,0.4007971805180716,0.15665497104551446,0.9774305555555555,0.003007032652029258,0.9887152777777778,0.0015035163260146932,3.4654165689392854e-05,2.5652886279725126e-06,88.0,0.0,5.0,0.0,0.0568181818181818,0.0
B_shared,l14_mean,shuffled,dev,seen,0.9437982341019536,0.14000873568252903,0.888888888888889,0.021684020827772203,0.9387731481481482,0.010147466722779469,2.2220249126566477e-05,4.8074252899082265e-06,34.0,0.0,3.0,0.0,0.08823529411764706,0.0
B_shared,l14_mean,shuffled,iid,seen,0.9237505092502504,0.11874969525311085,0.8854166666666666,0.010416666666666685,0.9374710648148148,0.003032401885420516,2.2553270753902712e-05,4.501823299980479e-06,34.0,0.0,3.0,0.0,0.08823529411764706,0.0
B_shared,l14_mean,shuffled,joint,seen,0.9339012712842752,0.13143914148183808,0.3489583333333333,0.15415258944738275,0.6157304067460317,0.11647240889281313,6.5222024964283155e-06,5.970547862988887e-07,44.0,0.0,3.0,0.0,0.06818181818181818,0.0
B_shared,l14_mean,shuffled,template,seen,1.1360319047473262,0.12983713845270636,0.3333333333333333,0.14664487734688633,0.613724578373016,0.1149136121387643,4.424843357845922e-06,2.023000407497316e-06,44.0,0.0,3.0,0.0,0.06818181818181815,0.0
B_shared,l14_mean,shuffled,topic,seen,0.7613929558462186,0.12548324931634258,0.8246527777777778,0.060365759203867025,0.8869708994708995,0.05571816150832734,2.1445921045227885e-05,4.2381758425112875e-06,64.0,0.0,3.0,0.0,0.046875,0.0
B_shared,l14_mean,shuffled,train,seen,0.9219081043352123,0.12449107494976634,0.7777777777777778,0.08782388798570649,0.8655593601797,0.0652059132887172,2.2387800224375253e-05,4.58612292987299e-06,64.0,0.0,3.0,0.0,0.046875,0.0
B_shared,l14_mean,shuffled,dev,unseen,1.049858002005151,0.1685902536912682,0.5625,0.08135676745736099,0.7763310185185186,0.03583643419866299,8.075109279016911e-06,4.695161800892909e-06,28.0,0.0,2.0,0.0,0.07142857142857141,0.0
B_shared,l14_mean,shuffled,iid,unseen,1.0288545601507215,0.14398687739241312,0.5694444444444445,0.08419691425682038,0.778968253968254,0.03513932441942803,8.31404855050236e-06,4.466420671564215e-06,28.0,0.0,2.0,0.0,0.07142857142857141,0.0
B_shared,l14_mean,shuffled,joint,unseen,1.0307693625161052,0.16125645648605688,0.17708333333333334,0.08605578980134534,0.4891205582611832,0.08677730266174818,-1.166266011573836e-05,6.05417346292991e-07,36.0,0.0,2.0,0.0,0.05555555555555556,8.498374721940739e-18
B_shared,l14_mean,shuffled,template,unseen,1.1863538593443728,0.13858451445590192,0.15625,0.0546875,0.4871900741041366,0.06843702374470878,-1.5362339851120003e-05,2.394503175625558e-06,36.0,0.0,2.0,0.0,0.05555555555555557,0.0
B_shared,l14_mean,shuffled,topic,unseen,0.8282920529653784,0.15667732893967803,0.5017361111111112,0.0030070326520293222,0.7302000661375662,0.028373168533890658,8.013029922891712e-06,3.804695033179023e-06,52.0,0.0,2.0,0.0,0.03846153846153846,0.0
B_shared,l14_mean,shuffled,train,unseen,1.0263293543855223,0.15175649794556864,0.46701388888888884,0.034678792283746845,0.7123530227285709,0.04154454729460319,8.249586082200814e-06,4.599704480529901e-06,52.0,0.0,2.0,0.0,0.03846153846153846,0.0
B_shared,l14_mean,shuffled,dev,all,0.9862221412632325,0.15143922830918263,0.888888888888889,0.021684020827772203,0.9372685185185184,0.01017268277271239,2.2247557389770843e-05,4.787533672012626e-06,46.0,0.0,5.0,0.0,0.10869565217391307,0.0
B_shared,l14_mean,shuffled,iid,all,0.9657921296104389,0.12884263892067654,0.8854166666666666,0.010416666666666685,0.9354497354497355,0.003714722542767974,2.2553270753902712e-05,4.501823299980479e-06,46.0,0.0,5.0,0.0,0.10869565217391307,0.0
B_shared,l14_mean,shuffled,joint,all,0.9726485077770072,0.1433632308512466,0.3489583333333333,0.15415258944738275,0.6119416463166464,0.12038686714189567,6.5222024964283155e-06,5.970547862988887e-07,60.0,0.0,5.0,0.0,0.08333333333333333,0.0
B_shared,l14_mean,shuffled,template,all,1.156160686586145,0.13332846105381949,0.3333333333333333,0.14664487734688633,0.6112796491702742,0.11727605403035973,4.424843357845922e-06,2.023000407497316e-06,60.0,0.0,5.0,0.0,0.08333333333333331,0.0
B_shared,l14_mean,shuffled,topic,all,0.7881525946938827,0.13795978087822325,0.826388888888889,0.06169915154137798,0.8859082829785954,0.05941438766828872,2.1504734138126185e-05,4.187306092396229e-06,88.0,0.0,5.0,0.0,0.0568181818181818,0.0
B_shared,l14_mean,shuffled,train,all,0.9636766043553363,0.13539656735080205,0.7777777777777778,0.08782388798570649,0.8611079436772605,0.07101007180737355,2.243112399603049e-05,4.573727899678667e-06,88.0,0.0,5.0,0.0,0.0568181818181818,0.0
B_shared,l14_mean,random_subspace,dev,seen,14.263217310891745,0.013594430909311122,0.0798611111111111,0.030070326520293008,0.4421296296296296,0.021983124899563177,-0.00013912122828460086,2.96385098473261e-06,34.0,0.0,3.0,0.0,0.08823529411764706,0.0
B_shared,l14_mean,random_subspace,iid,seen,14.309381011192407,0.013729338977343011,0.07638888888888888,0.031823442326082224,0.4415509259259259,0.0229228036115027,-0.00013949582303237208,3.088438341976424e-06,34.0,0.0,3.0,0.0,0.08823529411764706,0.0
B_shared,l14_mean,random_subspace,joint,seen,14.219829163073221,0.01419816922504569,0.0,0.0,0.3058159722222222,0.002608503333561929,-0.00015041064834630329,2.305628655696288e-06,44.0,0.0,3.0,0.0,0.06818181818181818,0.0
B_shared,l14_mean,random_subspace,template,seen,16.123903593494155,0.02699164915957986,0.0,0.0,0.3077070932539682,0.00772924417720713,-0.00015612430588939305,2.3369008554919087e-06,44.0,0.0,3.0,0.0,0.06818181818181815,0.0
B_shared,l14_mean,random_subspace,topic,seen,13.934884527369777,0.012657993476441448,0.0642361111111111,0.018291065543147113,0.34221643518518513,0.017101006185025688,-0.0001388112488125206,3.2470955875399255e-06,64.0,0.0,3.0,0.0,0.046875,0.0
B_shared,l14_mean,random_subspace,train,seen,14.2647382600189,0.013629116283448935,0.07638888888888888,0.031823442326082224,0.3634837962962963,0.02498316570880461,-0.00013854576115965937,3.042046085722327e-06,64.0,0.0,3.0,0.0,0.046875,0.0
B_shared,l14_mean,random_subspace,dev,unseen,14.09509511877655,0.017609207197033,0.0,0.0,0.24049272486772488,0.002094208951093142,-0.0006015792109333671,1.3444778674921523e-05,28.0,0.0,2.0,0.0,0.07142857142857141,0.0
B_shared,l14_mean,random_subspace,iid,unseen,14.13749408716609,0.017736114106345024,0.0,0.0,0.24260912698412698,0.0009259166990989413,-0.0006016248005644211,1.3535081411927121e-05,28.0,0.0,2.0,0.0,0.07142857142857141,0.0
B_shared,l14_mean,random_subspace,joint,unseen,14.046407291189558,0.018098055835056463,0.0,0.0,0.16552519597096804,0.0002279579330556135,-0.000613913693729335,1.3615416835846341e-05,36.0,0.0,2.0,0.0,0.05555555555555556,8.498374721940739e-18
B_shared,l14_mean,random_subspace,template,unseen,16.001358324642514,0.02908453812144347,0.0,0.0,0.17510882597624325,0.000783506761801372,-0.000627009191209104,1.349732448329506e-05,36.0,0.0,2.0,0.0,0.05555555555555557,0.0
B_shared,l14_mean,random_subspace,topic,unseen,13.779718917725502,0.016254100570275563,0.0,0.0,0.1860306502227539,0.0017468316444688198,-0.0005994953135275769,1.3556082563523862e-05,52.0,0.0,2.0,0.0,0.03846153846153846,0.0
B_shared,l14_mean,random_subspace,train,unseen,14.0989688294581,0.017624105398190267,0.0,0.0,0.19452495296551672,0.0011275895624854977,-0.0006009623781417424,1.3544989249875776e-05,52.0,0.0,2.0,0.0,0.03846153846153846,0.0
B_shared,l14_mean,random_subspace,dev,all,14.195968434045666,0.015065258525706789,0.0798611111111111,0.030070326520293008,0.4421296296296296,0.021983124899563177,-0.00013912122828460086,2.96385098473261e-06,46.0,0.0,5.0,0.0,0.10869565217391307,0.0
B_shared,l14_mean,random_subspace,iid,all,14.240626241581879,0.015197417214263246,0.07638888888888888,0.031823442326082224,0.4415509259259259,0.0229228036115027,-0.00013949582303237208,3.088438341976424e-06,46.0,0.0,5.0,0.0,0.10869565217391307,0.0
B_shared,l14_mean,random_subspace,joint,all,14.150460414319758,0.015665019069774223,0.0,0.0,0.3058159722222222,0.002608503333561929,-0.00015041064834630329,2.305628655696288e-06,60.0,0.0,5.0,0.0,0.08333333333333333,0.0
B_shared,l14_mean,random_subspace,template,all,16.074885485953498,0.027826258053470956,0.0,0.0,0.3077070932539682,0.00772924417720713,-0.00015612430588939305,2.3369008554919087e-06,60.0,0.0,5.0,0.0,0.08333333333333331,0.0
B_shared,l14_mean,random_subspace,topic,all,13.872818283512068,0.013897874396755725,0.0642361111111111,0.018291065543147113,0.34221643518518513,0.017101006185025688,-0.0001388112488125206,3.2470955875399255e-06,88.0,0.0,5.0,0.0,0.0568181818181818,0.0
B_shared,l14_mean,random_subspace,train,all,14.19843048779458,0.015090728811170092,0.07638888888888888,0.031823442326082224,0.3634837962962963,0.02498316570880461,-0.00013854576115965937,3.042046085722327e-06,88.0,0.0,5.0,0.0,0.0568181818181818,0.0
B_shared,l14_mean,surface_selected,dev,seen,0.45102864845702256,0.155977527268455,0.9826388888888888,0.0060140653040586444,0.9913194444444445,0.003007032652029258,3.2502181685081166e-05,2.8026180247468097e-06,34.0,0.0,3.0,0.0,0.08823529411764706,0.0
B_shared,l14_mean,surface_selected,iid,seen,0.4577760361894967,0.16428932596667334,0.9756944444444443,0.00601406530405858,0.9878472222222223,0.0030070326520293222,3.3264919851045314e-05,2.3842172218507087e-06,34.0,0.0,3.0,0.0,0.08823529411764706,0.0
B_shared,l14_mean,surface_selected,joint,seen,0.49561581856363873,0.16379045151938332,0.53125,0.027063293868263706,0.765625,0.013531646934131853,6.785308058373842e-06,2.0514850960712457e-07,44.0,0.0,3.0,0.0,0.06818181818181818,0.0
B_shared,l14_mean,surface_selected,template,seen,1.0226359216569127,0.07186026648117455,0.5442708333333334,0.03157384284630766,0.771267361111111,0.015035163260146483,9.172180569694903e-06,1.8279270936280968e-06,44.0,0.0,3.0,0.0,0.06818181818181815,0.0
B_shared,l14_mean,surface_selected,topic,seen,0.43419621252294555,0.1458538558258689,0.8836805555555555,0.039436863512501925,0.9418402777777778,0.019718431756250925,2.1185256588183336e-05,1.7916333385650025e-06,64.0,0.0,3.0,0.0,0.046875,0.0
B_shared,l14_mean,surface_selected,train,seen,0.43757875566896237,0.15948093253197415,0.9774305555555555,0.003007032652029258,0.9887152777777778,0.0015035163260146932,3.4654165689392854e-05,2.5652886279725126e-06,64.0,0.0,3.0,0.0,0.046875,0.0
B_shared,l14_mean,surface_selected,dev,unseen,0.3584122706163342,0.1481686692476587,0.6875,0.15344708190266915,0.84375,0.07672354095133453,1.2619667555955325e-05,4.858119803871635e-06,28.0,0.0,2.0,0.0,0.07142857142857141,0.0
B_shared,l14_mean,surface_selected,iid,unseen,0.36509983181514755,0.15583763977601447,0.6736111111111112,0.11426724077711348,0.8362268518518517,0.0581359646058998,1.325761574876749e-05,4.154906594091809e-06,28.0,0.0,2.0,0.0,0.07142857142857141,0.0
B_shared,l14_mean,surface_selected,joint,unseen,0.36130216886641414,0.15914698159459134,0.2864583333333333,0.06314768569261532,0.6021701388888888,0.015420390644445933,-1.5213649041013674e-05,2.2002245478368448e-06,36.0,0.0,2.0,0.0,0.05555555555555556,8.498374721940739e-18
B_shared,l14_mean,surface_selected,template,unseen,0.9585291933404675,0.06854902089734764,0.34375,0.015625,0.6261284722222222,0.007199629961716602,-1.4242935485317063e-05,4.965076971600357e-06,36.0,0.0,2.0,0.0,0.05555555555555557,0.0
B_shared,l14_mean,surface_selected,topic,unseen,0.31869411134535824,0.14181588130916678,0.5086805555555556,0.03658213108629424,0.7513020833333334,0.02192162551940005,3.3910952671136073e-06,2.781640375923089e-06,52.0,0.0,2.0,0.0,0.03846153846153846,0.0
B_shared,l14_mean,surface_selected,train,unseen,0.3456248177917353,0.15241603007521887,0.7118055555555555,0.12503616375021412,0.8534432870370371,0.06449415216700657,1.445101166645292e-05,3.94225646038864e-06,52.0,0.0,2.0,0.0,0.03846153846153846,0.0
B_shared,l14_mean,surface_selected,dev,all,0.41398209732074714,0.1528539830439879,0.9826388888888888,0.0060140653040586444,0.9913194444444445,0.003007032652029258,3.2502181685081166e-05,2.8026180247468097e-06,46.0,0.0,5.0,0.0,0.10869565217391307,0.0
B_shared,l14_mean,surface_selected,iid,all,0.4207055544397571,0.16090863780890707,0.9756944444444443,0.00601406530405858,0.9878472222222223,0.0030070326520293222,3.3264919851045314e-05,2.3842172218507087e-06,46.0,0.0,5.0,0.0,0.10869565217391307,0.0
B_shared,l14_mean,surface_selected,joint,all,0.4418903586847489,0.16193238596297851,0.53125,0.027063293868263706,0.765625,0.013531646934131853,6.785308058373842e-06,2.0514850960712457e-07,60.0,0.0,5.0,0.0,0.08333333333333333,0.0
B_shared,l14_mean,surface_selected,template,all,0.9969932303303345,0.07051211150907483,0.5442708333333334,0.03157384284630766,0.771267361111111,0.015035163260146483,9.174625164558246e-06,1.824115268065748e-06,60.0,0.0,5.0,0.0,0.08333333333333331,0.0
B_shared,l14_mean,surface_selected,topic,all,0.38799537205191065,0.14423862283940184,0.8836805555555555,0.039436863512501925,0.9418402777777778,0.019718431756250925,2.1185256588183336e-05,1.7916333385650025e-06,88.0,0.0,5.0,0.0,0.0568181818181818,0.0
B_shared,l14_mean,surface_selected,train,all,0.4007971805180716,0.15665497104551446,0.9774305555555555,0.003007032652029258,0.9887152777777778,0.0015035163260146932,3.4654165689392854e-05,2.5652886279725126e-06,88.0,0.0,5.0,0.0,0.0568181818181818,0.0
B_conditional_f0,l14_mean,identity,dev,specified_f0,27.82127625535736,0.0,nan,nan,nan,nan,nan,nan,0.0,0.0,0.0,0.0,nan,nan
B_conditional_f0,l14_mean,identity,iid,specified_f0,27.879929138227638,0.0,nan,nan,nan,nan,nan,nan,0.0,0.0,0.0,0.0,nan,nan
B_conditional_f0,l14_mean,identity,joint,specified_f0,27.80392450585835,0.0,nan,nan,nan,nan,nan,nan,0.0,0.0,0.0,0.0,nan,nan
B_conditional_f0,l14_mean,identity,template,specified_f0,31.56083641174949,0.0,nan,nan,nan,nan,nan,nan,0.0,0.0,0.0,0.0,nan,nan
B_conditional_f0,l14_mean,identity,topic,specified_f0,27.25950050012334,0.0,nan,nan,nan,nan,nan,nan,0.0,0.0,0.0,0.0,nan,nan
B_conditional_f0,l14_mean,identity,train,specified_f0,27.820384629830386,0.0,nan,nan,nan,nan,nan,nan,0.0,0.0,0.0,0.0,nan,nan
B_conditional_f0,l14_mean,shift,dev,specified_f0,14.101526448731788,0.0013214961781746826,nan,nan,nan,nan,nan,nan,0.0,0.0,0.0,0.0,nan,nan
B_conditional_f0,l14_mean,shift,iid,specified_f0,14.145946633797905,0.0012163582369968543,nan,nan,nan,nan,nan,nan,0.0,0.0,0.0,0.0,nan,nan
B_conditional_f0,l14_mean,shift,joint,specified_f0,14.053818620513548,0.0009673017849664555,nan,nan,nan,nan,nan,nan,0.0,0.0,0.0,0.0,nan,nan
B_conditional_f0,l14_mean,shift,template,specified_f0,15.967438292624243,0.011751560583928438,nan,nan,nan,nan,nan,nan,0.0,0.0,0.0,0.0,nan,nan
B_conditional_f0,l14_mean,shift,topic,specified_f0,13.791572792411225,0.003042554088688629,nan,nan,nan,nan,nan,nan,0.0,0.0,0.0,0.0,nan,nan
B_conditional_f0,l14_mean,shift,train,specified_f0,14.106938525770461,0.001365404227399857,nan,nan,nan,nan,nan,nan,0.0,0.0,0.0,0.0,nan,nan
B_conditional_f0,l14_mean,rank1,dev,specified_f0,0.06431188208048565,0.0007518697430891982,nan,nan,nan,nan,nan,nan,0.0,0.0,0.0,0.0,nan,nan
B_conditional_f0,l14_mean,rank1,iid,specified_f0,0.06490681704106722,0.0007926694567164435,nan,nan,nan,nan,nan,nan,0.0,0.0,0.0,0.0,nan,nan
B_conditional_f0,l14_mean,rank1,joint,specified_f0,0.07130142274659759,0.0035747692513483117,nan,nan,nan,nan,nan,nan,0.0,0.0,0.0,0.0,nan,nan
B_conditional_f0,l14_mean,rank1,template,specified_f0,0.11472311193530794,0.001776316607022711,nan,nan,nan,nan,nan,nan,0.0,0.0,0.0,0.0,nan,nan
B_conditional_f0,l14_mean,rank1,topic,specified_f0,0.05847652401962033,0.00260507791470112,nan,nan,nan,nan,nan,nan,0.0,0.0,0.0,0.0,nan,nan
B_conditional_f0,l14_mean,rank1,train,specified_f0,0.06320552445218874,0.0013284149999825794,nan,nan,nan,nan,nan,nan,0.0,0.0,0.0,0.0,nan,nan
B_conditional_f0,l14_mean,lowrank,dev,specified_f0,0.021132179104695604,0.0003174151872023825,nan,nan,nan,nan,nan,nan,0.0,0.0,0.0,0.0,nan,nan
B_conditional_f0,l14_mean,lowrank,iid,specified_f0,0.021631199909369476,0.00047349567805830465,nan,nan,nan,nan,nan,nan,0.0,0.0,0.0,0.0,nan,nan
B_conditional_f0,l14_mean,lowrank,joint,specified_f0,0.03427097734900378,0.0037296420480044737,nan,nan,nan,nan,nan,nan,0.0,0.0,0.0,0.0,nan,nan
B_conditional_f0,l14_mean,lowrank,template,specified_f0,0.07331525298066277,0.0017063039174976728,nan,nan,nan,nan,nan,nan,0.0,0.0,0.0,0.0,nan,nan
B_conditional_f0,l14_mean,lowrank,topic,specified_f0,0.016925559871311623,0.0029726599082334493,nan,nan,nan,nan,nan,nan,0.0,0.0,0.0,0.0,nan,nan
B_conditional_f0,l14_mean,lowrank,train,specified_f0,0.01914499595896754,0.0009134549394566666,nan,nan,nan,nan,nan,nan,0.0,0.0,0.0,0.0,nan,nan
B_conditional_f0,l14_mean,full_delta,dev,specified_f0,0.02067747686831754,0.00031444423767053266,nan,nan,nan,nan,nan,nan,0.0,0.0,0.0,0.0,nan,nan
B_conditional_f0,l14_mean,full_delta,iid,specified_f0,0.021149443472162046,0.0004977852992800201,nan,nan,nan,nan,nan,nan,0.0,0.0,0.0,0.0,nan,nan
B_conditional_f0,l14_mean,full_delta,joint,specified_f0,0.03413732049044649,0.003720462967757021,nan,nan,nan,nan,nan,nan,0.0,0.0,0.0,0.0,nan,nan
B_conditional_f0,l14_mean,full_delta,template,specified_f0,0.07313999434200921,0.001702930826377855,nan,nan,nan,nan,nan,nan,0.0,0.0,0.0,0.0,nan,nan
B_conditional_f0,l14_mean,full_delta,topic,specified_f0,0.016761674605378335,0.0029636094410862702,nan,nan,nan,nan,nan,nan,0.0,0.0,0.0,0.0,nan,nan
B_conditional_f0,l14_mean,full_delta,train,specified_f0,0.018602272381950863,0.0009182143054441911,nan,nan,nan,nan,nan,nan,0.0,0.0,0.0,0.0,nan,nan
B_conditional_f0,l14_mean,full_affine,dev,specified_f0,0.02838463208870869,0.0006006884155061848,nan,nan,nan,nan,nan,nan,0.0,0.0,0.0,0.0,nan,nan
B_conditional_f0,l14_mean,full_affine,iid,specified_f0,0.028751179569268374,0.0001678368787976992,nan,nan,nan,nan,nan,nan,0.0,0.0,0.0,0.0,nan,nan
B_conditional_f0,l14_mean,full_affine,joint,specified_f0,0.05923714574375447,0.003634709742762726,nan,nan,nan,nan,nan,nan,0.0,0.0,0.0,0.0,nan,nan
B_conditional_f0,l14_mean,full_affine,template,specified_f0,0.09778199902800994,0.0013408611233257021,nan,nan,nan,nan,nan,nan,0.0,0.0,0.0,0.0,nan,nan
B_conditional_f0,l14_mean,full_affine,topic,specified_f0,0.035014464320693585,0.0029546114837418172,nan,nan,nan,nan,nan,nan,0.0,0.0,0.0,0.0,nan,nan
B_conditional_f0,l14_mean,full_affine,train,specified_f0,0.025218206294328197,0.0007180083350624391,nan,nan,nan,nan,nan,nan,0.0,0.0,0.0,0.0,nan,nan
B_conditional_f0,l14_mean,length_shift,dev,specified_f0,13.980270491405257,0.003606512583828451,nan,nan,nan,nan,nan,nan,0.0,0.0,0.0,0.0,nan,nan
B_conditional_f0,l14_mean,length_shift,iid,specified_f0,14.013223907950794,0.006718201054945529,nan,nan,nan,nan,nan,nan,0.0,0.0,0.0,0.0,nan,nan
B_conditional_f0,l14_mean,length_shift,joint,specified_f0,14.010790445357864,0.0029199775673040417,nan,nan,nan,nan,nan,nan,0.0,0.0,0.0,0.0,nan,nan
B_conditional_f0,l14_mean,length_shift,template,specified_f0,15.861311072726194,0.004015562360618778,nan,nan,nan,nan,nan,nan,0.0,0.0,0.0,0.0,nan,nan
B_conditional_f0,l14_mean,length_shift,topic,specified_f0,13.747769323466969,0.0018853413873943863,nan,nan,nan,nan,nan,nan,0.0,0.0,0.0,0.0,nan,nan
B_conditional_f0,l14_mean,length_shift,train,specified_f0,13.983683491441743,0.0029532192211678895,nan,nan,nan,nan,nan,nan,0.0,0.0,0.0,0.0,nan,nan
B_conditional_f0,l14_mean,source_token_ridge,dev,specified_f0,0.1650099987769915,0.004024005526595606,nan,nan,nan,nan,nan,nan,0.0,0.0,0.0,0.0,nan,nan
B_conditional_f0,l14_mean,source_token_ridge,iid,specified_f0,0.16855959229572395,0.0014714707168933731,nan,nan,nan,nan,nan,nan,0.0,0.0,0.0,0.0,nan,nan
B_conditional_f0,l14_mean,source_token_ridge,joint,specified_f0,0.18756494414898026,0.004701615505649141,nan,nan,nan,nan,nan,nan,0.0,0.0,0.0,0.0,nan,nan
B_conditional_f0,l14_mean,source_token_ridge,template,specified_f0,0.7629665364421991,0.12917769218314212,nan,nan,nan,nan,nan,nan,0.0,0.0,0.0,0.0,nan,nan
B_conditional_f0,l14_mean,source_token_ridge,topic,specified_f0,0.15211793990431496,0.0012739461536132087,nan,nan,nan,nan,nan,nan,0.0,0.0,0.0,0.0,nan,nan
B_conditional_f0,l14_mean,source_token_ridge,train,specified_f0,0.1510087096766002,0.0009828902916064295,nan,nan,nan,nan,nan,nan,0.0,0.0,0.0,0.0,nan,nan
B_conditional_f0,l14_mean,shuffled,dev,specified_f0,0.8717646487931737,0.07335021687404294,nan,nan,nan,nan,nan,nan,0.0,0.0,0.0,0.0,nan,nan
B_conditional_f0,l14_mean,shuffled,iid,specified_f0,0.8705571114129174,0.06623652688856105,nan,nan,nan,nan,nan,nan,0.0,0.0,0.0,0.0,nan,nan
B_conditional_f0,l14_mean,shuffled,joint,specified_f0,0.9374622259964807,0.07260671121678687,nan,nan,nan,nan,nan,nan,0.0,0.0,0.0,0.0,nan,nan
B_conditional_f0,l14_mean,shuffled,template,specified_f0,1.1929007184859783,0.04938844281175047,nan,nan,nan,nan,nan,nan,0.0,0.0,0.0,0.0,nan,nan
B_conditional_f0,l14_mean,shuffled,topic,specified_f0,0.6950036991648787,0.0845169068777168,nan,nan,nan,nan,nan,nan,0.0,0.0,0.0,0.0,nan,nan
B_conditional_f0,l14_mean,shuffled,train,specified_f0,0.8640155702678557,0.0794514820342313,nan,nan,nan,nan,nan,nan,0.0,0.0,0.0,0.0,nan,nan
B_conditional_f0,l14_mean,random_subspace,dev,specified_f0,14.002387597369898,0.012012201219109824,nan,nan,nan,nan,nan,nan,0.0,0.0,0.0,0.0,nan,nan
B_conditional_f0,l14_mean,random_subspace,iid,specified_f0,14.046481366820387,0.012155728518953846,nan,nan,nan,nan,nan,nan,0.0,0.0,0.0,0.0,nan,nan
B_conditional_f0,l14_mean,random_subspace,joint,specified_f0,13.955747649112672,0.012535234925734624,nan,nan,nan,nan,nan,nan,0.0,0.0,0.0,0.0,nan,nan
B_conditional_f0,l14_mean,random_subspace,template,specified_f0,15.856197091434241,0.02446074943257217,nan,nan,nan,nan,nan,nan,0.0,0.0,0.0,0.0,nan,nan
B_conditional_f0,l14_mean,random_subspace,topic,specified_f0,13.69458102795774,0.010809580106530128,nan,nan,nan,nan,nan,nan,0.0,0.0,0.0,0.0,nan,nan
B_conditional_f0,l14_mean,random_subspace,train,specified_f0,14.007768768898224,0.0120093876903037,nan,nan,nan,nan,nan,nan,0.0,0.0,0.0,0.0,nan,nan
B_conditional_f1,l14_mean,identity,dev,specified_f1,27.92670621620326,0.0,nan,nan,nan,nan,nan,nan,0.0,0.0,0.0,0.0,nan,nan
B_conditional_f1,l14_mean,identity,iid,specified_f1,27.980114456965463,0.0,nan,nan,nan,nan,nan,nan,0.0,0.0,0.0,0.0,nan,nan
B_conditional_f1,l14_mean,identity,joint,specified_f1,27.8941820204469,4.351167857633658e-15,nan,nan,nan,nan,nan,nan,0.0,0.0,0.0,0.0,nan,nan
B_conditional_f1,l14_mean,identity,template,specified_f1,31.64941156669295,0.0,nan,nan,nan,nan,nan,nan,0.0,0.0,0.0,0.0,nan,nan
B_conditional_f1,l14_mean,identity,topic,specified_f1,27.358086409003935,0.0,nan,nan,nan,nan,nan,nan,0.0,0.0,0.0,0.0,nan,nan
B_conditional_f1,l14_mean,identity,train,specified_f1,27.922312356752297,0.0,nan,nan,nan,nan,nan,nan,0.0,0.0,0.0,0.0,nan,nan
B_conditional_f1,l14_mean,shift,dev,specified_f1,14.102101576496102,0.0012554705023192416,nan,nan,nan,nan,nan,nan,0.0,0.0,0.0,0.0,nan,nan
B_conditional_f1,l14_mean,shift,iid,specified_f1,14.14444029557521,0.0011740707018753085,nan,nan,nan,nan,nan,nan,0.0,0.0,0.0,0.0,nan,nan
B_conditional_f1,l14_mean,shift,joint,specified_f1,14.051018045650553,0.0011556984245841427,nan,nan,nan,nan,nan,nan,0.0,0.0,0.0,0.0,nan,nan
B_conditional_f1,l14_mean,shift,template,specified_f1,15.963906362326371,0.011166171888474956,nan,nan,nan,nan,nan,nan,0.0,0.0,0.0,0.0,nan,nan
B_conditional_f1,l14_mean,shift,topic,specified_f1,13.792159501361034,0.002961028976020133,nan,nan,nan,nan,nan,nan,0.0,0.0,0.0,0.0,nan,nan
B_conditional_f1,l14_mean,shift,train,specified_f1,14.106399154372816,0.0013148895290376026,nan,nan,nan,nan,nan,nan,0.0,0.0,0.0,0.0,nan,nan
B_conditional_f1,l14_mean,rank1,dev,specified_f1,0.06535787957947892,0.000731241178414193,nan,nan,nan,nan,nan,nan,0.0,0.0,0.0,0.0,nan,nan
B_conditional_f1,l14_mean,rank1,iid,specified_f1,0.06596807270703553,0.0007406039633155674,nan,nan,nan,nan,nan,nan,0.0,0.0,0.0,0.0,nan,nan
B_conditional_f1,l14_mean,rank1,joint,specified_f1,0.0700373966045345,0.0033256124962411904,nan,nan,nan,nan,nan,nan,0.0,0.0,0.0,0.0,nan,nan
B_conditional_f1,l14_mean,rank1,template,specified_f1,0.11415732424823333,0.0016278361034508168,nan,nan,nan,nan,nan,nan,0.0,0.0,0.0,0.0,nan,nan
B_conditional_f1,l14_mean,rank1,topic,specified_f1,0.05957154498833649,0.002622793974291109,nan,nan,nan,nan,nan,nan,0.0,0.0,0.0,0.0,nan,nan
B_conditional_f1,l14_mean,rank1,train,specified_f1,0.06427357398815169,0.0012685530280064443,nan,nan,nan,nan,nan,nan,0.0,0.0,0.0,0.0,nan,nan
B_conditional_f1,l14_mean,lowrank,dev,specified_f1,0.02134139894557466,0.00033414792479742904,nan,nan,nan,nan,nan,nan,0.0,0.0,0.0,0.0,nan,nan
B_conditional_f1,l14_mean,lowrank,iid,specified_f1,0.02199383339970482,0.00037337793914260774,nan,nan,nan,nan,nan,nan,0.0,0.0,0.0,0.0,nan,nan
B_conditional_f1,l14_mean,lowrank,joint,specified_f1,0.033531621147092266,0.003619374830587347,nan,nan,nan,nan,nan,nan,0.0,0.0,0.0,0.0,nan,nan
B_conditional_f1,l14_mean,lowrank,template,specified_f1,0.07303790496815789,0.0016329847152525307,nan,nan,nan,nan,nan,nan,0.0,0.0,0.0,0.0,nan,nan
B_conditional_f1,l14_mean,lowrank,topic,specified_f1,0.01741733892494807,0.003007770797931676,nan,nan,nan,nan,nan,nan,0.0,0.0,0.0,0.0,nan,nan
B_conditional_f1,l14_mean,lowrank,train,specified_f1,0.019406290718918053,0.0008355165130379818,nan,nan,nan,nan,nan,nan,0.0,0.0,0.0,0.0,nan,nan
B_conditional_f1,l14_mean,full_delta,dev,specified_f1,0.020788757919329787,0.00034112029640845,nan,nan,nan,nan,nan,nan,0.0,0.0,0.0,0.0,nan,nan
B_conditional_f1,l14_mean,full_delta,iid,specified_f1,0.021416789345979067,0.0003722491316798475,nan,nan,nan,nan,nan,nan,0.0,0.0,0.0,0.0,nan,nan
B_conditional_f1,l14_mean,full_delta,joint,specified_f1,0.03335404505100493,0.0036074367249730025,nan,nan,nan,nan,nan,nan,0.0,0.0,0.0,0.0,nan,nan
B_conditional_f1,l14_mean,full_delta,template,specified_f1,0.07282253152913613,0.001628073084827314,nan,nan,nan,nan,nan,nan,0.0,0.0,0.0,0.0,nan,nan
B_conditional_f1,l14_mean,full_delta,topic,specified_f1,0.017219612412286978,0.003007016577540105,nan,nan,nan,nan,nan,nan,0.0,0.0,0.0,0.0,nan,nan
B_conditional_f1,l14_mean,full_delta,train,specified_f1,0.018780628358258878,0.0008234433753377965,nan,nan,nan,nan,nan,nan,0.0,0.0,0.0,0.0,nan,nan
B_conditional_f1,l14_mean,full_affine,dev,specified_f1,0.028190685145994713,0.0006440649626567119,nan,nan,nan,nan,nan,nan,0.0,0.0,0.0,0.0,nan,nan
B_conditional_f1,l14_mean,full_affine,iid,specified_f1,0.028660737742017207,0.00013127461051451762,nan,nan,nan,nan,nan,nan,0.0,0.0,0.0,0.0,nan,nan
B_conditional_f1,l14_mean,full_affine,joint,specified_f1,0.05901180809673671,0.0035635833660459435,nan,nan,nan,nan,nan,nan,0.0,0.0,0.0,0.0,nan,nan
B_conditional_f1,l14_mean,full_affine,template,specified_f1,0.09780639667617674,0.001338257734369351,nan,nan,nan,nan,nan,nan,0.0,0.0,0.0,0.0,nan,nan
B_conditional_f1,l14_mean,full_affine,topic,specified_f1,0.03510933173085212,0.0030148570120251197,nan,nan,nan,nan,nan,nan,0.0,0.0,0.0,0.0,nan,nan
B_conditional_f1,l14_mean,full_affine,train,specified_f1,0.025361136910000623,0.0006796625550754262,nan,nan,nan,nan,nan,nan,0.0,0.0,0.0,0.0,nan,nan
B_conditional_f1,l14_mean,length_shift,dev,specified_f1,13.978829929303174,0.0036757454881073464,nan,nan,nan,nan,nan,nan,0.0,0.0,0.0,0.0,nan,nan
B_conditional_f1,l14_mean,length_shift,iid,specified_f1,14.010800064273484,0.0065373440248700145,nan,nan,nan,nan,nan,nan,0.0,0.0,0.0,0.0,nan,nan
B_conditional_f1,l14_mean,length_shift,joint,specified_f1,14.0082120313833,0.0025277991433844634,nan,nan,nan,nan,nan,nan,0.0,0.0,0.0,0.0,nan,nan
B_conditional_f1,l14_mean,length_shift,template,specified_f1,15.859236011430275,0.0036636029161349866,nan,nan,nan,nan,nan,nan,0.0,0.0,0.0,0.0,nan,nan
B_conditional_f1,l14_mean,length_shift,topic,specified_f1,13.746593905674386,0.0017448141685420565,nan,nan,nan,nan,nan,nan,0.0,0.0,0.0,0.0,nan,nan
B_conditional_f1,l14_mean,length_shift,train,specified_f1,13.981711989981038,0.002851392867519688,nan,nan,nan,nan,nan,nan,0.0,0.0,0.0,0.0,nan,nan
B_conditional_f1,l14_mean,source_token_ridge,dev,specified_f1,0.16502604191053202,0.003977604545591973,nan,nan,nan,nan,nan,nan,0.0,0.0,0.0,0.0,nan,nan
B_conditional_f1,l14_mean,source_token_ridge,iid,specified_f1,0.16862643903990973,0.0014273295577559352,nan,nan,nan,nan,nan,nan,0.0,0.0,0.0,0.0,nan,nan
B_conditional_f1,l14_mean,source_token_ridge,joint,specified_f1,0.18626113778413578,0.004617073659722297,nan,nan,nan,nan,nan,nan,0.0,0.0,0.0,0.0,nan,nan
B_conditional_f1,l14_mean,source_token_ridge,template,specified_f1,0.7623407729241185,0.12930759743651357,nan,nan,nan,nan,nan,nan,0.0,0.0,0.0,0.0,nan,nan
B_conditional_f1,l14_mean,source_token_ridge,topic,specified_f1,0.15302789659868646,0.0012857903838466608,nan,nan,nan,nan,nan,nan,0.0,0.0,0.0,0.0,nan,nan
B_conditional_f1,l14_mean,source_token_ridge,train,specified_f1,0.15102574808654115,0.0009346079033052772,nan,nan,nan,nan,nan,nan,0.0,0.0,0.0,0.0,nan,nan
B_conditional_f1,l14_mean,shuffled,dev,specified_f1,0.868202655463953,0.07215661994299968,nan,nan,nan,nan,nan,nan,0.0,0.0,0.0,0.0,nan,nan
B_conditional_f1,l14_mean,shuffled,iid,specified_f1,0.8706956398154797,0.06508702645835286,nan,nan,nan,nan,nan,nan,0.0,0.0,0.0,0.0,nan,nan
B_conditional_f1,l14_mean,shuffled,joint,specified_f1,0.936099367556127,0.07174457728981254,nan,nan,nan,nan,nan,nan,0.0,0.0,0.0,0.0,nan,nan
B_conditional_f1,l14_mean,shuffled,template,specified_f1,1.1943387528109632,0.049559967189750746,nan,nan,nan,nan,nan,nan,0.0,0.0,0.0,0.0,nan,nan
B_conditional_f1,l14_mean,shuffled,topic,specified_f1,0.6910994992140237,0.0834738585308889,nan,nan,nan,nan,nan,nan,0.0,0.0,0.0,0.0,nan,nan
B_conditional_f1,l14_mean,shuffled,train,specified_f1,0.862287310016626,0.07833905617638336,nan,nan,nan,nan,nan,nan,0.0,0.0,0.0,0.0,nan,nan
B_conditional_f1,l14_mean,random_subspace,dev,specified_f1,14.002969244202427,0.012079172551556851,nan,nan,nan,nan,nan,nan,0.0,0.0,0.0,0.0,nan,nan
B_conditional_f1,l14_mean,random_subspace,iid,specified_f1,14.044979181858858,0.012206730556440119,nan,nan,nan,nan,nan,nan,0.0,0.0,0.0,0.0,nan,nan
B_conditional_f1,l14_mean,random_subspace,joint,specified_f1,13.95298411438075,0.012389370354758223,nan,nan,nan,nan,nan,nan,0.0,0.0,0.0,0.0,nan,nan
B_conditional_f1,l14_mean,random_subspace,template,specified_f1,15.852689534300907,0.02381723274429915,nan,nan,nan,nan,nan,nan,0.0,0.0,0.0,0.0,nan,nan
B_conditional_f1,l14_mean,random_subspace,topic,specified_f1,13.695176618901693,0.010926817797876756,nan,nan,nan,nan,nan,nan,0.0,0.0,0.0,0.0,nan,nan
B_conditional_f1,l14_mean,random_subspace,train,specified_f1,14.00723510022722,0.012068035617330417,nan,nan,nan,nan,nan,nan,0.0,0.0,0.0,0.0,nan,nan
B_conditional_f2,l14_mean,identity,dev,specified_f2,26.585304863534603,0.0,nan,nan,nan,nan,nan,nan,0.0,0.0,0.0,0.0,nan,nan
B_conditional_f2,l14_mean,identity,iid,specified_f2,26.64602355720683,0.0,nan,nan,nan,nan,nan,nan,0.0,0.0,0.0,0.0,nan,nan
B_conditional_f2,l14_mean,identity,joint,specified_f2,26.858463085671954,0.0,nan,nan,nan,nan,nan,nan,0.0,0.0,0.0,0.0,nan,nan
B_conditional_f2,l14_mean,identity,template,specified_f2,32.28846313950977,0.0,nan,nan,nan,nan,nan,nan,0.0,0.0,0.0,0.0,nan,nan
B_conditional_f2,l14_mean,identity,topic,specified_f2,25.86149111357881,0.0,nan,nan,nan,nan,nan,nan,0.0,0.0,0.0,0.0,nan,nan
B_conditional_f2,l14_mean,identity,train,specified_f2,26.57385756120765,0.0,nan,nan,nan,nan,nan,nan,0.0,0.0,0.0,0.0,nan,nan
B_conditional_f2,l14_mean,shift,dev,specified_f2,14.389578818514346,0.0013928349363026503,nan,nan,nan,nan,nan,nan,0.0,0.0,0.0,0.0,nan,nan
B_conditional_f2,l14_mean,shift,iid,specified_f2,14.442315806545352,0.0013241093848388628,nan,nan,nan,nan,nan,nan,0.0,0.0,0.0,0.0,nan,nan
B_conditional_f2,l14_mean,shift,joint,specified_f2,14.366290589834813,0.000818437191798522,nan,nan,nan,nan,nan,nan,0.0,0.0,0.0,0.0,nan,nan
B_conditional_f2,l14_mean,shift,template,specified_f2,16.325817421066102,0.02804554271940206,nan,nan,nan,nan,nan,nan,0.0,0.0,0.0,0.0,nan,nan
B_conditional_f2,l14_mean,shift,topic,specified_f2,14.015473174105642,0.00419644182650872,nan,nan,nan,nan,nan,nan,0.0,0.0,0.0,0.0,nan,nan
B_conditional_f2,l14_mean,shift,train,specified_f2,14.384335088053268,0.0014515575604692789,nan,nan,nan,nan,nan,nan,0.0,0.0,0.0,0.0,nan,nan
B_conditional_f2,l14_mean,rank1,dev,specified_f2,0.06723576542744633,0.00039960696119177867,nan,nan,nan,nan,nan,nan,0.0,0.0,0.0,0.0,nan,nan
B_conditional_f2,l14_mean,rank1,iid,specified_f2,0.06785244928079494,0.0001598019144448458,nan,nan,nan,nan,nan,nan,0.0,0.0,0.0,0.0,nan,nan
B_conditional_f2,l14_mean,rank1,joint,specified_f2,0.06932811868384582,0.001374201844222251,nan,nan,nan,nan,nan,nan,0.0,0.0,0.0,0.0,nan,nan
B_conditional_f2,l14_mean,rank1,template,specified_f2,0.09219417843467537,0.001008752109107493,nan,nan,nan,nan,nan,nan,0.0,0.0,0.0,0.0,nan,nan
B_conditional_f2,l14_mean,rank1,topic,specified_f2,0.0633590048888895,0.0013587550840624336,nan,nan,nan,nan,nan,nan,0.0,0.0,0.0,0.0,nan,nan
B_conditional_f2,l14_mean,rank1,train,specified_f2,0.0671617936958055,0.0005223922263087391,nan,nan,nan,nan,nan,nan,0.0,0.0,0.0,0.0,nan,nan
B_conditional_f2,l14_mean,lowrank,dev,specified_f2,0.013717582292515289,0.00035769396462643344,nan,nan,nan,nan,nan,nan,0.0,0.0,0.0,0.0,nan,nan
B_conditional_f2,l14_mean,lowrank,iid,specified_f2,0.014035395148316256,0.00018899384067545745,nan,nan,nan,nan,nan,nan,0.0,0.0,0.0,0.0,nan,nan
B_conditional_f2,l14_mean,lowrank,joint,specified_f2,0.022114949540047852,0.001603201193193248,nan,nan,nan,nan,nan,nan,0.0,0.0,0.0,0.0,nan,nan
B_conditional_f2,l14_mean,lowrank,template,specified_f2,0.03869652811116923,0.0007464966061455483,nan,nan,nan,nan,nan,nan,0.0,0.0,0.0,0.0,nan,nan
B_conditional_f2,l14_mean,lowrank,topic,specified_f2,0.013811375262799316,0.0016279382478135685,nan,nan,nan,nan,nan,nan,0.0,0.0,0.0,0.0,nan,nan
B_conditional_f2,l14_mean,lowrank,train,specified_f2,0.012559318676147908,0.0002007685922441955,nan,nan,nan,nan,nan,nan,0.0,0.0,0.0,0.0,nan,nan
B_conditional_f2,l14_mean,full_delta,dev,specified_f2,0.012936556919109604,0.00036489009272765307,nan,nan,nan,nan,nan,nan,0.0,0.0,0.0,0.0,nan,nan
B_conditional_f2,l14_mean,full_delta,iid,specified_f2,0.013243440261841313,0.00020762867489221314,nan,nan,nan,nan,nan,nan,0.0,0.0,0.0,0.0,nan,nan
B_conditional_f2,l14_mean,full_delta,joint,specified_f2,0.021817587198796156,0.0015907681379162529,nan,nan,nan,nan,nan,nan,0.0,0.0,0.0,0.0,nan,nan
B_conditional_f2,l14_mean,full_delta,template,specified_f2,0.038253258347840595,0.0007079833432941158,nan,nan,nan,nan,nan,nan,0.0,0.0,0.0,0.0,nan,nan
B_conditional_f2,l14_mean,full_delta,topic,specified_f2,0.013456391199312473,0.001630251093279202,nan,nan,nan,nan,nan,nan,0.0,0.0,0.0,0.0,nan,nan
B_conditional_f2,l14_mean,full_delta,train,specified_f2,0.011731403765299334,0.00018898688521363038,nan,nan,nan,nan,nan,nan,0.0,0.0,0.0,0.0,nan,nan
B_conditional_f2,l14_mean,full_affine,dev,specified_f2,0.013338363128057001,0.0004552849939598566,nan,nan,nan,nan,nan,nan,0.0,0.0,0.0,0.0,nan,nan
B_conditional_f2,l14_mean,full_affine,iid,specified_f2,0.013693326056589267,0.00022315779450965355,nan,nan,nan,nan,nan,nan,0.0,0.0,0.0,0.0,nan,nan
B_conditional_f2,l14_mean,full_affine,joint,specified_f2,0.03167542115615097,0.001599397410072812,nan,nan,nan,nan,nan,nan,0.0,0.0,0.0,0.0,nan,nan
B_conditional_f2,l14_mean,full_affine,template,specified_f2,0.04491463016398745,0.0006486247938113848,nan,nan,nan,nan,nan,nan,0.0,0.0,0.0,0.0,nan,nan
B_conditional_f2,l14_mean,full_affine,topic,specified_f2,0.017599370938190435,0.0016195953096904494,nan,nan,nan,nan,nan,nan,0.0,0.0,0.0,0.0,nan,nan
B_conditional_f2,l14_mean,full_affine,train,specified_f2,0.012050069745978624,0.00026151161735328787,nan,nan,nan,nan,nan,nan,0.0,0.0,0.0,0.0,nan,nan
B_conditional_f2,l14_mean,length_shift,dev,specified_f2,13.935770138329515,0.003647756871539187,nan,nan,nan,nan,nan,nan,0.0,0.0,0.0,0.0,nan,nan
B_conditional_f2,l14_mean,length_shift,iid,specified_f2,13.963754737772584,0.006555234242683461,nan,nan,nan,nan,nan,nan,0.0,0.0,0.0,0.0,nan,nan
B_conditional_f2,l14_mean,length_shift,joint,specified_f2,14.007267334890356,0.0006292952933891687,nan,nan,nan,nan,nan,nan,0.0,0.0,0.0,0.0,nan,nan
B_conditional_f2,l14_mean,length_shift,template,specified_f2,15.741768548069862,0.0008123862467322322,nan,nan,nan,nan,nan,nan,0.0,0.0,0.0,0.0,nan,nan
B_conditional_f2,l14_mean,length_shift,topic,specified_f2,13.750442327264123,0.002392602100771657,nan,nan,nan,nan,nan,nan,0.0,0.0,0.0,0.0,nan,nan
B_conditional_f2,l14_mean,length_shift,train,specified_f2,13.933320556842842,0.002693937286864758,nan,nan,nan,nan,nan,nan,0.0,0.0,0.0,0.0,nan,nan
B_conditional_f2,l14_mean,source_token_ridge,dev,specified_f2,0.1722166644210352,0.00446029541964302,nan,nan,nan,nan,nan,nan,0.0,0.0,0.0,0.0,nan,nan
B_conditional_f2,l14_mean,source_token_ridge,iid,specified_f2,0.17556889492969704,0.0012935793226077196,nan,nan,nan,nan,nan,nan,0.0,0.0,0.0,0.0,nan,nan
B_conditional_f2,l14_mean,source_token_ridge,joint,specified_f2,0.2821999760068674,0.01743402468421217,nan,nan,nan,nan,nan,nan,0.0,0.0,0.0,0.0,nan,nan
B_conditional_f2,l14_mean,source_token_ridge,template,specified_f2,0.681227320028371,0.12443279992268048,nan,nan,nan,nan,nan,nan,0.0,0.0,0.0,0.0,nan,nan
B_conditional_f2,l14_mean,source_token_ridge,topic,specified_f2,0.19976123769573276,0.004929729930578165,nan,nan,nan,nan,nan,nan,0.0,0.0,0.0,0.0,nan,nan
B_conditional_f2,l14_mean,source_token_ridge,train,specified_f2,0.1580421181130389,0.0017179265887302842,nan,nan,nan,nan,nan,nan,0.0,0.0,0.0,0.0,nan,nan
B_conditional_f2,l14_mean,shuffled,dev,specified_f2,0.4009296225299448,0.0423200791779823,nan,nan,nan,nan,nan,nan,0.0,0.0,0.0,0.0,nan,nan
B_conditional_f2,l14_mean,shuffled,iid,specified_f2,0.3961667521259349,0.03937569387474676,nan,nan,nan,nan,nan,nan,0.0,0.0,0.0,0.0,nan,nan
B_conditional_f2,l14_mean,shuffled,joint,specified_f2,0.4212735463777739,0.040235255800713784,nan,nan,nan,nan,nan,nan,0.0,0.0,0.0,0.0,nan,nan
B_conditional_f2,l14_mean,shuffled,template,specified_f2,0.5184856811042629,0.024382537382767234,nan,nan,nan,nan,nan,nan,0.0,0.0,0.0,0.0,nan,nan
B_conditional_f2,l14_mean,shuffled,topic,specified_f2,0.3280036384209093,0.04744861563586714,nan,nan,nan,nan,nan,nan,0.0,0.0,0.0,0.0,nan,nan
B_conditional_f2,l14_mean,shuffled,train,specified_f2,0.39713234310637674,0.04503051810675502,nan,nan,nan,nan,nan,nan,0.0,0.0,0.0,0.0,nan,nan
B_conditional_f2,l14_mean,random_subspace,dev,specified_f2,14.288481719749308,0.013378437636954716,nan,nan,nan,nan,nan,nan,0.0,0.0,0.0,0.0,nan,nan
B_conditional_f2,l14_mean,random_subspace,iid,specified_f2,14.340817430052988,0.013483772896729704,nan,nan,nan,nan,nan,nan,0.0,0.0,0.0,0.0,nan,nan
B_conditional_f2,l14_mean,random_subspace,joint,specified_f2,14.266016635190512,0.013804604985578919,nan,nan,nan,nan,nan,nan,0.0,0.0,0.0,0.0,nan,nan
B_conditional_f2,l14_mean,random_subspace,template,specified_f2,16.21190845917397,0.033187658765315084,nan,nan,nan,nan,nan,nan,0.0,0.0,0.0,0.0,nan,nan
B_conditional_f2,l14_mean,random_subspace,topic,specified_f2,13.916974850870345,0.013473157390536523,nan,nan,nan,nan,nan,nan,0.0,0.0,0.0,0.0,nan,nan
B_conditional_f2,l14_mean,random_subspace,train,specified_f2,14.28327625337019,0.01342858302804416,nan,nan,nan,nan,nan,nan,0.0,0.0,0.0,0.0,nan,nan
A_negation,l14_mean,identity,dev,specified_edit,0.03861501840932657,0.0,nan,nan,nan,nan,nan,nan,0.0,0.0,0.0,0.0,nan,nan
A_negation,l14_mean,identity,iid,specified_edit,0.038690956677673416,0.0,nan,nan,nan,nan,nan,nan,0.0,0.0,0.0,0.0,nan,nan
A_negation,l14_mean,identity,joint,specified_edit,0.036585021084502636,0.0,nan,nan,nan,nan,nan,nan,0.0,0.0,0.0,0.0,nan,nan
A_negation,l14_mean,identity,template,specified_edit,0.0370021294317599,0.0,nan,nan,nan,nan,nan,nan,0.0,0.0,0.0,0.0,nan,nan
A_negation,l14_mean,identity,topic,specified_edit,0.03793716719062864,0.0,nan,nan,nan,nan,nan,nan,0.0,0.0,0.0,0.0,nan,nan
A_negation,l14_mean,identity,train,specified_edit,0.03850001120017718,0.0,nan,nan,nan,nan,nan,nan,0.0,0.0,0.0,0.0,nan,nan
A_negation,l14_mean,shift,dev,specified_edit,0.013430915296121317,2.778700589916013e-05,nan,nan,nan,nan,nan,nan,0.0,0.0,0.0,0.0,nan,nan
A_negation,l14_mean,shift,iid,specified_edit,0.013519110855740165,2.728654761380946e-05,nan,nan,nan,nan,nan,nan,0.0,0.0,0.0,0.0,nan,nan
A_negation,l14_mean,shift,joint,specified_edit,0.018325903375587496,0.00036656274696120477,nan,nan,nan,nan,nan,nan,0.0,0.0,0.0,0.0,nan,nan
A_negation,l14_mean,shift,template,specified_edit,0.018239293646055407,0.00042061125678246854,nan,nan,nan,nan,nan,nan,0.0,0.0,0.0,0.0,nan,nan
A_negation,l14_mean,shift,topic,specified_edit,0.012954620823939665,2.0153056481886183e-05,nan,nan,nan,nan,nan,nan,0.0,0.0,0.0,0.0,nan,nan
A_negation,l14_mean,shift,train,specified_edit,0.013368607837719433,2.941951824866158e-05,nan,nan,nan,nan,nan,nan,0.0,0.0,0.0,0.0,nan,nan
A_negation,l14_mean,rank1,dev,specified_edit,0.010931099801648763,3.1900339096337865e-05,nan,nan,nan,nan,nan,nan,0.0,0.0,0.0,0.0,nan,nan
A_negation,l14_mean,rank1,iid,specified_edit,0.010980101724179602,5.297199142505652e-05,nan,nan,nan,nan,nan,nan,0.0,0.0,0.0,0.0,nan,nan
A_negation,l14_mean,rank1,joint,specified_edit,0.01839199781095849,0.0003384577402038886,nan,nan,nan,nan,nan,nan,0.0,0.0,0.0,0.0,nan,nan
A_negation,l14_mean,rank1,template,specified_edit,0.018268721309987798,0.0004000808569591429,nan,nan,nan,nan,nan,nan,0.0,0.0,0.0,0.0,nan,nan
A_negation,l14_mean,rank1,topic,specified_edit,0.010428536282151984,6.444444143047336e-06,nan,nan,nan,nan,nan,nan,0.0,0.0,0.0,0.0,nan,nan
A_negation,l14_mean,rank1,train,specified_edit,0.010861063969394597,3.0393992988304587e-05,nan,nan,nan,nan,nan,nan,0.0,0.0,0.0,0.0,nan,nan
A_negation,l14_mean,lowrank,dev,specified_edit,0.0034717105509676012,8.075602368510195e-05,nan,nan,nan,nan,nan,nan,0.0,0.0,0.0,0.0,nan,nan
A_negation,l14_mean,lowrank,iid,specified_edit,0.0033754134387274874,0.00010570845789992342,nan,nan,nan,nan,nan,nan,0.0,0.0,0.0,0.0,nan,nan
A_negation,l14_mean,lowrank,joint,specified_edit,0.017232432817680554,0.00020804864253749357,nan,nan,nan,nan,nan,nan,0.0,0.0,0.0,0.0,nan,nan
A_negation,l14_mean,lowrank,template,specified_edit,0.017037822593147095,0.00010881482495418213,nan,nan,nan,nan,nan,nan,0.0,0.0,0.0,0.0,nan,nan
A_negation,l14_mean,lowrank,topic,specified_edit,0.004619751277640321,8.760204878260867e-05,nan,nan,nan,nan,nan,nan,0.0,0.0,0.0,0.0,nan,nan
A_negation,l14_mean,lowrank,train,specified_edit,0.0021720287257556777,6.399533402134812e-05,nan,nan,nan,nan,nan,nan,0.0,0.0,0.0,0.0,nan,nan
A_negation,l14_mean,full_delta,dev,specified_edit,0.0027954121395983972,7.349282118819388e-05,nan,nan,nan,nan,nan,nan,0.0,0.0,0.0,0.0,nan,nan
A_negation,l14_mean,full_delta,iid,specified_edit,0.0027014539600705456,5.5197862372566525e-05,nan,nan,nan,nan,nan,nan,0.0,0.0,0.0,0.0,nan,nan
A_negation,l14_mean,full_delta,joint,specified_edit,0.017159808523832695,0.00016374947524836598,nan,nan,nan,nan,nan,nan,0.0,0.0,0.0,0.0,nan,nan
A_negation,l14_mean,full_delta,template,specified_edit,0.016941667629943348,9.83966335722501e-05,nan,nan,nan,nan,nan,nan,0.0,0.0,0.0,0.0,nan,nan
A_negation,l14_mean,full_delta,topic,specified_edit,0.004410655433717132,6.595502469719253e-05,nan,nan,nan,nan,nan,nan,0.0,0.0,0.0,0.0,nan,nan
A_negation,l14_mean,full_delta,train,specified_edit,0.001537569427312326,4.724844144231134e-05,nan,nan,nan,nan,nan,nan,0.0,0.0,0.0,0.0,nan,nan
A_negation,l14_mean,full_affine,dev,specified_edit,0.006188311864121051,0.0005092563447574278,nan,nan,nan,nan,nan,nan,0.0,0.0,0.0,0.0,nan,nan
A_negation,l14_mean,full_affine,iid,specified_edit,0.006050284509505062,0.0003367558624215149,nan,nan,nan,nan,nan,nan,0.0,0.0,0.0,0.0,nan,nan
A_negation,l14_mean,full_affine,joint,specified_edit,0.04059933198664666,5.4686714890581755e-05,nan,nan,nan,nan,nan,nan,0.0,0.0,0.0,0.0,nan,nan
A_negation,l14_mean,full_affine,template,specified_edit,0.040318107055250615,0.0002755962587230359,nan,nan,nan,nan,nan,nan,0.0,0.0,0.0,0.0,nan,nan
A_negation,l14_mean,full_affine,topic,specified_edit,0.022088492418965003,9.30511802301592e-05,nan,nan,nan,nan,nan,nan,0.0,0.0,0.0,0.0,nan,nan
A_negation,l14_mean,full_affine,train,specified_edit,0.004368559921577635,0.0004649185786994869,nan,nan,nan,nan,nan,nan,0.0,0.0,0.0,0.0,nan,nan
A_negation,l14_mean,length_shift,dev,specified_edit,0.012849940814669716,0.0001176149529302208,nan,nan,nan,nan,nan,nan,0.0,0.0,0.0,0.0,nan,nan
A_negation,l14_mean,length_shift,iid,specified_edit,0.012933627646161244,0.00010208367780531988,nan,nan,nan,nan,nan,nan,0.0,0.0,0.0,0.0,nan,nan
A_negation,l14_mean,length_shift,joint,specified_edit,0.019798336853624976,0.0004193863785138141,nan,nan,nan,nan,nan,nan,0.0,0.0,0.0,0.0,nan,nan
A_negation,l14_mean,length_shift,template,specified_edit,0.01920674901179082,0.0002550910157158917,nan,nan,nan,nan,nan,nan,0.0,0.0,0.0,0.0,nan,nan
A_negation,l14_mean,length_shift,topic,specified_edit,0.012601781399685508,0.00022087361813017962,nan,nan,nan,nan,nan,nan,0.0,0.0,0.0,0.0,nan,nan
A_negation,l14_mean,length_shift,train,specified_edit,0.012631345260818008,0.00010407905316024124,nan,nan,nan,nan,nan,nan,0.0,0.0,0.0,0.0,nan,nan
A_negation,l14_mean,source_token_ridge,dev,specified_edit,0.004415737778688499,0.00019445295889652153,nan,nan,nan,nan,nan,nan,0.0,0.0,0.0,0.0,nan,nan
A_negation,l14_mean,source_token_ridge,iid,specified_edit,0.004351250047591622,0.00011770312218712638,nan,nan,nan,nan,nan,nan,0.0,0.0,0.0,0.0,nan,nan
A_negation,l14_mean,source_token_ridge,joint,specified_edit,0.01776658196420899,0.0001807290841594642,nan,nan,nan,nan,nan,nan,0.0,0.0,0.0,0.0,nan,nan
A_negation,l14_mean,source_token_ridge,template,specified_edit,0.018009361800937023,0.0003311810247406591,nan,nan,nan,nan,nan,nan,0.0,0.0,0.0,0.0,nan,nan
A_negation,l14_mean,source_token_ridge,topic,specified_edit,0.006686746456192559,6.162186653999774e-05,nan,nan,nan,nan,nan,nan,0.0,0.0,0.0,0.0,nan,nan
A_negation,l14_mean,source_token_ridge,train,specified_edit,0.002371593329581728,0.00015652266664511956,nan,nan,nan,nan,nan,nan,0.0,0.0,0.0,0.0,nan,nan
A_negation,l14_mean,shuffled,dev,specified_edit,0.7298169224050906,0.16997414365827757,nan,nan,nan,nan,nan,nan,0.0,0.0,0.0,0.0,nan,nan
A_negation,l14_mean,shuffled,iid,specified_edit,0.7243771604717791,0.16676997076355876,nan,nan,nan,nan,nan,nan,0.0,0.0,0.0,0.0,nan,nan
A_negation,l14_mean,shuffled,joint,specified_edit,0.7824263860748205,0.16667572522812962,nan,nan,nan,nan,nan,nan,0.0,0.0,0.0,0.0,nan,nan
A_negation,l14_mean,shuffled,template,specified_edit,0.9897743265744349,0.15721506728691864,nan,nan,nan,nan,nan,nan,0.0,0.0,0.0,0.0,nan,nan
A_negation,l14_mean,shuffled,topic,specified_edit,0.5783680413121219,0.1364129650764752,nan,nan,nan,nan,nan,nan,0.0,0.0,0.0,0.0,nan,nan
A_negation,l14_mean,shuffled,train,specified_edit,0.7230815615482883,0.166658999269487,nan,nan,nan,nan,nan,nan,0.0,0.0,0.0,0.0,nan,nan
A_negation,l14_mean,random_subspace,dev,specified_edit,0.013338356211126466,2.9685597184756037e-05,nan,nan,nan,nan,nan,nan,0.0,0.0,0.0,0.0,nan,nan
A_negation,l14_mean,random_subspace,iid,specified_edit,0.01342499268637961,2.7772556352694303e-05,nan,nan,nan,nan,nan,nan,0.0,0.0,0.0,0.0,nan,nan
A_negation,l14_mean,random_subspace,joint,specified_edit,0.018312247642856983,0.00036215131936385894,nan,nan,nan,nan,nan,nan,0.0,0.0,0.0,0.0,nan,nan
A_negation,l14_mean,random_subspace,template,specified_edit,0.018227172902141296,0.00041763634441562204,nan,nan,nan,nan,nan,nan,0.0,0.0,0.0,0.0,nan,nan
A_negation,l14_mean,random_subspace,topic,specified_edit,0.012879407948639668,2.05881740393161e-05,nan,nan,nan,nan,nan,nan,0.0,0.0,0.0,0.0,nan,nan
A_negation,l14_mean,random_subspace,train,specified_edit,0.013266494461856232,3.129262795432076e-05,nan,nan,nan,nan,nan,nan,0.0,0.0,0.0,0.0,nan,nan
A_time,l14_mean,identity,dev,specified_edit,17.7546601076146,0.0,nan,nan,nan,nan,nan,nan,0.0,0.0,0.0,0.0,nan,nan
A_time,l14_mean,identity,iid,specified_edit,17.753098750085503,0.0,nan,nan,nan,nan,nan,nan,0.0,0.0,0.0,0.0,nan,nan
A_time,l14_mean,identity,joint,specified_edit,17.942894008827096,0.0,nan,nan,nan,nan,nan,nan,0.0,0.0,0.0,0.0,nan,nan
A_time,l14_mean,identity,template,specified_edit,19.78270752256078,0.0,nan,nan,nan,nan,nan,nan,0.0,0.0,0.0,0.0,nan,nan
A_time,l14_mean,identity,topic,specified_edit,17.633634176012762,0.0,nan,nan,nan,nan,nan,nan,0.0,0.0,0.0,0.0,nan,nan
A_time,l14_mean,identity,train,specified_edit,17.755923989173237,0.0,nan,nan,nan,nan,nan,nan,0.0,0.0,0.0,0.0,nan,nan
A_time,l14_mean,shift,dev,specified_edit,0.09068632642836101,0.00024888196409490797,nan,nan,nan,nan,nan,nan,0.0,0.0,0.0,0.0,nan,nan
A_time,l14_mean,shift,iid,specified_edit,0.09102823510951248,0.00025595411334410534,nan,nan,nan,nan,nan,nan,0.0,0.0,0.0,0.0,nan,nan
A_time,l14_mean,shift,joint,specified_edit,0.09762260812831758,0.0005081444811948579,nan,nan,nan,nan,nan,nan,0.0,0.0,0.0,0.0,nan,nan
A_time,l14_mean,shift,template,specified_edit,0.12215130966113236,0.007401159206279859,nan,nan,nan,nan,nan,nan,0.0,0.0,0.0,0.0,nan,nan
A_time,l14_mean,shift,topic,specified_edit,0.07378374490980995,0.0006092145900703066,nan,nan,nan,nan,nan,nan,0.0,0.0,0.0,0.0,nan,nan
A_time,l14_mean,shift,train,specified_edit,0.09069316079418764,0.0002457238321781453,nan,nan,nan,nan,nan,nan,0.0,0.0,0.0,0.0,nan,nan
A_time,l14_mean,rank1,dev,specified_edit,0.004757105936967779,3.4823171627159684e-05,nan,nan,nan,nan,nan,nan,0.0,0.0,0.0,0.0,nan,nan
A_time,l14_mean,rank1,iid,specified_edit,0.004812145879073928,9.597515345634395e-06,nan,nan,nan,nan,nan,nan,0.0,0.0,0.0,0.0,nan,nan
A_time,l14_mean,rank1,joint,specified_edit,0.006156284666922723,6.664427291050288e-05,nan,nan,nan,nan,nan,nan,0.0,0.0,0.0,0.0,nan,nan
A_time,l14_mean,rank1,template,specified_edit,0.0066823069168358345,7.345302645111914e-05,nan,nan,nan,nan,nan,nan,0.0,0.0,0.0,0.0,nan,nan
A_time,l14_mean,rank1,topic,specified_edit,0.004703766475631266,4.179724107294942e-05,nan,nan,nan,nan,nan,nan,0.0,0.0,0.0,0.0,nan,nan
A_time,l14_mean,rank1,train,specified_edit,0.004749570716450349,1.2138013892914657e-05,nan,nan,nan,nan,nan,nan,0.0,0.0,0.0,0.0,nan,nan
A_time,l14_mean,lowrank,dev,specified_edit,0.0014231963500725784,1.815933453087826e-05,nan,nan,nan,nan,nan,nan,0.0,0.0,0.0,0.0,nan,nan
A_time,l14_mean,lowrank,iid,specified_edit,0.00142872270051544,4.942182653091285e-05,nan,nan,nan,nan,nan,nan,0.0,0.0,0.0,0.0,nan,nan
A_time,l14_mean,lowrank,joint,specified_edit,0.004895819032662829,5.800949027419837e-05,nan,nan,nan,nan,nan,nan,0.0,0.0,0.0,0.0,nan,nan
A_time,l14_mean,lowrank,template,specified_edit,0.005164629533242619,1.3574167400313803e-05,nan,nan,nan,nan,nan,nan,0.0,0.0,0.0,0.0,nan,nan
A_time,l14_mean,lowrank,topic,specified_edit,0.0016488179906534147,2.80511708953857e-05,nan,nan,nan,nan,nan,nan,0.0,0.0,0.0,0.0,nan,nan
A_time,l14_mean,lowrank,train,specified_edit,0.0008511631331677523,2.6918098660072122e-05,nan,nan,nan,nan,nan,nan,0.0,0.0,0.0,0.0,nan,nan
A_time,l14_mean,full_delta,dev,specified_edit,0.0011991870908339287,1.6564146530160136e-05,nan,nan,nan,nan,nan,nan,0.0,0.0,0.0,0.0,nan,nan
A_time,l14_mean,full_delta,iid,specified_edit,0.0011948278494290077,3.582376767692169e-05,nan,nan,nan,nan,nan,nan,0.0,0.0,0.0,0.0,nan,nan
A_time,l14_mean,full_delta,joint,specified_edit,0.004882587453346059,5.063786040629334e-05,nan,nan,nan,nan,nan,nan,0.0,0.0,0.0,0.0,nan,nan
A_time,l14_mean,full_delta,template,specified_edit,0.005138107017608461,1.9830699838468862e-05,nan,nan,nan,nan,nan,nan,0.0,0.0,0.0,0.0,nan,nan
A_time,l14_mean,full_delta,topic,specified_edit,0.0015753957665490842,2.435591354454424e-05,nan,nan,nan,nan,nan,nan,0.0,0.0,0.0,0.0,nan,nan
A_time,l14_mean,full_delta,train,specified_edit,0.000635007003904264,3.201708468379527e-05,nan,nan,nan,nan,nan,nan,0.0,0.0,0.0,0.0,nan,nan
A_time,l14_mean,full_affine,dev,specified_edit,0.0068179561194235535,0.0003738582742164862,nan,nan,nan,nan,nan,nan,0.0,0.0,0.0,0.0,nan,nan
A_time,l14_mean,full_affine,iid,specified_edit,0.006808773432923542,0.00018019776075157875,nan,nan,nan,nan,nan,nan,0.0,0.0,0.0,0.0,nan,nan
A_time,l14_mean,full_affine,joint,specified_edit,0.05968433382559133,0.00017394155598036615,nan,nan,nan,nan,nan,nan,0.0,0.0,0.0,0.0,nan,nan
A_time,l14_mean,full_affine,template,specified_edit,0.059866855948318955,0.00020358080907417997,nan,nan,nan,nan,nan,nan,0.0,0.0,0.0,0.0,nan,nan
A_time,l14_mean,full_affine,topic,specified_edit,0.024417044487364547,0.0001247087948473994,nan,nan,nan,nan,nan,nan,0.0,0.0,0.0,0.0,nan,nan
A_time,l14_mean,full_affine,train,specified_edit,0.0048148937282793585,0.00037166956985713656,nan,nan,nan,nan,nan,nan,0.0,0.0,0.0,0.0,nan,nan
A_time,l14_mean,length_shift,dev,specified_edit,0.004917797581186138,9.746310436659128e-05,nan,nan,nan,nan,nan,nan,0.0,0.0,0.0,0.0,nan,nan
A_time,l14_mean,length_shift,iid,specified_edit,0.004894724155581088,9.13258197668009e-05,nan,nan,nan,nan,nan,nan,0.0,0.0,0.0,0.0,nan,nan
A_time,l14_mean,length_shift,joint,specified_edit,0.006771009400298701,1.9296159491067508e-05,nan,nan,nan,nan,nan,nan,0.0,0.0,0.0,0.0,nan,nan
A_time,l14_mean,length_shift,template,specified_edit,0.006816471142646312,9.46184507431873e-05,nan,nan,nan,nan,nan,nan,0.0,0.0,0.0,0.0,nan,nan
A_time,l14_mean,length_shift,topic,specified_edit,0.004791558660820739,5.389535333215653e-05,nan,nan,nan,nan,nan,nan,0.0,0.0,0.0,0.0,nan,nan
A_time,l14_mean,length_shift,train,specified_edit,0.00468878624835957,7.758239774054645e-06,nan,nan,nan,nan,nan,nan,0.0,0.0,0.0,0.0,nan,nan
A_time,l14_mean,source_token_ridge,dev,specified_edit,0.004703785128547776,0.000638624494694897,nan,nan,nan,nan,nan,nan,0.0,0.0,0.0,0.0,nan,nan
A_time,l14_mean,source_token_ridge,iid,specified_edit,0.004681268260431874,0.0006419782706995265,nan,nan,nan,nan,nan,nan,0.0,0.0,0.0,0.0,nan,nan
A_time,l14_mean,source_token_ridge,joint,specified_edit,0.037942219645028634,0.0013740612509344355,nan,nan,nan,nan,nan,nan,0.0,0.0,0.0,0.0,nan,nan
A_time,l14_mean,source_token_ridge,template,specified_edit,0.036000853793329256,0.0025105636807641646,nan,nan,nan,nan,nan,nan,0.0,0.0,0.0,0.0,nan,nan
A_time,l14_mean,source_token_ridge,topic,specified_edit,0.018574352112327778,0.0003041468072987725,nan,nan,nan,nan,nan,nan,0.0,0.0,0.0,0.0,nan,nan
A_time,l14_mean,source_token_ridge,train,specified_edit,0.003645969139562539,0.0006930184607034409,nan,nan,nan,nan,nan,nan,0.0,0.0,0.0,0.0,nan,nan
A_time,l14_mean,shuffled,dev,specified_edit,1.2653220491001018,0.29150532676803853,nan,nan,nan,nan,nan,nan,0.0,0.0,0.0,0.0,nan,nan
A_time,l14_mean,shuffled,iid,specified_edit,1.258530357404103,0.2862191333321844,nan,nan,nan,nan,nan,nan,0.0,0.0,0.0,0.0,nan,nan
A_time,l14_mean,shuffled,joint,specified_edit,1.3503149426475975,0.2844564528403734,nan,nan,nan,nan,nan,nan,0.0,0.0,0.0,0.0,nan,nan
A_time,l14_mean,shuffled,template,specified_edit,1.722257844816351,0.2657137715662106,nan,nan,nan,nan,nan,nan,0.0,0.0,0.0,0.0,nan,nan
A_time,l14_mean,shuffled,topic,specified_edit,1.0008898880920771,0.23432797212969994,nan,nan,nan,nan,nan,nan,0.0,0.0,0.0,0.0,nan,nan
A_time,l14_mean,shuffled,train,specified_edit,1.2570798007070458,0.2861891285000465,nan,nan,nan,nan,nan,nan,0.0,0.0,0.0,0.0,nan,nan
A_time,l14_mean,random_subspace,dev,specified_edit,0.09005683174344979,0.00029447910223002853,nan,nan,nan,nan,nan,nan,0.0,0.0,0.0,0.0,nan,nan
A_time,l14_mean,random_subspace,iid,specified_edit,0.09039577909608461,0.00029118787429692136,nan,nan,nan,nan,nan,nan,0.0,0.0,0.0,0.0,nan,nan
A_time,l14_mean,random_subspace,joint,specified_edit,0.09696677050585313,0.0004247210463161686,nan,nan,nan,nan,nan,nan,0.0,0.0,0.0,0.0,nan,nan
A_time,l14_mean,random_subspace,template,specified_edit,0.1213358499117357,0.0072474707962784995,nan,nan,nan,nan,nan,nan,0.0,0.0,0.0,0.0,nan,nan
A_time,l14_mean,random_subspace,topic,specified_edit,0.07327738021976342,0.0006448106542003354,nan,nan,nan,nan,nan,nan,0.0,0.0,0.0,0.0,nan,nan
A_time,l14_mean,random_subspace,train,specified_edit,0.09005799199319554,0.0002823409026535511,nan,nan,nan,nan,nan,nan,0.0,0.0,0.0,0.0,nan,nan
A_emphasis,l14_mean,identity,dev,specified_edit,1.4298611681496716,0.0,nan,nan,nan,nan,nan,nan,0.0,0.0,0.0,0.0,nan,nan
A_emphasis,l14_mean,identity,iid,specified_edit,1.430142442224735,0.0,nan,nan,nan,nan,nan,nan,0.0,0.0,0.0,0.0,nan,nan
A_emphasis,l14_mean,identity,joint,specified_edit,1.4584680703716681,2.7194799110210365e-16,nan,nan,nan,nan,nan,nan,0.0,0.0,0.0,0.0,nan,nan
A_emphasis,l14_mean,identity,template,specified_edit,1.744445228988974,0.0,nan,nan,nan,nan,nan,nan,0.0,0.0,0.0,0.0,nan,nan
A_emphasis,l14_mean,identity,topic,specified_edit,1.407167146530023,0.0,nan,nan,nan,nan,nan,nan,0.0,0.0,0.0,0.0,nan,nan
A_emphasis,l14_mean,identity,train,specified_edit,1.429611339435441,0.0,nan,nan,nan,nan,nan,nan,0.0,0.0,0.0,0.0,nan,nan
A_emphasis,l14_mean,shift,dev,specified_edit,0.03154123268407275,8.727564447009896e-05,nan,nan,nan,nan,nan,nan,0.0,0.0,0.0,0.0,nan,nan
A_emphasis,l14_mean,shift,iid,specified_edit,0.03170456707158992,8.196091768385128e-05,nan,nan,nan,nan,nan,nan,0.0,0.0,0.0,0.0,nan,nan
A_emphasis,l14_mean,shift,joint,specified_edit,0.035953533991039746,0.00018576677031034304,nan,nan,nan,nan,nan,nan,0.0,0.0,0.0,0.0,nan,nan
A_emphasis,l14_mean,shift,template,specified_edit,0.0438582613049292,0.0018353037129123964,nan,nan,nan,nan,nan,nan,0.0,0.0,0.0,0.0,nan,nan
A_emphasis,l14_mean,shift,topic,specified_edit,0.026763606620737918,0.0002077562949516568,nan,nan,nan,nan,nan,nan,0.0,0.0,0.0,0.0,nan,nan
A_emphasis,l14_mean,shift,train,specified_edit,0.031688439852856666,8.653852819724231e-05,nan,nan,nan,nan,nan,nan,0.0,0.0,0.0,0.0,nan,nan
A_emphasis,l14_mean,rank1,dev,specified_edit,0.007617159848520862,7.356492590317713e-05,nan,nan,nan,nan,nan,nan,0.0,0.0,0.0,0.0,nan,nan
A_emphasis,l14_mean,rank1,iid,specified_edit,0.007682982109415061,4.0024867145456015e-05,nan,nan,nan,nan,nan,nan,0.0,0.0,0.0,0.0,nan,nan
A_emphasis,l14_mean,rank1,joint,specified_edit,0.009482156847216114,0.0004428686220068228,nan,nan,nan,nan,nan,nan,0.0,0.0,0.0,0.0,nan,nan
A_emphasis,l14_mean,rank1,template,specified_edit,0.00994758798315777,0.0001799223263133466,nan,nan,nan,nan,nan,nan,0.0,0.0,0.0,0.0,nan,nan
A_emphasis,l14_mean,rank1,topic,specified_edit,0.00767907264346217,0.00016434720944669384,nan,nan,nan,nan,nan,nan,0.0,0.0,0.0,0.0,nan,nan
A_emphasis,l14_mean,rank1,train,specified_edit,0.007700749279291039,4.971656536940297e-05,nan,nan,nan,nan,nan,nan,0.0,0.0,0.0,0.0,nan,nan
A_emphasis,l14_mean,lowrank,dev,specified_edit,0.0020034115673118785,4.7529527662184446e-05,nan,nan,nan,nan,nan,nan,0.0,0.0,0.0,0.0,nan,nan
A_emphasis,l14_mean,lowrank,iid,specified_edit,0.001975786595471096,7.024970929262626e-05,nan,nan,nan,nan,nan,nan,0.0,0.0,0.0,0.0,nan,nan
A_emphasis,l14_mean,lowrank,joint,specified_edit,0.008767636084524001,0.00013754147540468128,nan,nan,nan,nan,nan,nan,0.0,0.0,0.0,0.0,nan,nan
A_emphasis,l14_mean,lowrank,template,specified_edit,0.009229305315141085,0.00019630834044171325,nan,nan,nan,nan,nan,nan,0.0,0.0,0.0,0.0,nan,nan
A_emphasis,l14_mean,lowrank,topic,specified_edit,0.0024772715277101517,3.422183679789101e-05,nan,nan,nan,nan,nan,nan,0.0,0.0,0.0,0.0,nan,nan
A_emphasis,l14_mean,lowrank,train,specified_edit,0.0012383795243618649,3.885612144065015e-05,nan,nan,nan,nan,nan,nan,0.0,0.0,0.0,0.0,nan,nan
A_emphasis,l14_mean,full_delta,dev,specified_edit,0.0016484759639766372,3.623158206822335e-05,nan,nan,nan,nan,nan,nan,0.0,0.0,0.0,0.0,nan,nan
A_emphasis,l14_mean,full_delta,iid,specified_edit,0.0016149444118373068,5.189925182456432e-05,nan,nan,nan,nan,nan,nan,0.0,0.0,0.0,0.0,nan,nan
A_emphasis,l14_mean,full_delta,joint,specified_edit,0.008747658725621017,0.0001311064563631091,nan,nan,nan,nan,nan,nan,0.0,0.0,0.0,0.0,nan,nan
A_emphasis,l14_mean,full_delta,template,specified_edit,0.009186402139540575,0.00017994526572604196,nan,nan,nan,nan,nan,nan,0.0,0.0,0.0,0.0,nan,nan
A_emphasis,l14_mean,full_delta,topic,specified_edit,0.0023524128342426306,2.5279310525930862e-05,nan,nan,nan,nan,nan,nan,0.0,0.0,0.0,0.0,nan,nan
A_emphasis,l14_mean,full_delta,train,specified_edit,0.000911272632788802,2.39202749731382e-05,nan,nan,nan,nan,nan,nan,0.0,0.0,0.0,0.0,nan,nan
A_emphasis,l14_mean,full_affine,dev,specified_edit,0.005099111296151013,0.0003350962236850994,nan,nan,nan,nan,nan,nan,0.0,0.0,0.0,0.0,nan,nan
A_emphasis,l14_mean,full_affine,iid,specified_edit,0.005000591160741034,0.00024366011620935725,nan,nan,nan,nan,nan,nan,0.0,0.0,0.0,0.0,nan,nan
A_emphasis,l14_mean,full_affine,joint,specified_edit,0.05019278317293582,0.00013623361931425787,nan,nan,nan,nan,nan,nan,0.0,0.0,0.0,0.0,nan,nan
A_emphasis,l14_mean,full_affine,template,specified_edit,0.050485711296081794,5.600309076261611e-05,nan,nan,nan,nan,nan,nan,0.0,0.0,0.0,0.0,nan,nan
A_emphasis,l14_mean,full_affine,topic,specified_edit,0.019383817102345467,0.00012152004699612566,nan,nan,nan,nan,nan,nan,0.0,0.0,0.0,0.0,nan,nan
A_emphasis,l14_mean,full_affine,train,specified_edit,0.003780406704803426,0.00034372017426856816,nan,nan,nan,nan,nan,nan,0.0,0.0,0.0,0.0,nan,nan
A_emphasis,l14_mean,length_shift,dev,specified_edit,0.007744017310474302,8.147372072787405e-05,nan,nan,nan,nan,nan,nan,0.0,0.0,0.0,0.0,nan,nan
A_emphasis,l14_mean,length_shift,iid,specified_edit,0.007792185935141825,6.21597762020623e-05,nan,nan,nan,nan,nan,nan,0.0,0.0,0.0,0.0,nan,nan
A_emphasis,l14_mean,length_shift,joint,specified_edit,0.010433661539076442,0.0007167614763013441,nan,nan,nan,nan,nan,nan,0.0,0.0,0.0,0.0,nan,nan
A_emphasis,l14_mean,length_shift,template,specified_edit,0.010122166314293137,0.00011077145772406624,nan,nan,nan,nan,nan,nan,0.0,0.0,0.0,0.0,nan,nan
A_emphasis,l14_mean,length_shift,topic,specified_edit,0.007873966436456015,0.00021366980541663808,nan,nan,nan,nan,nan,nan,0.0,0.0,0.0,0.0,nan,nan
A_emphasis,l14_mean,length_shift,train,specified_edit,0.0076789398589750535,8.129552411906492e-05,nan,nan,nan,nan,nan,nan,0.0,0.0,0.0,0.0,nan,nan
A_emphasis,l14_mean,source_token_ridge,dev,specified_edit,0.0037534330448195153,0.0003713670490093172,nan,nan,nan,nan,nan,nan,0.0,0.0,0.0,0.0,nan,nan
A_emphasis,l14_mean,source_token_ridge,iid,specified_edit,0.003773102114187998,0.00030219158079552164,nan,nan,nan,nan,nan,nan,0.0,0.0,0.0,0.0,nan,nan
A_emphasis,l14_mean,source_token_ridge,joint,specified_edit,0.0187067991051993,0.00019050711330194047,nan,nan,nan,nan,nan,nan,0.0,0.0,0.0,0.0,nan,nan
A_emphasis,l14_mean,source_token_ridge,template,specified_edit,0.019828176866795957,0.0004810266041790161,nan,nan,nan,nan,nan,nan,0.0,0.0,0.0,0.0,nan,nan
A_emphasis,l14_mean,source_token_ridge,topic,specified_edit,0.008721111799386743,0.0001720913037547483,nan,nan,nan,nan,nan,nan,0.0,0.0,0.0,0.0,nan,nan
A_emphasis,l14_mean,source_token_ridge,train,specified_edit,0.002365166062972161,0.00033405711046704303,nan,nan,nan,nan,nan,nan,0.0,0.0,0.0,0.0,nan,nan
A_emphasis,l14_mean,shuffled,dev,specified_edit,0.4919563006403776,0.11741013512952281,nan,nan,nan,nan,nan,nan,0.0,0.0,0.0,0.0,nan,nan
A_emphasis,l14_mean,shuffled,iid,specified_edit,0.48756614689362254,0.1150869597497473,nan,nan,nan,nan,nan,nan,0.0,0.0,0.0,0.0,nan,nan
A_emphasis,l14_mean,shuffled,joint,specified_edit,0.5212050042571345,0.11403509882874413,nan,nan,nan,nan,nan,nan,0.0,0.0,0.0,0.0,nan,nan
A_emphasis,l14_mean,shuffled,template,specified_edit,0.6681642646083993,0.10913141644983707,nan,nan,nan,nan,nan,nan,0.0,0.0,0.0,0.0,nan,nan
A_emphasis,l14_mean,shuffled,topic,specified_edit,0.3873144044203168,0.0937541237900775,nan,nan,nan,nan,nan,nan,0.0,0.0,0.0,0.0,nan,nan
A_emphasis,l14_mean,shuffled,train,specified_edit,0.4875032937466703,0.11509834063114695,nan,nan,nan,nan,nan,nan,0.0,0.0,0.0,0.0,nan,nan
A_emphasis,l14_mean,random_subspace,dev,specified_edit,0.03133790713879112,8.822046307080816e-05,nan,nan,nan,nan,nan,nan,0.0,0.0,0.0,0.0,nan,nan
A_emphasis,l14_mean,random_subspace,iid,specified_edit,0.03149712082624991,8.231702734739118e-05,nan,nan,nan,nan,nan,nan,0.0,0.0,0.0,0.0,nan,nan
A_emphasis,l14_mean,random_subspace,joint,specified_edit,0.03577224192451627,0.00020056275533938687,nan,nan,nan,nan,nan,nan,0.0,0.0,0.0,0.0,nan,nan
A_emphasis,l14_mean,random_subspace,template,specified_edit,0.043629465948835544,0.001790663199447458,nan,nan,nan,nan,nan,nan,0.0,0.0,0.0,0.0,nan,nan
A_emphasis,l14_mean,random_subspace,topic,specified_edit,0.026594484686207658,0.0002110195392948755,nan,nan,nan,nan,nan,nan,0.0,0.0,0.0,0.0,nan,nan
A_emphasis,l14_mean,random_subspace,train,specified_edit,0.03147617472670228,8.894772863357232e-05,nan,nan,nan,nan,nan,nan,0.0,0.0,0.0,0.0,nan,nan
B_shared,l14_last,identity,dev,seen,0.6632555282437931,0.0,0.0,0.0,0.2850570436507937,0.0,-0.1694606547657107,0.0,34.0,0.0,3.0,0.0,0.08823529411764706,0.0
B_shared,l14_last,identity,iid,seen,0.664945560595446,0.0,0.0,0.0,0.291333912037037,0.0,-0.16954370985723552,0.0,34.0,0.0,3.0,0.0,0.08823529411764706,0.0
B_shared,l14_last,identity,joint,seen,0.6664653871556617,0.0,0.0,0.0,0.12054241808135963,0.0,-0.17389584789430645,0.0,44.0,0.0,3.0,0.0,0.06818181818181818,0.0
B_shared,l14_last,identity,template,seen,0.6633193737340937,0.0,0.0,0.0,0.11693074639874661,1.6996749443881478e-17,-0.1710386055167911,3.3993498887762956e-17,44.0,0.0,3.0,0.0,0.06818181818181815,0.0
B_shared,l14_last,identity,topic,seen,0.6780490717040845,0.0,0.0,0.0,0.13772659023630993,0.0,-0.17494214811466927,0.0,64.0,0.0,3.0,0.0,0.046875,0.0
B_shared,l14_last,identity,train,seen,0.6632116913607463,0.0,0.0,0.0,0.16890650582056832,0.0,-0.1683570035974428,0.0,64.0,0.0,3.0,0.0,0.046875,0.0
B_shared,l14_last,identity,dev,unseen,0.49522495385584264,0.0,0.0,0.0,0.2853757064694565,0.0,-0.17234395658223126,0.0,28.0,0.0,2.0,0.0,0.07142857142857141,0.0
B_shared,l14_last,identity,iid,unseen,0.4952971933906188,0.0,0.0,0.0,0.2749090608465608,0.0,-0.17267493397802092,0.0,28.0,0.0,2.0,0.0,0.07142857142857141,0.0
B_shared,l14_last,identity,joint,unseen,0.5296033082750677,0.0,0.0,0.0,0.10378305058911678,1.6996749443881478e-17,-0.18523846227828467,0.0,36.0,0.0,2.0,0.0,0.05555555555555556,8.498374721940739e-18
B_shared,l14_last,identity,template,unseen,0.5183048486421296,0.0,0.0,0.0,0.10644215623638272,1.6996749443881478e-17,-0.18124166133603056,0.0,36.0,0.0,2.0,0.0,0.05555555555555557,0.0
B_shared,l14_last,identity,topic,unseen,0.508956420083389,0.0,0.0,0.0,0.11581887516255084,0.0,-0.1776592133334917,0.0,52.0,0.0,2.0,0.0,0.03846153846153846,0.0
B_shared,l14_last,identity,train,unseen,0.49557321604851384,0.0,0.0,0.0,0.15241534362628115,0.0,-0.17214477946245355,0.0,52.0,0.0,2.0,0.0,0.03846153846153846,0.0
B_shared,l14_last,identity,dev,all,0.5960432984886129,0.0,0.0,0.0,0.2999917328042328,0.0,-0.16522197209251394,0.0,46.0,0.0,5.0,0.0,0.10869565217391307,0.0
B_shared,l14_last,identity,iid,all,0.597086213713515,0.0,0.0,0.0,0.2994336970899471,0.0,-0.1654119610749175,0.0,46.0,0.0,5.0,0.0,0.10869565217391307,0.0
B_shared,l14_last,identity,joint,all,0.6117205556034242,0.0,0.0,0.0,0.12197818742843412,0.0,-0.1714950030438788,0.0,60.0,0.0,5.0,0.0,0.08333333333333333,0.0
B_shared,l14_last,identity,template,all,0.6053135636973079,0.0,0.0,0.0,0.11901103373294016,1.6996749443881478e-17,-0.1681279947814315,3.3993498887762956e-17,60.0,0.0,5.0,0.0,0.08333333333333331,0.0
B_shared,l14_last,identity,topic,all,0.6104120110558062,0.0,0.0,0.0,0.1413266068782755,0.0,-0.16993621509916843,0.0,88.0,0.0,5.0,0.0,0.0568181818181818,0.0
B_shared,l14_last,identity,train,all,0.5961563012358533,0.0,0.0,0.0,0.17200985501766752,0.0,-0.16503640996080596,0.0,88.0,0.0,5.0,0.0,0.0568181818181818,0.0
B_shared,l14_last,shift,dev,seen,0.43732232993591685,0.00018361229865327961,0.03819444444444444,0.0060140653040586,0.5190972222222223,0.0030070326520293222,-0.036354784565417304,0.000928686437527625,34.0,0.0,3.0,0.0,0.08823529411764706,0.0
B_shared,l14_last,shift,iid,seen,0.4401297357564919,3.1070903438010626e-05,0.031249999999999997,0.010416666666666666,0.515625,0.00520833333333337,-0.037434282709240534,0.000931190386326413,34.0,0.0,3.0,0.0,0.08823529411764706,0.0
B_shared,l14_last,shift,joint,seen,0.47593218999928527,0.004048693005334914,0.0,0.0,0.32915013227513223,0.010385981792521183,-0.05207278818156563,0.001268761696388456,44.0,0.0,3.0,0.0,0.06818181818181818,0.0
B_shared,l14_last,shift,template,seen,0.4856956085463951,0.0050011126538641575,0.010416666666666666,0.004510548978043951,0.32432415674603177,0.007020459372070611,-0.055447559054652616,0.0013698920797229157,44.0,0.0,3.0,0.0,0.06818181818181815,0.0
B_shared,l14_last,shift,topic,seen,0.4368221104997678,8.381890066605319e-05,0.03125,0.018042195912175808,0.42403288262663263,0.012341488543093112,-0.0376607436509217,0.0008719560670311776,64.0,0.0,3.0,0.0,0.046875,0.0
B_shared,l14_last,shift,train,seen,0.437257691464955,0.00020081334067202321,0.046875,0.009021097956087904,0.46112764550264557,0.008517725790825884,-0.03607224599390093,0.0008997594273792,64.0,0.0,3.0,0.0,0.046875,0.0
B_shared,l14_last,shift,dev,unseen,0.37565690756896647,0.0011973085620250003,0.0,0.0,0.4913194444444444,0.001736111111111105,-0.04639918519145092,0.0011421836548606245,28.0,0.0,2.0,0.0,0.07142857142857141,0.0
B_shared,l14_last,shift,iid,unseen,0.37625523457244064,0.0013292067151112904,0.0,0.0,0.4907407407407407,0.0010023442173431128,-0.046963348618266045,0.0011687689973762492,28.0,0.0,2.0,0.0,0.07142857142857141,0.0
B_shared,l14_last,shift,joint,unseen,0.43351840638617894,0.002908935116579575,0.0,0.0,0.24958043981481481,0.0031079351214497813,-0.06757562195804014,0.0010827223943354958,36.0,0.0,2.0,0.0,0.05555555555555556,8.498374721940739e-18
B_shared,l14_last,shift,template,unseen,0.4371640300240354,0.0033956867522942458,0.0,0.0,0.24363800984894737,0.0027638918946359843,-0.06912614618217232,0.0010753238056108903,36.0,0.0,2.0,0.0,0.05555555555555557,0.0
B_shared,l14_last,shift,topic,unseen,0.3733881684037769,0.0014583037566967077,0.0,0.0,0.3985147857543691,0.00491632116093929,-0.04678975634186442,0.0012150884547661208,52.0,0.0,2.0,0.0,0.03846153846153846,0.0
B_shared,l14_last,shift,train,unseen,0.37524804032941156,0.0012335372264657993,0.0,0.0,0.396418926366843,0.0021313551142416844,-0.04633200541265814,0.0011888429148779894,52.0,0.0,2.0,0.0,0.03846153846153846,0.0
B_shared,l14_last,shift,dev,all,0.41265616098913677,0.00037140798229313304,0.03819444444444444,0.0060140653040586,0.5190972222222223,0.0030070326520293222,-0.03511515448075527,0.000988135405871983,46.0,0.0,5.0,0.0,0.10869565217391307,0.0
B_shared,l14_last,shift,iid,all,0.4145799352828714,0.0005361646283058043,0.031249999999999997,0.010416666666666666,0.515625,0.00520833333333337,-0.03631068916172011,0.0009587960836396662,46.0,0.0,5.0,0.0,0.10869565217391307,0.0
B_shared,l14_last,shift,joint,all,0.4589666765540426,0.0035923606705668357,0.0,0.0,0.3241278108465609,0.01168862513901013,-0.05098877195041065,0.001219716045500113,60.0,0.0,5.0,0.0,0.08333333333333333,0.0
B_shared,l14_last,shift,template,all,0.4662829771374512,0.004358590744309506,0.010416666666666666,0.004510548978043951,0.3279431505994006,0.006426986281263664,-0.05360676843359404,0.0013049246334101655,60.0,0.0,5.0,0.0,0.08333333333333331,0.0
B_shared,l14_last,shift,topic,all,0.4114485336613715,0.0006331919729023241,0.03125,0.018042195912175808,0.4324757996632997,0.01333348303701445,-0.03635799379107199,0.0009613265804105166,88.0,0.0,5.0,0.0,0.0568181818181818,0.0
B_shared,l14_last,shift,train,all,0.4124538310107377,0.0003772888313385689,0.046875,0.009021097956087904,0.4578290343915344,0.00961523093305002,-0.03506529604545076,0.000945380000961559,88.0,0.0,5.0,0.0,0.0568181818181818,0.0
B_shared,l14_last,rank1,dev,seen,0.3792781380681162,0.0001926903169161986,0.701388888888889,0.052429405800491304,0.8495370370370369,0.026060949650920623,0.005254217600178055,0.001945472411452611,34.0,0.0,3.0,0.0,0.08823529411764706,0.0
B_shared,l14_last,rank1,iid,seen,0.38253611651630776,0.00019477505575562538,0.6944444444444445,0.053454181660905084,0.8472222222222222,0.02672709083045248,0.0036030216908578172,0.002053375476931729,34.0,0.0,3.0,0.0,0.08823529411764706,0.0
B_shared,l14_last,rank1,joint,seen,0.409021226929287,0.004808040266602104,0.2552083333333333,0.036084391824351615,0.5493427579365079,0.020343081501788946,-0.004525183857414346,0.002420238508142002,44.0,0.0,3.0,0.0,0.06818181818181818,0.0
B_shared,l14_last,rank1,template,seen,0.4214005291364952,0.005802429131369994,0.22916666666666666,0.08353653610596583,0.5336619543650792,0.04636463549647812,-0.009741907803580524,0.0022065900545570113,44.0,0.0,3.0,0.0,0.06818181818181815,0.0
B_shared,l14_last,rank1,topic,seen,0.3759695915405286,7.631213348961591e-05,0.576388888888889,0.023485675795952572,0.7517728124498957,0.013965867020911071,0.005298371832917127,0.0018905795385433409,64.0,0.0,3.0,0.0,0.046875,0.0
B_shared,l14_last,rank1,train,seen,0.37904671253444494,0.0002671630051077327,0.6041666666666666,0.05511981898051234,0.786304012345679,0.027759707503288884,0.0056398658520531485,0.0020280003316135455,64.0,0.0,3.0,0.0,0.046875,0.0
B_shared,l14_last,rank1,dev,unseen,0.31779084951521036,0.001065312454420573,0.5243055555555555,0.021684020827772203,0.7581018518518517,0.010607814108694085,-0.004169244509094779,0.0020628134345856823,28.0,0.0,2.0,0.0,0.07142857142857141,0.0
B_shared,l14_last,rank1,iid,unseen,0.31881604507489003,0.001239923275559861,0.4756944444444444,0.03348489847566998,0.7320601851851851,0.01773327945144051,-0.005365656841444979,0.0021721832402042318,28.0,0.0,2.0,0.0,0.07142857142857141,0.0
B_shared,l14_last,rank1,joint,unseen,0.3675317919744432,0.003841080662058533,0.10416666666666667,0.009021097956087904,0.3709449404761905,0.006572619512564554,-0.01941047690963514,0.002298885515178885,36.0,0.0,2.0,0.0,0.05555555555555556,8.498374721940739e-18
B_shared,l14_last,rank1,template,unseen,0.3740812495238694,0.004394328453258867,0.057291666666666664,0.011933790872280832,0.3650630185786436,0.009928833995348708,-0.022824363178266537,0.002094985025541099,36.0,0.0,2.0,0.0,0.05555555555555557,0.0
B_shared,l14_last,rank1,topic,unseen,0.31256167396519613,0.0012259626730261608,0.43402777777777773,0.04177503269276376,0.6840732473544974,0.022948908640812546,-0.002935907981344074,0.0020917780925555464,52.0,0.0,2.0,0.0,0.03846153846153846,0.0
B_shared,l14_last,rank1,train,unseen,0.3173651506532243,0.001162600489503662,0.40798611111111116,0.05760645841332311,0.6667955597643097,0.030576294390444823,-0.0040374841087520855,0.0021894158623218377,52.0,0.0,2.0,0.0,0.03846153846153846,0.0
B_shared,l14_last,rank1,dev,all,0.3546832226469539,0.00031300909651931706,0.7048611111111112,0.05345418166090502,0.8518518518518517,0.0265195352717352,0.005716248121692247,0.0019351196212389161,46.0,0.0,5.0,0.0,0.10869565217391307,0.0
B_shared,l14_last,rank1,iid,all,0.3570480879397406,0.0005351359207535528,0.6979166666666666,0.05511981898051234,0.8489583333333334,0.027559909490256117,0.004186873131223244,0.002059072503892308,46.0,0.0,5.0,0.0,0.10869565217391307,0.0
B_shared,l14_last,rank1,joint,all,0.3924254529473495,0.0044211625992755365,0.2708333333333333,0.036084391824351615,0.5515811011904761,0.02233101387695077,-0.004358765125835687,0.002405358513504177,60.0,0.0,5.0,0.0,0.08333333333333333,0.0
B_shared,l14_last,rank1,template,all,0.40247281729144485,0.005239134626212071,0.23697916666666666,0.08353653610596583,0.535875496031746,0.04680792991022412,-0.00887583702152529,0.002209023586803179,60.0,0.0,5.0,0.0,0.08333333333333331,0.0
B_shared,l14_last,rank1,topic,all,0.3506064245103957,0.0004818168583668764,0.595486111111111,0.023485675795952572,0.7649787808641975,0.0133005051521934,0.00605025242551879,0.001929558213112726,88.0,0.0,5.0,0.0,0.0568181818181818,0.0
B_shared,l14_last,rank1,train,all,0.3543740877819567,0.0004216275175313548,0.6006944444444444,0.05217006667123862,0.7828317901234567,0.025564466729118895,0.0058084718047910775,0.002038039918591212,88.0,0.0,5.0,0.0,0.0568181818181818,0.0
B_shared,l14_last,lowrank,dev,seen,0.2537594945404751,0.0010651500040747136,1.0,0.0,1.0,0.0,0.07915855263124266,0.00036765442574856707,34.0,0.0,3.0,0.0,0.08823529411764706,0.0
B_shared,l14_last,lowrank,iid,seen,0.2550881199593337,0.0004974443950242197,1.0,0.0,1.0,0.0,0.07965773285814412,0.0006043520292089867,34.0,0.0,3.0,0.0,0.08823529411764706,0.0
B_shared,l14_last,lowrank,joint,seen,0.33278729664636414,0.001908113476637117,0.640625,0.015625,0.7894097222222222,0.012678663851990133,0.030266891913630745,0.0010538828683537426,44.0,0.0,3.0,0.0,0.06818181818181818,0.0
B_shared,l14_last,lowrank,template,seen,0.3394103937588288,0.0017974298329867953,0.6197916666666666,0.022552744890219755,0.7814236111111111,0.011678412443562996,0.029927476516317535,0.0012291510654769751,44.0,0.0,3.0,0.0,0.06818181818181815,0.0
B_shared,l14_last,lowrank,topic,seen,0.26773839916216574,0.0010826958230404204,0.8611111111111112,0.0030070326520293222,0.9158564814814815,0.0011849302794817095,0.06995422924388246,0.0009362650128723213,64.0,0.0,3.0,0.0,0.046875,0.0
B_shared,l14_last,lowrank,train,seen,0.2434608364530496,0.0005109019080023468,0.9184027777777778,0.015035163260146547,0.9563078703703703,0.007279945385074768,0.08392474404879957,0.0002595796058146109,64.0,0.0,3.0,0.0,0.046875,0.0
B_shared,l14_last,lowrank,dev,unseen,0.20887773836352297,0.000891297518157578,0.9409722222222223,0.024056261216234387,0.970486111111111,0.012028130608117226,0.06569344439863302,0.0003744412227458893,28.0,0.0,2.0,0.0,0.07142857142857141,0.0
B_shared,l14_last,lowrank,iid,unseen,0.20925137521410564,0.00041375102792695086,0.9722222222222223,0.015911721163041116,0.986111111111111,0.00795586058152055,0.0662295213445601,0.0007581952828983008,28.0,0.0,2.0,0.0,0.07142857142857141,0.0
B_shared,l14_last,lowrank,joint,unseen,0.29789488007880766,0.0014536076471826909,0.359375,0.015625,0.5838169642857143,0.007431612093458992,0.01532749317331572,0.0006663548895896918,36.0,0.0,2.0,0.0,0.05555555555555556,8.498374721940739e-18
B_shared,l14_last,lowrank,template,unseen,0.30010736386817116,0.0011665737831080259,0.4166666666666667,0.03157384284630766,0.6301649305555556,0.018079594835201857,0.01651795994152937,0.0008467750910950469,36.0,0.0,2.0,0.0,0.05555555555555557,0.0
B_shared,l14_last,lowrank,topic,unseen,0.21754421585945613,0.0003748522876073085,0.8697916666666666,0.022702598664274376,0.9242476851851852,0.013432814973063813,0.05908097616029836,0.0006193986044459883,52.0,0.0,2.0,0.0,0.03846153846153846,0.0
B_shared,l14_last,lowrank,train,unseen,0.19854767527786119,9.65586486554339e-05,0.8524305555555555,0.015035163260146483,0.9233217592592592,0.007780283367910158,0.0696174656181323,0.00037922679598204,52.0,0.0,2.0,0.0,0.03846153846153846,0.0
B_shared,l14_last,lowrank,dev,all,0.23580679206969424,0.0009741686872450836,1.0,0.0,1.0,0.0,0.07915855263124266,0.00036765442574856707,46.0,0.0,5.0,0.0,0.10869565217391307,0.0
B_shared,l14_last,lowrank,iid,all,0.23675342206124247,0.0003585106695502486,1.0,0.0,1.0,0.0,0.07970992394584232,0.0006288265766154083,46.0,0.0,5.0,0.0,0.10869565217391307,0.0
B_shared,l14_last,lowrank,joint,all,0.3188303300193416,0.001642336219491765,0.6458333333333334,0.023867581744561665,0.7871217757936507,0.015520799596717571,0.03035070534503666,0.0010435614954460177,60.0,0.0,5.0,0.0,0.08333333333333333,0.0
B_shared,l14_last,lowrank,template,all,0.32368918180256573,0.0014397802344563223,0.6354166666666666,0.0369204345800985,0.789453125,0.020536624106398296,0.030499798190588043,0.0012160926795412525,60.0,0.0,5.0,0.0,0.08333333333333331,0.0
B_shared,l14_last,lowrank,topic,all,0.24766072584108192,0.0004997352652798239,0.8559027777777777,0.0030070326520293222,0.9129340277777778,0.0011284722222222876,0.06998916985720899,0.0009252529145600867,88.0,0.0,5.0,0.0,0.0568181818181818,0.0
B_shared,l14_last,lowrank,train,all,0.22549557198297424,0.0003451505461111671,0.9184027777777778,0.015035163260146547,0.9563078703703703,0.007279945385074768,0.083930313407515,0.0002615302578839898,88.0,0.0,5.0,0.0,0.0568181818181818,0.0
B_shared,l14_last,full_delta,dev,seen,0.23289744540010685,0.0011652821239174105,1.0,0.0,1.0,0.0,0.09037808290068607,0.0003726460016243152,34.0,0.0,3.0,0.0,0.08823529411764706,0.0
B_shared,l14_last,full_delta,iid,seen,0.23381469634538235,0.0001683166112230537,1.0,0.0,1.0,0.0,0.09116485462164343,0.0007248411454414745,34.0,0.0,3.0,0.0,0.08823529411764706,0.0
B_shared,l14_last,full_delta,joint,seen,0.3232821176923917,0.002502140561145252,0.7239583333333334,0.009021097956087904,0.8369791666666666,0.005675649666068619,0.03723939288953764,0.0006478320037014916,44.0,0.0,3.0,0.0,0.06818181818181818,0.0
B_shared,l14_last,full_delta,template,seen,0.32914983088435,0.0022639308162483683,0.7005208333333334,0.018042195912175808,0.8307725694444444,0.013682618133608854,0.03607719513771344,0.0007582570345360472,44.0,0.0,3.0,0.0,0.06818181818181815,0.0
B_shared,l14_last,full_delta,topic,seen,0.25768037546058364,0.0009190615588358739,0.8645833333333334,0.005208333333333315,0.9200520833333332,0.002444466638945931,0.07654411217677114,0.000773566464004227,64.0,0.0,3.0,0.0,0.046875,0.0
B_shared,l14_last,full_delta,train,seen,0.21682295761154158,0.0008910188375226838,0.9305555555555557,0.00601406530405858,0.9641203703703703,0.002505860543357758,0.09697262213567691,0.0004849835787849489,64.0,0.0,3.0,0.0,0.046875,0.0
B_shared,l14_last,full_delta,dev,unseen,0.19166348824402035,0.0010906165606945465,0.9479166666666666,0.010416666666666685,0.9739583333333334,0.005208333333333315,0.07574163463914346,0.0004109688520734196,28.0,0.0,2.0,0.0,0.07142857142857141,0.0
B_shared,l14_last,full_delta,iid,unseen,0.19132993423695202,0.0002677757839060611,0.9722222222222222,0.006014065304058581,0.9861111111111112,0.0030070326520293222,0.07666341762739769,0.000819488453433798,28.0,0.0,2.0,0.0,0.07142857142857141,0.0
B_shared,l14_last,full_delta,joint,unseen,0.2919072959004237,0.0044604093751478,0.53125,0.0,0.692813740079365,0.0011742837897976727,0.022165217461733472,0.0007136715416914649,36.0,0.0,2.0,0.0,0.05555555555555556,8.498374721940739e-18
B_shared,l14_last,full_delta,template,unseen,0.29237005276056555,0.004095794584247935,0.5208333333333334,0.011933790872280834,0.7004278273809522,0.005956216212342257,0.02299160403033157,0.0009426709887482076,36.0,0.0,2.0,0.0,0.05555555555555557,0.0
B_shared,l14_last,full_delta,topic,unseen,0.21050111392955814,0.0003752987602061465,0.8541666666666666,0.013779954745128048,0.914699074074074,0.010516138674173796,0.06497909441978085,0.0007320103370394297,52.0,0.0,2.0,0.0,0.03846153846153846,0.0
B_shared,l14_last,full_delta,train,unseen,0.17570067281512047,0.0007756333136425821,0.8645833333333334,0.005208333333333315,0.9305555555555555,0.003129818815506901,0.08095846751410267,0.000512904369963971,52.0,0.0,2.0,0.0,0.03846153846153846,0.0
B_shared,l14_last,full_delta,dev,all,0.21640386253767221,0.0011353173190383017,1.0,0.0,1.0,0.0,0.09037808290068607,0.0003726460016243152,46.0,0.0,5.0,0.0,0.10869565217391307,0.0
B_shared,l14_last,full_delta,iid,all,0.2168207915020102,2.354870270393655e-05,1.0,0.0,1.0,0.0,0.09120395287767256,0.0007754134854038629,46.0,0.0,5.0,0.0,0.10869565217391307,0.0
B_shared,l14_last,full_delta,joint,all,0.3107321889756045,0.003275721357276959,0.734375,0.015625,0.8391121031746032,0.010323012724551408,0.037326859493098295,0.0006371822314208025,60.0,0.0,5.0,0.0,0.08333333333333333,0.0
B_shared,l14_last,full_delta,template,all,0.31443791963483625,0.002989121937559204,0.7109375,0.020669932117692115,0.8370659722222221,0.013707377845267783,0.03662474060528928,0.0007743108852198881,60.0,0.0,5.0,0.0,0.08333333333333331,0.0
B_shared,l14_last,full_delta,topic,all,0.23880867084817345,0.0004353789310665726,0.859375,0.00520833333333337,0.9171874999999999,0.0024444666389459744,0.07655575409126544,0.0007770900666140266,88.0,0.0,5.0,0.0,0.0568181818181818,0.0
B_shared,l14_last,full_delta,train,all,0.20037404369297315,0.0008381242740074779,0.9305555555555557,0.00601406530405858,0.9641203703703703,0.002505860543357758,0.09697262213567691,0.0004849835787849489,88.0,0.0,5.0,0.0,0.0568181818181818,0.0
B_shared,l14_last,full_affine,dev,seen,0.2174945723554712,0.0005655596541357166,0.986111111111111,0.012028130608117226,0.9930555555555557,0.00601406530405858,0.09770113114636603,0.00014113006731069068,34.0,0.0,3.0,0.0,0.08823529411764706,0.0
B_shared,l14_last,full_affine,iid,seen,0.21836057080166027,0.00030210794501901527,0.96875,0.02083333333333337,0.9837962962962963,0.010464780856495987,0.09837610056079706,0.00022681627131244098,34.0,0.0,3.0,0.0,0.08823529411764706,0.0
B_shared,l14_last,full_affine,joint,seen,0.27301506343235543,0.0015629906095678842,0.484375,0.015625,0.6912822420634921,0.0067863846025260546,0.07896317472469978,0.00025630483927030875,44.0,0.0,3.0,0.0,0.06818181818181818,0.0
B_shared,l14_last,full_affine,template,seen,0.2749584429034598,0.0006653280366910472,0.4479166666666667,0.011933790872280832,0.59054544992045,0.009644229857597763,0.07150093595714904,0.00094986496708538,44.0,0.0,3.0,0.0,0.06818181818181815,0.0
B_shared,l14_last,full_affine,topic,seen,0.23777218477079767,0.0005755597980792684,0.7604166666666666,0.018778912893041573,0.8608961640211641,0.012689050119253312,0.09486071181231552,0.0009282687035022227,64.0,0.0,3.0,0.0,0.046875,0.0
B_shared,l14_last,full_affine,train,seen,0.2103415014571326,0.0006336755958247898,0.8524305555555555,0.049227246106797996,0.9172453703703702,0.02738276170629692,0.10116187264399075,0.0003830196459179074,64.0,0.0,3.0,0.0,0.046875,0.0
B_shared,l14_last,full_affine,dev,unseen,0.1812081253139807,0.0006395657345230168,0.892361111111111,0.012028130608117226,0.9421296296296297,0.007016409521401732,0.08313477546015718,0.0003367029117119002,28.0,0.0,2.0,0.0,0.07142857142857141,0.0
B_shared,l14_last,full_affine,iid,unseen,0.18116496876713703,0.0011039745365034772,0.857638888888889,0.012028130608117226,0.9264219576719577,0.005332821899097243,0.08377478606579646,0.00039260567712959233,28.0,0.0,2.0,0.0,0.07142857142857141,0.0
B_shared,l14_last,full_affine,joint,unseen,0.26698709927361225,0.002531809587016962,0.2760416666666667,0.03932205435036849,0.5089889421920671,0.022803302060759662,0.06135687124976727,0.0002883378267014149,36.0,0.0,2.0,0.0,0.05555555555555556,8.498374721940739e-18
B_shared,l14_last,full_affine,template,unseen,0.2637897426460624,0.0019471531406965229,0.22395833333333334,0.016263015620829165,0.4450097067284567,0.006172431006236221,0.05725210144198819,0.0008141542354439559,36.0,0.0,2.0,0.0,0.05555555555555557,0.0
B_shared,l14_last,full_affine,topic,unseen,0.20493852288646183,0.0009087252860515293,0.4982638888888889,0.006014065304058613,0.7150993441358025,0.005997377017359822,0.08230110003724346,0.0008104238635464814,52.0,0.0,2.0,0.0,0.03846153846153846,0.0
B_shared,l14_last,full_affine,train,unseen,0.17225334612980533,0.0006196839219196543,0.7604166666666666,0.013779954745128048,0.8704861111111111,0.006142988198942359,0.08509436689903029,0.0004921201461040014,52.0,0.0,2.0,0.0,0.03846153846153846,0.0
B_shared,l14_last,full_affine,dev,all,0.202979993538875,0.000563977514002171,0.986111111111111,0.012028130608117226,0.9930555555555557,0.00601406530405858,0.0977084760113412,0.00015065345360450337,46.0,0.0,5.0,0.0,0.10869565217391307,0.0
B_shared,l14_last,full_affine,iid,all,0.203482329987851,0.000576668279758489,0.96875,0.02083333333333337,0.9835069444444445,0.010524614282102513,0.09841630937299894,0.00020790797984715018,46.0,0.0,5.0,0.0,0.10869565217391307,0.0
B_shared,l14_last,full_affine,joint,all,0.27060387776885814,0.0019403070587660717,0.4895833333333333,0.018042195912175804,0.6921647652116402,0.003120335969893848,0.07901814603361687,0.00024057022248538822,60.0,0.0,5.0,0.0,0.08333333333333333,0.0
B_shared,l14_last,full_affine,template,all,0.27049096280050083,0.0011244453142045198,0.4401041666666667,0.01626301562082916,0.5797090156235377,0.01231675307361206,0.0721501926740178,0.0008983753146635247,60.0,0.0,5.0,0.0,0.08333333333333331,0.0
B_shared,l14_last,full_affine,topic,all,0.22463872001706334,0.00016781770952689672,0.7604166666666666,0.022702598664274338,0.8604352678571429,0.015100021045926533,0.09487445087622322,0.0009220054673337995,88.0,0.0,5.0,0.0,0.0568181818181818,0.0
B_shared,l14_last,full_affine,train,all,0.19510623932620166,0.0005630657751797478,0.8524305555555555,0.049227246106797996,0.9170717592592593,0.027442273633969328,0.10116187264399075,0.0003830196459179074,88.0,0.0,5.0,0.0,0.0568181818181818,0.0
B_shared,l14_last,length_shift,dev,seen,0.43733317142769645,0.0011127886844325028,0.13541666666666666,0.010416666666666671,0.5671296296296297,0.0060970218477157155,-0.03255838509949381,0.0014359351082106821,34.0,0.0,3.0,0.0,0.08823529411764706,0.0
B_shared,l14_last,length_shift,iid,seen,0.43908189815785836,0.0018496773226448844,0.125,0.010416666666666664,0.5613425925925926,0.00436911715004095,-0.03331069461899101,0.0009058306612060545,34.0,0.0,3.0,0.0,0.08823529411764706,0.0
B_shared,l14_last,length_shift,joint,seen,0.498505701211223,0.004896748022312651,0.0,0.0,0.3322151951058201,0.008506459365556725,-0.05107236617135016,0.0009149025896405385,44.0,0.0,3.0,0.0,0.06818181818181818,0.0
B_shared,l14_last,length_shift,template,seen,0.4957842828370689,0.0048299645903632496,0.010416666666666666,0.004510548978043951,0.33303477483164984,0.00802639654679842,-0.05343225673437358,0.0012545258937031092,44.0,0.0,3.0,0.0,0.06818181818181815,0.0
B_shared,l14_last,length_shift,topic,seen,0.44071558968773156,0.0007070073011572575,0.07638888888888888,0.029615836995194413,0.4557443617339451,0.017011249357627458,-0.035842783499966856,0.0011785694527891338,64.0,0.0,3.0,0.0,0.046875,0.0
B_shared,l14_last,length_shift,train,seen,0.4323999789186585,0.0003981737118998043,0.109375,0.013779954745128078,0.49767278439153434,0.011108580378217164,-0.03041781602013732,0.001315351136325401,64.0,0.0,3.0,0.0,0.046875,0.0
B_shared,l14_last,length_shift,dev,unseen,0.37732254545691624,0.0019996492896315857,0.006944444444444444,0.006014065304058602,0.4959490740740741,0.0036140034712953788,-0.042982308963945,0.0017164459628540882,28.0,0.0,2.0,0.0,0.07142857142857141,0.0
B_shared,l14_last,length_shift,iid,unseen,0.3767868506396583,0.0021164396023264746,0.010416666666666666,0.0,0.49652777777777785,7.850462293418876e-17,-0.04309091497143828,0.0011727653217714035,28.0,0.0,2.0,0.0,0.07142857142857141,0.0
B_shared,l14_last,length_shift,joint,unseen,0.4555392401856944,0.0031871763782589982,0.0,0.0,0.24826388888888892,0.004064808216084714,-0.06613120400576618,0.0012426115814655615,36.0,0.0,2.0,0.0,0.05555555555555556,8.498374721940739e-18
B_shared,l14_last,length_shift,template,unseen,0.44513951086559306,0.003259824114167127,0.0,0.0,0.2522999280811781,0.005558970125269769,-0.06649268231720226,0.0008412019120241463,36.0,0.0,2.0,0.0,0.05555555555555557,0.0
B_shared,l14_last,length_shift,topic,unseen,0.3783513042776924,0.000868865785651885,0.0,0.0,0.4041206960477794,0.007377214634932451,-0.04528517080425431,0.0014759323931988224,52.0,0.0,2.0,0.0,0.03846153846153846,0.0
B_shared,l14_last,length_shift,train,unseen,0.37193487723988256,0.0010514119231574645,0.022569444444444444,0.007955860581520556,0.4178550760582011,0.008048545783644378,-0.041053674397508344,0.0015738573970124272,52.0,0.0,2.0,0.0,0.03846153846153846,0.0
B_shared,l14_last,length_shift,dev,all,0.4133289210393844,0.0014584711346142247,0.13541666666666666,0.010416666666666671,0.5671296296296297,0.0060970218477157155,-0.03140877585020851,0.0015193812634902296,46.0,0.0,5.0,0.0,0.10869565217391307,0.0
B_shared,l14_last,length_shift,iid,all,0.41416387915057834,0.0019083088369521337,0.125,0.010416666666666664,0.5619212962962963,0.005303907054347067,-0.0322492283669118,0.0009656122919006362,46.0,0.0,5.0,0.0,0.10869565217391307,0.0
B_shared,l14_last,length_shift,joint,all,0.4813191168010116,0.0042124966949771475,0.0,0.0,0.329245205026455,0.009007305890254948,-0.04980948837279884,0.0011052304232826399,60.0,0.0,5.0,0.0,0.08333333333333333,0.0
B_shared,l14_last,length_shift,template,all,0.47552637404847853,0.004199668839910321,0.010416666666666666,0.004510548978043951,0.33280533485611613,0.0065332590522135725,-0.05139968965645129,0.0011782446440906042,60.0,0.0,5.0,0.0,0.08333333333333331,0.0
B_shared,l14_last,length_shift,topic,all,0.41576987552371586,0.00045670282036808127,0.07638888888888888,0.029615836995194413,0.4645199514991181,0.018661332439607634,-0.034648610090981545,0.001257274192189986,88.0,0.0,5.0,0.0,0.0568181818181818,0.0
B_shared,l14_last,length_shift,train,all,0.4082139382471481,0.0004736286887044225,0.11284722222222221,0.01591172116304112,0.49694940476190474,0.011061320254742785,-0.029495310919446956,0.0013687448169672582,88.0,0.0,5.0,0.0,0.0568181818181818,0.0
B_shared,l14_last,source_token_ridge,dev,seen,0.29249519549882214,0.001745996278763283,0.9930555555555555,0.012028130608117225,0.9965277777777778,0.006014065304058581,0.07307508919217087,0.0003637069375310923,34.0,0.0,3.0,0.0,0.08823529411764706,0.0
B_shared,l14_last,source_token_ridge,iid,seen,0.2953727044966195,0.0006083883411975963,0.9930555555555555,0.012028130608117225,0.9965277777777778,0.006014065304058581,0.07202284275011966,0.0009286998662500561,34.0,0.0,3.0,0.0,0.08823529411764706,0.0
B_shared,l14_last,source_token_ridge,joint,seen,0.38515262984801635,0.004749691809456397,0.4479166666666667,0.009021097956087904,0.667919146825397,0.004367967231044878,0.009882590439913257,0.0018158516184433764,44.0,0.0,3.0,0.0,0.06818181818181818,0.0
B_shared,l14_last,source_token_ridge,template,seen,0.408238778792279,0.006151649710837551,0.4895833333333333,0.03157384284630766,0.6952876984126984,0.01978024158537819,0.007688944735191859,0.0019352610724529947,44.0,0.0,3.0,0.0,0.06818181818181815,0.0
B_shared,l14_last,source_token_ridge,topic,seen,0.32433807001417087,0.0009470057993289903,0.8385416666666666,0.0,0.8955786160213243,0.0023064960719627802,0.03683308566518393,0.0003262480715708184,64.0,0.0,3.0,0.0,0.046875,0.0
B_shared,l14_last,source_token_ridge,train,seen,0.2774551034429557,0.0006295096669019449,0.8802083333333334,0.01377995474512811,0.9353877314814815,0.007772046758023229,0.08006968131111242,0.0007414727609115826,64.0,0.0,3.0,0.0,0.046875,0.0
B_shared,l14_last,source_token_ridge,dev,unseen,0.24983725381044475,0.0015440354935747427,0.9305555555555555,0.0159117211630411,0.9652777777777778,0.007955860581520565,0.057904968197542046,0.00036586474269708437,28.0,0.0,2.0,0.0,0.07142857142857141,0.0
B_shared,l14_last,source_token_ridge,iid,unseen,0.25110672198040457,0.0009496273608056475,0.9270833333333334,0.02755990949025618,0.9635416666666666,0.013779954745128048,0.05733464346330586,0.0009686473227428775,28.0,0.0,2.0,0.0,0.07142857142857141,0.0
B_shared,l14_last,source_token_ridge,joint,unseen,0.34359001565331343,0.003751582200138836,0.19791666666666666,0.009021097956087902,0.44868551587301586,0.0010669908338055423,-0.004432478701510316,0.0015264075619358705,36.0,0.0,2.0,0.0,0.05555555555555556,8.498374721940739e-18
B_shared,l14_last,source_token_ridge,template,unseen,0.3569079588961432,0.004717964024579947,0.2838541666666667,0.029577647634376425,0.5128665388431014,0.019376390753558556,-0.0038250435672811576,0.0016829871280361307,36.0,0.0,2.0,0.0,0.05555555555555557,0.0
B_shared,l14_last,source_token_ridge,topic,unseen,0.26674097475310893,0.002131857638090153,0.7465277777777778,0.016742449237834984,0.8512800374779541,0.008570211861855784,0.027497923471214856,0.0007584441216802374,52.0,0.0,2.0,0.0,0.03846153846153846,0.0
B_shared,l14_last,source_token_ridge,train,unseen,0.23433115622849723,0.00020005283733187605,0.8072916666666666,0.009021097956087902,0.8961226851851851,0.0060970218477158205,0.06428879163277258,0.0008396121531368787,52.0,0.0,2.0,0.0,0.03846153846153846,0.0
B_shared,l14_last,source_token_ridge,dev,all,0.2754320188234712,0.0016547853875549636,0.9930555555555555,0.012028130608117225,0.9965277777777778,0.006014065304058581,0.07309748230388151,0.0003742682726383412,46.0,0.0,5.0,0.0,0.10869565217391307,0.0
B_shared,l14_last,source_token_ridge,iid,all,0.2776663114901335,0.0006087985285863469,0.9930555555555555,0.012028130608117225,0.9965277777777778,0.006014065304058581,0.0721886226852665,0.0009600891980953925,46.0,0.0,5.0,0.0,0.10869565217391307,0.0
B_shared,l14_last,source_token_ridge,joint,all,0.3685275841701352,0.004338976942145244,0.4427083333333333,0.009021097956087904,0.6573037494912494,6.615972853724075e-05,0.010068195524327972,0.0017890494196870401,60.0,0.0,5.0,0.0,0.08333333333333333,0.0
B_shared,l14_last,source_token_ridge,template,all,0.38770645083382466,0.005578065531088142,0.4869791666666667,0.029577647634376425,0.6896370701058201,0.018942621851467358,0.008794063636443828,0.0018937744421035287,60.0,0.0,5.0,0.0,0.08333333333333331,0.0
B_shared,l14_last,source_token_ridge,topic,all,0.30129923190974606,0.0013777707425255228,0.8402777777777777,0.0030070326520293222,0.8996259093915344,0.002344097174638188,0.03731017470775546,0.00040255511484231857,88.0,0.0,5.0,0.0,0.0568181818181818,0.0
B_shared,l14_last,source_token_ridge,train,all,0.26020552455717233,0.0004568193224051365,0.8802083333333334,0.01377995474512811,0.9349537037037038,0.00793990128246305,0.08007079207587597,0.0007430199003193266,88.0,0.0,5.0,0.0,0.0568181818181818,0.0
B_shared,l14_last,shuffled,dev,seen,0.3147469823566518,0.00028685408515251743,0.9583333333333334,0.010416666666666685,0.9791666666666666,0.005208333333333315,0.030091930821271897,0.0005244114525214978,34.0,0.0,3.0,0.0,0.08823529411764706,0.0
B_shared,l14_last,shuffled,iid,seen,0.3173598294927622,0.0007924619912034127,0.9409722222222222,0.006014065304058581,0.9681712962962963,0.00361400347129541,0.029091118763080556,0.0006621232419790831,34.0,0.0,3.0,0.0,0.08823529411764706,0.0
B_shared,l14_last,shuffled,joint,seen,0.359483859264543,0.003192108257049923,0.3229166666666667,0.023867581744561665,0.5888082837301588,0.014376762929163418,0.009186407498190231,0.0006935212164850823,44.0,0.0,3.0,0.0,0.06818181818181818,0.0
B_shared,l14_last,shuffled,template,seen,0.3694496416743731,0.0037565745848336554,0.3046875,0.020669932117692115,0.580211433531746,0.011446121052361886,0.0035339795286187165,0.0011381235155888884,44.0,0.0,3.0,0.0,0.06818181818181815,0.0
B_shared,l14_last,shuffled,topic,seen,0.3159891415127231,0.00020160812013577542,0.7621527777777777,0.013107351450122814,0.8499152612433862,0.007804746476630738,0.03116271607466971,0.00042330573801623283,64.0,0.0,3.0,0.0,0.046875,0.0
B_shared,l14_last,shuffled,train,seen,0.3115940487995588,0.001009188229005895,0.7517361111111112,0.016742449237835005,0.8647280092592592,0.009432825991147524,0.03221427695588438,0.0008341288011776611,64.0,0.0,3.0,0.0,0.046875,0.0
B_shared,l14_last,shuffled,dev,unseen,0.2684176005804048,0.0026627614849746408,0.8506944444444445,0.015911721163041105,0.9247685185185186,0.008909030276817421,0.022064598876621013,0.0008747947332909178,28.0,0.0,2.0,0.0,0.07142857142857141,0.0
B_shared,l14_last,shuffled,iid,unseen,0.2695888409859996,0.0028504230673791287,0.8611111111111112,0.015911721163041116,0.9305555555555555,0.007955860581520553,0.021219912229519248,0.0008850669391097846,28.0,0.0,2.0,0.0,0.07142857142857141,0.0
B_shared,l14_last,shuffled,joint,unseen,0.3220110060709724,0.0008889108066218097,0.15625,0.015625,0.40527653769841265,0.00661507955570345,-0.0045819615168095715,0.0006524302702606074,36.0,0.0,2.0,0.0,0.05555555555555556,8.498374721940739e-18
B_shared,l14_last,shuffled,template,unseen,0.3277864569400957,0.0008475079942416978,0.171875,0.020669932117692115,0.4385406332671957,0.016019795962077112,-0.008480554442243738,0.0012404132641754455,36.0,0.0,2.0,0.0,0.05555555555555557,0.0
B_shared,l14_last,shuffled,topic,unseen,0.2640948623154023,0.0025608236843756745,0.7847222222222222,0.007955860581520565,0.872800925925926,0.003647210939025073,0.024316633654960448,0.0007336499224067902,52.0,0.0,2.0,0.0,0.03846153846153846,0.0
B_shared,l14_last,shuffled,train,unseen,0.2661133939753282,0.003496319879923671,0.6961805555555555,0.0159117211630411,0.8333043981481482,0.008989440723873487,0.02392891675838399,0.0011178038866377813,52.0,0.0,2.0,0.0,0.03846153846153846,0.0
B_shared,l14_last,shuffled,dev,all,0.29621522964615304,0.0012036030072839305,0.9583333333333334,0.010416666666666685,0.9791666666666666,0.005208333333333315,0.03042802352130852,0.0006177256406018895,46.0,0.0,5.0,0.0,0.10869565217391307,0.0
B_shared,l14_last,shuffled,iid,all,0.2982514340900571,0.0015276841823108809,0.9479166666666666,0.010416666666666685,0.9722222222222222,0.005208333333333315,0.029706582651892483,0.0007341885330495959,46.0,0.0,5.0,0.0,0.10869565217391307,0.0
B_shared,l14_last,shuffled,joint,all,0.34449471798711473,0.0022626798082859994,0.3177083333333333,0.018042195912175804,0.5753637566137566,0.01197404082863176,0.009487365502705545,0.000719513305241162,60.0,0.0,5.0,0.0,0.08333333333333333,0.0
B_shared,l14_last,shuffled,template,all,0.35278436778066213,0.0025593230817228477,0.3072916666666667,0.011933790872280832,0.5760013640873015,0.004240564896608323,0.004484430610314873,0.0011067124577433596,60.0,0.0,5.0,0.0,0.08333333333333331,0.0
B_shared,l14_last,shuffled,topic,all,0.29523142983379475,0.0011451854007450953,0.7708333333333334,0.018778912893041573,0.8590897817460318,0.010611116455879602,0.03187077904198576,0.0004860474119902619,88.0,0.0,5.0,0.0,0.0568181818181818,0.0
B_shared,l14_last,shuffled,train,all,0.29340178686986657,0.0019853757406214775,0.7517361111111112,0.016742449237835005,0.8612557870370369,0.00952227006475943,0.03259684235901215,0.0008630381431743113,88.0,0.0,5.0,0.0,0.0568181818181818,0.0
B_shared,l14_last,random_subspace,dev,seen,0.4354272002802591,0.0004702119613171661,0.03819444444444444,0.0060140653040586,0.5190972222222223,0.0030070326520293222,-0.03501404805277716,0.0009068116014127158,34.0,0.0,3.0,0.0,0.08823529411764706,0.0
B_shared,l14_last,random_subspace,iid,seen,0.4382280023361391,0.00028197286186376614,0.041666666666666664,0.010416666666666668,0.5208333333333334,0.005208333333333315,-0.03610741108101886,0.0009236992115022125,34.0,0.0,3.0,0.0,0.08823529411764706,0.0
B_shared,l14_last,random_subspace,joint,seen,0.47449462506458984,0.004160882946361675,0.0,0.0,0.33401124338624344,0.007764610989735287,-0.05098828345476277,0.0014024033942285216,44.0,0.0,3.0,0.0,0.06818181818181818,0.0
B_shared,l14_last,random_subspace,template,seen,0.4842712234269703,0.005091483881323008,0.010416666666666666,0.004510548978043951,0.3285962301587302,0.008179945038815237,-0.05440254420785967,0.001464679977419731,44.0,0.0,3.0,0.0,0.06818181818181815,0.0
B_shared,l14_last,random_subspace,topic,seen,0.43520568255106157,0.00017953139719218255,0.03125,0.018042195912175808,0.42563189607460444,0.012688400600438259,-0.03645988832288208,0.0008538357126337504,64.0,0.0,3.0,0.0,0.046875,0.0
B_shared,l14_last,random_subspace,train,seen,0.43523407493632416,0.00043099151249306235,0.05381944444444445,0.007955860581520556,0.4667700066137566,0.008535085151174664,-0.03464515511450756,0.0008979387596219696,64.0,0.0,3.0,0.0,0.046875,0.0
B_shared,l14_last,random_subspace,dev,unseen,0.3739269457366466,0.0008510190769104018,0.0,0.0,0.49189814814814814,0.0010023442173430967,-0.045107227307291387,0.0010825782437451194,28.0,0.0,2.0,0.0,0.07142857142857141,0.0
B_shared,l14_last,random_subspace,iid,unseen,0.37454463613895267,0.0010447863577478225,0.0,0.0,0.4907407407407407,0.0010023442173431128,-0.04568648991697385,0.001134658091204498,28.0,0.0,2.0,0.0,0.07142857142857141,0.0
B_shared,l14_last,random_subspace,joint,unseen,0.4320955955978108,0.002870533613974986,0.0,0.0,0.25024801587301587,0.0022033055809890624,-0.0664640122086732,0.0012281180957790115,36.0,0.0,2.0,0.0,0.05555555555555556,8.498374721940739e-18
B_shared,l14_last,random_subspace,template,unseen,0.4358032191648021,0.0033743721969023235,0.0,0.0,0.24501863154206904,0.003974329973072544,-0.06805430768427488,0.00120689059311402,36.0,0.0,2.0,0.0,0.05555555555555557,0.0
B_shared,l14_last,random_subspace,topic,unseen,0.3719690355498375,0.0011882524828561003,0.0,0.0,0.4020730619688953,0.004401688925170114,-0.045618953303776404,0.0011338807821154125,52.0,0.0,2.0,0.0,0.03846153846153846,0.0
B_shared,l14_last,random_subspace,train,unseen,0.37339669560708694,0.0009492608279550586,0.0,0.0,0.3970679012345679,0.002224122792746939,-0.04495582706347124,0.0011394946473348075,52.0,0.0,2.0,0.0,0.03846153846153846,0.0
B_shared,l14_last,random_subspace,dev,all,0.4108270984628142,9.399301346394531e-05,0.03819444444444444,0.0060140653040586,0.5190972222222223,0.0030070326520293222,-0.03379648687946266,0.000960001198833928,46.0,0.0,5.0,0.0,0.10869565217391307,0.0
B_shared,l14_last,random_subspace,iid,all,0.41275465585726456,0.00030765482321394523,0.041666666666666664,0.010416666666666668,0.5208333333333334,0.005208333333333315,-0.03501257984079164,0.000946381037148274,46.0,0.0,5.0,0.0,0.10869565217391307,0.0
B_shared,l14_last,random_subspace,joint,all,0.4575350132778782,0.003644239076753497,0.0,0.0,0.32729226791726795,0.010353572429375523,-0.04992895163675667,0.0013628594783164831,60.0,0.0,5.0,0.0,0.08333333333333333,0.0
B_shared,l14_last,random_subspace,template,all,0.464884021722103,0.004403865606064828,0.010416666666666666,0.004510548978043951,0.3305616258741259,0.006995645303063218,-0.052583704716610745,0.0014159891606442842,60.0,0.0,5.0,0.0,0.08333333333333331,0.0
B_shared,l14_last,random_subspace,topic,all,0.4099110237505719,0.00039887059935520333,0.03125,0.018042195912175808,0.43438138828763834,0.01347651554882653,-0.03518131204843728,0.0009195739067962249,88.0,0.0,5.0,0.0,0.0568181818181818,0.0
B_shared,l14_last,random_subspace,train,all,0.4104991232046293,0.00014091935044062393,0.05381944444444445,0.007955860581520556,0.46352926587301585,0.009177473329034999,-0.033662614659443625,0.0009373456166214961,88.0,0.0,5.0,0.0,0.0568181818181818,0.0
B_shared,l14_last,surface_selected,dev,seen,0.29249519549882214,0.001745996278763283,0.9930555555555555,0.012028130608117225,0.9965277777777778,0.006014065304058581,0.07307508919217087,0.0003637069375310923,34.0,0.0,3.0,0.0,0.08823529411764706,0.0
B_shared,l14_last,surface_selected,iid,seen,0.2953727044966195,0.0006083883411975963,0.9930555555555555,0.012028130608117225,0.9965277777777778,0.006014065304058581,0.07202284275011966,0.0009286998662500561,34.0,0.0,3.0,0.0,0.08823529411764706,0.0
B_shared,l14_last,surface_selected,joint,seen,0.38515262984801635,0.004749691809456397,0.4479166666666667,0.009021097956087904,0.667919146825397,0.004367967231044878,0.009882590439913257,0.0018158516184433764,44.0,0.0,3.0,0.0,0.06818181818181818,0.0
B_shared,l14_last,surface_selected,template,seen,0.408238778792279,0.006151649710837551,0.4895833333333333,0.03157384284630766,0.6952876984126984,0.01978024158537819,0.007688944735191859,0.0019352610724529947,44.0,0.0,3.0,0.0,0.06818181818181815,0.0
B_shared,l14_last,surface_selected,topic,seen,0.32433807001417087,0.0009470057993289903,0.8385416666666666,0.0,0.8955786160213243,0.0023064960719627802,0.03683308566518393,0.0003262480715708184,64.0,0.0,3.0,0.0,0.046875,0.0
B_shared,l14_last,surface_selected,train,seen,0.2774551034429557,0.0006295096669019449,0.8802083333333334,0.01377995474512811,0.9353877314814815,0.007772046758023229,0.08006968131111242,0.0007414727609115826,64.0,0.0,3.0,0.0,0.046875,0.0
B_shared,l14_last,surface_selected,dev,unseen,0.24983725381044475,0.0015440354935747427,0.9305555555555555,0.0159117211630411,0.9652777777777778,0.007955860581520565,0.057904968197542046,0.00036586474269708437,28.0,0.0,2.0,0.0,0.07142857142857141,0.0
B_shared,l14_last,surface_selected,iid,unseen,0.25110672198040457,0.0009496273608056475,0.9270833333333334,0.02755990949025618,0.9635416666666666,0.013779954745128048,0.05733464346330586,0.0009686473227428775,28.0,0.0,2.0,0.0,0.07142857142857141,0.0
B_shared,l14_last,surface_selected,joint,unseen,0.34359001565331343,0.003751582200138836,0.19791666666666666,0.009021097956087902,0.44868551587301586,0.0010669908338055423,-0.004432478701510316,0.0015264075619358705,36.0,0.0,2.0,0.0,0.05555555555555556,8.498374721940739e-18
B_shared,l14_last,surface_selected,template,unseen,0.3569079588961432,0.004717964024579947,0.2838541666666667,0.029577647634376425,0.5128665388431014,0.019376390753558556,-0.0038250435672811576,0.0016829871280361307,36.0,0.0,2.0,0.0,0.05555555555555557,0.0
B_shared,l14_last,surface_selected,topic,unseen,0.26674097475310893,0.002131857638090153,0.7465277777777778,0.016742449237834984,0.8512800374779541,0.008570211861855784,0.027497923471214856,0.0007584441216802374,52.0,0.0,2.0,0.0,0.03846153846153846,0.0
B_shared,l14_last,surface_selected,train,unseen,0.23433115622849723,0.00020005283733187605,0.8072916666666666,0.009021097956087902,0.8961226851851851,0.0060970218477158205,0.06428879163277258,0.0008396121531368787,52.0,0.0,2.0,0.0,0.03846153846153846,0.0
B_shared,l14_last,surface_selected,dev,all,0.2754320188234712,0.0016547853875549636,0.9930555555555555,0.012028130608117225,0.9965277777777778,0.006014065304058581,0.07309748230388151,0.0003742682726383412,46.0,0.0,5.0,0.0,0.10869565217391307,0.0
B_shared,l14_last,surface_selected,iid,all,0.2776663114901335,0.0006087985285863469,0.9930555555555555,0.012028130608117225,0.9965277777777778,0.006014065304058581,0.0721886226852665,0.0009600891980953925,46.0,0.0,5.0,0.0,0.10869565217391307,0.0
B_shared,l14_last,surface_selected,joint,all,0.3685275841701352,0.004338976942145244,0.4427083333333333,0.009021097956087904,0.6573037494912494,6.615972853724075e-05,0.010068195524327972,0.0017890494196870401,60.0,0.0,5.0,0.0,0.08333333333333333,0.0
B_shared,l14_last,surface_selected,template,all,0.38770645083382466,0.005578065531088142,0.4869791666666667,0.029577647634376425,0.6896370701058201,0.018942621851467358,0.008794063636443828,0.0018937744421035287,60.0,0.0,5.0,0.0,0.08333333333333331,0.0
B_shared,l14_last,surface_selected,topic,all,0.30129923190974606,0.0013777707425255228,0.8402777777777777,0.0030070326520293222,0.8996259093915344,0.002344097174638188,0.03731017470775546,0.00040255511484231857,88.0,0.0,5.0,0.0,0.0568181818181818,0.0
B_shared,l14_last,surface_selected,train,all,0.26020552455717233,0.0004568193224051365,0.8802083333333334,0.01377995474512811,0.9349537037037038,0.00793990128246305,0.08007079207587597,0.0007430199003193266,88.0,0.0,5.0,0.0,0.0568181818181818,0.0
B_conditional_f0,l14_last,identity,dev,specified_f0,0.487795242465894,0.0,nan,nan,nan,nan,nan,nan,0.0,0.0,0.0,0.0,nan,nan
B_conditional_f0,l14_last,identity,iid,specified_f0,0.4910493341133216,0.0,nan,nan,nan,nan,nan,nan,0.0,0.0,0.0,0.0,nan,nan
B_conditional_f0,l14_last,identity,joint,specified_f0,0.5089853660539234,0.0,nan,nan,nan,nan,nan,nan,0.0,0.0,0.0,0.0,nan,nan
B_conditional_f0,l14_last,identity,template,specified_f0,0.501514233377466,0.0,nan,nan,nan,nan,nan,nan,0.0,0.0,0.0,0.0,nan,nan
B_conditional_f0,l14_last,identity,topic,specified_f0,0.5049688769035511,0.0,nan,nan,nan,nan,nan,nan,0.0,0.0,0.0,0.0,nan,nan
B_conditional_f0,l14_last,identity,train,specified_f0,0.4887586120984538,0.0,nan,nan,nan,nan,nan,nan,0.0,0.0,0.0,0.0,nan,nan
B_conditional_f0,l14_last,shift,dev,specified_f0,0.2618838544333725,0.00012488886376317766,nan,nan,nan,nan,nan,nan,0.0,0.0,0.0,0.0,nan,nan
B_conditional_f0,l14_last,shift,iid,specified_f0,0.2652560818533049,9.188690741764057e-05,nan,nan,nan,nan,nan,nan,0.0,0.0,0.0,0.0,nan,nan
B_conditional_f0,l14_last,shift,joint,specified_f0,0.3283192527402942,0.004686578644540459,nan,nan,nan,nan,nan,nan,0.0,0.0,0.0,0.0,nan,nan
B_conditional_f0,l14_last,shift,template,specified_f0,0.3391510218090959,0.005573617454546048,nan,nan,nan,nan,nan,nan,0.0,0.0,0.0,0.0,nan,nan
B_conditional_f0,l14_last,shift,topic,specified_f0,0.26616255557911644,0.0005974664131548558,nan,nan,nan,nan,nan,nan,0.0,0.0,0.0,0.0,nan,nan
B_conditional_f0,l14_last,shift,train,specified_f0,0.2619517639555797,0.0001258389794146084,nan,nan,nan,nan,nan,nan,0.0,0.0,0.0,0.0,nan,nan
B_conditional_f0,l14_last,rank1,dev,specified_f0,0.2039413478869445,0.00019393698434832008,nan,nan,nan,nan,nan,nan,0.0,0.0,0.0,0.0,nan,nan
B_conditional_f0,l14_last,rank1,iid,specified_f0,0.20773378133200404,0.00024348621826346717,nan,nan,nan,nan,nan,nan,0.0,0.0,0.0,0.0,nan,nan
B_conditional_f0,l14_last,rank1,joint,specified_f0,0.26149654006726275,0.005364278586392316,nan,nan,nan,nan,nan,nan,0.0,0.0,0.0,0.0,nan,nan
B_conditional_f0,l14_last,rank1,template,specified_f0,0.27504486401002565,0.006315520652962632,nan,nan,nan,nan,nan,nan,0.0,0.0,0.0,0.0,nan,nan
B_conditional_f0,l14_last,rank1,topic,specified_f0,0.20560825030389598,0.0006952815837486689,nan,nan,nan,nan,nan,nan,0.0,0.0,0.0,0.0,nan,nan
B_conditional_f0,l14_last,rank1,train,specified_f0,0.20389083919794881,0.0002989217171899548,nan,nan,nan,nan,nan,nan,0.0,0.0,0.0,0.0,nan,nan
B_conditional_f0,l14_last,lowrank,dev,specified_f0,0.07150764008219566,0.0010482581202734323,nan,nan,nan,nan,nan,nan,0.0,0.0,0.0,0.0,nan,nan
B_conditional_f0,l14_last,lowrank,iid,specified_f0,0.07197782833137056,0.0007546789134571269,nan,nan,nan,nan,nan,nan,0.0,0.0,0.0,0.0,nan,nan
B_conditional_f0,l14_last,lowrank,joint,specified_f0,0.19121462889942745,0.0037375107046909517,nan,nan,nan,nan,nan,nan,0.0,0.0,0.0,0.0,nan,nan
B_conditional_f0,l14_last,lowrank,template,specified_f0,0.20103785145359665,0.0027085971498102086,nan,nan,nan,nan,nan,nan,0.0,0.0,0.0,0.0,nan,nan
B_conditional_f0,l14_last,lowrank,topic,specified_f0,0.09152036474123787,0.0012559573954656286,nan,nan,nan,nan,nan,nan,0.0,0.0,0.0,0.0,nan,nan
B_conditional_f0,l14_last,lowrank,train,specified_f0,0.05370480511876973,0.00037631241084798943,nan,nan,nan,nan,nan,nan,0.0,0.0,0.0,0.0,nan,nan
B_conditional_f0,l14_last,full_delta,dev,specified_f0,0.04992521685520873,0.001559320138728564,nan,nan,nan,nan,nan,nan,0.0,0.0,0.0,0.0,nan,nan
B_conditional_f0,l14_last,full_delta,iid,specified_f0,0.04946217216681154,0.00047877103231723045,nan,nan,nan,nan,nan,nan,0.0,0.0,0.0,0.0,nan,nan
B_conditional_f0,l14_last,full_delta,joint,specified_f0,0.19193642421719956,0.0027002332573221196,nan,nan,nan,nan,nan,nan,0.0,0.0,0.0,0.0,nan,nan
B_conditional_f0,l14_last,full_delta,template,specified_f0,0.19890761764529144,0.0012811030768028631,nan,nan,nan,nan,nan,nan,0.0,0.0,0.0,0.0,nan,nan
B_conditional_f0,l14_last,full_delta,topic,specified_f0,0.08384675236228516,0.001161279744926035,nan,nan,nan,nan,nan,nan,0.0,0.0,0.0,0.0,nan,nan
B_conditional_f0,l14_last,full_delta,train,specified_f0,0.02232028769086314,0.0011922827244088795,nan,nan,nan,nan,nan,nan,0.0,0.0,0.0,0.0,nan,nan
B_conditional_f0,l14_last,full_affine,dev,specified_f0,0.0426857863646643,0.0014942576894755358,nan,nan,nan,nan,nan,nan,0.0,0.0,0.0,0.0,nan,nan
B_conditional_f0,l14_last,full_affine,iid,specified_f0,0.04189826618348017,0.0008575941490717194,nan,nan,nan,nan,nan,nan,0.0,0.0,0.0,0.0,nan,nan
B_conditional_f0,l14_last,full_affine,joint,specified_f0,0.19142214777159386,0.002675846905658039,nan,nan,nan,nan,nan,nan,0.0,0.0,0.0,0.0,nan,nan
B_conditional_f0,l14_last,full_affine,template,specified_f0,0.19185545488466374,0.0008293236973117517,nan,nan,nan,nan,nan,nan,0.0,0.0,0.0,0.0,nan,nan
B_conditional_f0,l14_last,full_affine,topic,specified_f0,0.08470140665521624,0.001159084193433664,nan,nan,nan,nan,nan,nan,0.0,0.0,0.0,0.0,nan,nan
B_conditional_f0,l14_last,full_affine,train,specified_f0,0.02049038427634411,0.0013005406827602006,nan,nan,nan,nan,nan,nan,0.0,0.0,0.0,0.0,nan,nan
B_conditional_f0,l14_last,length_shift,dev,specified_f0,0.2605873010055424,0.0009340806556886219,nan,nan,nan,nan,nan,nan,0.0,0.0,0.0,0.0,nan,nan
B_conditional_f0,l14_last,length_shift,iid,specified_f0,0.2636605734363842,0.0007729562299742251,nan,nan,nan,nan,nan,nan,0.0,0.0,0.0,0.0,nan,nan
B_conditional_f0,l14_last,length_shift,joint,specified_f0,0.3424276753219024,0.005355047175394715,nan,nan,nan,nan,nan,nan,0.0,0.0,0.0,0.0,nan,nan
B_conditional_f0,l14_last,length_shift,template,specified_f0,0.34335437842043676,0.005376917364453993,nan,nan,nan,nan,nan,nan,0.0,0.0,0.0,0.0,nan,nan
B_conditional_f0,l14_last,length_shift,topic,specified_f0,0.2661715299651626,0.001412224951866044,nan,nan,nan,nan,nan,nan,0.0,0.0,0.0,0.0,nan,nan
B_conditional_f0,l14_last,length_shift,train,specified_f0,0.25667151609144395,0.00010909007995908285,nan,nan,nan,nan,nan,nan,0.0,0.0,0.0,0.0,nan,nan
B_conditional_f0,l14_last,source_token_ridge,dev,specified_f0,0.10949620505608122,0.001984283499162354,nan,nan,nan,nan,nan,nan,0.0,0.0,0.0,0.0,nan,nan
B_conditional_f0,l14_last,source_token_ridge,iid,specified_f0,0.11076104883612063,0.0009339288773547322,nan,nan,nan,nan,nan,nan,0.0,0.0,0.0,0.0,nan,nan
B_conditional_f0,l14_last,source_token_ridge,joint,specified_f0,0.23711570863951448,0.004769126752909285,nan,nan,nan,nan,nan,nan,0.0,0.0,0.0,0.0,nan,nan
B_conditional_f0,l14_last,source_token_ridge,template,specified_f0,0.26296302392397075,0.006366613347759077,nan,nan,nan,nan,nan,nan,0.0,0.0,0.0,0.0,nan,nan
B_conditional_f0,l14_last,source_token_ridge,topic,specified_f0,0.14758445102027717,0.0008770943134324747,nan,nan,nan,nan,nan,nan,0.0,0.0,0.0,0.0,nan,nan
B_conditional_f0,l14_last,source_token_ridge,train,specified_f0,0.08405050163802254,0.0011575350037734138,nan,nan,nan,nan,nan,nan,0.0,0.0,0.0,0.0,nan,nan
B_conditional_f0,l14_last,shuffled,dev,specified_f0,0.1700457024975027,0.002571775364110602,nan,nan,nan,nan,nan,nan,0.0,0.0,0.0,0.0,nan,nan
B_conditional_f0,l14_last,shuffled,iid,specified_f0,0.1727664829329226,0.0024317375440248874,nan,nan,nan,nan,nan,nan,0.0,0.0,0.0,0.0,nan,nan
B_conditional_f0,l14_last,shuffled,joint,specified_f0,0.22125905324237238,0.0028999399953695154,nan,nan,nan,nan,nan,nan,0.0,0.0,0.0,0.0,nan,nan
B_conditional_f0,l14_last,shuffled,template,specified_f0,0.2340725184989928,0.0033845761115053673,nan,nan,nan,nan,nan,nan,0.0,0.0,0.0,0.0,nan,nan
B_conditional_f0,l14_last,shuffled,topic,specified_f0,0.16991135041246075,0.00197916568861198,nan,nan,nan,nan,nan,nan,0.0,0.0,0.0,0.0,nan,nan
B_conditional_f0,l14_last,shuffled,train,specified_f0,0.17002603313474354,0.003863487135068039,nan,nan,nan,nan,nan,nan,0.0,0.0,0.0,0.0,nan,nan
B_conditional_f0,l14_last,random_subspace,dev,specified_f0,0.25988692472890373,0.00041974137650820873,nan,nan,nan,nan,nan,nan,0.0,0.0,0.0,0.0,nan,nan
B_conditional_f0,l14_last,random_subspace,iid,specified_f0,0.2632377327391498,0.0003486174547651025,nan,nan,nan,nan,nan,nan,0.0,0.0,0.0,0.0,nan,nan
B_conditional_f0,l14_last,random_subspace,joint,specified_f0,0.3269204308099558,0.004622548531552018,nan,nan,nan,nan,nan,nan,0.0,0.0,0.0,0.0,nan,nan
B_conditional_f0,l14_last,random_subspace,template,specified_f0,0.3378406022554252,0.005525160654676542,nan,nan,nan,nan,nan,nan,0.0,0.0,0.0,0.0,nan,nan
B_conditional_f0,l14_last,random_subspace,topic,specified_f0,0.26447550945650106,0.0007992756957571675,nan,nan,nan,nan,nan,nan,0.0,0.0,0.0,0.0,nan,nan
B_conditional_f0,l14_last,random_subspace,train,specified_f0,0.25972827958098366,0.00039400849784576174,nan,nan,nan,nan,nan,nan,0.0,0.0,0.0,0.0,nan,nan
B_conditional_f1,l14_last,identity,dev,specified_f1,0.4951757954831999,0.0,nan,nan,nan,nan,nan,nan,0.0,0.0,0.0,0.0,nan,nan
B_conditional_f1,l14_last,identity,iid,specified_f1,0.49764548545329174,0.0,nan,nan,nan,nan,nan,nan,0.0,0.0,0.0,0.0,nan,nan
B_conditional_f1,l14_last,identity,joint,specified_f1,0.5037585627072625,0.0,nan,nan,nan,nan,nan,nan,0.0,0.0,0.0,0.0,nan,nan
B_conditional_f1,l14_last,identity,template,specified_f1,0.5022759942370615,0.0,nan,nan,nan,nan,nan,nan,0.0,0.0,0.0,0.0,nan,nan
B_conditional_f1,l14_last,identity,topic,specified_f1,0.5097786547287644,0.0,nan,nan,nan,nan,nan,nan,0.0,0.0,0.0,0.0,nan,nan
B_conditional_f1,l14_last,identity,train,specified_f1,0.49092606405055045,0.0,nan,nan,nan,nan,nan,nan,0.0,0.0,0.0,0.0,nan,nan
B_conditional_f1,l14_last,shift,dev,specified_f1,0.2748472917420344,0.00038058840171235843,nan,nan,nan,nan,nan,nan,0.0,0.0,0.0,0.0,nan,nan
B_conditional_f1,l14_last,shift,iid,specified_f1,0.2773390585134808,0.0002263016486584308,nan,nan,nan,nan,nan,nan,0.0,0.0,0.0,0.0,nan,nan
B_conditional_f1,l14_last,shift,joint,specified_f1,0.3248438249598999,0.004204980496552381,nan,nan,nan,nan,nan,nan,0.0,0.0,0.0,0.0,nan,nan
B_conditional_f1,l14_last,shift,template,specified_f1,0.33675776615860675,0.004959216076240378,nan,nan,nan,nan,nan,nan,0.0,0.0,0.0,0.0,nan,nan
B_conditional_f1,l14_last,shift,topic,specified_f1,0.274356148243649,0.0006353075460769622,nan,nan,nan,nan,nan,nan,0.0,0.0,0.0,0.0,nan,nan
B_conditional_f1,l14_last,shift,train,specified_f1,0.2713092467874952,0.000315956234525315,nan,nan,nan,nan,nan,nan,0.0,0.0,0.0,0.0,nan,nan
B_conditional_f1,l14_last,rank1,dev,specified_f1,0.216768749492003,0.00038092370422705636,nan,nan,nan,nan,nan,nan,0.0,0.0,0.0,0.0,nan,nan
B_conditional_f1,l14_last,rank1,iid,specified_f1,0.21974088492201674,0.00030788393587805854,nan,nan,nan,nan,nan,nan,0.0,0.0,0.0,0.0,nan,nan
B_conditional_f1,l14_last,rank1,joint,specified_f1,0.25801761998732003,0.005256219796548417,nan,nan,nan,nan,nan,nan,0.0,0.0,0.0,0.0,nan,nan
B_conditional_f1,l14_last,rank1,template,specified_f1,0.27285982056992697,0.006009373990438922,nan,nan,nan,nan,nan,nan,0.0,0.0,0.0,0.0,nan,nan
B_conditional_f1,l14_last,rank1,topic,specified_f1,0.21344127037205274,0.0007639000089585622,nan,nan,nan,nan,nan,nan,0.0,0.0,0.0,0.0,nan,nan
B_conditional_f1,l14_last,rank1,train,specified_f1,0.21301192708588446,0.0003938010907938056,nan,nan,nan,nan,nan,nan,0.0,0.0,0.0,0.0,nan,nan
B_conditional_f1,l14_last,lowrank,dev,specified_f1,0.07352104753451558,0.0018535828617034485,nan,nan,nan,nan,nan,nan,0.0,0.0,0.0,0.0,nan,nan
B_conditional_f1,l14_last,lowrank,iid,specified_f1,0.07542307770285689,0.0011576775743343919,nan,nan,nan,nan,nan,nan,0.0,0.0,0.0,0.0,nan,nan
B_conditional_f1,l14_last,lowrank,joint,specified_f1,0.18872137681377685,0.0030252204394272055,nan,nan,nan,nan,nan,nan,0.0,0.0,0.0,0.0,nan,nan
B_conditional_f1,l14_last,lowrank,template,specified_f1,0.199620865713651,0.0028435901348677394,nan,nan,nan,nan,nan,nan,0.0,0.0,0.0,0.0,nan,nan
B_conditional_f1,l14_last,lowrank,topic,specified_f1,0.10048839953428573,0.0023355577160911493,nan,nan,nan,nan,nan,nan,0.0,0.0,0.0,0.0,nan,nan
B_conditional_f1,l14_last,lowrank,train,specified_f1,0.0549591492025463,0.0009289069883143,nan,nan,nan,nan,nan,nan,0.0,0.0,0.0,0.0,nan,nan
B_conditional_f1,l14_last,full_delta,dev,specified_f1,0.049328490290522754,0.0013663784912913697,nan,nan,nan,nan,nan,nan,0.0,0.0,0.0,0.0,nan,nan
B_conditional_f1,l14_last,full_delta,iid,specified_f1,0.05062071930708936,0.0009282155034898682,nan,nan,nan,nan,nan,nan,0.0,0.0,0.0,0.0,nan,nan
B_conditional_f1,l14_last,full_delta,joint,specified_f1,0.18499373708145297,0.0015739157724494405,nan,nan,nan,nan,nan,nan,0.0,0.0,0.0,0.0,nan,nan
B_conditional_f1,l14_last,full_delta,template,specified_f1,0.19515472945429366,0.002160035457532568,nan,nan,nan,nan,nan,nan,0.0,0.0,0.0,0.0,nan,nan
B_conditional_f1,l14_last,full_delta,topic,specified_f1,0.09163250572007876,0.0016466160612731101,nan,nan,nan,nan,nan,nan,0.0,0.0,0.0,0.0,nan,nan
B_conditional_f1,l14_last,full_delta,train,specified_f1,0.02158191840198913,0.0018105892652384237,nan,nan,nan,nan,nan,nan,0.0,0.0,0.0,0.0,nan,nan
B_conditional_f1,l14_last,full_affine,dev,specified_f1,0.0385492432226623,0.0009710388181824875,nan,nan,nan,nan,nan,nan,0.0,0.0,0.0,0.0,nan,nan
B_conditional_f1,l14_last,full_affine,iid,specified_f1,0.039290526103205735,0.0010791166449323913,nan,nan,nan,nan,nan,nan,0.0,0.0,0.0,0.0,nan,nan
B_conditional_f1,l14_last,full_affine,joint,specified_f1,0.1677827185090992,0.0009390806790203532,nan,nan,nan,nan,nan,nan,0.0,0.0,0.0,0.0,nan,nan
B_conditional_f1,l14_last,full_affine,template,specified_f1,0.1743982727965282,0.0009237511317346373,nan,nan,nan,nan,nan,nan,0.0,0.0,0.0,0.0,nan,nan
B_conditional_f1,l14_last,full_affine,topic,specified_f1,0.08729208426617686,0.001689163912375377,nan,nan,nan,nan,nan,nan,0.0,0.0,0.0,0.0,nan,nan
B_conditional_f1,l14_last,full_affine,train,specified_f1,0.018045764655388274,0.0020100302144686025,nan,nan,nan,nan,nan,nan,0.0,0.0,0.0,0.0,nan,nan
B_conditional_f1,l14_last,length_shift,dev,specified_f1,0.2733571163784803,0.0007415019618801597,nan,nan,nan,nan,nan,nan,0.0,0.0,0.0,0.0,nan,nan
B_conditional_f1,l14_last,length_shift,iid,specified_f1,0.27542730627012335,0.0018136647122189,nan,nan,nan,nan,nan,nan,0.0,0.0,0.0,0.0,nan,nan
B_conditional_f1,l14_last,length_shift,joint,specified_f1,0.3419353171359125,0.006650425077276934,nan,nan,nan,nan,nan,nan,0.0,0.0,0.0,0.0,nan,nan
B_conditional_f1,l14_last,length_shift,template,specified_f1,0.34122322514712694,0.005049931813029754,nan,nan,nan,nan,nan,nan,0.0,0.0,0.0,0.0,nan,nan
B_conditional_f1,l14_last,length_shift,topic,specified_f1,0.27562728901567096,0.0020372866628960945,nan,nan,nan,nan,nan,nan,0.0,0.0,0.0,0.0,nan,nan
B_conditional_f1,l14_last,length_shift,train,specified_f1,0.2658137035480272,0.0009776686913244915,nan,nan,nan,nan,nan,nan,0.0,0.0,0.0,0.0,nan,nan
B_conditional_f1,l14_last,source_token_ridge,dev,specified_f1,0.11066595274985501,0.0031777965311586844,nan,nan,nan,nan,nan,nan,0.0,0.0,0.0,0.0,nan,nan
B_conditional_f1,l14_last,source_token_ridge,iid,specified_f1,0.11433976797015731,0.002506790404928552,nan,nan,nan,nan,nan,nan,0.0,0.0,0.0,0.0,nan,nan
B_conditional_f1,l14_last,source_token_ridge,joint,specified_f1,0.2358957833124283,0.00505304787997943,nan,nan,nan,nan,nan,nan,0.0,0.0,0.0,0.0,nan,nan
B_conditional_f1,l14_last,source_token_ridge,template,specified_f1,0.2616223092359988,0.006429175083238869,nan,nan,nan,nan,nan,nan,0.0,0.0,0.0,0.0,nan,nan
B_conditional_f1,l14_last,source_token_ridge,topic,specified_f1,0.15638991567456278,0.000499595247399908,nan,nan,nan,nan,nan,nan,0.0,0.0,0.0,0.0,nan,nan
B_conditional_f1,l14_last,source_token_ridge,train,specified_f1,0.08425049418149144,0.001803169554672674,nan,nan,nan,nan,nan,nan,0.0,0.0,0.0,0.0,nan,nan
B_conditional_f1,l14_last,shuffled,dev,specified_f1,0.1749359358277981,0.0014535654337628438,nan,nan,nan,nan,nan,nan,0.0,0.0,0.0,0.0,nan,nan
B_conditional_f1,l14_last,shuffled,iid,specified_f1,0.17735634433462133,0.00166454104736927,nan,nan,nan,nan,nan,nan,0.0,0.0,0.0,0.0,nan,nan
B_conditional_f1,l14_last,shuffled,joint,specified_f1,0.21542256914580035,0.0024864327526469532,nan,nan,nan,nan,nan,nan,0.0,0.0,0.0,0.0,nan,nan
B_conditional_f1,l14_last,shuffled,template,specified_f1,0.22769091271198913,0.0038926634926883417,nan,nan,nan,nan,nan,nan,0.0,0.0,0.0,0.0,nan,nan
B_conditional_f1,l14_last,shuffled,topic,specified_f1,0.1712516828343327,0.0020896249483922107,nan,nan,nan,nan,nan,nan,0.0,0.0,0.0,0.0,nan,nan
B_conditional_f1,l14_last,shuffled,train,specified_f1,0.1702927574974339,0.0031284877227082705,nan,nan,nan,nan,nan,nan,0.0,0.0,0.0,0.0,nan,nan
B_conditional_f1,l14_last,random_subspace,dev,specified_f1,0.2727695174150939,0.0006364611130909282,nan,nan,nan,nan,nan,nan,0.0,0.0,0.0,0.0,nan,nan
B_conditional_f1,l14_last,random_subspace,iid,specified_f1,0.27527125569860084,0.00045768496837087137,nan,nan,nan,nan,nan,nan,0.0,0.0,0.0,0.0,nan,nan
B_conditional_f1,l14_last,random_subspace,joint,specified_f1,0.32347027984953963,0.0043488677391639455,nan,nan,nan,nan,nan,nan,0.0,0.0,0.0,0.0,nan,nan
B_conditional_f1,l14_last,random_subspace,template,specified_f1,0.3354162278266631,0.005015534111593726,nan,nan,nan,nan,nan,nan,0.0,0.0,0.0,0.0,nan,nan
B_conditional_f1,l14_last,random_subspace,topic,specified_f1,0.2726944288154031,0.0007970959927086417,nan,nan,nan,nan,nan,nan,0.0,0.0,0.0,0.0,nan,nan
B_conditional_f1,l14_last,random_subspace,train,specified_f1,0.26902156955717543,0.0005133708324758945,nan,nan,nan,nan,nan,nan,0.0,0.0,0.0,0.0,nan,nan
B_conditional_f2,l14_last,identity,dev,specified_f2,1.0067955467822853,0.0,nan,nan,nan,nan,nan,nan,0.0,0.0,0.0,0.0,nan,nan
B_conditional_f2,l14_last,identity,iid,specified_f2,1.0061418622197245,0.0,nan,nan,nan,nan,nan,nan,0.0,0.0,0.0,0.0,nan,nan
B_conditional_f2,l14_last,identity,joint,specified_f2,0.9866522327057993,0.0,nan,nan,nan,nan,nan,nan,0.0,0.0,0.0,0.0,nan,nan
B_conditional_f2,l14_last,identity,template,specified_f2,0.9861678935877531,0.0,nan,nan,nan,nan,nan,nan,0.0,0.0,0.0,0.0,nan,nan
B_conditional_f2,l14_last,identity,topic,specified_f2,1.0193996834799377,0.0,nan,nan,nan,nan,nan,nan,0.0,0.0,0.0,0.0,nan,nan
B_conditional_f2,l14_last,identity,train,specified_f2,1.0099503979332345,0.0,nan,nan,nan,nan,nan,nan,0.0,0.0,0.0,0.0,nan,nan
B_conditional_f2,l14_last,shift,dev,specified_f2,0.3303937915009666,0.0007385305720863018,nan,nan,nan,nan,nan,nan,0.0,0.0,0.0,0.0,nan,nan
B_conditional_f2,l14_last,shift,iid,specified_f2,0.3311689982267027,0.0007627664757042759,nan,nan,nan,nan,nan,nan,0.0,0.0,0.0,0.0,nan,nan
B_conditional_f2,l14_last,shift,joint,specified_f2,0.37059085260274366,0.0058875932081033314,nan,nan,nan,nan,nan,nan,0.0,0.0,0.0,0.0,nan,nan
B_conditional_f2,l14_last,shift,template,specified_f2,0.37229254344126717,0.009383504999477155,nan,nan,nan,nan,nan,nan,0.0,0.0,0.0,0.0,nan,nan
B_conditional_f2,l14_last,shift,topic,specified_f2,0.32417606632946133,0.0012231999695694,nan,nan,nan,nan,nan,nan,0.0,0.0,0.0,0.0,nan,nan
B_conditional_f2,l14_last,shift,train,specified_f2,0.3317801418910464,0.0007503743085845935,nan,nan,nan,nan,nan,nan,0.0,0.0,0.0,0.0,nan,nan
B_conditional_f2,l14_last,rank1,dev,specified_f2,0.2716418908521181,0.0007731335783953299,nan,nan,nan,nan,nan,nan,0.0,0.0,0.0,0.0,nan,nan
B_conditional_f2,l14_last,rank1,iid,specified_f2,0.2728386807558905,0.0007635980463220604,nan,nan,nan,nan,nan,nan,0.0,0.0,0.0,0.0,nan,nan
B_conditional_f2,l14_last,rank1,joint,specified_f2,0.3033675542196491,0.006227496847100691,nan,nan,nan,nan,nan,nan,0.0,0.0,0.0,0.0,nan,nan
B_conditional_f2,l14_last,rank1,template,specified_f2,0.30708048746919,0.00970224856558088,nan,nan,nan,nan,nan,nan,0.0,0.0,0.0,0.0,nan,nan
B_conditional_f2,l14_last,rank1,topic,specified_f2,0.26249180544290635,0.0013519312724612118,nan,nan,nan,nan,nan,nan,0.0,0.0,0.0,0.0,nan,nan
B_conditional_f2,l14_last,rank1,train,specified_f2,0.27273811093972977,0.0005484227138353168,nan,nan,nan,nan,nan,nan,0.0,0.0,0.0,0.0,nan,nan
B_conditional_f2,l14_last,lowrank,dev,specified_f2,0.06887802500560829,0.0012490254539602019,nan,nan,nan,nan,nan,nan,0.0,0.0,0.0,0.0,nan,nan
B_conditional_f2,l14_last,lowrank,iid,specified_f2,0.06844788161372146,0.000625362714452931,nan,nan,nan,nan,nan,nan,0.0,0.0,0.0,0.0,nan,nan
B_conditional_f2,l14_last,lowrank,joint,specified_f2,0.20036432828137643,0.003361711601393272,nan,nan,nan,nan,nan,nan,0.0,0.0,0.0,0.0,nan,nan
B_conditional_f2,l14_last,lowrank,template,specified_f2,0.18928129874171332,0.0033984558547349563,nan,nan,nan,nan,nan,nan,0.0,0.0,0.0,0.0,nan,nan
B_conditional_f2,l14_last,lowrank,topic,specified_f2,0.09723065756670135,0.0005109178905985374,nan,nan,nan,nan,nan,nan,0.0,0.0,0.0,0.0,nan,nan
B_conditional_f2,l14_last,lowrank,train,specified_f2,0.05509619298156652,0.0008012928035065708,nan,nan,nan,nan,nan,nan,0.0,0.0,0.0,0.0,nan,nan
B_conditional_f2,l14_last,full_delta,dev,specified_f2,0.035403328399825844,0.0015771399888884468,nan,nan,nan,nan,nan,nan,0.0,0.0,0.0,0.0,nan,nan
B_conditional_f2,l14_last,full_delta,iid,specified_f2,0.03475472119928039,0.0004915632903373042,nan,nan,nan,nan,nan,nan,0.0,0.0,0.0,0.0,nan,nan
B_conditional_f2,l14_last,full_delta,joint,specified_f2,0.17633384783259695,0.004251242494386909,nan,nan,nan,nan,nan,nan,0.0,0.0,0.0,0.0,nan,nan
B_conditional_f2,l14_last,full_delta,template,specified_f2,0.16291968924600805,0.0036582152236182726,nan,nan,nan,nan,nan,nan,0.0,0.0,0.0,0.0,nan,nan
B_conditional_f2,l14_last,full_delta,topic,specified_f2,0.07755086172697064,0.001509441085924079,nan,nan,nan,nan,nan,nan,0.0,0.0,0.0,0.0,nan,nan
B_conditional_f2,l14_last,full_delta,train,specified_f2,0.017804351426782095,0.001347246332106918,nan,nan,nan,nan,nan,nan,0.0,0.0,0.0,0.0,nan,nan
B_conditional_f2,l14_last,full_affine,dev,specified_f2,0.007213386824323697,0.00027861817510099643,nan,nan,nan,nan,nan,nan,0.0,0.0,0.0,0.0,nan,nan
B_conditional_f2,l14_last,full_affine,iid,specified_f2,0.007286443755329146,0.00021317174158717354,nan,nan,nan,nan,nan,nan,0.0,0.0,0.0,0.0,nan,nan
B_conditional_f2,l14_last,full_affine,joint,specified_f2,0.04325798007044771,0.0019747177660855383,nan,nan,nan,nan,nan,nan,0.0,0.0,0.0,0.0,nan,nan
B_conditional_f2,l14_last,full_affine,template,specified_f2,0.0281541447217304,0.0012563982972326553,nan,nan,nan,nan,nan,nan,0.0,0.0,0.0,0.0,nan,nan
B_conditional_f2,l14_last,full_affine,topic,specified_f2,0.021312056818583582,0.0005897704211867738,nan,nan,nan,nan,nan,nan,0.0,0.0,0.0,0.0,nan,nan
B_conditional_f2,l14_last,full_affine,train,specified_f2,0.0037260401246750965,0.00026392505790466373,nan,nan,nan,nan,nan,nan,0.0,0.0,0.0,0.0,nan,nan
B_conditional_f2,l14_last,length_shift,dev,specified_f2,0.3254652093286546,0.0022982694532866807,nan,nan,nan,nan,nan,nan,0.0,0.0,0.0,0.0,nan,nan
B_conditional_f2,l14_last,length_shift,iid,specified_f2,0.32554816780608403,0.002872647515271746,nan,nan,nan,nan,nan,nan,0.0,0.0,0.0,0.0,nan,nan
B_conditional_f2,l14_last,length_shift,joint,specified_f2,0.3977354465457204,0.009555405041347534,nan,nan,nan,nan,nan,nan,0.0,0.0,0.0,0.0,nan,nan
B_conditional_f2,l14_last,length_shift,template,specified_f2,0.3840281511264719,0.008586129231404099,nan,nan,nan,nan,nan,nan,0.0,0.0,0.0,0.0,nan,nan
B_conditional_f2,l14_last,length_shift,topic,specified_f2,0.3236587729382551,0.0010635239126766851,nan,nan,nan,nan,nan,nan,0.0,0.0,0.0,0.0,nan,nan
B_conditional_f2,l14_last,length_shift,train,specified_f2,0.3224979426757038,0.002086782513443887,nan,nan,nan,nan,nan,nan,0.0,0.0,0.0,0.0,nan,nan
B_conditional_f2,l14_last,source_token_ridge,dev,specified_f2,0.1057357213845353,0.0019157689584010835,nan,nan,nan,nan,nan,nan,0.0,0.0,0.0,0.0,nan,nan
B_conditional_f2,l14_last,source_token_ridge,iid,specified_f2,0.10589007326188672,0.0012588028055210314,nan,nan,nan,nan,nan,nan,0.0,0.0,0.0,0.0,nan,nan
B_conditional_f2,l14_last,source_token_ridge,joint,specified_f2,0.2742158492121589,0.006042651726890393,nan,nan,nan,nan,nan,nan,0.0,0.0,0.0,0.0,nan,nan
B_conditional_f2,l14_last,source_token_ridge,template,specified_f2,0.28735018281935765,0.009597205839355574,nan,nan,nan,nan,nan,nan,0.0,0.0,0.0,0.0,nan,nan
B_conditional_f2,l14_last,source_token_ridge,topic,specified_f2,0.17580940497606168,0.001338338354546609,nan,nan,nan,nan,nan,nan,0.0,0.0,0.0,0.0,nan,nan
B_conditional_f2,l14_last,source_token_ridge,train,specified_f2,0.0860107190155428,0.0016702157044957554,nan,nan,nan,nan,nan,nan,0.0,0.0,0.0,0.0,nan,nan
B_conditional_f2,l14_last,shuffled,dev,specified_f2,0.10943239650690843,0.0030358025032342184,nan,nan,nan,nan,nan,nan,0.0,0.0,0.0,0.0,nan,nan
B_conditional_f2,l14_last,shuffled,iid,specified_f2,0.10990891024091155,0.00466251581699393,nan,nan,nan,nan,nan,nan,0.0,0.0,0.0,0.0,nan,nan
B_conditional_f2,l14_last,shuffled,joint,specified_f2,0.20990507342922482,0.004184236691965856,nan,nan,nan,nan,nan,nan,0.0,0.0,0.0,0.0,nan,nan
B_conditional_f2,l14_last,shuffled,template,specified_f2,0.20629485524885904,0.003545351005993497,nan,nan,nan,nan,nan,nan,0.0,0.0,0.0,0.0,nan,nan
B_conditional_f2,l14_last,shuffled,topic,specified_f2,0.12612987379599203,0.0021027736086069062,nan,nan,nan,nan,nan,nan,0.0,0.0,0.0,0.0,nan,nan
B_conditional_f2,l14_last,shuffled,train,specified_f2,0.09998550058312146,0.003947582952807448,nan,nan,nan,nan,nan,nan,0.0,0.0,0.0,0.0,nan,nan
B_conditional_f2,l14_last,random_subspace,dev,specified_f2,0.3276580143125,0.0006654114147712216,nan,nan,nan,nan,nan,nan,0.0,0.0,0.0,0.0,nan,nan
B_conditional_f2,l14_last,random_subspace,iid,specified_f2,0.3284427830927808,0.00036716023557490106,nan,nan,nan,nan,nan,nan,0.0,0.0,0.0,0.0,nan,nan
B_conditional_f2,l14_last,random_subspace,joint,specified_f2,0.36888358317061803,0.006062575933315153,nan,nan,nan,nan,nan,nan,0.0,0.0,0.0,0.0,nan,nan
B_conditional_f2,l14_last,random_subspace,template,specified_f2,0.37039795873118025,0.009544407891298153,nan,nan,nan,nan,nan,nan,0.0,0.0,0.0,0.0,nan,nan
B_conditional_f2,l14_last,random_subspace,topic,specified_f2,0.32190768168843054,0.000803729632070521,nan,nan,nan,nan,nan,nan,0.0,0.0,0.0,0.0,nan,nan
B_conditional_f2,l14_last,random_subspace,train,specified_f2,0.3289414512621673,0.0006811262792311029,nan,nan,nan,nan,nan,nan,0.0,0.0,0.0,0.0,nan,nan
A_negation,l14_last,identity,dev,specified_edit,0.3682185894938746,0.0,nan,nan,nan,nan,nan,nan,0.0,0.0,0.0,0.0,nan,nan
A_negation,l14_last,identity,iid,specified_edit,0.3703762492450364,0.0,nan,nan,nan,nan,nan,nan,0.0,0.0,0.0,0.0,nan,nan
A_negation,l14_last,identity,joint,specified_edit,0.3418421455597082,6.798699777552591e-17,nan,nan,nan,nan,nan,nan,0.0,0.0,0.0,0.0,nan,nan
A_negation,l14_last,identity,template,specified_edit,0.32228711075625116,0.0,nan,nan,nan,nan,nan,nan,0.0,0.0,0.0,0.0,nan,nan
A_negation,l14_last,identity,topic,specified_edit,0.38872506831406933,0.0,nan,nan,nan,nan,nan,nan,0.0,0.0,0.0,0.0,nan,nan
A_negation,l14_last,identity,train,specified_edit,0.36691555647506097,0.0,nan,nan,nan,nan,nan,nan,0.0,0.0,0.0,0.0,nan,nan
A_negation,l14_last,shift,dev,specified_edit,0.15671825859694025,0.00043915959518031964,nan,nan,nan,nan,nan,nan,0.0,0.0,0.0,0.0,nan,nan
A_negation,l14_last,shift,iid,specified_edit,0.15853596559390806,0.000432811974986463,nan,nan,nan,nan,nan,nan,0.0,0.0,0.0,0.0,nan,nan
A_negation,l14_last,shift,joint,specified_edit,0.19199738216265483,0.004918523218016722,nan,nan,nan,nan,nan,nan,0.0,0.0,0.0,0.0,nan,nan
A_negation,l14_last,shift,template,specified_edit,0.19004501821512218,0.005750773495720559,nan,nan,nan,nan,nan,nan,0.0,0.0,0.0,0.0,nan,nan
A_negation,l14_last,shift,topic,specified_edit,0.16259058461294348,0.0013084058753139373,nan,nan,nan,nan,nan,nan,0.0,0.0,0.0,0.0,nan,nan
A_negation,l14_last,shift,train,specified_edit,0.1561239342581639,0.0004031672900583608,nan,nan,nan,nan,nan,nan,0.0,0.0,0.0,0.0,nan,nan
A_negation,l14_last,rank1,dev,specified_edit,0.13559961976841847,0.0012719478314474296,nan,nan,nan,nan,nan,nan,0.0,0.0,0.0,0.0,nan,nan
A_negation,l14_last,rank1,iid,specified_edit,0.13788339517364345,0.001577025974416175,nan,nan,nan,nan,nan,nan,0.0,0.0,0.0,0.0,nan,nan
A_negation,l14_last,rank1,joint,specified_edit,0.1906857602416114,0.004950398805647537,nan,nan,nan,nan,nan,nan,0.0,0.0,0.0,0.0,nan,nan
A_negation,l14_last,rank1,template,specified_edit,0.1896730051443418,0.00590215567438165,nan,nan,nan,nan,nan,nan,0.0,0.0,0.0,0.0,nan,nan
A_negation,l14_last,rank1,topic,specified_edit,0.14189745825084077,0.0021333004426870236,nan,nan,nan,nan,nan,nan,0.0,0.0,0.0,0.0,nan,nan
A_negation,l14_last,rank1,train,specified_edit,0.13527370745803183,0.0010313370500385983,nan,nan,nan,nan,nan,nan,0.0,0.0,0.0,0.0,nan,nan
A_negation,l14_last,lowrank,dev,specified_edit,0.05137923917311091,0.0010199654536612382,nan,nan,nan,nan,nan,nan,0.0,0.0,0.0,0.0,nan,nan
A_negation,l14_last,lowrank,iid,specified_edit,0.049615863508723435,0.0025022039079494484,nan,nan,nan,nan,nan,nan,0.0,0.0,0.0,0.0,nan,nan
A_negation,l14_last,lowrank,joint,specified_edit,0.17353086394207332,0.001965356699547835,nan,nan,nan,nan,nan,nan,0.0,0.0,0.0,0.0,nan,nan
A_negation,l14_last,lowrank,template,specified_edit,0.1706433175241555,0.001740525820766069,nan,nan,nan,nan,nan,nan,0.0,0.0,0.0,0.0,nan,nan
A_negation,l14_last,lowrank,topic,specified_edit,0.08492739571352974,0.0007898686923475421,nan,nan,nan,nan,nan,nan,0.0,0.0,0.0,0.0,nan,nan
A_negation,l14_last,lowrank,train,specified_edit,0.0316091180266988,0.001506860548323631,nan,nan,nan,nan,nan,nan,0.0,0.0,0.0,0.0,nan,nan
A_negation,l14_last,full_delta,dev,specified_edit,0.04157741739116793,0.0010680409106328303,nan,nan,nan,nan,nan,nan,0.0,0.0,0.0,0.0,nan,nan
A_negation,l14_last,full_delta,iid,specified_edit,0.040028575227389195,0.0012864709312469169,nan,nan,nan,nan,nan,nan,0.0,0.0,0.0,0.0,nan,nan
A_negation,l14_last,full_delta,joint,specified_edit,0.17577654613238533,0.0019474347637533625,nan,nan,nan,nan,nan,nan,0.0,0.0,0.0,0.0,nan,nan
A_negation,l14_last,full_delta,template,specified_edit,0.17310126388681243,0.00214244293618338,nan,nan,nan,nan,nan,nan,0.0,0.0,0.0,0.0,nan,nan
A_negation,l14_last,full_delta,topic,specified_edit,0.08245936328872483,0.0013417063974290044,nan,nan,nan,nan,nan,nan,0.0,0.0,0.0,0.0,nan,nan
A_negation,l14_last,full_delta,train,specified_edit,0.019494716197813292,0.0011342754953158765,nan,nan,nan,nan,nan,nan,0.0,0.0,0.0,0.0,nan,nan
A_negation,l14_last,full_affine,dev,specified_edit,0.0399981927119602,0.001603336117170781,nan,nan,nan,nan,nan,nan,0.0,0.0,0.0,0.0,nan,nan
A_negation,l14_last,full_affine,iid,specified_edit,0.038680644745591915,0.0012046555554790944,nan,nan,nan,nan,nan,nan,0.0,0.0,0.0,0.0,nan,nan
A_negation,l14_last,full_affine,joint,specified_edit,0.18509931781044153,0.001458320453463035,nan,nan,nan,nan,nan,nan,0.0,0.0,0.0,0.0,nan,nan
A_negation,l14_last,full_affine,template,specified_edit,0.1826887774628847,3.166601795949161e-05,nan,nan,nan,nan,nan,nan,0.0,0.0,0.0,0.0,nan,nan
A_negation,l14_last,full_affine,topic,specified_edit,0.08605331675486906,0.001341159287884089,nan,nan,nan,nan,nan,nan,0.0,0.0,0.0,0.0,nan,nan
A_negation,l14_last,full_affine,train,specified_edit,0.01956949829777325,0.0014515145142474613,nan,nan,nan,nan,nan,nan,0.0,0.0,0.0,0.0,nan,nan
A_negation,l14_last,length_shift,dev,specified_edit,0.15113754732310944,0.0011321832391418504,nan,nan,nan,nan,nan,nan,0.0,0.0,0.0,0.0,nan,nan
A_negation,l14_last,length_shift,iid,specified_edit,0.15302344685042624,0.0009531832570925787,nan,nan,nan,nan,nan,nan,0.0,0.0,0.0,0.0,nan,nan
A_negation,l14_last,length_shift,joint,specified_edit,0.2134037801701114,0.0008849155134324475,nan,nan,nan,nan,nan,nan,0.0,0.0,0.0,0.0,nan,nan
A_negation,l14_last,length_shift,template,specified_edit,0.19692887603551834,0.0014836346272584131,nan,nan,nan,nan,nan,nan,0.0,0.0,0.0,0.0,nan,nan
A_negation,l14_last,length_shift,topic,specified_edit,0.16229343454978268,0.0005064927116758112,nan,nan,nan,nan,nan,nan,0.0,0.0,0.0,0.0,nan,nan
A_negation,l14_last,length_shift,train,specified_edit,0.14851891070557732,0.0011058498763451877,nan,nan,nan,nan,nan,nan,0.0,0.0,0.0,0.0,nan,nan
A_negation,l14_last,source_token_ridge,dev,specified_edit,0.056864659171072564,0.0010736998207986359,nan,nan,nan,nan,nan,nan,0.0,0.0,0.0,0.0,nan,nan
A_negation,l14_last,source_token_ridge,iid,specified_edit,0.05625694498225575,0.0017489851561563313,nan,nan,nan,nan,nan,nan,0.0,0.0,0.0,0.0,nan,nan
A_negation,l14_last,source_token_ridge,joint,specified_edit,0.192340902692708,0.0035872156615713007,nan,nan,nan,nan,nan,nan,0.0,0.0,0.0,0.0,nan,nan
A_negation,l14_last,source_token_ridge,template,specified_edit,0.1923511555754868,0.00488598532675766,nan,nan,nan,nan,nan,nan,0.0,0.0,0.0,0.0,nan,nan
A_negation,l14_last,source_token_ridge,topic,specified_edit,0.11610201791926529,0.0016638958063329263,nan,nan,nan,nan,nan,nan,0.0,0.0,0.0,0.0,nan,nan
A_negation,l14_last,source_token_ridge,train,specified_edit,0.031856140762383675,0.0013495254346119361,nan,nan,nan,nan,nan,nan,0.0,0.0,0.0,0.0,nan,nan
A_negation,l14_last,shuffled,dev,specified_edit,0.13910545601378232,0.001943397351476361,nan,nan,nan,nan,nan,nan,0.0,0.0,0.0,0.0,nan,nan
A_negation,l14_last,shuffled,iid,specified_edit,0.14006977030461587,0.0019376229455806816,nan,nan,nan,nan,nan,nan,0.0,0.0,0.0,0.0,nan,nan
A_negation,l14_last,shuffled,joint,specified_edit,0.18505984573468712,0.002480052401430415,nan,nan,nan,nan,nan,nan,0.0,0.0,0.0,0.0,nan,nan
A_negation,l14_last,shuffled,template,specified_edit,0.18328857469469675,0.003240788743024825,nan,nan,nan,nan,nan,nan,0.0,0.0,0.0,0.0,nan,nan
A_negation,l14_last,shuffled,topic,specified_edit,0.14815481635541794,0.002368695847239618,nan,nan,nan,nan,nan,nan,0.0,0.0,0.0,0.0,nan,nan
A_negation,l14_last,shuffled,train,specified_edit,0.13906551042501406,0.0030100910508072906,nan,nan,nan,nan,nan,nan,0.0,0.0,0.0,0.0,nan,nan
A_negation,l14_last,random_subspace,dev,specified_edit,0.1557154845343345,0.0004639029517764469,nan,nan,nan,nan,nan,nan,0.0,0.0,0.0,0.0,nan,nan
A_negation,l14_last,random_subspace,iid,specified_edit,0.15753079712839593,0.0004117084298003645,nan,nan,nan,nan,nan,nan,0.0,0.0,0.0,0.0,nan,nan
A_negation,l14_last,random_subspace,joint,specified_edit,0.19175127772473424,0.00466626798479891,nan,nan,nan,nan,nan,nan,0.0,0.0,0.0,0.0,nan,nan
A_negation,l14_last,random_subspace,template,specified_edit,0.18981145396925048,0.005517590157927599,nan,nan,nan,nan,nan,nan,0.0,0.0,0.0,0.0,nan,nan
A_negation,l14_last,random_subspace,topic,specified_edit,0.1619276118303732,0.0012871039276545853,nan,nan,nan,nan,nan,nan,0.0,0.0,0.0,0.0,nan,nan
A_negation,l14_last,random_subspace,train,specified_edit,0.15495571984550083,0.0004090211444801348,nan,nan,nan,nan,nan,nan,0.0,0.0,0.0,0.0,nan,nan
A_time,l14_last,identity,dev,specified_edit,0.07275842863249597,0.0,nan,nan,nan,nan,nan,nan,0.0,0.0,0.0,0.0,nan,nan
A_time,l14_last,identity,iid,specified_edit,0.07061697342163158,0.0,nan,nan,nan,nan,nan,nan,0.0,0.0,0.0,0.0,nan,nan
A_time,l14_last,identity,joint,specified_edit,0.07768762593943551,0.0,nan,nan,nan,nan,nan,nan,0.0,0.0,0.0,0.0,nan,nan
A_time,l14_last,identity,template,specified_edit,0.08110766973339067,0.0,nan,nan,nan,nan,nan,nan,0.0,0.0,0.0,0.0,nan,nan
A_time,l14_last,identity,topic,specified_edit,0.06543654518381065,0.0,nan,nan,nan,nan,nan,nan,0.0,0.0,0.0,0.0,nan,nan
A_time,l14_last,identity,train,specified_edit,0.07210204406184735,0.0,nan,nan,nan,nan,nan,nan,0.0,0.0,0.0,0.0,nan,nan
A_time,l14_last,shift,dev,specified_edit,0.04208592269590542,0.00013010771001224853,nan,nan,nan,nan,nan,nan,0.0,0.0,0.0,0.0,nan,nan
A_time,l14_last,shift,iid,specified_edit,0.04083250792461459,8.622660109553536e-05,nan,nan,nan,nan,nan,nan,0.0,0.0,0.0,0.0,nan,nan
A_time,l14_last,shift,joint,specified_edit,0.05174918752495684,0.00017647105781850748,nan,nan,nan,nan,nan,nan,0.0,0.0,0.0,0.0,nan,nan
A_time,l14_last,shift,template,specified_edit,0.05441153564915887,0.00031916774650686476,nan,nan,nan,nan,nan,nan,0.0,0.0,0.0,0.0,nan,nan
A_time,l14_last,shift,topic,specified_edit,0.03715823790096301,0.0003946588815989188,nan,nan,nan,nan,nan,nan,0.0,0.0,0.0,0.0,nan,nan
A_time,l14_last,shift,train,specified_edit,0.04163461718964476,0.0001015117067829772,nan,nan,nan,nan,nan,nan,0.0,0.0,0.0,0.0,nan,nan
A_time,l14_last,rank1,dev,specified_edit,0.03720056489286574,0.00017507854618544128,nan,nan,nan,nan,nan,nan,0.0,0.0,0.0,0.0,nan,nan
A_time,l14_last,rank1,iid,specified_edit,0.03647967789414002,3.7536123591689144e-05,nan,nan,nan,nan,nan,nan,0.0,0.0,0.0,0.0,nan,nan
A_time,l14_last,rank1,joint,specified_edit,0.05073323990933957,0.0005010462320778364,nan,nan,nan,nan,nan,nan,0.0,0.0,0.0,0.0,nan,nan
A_time,l14_last,rank1,template,specified_edit,0.05354860020243928,0.00021714999174885592,nan,nan,nan,nan,nan,nan,0.0,0.0,0.0,0.0,nan,nan
A_time,l14_last,rank1,topic,specified_edit,0.03323723328911615,0.0005227050065955096,nan,nan,nan,nan,nan,nan,0.0,0.0,0.0,0.0,nan,nan
A_time,l14_last,rank1,train,specified_edit,0.036599179594435115,0.0002127193641817657,nan,nan,nan,nan,nan,nan,0.0,0.0,0.0,0.0,nan,nan
A_time,l14_last,lowrank,dev,specified_edit,0.017731266745336458,0.0007649657148304223,nan,nan,nan,nan,nan,nan,0.0,0.0,0.0,0.0,nan,nan
A_time,l14_last,lowrank,iid,specified_edit,0.016068100426191525,0.00020987700294805223,nan,nan,nan,nan,nan,nan,0.0,0.0,0.0,0.0,nan,nan
A_time,l14_last,lowrank,joint,specified_edit,0.04910548585850965,0.0005161835549715352,nan,nan,nan,nan,nan,nan,0.0,0.0,0.0,0.0,nan,nan
A_time,l14_last,lowrank,template,specified_edit,0.05177404296677061,0.0006401209043182288,nan,nan,nan,nan,nan,nan,0.0,0.0,0.0,0.0,nan,nan
A_time,l14_last,lowrank,topic,specified_edit,0.02419276213943895,0.00034853349023448413,nan,nan,nan,nan,nan,nan,0.0,0.0,0.0,0.0,nan,nan
A_time,l14_last,lowrank,train,specified_edit,0.010956725330442072,0.0008120888290289747,nan,nan,nan,nan,nan,nan,0.0,0.0,0.0,0.0,nan,nan
A_time,l14_last,full_delta,dev,specified_edit,0.014963995704990957,0.0009354813808625641,nan,nan,nan,nan,nan,nan,0.0,0.0,0.0,0.0,nan,nan
A_time,l14_last,full_delta,iid,specified_edit,0.013473018198032885,0.0003884259551541295,nan,nan,nan,nan,nan,nan,0.0,0.0,0.0,0.0,nan,nan
A_time,l14_last,full_delta,joint,specified_edit,0.04925863706735419,0.0004601251826885159,nan,nan,nan,nan,nan,nan,0.0,0.0,0.0,0.0,nan,nan
A_time,l14_last,full_delta,template,specified_edit,0.051504586837627965,0.0007235099572482068,nan,nan,nan,nan,nan,nan,0.0,0.0,0.0,0.0,nan,nan
A_time,l14_last,full_delta,topic,specified_edit,0.023226405883005428,0.0002744308246125658,nan,nan,nan,nan,nan,nan,0.0,0.0,0.0,0.0,nan,nan
A_time,l14_last,full_delta,train,specified_edit,0.007625067536427631,0.001006903751063238,nan,nan,nan,nan,nan,nan,0.0,0.0,0.0,0.0,nan,nan
A_time,l14_last,full_affine,dev,specified_edit,0.03129358044969178,0.0009287487109564456,nan,nan,nan,nan,nan,nan,0.0,0.0,0.0,0.0,nan,nan
A_time,l14_last,full_affine,iid,specified_edit,0.03026065357349375,0.0004889132142852797,nan,nan,nan,nan,nan,nan,0.0,0.0,0.0,0.0,nan,nan
A_time,l14_last,full_affine,joint,specified_edit,0.19684997924645198,0.0014812556899950053,nan,nan,nan,nan,nan,nan,0.0,0.0,0.0,0.0,nan,nan
A_time,l14_last,full_affine,template,specified_edit,0.19093381624273906,0.001360987117303734,nan,nan,nan,nan,nan,nan,0.0,0.0,0.0,0.0,nan,nan
A_time,l14_last,full_affine,topic,specified_edit,0.07701666660283074,7.252011940591355e-05,nan,nan,nan,nan,nan,nan,0.0,0.0,0.0,0.0,nan,nan
A_time,l14_last,full_affine,train,specified_edit,0.017241335825942224,0.00148518247896885,nan,nan,nan,nan,nan,nan,0.0,0.0,0.0,0.0,nan,nan
A_time,l14_last,length_shift,dev,specified_edit,0.04062652491906451,0.0003425819258428324,nan,nan,nan,nan,nan,nan,0.0,0.0,0.0,0.0,nan,nan
A_time,l14_last,length_shift,iid,specified_edit,0.03934666940890299,0.00032519109845809314,nan,nan,nan,nan,nan,nan,0.0,0.0,0.0,0.0,nan,nan
A_time,l14_last,length_shift,joint,specified_edit,0.05758645200493769,0.0006789171918611017,nan,nan,nan,nan,nan,nan,0.0,0.0,0.0,0.0,nan,nan
A_time,l14_last,length_shift,template,specified_edit,0.05728453738829853,0.00018624569291323764,nan,nan,nan,nan,nan,nan,0.0,0.0,0.0,0.0,nan,nan
A_time,l14_last,length_shift,topic,specified_edit,0.03735920573046275,0.0005347646095439367,nan,nan,nan,nan,nan,nan,0.0,0.0,0.0,0.0,nan,nan
A_time,l14_last,length_shift,train,specified_edit,0.039682101833133775,0.00025068288337620466,nan,nan,nan,nan,nan,nan,0.0,0.0,0.0,0.0,nan,nan
A_time,l14_last,source_token_ridge,dev,specified_edit,0.018736159259759518,0.0008431275884571423,nan,nan,nan,nan,nan,nan,0.0,0.0,0.0,0.0,nan,nan
A_time,l14_last,source_token_ridge,iid,specified_edit,0.01735459463879463,0.0005392209578192641,nan,nan,nan,nan,nan,nan,0.0,0.0,0.0,0.0,nan,nan
A_time,l14_last,source_token_ridge,joint,specified_edit,0.05126284653343629,0.00013567199007376518,nan,nan,nan,nan,nan,nan,0.0,0.0,0.0,0.0,nan,nan
A_time,l14_last,source_token_ridge,template,specified_edit,0.053419629967758446,0.0002564478104024018,nan,nan,nan,nan,nan,nan,0.0,0.0,0.0,0.0,nan,nan
A_time,l14_last,source_token_ridge,topic,specified_edit,0.029576279804636077,0.00030249238254423237,nan,nan,nan,nan,nan,nan,0.0,0.0,0.0,0.0,nan,nan
A_time,l14_last,source_token_ridge,train,specified_edit,0.012668564318914598,0.0006709046968478403,nan,nan,nan,nan,nan,nan,0.0,0.0,0.0,0.0,nan,nan
A_time,l14_last,shuffled,dev,specified_edit,0.0581825488146095,0.003009967038319207,nan,nan,nan,nan,nan,nan,0.0,0.0,0.0,0.0,nan,nan
A_time,l14_last,shuffled,iid,specified_edit,0.056159865758273336,0.003140237730951437,nan,nan,nan,nan,nan,nan,0.0,0.0,0.0,0.0,nan,nan
A_time,l14_last,shuffled,joint,specified_edit,0.05549059183378277,0.0015721132362503786,nan,nan,nan,nan,nan,nan,0.0,0.0,0.0,0.0,nan,nan
A_time,l14_last,shuffled,template,specified_edit,0.05813141537295746,0.0016067616009196352,nan,nan,nan,nan,nan,nan,0.0,0.0,0.0,0.0,nan,nan
A_time,l14_last,shuffled,topic,specified_edit,0.054302071230267444,0.003932246262676605,nan,nan,nan,nan,nan,nan,0.0,0.0,0.0,0.0,nan,nan
A_time,l14_last,shuffled,train,specified_edit,0.058626452857799105,0.003390046651149985,nan,nan,nan,nan,nan,nan,0.0,0.0,0.0,0.0,nan,nan
A_time,l14_last,random_subspace,dev,specified_edit,0.041849455607142504,0.00013344199379869791,nan,nan,nan,nan,nan,nan,0.0,0.0,0.0,0.0,nan,nan
A_time,l14_last,random_subspace,iid,specified_edit,0.04060537595666918,7.332683497617198e-05,nan,nan,nan,nan,nan,nan,0.0,0.0,0.0,0.0,nan,nan
A_time,l14_last,random_subspace,joint,specified_edit,0.05173956364043101,0.00013639233796067688,nan,nan,nan,nan,nan,nan,0.0,0.0,0.0,0.0,nan,nan
A_time,l14_last,random_subspace,template,specified_edit,0.0544118133521716,0.000320482268928078,nan,nan,nan,nan,nan,nan,0.0,0.0,0.0,0.0,nan,nan
A_time,l14_last,random_subspace,topic,specified_edit,0.03706274819741051,0.00036861465230179365,nan,nan,nan,nan,nan,nan,0.0,0.0,0.0,0.0,nan,nan
A_time,l14_last,random_subspace,train,specified_edit,0.04132967656685792,0.00010360511974589957,nan,nan,nan,nan,nan,nan,0.0,0.0,0.0,0.0,nan,nan
A_emphasis,l14_last,identity,dev,specified_edit,0.16976347529078328,0.0,nan,nan,nan,nan,nan,nan,0.0,0.0,0.0,0.0,nan,nan
A_emphasis,l14_last,identity,iid,specified_edit,0.16973854385144602,0.0,nan,nan,nan,nan,nan,nan,0.0,0.0,0.0,0.0,nan,nan
A_emphasis,l14_last,identity,joint,specified_edit,0.14361227792677203,0.0,nan,nan,nan,nan,nan,nan,0.0,0.0,0.0,0.0,nan,nan
A_emphasis,l14_last,identity,template,specified_edit,0.14612490755933283,0.0,nan,nan,nan,nan,nan,nan,0.0,0.0,0.0,0.0,nan,nan
A_emphasis,l14_last,identity,topic,specified_edit,0.1643982402849609,0.0,nan,nan,nan,nan,nan,nan,0.0,0.0,0.0,0.0,nan,nan
A_emphasis,l14_last,identity,train,specified_edit,0.17094260450419055,0.0,nan,nan,nan,nan,nan,nan,0.0,0.0,0.0,0.0,nan,nan
A_emphasis,l14_last,shift,dev,specified_edit,0.07265781468325062,0.00029860918434366417,nan,nan,nan,nan,nan,nan,0.0,0.0,0.0,0.0,nan,nan
A_emphasis,l14_last,shift,iid,specified_edit,0.07447801491311656,0.0002786983492753128,nan,nan,nan,nan,nan,nan,0.0,0.0,0.0,0.0,nan,nan
A_emphasis,l14_last,shift,joint,specified_edit,0.07373425197723839,0.002666849924128615,nan,nan,nan,nan,nan,nan,0.0,0.0,0.0,0.0,nan,nan
A_emphasis,l14_last,shift,template,specified_edit,0.0788690355204409,0.0034606227105178225,nan,nan,nan,nan,nan,nan,0.0,0.0,0.0,0.0,nan,nan
A_emphasis,l14_last,shift,topic,specified_edit,0.06916794335461213,0.000671846835108271,nan,nan,nan,nan,nan,nan,0.0,0.0,0.0,0.0,nan,nan
A_emphasis,l14_last,shift,train,specified_edit,0.07409572391569941,0.00024185397889852164,nan,nan,nan,nan,nan,nan,0.0,0.0,0.0,0.0,nan,nan
A_emphasis,l14_last,rank1,dev,specified_edit,0.06375636126751526,0.0012164028108966798,nan,nan,nan,nan,nan,nan,0.0,0.0,0.0,0.0,nan,nan
A_emphasis,l14_last,rank1,iid,specified_edit,0.06485880895576104,0.0017352943396823023,nan,nan,nan,nan,nan,nan,0.0,0.0,0.0,0.0,nan,nan
A_emphasis,l14_last,rank1,joint,specified_edit,0.07207869109037933,0.0031590335705803303,nan,nan,nan,nan,nan,nan,0.0,0.0,0.0,0.0,nan,nan
A_emphasis,l14_last,rank1,template,specified_edit,0.0766745154682918,0.005094619568344283,nan,nan,nan,nan,nan,nan,0.0,0.0,0.0,0.0,nan,nan
A_emphasis,l14_last,rank1,topic,specified_edit,0.06035455970057829,0.0030086124060013366,nan,nan,nan,nan,nan,nan,0.0,0.0,0.0,0.0,nan,nan
A_emphasis,l14_last,rank1,train,specified_edit,0.06428925049355509,0.0013952823373642093,nan,nan,nan,nan,nan,nan,0.0,0.0,0.0,0.0,nan,nan
A_emphasis,l14_last,lowrank,dev,specified_edit,0.024150607796668378,0.0005874218106931246,nan,nan,nan,nan,nan,nan,0.0,0.0,0.0,0.0,nan,nan
A_emphasis,l14_last,lowrank,iid,specified_edit,0.023507602870376787,0.0006134237967493731,nan,nan,nan,nan,nan,nan,0.0,0.0,0.0,0.0,nan,nan
A_emphasis,l14_last,lowrank,joint,specified_edit,0.06749778155433818,0.0021909971368278317,nan,nan,nan,nan,nan,nan,0.0,0.0,0.0,0.0,nan,nan
A_emphasis,l14_last,lowrank,template,specified_edit,0.0700989183606072,0.0018276485973174857,nan,nan,nan,nan,nan,nan,0.0,0.0,0.0,0.0,nan,nan
A_emphasis,l14_last,lowrank,topic,specified_edit,0.03819120265024193,0.00033708255795135406,nan,nan,nan,nan,nan,nan,0.0,0.0,0.0,0.0,nan,nan
A_emphasis,l14_last,lowrank,train,specified_edit,0.016201709845541274,0.0008213557134192416,nan,nan,nan,nan,nan,nan,0.0,0.0,0.0,0.0,nan,nan
A_emphasis,l14_last,full_delta,dev,specified_edit,0.019603080656547093,0.0009995809436327884,nan,nan,nan,nan,nan,nan,0.0,0.0,0.0,0.0,nan,nan
A_emphasis,l14_last,full_delta,iid,specified_edit,0.0188146986446846,0.0004364678479531874,nan,nan,nan,nan,nan,nan,0.0,0.0,0.0,0.0,nan,nan
A_emphasis,l14_last,full_delta,joint,specified_edit,0.06945767210578249,0.0018284162710924382,nan,nan,nan,nan,nan,nan,0.0,0.0,0.0,0.0,nan,nan
A_emphasis,l14_last,full_delta,template,specified_edit,0.07236962879003501,0.0009244240453301663,nan,nan,nan,nan,nan,nan,0.0,0.0,0.0,0.0,nan,nan
A_emphasis,l14_last,full_delta,topic,specified_edit,0.03682513053801836,0.000348479611170814,nan,nan,nan,nan,nan,nan,0.0,0.0,0.0,0.0,nan,nan
A_emphasis,l14_last,full_delta,train,specified_edit,0.01018521823408979,0.001545787848073659,nan,nan,nan,nan,nan,nan,0.0,0.0,0.0,0.0,nan,nan
A_emphasis,l14_last,full_affine,dev,specified_edit,0.026272694109392248,0.001740540767401235,nan,nan,nan,nan,nan,nan,0.0,0.0,0.0,0.0,nan,nan
A_emphasis,l14_last,full_affine,iid,specified_edit,0.025646619046839472,0.0004723729294119294,nan,nan,nan,nan,nan,nan,0.0,0.0,0.0,0.0,nan,nan
A_emphasis,l14_last,full_affine,joint,specified_edit,0.1825462643350649,0.0036020109677114658,nan,nan,nan,nan,nan,nan,0.0,0.0,0.0,0.0,nan,nan
A_emphasis,l14_last,full_affine,template,specified_edit,0.17532267792957001,0.002745656334770565,nan,nan,nan,nan,nan,nan,0.0,0.0,0.0,0.0,nan,nan
A_emphasis,l14_last,full_affine,topic,specified_edit,0.07467263397458297,0.0004297335612948485,nan,nan,nan,nan,nan,nan,0.0,0.0,0.0,0.0,nan,nan
A_emphasis,l14_last,full_affine,train,specified_edit,0.015521564405080082,0.0016708713367190116,nan,nan,nan,nan,nan,nan,0.0,0.0,0.0,0.0,nan,nan
A_emphasis,l14_last,length_shift,dev,specified_edit,0.07047058718685077,0.000831651899491871,nan,nan,nan,nan,nan,nan,0.0,0.0,0.0,0.0,nan,nan
A_emphasis,l14_last,length_shift,iid,specified_edit,0.07221937358585116,0.0009030829223067504,nan,nan,nan,nan,nan,nan,0.0,0.0,0.0,0.0,nan,nan
A_emphasis,l14_last,length_shift,joint,specified_edit,0.08187535377478421,0.0037204163049757836,nan,nan,nan,nan,nan,nan,0.0,0.0,0.0,0.0,nan,nan
A_emphasis,l14_last,length_shift,template,specified_edit,0.08255578910936083,0.003532881308870732,nan,nan,nan,nan,nan,nan,0.0,0.0,0.0,0.0,nan,nan
A_emphasis,l14_last,length_shift,topic,specified_edit,0.06951683800897585,0.00033789818415833615,nan,nan,nan,nan,nan,nan,0.0,0.0,0.0,0.0,nan,nan
A_emphasis,l14_last,length_shift,train,specified_edit,0.07072672023046145,0.000862641022974938,nan,nan,nan,nan,nan,nan,0.0,0.0,0.0,0.0,nan,nan
A_emphasis,l14_last,source_token_ridge,dev,specified_edit,0.028367202466234354,0.0010125896210070717,nan,nan,nan,nan,nan,nan,0.0,0.0,0.0,0.0,nan,nan
A_emphasis,l14_last,source_token_ridge,iid,specified_edit,0.02787997400925339,0.001252345672676464,nan,nan,nan,nan,nan,nan,0.0,0.0,0.0,0.0,nan,nan
A_emphasis,l14_last,source_token_ridge,joint,specified_edit,0.07453007546492597,0.0019217333195069987,nan,nan,nan,nan,nan,nan,0.0,0.0,0.0,0.0,nan,nan
A_emphasis,l14_last,source_token_ridge,template,specified_edit,0.07996679898704813,0.0028994378972625676,nan,nan,nan,nan,nan,nan,0.0,0.0,0.0,0.0,nan,nan
A_emphasis,l14_last,source_token_ridge,topic,specified_edit,0.051759983466672634,0.0012085293222608693,nan,nan,nan,nan,nan,nan,0.0,0.0,0.0,0.0,nan,nan
A_emphasis,l14_last,source_token_ridge,train,specified_edit,0.01811017067574657,0.003415657037052456,nan,nan,nan,nan,nan,nan,0.0,0.0,0.0,0.0,nan,nan
A_emphasis,l14_last,shuffled,dev,specified_edit,0.07812228375498169,0.0017198242456031006,nan,nan,nan,nan,nan,nan,0.0,0.0,0.0,0.0,nan,nan
A_emphasis,l14_last,shuffled,iid,specified_edit,0.07945285570281425,0.0021970882697465114,nan,nan,nan,nan,nan,nan,0.0,0.0,0.0,0.0,nan,nan
A_emphasis,l14_last,shuffled,joint,specified_edit,0.07467079661311427,0.0027870076152401364,nan,nan,nan,nan,nan,nan,0.0,0.0,0.0,0.0,nan,nan
A_emphasis,l14_last,shuffled,template,specified_edit,0.07913045405820181,0.004062981477074118,nan,nan,nan,nan,nan,nan,0.0,0.0,0.0,0.0,nan,nan
A_emphasis,l14_last,shuffled,topic,specified_edit,0.07451617167159952,0.0022525664657816087,nan,nan,nan,nan,nan,nan,0.0,0.0,0.0,0.0,nan,nan
A_emphasis,l14_last,shuffled,train,specified_edit,0.07908442053841097,0.001832186627682198,nan,nan,nan,nan,nan,nan,0.0,0.0,0.0,0.0,nan,nan
A_emphasis,l14_last,random_subspace,dev,specified_edit,0.07221089666869973,0.00033000083411984605,nan,nan,nan,nan,nan,nan,0.0,0.0,0.0,0.0,nan,nan
A_emphasis,l14_last,random_subspace,iid,specified_edit,0.07400758050125072,0.0002714064362656354,nan,nan,nan,nan,nan,nan,0.0,0.0,0.0,0.0,nan,nan
A_emphasis,l14_last,random_subspace,joint,specified_edit,0.07369231669829877,0.0026139363955972033,nan,nan,nan,nan,nan,nan,0.0,0.0,0.0,0.0,nan,nan
A_emphasis,l14_last,random_subspace,template,specified_edit,0.07883096033814556,0.003407747739601293,nan,nan,nan,nan,nan,nan,0.0,0.0,0.0,0.0,nan,nan
A_emphasis,l14_last,random_subspace,topic,specified_edit,0.06886076628021882,0.0006549974951937067,nan,nan,nan,nan,nan,nan,0.0,0.0,0.0,0.0,nan,nan
A_emphasis,l14_last,random_subspace,train,specified_edit,0.0735458184718097,0.00027045304592333846,nan,nan,nan,nan,nan,nan,0.0,0.0,0.0,0.0,nan,nan
B_shared,l28_last,identity,dev,seen,5.217849014743334,0.0,0.0,0.0,0.2821064063251563,0.0,-0.0654183105440887,0.0,34.0,0.0,3.0,0.0,0.08823529411764706,0.0
B_shared,l28_last,identity,iid,seen,5.206821193508502,0.0,0.0,0.0,0.28252773404427817,0.0,-0.06780423492204905,0.0,34.0,0.0,3.0,0.0,0.08823529411764706,0.0
B_shared,l28_last,identity,joint,seen,5.100661913279054,0.0,0.0,0.0,0.15730987762237764,0.0,-0.06007650823819471,0.0,44.0,0.0,3.0,0.0,0.06818181818181818,0.0
B_shared,l28_last,identity,template,seen,5.235824826040222,0.0,0.0,0.0,0.1636169880171428,0.0,-0.060319735643018076,0.0,44.0,0.0,3.0,0.0,0.06818181818181815,0.0
B_shared,l28_last,identity,topic,seen,5.353643548455545,0.0,0.0,0.0,0.15916257255103503,0.0,-0.0704869581170137,0.0,64.0,0.0,3.0,0.0,0.046875,0.0
B_shared,l28_last,identity,train,seen,5.080493103126597,0.0,0.0,0.0,0.18265790814649172,0.0,-0.06461638618990868,0.0,64.0,0.0,3.0,0.0,0.046875,0.0
B_shared,l28_last,identity,dev,unseen,3.82704429430949,0.0,0.0,0.0,0.29989929052429054,0.0,-0.06344707590599079,0.0,28.0,0.0,2.0,0.0,0.07142857142857141,0.0
B_shared,l28_last,identity,iid,unseen,3.7219546624847983,0.0,0.0,0.0,0.31194495076074025,0.0,-0.06144504970766949,0.0,28.0,0.0,2.0,0.0,0.07142857142857141,0.0
B_shared,l28_last,identity,joint,unseen,3.885705536215879,0.0,0.0,0.0,0.14784306405400155,0.0,-0.06382641294092303,0.0,36.0,0.0,2.0,0.0,0.05555555555555556,8.498374721940739e-18
B_shared,l28_last,identity,template,unseen,3.7212065380368564,0.0,0.0,0.0,0.14990065145740697,0.0,-0.06148496466448528,0.0,36.0,0.0,2.0,0.0,0.05555555555555557,0.0
B_shared,l28_last,identity,topic,unseen,4.067418873395455,0.0,0.0,0.0,0.14128610786787452,0.0,-0.06863488137991251,0.0,52.0,0.0,2.0,0.0,0.03846153846153846,0.0
B_shared,l28_last,identity,train,unseen,3.6278970506721357,0.0,0.0,0.0,0.19774280061351143,0.0,-0.059989666551864294,0.0,52.0,0.0,2.0,0.0,0.03846153846153846,0.0
B_shared,l28_last,identity,dev,all,4.661527126569797,0.0,0.0,0.0,0.32354659229659233,0.0,-0.05939581435920266,0.0,46.0,0.0,5.0,0.0,0.10869565217391307,0.0
B_shared,l28_last,identity,iid,all,4.61287458109902,0.0,0.0,0.0,0.33433128407086743,0.0,-0.058360510138779596,0.0,46.0,0.0,5.0,0.0,0.10869565217391307,0.0
B_shared,l28_last,identity,joint,all,4.614679362453783,0.0,0.0,0.0,0.16282187864219116,0.0,-0.05583809493876188,0.0,60.0,0.0,5.0,0.0,0.08333333333333333,0.0
B_shared,l28_last,identity,template,all,4.629977510838876,0.0,0.0,0.0,0.1686996406415764,0.0,-0.05431717551755041,8.498374721940739e-18,60.0,0.0,5.0,0.0,0.08333333333333331,0.0
B_shared,l28_last,identity,topic,all,4.839153678431509,0.0,0.0,0.0,0.17066241848337446,0.0,-0.06338767533154414,0.0,88.0,0.0,5.0,0.0,0.0568181818181818,0.0
B_shared,l28_last,identity,train,all,4.499454682144813,0.0,0.0,0.0,0.20534424730574596,0.0,-0.05729123230342934,0.0,88.0,0.0,5.0,0.0,0.0568181818181818,0.0
B_shared,l28_last,shift,dev,seen,3.8712241445507707,0.0027620754272212845,0.010416666666666666,0.0,0.4572337962962963,0.0027904082063058794,-0.02527433890312179,0.00044544634017065326,34.0,0.0,3.0,0.0,0.08823529411764706,0.0
B_shared,l28_last,shift,iid,seen,3.8572845053538423,0.0034634011967890586,0.027777777777777776,0.006014065304058603,0.4317249397978564,0.004382598165641649,-0.027498945834914152,0.000493588131794957,34.0,0.0,3.0,0.0,0.08823529411764706,0.0
B_shared,l28_last,shift,joint,seen,4.555560065218515,0.02713963673655435,0.026041666666666668,0.009021097956087902,0.23795216395420196,0.006256980072330964,-0.034797494584467625,0.00021482443781682917,44.0,0.0,3.0,0.0,0.06818181818181818,0.0
B_shared,l28_last,shift,template,seen,4.714801470772302,0.0488105810870357,0.09375,0.0078125,0.3061610101074715,0.004829155192013587,-0.03696539936096878,0.0004009153911658501,44.0,0.0,3.0,0.0,0.06818181818181815,0.0
B_shared,l28_last,shift,topic,seen,3.915883580583893,0.018133401875516226,0.026041666666666668,0.013779954745128074,0.3193413631102992,0.011841489558069934,-0.02951378743468476,0.0007047782975616332,64.0,0.0,3.0,0.0,0.046875,0.0
B_shared,l28_last,shift,train,seen,3.7592446078330983,0.0024584872504500935,0.057291666666666664,0.009021097956087899,0.3823814857017982,0.008898741845724357,-0.02505485146502386,0.00047867327259743176,64.0,0.0,3.0,0.0,0.046875,0.0
B_shared,l28_last,shift,dev,unseen,3.650134176299602,0.025435060853099035,0.0,0.0,0.3980654761904762,0.0032935023169464654,-0.03478291291822988,0.0006208467739581457,28.0,0.0,2.0,0.0,0.07142857142857141,0.0
B_shared,l28_last,shift,iid,unseen,3.5230510844997536,0.02698209313022085,0.003472222222222222,0.006014065304058602,0.4180390211640212,0.007271660163818515,-0.0322190626791278,0.0006474589853334203,28.0,0.0,2.0,0.0,0.07142857142857141,0.0
B_shared,l28_last,shift,joint,unseen,4.331657094978343,0.04006002077987473,0.0,0.0,0.1822941836383932,0.0023173965669505982,-0.04601633904561602,0.0008853631481157872,36.0,0.0,2.0,0.0,0.05555555555555556,8.498374721940739e-18
B_shared,l28_last,shift,template,unseen,4.219399981921531,0.013305324239255957,0.0026041666666666665,0.004510548978043952,0.1941514484885349,0.008883416907755716,-0.0445748855231782,0.0003452106318611868,36.0,0.0,2.0,0.0,0.05555555555555557,0.0
B_shared,l28_last,shift,topic,unseen,3.7096553472314877,0.04876437540637448,0.005208333333333333,0.0,0.26046274999287666,0.0034581624633621705,-0.036741083737514384,0.0009749463583912868,52.0,0.0,2.0,0.0,0.03846153846153846,0.0
B_shared,l28_last,shift,train,unseen,3.4614166881075454,0.023998631647733994,0.005208333333333333,0.0,0.3145089923013949,0.003607021298618003,-0.03136165080664229,0.0006384982892009534,52.0,0.0,2.0,0.0,0.03846153846153846,0.0
B_shared,l28_last,shift,dev,all,3.782788157250303,0.008522495401972231,0.010416666666666666,0.0,0.4664351851851851,0.001807001735647705,-0.023562791973017774,0.00045216158770330364,46.0,0.0,5.0,0.0,0.10869565217391307,0.0
B_shared,l28_last,shift,iid,all,3.7235911370122063,0.011032205149965791,0.03125,0.010416666666666666,0.45590277777777777,0.008280722234522083,-0.02456702694429432,0.000465349411692194,46.0,0.0,5.0,0.0,0.10869565217391307,0.0
B_shared,l28_last,shift,joint,all,4.465998877122446,0.004067860654586341,0.026041666666666668,0.009021097956087902,0.24529294490231987,0.0063542220069438046,-0.0321314517940064,0.00031325020553230607,60.0,0.0,5.0,0.0,0.08333333333333333,0.0
B_shared,l28_last,shift,template,all,4.516640875231993,0.025134193765224477,0.09375,0.0078125,0.3151385717983451,0.0047802011125894954,-0.032953937043544906,0.00020049989561797887,60.0,0.0,5.0,0.0,0.08333333333333331,0.0
B_shared,l28_last,shift,topic,all,3.833392287242931,0.030377034392587605,0.026041666666666668,0.013779954745128074,0.32659114548449536,0.012243006503904521,-0.02708432978993386,0.0007480542171607224,88.0,0.0,5.0,0.0,0.0568181818181818,0.0
B_shared,l28_last,shift,train,all,3.6401134399428776,0.008153348474389682,0.0625,0.009021097956087907,0.39590799584289166,0.008514780604068498,-0.022750176702996547,0.0004324982488954025,88.0,0.0,5.0,0.0,0.0568181818181818,0.0
B_shared,l28_last,rank1,dev,seen,3.1830139726159903,0.01132414315008135,0.4930555555555556,0.024056261216234418,0.7334490740740739,0.012393855532641685,-0.003154339670735772,0.0003259186968839107,34.0,0.0,3.0,0.0,0.08823529411764706,0.0
B_shared,l28_last,rank1,iid,seen,3.155946504393714,0.009662404299229562,0.4270833333333333,0.027559909490256138,0.6808201058201058,0.013895115570281114,-0.005082503644253353,0.0005316999086664785,34.0,0.0,3.0,0.0,0.08823529411764706,0.0
B_shared,l28_last,rank1,joint,seen,3.7526879692520674,0.016352088761688047,0.2552083333333333,0.009021097956087904,0.5124875992063492,0.0029458867697703933,-0.006542816549149144,0.0002961400655877824,44.0,0.0,3.0,0.0,0.06818181818181818,0.0
B_shared,l28_last,rank1,template,seen,3.780380632749445,0.034083343474658266,0.2265625,0.0078125,0.4669752073432172,0.0047596785098492495,-0.008117846119526406,0.0006533555367174603,44.0,0.0,3.0,0.0,0.06818181818181815,0.0
B_shared,l28_last,rank1,topic,seen,3.193874211916286,0.005313110458449692,0.2916666666666667,0.013779954745128059,0.5346761028142009,0.008721593319725251,-0.007099633912881574,0.0003015974268180925,64.0,0.0,3.0,0.0,0.046875,0.0
B_shared,l28_last,rank1,train,seen,3.1008769128703944,0.006126126591980093,0.375,0.026041666666666685,0.6244999599166264,0.01576869029367598,-0.004041035261513886,0.00044256440797533673,64.0,0.0,3.0,0.0,0.046875,0.0
B_shared,l28_last,rank1,dev,unseen,3.0117098983253623,0.025007784466875436,0.3333333333333333,0.02755990949025617,0.599378707712041,0.016113382632198282,-0.01289490179602367,0.0003903938611064263,28.0,0.0,2.0,0.0,0.07142857142857141,0.0
B_shared,l28_last,rank1,iid,unseen,2.853086724139788,0.03269176882004079,0.4201388888888889,0.01591172116304111,0.6775214947089948,0.009421676568020013,-0.009375638058364229,0.0006549266566964105,28.0,0.0,2.0,0.0,0.07142857142857141,0.0
B_shared,l28_last,rank1,joint,unseen,3.52415444170598,0.04446685896742898,0.16666666666666666,0.023867581744561668,0.3960687506328953,0.012398802564171198,-0.016914179452547893,0.0002960327133289922,36.0,0.0,2.0,0.0,0.05555555555555556,8.498374721940739e-18
B_shared,l28_last,rank1,template,unseen,3.320129358050343,0.02064212602464793,0.15104166666666666,0.004510548978043952,0.39215783493127243,0.0032763231281061197,-0.015713628472482862,0.00033101350959695,36.0,0.0,2.0,0.0,0.05555555555555557,0.0
B_shared,l28_last,rank1,topic,unseen,3.0683307231149843,0.041270738457461924,0.1875,0.005208333333333343,0.44994795806052273,0.0061821374028225165,-0.013776716691269756,0.0005655838933211712,52.0,0.0,2.0,0.0,0.03846153846153846,0.0
B_shared,l28_last,rank1,train,unseen,2.858607622863678,0.03117765954756892,0.30034722222222227,0.016742449237834998,0.551594544603704,0.010242989421253049,-0.010541202076161724,0.000540369638120598,52.0,0.0,2.0,0.0,0.03846153846153846,0.0
B_shared,l28_last,rank1,dev,all,3.114492342899739,0.0032181543792545926,0.5138888888888888,0.02621470290024565,0.7450810185185186,0.013259767635867581,-0.0021744526933310986,0.00032716585254194034,46.0,0.0,5.0,0.0,0.10869565217391307,0.0
B_shared,l28_last,rank1,iid,all,3.0348025922921433,0.014947213272653095,0.5069444444444444,0.021684020827772224,0.7335069444444443,0.011195336876246034,-0.0029174809169019798,0.0005605291098973059,46.0,0.0,5.0,0.0,0.10869565217391307,0.0
B_shared,l28_last,rank1,joint,all,3.6612745582336323,0.025533143110357027,0.24479166666666666,0.009021097956087902,0.4965877149470899,0.0113865190924556,-0.005803940485300002,0.00033187628825425433,60.0,0.0,5.0,0.0,0.08333333333333333,0.0
B_shared,l28_last,rank1,template,all,3.596280122869804,0.01499720449844745,0.2604166666666667,0.011933790872280832,0.4965866511535169,0.006709447074170321,-0.006066345785292975,0.0005675531762360067,60.0,0.0,5.0,0.0,0.08333333333333331,0.0
B_shared,l28_last,rank1,topic,all,3.143656816395765,0.01952644081488056,0.3177083333333333,0.01377995474512809,0.5601843484477619,0.006837617055762265,-0.0050726286820330195,0.00034983188699813775,88.0,0.0,5.0,0.0,0.0568181818181818,0.0
B_shared,l28_last,rank1,train,all,3.0039691968677076,0.012974674152743578,0.4270833333333333,0.023867581744561665,0.6541897025620983,0.012806015043987125,-0.002515492272536916,0.0004410034196504963,88.0,0.0,5.0,0.0,0.0568181818181818,0.0
B_shared,l28_last,lowrank,dev,seen,2.2406718043906935,0.01905671088447215,0.9479166666666666,0.010416666666666685,0.9710648148148148,0.0060970218477157095,0.02481262040226351,0.0008514323490203451,34.0,0.0,3.0,0.0,0.08823529411764706,0.0
B_shared,l28_last,lowrank,iid,seen,2.2738985423728546,0.011431621632225985,0.8993055555555555,0.012028130608117225,0.9381365740740741,0.007482081647636142,0.021659882812339604,0.000448295419165225,34.0,0.0,3.0,0.0,0.08823529411764706,0.0
B_shared,l28_last,lowrank,joint,seen,3.384896209602328,0.04846057816030298,0.5104166666666666,0.07384086916019701,0.7018105158730159,0.04607154532939905,0.011485968429022088,0.0001253886183209002,44.0,0.0,3.0,0.0,0.06818181818181818,0.0
B_shared,l28_last,lowrank,template,seen,3.2750964069159156,0.04818656659932033,0.4427083333333333,0.027436598314720673,0.6161444638983702,0.019590347053259533,0.010383590218118313,0.000611169302305005,44.0,0.0,3.0,0.0,0.06818181818181815,0.0
B_shared,l28_last,lowrank,topic,seen,2.5102721410368836,0.024468780130921006,0.7170138888888888,0.013107351450122812,0.8162787880040484,0.005106761538694813,0.019164132228595334,0.0010331611290413454,64.0,0.0,3.0,0.0,0.046875,0.0
B_shared,l28_last,lowrank,train,seen,2.0466470888633648,0.01530310239994514,0.796875,0.015625,0.8839347718253968,0.007879196807335821,0.026848168627517006,0.0006209634074342634,64.0,0.0,3.0,0.0,0.046875,0.0
B_shared,l28_last,lowrank,dev,unseen,2.180772881193089,0.009016530397893902,0.8194444444444445,0.015911721163041105,0.8960400132275131,0.009617079985505777,0.016836726098967338,0.0007174210656751709,28.0,0.0,2.0,0.0,0.07142857142857141,0.0
B_shared,l28_last,lowrank,iid,unseen,2.123325021455871,0.008410292094333244,0.8715277777777777,0.015911721163041116,0.9286458333333334,0.0113884125069745,0.017041590138679296,0.0005400418975956739,28.0,0.0,2.0,0.0,0.07142857142857141,0.0
B_shared,l28_last,lowrank,joint,unseen,3.0107335191274434,0.081627185400886,0.3385416666666667,0.03252603124165833,0.5418115882959634,0.016414601103461487,0.005669695749926894,0.0006949462177106875,36.0,0.0,2.0,0.0,0.05555555555555556,8.498374721940739e-18
B_shared,l28_last,lowrank,template,unseen,2.678272766927059,0.028602987459978413,0.3411458333333333,0.022552744890219755,0.5465578692141192,0.009767439284250777,0.00579647483519453,0.0004297813346264854,36.0,0.0,2.0,0.0,0.05555555555555557,0.0
B_shared,l28_last,lowrank,topic,unseen,2.3070964744986413,0.029732139655432494,0.6267361111111112,0.03307735917232235,0.7400959193756617,0.025308399065837327,0.014793044756647174,0.0012349474590092164,52.0,0.0,2.0,0.0,0.03846153846153846,0.0
B_shared,l28_last,lowrank,train,unseen,1.96158965759839,0.009166277402205698,0.703125,0.01041666666666663,0.822255291005291,0.008199731967283484,0.020098418301309887,0.0006488438842725703,52.0,0.0,2.0,0.0,0.03846153846153846,0.0
B_shared,l28_last,lowrank,dev,all,2.2167122351116517,0.012025662962727241,0.954861111111111,0.012028130608117226,0.9730324074074074,0.007580134949923643,0.025431273976550244,0.0007255392676262633,46.0,0.0,5.0,0.0,0.10869565217391307,0.0
B_shared,l28_last,lowrank,iid,all,2.2136691340060612,0.00593311678176432,0.9513888888888888,0.015911721163041116,0.9728009259259259,0.007876537956490872,0.023081089363587385,0.0005334243680567853,46.0,0.0,5.0,0.0,0.10869565217391307,0.0
B_shared,l28_last,lowrank,joint,all,3.235231133412374,0.05281655146477441,0.5,0.05412658773652741,0.6939320661976911,0.03165780562698485,0.013070908306774404,0.00039257103318747364,60.0,0.0,5.0,0.0,0.08333333333333333,0.0
B_shared,l28_last,lowrank,template,all,3.036366950920373,0.01817913942229428,0.5338541666666666,0.027436598314720673,0.6858322811447811,0.021196224878451613,0.012771165651447342,0.00040625847265138765,60.0,0.0,5.0,0.0,0.08333333333333331,0.0
B_shared,l28_last,lowrank,topic,all,2.4290018744215867,0.025899842824366068,0.7430555555555557,0.021049228564205127,0.8345019828419761,0.011495056769773549,0.02116073582486991,0.0010907558183361012,88.0,0.0,5.0,0.0,0.0568181818181818,0.0
B_shared,l28_last,lowrank,train,all,2.0126241163573746,0.012366025652679757,0.8229166666666666,0.005208333333333315,0.8980392967372134,0.002190932962412843,0.02755366568378617,0.0005721492513569297,88.0,0.0,5.0,0.0,0.0568181818181818,0.0
B_shared,l28_last,full_delta,dev,seen,2.1093438578729384,0.02420791716320228,0.9618055555555555,0.012028130608117225,0.9780092592592592,0.00657281058541698,0.02960900259057354,0.00016972162574553493,34.0,0.0,3.0,0.0,0.08823529411764706,0.0
B_shared,l28_last,full_delta,iid,seen,2.142770867751048,0.010330568148469804,0.9131944444444443,0.00601406530405858,0.947511574074074,0.003183922385064644,0.02609740935441115,9.546312901364923e-05,34.0,0.0,3.0,0.0,0.08823529411764706,0.0
B_shared,l28_last,full_delta,joint,seen,3.424656720777668,0.03643237642474772,0.5885416666666666,0.03252603124165832,0.7376198743386243,0.022312334813072245,0.014039943338084714,0.0004343413985502262,44.0,0.0,3.0,0.0,0.06818181818181818,0.0
B_shared,l28_last,full_delta,template,seen,3.2723652893937523,0.0487870918768296,0.4505208333333333,0.03157384284630766,0.6333651867214778,0.022547871099720142,0.01335908920878569,0.000381953545541084,44.0,0.0,3.0,0.0,0.06818181818181815,0.0
B_shared,l28_last,full_delta,topic,seen,2.483274622007832,0.019314269348041323,0.7309027777777778,0.006014065304058581,0.8180542254675456,0.003712405516457525,0.02223629693087099,0.0013179817149252067,64.0,0.0,3.0,0.0,0.046875,0.0
B_shared,l28_last,full_delta,train,seen,1.863309595102426,0.016986432904160048,0.8177083333333334,0.010416666666666685,0.8971994874338624,0.002792632390279013,0.03178223569892946,0.0003421839202766165,64.0,0.0,3.0,0.0,0.046875,0.0
B_shared,l28_last,full_delta,dev,unseen,2.076542031910131,0.028039358121698242,0.8472222222222222,0.021684020827772245,0.9132523148148147,0.01193042283697143,0.021146441354813594,0.00028885701642264824,28.0,0.0,2.0,0.0,0.07142857142857141,0.0
B_shared,l28_last,full_delta,iid,unseen,2.023974694690448,0.005974627645145646,0.875,0.01041666666666663,0.9322916666666666,0.005280175807550661,0.02093354606698766,0.00024950705840218147,28.0,0.0,2.0,0.0,0.07142857142857141,0.0
B_shared,l28_last,full_delta,joint,unseen,3.0247857298853638,0.07038272267160035,0.375,0.04133986423538423,0.5653935763310763,0.02847435533625931,0.008771324638235952,0.00035026885036057144,36.0,0.0,2.0,0.0,0.05555555555555556,8.498374721940739e-18
B_shared,l28_last,full_delta,template,unseen,2.6691095899564057,0.021287619504318688,0.3802083333333333,0.03853814736184569,0.5752460719257594,0.017672347743709186,0.008747232636828906,0.0003703240400966028,36.0,0.0,2.0,0.0,0.05555555555555557,0.0
B_shared,l28_last,full_delta,topic,unseen,2.2874690007782177,0.032863936368488396,0.6302083333333334,0.034153325647406266,0.7391757451653285,0.025484912068023034,0.01780129991455782,0.0017204571261183169,52.0,0.0,2.0,0.0,0.03846153846153846,0.0
B_shared,l28_last,full_delta,train,unseen,1.8197925069796916,0.013266793397563743,0.704861111111111,0.012028130608117226,0.8271873622134039,0.012457890547594478,0.024350435096676212,0.0003844854939858873,52.0,0.0,2.0,0.0,0.03846153846153846,0.0
B_shared,l28_last,full_delta,dev,all,2.0962231274878156,0.023275035246758686,0.96875,0.01041666666666663,0.9799768518518519,0.006782693790566081,0.029965464333239804,0.0001413443362303451,46.0,0.0,5.0,0.0,0.10869565217391307,0.0
B_shared,l28_last,full_delta,iid,all,2.0952523985268083,0.0076916497028450435,0.9652777777777778,0.01202813060811716,0.9793981481481481,0.006116764010057349,0.02733737923995656,0.00018133785603522467,46.0,0.0,5.0,0.0,0.10869565217391307,0.0
B_shared,l28_last,full_delta,joint,all,3.264708324420747,0.046836498999622514,0.5729166666666666,0.04773516348912333,0.7262652567340068,0.02753988958606109,0.01574910282820111,0.00019198438443644445,60.0,0.0,5.0,0.0,0.08333333333333333,0.0
B_shared,l28_last,full_delta,template,all,3.031063009618814,0.03133542412321076,0.5677083333333334,0.03522851369392886,0.7144800222925224,0.0208702906291696,0.01583007074451163,0.00030507141245172015,60.0,0.0,5.0,0.0,0.08333333333333331,0.0
B_shared,l28_last,full_delta,topic,all,2.4049523735159863,0.023324750368547528,0.7517361111111112,0.021049228564205064,0.8338392404771477,0.008161659703600032,0.02422630285284406,0.0013657604576094542,88.0,0.0,5.0,0.0,0.0568181818181818,0.0
B_shared,l28_last,full_delta,train,all,1.8459027598533322,0.01520652176641747,0.84375,0.018778912893041635,0.9111276455026455,0.009836247717676208,0.032351099559356084,0.00040804058892051693,88.0,0.0,5.0,0.0,0.0568181818181818,0.0
B_shared,l28_last,full_affine,dev,seen,2.0026537887087237,0.0029704154723484357,0.9513888888888888,0.026214702900245627,0.9673363095238096,0.019215500938268057,0.03236344845501311,0.0008242561200143409,34.0,0.0,3.0,0.0,0.08823529411764706,0.0
B_shared,l28_last,full_affine,iid,seen,2.0457791262849043,0.009889560576326931,0.8923611111111112,0.015911721163041116,0.9305734678130512,0.009966661114513437,0.029027632306723727,0.0005586928823995937,34.0,0.0,3.0,0.0,0.08823529411764706,0.0
B_shared,l28_last,full_affine,joint,seen,3.397131081165993,0.036325426098425644,0.4270833333333333,0.050227347713504976,0.607542313011063,0.03863610523766136,0.022630084017007057,0.0009990924001085936,44.0,0.0,3.0,0.0,0.06818181818181818,0.0
B_shared,l28_last,full_affine,template,seen,3.138870007407089,0.047664612565776115,0.3385416666666667,0.03252603124165833,0.5490215488147473,0.02482008619776279,0.022609037428768283,0.0007279981301531334,44.0,0.0,3.0,0.0,0.06818181818181815,0.0
B_shared,l28_last,full_affine,topic,seen,2.5325484975642594,0.013537857316093263,0.5625,0.0,0.6914824128262024,0.0036484939796827607,0.027841608372126056,0.0009220506290355721,64.0,0.0,3.0,0.0,0.046875,0.0
B_shared,l28_last,full_affine,train,seen,1.8419296935472242,0.008037608595775961,0.7430555555555555,0.015911721163041105,0.8446884519801187,0.009627096812947659,0.03306316352813183,0.001008359089380527,64.0,0.0,3.0,0.0,0.046875,0.0
B_shared,l28_last,full_affine,dev,unseen,1.9799408582405966,0.028214881642309522,0.8125,0.04540519732854871,0.8844659391534392,0.029096884964906814,0.02397763894975002,0.0008034198933237827,28.0,0.0,2.0,0.0,0.07142857142857141,0.0
B_shared,l28_last,full_affine,iid,unseen,1.9421908237175398,0.02072792530724908,0.8298611111111112,0.015911721163041116,0.8991112764550265,0.008782759419217022,0.023770908283733145,0.0006289196735668848,28.0,0.0,2.0,0.0,0.07142857142857141,0.0
B_shared,l28_last,full_affine,joint,unseen,2.9555693104981096,0.09191291575533647,0.3125,0.03125,0.499890509705114,0.02778700818581935,0.018166671229263392,0.0009193922256182094,36.0,0.0,2.0,0.0,0.05555555555555556,8.498374721940739e-18
B_shared,l28_last,full_affine,template,unseen,2.587565373388832,0.03901746614130002,0.3098958333333333,0.025113673856752484,0.4926842711382185,0.03301104671679858,0.017010665030026986,0.0009689045039806414,36.0,0.0,2.0,0.0,0.05555555555555557,0.0
B_shared,l28_last,full_affine,topic,unseen,2.334457470277066,0.02935084746966517,0.484375,0.01804219591217584,0.6085900534393865,0.01590069223829771,0.023517143302988402,0.001338941688321837,52.0,0.0,2.0,0.0,0.03846153846153846,0.0
B_shared,l28_last,full_affine,train,unseen,1.8038650795339655,0.009328887014180146,0.6510416666666666,0.03645833333333334,0.7847442873484541,0.025524893945120725,0.025661048050381784,0.0008324645376664844,52.0,0.0,2.0,0.0,0.03846153846153846,0.0
B_shared,l28_last,full_affine,dev,all,1.9935686165214728,0.01207016358689904,0.9479166666666666,0.027559909490256117,0.9629960317460317,0.02095989465050049,0.03273174117866665,0.0007759031482705438,46.0,0.0,5.0,0.0,0.10869565217391307,0.0
B_shared,l28_last,full_affine,iid,all,2.0043438052579585,0.014066758124009503,0.9305555555555555,0.0216840208277722,0.9555115891053391,0.012353555194232825,0.03025043575843542,0.0004475959860479182,46.0,0.0,5.0,0.0,0.10869565217391307,0.0
B_shared,l28_last,full_affine,joint,all,3.2205063728988392,0.05851913705755394,0.4375,0.05412658773652741,0.6126761611651381,0.049335677491685034,0.024693436995030574,0.0011314654704228462,60.0,0.0,5.0,0.0,0.08333333333333333,0.0
B_shared,l28_last,full_affine,template,all,2.9183481537997857,0.03158417766858586,0.4296875,0.013531646934131853,0.6113584440732879,0.021807948843168622,0.024960064310227015,0.0008897180386701552,60.0,0.0,5.0,0.0,0.08333333333333331,0.0
B_shared,l28_last,full_affine,topic,all,2.4533120866493823,0.017767471477145105,0.5607638888888888,0.021049228564205064,0.684094148499697,0.01014668328680659,0.029917561042160024,0.0010208740239206183,88.0,0.0,5.0,0.0,0.0568181818181818,0.0
B_shared,l28_last,full_affine,train,all,1.826703847941921,0.0084744592133247,0.7847222222222222,0.02461362305339901,0.8628358104767417,0.018867381101117898,0.03360951712085461,0.0010125017785711215,88.0,0.0,5.0,0.0,0.0568181818181818,0.0
B_shared,l28_last,length_shift,dev,seen,3.886221592511449,0.029773634344465616,0.05555555555555556,0.0060140653040586,0.4837962962962963,0.001640908203559906,-0.024184313878856473,0.0006179109885109549,34.0,0.0,3.0,0.0,0.08823529411764706,0.0
B_shared,l28_last,length_shift,iid,seen,3.8667953663545576,0.02444119499455271,0.052083333333333336,0.010416666666666668,0.4486094937764668,0.004725757843557473,-0.026392300658750815,0.0006108980884698637,34.0,0.0,3.0,0.0,0.08823529411764706,0.0
B_shared,l28_last,length_shift,joint,seen,4.647123708630764,0.01623100921435973,0.041666666666666664,0.023867581744561665,0.2693099724349725,0.016192080634751475,-0.03351115549744881,0.0003867060547216119,44.0,0.0,3.0,0.0,0.06818181818181818,0.0
B_shared,l28_last,length_shift,template,seen,4.873442018051764,0.05601209885468999,0.109375,0.0234375,0.31982222957515627,0.013754309691485828,-0.03640328588938052,0.0006610592667393797,44.0,0.0,3.0,0.0,0.06818181818181815,0.0
B_shared,l28_last,length_shift,topic,seen,3.9722786539052666,0.01890113511624803,0.05034722222222223,0.021049228564205106,0.33187492115971934,0.01393206893185256,-0.029510731392131548,0.0006802292002525962,64.0,0.0,3.0,0.0,0.046875,0.0
B_shared,l28_last,length_shift,train,seen,3.7240943855970676,0.00869164575445418,0.07291666666666667,0.013779954745128074,0.39840745831178354,0.008755270494466123,-0.022916964284307863,0.0006059995461734305,64.0,0.0,3.0,0.0,0.046875,0.0
B_shared,l28_last,length_shift,dev,unseen,3.6778062700954695,0.03761270772784552,0.006944444444444444,0.006014065304058602,0.3994915674603175,0.0034071222869429553,-0.033597273435670226,0.0008181510772699757,28.0,0.0,2.0,0.0,0.07142857142857141,0.0
B_shared,l28_last,length_shift,iid,unseen,3.5526212421596965,0.02974304877776887,0.010416666666666666,0.0,0.42170388750706733,0.006625873337239749,-0.031020917953191087,0.000711839233212671,28.0,0.0,2.0,0.0,0.07142857142857141,0.0
B_shared,l28_last,length_shift,joint,unseen,4.418191499096893,0.08234536226944192,0.0,0.0,0.18134757314444813,0.006135676924317534,-0.04418111297844518,0.0010398361821419143,36.0,0.0,2.0,0.0,0.05555555555555556,8.498374721940739e-18
B_shared,l28_last,length_shift,template,unseen,4.221588924407116,0.016566780705250295,0.005208333333333333,0.009021097956087904,0.2006673490588932,0.009641082494072289,-0.04272450016938989,0.0007659786924256228,36.0,0.0,2.0,0.0,0.05555555555555557,0.0
B_shared,l28_last,length_shift,topic,unseen,3.8083806010374333,0.05363286575077353,0.015625,0.013779954745128078,0.2620957323399611,0.005555386855570928,-0.03715291596558066,0.0010074453602147372,52.0,0.0,2.0,0.0,0.03846153846153846,0.0
B_shared,l28_last,length_shift,train,unseen,3.4422682525085335,0.023568426497417885,0.010416666666666666,0.010416666666666666,0.3229645723835764,0.00804788357354224,-0.029365668781254,0.0007342202895988653,52.0,0.0,2.0,0.0,0.03846153846153846,0.0
B_shared,l28_last,length_shift,dev,all,3.8028554635450575,0.03006173926388143,0.0625,0.010416666666666668,0.4900462962962963,0.0028279610469608,-0.022525065118854676,0.0006229557869015508,46.0,0.0,5.0,0.0,0.10869565217391307,0.0
B_shared,l28_last,length_shift,iid,all,3.741125716676613,0.023055152718195217,0.0625,0.010416666666666668,0.4763573232323232,0.0062038160420172525,-0.023359741160686686,0.0005743752202134391,46.0,0.0,5.0,0.0,0.10869565217391307,0.0
B_shared,l28_last,length_shift,joint,all,4.555550824817216,0.02683221704640121,0.041666666666666664,0.023867581744561665,0.2637175324675325,0.014570872116294951,-0.031167165843797594,0.00025999922552238534,60.0,0.0,5.0,0.0,0.08333333333333333,0.0
B_shared,l28_last,length_shift,template,all,4.612700780593904,0.027001197310827386,0.11197916666666667,0.027436598314720673,0.33216121562409123,0.014913044963241423,-0.03194116126223983,0.0004961373237170225,60.0,0.0,5.0,0.0,0.08333333333333331,0.0
B_shared,l28_last,length_shift,topic,all,3.9067194327581327,0.03244665206775007,0.05034722222222223,0.021049228564205106,0.3402826878521065,0.011518803883329822,-0.02700605055134542,0.0007234280740472052,88.0,0.0,5.0,0.0,0.0568181818181818,0.0
B_shared,l28_last,length_shift,train,all,3.6113639323616535,0.010815532795712852,0.0763888888888889,0.016742449237834994,0.40623933429157083,0.011744681565414753,-0.02077573791737995,0.0005200743862864754,88.0,0.0,5.0,0.0,0.0568181818181818,0.0
B_shared,l28_last,source_token_ridge,dev,seen,2.823937070729752,0.07451200278585958,0.8159722222222222,0.02168402082777225,0.9016203703703703,0.01279707429831944,0.01516928187731516,0.0010406993108931454,34.0,0.0,3.0,0.0,0.08823529411764706,0.0
B_shared,l28_last,source_token_ridge,iid,seen,2.8920734584970966,0.043034093845902,0.7395833333333334,0.03125,0.8529017857142858,0.020296428633496743,0.012268297125311302,0.0013090977312103969,34.0,0.0,3.0,0.0,0.08823529411764706,0.0
B_shared,l28_last,source_token_ridge,joint,seen,3.7517204688420898,0.04415052215371404,0.22916666666666666,0.023867581744561668,0.47677984364867587,0.01664620466354863,-0.010087451522609278,0.000629186055107661,44.0,0.0,3.0,0.0,0.06818181818181818,0.0
B_shared,l28_last,source_token_ridge,template,seen,4.076425236564053,0.06971214698961188,0.22395833333333334,0.004510548978043952,0.45329390528300895,0.006186898856947717,-0.010952824348746554,0.0009752990452078613,44.0,0.0,3.0,0.0,0.06818181818181815,0.0
B_shared,l28_last,source_token_ridge,topic,seen,3.129412664482443,0.014760620604781177,0.4288194444444445,0.006014065304058613,0.6091866184401035,0.005299998258143306,-0.003364107271594925,0.0007573946547405785,64.0,0.0,3.0,0.0,0.046875,0.0
B_shared,l28_last,source_token_ridge,train,seen,2.4820055918004047,0.03860862975720959,0.7256944444444443,0.030518048318137043,0.8368961502425044,0.019248363865194962,0.01912656417560822,0.0008380299066085324,64.0,0.0,3.0,0.0,0.046875,0.0
B_shared,l28_last,source_token_ridge,dev,unseen,2.8254354559200556,0.05573754251786096,0.6319444444444444,0.03182344232608222,0.7723409692159692,0.0207748643790568,0.004787595344852,0.001428448035667861,28.0,0.0,2.0,0.0,0.07142857142857141,0.0
B_shared,l28_last,source_token_ridge,iid,unseen,2.7733034512165644,0.002951157158877152,0.6840277777777778,0.026214702900245676,0.8071841931216932,0.016014727601643637,0.006211205036094931,0.0009015354947238565,28.0,0.0,2.0,0.0,0.07142857142857141,0.0
B_shared,l28_last,source_token_ridge,joint,unseen,3.513847213577955,0.0074802647887378055,0.125,0.015625,0.33312450309838076,0.013114868734943977,-0.020242019505363824,0.0007876144598548886,36.0,0.0,2.0,0.0,0.05555555555555556,8.498374721940739e-18
B_shared,l28_last,source_token_ridge,template,unseen,3.424286283618395,0.027237360933884243,0.15364583333333334,0.004510548978043952,0.3862651093119844,0.006018878592669095,-0.015417377056148951,0.000768035035902719,36.0,0.0,2.0,0.0,0.05555555555555557,0.0
B_shared,l28_last,source_token_ridge,topic,unseen,3.0064340275435426,0.023555934736966534,0.28298611111111116,0.02672709083045251,0.4986936913083708,0.01907117255208277,-0.01017661309354099,0.0010396120538210337,52.0,0.0,2.0,0.0,0.03846153846153846,0.0
B_shared,l28_last,source_token_ridge,train,unseen,2.4328332934786308,0.027244527777526645,0.609375,0.023867581744561665,0.7573707027722927,0.011536174004270875,0.011217427249543848,0.0010292363883252973,52.0,0.0,2.0,0.0,0.03846153846153846,0.0
B_shared,l28_last,source_token_ridge,dev,all,2.8245364248058737,0.06690303577176884,0.8298611111111112,0.015911721163041116,0.9085648148148149,0.009035008678238449,0.01579590963907886,0.001027707475706152,46.0,0.0,5.0,0.0,0.10869565217391307,0.0
B_shared,l28_last,source_token_ridge,iid,all,2.8445654555848834,0.025432451408690927,0.8125,0.02755990949025616,0.8964533730158729,0.01674244923783492,0.014148739128602516,0.0011689286248130596,46.0,0.0,5.0,0.0,0.10869565217391307,0.0
B_shared,l28_last,source_token_ridge,joint,all,3.656571166736436,0.029470631593299,0.21875,0.015625,0.4724737957669343,0.012398147873391668,-0.008963589334477898,0.00071572557074016,60.0,0.0,5.0,0.0,0.08333333333333333,0.0
B_shared,l28_last,source_token_ridge,template,all,3.81556965538579,0.052437029682821684,0.2552083333333333,0.011933790872280832,0.48561883512746995,0.007302269325836745,-0.007592952374992139,0.0008606806278453724,60.0,0.0,5.0,0.0,0.08333333333333331,0.0
B_shared,l28_last,source_token_ridge,topic,all,3.080221209706883,0.01633279517389929,0.46527777777777773,0.016742449237834998,0.6393865068019738,0.01024113372420989,-0.0014807489885539761,0.0006166586072932007,88.0,0.0,5.0,0.0,0.0568181818181818,0.0
B_shared,l28_last,source_token_ridge,train,all,2.462336672471695,0.030228582997815195,0.7447916666666666,0.028998772723073007,0.8513544422398588,0.019897398912441938,0.019942525194202917,0.0008345748392755124,88.0,0.0,5.0,0.0,0.0568181818181818,0.0
B_shared,l28_last,shuffled,dev,seen,3.1312791612692386,0.07888248510775522,0.548611111111111,0.012028130608117226,0.7407159391534393,0.008022827923368453,0.0038586959524172866,0.0009082803176939913,34.0,0.0,3.0,0.0,0.08823529411764706,0.0
B_shared,l28_last,shuffled,iid,seen,3.1476253789855098,0.0719769978875402,0.46527777777777785,0.01591172116304111,0.6839148313106646,0.011733065407738288,0.0015155460354393379,0.0007642480859217218,34.0,0.0,3.0,0.0,0.08823529411764706,0.0
B_shared,l28_last,shuffled,joint,seen,3.515191627566517,0.030306827172209196,0.16666666666666666,0.009021097956087902,0.4065310846560846,0.010037958621110045,-0.007608281569629825,0.000284468853011779,44.0,0.0,3.0,0.0,0.06818181818181818,0.0
B_shared,l28_last,shuffled,template,seen,3.646313132790759,0.021364134481127808,0.2109375,0.020669932117692115,0.43456740608775973,0.015167820887374396,-0.007850677270079112,0.00046352428902302675,44.0,0.0,3.0,0.0,0.06818181818181815,0.0
B_shared,l28_last,shuffled,topic,seen,3.1248502678395553,0.08015358078528227,0.375,0.018042195912175804,0.5644800901652746,0.018513653279182404,0.0010373710581824524,0.0009428238566224729,64.0,0.0,3.0,0.0,0.046875,0.0
B_shared,l28_last,shuffled,train,seen,3.097231731500987,0.08191255300767934,0.37152777777777785,0.02868526326711512,0.6001426659476597,0.02045641996209854,0.00403956060855247,0.0010329853662784981,64.0,0.0,3.0,0.0,0.046875,0.0
B_shared,l28_last,shuffled,dev,unseen,2.9940038746686324,0.12893773822968044,0.42361111111111116,0.021684020827772224,0.6409265406661241,0.010417485222058471,-0.003233809057355253,0.0011771247451284085,28.0,0.0,2.0,0.0,0.07142857142857141,0.0
B_shared,l28_last,shuffled,iid,unseen,2.8716076012294303,0.11685089284993189,0.4895833333333333,0.018042195912175804,0.7007593294051627,0.016498691506781904,-0.001072347974969658,0.0010052574225320736,28.0,0.0,2.0,0.0,0.07142857142857141,0.0
B_shared,l28_last,shuffled,joint,unseen,3.3109396188888067,0.1514558679549181,0.15104166666666666,0.023867581744561668,0.3508135672198172,0.01917282212885951,-0.013834360667575122,0.001982642204514255,36.0,0.0,2.0,0.0,0.05555555555555556,8.498374721940739e-18
B_shared,l28_last,shuffled,template,unseen,3.202399967396255,0.1461501453638991,0.15625,0.015625,0.36521743203879664,0.021040538654285137,-0.012525214305237661,0.0017022725549046555,36.0,0.0,2.0,0.0,0.05555555555555557,0.0
B_shared,l28_last,shuffled,topic,unseen,2.85650313258181,0.12883273154890093,0.2864583333333333,0.027063293868263706,0.49962961657644717,0.02720441085623424,-0.0016890064606115529,0.001645143309767408,52.0,0.0,2.0,0.0,0.03846153846153846,0.0
B_shared,l28_last,shuffled,train,unseen,2.9036690241574505,0.1293075179812783,0.27777777777777773,0.033484898475669975,0.519241809955658,0.028599678667539864,-0.0010278533162364847,0.0013314142521216087,52.0,0.0,2.0,0.0,0.03846153846153846,0.0
B_shared,l28_last,shuffled,dev,all,3.076369046628997,0.09841387156840638,0.5763888888888888,0.024056261216234387,0.756699309563893,0.014645291536887543,0.004885658346691821,0.000798269485020282,46.0,0.0,5.0,0.0,0.10869565217391307,0.0
B_shared,l28_last,shuffled,iid,all,3.037218267883078,0.089818073866902,0.5694444444444445,0.033484898475669995,0.7537847858160358,0.022132896188384793,0.004116340212217312,0.0008114946481748469,46.0,0.0,5.0,0.0,0.10869565217391307,0.0
B_shared,l28_last,shuffled,joint,all,3.433490824095433,0.06419376780298877,0.18229166666666666,0.009021097956087902,0.4149168033933659,0.004639878294999359,-0.006856548348348523,0.0005509107633607285,60.0,0.0,5.0,0.0,0.08333333333333333,0.0
B_shared,l28_last,shuffled,template,all,3.4687478666329574,0.06988124300238997,0.25,0.013531646934131853,0.4699289448672672,0.016420433368933073,-0.005231147624839031,0.000667744141263036,60.0,0.0,5.0,0.0,0.08333333333333331,0.0
B_shared,l28_last,shuffled,topic,all,3.017511413736457,0.09916551998687824,0.40798611111111116,0.007955860581520558,0.5953343725538586,0.012662960072618969,0.0036852776674912604,0.001101825922877054,88.0,0.0,5.0,0.0,0.0568181818181818,0.0
B_shared,l28_last,shuffled,train,all,3.019806648563573,0.10080397372779992,0.40972222222222227,0.03658213108629424,0.6274408692362341,0.02678073598839588,0.0057065979093561085,0.0011520522216719865,88.0,0.0,5.0,0.0,0.0568181818181818,0.0
B_shared,l28_last,random_subspace,dev,seen,3.856869403449726,0.002360058821527588,0.010416666666666666,0.0,0.4592592592592592,0.0030485109238578287,-0.024836759787800918,0.0004571242585590687,34.0,0.0,3.0,0.0,0.08823529411764706,0.0
B_shared,l28_last,random_subspace,iid,seen,3.843133348030817,0.00398798788334371,0.03819444444444444,0.0060140653040586,0.4377822505426672,0.00616462429728895,-0.02706556489773163,0.0005238581898630488,34.0,0.0,3.0,0.0,0.08823529411764706,0.0
B_shared,l28_last,random_subspace,joint,seen,4.545446722507226,0.026422341068318343,0.03125,0.0,0.2412363074727205,0.00252483239729667,-0.03442915153909129,0.00020609642405303692,44.0,0.0,3.0,0.0,0.06818181818181818,0.0
B_shared,l28_last,random_subspace,template,seen,4.701216365841835,0.04921025031220769,0.09635416666666667,0.004510548978043951,0.3076110780729347,0.002543601119533494,-0.03661786046895792,0.00038684503843301006,44.0,0.0,3.0,0.0,0.06818181818181815,0.0
B_shared,l28_last,random_subspace,topic,seen,3.9040055029618004,0.018111687331711188,0.03125,0.010416666666666666,0.32304660914935157,0.010798320739001742,-0.02907627033131802,0.0006948034247765713,64.0,0.0,3.0,0.0,0.046875,0.0
B_shared,l28_last,random_subspace,train,seen,3.7436889663799753,0.0019254620387653897,0.060763888888888895,0.01084201041388611,0.38679207957400896,0.008785423880644683,-0.02457989980757243,0.0005018182645169348,64.0,0.0,3.0,0.0,0.046875,0.0
B_shared,l28_last,random_subspace,dev,unseen,3.637244441605904,0.025540792806466536,0.0,0.0,0.39942129629629625,0.0026657476285574847,-0.03430873151309096,0.0006472732289905867,28.0,0.0,2.0,0.0,0.07142857142857141,0.0
B_shared,l28_last,random_subspace,iid,unseen,3.5107960514829544,0.027652307395101303,0.003472222222222222,0.006014065304058602,0.4184441137566137,0.006916175099667448,-0.031766008213046724,0.0006777938779664627,28.0,0.0,2.0,0.0,0.07142857142857141,0.0
B_shared,l28_last,random_subspace,joint,unseen,4.321291163517461,0.04089824720173325,0.0,0.0,0.1832056419717265,0.0015200392769237439,-0.04562403426268935,0.0009115639288937666,36.0,0.0,2.0,0.0,0.05555555555555556,8.498374721940739e-18
B_shared,l28_last,random_subspace,template,unseen,4.205841339300902,0.014017091609457353,0.005208333333333333,0.004510548978043952,0.19604192274229038,0.008382936779063738,-0.04416924163770247,0.00037078358411498654,36.0,0.0,2.0,0.0,0.05555555555555557,0.0
B_shared,l28_last,random_subspace,topic,unseen,3.697864245595271,0.048135160979063805,0.005208333333333333,0.0,0.26235456996788215,0.002715508699227973,-0.036264606979306786,0.000966537003773892,52.0,0.0,2.0,0.0,0.03846153846153846,0.0
B_shared,l28_last,random_subspace,train,unseen,3.4480216395454693,0.024507891089972225,0.006944444444444444,0.003007032652029301,0.3172263559562586,0.0038813742776743912,-0.030877844506224716,0.0006655138093984457,52.0,0.0,2.0,0.0,0.03846153846153846,0.0
B_shared,l28_last,random_subspace,dev,all,3.769019418712197,0.008804011827931932,0.010416666666666666,0.0,0.46759259259259256,0.0027904082063058594,-0.02314480692130268,0.00046118378755924795,46.0,0.0,5.0,0.0,0.10869565217391307,0.0
B_shared,l28_last,random_subspace,iid,all,3.710198429411672,0.011644798619106292,0.041666666666666664,0.010416666666666668,0.4616898148148148,0.008695011111873107,-0.024143769876771123,0.0004984727400633491,46.0,0.0,5.0,0.0,0.10869565217391307,0.0
B_shared,l28_last,random_subspace,joint,all,4.455784498911321,0.0039936186193987675,0.03125,0.0,0.24831667175417171,0.002234435252720068,-0.03178795485864339,0.00032067381142045735,60.0,0.0,5.0,0.0,0.08333333333333333,0.0
B_shared,l28_last,random_subspace,template,all,4.503066355225463,0.02545357572193543,0.09635416666666667,0.004510548978043951,0.316564605397326,0.0023891710074837725,-0.03263121445607434,0.0001806094904705112,60.0,0.0,5.0,0.0,0.08333333333333331,0.0
B_shared,l28_last,random_subspace,topic,all,3.821549000015189,0.030090880489078483,0.03125,0.010416666666666666,0.3309115376362453,0.01099099032096791,-0.026653678292323475,0.0007351639358944387,88.0,0.0,5.0,0.0,0.0568181818181818,0.0
B_shared,l28_last,random_subspace,train,all,3.6254220356461726,0.008734435215057278,0.06770833333333333,0.013779954745128074,0.40135980435459606,0.009660423513433377,-0.022302569370134886,0.00045598742579086457,88.0,0.0,5.0,0.0,0.0568181818181818,0.0
B_shared,l28_last,surface_selected,dev,seen,2.823937070729752,0.07451200278585958,0.8159722222222222,0.02168402082777225,0.9016203703703703,0.01279707429831944,0.01516928187731516,0.0010406993108931454,34.0,0.0,3.0,0.0,0.08823529411764706,0.0
B_shared,l28_last,surface_selected,iid,seen,2.8920734584970966,0.043034093845902,0.7395833333333334,0.03125,0.8529017857142858,0.020296428633496743,0.012268297125311302,0.0013090977312103969,34.0,0.0,3.0,0.0,0.08823529411764706,0.0
B_shared,l28_last,surface_selected,joint,seen,3.7517204688420898,0.04415052215371404,0.22916666666666666,0.023867581744561668,0.47677984364867587,0.01664620466354863,-0.010087451522609278,0.000629186055107661,44.0,0.0,3.0,0.0,0.06818181818181818,0.0
B_shared,l28_last,surface_selected,template,seen,4.076425236564053,0.06971214698961188,0.22395833333333334,0.004510548978043952,0.45329390528300895,0.006186898856947717,-0.010952824348746554,0.0009752990452078613,44.0,0.0,3.0,0.0,0.06818181818181815,0.0
B_shared,l28_last,surface_selected,topic,seen,3.129412664482443,0.014760620604781177,0.4288194444444445,0.006014065304058613,0.6091866184401035,0.005299998258143306,-0.003364107271594925,0.0007573946547405785,64.0,0.0,3.0,0.0,0.046875,0.0
B_shared,l28_last,surface_selected,train,seen,2.4820055918004047,0.03860862975720959,0.7256944444444443,0.030518048318137043,0.8368961502425044,0.019248363865194962,0.01912656417560822,0.0008380299066085324,64.0,0.0,3.0,0.0,0.046875,0.0
B_shared,l28_last,surface_selected,dev,unseen,2.8254354559200556,0.05573754251786096,0.6319444444444444,0.03182344232608222,0.7723409692159692,0.0207748643790568,0.004787595344852,0.001428448035667861,28.0,0.0,2.0,0.0,0.07142857142857141,0.0
B_shared,l28_last,surface_selected,iid,unseen,2.7733034512165644,0.002951157158877152,0.6840277777777778,0.026214702900245676,0.8071841931216932,0.016014727601643637,0.006211205036094931,0.0009015354947238565,28.0,0.0,2.0,0.0,0.07142857142857141,0.0
B_shared,l28_last,surface_selected,joint,unseen,3.513847213577955,0.0074802647887378055,0.125,0.015625,0.33312450309838076,0.013114868734943977,-0.020242019505363824,0.0007876144598548886,36.0,0.0,2.0,0.0,0.05555555555555556,8.498374721940739e-18
B_shared,l28_last,surface_selected,template,unseen,3.424286283618395,0.027237360933884243,0.15364583333333334,0.004510548978043952,0.3862651093119844,0.006018878592669095,-0.015417377056148951,0.000768035035902719,36.0,0.0,2.0,0.0,0.05555555555555557,0.0
B_shared,l28_last,surface_selected,topic,unseen,3.0064340275435426,0.023555934736966534,0.28298611111111116,0.02672709083045251,0.4986936913083708,0.01907117255208277,-0.01017661309354099,0.0010396120538210337,52.0,0.0,2.0,0.0,0.03846153846153846,0.0
B_shared,l28_last,surface_selected,train,unseen,2.4328332934786308,0.027244527777526645,0.609375,0.023867581744561665,0.7573707027722927,0.011536174004270875,0.011217427249543848,0.0010292363883252973,52.0,0.0,2.0,0.0,0.03846153846153846,0.0
B_shared,l28_last,surface_selected,dev,all,2.8245364248058737,0.06690303577176884,0.8298611111111112,0.015911721163041116,0.9085648148148149,0.009035008678238449,0.01579590963907886,0.001027707475706152,46.0,0.0,5.0,0.0,0.10869565217391307,0.0
B_shared,l28_last,surface_selected,iid,all,2.8445654555848834,0.025432451408690927,0.8125,0.02755990949025616,0.8964533730158729,0.01674244923783492,0.014148739128602516,0.0011689286248130596,46.0,0.0,5.0,0.0,0.10869565217391307,0.0
B_shared,l28_last,surface_selected,joint,all,3.656571166736436,0.029470631593299,0.21875,0.015625,0.4724737957669343,0.012398147873391668,-0.008963589334477898,0.00071572557074016,60.0,0.0,5.0,0.0,0.08333333333333333,0.0
B_shared,l28_last,surface_selected,template,all,3.81556965538579,0.052437029682821684,0.2552083333333333,0.011933790872280832,0.48561883512746995,0.007302269325836745,-0.007592952374992139,0.0008606806278453724,60.0,0.0,5.0,0.0,0.08333333333333331,0.0
B_shared,l28_last,surface_selected,topic,all,3.080221209706883,0.01633279517389929,0.46527777777777773,0.016742449237834998,0.6393865068019738,0.01024113372420989,-0.0014807489885539761,0.0006166586072932007,88.0,0.0,5.0,0.0,0.0568181818181818,0.0
B_shared,l28_last,surface_selected,train,all,2.462336672471695,0.030228582997815195,0.7447916666666666,0.028998772723073007,0.8513544422398588,0.019897398912441938,0.019942525194202917,0.0008345748392755124,88.0,0.0,5.0,0.0,0.0568181818181818,0.0
B_conditional_f0,l28_last,identity,dev,specified_f0,3.8653506444503685,0.0,nan,nan,nan,nan,nan,nan,0.0,0.0,0.0,0.0,nan,nan
B_conditional_f0,l28_last,identity,iid,specified_f0,3.9969966108608532,0.0,nan,nan,nan,nan,nan,nan,0.0,0.0,0.0,0.0,nan,nan
B_conditional_f0,l28_last,identity,joint,specified_f0,3.6319399202569946,5.438959822042073e-16,nan,nan,nan,nan,nan,nan,0.0,0.0,0.0,0.0,nan,nan
B_conditional_f0,l28_last,identity,template,specified_f0,3.58547216649668,5.438959822042073e-16,nan,nan,nan,nan,nan,nan,0.0,0.0,0.0,0.0,nan,nan
B_conditional_f0,l28_last,identity,topic,specified_f0,4.126772402820603,0.0,nan,nan,nan,nan,nan,nan,0.0,0.0,0.0,0.0,nan,nan
B_conditional_f0,l28_last,identity,train,specified_f0,3.8073009028119316,0.0,nan,nan,nan,nan,nan,nan,0.0,0.0,0.0,0.0,nan,nan
B_conditional_f0,l28_last,shift,dev,specified_f0,2.583806747502189,0.0024084503016027227,nan,nan,nan,nan,nan,nan,0.0,0.0,0.0,0.0,nan,nan
B_conditional_f0,l28_last,shift,iid,specified_f0,2.634081798431806,0.006515090660265657,nan,nan,nan,nan,nan,nan,0.0,0.0,0.0,0.0,nan,nan
B_conditional_f0,l28_last,shift,joint,specified_f0,3.13661450174088,0.03252296487502563,nan,nan,nan,nan,nan,nan,0.0,0.0,0.0,0.0,nan,nan
B_conditional_f0,l28_last,shift,template,specified_f0,3.382152665170093,0.05558159756669807,nan,nan,nan,nan,nan,nan,0.0,0.0,0.0,0.0,nan,nan
B_conditional_f0,l28_last,shift,topic,specified_f0,2.65608963116636,0.01654391839460789,nan,nan,nan,nan,nan,nan,0.0,0.0,0.0,0.0,nan,nan
B_conditional_f0,l28_last,shift,train,specified_f0,2.5143269213747175,0.000623399498433313,nan,nan,nan,nan,nan,nan,0.0,0.0,0.0,0.0,nan,nan
B_conditional_f0,l28_last,rank1,dev,specified_f0,1.92446840232733,0.00970225526959765,nan,nan,nan,nan,nan,nan,0.0,0.0,0.0,0.0,nan,nan
B_conditional_f0,l28_last,rank1,iid,specified_f0,1.9292281566927552,0.008077968820473779,nan,nan,nan,nan,nan,nan,0.0,0.0,0.0,0.0,nan,nan
B_conditional_f0,l28_last,rank1,joint,specified_f0,2.632899956003469,0.06778600372419352,nan,nan,nan,nan,nan,nan,0.0,0.0,0.0,0.0,nan,nan
B_conditional_f0,l28_last,rank1,template,specified_f0,2.681429545294179,0.004747314228754804,nan,nan,nan,nan,nan,nan,0.0,0.0,0.0,0.0,nan,nan
B_conditional_f0,l28_last,rank1,topic,specified_f0,1.9713385390822673,0.011823579586487018,nan,nan,nan,nan,nan,nan,0.0,0.0,0.0,0.0,nan,nan
B_conditional_f0,l28_last,rank1,train,specified_f0,1.8427772024788551,0.00623518865698869,nan,nan,nan,nan,nan,nan,0.0,0.0,0.0,0.0,nan,nan
B_conditional_f0,l28_last,lowrank,dev,specified_f0,0.9810570805583295,0.017869798954780178,nan,nan,nan,nan,nan,nan,0.0,0.0,0.0,0.0,nan,nan
B_conditional_f0,l28_last,lowrank,iid,specified_f0,1.0005382917982562,0.0331372376744813,nan,nan,nan,nan,nan,nan,0.0,0.0,0.0,0.0,nan,nan
B_conditional_f0,l28_last,lowrank,joint,specified_f0,2.5058979551066174,0.14878461583405808,nan,nan,nan,nan,nan,nan,0.0,0.0,0.0,0.0,nan,nan
B_conditional_f0,l28_last,lowrank,template,specified_f0,2.402682062313549,0.020658264698742938,nan,nan,nan,nan,nan,nan,0.0,0.0,0.0,0.0,nan,nan
B_conditional_f0,l28_last,lowrank,topic,specified_f0,1.4729579538330537,0.04133462808422566,nan,nan,nan,nan,nan,nan,0.0,0.0,0.0,0.0,nan,nan
B_conditional_f0,l28_last,lowrank,train,specified_f0,0.5907862832015659,0.02901598036594029,nan,nan,nan,nan,nan,nan,0.0,0.0,0.0,0.0,nan,nan
B_conditional_f0,l28_last,full_delta,dev,specified_f0,0.8585861324369567,0.020540505445150386,nan,nan,nan,nan,nan,nan,0.0,0.0,0.0,0.0,nan,nan
B_conditional_f0,l28_last,full_delta,iid,specified_f0,0.8818049374843543,0.033809965247742386,nan,nan,nan,nan,nan,nan,0.0,0.0,0.0,0.0,nan,nan
B_conditional_f0,l28_last,full_delta,joint,specified_f0,2.5431659376264357,0.2005518177220333,nan,nan,nan,nan,nan,nan,0.0,0.0,0.0,0.0,nan,nan
B_conditional_f0,l28_last,full_delta,template,specified_f0,2.401785557433692,0.0530257327538845,nan,nan,nan,nan,nan,nan,0.0,0.0,0.0,0.0,nan,nan
B_conditional_f0,l28_last,full_delta,topic,specified_f0,1.4340308390496699,0.04303430268257621,nan,nan,nan,nan,nan,nan,0.0,0.0,0.0,0.0,nan,nan
B_conditional_f0,l28_last,full_delta,train,specified_f0,0.40203765026852656,0.04667017112053919,nan,nan,nan,nan,nan,nan,0.0,0.0,0.0,0.0,nan,nan
B_conditional_f0,l28_last,full_affine,dev,specified_f0,0.7709064420529809,0.011607908701901645,nan,nan,nan,nan,nan,nan,0.0,0.0,0.0,0.0,nan,nan
B_conditional_f0,l28_last,full_affine,iid,specified_f0,0.8027384878498608,0.03105059760408608,nan,nan,nan,nan,nan,nan,0.0,0.0,0.0,0.0,nan,nan
B_conditional_f0,l28_last,full_affine,joint,specified_f0,2.698010166484707,0.1919131291417963,nan,nan,nan,nan,nan,nan,0.0,0.0,0.0,0.0,nan,nan
B_conditional_f0,l28_last,full_affine,template,specified_f0,2.4382270200335943,0.08150559250037574,nan,nan,nan,nan,nan,nan,0.0,0.0,0.0,0.0,nan,nan
B_conditional_f0,l28_last,full_affine,topic,specified_f0,1.5607406138593867,0.018204843727537917,nan,nan,nan,nan,nan,nan,0.0,0.0,0.0,0.0,nan,nan
B_conditional_f0,l28_last,full_affine,train,specified_f0,0.36622927854308385,0.03691052949015181,nan,nan,nan,nan,nan,nan,0.0,0.0,0.0,0.0,nan,nan
B_conditional_f0,l28_last,length_shift,dev,specified_f0,2.595202684802788,0.016946797928741916,nan,nan,nan,nan,nan,nan,0.0,0.0,0.0,0.0,nan,nan
B_conditional_f0,l28_last,length_shift,iid,specified_f0,2.6484136623844194,0.012877779652596469,nan,nan,nan,nan,nan,nan,0.0,0.0,0.0,0.0,nan,nan
B_conditional_f0,l28_last,length_shift,joint,specified_f0,3.205118377301846,0.03502575385602075,nan,nan,nan,nan,nan,nan,0.0,0.0,0.0,0.0,nan,nan
B_conditional_f0,l28_last,length_shift,template,specified_f0,3.427898685209175,0.060690010205922316,nan,nan,nan,nan,nan,nan,0.0,0.0,0.0,0.0,nan,nan
B_conditional_f0,l28_last,length_shift,topic,specified_f0,2.6658817894384192,0.017586700989787245,nan,nan,nan,nan,nan,nan,0.0,0.0,0.0,0.0,nan,nan
B_conditional_f0,l28_last,length_shift,train,specified_f0,2.4811697684238303,0.0015848824149093364,nan,nan,nan,nan,nan,nan,0.0,0.0,0.0,0.0,nan,nan
B_conditional_f0,l28_last,source_token_ridge,dev,specified_f0,1.399534021381865,0.010894743617323139,nan,nan,nan,nan,nan,nan,0.0,0.0,0.0,0.0,nan,nan
B_conditional_f0,l28_last,source_token_ridge,iid,specified_f0,1.4491417870693726,0.018934569154009546,nan,nan,nan,nan,nan,nan,0.0,0.0,0.0,0.0,nan,nan
B_conditional_f0,l28_last,source_token_ridge,joint,specified_f0,2.369403213762917,0.05245742721878734,nan,nan,nan,nan,nan,nan,0.0,0.0,0.0,0.0,nan,nan
B_conditional_f0,l28_last,source_token_ridge,template,specified_f0,2.698260024895232,0.05863609319112713,nan,nan,nan,nan,nan,nan,0.0,0.0,0.0,0.0,nan,nan
B_conditional_f0,l28_last,source_token_ridge,topic,specified_f0,1.8554939368342491,0.01760050048658489,nan,nan,nan,nan,nan,nan,0.0,0.0,0.0,0.0,nan,nan
B_conditional_f0,l28_last,source_token_ridge,train,specified_f0,0.9782829027640146,0.03062584253365108,nan,nan,nan,nan,nan,nan,0.0,0.0,0.0,0.0,nan,nan
B_conditional_f0,l28_last,shuffled,dev,specified_f0,2.048075028251016,0.06551378854587155,nan,nan,nan,nan,nan,nan,0.0,0.0,0.0,0.0,nan,nan
B_conditional_f0,l28_last,shuffled,iid,specified_f0,2.0996671389237274,0.05970407169767028,nan,nan,nan,nan,nan,nan,0.0,0.0,0.0,0.0,nan,nan
B_conditional_f0,l28_last,shuffled,joint,specified_f0,2.18382585774232,0.0709957015582685,nan,nan,nan,nan,nan,nan,0.0,0.0,0.0,0.0,nan,nan
B_conditional_f0,l28_last,shuffled,template,specified_f0,2.4873215328406455,0.058296382642054626,nan,nan,nan,nan,nan,nan,0.0,0.0,0.0,0.0,nan,nan
B_conditional_f0,l28_last,shuffled,topic,specified_f0,2.0422055467901576,0.06760002579380174,nan,nan,nan,nan,nan,nan,0.0,0.0,0.0,0.0,nan,nan
B_conditional_f0,l28_last,shuffled,train,specified_f0,2.084748070141492,0.08465553021785843,nan,nan,nan,nan,nan,nan,0.0,0.0,0.0,0.0,nan,nan
B_conditional_f0,l28_last,random_subspace,dev,specified_f0,2.5690870088204543,0.00239479692013381,nan,nan,nan,nan,nan,nan,0.0,0.0,0.0,0.0,nan,nan
B_conditional_f0,l28_last,random_subspace,iid,specified_f0,2.6188374423760634,0.006391623881903592,nan,nan,nan,nan,nan,nan,0.0,0.0,0.0,0.0,nan,nan
B_conditional_f0,l28_last,random_subspace,joint,specified_f0,3.1326941066537444,0.028059953582816384,nan,nan,nan,nan,nan,nan,0.0,0.0,0.0,0.0,nan,nan
B_conditional_f0,l28_last,random_subspace,template,specified_f0,3.373336524671952,0.05418030927784977,nan,nan,nan,nan,nan,nan,0.0,0.0,0.0,0.0,nan,nan
B_conditional_f0,l28_last,random_subspace,topic,specified_f0,2.6465446145520155,0.017125638409250535,nan,nan,nan,nan,nan,nan,0.0,0.0,0.0,0.0,nan,nan
B_conditional_f0,l28_last,random_subspace,train,specified_f0,2.495705895951762,0.0009270041941685876,nan,nan,nan,nan,nan,nan,0.0,0.0,0.0,0.0,nan,nan
B_conditional_f1,l28_last,identity,dev,specified_f1,4.32355028179114,0.0,nan,nan,nan,nan,nan,nan,0.0,0.0,0.0,0.0,nan,nan
B_conditional_f1,l28_last,identity,iid,specified_f1,4.304280586182803,0.0,nan,nan,nan,nan,nan,nan,0.0,0.0,0.0,0.0,nan,nan
B_conditional_f1,l28_last,identity,joint,specified_f1,3.6714340178091605,0.0,nan,nan,nan,nan,nan,nan,0.0,0.0,0.0,0.0,nan,nan
B_conditional_f1,l28_last,identity,template,specified_f1,4.123310454360704,0.0,nan,nan,nan,nan,nan,nan,0.0,0.0,0.0,0.0,nan,nan
B_conditional_f1,l28_last,identity,topic,specified_f1,4.435824908773885,0.0,nan,nan,nan,nan,nan,nan,0.0,0.0,0.0,0.0,nan,nan
B_conditional_f1,l28_last,identity,train,specified_f1,4.111409052989554,0.0,nan,nan,nan,nan,nan,nan,0.0,0.0,0.0,0.0,nan,nan
B_conditional_f1,l28_last,shift,dev,specified_f1,2.7780513161313305,0.006732955911371369,nan,nan,nan,nan,nan,nan,0.0,0.0,0.0,0.0,nan,nan
B_conditional_f1,l28_last,shift,iid,specified_f1,2.7241151130745735,0.0057733889027533425,nan,nan,nan,nan,nan,nan,0.0,0.0,0.0,0.0,nan,nan
B_conditional_f1,l28_last,shift,joint,specified_f1,2.878508103258934,0.005210612427917791,nan,nan,nan,nan,nan,nan,0.0,0.0,0.0,0.0,nan,nan
B_conditional_f1,l28_last,shift,template,specified_f1,3.331849577160533,0.05640572216319635,nan,nan,nan,nan,nan,nan,0.0,0.0,0.0,0.0,nan,nan
B_conditional_f1,l28_last,shift,topic,specified_f1,2.7993959861475113,0.0355808717334037,nan,nan,nan,nan,nan,nan,0.0,0.0,0.0,0.0,nan,nan
B_conditional_f1,l28_last,shift,train,specified_f1,2.5800247922034365,0.007853714858271665,nan,nan,nan,nan,nan,nan,0.0,0.0,0.0,0.0,nan,nan
B_conditional_f1,l28_last,rank1,dev,specified_f1,2.053718381434534,0.017098422439981813,nan,nan,nan,nan,nan,nan,0.0,0.0,0.0,0.0,nan,nan
B_conditional_f1,l28_last,rank1,iid,specified_f1,2.0032426101351355,0.01276606881314982,nan,nan,nan,nan,nan,nan,0.0,0.0,0.0,0.0,nan,nan
B_conditional_f1,l28_last,rank1,joint,specified_f1,2.1358777324815166,0.06917439633525335,nan,nan,nan,nan,nan,nan,0.0,0.0,0.0,0.0,nan,nan
B_conditional_f1,l28_last,rank1,template,specified_f1,2.434543444243028,0.011386330532941663,nan,nan,nan,nan,nan,nan,0.0,0.0,0.0,0.0,nan,nan
B_conditional_f1,l28_last,rank1,topic,specified_f1,2.1076449818015415,0.020438051738634364,nan,nan,nan,nan,nan,nan,0.0,0.0,0.0,0.0,nan,nan
B_conditional_f1,l28_last,rank1,train,specified_f1,1.8839487472812404,0.008509027576726192,nan,nan,nan,nan,nan,nan,0.0,0.0,0.0,0.0,nan,nan
B_conditional_f1,l28_last,lowrank,dev,specified_f1,0.8670971495348696,0.04522328778284145,nan,nan,nan,nan,nan,nan,0.0,0.0,0.0,0.0,nan,nan
B_conditional_f1,l28_last,lowrank,iid,specified_f1,0.8696778303603065,0.017474030912743577,nan,nan,nan,nan,nan,nan,0.0,0.0,0.0,0.0,nan,nan
B_conditional_f1,l28_last,lowrank,joint,specified_f1,1.840081054107528,0.03814827848728348,nan,nan,nan,nan,nan,nan,0.0,0.0,0.0,0.0,nan,nan
B_conditional_f1,l28_last,lowrank,template,specified_f1,1.9769023437729671,0.0670277373109484,nan,nan,nan,nan,nan,nan,0.0,0.0,0.0,0.0,nan,nan
B_conditional_f1,l28_last,lowrank,topic,specified_f1,1.4205054837416702,0.05134393074807226,nan,nan,nan,nan,nan,nan,0.0,0.0,0.0,0.0,nan,nan
B_conditional_f1,l28_last,lowrank,train,specified_f1,0.5129683086222724,0.010677695053152999,nan,nan,nan,nan,nan,nan,0.0,0.0,0.0,0.0,nan,nan
B_conditional_f1,l28_last,full_delta,dev,specified_f1,0.7159135702396894,0.05003887399320994,nan,nan,nan,nan,nan,nan,0.0,0.0,0.0,0.0,nan,nan
B_conditional_f1,l28_last,full_delta,iid,specified_f1,0.7205527749862922,0.013613713532796438,nan,nan,nan,nan,nan,nan,0.0,0.0,0.0,0.0,nan,nan
B_conditional_f1,l28_last,full_delta,joint,specified_f1,1.9158724514877694,0.0032941984643391816,nan,nan,nan,nan,nan,nan,0.0,0.0,0.0,0.0,nan,nan
B_conditional_f1,l28_last,full_delta,template,specified_f1,1.998317077848732,0.055316462506904966,nan,nan,nan,nan,nan,nan,0.0,0.0,0.0,0.0,nan,nan
B_conditional_f1,l28_last,full_delta,topic,specified_f1,1.43311670759123,0.033411355711034575,nan,nan,nan,nan,nan,nan,0.0,0.0,0.0,0.0,nan,nan
B_conditional_f1,l28_last,full_delta,train,specified_f1,0.29024406364093774,0.027060648796597135,nan,nan,nan,nan,nan,nan,0.0,0.0,0.0,0.0,nan,nan
B_conditional_f1,l28_last,full_affine,dev,specified_f1,0.6012012645684632,0.03741071305551058,nan,nan,nan,nan,nan,nan,0.0,0.0,0.0,0.0,nan,nan
B_conditional_f1,l28_last,full_affine,iid,specified_f1,0.6113087784283925,0.008622132388365143,nan,nan,nan,nan,nan,nan,0.0,0.0,0.0,0.0,nan,nan
B_conditional_f1,l28_last,full_affine,joint,specified_f1,1.9649151023448905,0.008774163084135412,nan,nan,nan,nan,nan,nan,0.0,0.0,0.0,0.0,nan,nan
B_conditional_f1,l28_last,full_affine,template,specified_f1,1.904885084201968,0.05183047115804821,nan,nan,nan,nan,nan,nan,0.0,0.0,0.0,0.0,nan,nan
B_conditional_f1,l28_last,full_affine,topic,specified_f1,1.4868519749406293,0.03480245661799186,nan,nan,nan,nan,nan,nan,0.0,0.0,0.0,0.0,nan,nan
B_conditional_f1,l28_last,full_affine,train,specified_f1,0.2617381912121324,0.024245641911009756,nan,nan,nan,nan,nan,nan,0.0,0.0,0.0,0.0,nan,nan
B_conditional_f1,l28_last,length_shift,dev,specified_f1,2.767973181261326,0.020852992840461704,nan,nan,nan,nan,nan,nan,0.0,0.0,0.0,0.0,nan,nan
B_conditional_f1,l28_last,length_shift,iid,specified_f1,2.732418482027216,0.013110018107910007,nan,nan,nan,nan,nan,nan,0.0,0.0,0.0,0.0,nan,nan
B_conditional_f1,l28_last,length_shift,joint,specified_f1,2.9490497900037678,0.03335905352811116,nan,nan,nan,nan,nan,nan,0.0,0.0,0.0,0.0,nan,nan
B_conditional_f1,l28_last,length_shift,template,specified_f1,3.3869239411535204,0.027641726111234177,nan,nan,nan,nan,nan,nan,0.0,0.0,0.0,0.0,nan,nan
B_conditional_f1,l28_last,length_shift,topic,specified_f1,2.819517319379773,0.01805819946232154,nan,nan,nan,nan,nan,nan,0.0,0.0,0.0,0.0,nan,nan
B_conditional_f1,l28_last,length_shift,train,specified_f1,2.5477018279254646,0.012288558562273942,nan,nan,nan,nan,nan,nan,0.0,0.0,0.0,0.0,nan,nan
B_conditional_f1,l28_last,source_token_ridge,dev,specified_f1,1.3870327143478889,0.0785364109925893,nan,nan,nan,nan,nan,nan,0.0,0.0,0.0,0.0,nan,nan
B_conditional_f1,l28_last,source_token_ridge,iid,specified_f1,1.4165957706651806,0.05294105793323231,nan,nan,nan,nan,nan,nan,0.0,0.0,0.0,0.0,nan,nan
B_conditional_f1,l28_last,source_token_ridge,joint,specified_f1,2.1202468966012535,0.021939453981808053,nan,nan,nan,nan,nan,nan,0.0,0.0,0.0,0.0,nan,nan
B_conditional_f1,l28_last,source_token_ridge,template,specified_f1,2.620210145775648,0.06485385088868824,nan,nan,nan,nan,nan,nan,0.0,0.0,0.0,0.0,nan,nan
B_conditional_f1,l28_last,source_token_ridge,topic,specified_f1,1.9543088262257173,0.02152001177731682,nan,nan,nan,nan,nan,nan,0.0,0.0,0.0,0.0,nan,nan
B_conditional_f1,l28_last,source_token_ridge,train,specified_f1,0.958068418942213,0.04847611849720338,nan,nan,nan,nan,nan,nan,0.0,0.0,0.0,0.0,nan,nan
B_conditional_f1,l28_last,shuffled,dev,specified_f1,2.079137596454027,0.05205766953602371,nan,nan,nan,nan,nan,nan,0.0,0.0,0.0,0.0,nan,nan
B_conditional_f1,l28_last,shuffled,iid,specified_f1,2.0378837702296644,0.04943482226638169,nan,nan,nan,nan,nan,nan,0.0,0.0,0.0,0.0,nan,nan
B_conditional_f1,l28_last,shuffled,joint,specified_f1,1.9491727867458675,0.09029578576221693,nan,nan,nan,nan,nan,nan,0.0,0.0,0.0,0.0,nan,nan
B_conditional_f1,l28_last,shuffled,template,specified_f1,2.2888875590514703,0.05172405124757659,nan,nan,nan,nan,nan,nan,0.0,0.0,0.0,0.0,nan,nan
B_conditional_f1,l28_last,shuffled,topic,specified_f1,2.0340314936416104,0.06255542516054945,nan,nan,nan,nan,nan,nan,0.0,0.0,0.0,0.0,nan,nan
B_conditional_f1,l28_last,shuffled,train,specified_f1,1.9585058792055647,0.06204535526193902,nan,nan,nan,nan,nan,nan,0.0,0.0,0.0,0.0,nan,nan
B_conditional_f1,l28_last,random_subspace,dev,specified_f1,2.760574928575734,0.007655677912970373,nan,nan,nan,nan,nan,nan,0.0,0.0,0.0,0.0,nan,nan
B_conditional_f1,l28_last,random_subspace,iid,specified_f1,2.706805985329257,0.006739364039519367,nan,nan,nan,nan,nan,nan,0.0,0.0,0.0,0.0,nan,nan
B_conditional_f1,l28_last,random_subspace,joint,specified_f1,2.8703030201854483,0.005509361375144166,nan,nan,nan,nan,nan,nan,0.0,0.0,0.0,0.0,nan,nan
B_conditional_f1,l28_last,random_subspace,template,specified_f1,3.318965785504379,0.05576564608948774,nan,nan,nan,nan,nan,nan,0.0,0.0,0.0,0.0,nan,nan
B_conditional_f1,l28_last,random_subspace,topic,specified_f1,2.787268336331932,0.03526693125346037,nan,nan,nan,nan,nan,nan,0.0,0.0,0.0,0.0,nan,nan
B_conditional_f1,l28_last,random_subspace,train,specified_f1,2.5602140284002615,0.009102846604347169,nan,nan,nan,nan,nan,nan,0.0,0.0,0.0,0.0,nan,nan
B_conditional_f2,l28_last,identity,dev,specified_f2,7.464646117988494,0.0,nan,nan,nan,nan,nan,nan,0.0,0.0,0.0,0.0,nan,nan
B_conditional_f2,l28_last,identity,iid,specified_f2,7.319186383481849,0.0,nan,nan,nan,nan,nan,nan,0.0,0.0,0.0,0.0,nan,nan
B_conditional_f2,l28_last,identity,joint,specified_f2,7.9986118017710055,0.0,nan,nan,nan,nan,nan,nan,0.0,0.0,0.0,0.0,nan,nan
B_conditional_f2,l28_last,identity,template,specified_f2,7.998691857263284,1.0877919644084146e-15,nan,nan,nan,nan,nan,nan,0.0,0.0,0.0,0.0,nan,nan
B_conditional_f2,l28_last,identity,topic,specified_f2,7.498333333772147,0.0,nan,nan,nan,nan,nan,nan,0.0,0.0,0.0,0.0,nan,nan
B_conditional_f2,l28_last,identity,train,specified_f2,7.3227693535783045,0.0,nan,nan,nan,nan,nan,nan,0.0,0.0,0.0,0.0,nan,nan
B_conditional_f2,l28_last,shift,dev,specified_f2,2.8812223271893083,0.005322895350572554,nan,nan,nan,nan,nan,nan,0.0,0.0,0.0,0.0,nan,nan
B_conditional_f2,l28_last,shift,iid,specified_f2,2.757055508048822,0.00866684008801418,nan,nan,nan,nan,nan,nan,0.0,0.0,0.0,0.0,nan,nan
B_conditional_f2,l28_last,shift,joint,specified_f2,3.7390720750484125,0.02846940309889372,nan,nan,nan,nan,nan,nan,0.0,0.0,0.0,0.0,nan,nan
B_conditional_f2,l28_last,shift,template,specified_f2,3.66598683662126,0.02993816389963356,nan,nan,nan,nan,nan,nan,0.0,0.0,0.0,0.0,nan,nan
B_conditional_f2,l28_last,shift,topic,specified_f2,2.9462411842084895,0.008166592556807338,nan,nan,nan,nan,nan,nan,0.0,0.0,0.0,0.0,nan,nan
B_conditional_f2,l28_last,shift,train,specified_f2,2.760142411503393,0.004592434356382321,nan,nan,nan,nan,nan,nan,0.0,0.0,0.0,0.0,nan,nan
B_conditional_f2,l28_last,rank1,dev,specified_f2,2.111882233941491,0.014807996962387595,nan,nan,nan,nan,nan,nan,0.0,0.0,0.0,0.0,nan,nan
B_conditional_f2,l28_last,rank1,iid,specified_f2,2.0404511912337706,0.025578593747177737,nan,nan,nan,nan,nan,nan,0.0,0.0,0.0,0.0,nan,nan
B_conditional_f2,l28_last,rank1,joint,specified_f2,2.739084130677567,0.04282942394128485,nan,nan,nan,nan,nan,nan,0.0,0.0,0.0,0.0,nan,nan
B_conditional_f2,l28_last,rank1,template,specified_f2,2.538073020729996,0.03315682308014559,nan,nan,nan,nan,nan,nan,0.0,0.0,0.0,0.0,nan,nan
B_conditional_f2,l28_last,rank1,topic,specified_f2,2.162230271100812,0.012453036662868901,nan,nan,nan,nan,nan,nan,0.0,0.0,0.0,0.0,nan,nan
B_conditional_f2,l28_last,rank1,train,specified_f2,2.039970845893693,0.011078660605253077,nan,nan,nan,nan,nan,nan,0.0,0.0,0.0,0.0,nan,nan
B_conditional_f2,l28_last,lowrank,dev,specified_f2,0.7427952756437127,0.006921531636158561,nan,nan,nan,nan,nan,nan,0.0,0.0,0.0,0.0,nan,nan
B_conditional_f2,l28_last,lowrank,iid,specified_f2,0.7190092167871313,0.014948443955463181,nan,nan,nan,nan,nan,nan,0.0,0.0,0.0,0.0,nan,nan
B_conditional_f2,l28_last,lowrank,joint,specified_f2,2.1125513326438203,0.07898816200914867,nan,nan,nan,nan,nan,nan,0.0,0.0,0.0,0.0,nan,nan
B_conditional_f2,l28_last,lowrank,template,specified_f2,1.8023066871350295,0.03213808325984905,nan,nan,nan,nan,nan,nan,0.0,0.0,0.0,0.0,nan,nan
B_conditional_f2,l28_last,lowrank,topic,specified_f2,1.1345711548452353,0.0031731104421457088,nan,nan,nan,nan,nan,nan,0.0,0.0,0.0,0.0,nan,nan
B_conditional_f2,l28_last,lowrank,train,specified_f2,0.49582077131786956,0.010056906159308389,nan,nan,nan,nan,nan,nan,0.0,0.0,0.0,0.0,nan,nan
B_conditional_f2,l28_last,full_delta,dev,specified_f2,0.553258888156953,0.012098807145594245,nan,nan,nan,nan,nan,nan,0.0,0.0,0.0,0.0,nan,nan
B_conditional_f2,l28_last,full_delta,iid,specified_f2,0.5241801857809915,0.012187358027808631,nan,nan,nan,nan,nan,nan,0.0,0.0,0.0,0.0,nan,nan
B_conditional_f2,l28_last,full_delta,joint,specified_f2,2.0585951584809448,0.07975597330296101,nan,nan,nan,nan,nan,nan,0.0,0.0,0.0,0.0,nan,nan
B_conditional_f2,l28_last,full_delta,template,specified_f2,1.7236394652770965,0.04731179003962118,nan,nan,nan,nan,nan,nan,0.0,0.0,0.0,0.0,nan,nan
B_conditional_f2,l28_last,full_delta,topic,specified_f2,1.0668023822543635,0.006182598161974189,nan,nan,nan,nan,nan,nan,0.0,0.0,0.0,0.0,nan,nan
B_conditional_f2,l28_last,full_delta,train,specified_f2,0.25289817272943477,0.016374512649991797,nan,nan,nan,nan,nan,nan,0.0,0.0,0.0,0.0,nan,nan
B_conditional_f2,l28_last,full_affine,dev,specified_f2,0.4143278005796427,0.01828729628374471,nan,nan,nan,nan,nan,nan,0.0,0.0,0.0,0.0,nan,nan
B_conditional_f2,l28_last,full_affine,iid,specified_f2,0.3990926221249523,0.024492257262642238,nan,nan,nan,nan,nan,nan,0.0,0.0,0.0,0.0,nan,nan
B_conditional_f2,l28_last,full_affine,joint,specified_f2,1.9286849675170183,0.10763448511913698,nan,nan,nan,nan,nan,nan,0.0,0.0,0.0,0.0,nan,nan
B_conditional_f2,l28_last,full_affine,template,specified_f2,1.4668238234732733,0.035460219317877906,nan,nan,nan,nan,nan,nan,0.0,0.0,0.0,0.0,nan,nan
B_conditional_f2,l28_last,full_affine,topic,specified_f2,1.0879529196485722,0.016684907202469474,nan,nan,nan,nan,nan,nan,0.0,0.0,0.0,0.0,nan,nan
B_conditional_f2,l28_last,full_affine,train,specified_f2,0.20730016197721346,0.01971500568615518,nan,nan,nan,nan,nan,nan,0.0,0.0,0.0,0.0,nan,nan
B_conditional_f2,l28_last,length_shift,dev,specified_f2,2.869950515217448,0.03585236414968583,nan,nan,nan,nan,nan,nan,0.0,0.0,0.0,0.0,nan,nan
B_conditional_f2,l28_last,length_shift,iid,specified_f2,2.7535703809128855,0.024967782058401326,nan,nan,nan,nan,nan,nan,0.0,0.0,0.0,0.0,nan,nan
B_conditional_f2,l28_last,length_shift,joint,specified_f2,3.8875903747484664,0.07122210776938225,nan,nan,nan,nan,nan,nan,0.0,0.0,0.0,0.0,nan,nan
B_conditional_f2,l28_last,length_shift,template,specified_f2,3.768590260026246,0.0737770162011209,nan,nan,nan,nan,nan,nan,0.0,0.0,0.0,0.0,nan,nan
B_conditional_f2,l28_last,length_shift,topic,specified_f2,2.962228930317195,0.008382491544790838,nan,nan,nan,nan,nan,nan,0.0,0.0,0.0,0.0,nan,nan
B_conditional_f2,l28_last,length_shift,train,specified_f2,2.721542901137532,0.009562779659664067,nan,nan,nan,nan,nan,nan,0.0,0.0,0.0,0.0,nan,nan
B_conditional_f2,l28_last,source_token_ridge,dev,specified_f2,1.3177983773158133,0.05868211102460244,nan,nan,nan,nan,nan,nan,0.0,0.0,0.0,0.0,nan,nan
B_conditional_f2,l28_last,source_token_ridge,iid,specified_f2,1.3041918643232788,0.03717789513197741,nan,nan,nan,nan,nan,nan,0.0,0.0,0.0,0.0,nan,nan
B_conditional_f2,l28_last,source_token_ridge,joint,specified_f2,2.8584099705744666,0.015721777362721734,nan,nan,nan,nan,nan,nan,0.0,0.0,0.0,0.0,nan,nan
B_conditional_f2,l28_last,source_token_ridge,template,specified_f2,2.8028457083911476,0.05281780344041731,nan,nan,nan,nan,nan,nan,0.0,0.0,0.0,0.0,nan,nan
B_conditional_f2,l28_last,source_token_ridge,topic,specified_f2,1.9615415090827517,0.014356314417773268,nan,nan,nan,nan,nan,nan,0.0,0.0,0.0,0.0,nan,nan
B_conditional_f2,l28_last,source_token_ridge,train,specified_f2,0.9860829680124478,0.04668836009118375,nan,nan,nan,nan,nan,nan,0.0,0.0,0.0,0.0,nan,nan
B_conditional_f2,l28_last,shuffled,dev,specified_f2,1.791226689392267,0.03376774513130309,nan,nan,nan,nan,nan,nan,0.0,0.0,0.0,0.0,nan,nan
B_conditional_f2,l28_last,shuffled,iid,specified_f2,1.7427684473186627,0.045103400910661576,nan,nan,nan,nan,nan,nan,0.0,0.0,0.0,0.0,nan,nan
B_conditional_f2,l28_last,shuffled,joint,specified_f2,2.400922911397792,0.15506577885277917,nan,nan,nan,nan,nan,nan,0.0,0.0,0.0,0.0,nan,nan
B_conditional_f2,l28_last,shuffled,template,specified_f2,2.276048288930667,0.12146147421437696,nan,nan,nan,nan,nan,nan,0.0,0.0,0.0,0.0,nan,nan
B_conditional_f2,l28_last,shuffled,topic,specified_f2,1.839601866466883,0.047154537259072093,nan,nan,nan,nan,nan,nan,0.0,0.0,0.0,0.0,nan,nan
B_conditional_f2,l28_last,shuffled,train,specified_f2,1.7191600012662749,0.034826859299088,nan,nan,nan,nan,nan,nan,0.0,0.0,0.0,0.0,nan,nan
B_conditional_f2,l28_last,random_subspace,dev,specified_f2,2.860552895611099,0.006196803016610248,nan,nan,nan,nan,nan,nan,0.0,0.0,0.0,0.0,nan,nan
B_conditional_f2,l28_last,random_subspace,iid,specified_f2,2.7373961447234993,0.010302474937701442,nan,nan,nan,nan,nan,nan,0.0,0.0,0.0,0.0,nan,nan
B_conditional_f2,l28_last,random_subspace,joint,specified_f2,3.7245349300025956,0.02730849463713849,nan,nan,nan,nan,nan,nan,0.0,0.0,0.0,0.0,nan,nan
B_conditional_f2,l28_last,random_subspace,template,specified_f2,3.648387672598291,0.030821292576070705,nan,nan,nan,nan,nan,nan,0.0,0.0,0.0,0.0,nan,nan
B_conditional_f2,l28_last,random_subspace,topic,specified_f2,2.9301650655198324,0.009293433993711782,nan,nan,nan,nan,nan,nan,0.0,0.0,0.0,0.0,nan,nan
B_conditional_f2,l28_last,random_subspace,train,specified_f2,2.7377110030286658,0.005850150049555591,nan,nan,nan,nan,nan,nan,0.0,0.0,0.0,0.0,nan,nan
A_negation,l28_last,identity,dev,specified_edit,3.4485192577760415,0.0,nan,nan,nan,nan,nan,nan,0.0,0.0,0.0,0.0,nan,nan
A_negation,l28_last,identity,iid,specified_edit,3.6446022396037336,0.0,nan,nan,nan,nan,nan,nan,0.0,0.0,0.0,0.0,nan,nan
A_negation,l28_last,identity,joint,specified_edit,2.3603502068706304,0.0,nan,nan,nan,nan,nan,nan,0.0,0.0,0.0,0.0,nan,nan
A_negation,l28_last,identity,template,specified_edit,1.918307693721644,0.0,nan,nan,nan,nan,nan,nan,0.0,0.0,0.0,0.0,nan,nan
A_negation,l28_last,identity,topic,specified_edit,4.205828336098974,0.0,nan,nan,nan,nan,nan,nan,0.0,0.0,0.0,0.0,nan,nan
A_negation,l28_last,identity,train,specified_edit,3.426685523981689,0.0,nan,nan,nan,nan,nan,nan,0.0,0.0,0.0,0.0,nan,nan
A_negation,l28_last,shift,dev,specified_edit,1.6528544388656687,0.006334676598844694,nan,nan,nan,nan,nan,nan,0.0,0.0,0.0,0.0,nan,nan
A_negation,l28_last,shift,iid,specified_edit,1.7554347224270295,0.00827323499023016,nan,nan,nan,nan,nan,nan,0.0,0.0,0.0,0.0,nan,nan
A_negation,l28_last,shift,joint,specified_edit,1.4437770642409087,0.006297006292644793,nan,nan,nan,nan,nan,nan,0.0,0.0,0.0,0.0,nan,nan
A_negation,l28_last,shift,template,specified_edit,1.5343618674031034,0.018099397176936642,nan,nan,nan,nan,nan,nan,0.0,0.0,0.0,0.0,nan,nan
A_negation,l28_last,shift,topic,specified_edit,1.8560599336418528,0.01369979504104292,nan,nan,nan,nan,nan,nan,0.0,0.0,0.0,0.0,nan,nan
A_negation,l28_last,shift,train,specified_edit,1.6706162676274303,0.0023021342286084568,nan,nan,nan,nan,nan,nan,0.0,0.0,0.0,0.0,nan,nan
A_negation,l28_last,rank1,dev,specified_edit,1.427372146622018,0.01615877697761773,nan,nan,nan,nan,nan,nan,0.0,0.0,0.0,0.0,nan,nan
A_negation,l28_last,rank1,iid,specified_edit,1.5049188383451053,0.011761187487035708,nan,nan,nan,nan,nan,nan,0.0,0.0,0.0,0.0,nan,nan
A_negation,l28_last,rank1,joint,specified_edit,1.7090134008742963,0.14280352610017036,nan,nan,nan,nan,nan,nan,0.0,0.0,0.0,0.0,nan,nan
A_negation,l28_last,rank1,template,specified_edit,1.7373388773597114,0.06135917889180389,nan,nan,nan,nan,nan,nan,0.0,0.0,0.0,0.0,nan,nan
A_negation,l28_last,rank1,topic,specified_edit,1.548655147160498,0.04176096282181503,nan,nan,nan,nan,nan,nan,0.0,0.0,0.0,0.0,nan,nan
A_negation,l28_last,rank1,train,specified_edit,1.385138435469791,0.017066629491109864,nan,nan,nan,nan,nan,nan,0.0,0.0,0.0,0.0,nan,nan
A_negation,l28_last,lowrank,dev,specified_edit,0.7664377498751964,0.012263552919007843,nan,nan,nan,nan,nan,nan,0.0,0.0,0.0,0.0,nan,nan
A_negation,l28_last,lowrank,iid,specified_edit,0.7829989726434453,0.03361865076779754,nan,nan,nan,nan,nan,nan,0.0,0.0,0.0,0.0,nan,nan
A_negation,l28_last,lowrank,joint,specified_edit,1.8945173199468324,0.0832482064664896,nan,nan,nan,nan,nan,nan,0.0,0.0,0.0,0.0,nan,nan
A_negation,l28_last,lowrank,template,specified_edit,1.742947390731455,0.07127269285770366,nan,nan,nan,nan,nan,nan,0.0,0.0,0.0,0.0,nan,nan
A_negation,l28_last,lowrank,topic,specified_edit,1.2709635571187041,0.05295047980420522,nan,nan,nan,nan,nan,nan,0.0,0.0,0.0,0.0,nan,nan
A_negation,l28_last,lowrank,train,specified_edit,0.40206662335637505,0.017741322589156408,nan,nan,nan,nan,nan,nan,0.0,0.0,0.0,0.0,nan,nan
A_negation,l28_last,full_delta,dev,specified_edit,0.7236828990423093,0.005318337356755001,nan,nan,nan,nan,nan,nan,0.0,0.0,0.0,0.0,nan,nan
A_negation,l28_last,full_delta,iid,specified_edit,0.742430699655613,0.025190242088728252,nan,nan,nan,nan,nan,nan,0.0,0.0,0.0,0.0,nan,nan
A_negation,l28_last,full_delta,joint,specified_edit,1.9131859793009143,0.07353268148325981,nan,nan,nan,nan,nan,nan,0.0,0.0,0.0,0.0,nan,nan
A_negation,l28_last,full_delta,template,specified_edit,1.7486057680963942,0.06004054410488479,nan,nan,nan,nan,nan,nan,0.0,0.0,0.0,0.0,nan,nan
A_negation,l28_last,full_delta,topic,specified_edit,1.2605822650774108,0.055501703089691205,nan,nan,nan,nan,nan,nan,0.0,0.0,0.0,0.0,nan,nan
A_negation,l28_last,full_delta,train,specified_edit,0.3482109747376259,0.020737933362386822,nan,nan,nan,nan,nan,nan,0.0,0.0,0.0,0.0,nan,nan
A_negation,l28_last,full_affine,dev,specified_edit,0.7296836906895914,0.018570155866395342,nan,nan,nan,nan,nan,nan,0.0,0.0,0.0,0.0,nan,nan
A_negation,l28_last,full_affine,iid,specified_edit,0.7474808769903499,0.028038435099873676,nan,nan,nan,nan,nan,nan,0.0,0.0,0.0,0.0,nan,nan
A_negation,l28_last,full_affine,joint,specified_edit,2.2963594115650707,0.19045495750112582,nan,nan,nan,nan,nan,nan,0.0,0.0,0.0,0.0,nan,nan
A_negation,l28_last,full_affine,template,specified_edit,2.0355692161676022,0.15978232689540012,nan,nan,nan,nan,nan,nan,0.0,0.0,0.0,0.0,nan,nan
A_negation,l28_last,full_affine,topic,specified_edit,1.4863674600968146,0.003656331374033339,nan,nan,nan,nan,nan,nan,0.0,0.0,0.0,0.0,nan,nan
A_negation,l28_last,full_affine,train,specified_edit,0.3444595037831106,0.021595595366366988,nan,nan,nan,nan,nan,nan,0.0,0.0,0.0,0.0,nan,nan
A_negation,l28_last,length_shift,dev,specified_edit,1.6661304096393634,0.019481977183393624,nan,nan,nan,nan,nan,nan,0.0,0.0,0.0,0.0,nan,nan
A_negation,l28_last,length_shift,iid,specified_edit,1.7593875669666137,0.016262719050902298,nan,nan,nan,nan,nan,nan,0.0,0.0,0.0,0.0,nan,nan
A_negation,l28_last,length_shift,joint,specified_edit,1.5051065238856127,0.053980432319646963,nan,nan,nan,nan,nan,nan,0.0,0.0,0.0,0.0,nan,nan
A_negation,l28_last,length_shift,template,specified_edit,1.5393323446783997,0.013904556091743155,nan,nan,nan,nan,nan,nan,0.0,0.0,0.0,0.0,nan,nan
A_negation,l28_last,length_shift,topic,specified_edit,1.8773942984097511,0.011915508870617491,nan,nan,nan,nan,nan,nan,0.0,0.0,0.0,0.0,nan,nan
A_negation,l28_last,length_shift,train,specified_edit,1.631579911188686,0.004043951850560935,nan,nan,nan,nan,nan,nan,0.0,0.0,0.0,0.0,nan,nan
A_negation,l28_last,source_token_ridge,dev,specified_edit,0.8530384527319496,0.015884264188890187,nan,nan,nan,nan,nan,nan,0.0,0.0,0.0,0.0,nan,nan
A_negation,l28_last,source_token_ridge,iid,specified_edit,0.9264859148721948,0.026822480228328203,nan,nan,nan,nan,nan,nan,0.0,0.0,0.0,0.0,nan,nan
A_negation,l28_last,source_token_ridge,joint,specified_edit,1.4357855096743635,0.022676109230663124,nan,nan,nan,nan,nan,nan,0.0,0.0,0.0,0.0,nan,nan
A_negation,l28_last,source_token_ridge,template,specified_edit,1.5371080832278061,0.010674377293131351,nan,nan,nan,nan,nan,nan,0.0,0.0,0.0,0.0,nan,nan
A_negation,l28_last,source_token_ridge,topic,specified_edit,1.5706431457235042,0.015280687890203523,nan,nan,nan,nan,nan,nan,0.0,0.0,0.0,0.0,nan,nan
A_negation,l28_last,source_token_ridge,train,specified_edit,0.5427513346889965,0.022536880642499906,nan,nan,nan,nan,nan,nan,0.0,0.0,0.0,0.0,nan,nan
A_negation,l28_last,shuffled,dev,specified_edit,1.6251320065464727,0.05594836767400835,nan,nan,nan,nan,nan,nan,0.0,0.0,0.0,0.0,nan,nan
A_negation,l28_last,shuffled,iid,specified_edit,1.688339347283227,0.049259647009364776,nan,nan,nan,nan,nan,nan,0.0,0.0,0.0,0.0,nan,nan
A_negation,l28_last,shuffled,joint,specified_edit,1.4728892031855623,0.010227291285819435,nan,nan,nan,nan,nan,nan,0.0,0.0,0.0,0.0,nan,nan
A_negation,l28_last,shuffled,template,specified_edit,1.6499789906004787,0.0324140342929011,nan,nan,nan,nan,nan,nan,0.0,0.0,0.0,0.0,nan,nan
A_negation,l28_last,shuffled,topic,specified_edit,1.8313818503528394,0.05250534997959624,nan,nan,nan,nan,nan,nan,0.0,0.0,0.0,0.0,nan,nan
A_negation,l28_last,shuffled,train,specified_edit,1.6776646538100384,0.06354926596940995,nan,nan,nan,nan,nan,nan,0.0,0.0,0.0,0.0,nan,nan
A_negation,l28_last,random_subspace,dev,specified_edit,1.6438765014128112,0.005688047002956898,nan,nan,nan,nan,nan,nan,0.0,0.0,0.0,0.0,nan,nan
A_negation,l28_last,random_subspace,iid,specified_edit,1.745439996561131,0.0077215887763259555,nan,nan,nan,nan,nan,nan,0.0,0.0,0.0,0.0,nan,nan
A_negation,l28_last,random_subspace,joint,specified_edit,1.44948408362066,0.010033097172797024,nan,nan,nan,nan,nan,nan,0.0,0.0,0.0,0.0,nan,nan
A_negation,l28_last,random_subspace,template,specified_edit,1.5364277908916852,0.017124243088449665,nan,nan,nan,nan,nan,nan,0.0,0.0,0.0,0.0,nan,nan
A_negation,l28_last,random_subspace,topic,specified_edit,1.8502069644002637,0.012686085492291756,nan,nan,nan,nan,nan,nan,0.0,0.0,0.0,0.0,nan,nan
A_negation,l28_last,random_subspace,train,specified_edit,1.6579094612665228,0.0024544968848487113,nan,nan,nan,nan,nan,nan,0.0,0.0,0.0,0.0,nan,nan
A_time,l28_last,identity,dev,specified_edit,0.9472722297205699,0.0,nan,nan,nan,nan,nan,nan,0.0,0.0,0.0,0.0,nan,nan
A_time,l28_last,identity,iid,specified_edit,0.9637015926649078,0.0,nan,nan,nan,nan,nan,nan,0.0,0.0,0.0,0.0,nan,nan
A_time,l28_last,identity,joint,specified_edit,0.840406591368652,0.0,nan,nan,nan,nan,nan,nan,0.0,0.0,0.0,0.0,nan,nan
A_time,l28_last,identity,template,specified_edit,1.0665534195760396,0.0,nan,nan,nan,nan,nan,nan,0.0,0.0,0.0,0.0,nan,nan
A_time,l28_last,identity,topic,specified_edit,0.7903664462836734,0.0,nan,nan,nan,nan,nan,nan,0.0,0.0,0.0,0.0,nan,nan
A_time,l28_last,identity,train,specified_edit,0.9823372127959598,0.0,nan,nan,nan,nan,nan,nan,0.0,0.0,0.0,0.0,nan,nan
A_time,l28_last,shift,dev,specified_edit,0.44802446965211057,0.00128373667346459,nan,nan,nan,nan,nan,nan,0.0,0.0,0.0,0.0,nan,nan
A_time,l28_last,shift,iid,specified_edit,0.4730938232440039,0.00127260030466004,nan,nan,nan,nan,nan,nan,0.0,0.0,0.0,0.0,nan,nan
A_time,l28_last,shift,joint,specified_edit,0.3876885290163974,0.004497074369040761,nan,nan,nan,nan,nan,nan,0.0,0.0,0.0,0.0,nan,nan
A_time,l28_last,shift,template,specified_edit,0.46531328461157767,0.003921015393670119,nan,nan,nan,nan,nan,nan,0.0,0.0,0.0,0.0,nan,nan
A_time,l28_last,shift,topic,specified_edit,0.35876285423452553,0.004390540128807682,nan,nan,nan,nan,nan,nan,0.0,0.0,0.0,0.0,nan,nan
A_time,l28_last,shift,train,specified_edit,0.48967427615051135,0.0008635755988165782,nan,nan,nan,nan,nan,nan,0.0,0.0,0.0,0.0,nan,nan
A_time,l28_last,rank1,dev,specified_edit,0.40133657468959205,0.01532801851912853,nan,nan,nan,nan,nan,nan,0.0,0.0,0.0,0.0,nan,nan
A_time,l28_last,rank1,iid,specified_edit,0.4193901374505636,0.017541803941840173,nan,nan,nan,nan,nan,nan,0.0,0.0,0.0,0.0,nan,nan
A_time,l28_last,rank1,joint,specified_edit,0.4424561789214341,0.013995318400782103,nan,nan,nan,nan,nan,nan,0.0,0.0,0.0,0.0,nan,nan
A_time,l28_last,rank1,template,specified_edit,0.4571811776385579,0.011993950927691862,nan,nan,nan,nan,nan,nan,0.0,0.0,0.0,0.0,nan,nan
A_time,l28_last,rank1,topic,specified_edit,0.32840012298749527,0.018527561667070994,nan,nan,nan,nan,nan,nan,0.0,0.0,0.0,0.0,nan,nan
A_time,l28_last,rank1,train,specified_edit,0.4203075867132431,0.00573477091087863,nan,nan,nan,nan,nan,nan,0.0,0.0,0.0,0.0,nan,nan
A_time,l28_last,lowrank,dev,specified_edit,0.2542378173376756,0.01476774242880499,nan,nan,nan,nan,nan,nan,0.0,0.0,0.0,0.0,nan,nan
A_time,l28_last,lowrank,iid,specified_edit,0.2638926032118926,0.01970584207504095,nan,nan,nan,nan,nan,nan,0.0,0.0,0.0,0.0,nan,nan
A_time,l28_last,lowrank,joint,specified_edit,0.5477620364012407,0.03286076973221099,nan,nan,nan,nan,nan,nan,0.0,0.0,0.0,0.0,nan,nan
A_time,l28_last,lowrank,template,specified_edit,0.4624025081735211,0.01608128035642385,nan,nan,nan,nan,nan,nan,0.0,0.0,0.0,0.0,nan,nan
A_time,l28_last,lowrank,topic,specified_edit,0.30257343524137165,0.029165396950006507,nan,nan,nan,nan,nan,nan,0.0,0.0,0.0,0.0,nan,nan
A_time,l28_last,lowrank,train,specified_edit,0.16223346087176707,0.013217120324714353,nan,nan,nan,nan,nan,nan,0.0,0.0,0.0,0.0,nan,nan
A_time,l28_last,full_delta,dev,specified_edit,0.2420481683845169,0.01338881963747827,nan,nan,nan,nan,nan,nan,0.0,0.0,0.0,0.0,nan,nan
A_time,l28_last,full_delta,iid,specified_edit,0.2513234004679701,0.01907170358913523,nan,nan,nan,nan,nan,nan,0.0,0.0,0.0,0.0,nan,nan
A_time,l28_last,full_delta,joint,specified_edit,0.5487777164850784,0.03315920533677761,nan,nan,nan,nan,nan,nan,0.0,0.0,0.0,0.0,nan,nan
A_time,l28_last,full_delta,template,specified_edit,0.46299393804103256,0.015099540753896587,nan,nan,nan,nan,nan,nan,0.0,0.0,0.0,0.0,nan,nan
A_time,l28_last,full_delta,topic,specified_edit,0.30161768796507865,0.02928706555655273,nan,nan,nan,nan,nan,nan,0.0,0.0,0.0,0.0,nan,nan
A_time,l28_last,full_delta,train,specified_edit,0.14660952424027818,0.013378903197592051,nan,nan,nan,nan,nan,nan,0.0,0.0,0.0,0.0,nan,nan
A_time,l28_last,full_affine,dev,specified_edit,0.386085368526335,0.017239047882251075,nan,nan,nan,nan,nan,nan,0.0,0.0,0.0,0.0,nan,nan
A_time,l28_last,full_affine,iid,specified_edit,0.38851412789591017,0.010487403873042882,nan,nan,nan,nan,nan,nan,0.0,0.0,0.0,0.0,nan,nan
A_time,l28_last,full_affine,joint,specified_edit,1.6227446827814804,0.13807406752038867,nan,nan,nan,nan,nan,nan,0.0,0.0,0.0,0.0,nan,nan
A_time,l28_last,full_affine,template,specified_edit,1.3245410589598625,0.03613149908330356,nan,nan,nan,nan,nan,nan,0.0,0.0,0.0,0.0,nan,nan
A_time,l28_last,full_affine,topic,specified_edit,0.8929809013398525,0.02399889471277776,nan,nan,nan,nan,nan,nan,0.0,0.0,0.0,0.0,nan,nan
A_time,l28_last,full_affine,train,specified_edit,0.2266608296257939,0.01979762385520652,nan,nan,nan,nan,nan,nan,0.0,0.0,0.0,0.0,nan,nan
A_time,l28_last,length_shift,dev,specified_edit,0.4450768920248416,0.005739222735902512,nan,nan,nan,nan,nan,nan,0.0,0.0,0.0,0.0,nan,nan
A_time,l28_last,length_shift,iid,specified_edit,0.4723113818875999,0.002596614775238116,nan,nan,nan,nan,nan,nan,0.0,0.0,0.0,0.0,nan,nan
A_time,l28_last,length_shift,joint,specified_edit,0.43248678206025476,0.01313521836287334,nan,nan,nan,nan,nan,nan,0.0,0.0,0.0,0.0,nan,nan
A_time,l28_last,length_shift,template,specified_edit,0.4624128600706523,0.0016059246701983863,nan,nan,nan,nan,nan,nan,0.0,0.0,0.0,0.0,nan,nan
A_time,l28_last,length_shift,topic,specified_edit,0.37167487293522267,0.004392070266408653,nan,nan,nan,nan,nan,nan,0.0,0.0,0.0,0.0,nan,nan
A_time,l28_last,length_shift,train,specified_edit,0.47944446078989505,0.0023531835701675113,nan,nan,nan,nan,nan,nan,0.0,0.0,0.0,0.0,nan,nan
A_time,l28_last,source_token_ridge,dev,specified_edit,0.2665743747123092,0.011786349808562567,nan,nan,nan,nan,nan,nan,0.0,0.0,0.0,0.0,nan,nan
A_time,l28_last,source_token_ridge,iid,specified_edit,0.26515963758960265,0.014630844960468757,nan,nan,nan,nan,nan,nan,0.0,0.0,0.0,0.0,nan,nan
A_time,l28_last,source_token_ridge,joint,specified_edit,0.3814437163666608,0.004268781682457883,nan,nan,nan,nan,nan,nan,0.0,0.0,0.0,0.0,nan,nan
A_time,l28_last,source_token_ridge,template,specified_edit,0.4607914084814602,0.011176838969897062,nan,nan,nan,nan,nan,nan,0.0,0.0,0.0,0.0,nan,nan
A_time,l28_last,source_token_ridge,topic,specified_edit,0.3055111432849864,0.0029126638095441143,nan,nan,nan,nan,nan,nan,0.0,0.0,0.0,0.0,nan,nan
A_time,l28_last,source_token_ridge,train,specified_edit,0.20071451938414864,0.010740551861776738,nan,nan,nan,nan,nan,nan,0.0,0.0,0.0,0.0,nan,nan
A_time,l28_last,shuffled,dev,specified_edit,0.7510745732690776,0.11804279939481435,nan,nan,nan,nan,nan,nan,0.0,0.0,0.0,0.0,nan,nan
A_time,l28_last,shuffled,iid,specified_edit,0.8037584177894771,0.1344752612190896,nan,nan,nan,nan,nan,nan,0.0,0.0,0.0,0.0,nan,nan
A_time,l28_last,shuffled,joint,specified_edit,0.45728515599897307,0.023687389026551816,nan,nan,nan,nan,nan,nan,0.0,0.0,0.0,0.0,nan,nan
A_time,l28_last,shuffled,template,specified_edit,0.5917036561445231,0.06728385018987823,nan,nan,nan,nan,nan,nan,0.0,0.0,0.0,0.0,nan,nan
A_time,l28_last,shuffled,topic,specified_edit,0.6798773761763398,0.11507054049566201,nan,nan,nan,nan,nan,nan,0.0,0.0,0.0,0.0,nan,nan
A_time,l28_last,shuffled,train,specified_edit,0.8267463067301866,0.14093760340482342,nan,nan,nan,nan,nan,nan,0.0,0.0,0.0,0.0,nan,nan
A_time,l28_last,random_subspace,dev,specified_edit,0.44619720081073394,0.0012067890758601326,nan,nan,nan,nan,nan,nan,0.0,0.0,0.0,0.0,nan,nan
A_time,l28_last,random_subspace,iid,specified_edit,0.4710474507952635,0.0011329423216269422,nan,nan,nan,nan,nan,nan,0.0,0.0,0.0,0.0,nan,nan
A_time,l28_last,random_subspace,joint,specified_edit,0.3889464651929089,0.004030817073601882,nan,nan,nan,nan,nan,nan,0.0,0.0,0.0,0.0,nan,nan
A_time,l28_last,random_subspace,template,specified_edit,0.4651469726041157,0.0038920974385306508,nan,nan,nan,nan,nan,nan,0.0,0.0,0.0,0.0,nan,nan
A_time,l28_last,random_subspace,topic,specified_edit,0.358380209485148,0.004118357838354427,nan,nan,nan,nan,nan,nan,0.0,0.0,0.0,0.0,nan,nan
A_time,l28_last,random_subspace,train,specified_edit,0.486569885235618,0.0008918468646956367,nan,nan,nan,nan,nan,nan,0.0,0.0,0.0,0.0,nan,nan
A_emphasis,l28_last,identity,dev,specified_edit,1.0349412084398357,0.0,nan,nan,nan,nan,nan,nan,0.0,0.0,0.0,0.0,nan,nan
A_emphasis,l28_last,identity,iid,specified_edit,0.9674632160794637,0.0,nan,nan,nan,nan,nan,nan,0.0,0.0,0.0,0.0,nan,nan
A_emphasis,l28_last,identity,joint,specified_edit,0.6212490807902429,0.0,nan,nan,nan,nan,nan,nan,0.0,0.0,0.0,0.0,nan,nan
A_emphasis,l28_last,identity,template,specified_edit,0.9115345349256292,0.0,nan,nan,nan,nan,nan,nan,0.0,0.0,0.0,0.0,nan,nan
A_emphasis,l28_last,identity,topic,specified_edit,0.8180088008209719,0.0,nan,nan,nan,nan,nan,nan,0.0,0.0,0.0,0.0,nan,nan
A_emphasis,l28_last,identity,train,specified_edit,0.9678417486911662,0.0,nan,nan,nan,nan,nan,nan,0.0,0.0,0.0,0.0,nan,nan
A_emphasis,l28_last,shift,dev,specified_edit,0.7298065863097358,0.0040316070203429855,nan,nan,nan,nan,nan,nan,0.0,0.0,0.0,0.0,nan,nan
A_emphasis,l28_last,shift,iid,specified_edit,0.6739341624883991,0.00847262117247585,nan,nan,nan,nan,nan,nan,0.0,0.0,0.0,0.0,nan,nan
A_emphasis,l28_last,shift,joint,specified_edit,0.5868959469277187,0.02981428564304581,nan,nan,nan,nan,nan,nan,0.0,0.0,0.0,0.0,nan,nan
A_emphasis,l28_last,shift,template,specified_edit,0.8449804855125481,0.046505613276754565,nan,nan,nan,nan,nan,nan,0.0,0.0,0.0,0.0,nan,nan
A_emphasis,l28_last,shift,topic,specified_edit,0.5485754068942743,0.019419646625512037,nan,nan,nan,nan,nan,nan,0.0,0.0,0.0,0.0,nan,nan
A_emphasis,l28_last,shift,train,specified_edit,0.6775419396336355,0.0023476180623092997,nan,nan,nan,nan,nan,nan,0.0,0.0,0.0,0.0,nan,nan
A_emphasis,l28_last,rank1,dev,specified_edit,0.5887856268627761,0.014927127160521119,nan,nan,nan,nan,nan,nan,0.0,0.0,0.0,0.0,nan,nan
A_emphasis,l28_last,rank1,iid,specified_edit,0.5395614857966325,0.01040486500060081,nan,nan,nan,nan,nan,nan,0.0,0.0,0.0,0.0,nan,nan
A_emphasis,l28_last,rank1,joint,specified_edit,0.6344529623199341,0.035371516397957714,nan,nan,nan,nan,nan,nan,0.0,0.0,0.0,0.0,nan,nan
A_emphasis,l28_last,rank1,template,specified_edit,0.7292809287061361,0.10428692066267548,nan,nan,nan,nan,nan,nan,0.0,0.0,0.0,0.0,nan,nan
A_emphasis,l28_last,rank1,topic,specified_edit,0.4725015702461672,0.02708709141322787,nan,nan,nan,nan,nan,nan,0.0,0.0,0.0,0.0,nan,nan
A_emphasis,l28_last,rank1,train,specified_edit,0.5137566165580728,0.02638452321711151,nan,nan,nan,nan,nan,nan,0.0,0.0,0.0,0.0,nan,nan
A_emphasis,l28_last,lowrank,dev,specified_edit,0.2972190390847513,0.042004652424250596,nan,nan,nan,nan,nan,nan,0.0,0.0,0.0,0.0,nan,nan
A_emphasis,l28_last,lowrank,iid,specified_edit,0.26391896540816523,0.008032852584178967,nan,nan,nan,nan,nan,nan,0.0,0.0,0.0,0.0,nan,nan
A_emphasis,l28_last,lowrank,joint,specified_edit,0.7457717551477185,0.052708024328384145,nan,nan,nan,nan,nan,nan,0.0,0.0,0.0,0.0,nan,nan
A_emphasis,l28_last,lowrank,template,specified_edit,0.7568473656509775,0.0641839988374023,nan,nan,nan,nan,nan,nan,0.0,0.0,0.0,0.0,nan,nan
A_emphasis,l28_last,lowrank,topic,specified_edit,0.41832762724364264,0.009951388115523275,nan,nan,nan,nan,nan,nan,0.0,0.0,0.0,0.0,nan,nan
A_emphasis,l28_last,lowrank,train,specified_edit,0.15684486349163906,0.04727234542692974,nan,nan,nan,nan,nan,nan,0.0,0.0,0.0,0.0,nan,nan
A_emphasis,l28_last,full_delta,dev,specified_edit,0.2820516336114733,0.042189433248760726,nan,nan,nan,nan,nan,nan,0.0,0.0,0.0,0.0,nan,nan
A_emphasis,l28_last,full_delta,iid,specified_edit,0.25423387373991596,0.009349273297436103,nan,nan,nan,nan,nan,nan,0.0,0.0,0.0,0.0,nan,nan
A_emphasis,l28_last,full_delta,joint,specified_edit,0.7938913218183092,0.0659371783633424,nan,nan,nan,nan,nan,nan,0.0,0.0,0.0,0.0,nan,nan
A_emphasis,l28_last,full_delta,template,specified_edit,0.7756772468509757,0.04502370209058581,nan,nan,nan,nan,nan,nan,0.0,0.0,0.0,0.0,nan,nan
A_emphasis,l28_last,full_delta,topic,specified_edit,0.42267329692046723,0.016528891310514705,nan,nan,nan,nan,nan,nan,0.0,0.0,0.0,0.0,nan,nan
A_emphasis,l28_last,full_delta,train,specified_edit,0.13940944648169226,0.056275091035288695,nan,nan,nan,nan,nan,nan,0.0,0.0,0.0,0.0,nan,nan
A_emphasis,l28_last,full_affine,dev,specified_edit,0.302753298227829,0.03120749272711033,nan,nan,nan,nan,nan,nan,0.0,0.0,0.0,0.0,nan,nan
A_emphasis,l28_last,full_affine,iid,specified_edit,0.2906155592000245,0.02249766355957541,nan,nan,nan,nan,nan,nan,0.0,0.0,0.0,0.0,nan,nan
A_emphasis,l28_last,full_affine,joint,specified_edit,1.6122418059083345,0.06986093140956959,nan,nan,nan,nan,nan,nan,0.0,0.0,0.0,0.0,nan,nan
A_emphasis,l28_last,full_affine,template,specified_edit,1.302496414624019,0.05244670646968663,nan,nan,nan,nan,nan,nan,0.0,0.0,0.0,0.0,nan,nan
A_emphasis,l28_last,full_affine,topic,specified_edit,0.8763283428918882,0.009841065201971694,nan,nan,nan,nan,nan,nan,0.0,0.0,0.0,0.0,nan,nan
A_emphasis,l28_last,full_affine,train,specified_edit,0.172703660079348,0.036644083375864396,nan,nan,nan,nan,nan,nan,0.0,0.0,0.0,0.0,nan,nan
A_emphasis,l28_last,length_shift,dev,specified_edit,0.7246844192379611,0.018590021873457846,nan,nan,nan,nan,nan,nan,0.0,0.0,0.0,0.0,nan,nan
A_emphasis,l28_last,length_shift,iid,specified_edit,0.6634019873576017,0.01880296039843945,nan,nan,nan,nan,nan,nan,0.0,0.0,0.0,0.0,nan,nan
A_emphasis,l28_last,length_shift,joint,specified_edit,0.657697780642189,0.032119881081401694,nan,nan,nan,nan,nan,nan,0.0,0.0,0.0,0.0,nan,nan
A_emphasis,l28_last,length_shift,template,specified_edit,0.8182700242483296,0.04753052742283202,nan,nan,nan,nan,nan,nan,0.0,0.0,0.0,0.0,nan,nan
A_emphasis,l28_last,length_shift,topic,specified_edit,0.5651057958472818,0.027247561642470813,nan,nan,nan,nan,nan,nan,0.0,0.0,0.0,0.0,nan,nan
A_emphasis,l28_last,length_shift,train,specified_edit,0.6623791415216037,0.004819675124305415,nan,nan,nan,nan,nan,nan,0.0,0.0,0.0,0.0,nan,nan
A_emphasis,l28_last,source_token_ridge,dev,specified_edit,0.4066228740946616,0.03212007834083741,nan,nan,nan,nan,nan,nan,0.0,0.0,0.0,0.0,nan,nan
A_emphasis,l28_last,source_token_ridge,iid,specified_edit,0.35111894811377065,0.00838424961607965,nan,nan,nan,nan,nan,nan,0.0,0.0,0.0,0.0,nan,nan
A_emphasis,l28_last,source_token_ridge,joint,specified_edit,0.5949690321335618,0.032339243028807224,nan,nan,nan,nan,nan,nan,0.0,0.0,0.0,0.0,nan,nan
A_emphasis,l28_last,source_token_ridge,template,specified_edit,0.8224468489851047,0.04217290770290188,nan,nan,nan,nan,nan,nan,0.0,0.0,0.0,0.0,nan,nan
A_emphasis,l28_last,source_token_ridge,topic,specified_edit,0.4755411692187101,0.03784733606846367,nan,nan,nan,nan,nan,nan,0.0,0.0,0.0,0.0,nan,nan
A_emphasis,l28_last,source_token_ridge,train,specified_edit,0.25452204396656253,0.04944009761752599,nan,nan,nan,nan,nan,nan,0.0,0.0,0.0,0.0,nan,nan
A_emphasis,l28_last,shuffled,dev,specified_edit,0.7817855422277521,0.031445582864260996,nan,nan,nan,nan,nan,nan,0.0,0.0,0.0,0.0,nan,nan
A_emphasis,l28_last,shuffled,iid,specified_edit,0.8115050634567318,0.04874987025526264,nan,nan,nan,nan,nan,nan,0.0,0.0,0.0,0.0,nan,nan
A_emphasis,l28_last,shuffled,joint,specified_edit,0.6008610914485599,0.0582768677584518,nan,nan,nan,nan,nan,nan,0.0,0.0,0.0,0.0,nan,nan
A_emphasis,l28_last,shuffled,template,specified_edit,0.8579139683473263,0.052045245494271815,nan,nan,nan,nan,nan,nan,0.0,0.0,0.0,0.0,nan,nan
A_emphasis,l28_last,shuffled,topic,specified_edit,0.6652951508357791,0.04150396699580749,nan,nan,nan,nan,nan,nan,0.0,0.0,0.0,0.0,nan,nan
A_emphasis,l28_last,shuffled,train,specified_edit,0.7937927960875233,0.04351693197026968,nan,nan,nan,nan,nan,nan,0.0,0.0,0.0,0.0,nan,nan
A_emphasis,l28_last,random_subspace,dev,specified_edit,0.7254987006573258,0.0038555495740642924,nan,nan,nan,nan,nan,nan,0.0,0.0,0.0,0.0,nan,nan
A_emphasis,l28_last,random_subspace,iid,specified_edit,0.6698030445908647,0.008518314664814852,nan,nan,nan,nan,nan,nan,0.0,0.0,0.0,0.0,nan,nan
A_emphasis,l28_last,random_subspace,joint,specified_edit,0.5882641077218518,0.029117848873853887,nan,nan,nan,nan,nan,nan,0.0,0.0,0.0,0.0,nan,nan
A_emphasis,l28_last,random_subspace,template,specified_edit,0.8440226709572274,0.04659947323428047,nan,nan,nan,nan,nan,nan,0.0,0.0,0.0,0.0,nan,nan
A_emphasis,l28_last,random_subspace,topic,specified_edit,0.54695857143609,0.019381628770012094,nan,nan,nan,nan,nan,nan,0.0,0.0,0.0,0.0,nan,nan
A_emphasis,l28_last,random_subspace,train,specified_edit,0.6723063397960476,0.00266708916135591,nan,nan,nan,nan,nan,nan,0.0,0.0,0.0,0.0,nan,nan
