seed,method,id,topic,cluster,candidate_n,chance,recall1,mrr,margin,winner_category,correct_cos,source_cos,other_neg_max_cos
17,identity,C0-00-0,考古,考古|测量:墓室尺寸,97,0.010309278350515464,0.0,0.05,-0.09133760051997275,source_pos,0.9086623994800277,1.0000000000000004,0.9082600700685792
17,identity,C0-00-1,考古,考古|测量:墓室尺寸,97,0.010309278350515464,0.0,0.047619047619047616,-0.07661910199021871,source_pos,0.9233808980097807,0.9999999999999994,0.9249758159317149
17,identity,C0-00-2,考古,考古|测量:墓室尺寸,97,0.010309278350515464,0.0,0.07692307692307693,-0.08547866201317378,source_pos,0.914521337986826,0.9999999999999998,0.9117700097169958
17,identity,C0-00-3,考古,考古|测量:墓室尺寸,97,0.010309278350515464,0.0,0.05555555555555555,-0.08625327636719449,source_pos,0.913746723632806,1.0000000000000004,0.9139762610605524
17,identity,C0-01-0,考古,考古|描绘:壁画轮廓,97,0.010309278350515464,0.0,0.03125,-0.08386130818216053,source_pos,0.9161386918178388,0.9999999999999993,0.9241933672304584
17,identity,C0-01-1,考古,考古|描绘:壁画轮廓,97,0.010309278350515464,0.0,0.02631578947368421,-0.08857684976448066,source_pos,0.9114231502355189,0.9999999999999996,0.9174867061829869
17,identity,C0-01-2,考古,考古|描绘:壁画轮廓,97,0.010309278350515464,0.0,0.034482758620689655,-0.10512697791575709,source_pos,0.8948730220842438,1.0000000000000009,0.8942363499487029
17,identity,C0-01-3,考古,考古|描绘:壁画轮廓,97,0.010309278350515464,0.0,0.07142857142857142,-0.05930733993445991,source_pos,0.940692660065541,1.0000000000000009,0.9418928535260643
17,identity,C0-02-0,考古,考古|登记:石器重量,97,0.010309278350515464,0.0,0.01694915254237288,-0.13706620478639664,source_pos,0.8629337952136031,0.9999999999999998,0.8793604574013083
17,identity,C0-02-1,考古,考古|登记:石器重量,97,0.010309278350515464,0.0,0.012048192771084338,-0.19607601361034233,source_pos,0.8039239863896575,0.9999999999999998,0.841223225786969
17,identity,C0-02-2,考古,考古|登记:石器重量,97,0.010309278350515464,0.0,0.03225806451612903,-0.12602804037440896,source_pos,0.8739719596255902,0.9999999999999991,0.8848975324682741
17,identity,C0-02-3,考古,考古|登记:石器重量,97,0.010309278350515464,0.0,0.08333333333333333,-0.07299223577517422,source_pos,0.9270077642248267,1.0000000000000009,0.9251511016743077
17,identity,C0-03-0,考古,考古|拍摄:遗迹剖面,97,0.010309278350515464,0.0,0.021739130434782608,-0.09360897328797724,source_pos,0.9063910267120228,1.0,0.9124524162911727
17,identity,C0-03-1,考古,考古|拍摄:遗迹剖面,97,0.010309278350515464,0.0,0.021739130434782608,-0.09987155425372984,source_pos,0.9001284457462702,1.0,0.9061194543515174
17,identity,C0-03-2,考古,考古|拍摄:遗迹剖面,97,0.010309278350515464,0.0,0.030303030303030304,-0.08047766398184153,source_pos,0.9195223360181598,1.0000000000000013,0.9200850903656217
17,identity,C0-03-3,考古,考古|拍摄:遗迹剖面,97,0.010309278350515464,0.0,0.03125,-0.08305895616665859,source_pos,0.9169410438333412,0.9999999999999998,0.9262466220539739
17,identity,C0-04-0,考古,考古|修复:青铜饰件,97,0.010309278350515464,0.0,0.024390243902439025,-0.1713149243052442,source_pos,0.828685075694756,1.0000000000000002,0.8211739745343583
17,identity,C0-04-1,考古,考古|修复:青铜饰件,97,0.010309278350515464,0.0,0.02631578947368421,-0.2689082216128371,source_pos,0.731091778387164,1.000000000000001,0.7339092288851445
17,identity,C0-04-2,考古,考古|修复:青铜饰件,97,0.010309278350515464,0.0,0.021739130434782608,-0.12437188315470893,source_pos,0.8756281168452907,0.9999999999999997,0.8790625807512483
17,identity,C0-04-3,考古,考古|修复:青铜饰件,97,0.010309278350515464,0.0,0.030303030303030304,-0.09900356131878918,source_pos,0.9009964386812119,1.000000000000001,0.885828991841422
17,identity,C0-05-0,考古,考古|包装:骨骼标本,97,0.010309278350515464,0.0,0.02564102564102564,-0.12025029308636004,source_pos,0.879749706913642,1.000000000000002,0.8827047794616096
17,identity,C0-05-1,考古,考古|包装:骨骼标本,97,0.010309278350515464,0.0,0.024390243902439025,-0.15940033070123938,source_pos,0.8405996692987617,1.000000000000001,0.8518603241506129
17,identity,C0-05-2,考古,考古|包装:骨骼标本,97,0.010309278350515464,0.0,0.05555555555555555,-0.10251607577693866,source_pos,0.8974839242230608,0.9999999999999994,0.8784112646767168
17,identity,C0-05-3,考古,考古|包装:骨骼标本,97,0.010309278350515464,0.0,0.04,-0.0754953061713377,source_pos,0.9245046938286627,1.0000000000000004,0.9167013934408359
17,identity,C0-06-0,考古,考古|筛分:填土沉积物,97,0.010309278350515464,0.0,0.034482758620689655,-0.09401224573602251,source_pos,0.9059877542639775,1.0,0.9007681221789063
17,identity,C0-06-1,考古,考古|筛分:填土沉积物,97,0.010309278350515464,0.0,0.023809523809523808,-0.12458031386946344,source_pos,0.8754196861305363,0.9999999999999998,0.8933268629474114
17,identity,C0-06-2,考古,考古|筛分:填土沉积物,97,0.010309278350515464,0.0,0.047619047619047616,-0.08519033977008794,source_pos,0.914809660229913,1.0000000000000009,0.9110840859924243
17,identity,C0-06-3,考古,考古|筛分:填土沉积物,97,0.010309278350515464,0.0,0.03571428571428571,-0.08361523893780709,source_pos,0.9163847610621936,1.0000000000000007,0.9249531846713356
17,identity,C0-07-0,考古,考古|拼接:陶片纹样,97,0.010309278350515464,0.0,0.023255813953488372,-0.12864335039411678,source_pos,0.8713566496058837,1.0000000000000004,0.8726265885726523
17,identity,C0-07-1,考古,考古|拼接:陶片纹样,97,0.010309278350515464,0.0,0.020833333333333332,-0.14698829543252545,source_pos,0.8530117045674752,1.0000000000000007,0.8628858326146971
17,identity,C0-07-2,考古,考古|拼接:陶片纹样,97,0.010309278350515464,0.0,0.034482758620689655,-0.0996485913376296,source_pos,0.9003514086623706,1.0000000000000002,0.8953370882811336
17,identity,C0-07-3,考古,考古|拼接:陶片纹样,97,0.010309278350515464,0.0,0.034482758620689655,-0.08523722457037541,source_pos,0.9147627754296239,0.9999999999999993,0.9082571021221424
17,identity,C0-08-0,考古,考古|加固:墓道支撑,97,0.010309278350515464,0.0,0.02702702702702703,-0.1051747267698403,source_pos,0.8948252732301597,1.0,0.9044623305233255
17,identity,C0-08-1,考古,考古|加固:墓道支撑,97,0.010309278350515464,0.0,0.02564102564102564,-0.11269935467333803,source_pos,0.8873006453266615,0.9999999999999996,0.8856950775641006
17,identity,C0-08-2,考古,考古|加固:墓道支撑,97,0.010309278350515464,0.0,0.03125,-0.10727731455257428,source_pos,0.8927226854474257,1.0,0.909962633780705
17,identity,C0-08-3,考古,考古|加固:墓道支撑,97,0.010309278350515464,0.0,0.05263157894736842,-0.08593843038602689,source_pos,0.9140615696139711,0.999999999999998,0.9011413446376171
17,identity,C0-09-0,考古,考古|翻译:碑刻文字,97,0.010309278350515464,0.0,0.022222222222222223,-0.12358631313985524,source_pos,0.8764136868601439,0.9999999999999991,0.8903845669274173
17,identity,C0-09-1,考古,考古|翻译:碑刻文字,97,0.010309278350515464,0.0,0.0136986301369863,-0.2348677159372896,source_pos,0.7651322840627104,1.0,0.7959590210600116
17,identity,C0-09-2,考古,考古|翻译:碑刻文字,97,0.010309278350515464,0.0,0.03225806451612903,-0.09555189702246691,source_pos,0.9044481029775333,1.0000000000000002,0.9157523343861446
17,identity,C0-09-3,考古,考古|翻译:碑刻文字,97,0.010309278350515464,0.0,0.034482758620689655,-0.08581918809149558,source_pos,0.9141808119085046,1.0000000000000002,0.9303399742117009
17,identity,C0-10-0,考古,考古|搭建:遮雨棚架,97,0.010309278350515464,0.0,0.022727272727272728,-0.10834591593204446,source_pos,0.8916540840679562,1.0000000000000007,0.8900305167720339
17,identity,C0-10-1,考古,考古|搭建:遮雨棚架,97,0.010309278350515464,0.0,0.022222222222222223,-0.18074861908645667,source_pos,0.8192513809135435,1.0000000000000002,0.8328403988309432
17,identity,C0-10-2,考古,考古|搭建:遮雨棚架,97,0.010309278350515464,0.0,0.027777777777777776,-0.11515501412007612,source_pos,0.8848449858799252,1.0000000000000013,0.8823637627320455
17,identity,C0-10-3,考古,考古|搭建:遮雨棚架,97,0.010309278350515464,0.0,0.043478260869565216,-0.10494378318596642,source_pos,0.8950562168140335,0.9999999999999999,0.8866592390244207
17,identity,C0-11-0,考古,考古|封存:探方档案,97,0.010309278350515464,0.0,0.01694915254237288,-0.12663564715471498,source_pos,0.8733643528452855,1.0000000000000004,0.8952748440063455
17,identity,C0-11-1,考古,考古|封存:探方档案,97,0.010309278350515464,0.0,0.010869565217391304,-0.1393279233268072,source_pos,0.8606720766731932,1.0000000000000004,0.9004622262779957
17,identity,C0-11-2,考古,考古|封存:探方档案,97,0.010309278350515464,0.0,0.021739130434782608,-0.11174506422283847,source_pos,0.8882549357771604,0.9999999999999989,0.9039828716419017
17,identity,C0-11-3,考古,考古|封存:探方档案,97,0.010309278350515464,0.0,0.03333333333333333,-0.09278588704551871,source_pos,0.9072141129544822,1.0000000000000009,0.9176985584965487
17,identity,C1-00-0,出版,出版|审定:封面配色,97,0.010309278350515464,0.0,0.019230769230769232,-0.14422030517467732,source_pos,0.8557796948253227,1.0,0.8597890880336494
17,identity,C1-00-1,出版,出版|审定:封面配色,97,0.010309278350515464,0.0,0.015873015873015872,-0.1877867623716667,source_pos,0.812213237628333,0.9999999999999997,0.8328905345812424
17,identity,C1-00-2,出版,出版|审定:封面配色,97,0.010309278350515464,0.0,0.020833333333333332,-0.13694350934019162,source_pos,0.8630564906598088,1.0000000000000004,0.8633367034266701
17,identity,C1-00-3,出版,出版|审定:封面配色,97,0.010309278350515464,0.0,0.017543859649122806,-0.12464858267221102,source_pos,0.8753514173277894,1.0000000000000004,0.8854479648554854
17,identity,C1-01-0,出版,出版|编排:索引条目,97,0.010309278350515464,0.0,0.02564102564102564,-0.14158844298835405,source_pos,0.8584115570116471,1.000000000000001,0.8533061683393444
17,identity,C1-01-1,出版,出版|编排:索引条目,97,0.010309278350515464,0.0,0.025,-0.16284518407836823,source_pos,0.8371548159216318,1.0,0.8351195668672737
17,identity,C1-01-2,出版,出版|编排:索引条目,97,0.010309278350515464,0.0,0.02564102564102564,-0.13046834808322794,source_pos,0.869531651916772,0.9999999999999999,0.8754060258977578
17,identity,C1-01-3,出版,出版|编排:索引条目,97,0.010309278350515464,0.0,0.02127659574468085,-0.1688286240818836,source_pos,0.8311713759181164,1.0,0.8652768198648209
17,identity,C1-02-0,出版,出版|录入:版权信息,97,0.010309278350515464,0.0,0.022222222222222223,-0.13646067054659217,source_pos,0.8635393294534075,0.9999999999999997,0.8633872878623086
17,identity,C1-02-1,出版,出版|录入:版权信息,97,0.010309278350515464,0.0,0.01694915254237288,-0.18108295580114742,source_pos,0.8189170441988523,0.9999999999999997,0.8482897465399676
17,identity,C1-02-2,出版,出版|录入:版权信息,97,0.010309278350515464,0.0,0.05263157894736842,-0.11738816072512515,source_pos,0.8826118392748746,0.9999999999999998,0.8707452236956321
17,identity,C1-02-3,出版,出版|录入:版权信息,97,0.010309278350515464,0.0,0.02631578947368421,-0.11955656794282299,source_pos,0.8804434320571775,1.0000000000000004,0.893485751048809
17,identity,C1-03-0,出版,出版|签署:印刷合同,97,0.010309278350515464,0.0,0.01694915254237288,-0.200453502874131,source_pos,0.7995464971258686,0.9999999999999996,0.830007350359914
17,identity,C1-03-1,出版,出版|签署:印刷合同,97,0.010309278350515464,0.0,0.012987012987012988,-0.20467540403582873,source_pos,0.7953245959641709,0.9999999999999997,0.8478928548313296
17,identity,C1-03-2,出版,出版|签署:印刷合同,97,0.010309278350515464,0.0,0.02,-0.12698641949185796,source_pos,0.8730135805081417,0.9999999999999997,0.8847832433283578
17,identity,C1-03-3,出版,出版|签署:印刷合同,97,0.010309278350515464,0.0,0.014925373134328358,-0.21489810651545127,source_pos,0.7851018934845481,0.9999999999999993,0.8266895562225229
17,identity,C1-04-0,出版,出版|发送:作者样书,97,0.010309278350515464,0.0,0.024390243902439025,-0.1422481508549076,source_pos,0.8577518491450922,0.9999999999999998,0.8456076236581658
17,identity,C1-04-1,出版,出版|发送:作者样书,97,0.010309278350515464,0.0,0.02,-0.19547023333437263,source_pos,0.8045297666656269,0.9999999999999996,0.824654834834297
17,identity,C1-04-2,出版,出版|发送:作者样书,97,0.010309278350515464,0.0,0.043478260869565216,-0.12670996818600033,source_pos,0.8732900318139996,0.9999999999999999,0.8769939262191622
17,identity,C1-04-3,出版,出版|发送:作者样书,97,0.010309278350515464,0.0,0.022727272727272728,-0.13978779199616198,source_pos,0.8602122080038376,0.9999999999999996,0.8786024957573155
17,identity,C1-05-0,出版,出版|绘制:装帧草图,97,0.010309278350515464,0.0,0.1,-0.08628377628424388,source_pos,0.9137162237157563,1.0000000000000002,0.9175838306555094
17,identity,C1-05-1,出版,出版|绘制:装帧草图,97,0.010309278350515464,0.0,0.0625,-0.11515024851365896,source_pos,0.88484975148634,0.999999999999999,0.8864253849227118
17,identity,C1-05-2,出版,出版|绘制:装帧草图,97,0.010309278350515464,0.0,0.058823529411764705,-0.09097558427122965,source_pos,0.9090244157287706,1.0000000000000002,0.903398093522876
17,identity,C1-05-3,出版,出版|绘制:装帧草图,97,0.010309278350515464,0.0,0.125,-0.07545996773751251,source_pos,0.9245400322624882,1.0000000000000007,0.9348307280718429
17,identity,C1-06-0,出版,出版|裁切:校样纸张,97,0.010309278350515464,0.0,0.022727272727272728,-0.17316244533225733,source_pos,0.8268375546677431,1.0000000000000004,0.823104076347331
17,identity,C1-06-1,出版,出版|裁切:校样纸张,97,0.010309278350515464,0.0,0.019230769230769232,-0.1950940170225921,source_pos,0.8049059829774083,1.0000000000000004,0.8257040606339382
17,identity,C1-06-2,出版,出版|裁切:校样纸张,97,0.010309278350515464,0.0,0.045454545454545456,-0.11060826068012208,source_pos,0.8893917393198781,1.0000000000000002,0.8800781989862992
17,identity,C1-06-3,出版,出版|裁切:校样纸张,97,0.010309278350515464,0.0,0.019230769230769232,-0.17271887428475596,source_pos,0.8272811257152437,0.9999999999999997,0.8455383002218542
17,identity,C1-07-0,出版,出版|核算:印制成本,97,0.010309278350515464,0.0,0.02040816326530612,-0.1591579189646367,source_pos,0.8408420810353637,1.0000000000000004,0.8340423017875143
17,identity,C1-07-1,出版,出版|核算:印制成本,97,0.010309278350515464,0.0,0.019230769230769232,-0.15711226401741452,source_pos,0.8428877359825855,1.0,0.8483939333422625
17,identity,C1-07-2,出版,出版|核算:印制成本,97,0.010309278350515464,0.0,0.07142857142857142,-0.10598285676506192,source_pos,0.8940171432349383,1.0000000000000002,0.8941345561095431
17,identity,C1-07-3,出版,出版|核算:印制成本,97,0.010309278350515464,0.0,0.07692307692307693,-0.09451904972800973,source_pos,0.9054809502719912,1.0000000000000009,0.9097929810788186
17,identity,C1-08-0,出版,出版|装订:试印样本,97,0.010309278350515464,0.0,0.025,-0.1281085047796655,source_pos,0.8718914952203345,1.0,0.8792409535511382
17,identity,C1-08-1,出版,出版|装订:试印样本,97,0.010309278350515464,0.0,0.01818181818181818,-0.18633816516013257,source_pos,0.8136618348398669,0.9999999999999994,0.8332100675279523
17,identity,C1-08-2,出版,出版|装订:试印样本,97,0.010309278350515464,0.0,0.07142857142857142,-0.1032460693537125,source_pos,0.896753930646287,0.9999999999999994,0.8967683665292882
17,identity,C1-08-3,出版,出版|装订:试印样本,97,0.010309278350515464,0.0,0.02127659574468085,-0.12067308251415476,source_pos,0.8793269174858451,0.9999999999999999,0.9093617390347197
17,identity,C1-09-0,出版,出版|编写:发行通知,97,0.010309278350515464,0.0,0.022222222222222223,-0.1919476165656947,source_pos,0.8080523834343049,0.9999999999999996,0.8100479445954798
17,identity,C1-09-1,出版,出版|编写:发行通知,97,0.010309278350515464,0.0,0.016666666666666666,-0.1870710106824205,source_pos,0.8129289893175794,0.9999999999999999,0.8459719165669497
17,identity,C1-09-2,出版,出版|编写:发行通知,97,0.010309278350515464,0.0,0.02631578947368421,-0.12580125544301302,source_pos,0.8741987445569865,0.9999999999999996,0.8660101144511008
17,identity,C1-09-3,出版,出版|编写:发行通知,97,0.010309278350515464,0.0,0.02040816326530612,-0.16331489732922055,source_pos,0.8366851026707793,0.9999999999999999,0.8612202090460072
17,identity,C1-10-0,出版,出版|收录:勘误条目,97,0.010309278350515464,0.0,0.03333333333333333,-0.11662715651270938,source_pos,0.8833728434872906,1.0,0.8775757378911246
17,identity,C1-10-1,出版,出版|收录:勘误条目,97,0.010309278350515464,0.0,0.017857142857142856,-0.1880346776985975,source_pos,0.8119653223014018,0.9999999999999993,0.8351233211826795
17,identity,C1-10-2,出版,出版|收录:勘误条目,97,0.010309278350515464,0.0,0.02857142857142857,-0.11232454196270003,source_pos,0.8876754580373,1.0,0.8917140434157356
17,identity,C1-10-3,出版,出版|收录:勘误条目,97,0.010309278350515464,0.0,0.0625,-0.09552460005709484,source_pos,0.9044753999429049,0.9999999999999998,0.9172635883995017
17,identity,C1-11-0,出版,出版|登记:稿酬金额,97,0.010309278350515464,0.0,0.014925373134328358,-0.15814847169529345,source_pos,0.8418515283047066,1.0,0.8814634119214194
17,identity,C1-11-1,出版,出版|登记:稿酬金额,97,0.010309278350515464,0.0,0.014285714285714285,-0.21047855732958398,source_pos,0.7895214426704158,0.9999999999999998,0.8397439464649831
17,identity,C1-11-2,出版,出版|登记:稿酬金额,97,0.010309278350515464,0.0,0.01694915254237288,-0.136955976599205,source_pos,0.863044023400795,1.0,0.8902108889771501
17,identity,C1-11-3,出版,出版|登记:稿酬金额,97,0.010309278350515464,0.0,0.012987012987012988,-0.20375419583070686,source_pos,0.7962458041692931,1.0,0.8518740492254668
17,shift,C0-00-0,考古,考古|测量:墓室尺寸,97,0.010309278350515464,0.0,0.2,-0.06310496721600112,source_pos,0.9177363030947947,0.9808412703107958,0.9170278691140179
17,shift,C0-00-1,考古,考古|测量:墓室尺寸,97,0.010309278350515464,0.0,0.2,-0.04866846405027003,source_pos,0.9323704543285373,0.9810389183788073,0.9318492910186331
17,shift,C0-00-2,考古,考古|测量:墓室尺寸,97,0.010309278350515464,0.0,0.2,-0.056231296518886476,source_pos,0.9232896946589881,0.9795209911778746,0.9224043573729683
17,shift,C0-00-3,考古,考古|测量:墓室尺寸,97,0.010309278350515464,0.0,0.16666666666666666,-0.06047313646908514,source_pos,0.9204001031776512,0.9808732396467363,0.9222292776178347
17,shift,C0-01-0,考古,考古|描绘:壁画轮廓,97,0.010309278350515464,0.0,0.08333333333333333,-0.05159559026974636,source_pos,0.9291631506235382,0.9807587408932845,0.9312678248534383
17,shift,C0-01-1,考古,考古|描绘:壁画轮廓,97,0.010309278350515464,0.0,0.09090909090909091,-0.05265807607432149,source_pos,0.9278100225875825,0.980468098661904,0.9279461103980479
17,shift,C0-01-2,考古,考古|描绘:壁画轮廓,97,0.010309278350515464,0.0,0.08333333333333333,-0.06773102456085911,source_pos,0.909988180407112,0.9777192049679712,0.915596112434595
17,shift,C0-01-3,考古,考古|描绘:壁画轮廓,97,0.010309278350515464,0.0,0.16666666666666666,-0.03456804001734892,source_pos,0.9452365230740669,0.9798045630914158,0.9504731476857082
17,shift,C0-02-0,考古,考古|登记:石器重量,97,0.010309278350515464,0.0,0.038461538461538464,-0.08954096201507866,source_pos,0.888813436542937,0.9783543985580156,0.8958755619499441
17,shift,C0-02-1,考古,考古|登记:石器重量,97,0.010309278350515464,0.0,0.016666666666666666,-0.14605161655681365,source_pos,0.8328316708292843,0.978883287386098,0.8580233221154872
17,shift,C0-02-2,考古,考古|登记:石器重量,97,0.010309278350515464,0.0,0.125,-0.0836772328339066,source_pos,0.8944476351783472,0.9781248680122538,0.8967427267370283
17,shift,C0-02-3,考古,考古|登记:石器重量,97,0.010309278350515464,0.0,0.3333333333333333,-0.041833886596074676,source_pos,0.9369023101831361,0.9787361967792108,0.9311224217624071
17,shift,C0-03-0,考古,考古|拍摄:遗迹剖面,97,0.010309278350515464,0.0,0.0625,-0.05537758566812434,source_pos,0.9251621890173761,0.9805397746855005,0.9279637165071326
17,shift,C0-03-1,考古,考古|拍摄:遗迹剖面,97,0.010309278350515464,0.0,0.0625,-0.06328610738325158,source_pos,0.9175811321421798,0.9808672395254314,0.9202516115165646
17,shift,C0-03-2,考古,考古|拍摄:遗迹剖面,97,0.010309278350515464,0.0,0.1111111111111111,-0.04338768630185952,source_pos,0.9369512972988735,0.980338983600733,0.9309881333511298
17,shift,C0-03-3,考古,考古|拍摄:遗迹剖面,97,0.010309278350515464,0.0,0.08333333333333333,-0.04930013763692109,source_pos,0.9311467522286724,0.9804468898655935,0.935350952188508
17,shift,C0-04-0,考古,考古|修复:青铜饰件,97,0.010309278350515464,0.0,0.03125,-0.11918903814386772,source_pos,0.8583932807796258,0.9775823189234936,0.8513660441095136
17,shift,C0-04-1,考古,考古|修复:青铜饰件,97,0.010309278350515464,0.0,0.04,-0.21484353174234072,source_pos,0.7622620806006069,0.9771056123429476,0.7672991785397579
17,shift,C0-04-2,考古,考古|修复:青铜饰件,97,0.010309278350515464,0.0,0.02857142857142857,-0.07667708074274926,source_pos,0.9021156110301252,0.9787926917728744,0.9013800252282574
17,shift,C0-04-3,考古,考古|修复:青铜饰件,97,0.010309278350515464,0.0,0.08333333333333333,-0.05888069572403143,source_pos,0.9201758019101023,0.9790564976341337,0.9112655465969786
17,shift,C0-05-0,考古,考古|包装:骨骼标本,97,0.010309278350515464,0.0,0.045454545454545456,-0.07698787725523482,source_pos,0.9025967029455906,0.9795845802008254,0.9058279902839965
17,shift,C0-05-1,考古,考古|包装:骨骼标本,97,0.010309278350515464,0.0,0.038461538461538464,-0.11170583530624867,source_pos,0.8672110590333805,0.9789168943396291,0.8736942669588986
17,shift,C0-05-2,考古,考古|包装:骨骼标本,97,0.010309278350515464,0.0,0.25,-0.0677474804023005,source_pos,0.9118505271097971,0.9795980075120976,0.8929291653335739
17,shift,C0-05-3,考古,考古|包装:骨骼标本,97,0.010309278350515464,0.0,0.3333333333333333,-0.044943633389114446,source_pos,0.9360141672683613,0.9809578006574757,0.9326542387104997
17,shift,C0-06-0,考古,考古|筛分:填土沉积物,97,0.010309278350515464,0.0,0.14285714285714285,-0.06099805129293867,source_pos,0.9193194599080623,0.980317511201001,0.9123387085984304
17,shift,C0-06-1,考古,考古|筛分:填土沉积物,97,0.010309278350515464,0.0,0.05,-0.07939333515957159,source_pos,0.899707909787378,0.9791012449469496,0.9095628797865396
17,shift,C0-06-2,考古,考古|筛分:填土沉积物,97,0.010309278350515464,0.0,0.2,-0.053769188749037244,source_pos,0.9262479326903585,0.9800171214393958,0.9244706088983903
17,shift,C0-06-3,考古,考古|筛分:填土沉积物,97,0.010309278350515464,0.0,0.125,-0.0548732776960108,source_pos,0.9253360278043878,0.9802093055003986,0.933945625482235
17,shift,C0-07-0,考古,考古|拼接:陶片纹样,97,0.010309278350515464,0.0,0.047619047619047616,-0.0754548131259134,source_pos,0.9023456300583768,0.9778004431842902,0.8944281985434199
17,shift,C0-07-1,考古,考古|拼接:陶片纹样,97,0.010309278350515464,0.0,0.03125,-0.09765045283578244,source_pos,0.8812811327544141,0.9789315855901966,0.8893890708524204
17,shift,C0-07-2,考古,考古|拼接:陶片纹样,97,0.010309278350515464,0.0,0.2,-0.06116482312981464,source_pos,0.9176402903374123,0.978805113467227,0.9104681900452172
17,shift,C0-07-3,考古,考古|拼接:陶片纹样,97,0.010309278350515464,0.0,0.14285714285714285,-0.05257946399502067,source_pos,0.9270724055751939,0.9796518695702146,0.9183514126071515
17,shift,C0-08-0,考古,考古|加固:墓道支撑,97,0.010309278350515464,0.0,0.043478260869565216,-0.06945360375973952,source_pos,0.9117716283551739,0.9812252321149134,0.9151072493264109
17,shift,C0-08-1,考古,考古|加固:墓道支撑,97,0.010309278350515464,0.0,0.07142857142857142,-0.08186374555387932,source_pos,0.8997397734841625,0.9816035190380418,0.8967332915521463
17,shift,C0-08-2,考古,考古|加固:墓道支撑,97,0.010309278350515464,0.0,0.047619047619047616,-0.0723158605944525,source_pos,0.9092084510434035,0.981524311637856,0.9221249820815394
17,shift,C0-08-3,考古,考古|加固:墓道支撑,97,0.010309278350515464,0.0,0.125,-0.05953399950961635,source_pos,0.9218653800221495,0.9813993795317658,0.9059243706188658
17,shift,C0-09-0,考古,考古|翻译:碑刻文字,97,0.010309278350515464,0.0,0.047619047619047616,-0.08152676320776886,source_pos,0.8981313582600692,0.979658121467838,0.906356292330765
17,shift,C0-09-1,考古,考古|翻译:碑刻文字,97,0.010309278350515464,0.0,0.0196078431372549,-0.1774201234274635,source_pos,0.8003109907845378,0.9777311142120013,0.8199079104770451
17,shift,C0-09-2,考古,考古|翻译:碑刻文字,97,0.010309278350515464,0.0,0.125,-0.06020286122158158,source_pos,0.9201110720309746,0.9803139332525562,0.9231331732400411
17,shift,C0-09-3,考古,考古|翻译:碑刻文字,97,0.010309278350515464,0.0,0.07142857142857142,-0.057060229269908724,source_pos,0.9236678884838595,0.9807281177537682,0.93143761011764
17,shift,C0-10-0,考古,考古|搭建:遮雨棚架,97,0.010309278350515464,0.0,0.05,-0.06484600535275187,source_pos,0.915523050711123,0.9803690560638749,0.9128307113493143
17,shift,C0-10-1,考古,考古|搭建:遮雨棚架,97,0.010309278350515464,0.0,0.037037037037037035,-0.13540498514524368,source_pos,0.8430315607327264,0.9784365458779701,0.8513034445209825
17,shift,C0-10-2,考古,考古|搭建:遮雨棚架,97,0.010309278350515464,0.0,0.1111111111111111,-0.07186203917693557,source_pos,0.9081704748398183,0.9800325140167538,0.9036982576818853
17,shift,C0-10-3,考古,考古|搭建:遮雨棚架,97,0.010309278350515464,0.0,0.07142857142857142,-0.06252113971792228,source_pos,0.9176601781022065,0.9801813178201287,0.9060393945675458
17,shift,C0-11-0,考古,考古|封存:探方档案,97,0.010309278350515464,0.0,0.030303030303030304,-0.08712888062286972,source_pos,0.8940405676093055,0.9811694482321752,0.9065783186710661
17,shift,C0-11-1,考古,考古|封存:探方档案,97,0.010309278350515464,0.0,0.0136986301369863,-0.10127332127435029,source_pos,0.8802830169787742,0.9815563382531245,0.9058878172948429
17,shift,C0-11-2,考古,考古|封存:探方档案,97,0.010309278350515464,0.0,0.07142857142857142,-0.07990724776272085,source_pos,0.9005789047149615,0.9804861524776823,0.9078636242279444
17,shift,C0-11-3,考古,考古|封存:探方档案,97,0.010309278350515464,0.0,0.07142857142857142,-0.0638345529144897,source_pos,0.9177525814210163,0.981587134335506,0.922409698173389
17,shift,C1-00-0,出版,出版|审定:封面配色,97,0.010309278350515464,0.0,0.023809523809523808,-0.09625414512508013,source_pos,0.8814711338854812,0.9777252790105613,0.8858095617138055
17,shift,C1-00-1,出版,出版|审定:封面配色,97,0.010309278350515464,0.0,0.017543859649122806,-0.1308547044317664,source_pos,0.8463317463175464,0.9771864507493128,0.862626898409309
17,shift,C1-00-2,出版,出版|审定:封面配色,97,0.010309278350515464,0.0,0.041666666666666664,-0.08720384644711177,source_pos,0.8900895847793372,0.977293431226449,0.8912610545522015
17,shift,C1-00-3,出版,出版|审定:封面配色,97,0.010309278350515464,0.0,0.029411764705882353,-0.08457338926077984,source_pos,0.8929788304289579,0.9775522196897377,0.9052088354877432
17,shift,C1-01-0,出版,出版|编排:索引条目,97,0.010309278350515464,0.0,0.03333333333333333,-0.09874765891977488,source_pos,0.8788990842376678,0.9776467431574427,0.878919456958455
17,shift,C1-01-1,出版,出版|编排:索引条目,97,0.010309278350515464,0.0,0.037037037037037035,-0.11412853392839495,source_pos,0.8647763928690717,0.9789049267974667,0.8579209836456401
17,shift,C1-01-2,出版,出版|编排:索引条目,97,0.010309278350515464,0.0,0.038461538461538464,-0.09555309696319714,source_pos,0.8827390249903021,0.9782921219534992,0.893228059376941
17,shift,C1-01-3,出版,出版|编排:索引条目,97,0.010309278350515464,0.0,0.023255813953488372,-0.12903693092695834,source_pos,0.8482516801718338,0.9772886110987922,0.8859822854120418
17,shift,C1-02-0,出版,出版|录入:版权信息,97,0.010309278350515464,0.0,0.047619047619047616,-0.08898328637771669,source_pos,0.8876786919917647,0.9766619783694814,0.8850894898295847
17,shift,C1-02-1,出版,出版|录入:版权信息,97,0.010309278350515464,0.0,0.02,-0.12876427201873109,source_pos,0.8483561042464798,0.9771203762652109,0.8679239819235302
17,shift,C1-02-2,出版,出版|录入:版权信息,97,0.010309278350515464,0.0,0.16666666666666666,-0.0787398827986302,source_pos,0.8984993752565713,0.9772392580552015,0.8904044597634333
17,shift,C1-02-3,出版,出版|录入:版权信息,97,0.010309278350515464,0.0,0.045454545454545456,-0.08914672842132942,source_pos,0.88829850261741,0.9774452310387394,0.9055115461181547
17,shift,C1-03-0,出版,出版|签署:印刷合同,97,0.010309278350515464,0.0,0.02,-0.14738181397817318,source_pos,0.8301012041459095,0.9774830181240827,0.8525686303718866
17,shift,C1-03-1,出版,出版|签署:印刷合同,97,0.010309278350515464,0.0,0.015384615384615385,-0.1499930780608576,source_pos,0.828014493043713,0.9780075711045706,0.8680248319701241
17,shift,C1-03-2,出版,出版|签署:印刷合同,97,0.010309278350515464,0.0,0.043478260869565216,-0.09272446835840775,source_pos,0.8867286336640039,0.9794531020224116,0.8954236775090015
17,shift,C1-03-3,出版,出版|签署:印刷合同,97,0.010309278350515464,0.0,0.016129032258064516,-0.1684746924012549,source_pos,0.809056043345905,0.9775307357471599,0.8478046609304117
17,shift,C1-04-0,出版,出版|发送:作者样书,97,0.010309278350515464,0.0,0.037037037037037035,-0.0968019865577886,source_pos,0.8811861065424161,0.9779880931002047,0.8725047114469243
17,shift,C1-04-1,出版,出版|发送:作者样书,97,0.010309278350515464,0.0,0.023809523809523808,-0.13327283175206783,source_pos,0.8428179294128169,0.9760907611648847,0.856076753903231
17,shift,C1-04-2,出版,出版|发送:作者样书,97,0.010309278350515464,0.0,0.14285714285714285,-0.08275044795095221,source_pos,0.8966421757144367,0.9793926236653889,0.8971814834244047
17,shift,C1-04-3,出版,出版|发送:作者样书,97,0.010309278350515464,0.0,0.045454545454545456,-0.09491805219379934,source_pos,0.8832292310387889,0.9781472832325883,0.8957734292857429
17,shift,C1-05-0,出版,出版|绘制:装帧草图,97,0.010309278350515464,0.0,0.125,-0.05397478962670876,source_pos,0.9258138731739352,0.9797886628006439,0.935106134491682
17,shift,C1-05-1,出版,出版|绘制:装帧草图,97,0.010309278350515464,0.0,0.1111111111111111,-0.07506173810027728,source_pos,0.9039896272218808,0.9790513653221581,0.9019435950448176
17,shift,C1-05-2,出版,出版|绘制:装帧草图,97,0.010309278350515464,0.0,0.125,-0.058538282015807686,source_pos,0.9208522623126209,0.9793905443284285,0.9238674651676577
17,shift,C1-05-3,出版,出版|绘制:装帧草图,97,0.010309278350515464,0.0,0.14285714285714285,-0.04775013717132626,source_pos,0.9323352002441141,0.9800853374154403,0.9485044868960255
17,shift,C1-06-0,出版,出版|裁切:校样纸张,97,0.010309278350515464,0.0,0.025,-0.12507989937736574,source_pos,0.8532755503115793,0.9783554496889451,0.8520052014626878
17,shift,C1-06-1,出版,出版|裁切:校样纸张,97,0.010309278350515464,0.0,0.020833333333333332,-0.1438253736765146,source_pos,0.8350094520782729,0.9788348257547875,0.8525866538182266
17,shift,C1-06-2,出版,出版|裁切:校样纸张,97,0.010309278350515464,0.0,0.2,-0.06815680798597668,source_pos,0.9104574720046223,0.978614279990599,0.8990131894310758
17,shift,C1-06-3,出版,出版|裁切:校样纸张,97,0.010309278350515464,0.0,0.022222222222222223,-0.12919633858619795,source_pos,0.8482096527903058,0.9774059913765037,0.8696382835167709
17,shift,C1-07-0,出版,出版|核算:印制成本,97,0.010309278350515464,0.0,0.03333333333333333,-0.10977268074029467,source_pos,0.8680462923165975,0.9778189730568921,0.8600323308347144
17,shift,C1-07-1,出版,出版|核算:印制成本,97,0.010309278350515464,0.0,0.03333333333333333,-0.10885671679482545,source_pos,0.8699863476789197,0.9788430644737451,0.8718090201863076
17,shift,C1-07-2,出版,出版|核算:印制成本,97,0.010309278350515464,0.0,0.16666666666666666,-0.06680889603084439,source_pos,0.9129849028548369,0.9797937988856813,0.9144249680105606
17,shift,C1-07-3,出版,出版|核算:印制成本,97,0.010309278350515464,0.0,0.125,-0.06258604336787033,source_pos,0.9168511598337699,0.9794372032016402,0.9258880762359857
17,shift,C1-08-0,出版,出版|装订:试印样本,97,0.010309278350515464,0.0,0.06666666666666667,-0.08246901804345619,source_pos,0.896548247363168,0.9790172654066241,0.9018203120244108
17,shift,C1-08-1,出版,出版|装订:试印样本,97,0.010309278350515464,0.0,0.03125,-0.1324225193534493,source_pos,0.8466611823184005,0.9790837016718498,0.8609099896993955
17,shift,C1-08-2,出版,出版|装订:试印样本,97,0.010309278350515464,0.0,0.2,-0.06564662944773847,source_pos,0.9153376976203692,0.9809843270681077,0.9145797671676729
17,shift,C1-08-3,出版,出版|装订:试印样本,97,0.010309278350515464,0.0,0.03225806451612903,-0.08206269230359609,source_pos,0.8969464218735641,0.9790091141771602,0.9269593165699404
17,shift,C1-09-0,出版,出版|编写:发行通知,97,0.010309278350515464,0.0,0.027777777777777776,-0.13881058280979808,source_pos,0.8391430562892186,0.9779536390990167,0.837731925040853
17,shift,C1-09-1,出版,出版|编写:发行通知,97,0.010309278350515464,0.0,0.02,-0.1364451184685398,source_pos,0.8422292564320606,0.9786743749006004,0.8680305656261307
17,shift,C1-09-2,出版,出版|编写:发行通知,97,0.010309278350515464,0.0,0.05263157894736842,-0.08930196265263324,source_pos,0.8893474057653108,0.978649368417944,0.8818496238771223
17,shift,C1-09-3,出版,出版|编写:发行通知,97,0.010309278350515464,0.0,0.022222222222222223,-0.12599287416794425,source_pos,0.8529556247343821,0.9789484989023264,0.8798227056847592
17,shift,C1-10-0,出版,出版|收录:勘误条目,97,0.010309278350515464,0.0,0.2,-0.07206406089894324,source_pos,0.9057651175279575,0.9778291784269008,0.8996986865968665
17,shift,C1-10-1,出版,出版|收录:勘误条目,97,0.010309278350515464,0.0,0.02127659574468085,-0.13402651623777528,source_pos,0.8430957897989416,0.9771223060367169,0.8580783176129148
17,shift,C1-10-2,出版,出版|收录:勘误条目,97,0.010309278350515464,0.0,0.1,-0.07201417293845758,source_pos,0.9054303283459633,0.9774445012844208,0.9141077735633141
17,shift,C1-10-3,出版,出版|收录:勘误条目,97,0.010309278350515464,0.0,0.08333333333333333,-0.06732538710647862,source_pos,0.9118584957106945,0.9791838828171732,0.9309933405626133
17,shift,C1-11-0,出版,出版|登记:稿酬金额,97,0.010309278350515464,0.0,0.01818181818181818,-0.12118442751087866,source_pos,0.859505846627021,0.9806902741378997,0.8930864632055154
17,shift,C1-11-1,出版,出版|登记:稿酬金额,97,0.010309278350515464,0.0,0.01639344262295082,-0.16422940329734625,source_pos,0.8157916290016964,0.9800210322990427,0.8550499319176872
17,shift,C1-11-2,出版,出版|登记:稿酬金额,97,0.010309278350515464,0.0,0.043478260869565216,-0.10363613178605646,source_pos,0.8776000213214996,0.9812361531075561,0.898206161618339
17,shift,C1-11-3,出版,出版|登记:稿酬金额,97,0.010309278350515464,0.0,0.013888888888888888,-0.1620110902338998,source_pos,0.8172322664740275,0.9792433567079273,0.8676471880649721
17,rank1,C0-00-0,考古,考古|测量:墓室尺寸,97,0.010309278350515464,0.0,0.2,-0.04851840699997201,source_pos,0.9152728299587973,0.9637912369587693,0.9140546515205594
17,rank1,C0-00-1,考古,考古|测量:墓室尺寸,97,0.010309278350515464,0.0,0.25,-0.040195686096486494,source_pos,0.9289652120616627,0.9691608981581492,0.928775870002827
17,rank1,C0-00-2,考古,考古|测量:墓室尺寸,97,0.010309278350515464,0.0,0.16666666666666666,-0.04892862668922726,source_pos,0.9151952889239505,0.9641239156131778,0.9186524873654004
17,rank1,C0-00-3,考古,考古|测量:墓室尺寸,97,0.010309278350515464,0.0,0.125,-0.044000478342460014,source_pos,0.9187251973837098,0.9627256757261698,0.9258269517743212
17,rank1,C0-01-0,考古,考古|描绘:壁画轮廓,97,0.010309278350515464,0.0,0.16666666666666666,-0.03965176679989468,source_pos,0.9341138842013336,0.9737656510012282,0.9333625567257968
17,rank1,C0-01-1,考古,考古|描绘:壁画轮廓,97,0.010309278350515464,0.0,0.09090909090909091,-0.04984004866642411,source_pos,0.9267021609602412,0.9765422096266653,0.9271178645263004
17,rank1,C0-01-2,考古,考古|描绘:壁画轮廓,97,0.010309278350515464,0.0,0.08333333333333333,-0.06928383661483206,source_pos,0.9085492414064733,0.9778330780213054,0.9145547963021157
17,rank1,C0-01-3,考古,考古|描绘:壁画轮廓,97,0.010309278350515464,0.0,0.16666666666666666,-0.03294752228530451,source_pos,0.9427079446953707,0.9756554669806752,0.952469422949647
17,rank1,C0-02-0,考古,考古|登记:石器重量,97,0.010309278350515464,0.0,0.047619047619047616,-0.09619321288094884,source_pos,0.8809229366408353,0.9771161495217842,0.8861065659964508
17,rank1,C0-02-1,考古,考古|登记:石器重量,97,0.010309278350515464,0.0,0.016129032258064516,-0.14284831980437795,source_pos,0.8356143531135465,0.9784626729179244,0.861432808144348
17,rank1,C0-02-2,考古,考古|登记:石器重量,97,0.010309278350515464,0.0,0.16666666666666666,-0.08371894409963421,source_pos,0.8843729081129312,0.9680918522125654,0.8805686447685979
17,rank1,C0-02-3,考古,考古|登记:石器重量,97,0.010309278350515464,0.0,0.3333333333333333,-0.0446596865468506,source_pos,0.9321487578641896,0.9768084444110402,0.9272940248354753
17,rank1,C0-03-0,考古,考古|拍摄:遗迹剖面,97,0.010309278350515464,0.0,0.1111111111111111,-0.046448210497439524,source_pos,0.9291805157527251,0.9756287262501646,0.9285657823138256
17,rank1,C0-03-1,考古,考古|拍摄:遗迹剖面,97,0.010309278350515464,0.0,0.07692307692307693,-0.055050489642695655,source_pos,0.9205808712369793,0.975631360879675,0.9205841994004655
17,rank1,C0-03-2,考古,考古|拍摄:遗迹剖面,97,0.010309278350515464,0.0,0.2,-0.03659094620732517,source_pos,0.9386989633677354,0.9752899095750606,0.9311906758791659
17,rank1,C0-03-3,考古,考古|拍摄:遗迹剖面,97,0.010309278350515464,0.0,0.1,-0.03777042554288845,source_pos,0.9371719633903303,0.9749423889332187,0.9433281141352496
17,rank1,C0-04-0,考古,考古|修复:青铜饰件,97,0.010309278350515464,0.0,0.03225806451612903,-0.13209665356133904,source_pos,0.8450977196409357,0.9771943732022748,0.8390020153833343
17,rank1,C0-04-1,考古,考古|修复:青铜饰件,97,0.010309278350515464,0.0,0.037037037037037035,-0.18052069452351627,source_pos,0.7908109703633657,0.9713316648868819,0.7933474808971641
17,rank1,C0-04-2,考古,考古|修复:青铜饰件,97,0.010309278350515464,0.0,0.03225806451612903,-0.08607218833461361,source_pos,0.8901504057713656,0.9762225941059792,0.8898571661768557
17,rank1,C0-04-3,考古,考古|修复:青铜饰件,97,0.010309278350515464,0.0,0.0625,-0.07023900329463495,source_pos,0.9028507647995705,0.9730897680942054,0.9002954530641455
17,rank1,C0-05-0,考古,考古|包装:骨骼标本,97,0.010309278350515464,0.0,0.045454545454545456,-0.08391193824018184,source_pos,0.8929913451454121,0.976903283385594,0.8947958933917449
17,rank1,C0-05-1,考古,考古|包装:骨骼标本,97,0.010309278350515464,0.0,0.038461538461538464,-0.1165611930377557,source_pos,0.8624537453346232,0.9790149383723789,0.8684839871398511
17,rank1,C0-05-2,考古,考古|包装:骨骼标本,97,0.010309278350515464,0.0,0.2,-0.0713892438237198,source_pos,0.9021170732556232,0.973506317079343,0.8844157646026625
17,rank1,C0-05-3,考古,考古|包装:骨骼标本,97,0.010309278350515464,0.0,0.25,-0.034947593702215785,source_pos,0.9354617495966274,0.9704093432988432,0.939196937060226
17,rank1,C0-06-0,考古,考古|筛分:填土沉积物,97,0.010309278350515464,0.0,0.14285714285714285,-0.0669036115021372,source_pos,0.9098065099570014,0.9767101214591386,0.8994927520407839
17,rank1,C0-06-1,考古,考古|筛分:填土沉积物,97,0.010309278350515464,0.0,0.05263157894736842,-0.08562837294777026,source_pos,0.8927708608148296,0.9783992337625999,0.9007699635035775
17,rank1,C0-06-2,考古,考古|筛分:填土沉积物,97,0.010309278350515464,0.0,0.125,-0.062333646179888125,source_pos,0.9131044116635794,0.9754380578434675,0.9150530609820147
17,rank1,C0-06-3,考古,考古|筛分:填土沉积物,97,0.010309278350515464,0.0,0.125,-0.06003314233876589,source_pos,0.9170229417596836,0.9770560840984495,0.9281610357252037
17,rank1,C0-07-0,考古,考古|拼接:陶片纹样,97,0.010309278350515464,0.0,0.05,-0.08230651442067938,source_pos,0.8932623993613067,0.9755689137819861,0.8833186176693741
17,rank1,C0-07-1,考古,考古|拼接:陶片纹样,97,0.010309278350515464,0.0,0.03225806451612903,-0.10388202283956793,source_pos,0.8741214717223783,0.9780034945619462,0.8826854907577859
17,rank1,C0-07-2,考古,考古|拼接:陶片纹样,97,0.010309278350515464,0.0,0.25,-0.054401444513543784,source_pos,0.9125094190577169,0.9669108635712607,0.9094626353603098
17,rank1,C0-07-3,考古,考古|拼接:陶片纹样,97,0.010309278350515464,0.0,0.25,-0.0460935895398924,source_pos,0.9222340064789967,0.9683275960188891,0.9189247244925817
17,rank1,C0-08-0,考古,考古|加固:墓道支撑,97,0.010309278350515464,0.0,0.0625,-0.06433267596356962,source_pos,0.9116482979251521,0.9759809738887217,0.9095034728088143
17,rank1,C0-08-1,考古,考古|加固:墓道支撑,97,0.010309278350515464,0.0,0.07692307692307693,-0.08504321515656232,source_pos,0.8952095162391032,0.9802527313956655,0.8922838833937802
17,rank1,C0-08-2,考古,考古|加固:墓道支撑,97,0.010309278350515464,0.0,0.07692307692307693,-0.06216397733630197,source_pos,0.9134358726744577,0.9755998500107597,0.922378575603985
17,rank1,C0-08-3,考古,考古|加固:墓道支撑,97,0.010309278350515464,0.0,0.2,-0.04872716178053471,source_pos,0.9250968649979701,0.9738240267785048,0.9132660515861131
17,rank1,C0-09-0,考古,考古|翻译:碑刻文字,97,0.010309278350515464,0.0,0.043478260869565216,-0.08689749229685051,source_pos,0.8910821571713855,0.977979649468236,0.8984337848556944
17,rank1,C0-09-1,考古,考古|翻译:碑刻文字,97,0.010309278350515464,0.0,0.017241379310344827,-0.16026603048293098,source_pos,0.814283376235408,0.974549406718339,0.8361769851131546
17,rank1,C0-09-2,考古,考古|翻译:碑刻文字,97,0.010309278350515464,0.0,0.25,-0.0514432282639421,source_pos,0.9208826640457873,0.9723258923097294,0.9187055491552691
17,rank1,C0-09-3,考古,考古|翻译:碑刻文字,97,0.010309278350515464,0.0,0.125,-0.04715399993440561,source_pos,0.9249777755814257,0.9721317755158313,0.9286580060769705
17,rank1,C0-10-0,考古,考古|搭建:遮雨棚架,97,0.010309278350515464,0.0,0.06666666666666667,-0.05658086601292045,source_pos,0.9138009092088095,0.97038177522173,0.9107305561598367
17,rank1,C0-10-1,考古,考古|搭建:遮雨棚架,97,0.010309278350515464,0.0,0.03571428571428571,-0.12775517408802373,source_pos,0.8495002407841473,0.977255414872171,0.8583575970595063
17,rank1,C0-10-2,考古,考古|搭建:遮雨棚架,97,0.010309278350515464,0.0,0.14285714285714285,-0.07054645688773586,source_pos,0.9041779842364037,0.9747244411241396,0.8996122525114673
17,rank1,C0-10-3,考古,考古|搭建:遮雨棚架,97,0.010309278350515464,0.0,0.1,-0.04831692154298062,source_pos,0.9194182738985888,0.9677351954415694,0.911528569809029
17,rank1,C0-11-0,考古,考古|封存:探方档案,97,0.010309278350515464,0.0,0.05555555555555555,-0.07899278065475823,source_pos,0.8959354182537556,0.9749281989085138,0.9015164406688321
17,rank1,C0-11-1,考古,考古|封存:探方档案,97,0.010309278350515464,0.0,0.015625,-0.09541736022879288,source_pos,0.881900737838242,0.9773180980670348,0.9035249549890376
17,rank1,C0-11-2,考古,考古|封存:探方档案,97,0.010309278350515464,0.0,0.07692307692307693,-0.08075760552663325,source_pos,0.8991867022100878,0.979944307736721,0.9044977455486707
17,rank1,C0-11-3,考古,考古|封存:探方档案,97,0.010309278350515464,0.0,0.1111111111111111,-0.049750637290042254,source_pos,0.9243633727175518,0.974114010007594,0.9248174719428188
17,rank1,C1-00-0,出版,出版|审定:封面配色,97,0.010309278350515464,0.0,0.023809523809523808,-0.09582053135081603,source_pos,0.8818669591239889,0.977687490474805,0.886070986749159
17,rank1,C1-00-1,出版,出版|审定:封面配色,97,0.010309278350515464,0.0,0.018867924528301886,-0.11195943426325017,source_pos,0.8621283908072501,0.9740878250705003,0.8743067960339114
17,rank1,C1-00-2,出版,出版|审定:封面配色,97,0.010309278350515464,0.0,0.047619047619047616,-0.08459116922164023,source_pos,0.8923996414514032,0.9769908106730434,0.8934828912017816
17,rank1,C1-00-3,出版,出版|审定:封面配色,97,0.010309278350515464,0.0,0.043478260869565216,-0.07918447138320928,source_pos,0.8977168322498146,0.9769013036330239,0.9093370343878189
17,rank1,C1-01-0,出版,出版|编排:索引条目,97,0.010309278350515464,0.0,0.03571428571428571,-0.08927958302033345,source_pos,0.8869253494239147,0.9762049324442481,0.886616583744942
17,rank1,C1-01-1,出版,出版|编排:索引条目,97,0.010309278350515464,0.0,0.041666666666666664,-0.09512451063383354,source_pos,0.8797212713092676,0.9748457819431011,0.8735547304289889
17,rank1,C1-01-2,出版,出版|编排:索引条目,97,0.010309278350515464,0.0,0.0625,-0.07873301320733461,source_pos,0.8961974575220065,0.9749304707293411,0.9046578944531731
17,rank1,C1-01-3,出版,出版|编排:索引条目,97,0.010309278350515464,0.0,0.02631578947368421,-0.10702272532373003,source_pos,0.8665252213617389,0.973547946685469,0.9002781106699481
17,rank1,C1-02-0,出版,出版|录入:版权信息,97,0.010309278350515464,0.0,0.047619047619047616,-0.08746298074335346,source_pos,0.8890116809215745,0.9764746616649279,0.8863687234024061
17,rank1,C1-02-1,出版,出版|录入:版权信息,97,0.010309278350515464,0.0,0.02,-0.11941568074170306,source_pos,0.8564096515609722,0.9758253323026752,0.8752852512759749
17,rank1,C1-02-2,出版,出版|录入:版权信息,97,0.010309278350515464,0.0,0.125,-0.08405733247624658,source_pos,0.8924815427328512,0.9765388752090978,0.88443400390834
17,rank1,C1-02-3,出版,出版|录入:版权信息,97,0.010309278350515464,0.0,0.045454545454545456,-0.08689858365733094,source_pos,0.8903070898772046,0.9772056735345356,0.906802001011217
17,rank1,C1-03-0,出版,出版|签署:印刷合同,97,0.010309278350515464,0.0,0.02127659574468085,-0.10649645425674925,source_pos,0.8627375772471395,0.9692340315038888,0.8810732643119379
17,rank1,C1-03-1,出版,出版|签署:印刷合同,97,0.010309278350515464,0.0,0.015873015873015872,-0.11204045196608203,source_pos,0.8573080665154582,0.9693485184815402,0.8926964042193399
17,rank1,C1-03-2,出版,出版|签署:印刷合同,97,0.010309278350515464,0.0,0.0625,-0.08551572886052183,source_pos,0.8928477879577678,0.9783635168182896,0.9000560071494393
17,rank1,C1-03-3,出版,出版|签署:印刷合同,97,0.010309278350515464,0.0,0.01639344262295082,-0.1212239725486669,source_pos,0.8466882107646783,0.9679121833133452,0.8758323304868287
17,rank1,C1-04-0,出版,出版|发送:作者样书,97,0.010309278350515464,0.0,0.037037037037037035,-0.10051850079457691,source_pos,0.8777222122662878,0.9782407130608647,0.8690758373792516
17,rank1,C1-04-1,出版,出版|发送:作者样书,97,0.010309278350515464,0.0,0.023809523809523808,-0.11941694960410454,source_pos,0.8546050742547298,0.9740220238588343,0.8679229301412454
17,rank1,C1-04-2,出版,出版|发送:作者样书,97,0.010309278350515464,0.0,0.1,-0.07930695850794012,source_pos,0.8889027745383454,0.9682097330462855,0.8889967859351866
17,rank1,C1-04-3,出版,出版|发送:作者样书,97,0.010309278350515464,0.0,0.04,-0.10402590655051447,source_pos,0.8738579623901108,0.9778838689406253,0.8881650649938021
17,rank1,C1-05-0,出版,出版|绘制:装帧草图,97,0.010309278350515464,0.0,0.07692307692307693,-0.0515436189649473,source_pos,0.917022791279162,0.9685664102441093,0.9253128896461066
17,rank1,C1-05-1,出版,出版|绘制:装帧草图,97,0.010309278350515464,0.0,0.07142857142857142,-0.08436332425763382,source_pos,0.8920704954444811,0.976433819702115,0.8921368208535704
17,rank1,C1-05-2,出版,出版|绘制:装帧草图,97,0.010309278350515464,0.0,0.058823529411764705,-0.06739676138883732,source_pos,0.9075060828069472,0.9749028441957845,0.9177492483985703
17,rank1,C1-05-3,出版,出版|绘制:装帧草图,97,0.010309278350515464,0.0,0.05263157894736842,-0.04883283761747359,source_pos,0.9209809329067669,0.9698137705242404,0.9430508181765057
17,rank1,C1-06-0,出版,出版|裁切:校样纸张,97,0.010309278350515464,0.0,0.02564102564102564,-0.11389695419698032,source_pos,0.8630363498795144,0.9769333040764947,0.8618136002588879
17,rank1,C1-06-1,出版,出版|裁切:校样纸张,97,0.010309278350515464,0.0,0.022222222222222223,-0.12003126940880327,source_pos,0.854671731444783,0.9747030008535863,0.8691236796864388
17,rank1,C1-06-2,出版,出版|裁切:校样纸张,97,0.010309278350515464,0.0,0.14285714285714285,-0.0758315744015573,source_pos,0.9023127466919089,0.9781443210934662,0.8908212523211497
17,rank1,C1-06-3,出版,出版|裁切:校样纸张,97,0.010309278350515464,0.0,0.023809523809523808,-0.11169411070951085,source_pos,0.8632551794736538,0.9749492901831647,0.8826005676159988
17,rank1,C1-07-0,出版,出版|核算:印制成本,97,0.010309278350515464,0.0,0.022727272727272728,-0.1320477996388596,source_pos,0.8434872217553849,0.9755350213942445,0.8366602896493862
17,rank1,C1-07-1,出版,出版|核算:印制成本,97,0.010309278350515464,0.0,0.023809523809523808,-0.12246583524402721,source_pos,0.8559200381490475,0.9783858733930747,0.8576514820422299
17,rank1,C1-07-2,出版,出版|核算:印制成本,97,0.010309278350515464,0.0,0.125,-0.08108356992351784,source_pos,0.8924812859184456,0.9735648558419634,0.8945463797448984
17,rank1,C1-07-3,出版,出版|核算:印制成本,97,0.010309278350515464,0.0,0.09090909090909091,-0.07776819061372175,source_pos,0.8971286433325493,0.974896833946271,0.9098312786404312
17,rank1,C1-08-0,出版,出版|装订:试印样本,97,0.010309278350515464,0.0,0.047619047619047616,-0.0909025234294617,source_pos,0.8874401539163566,0.9783426773458183,0.8926506381915967
17,rank1,C1-08-1,出版,出版|装订:试印样本,97,0.010309278350515464,0.0,0.03125,-0.13315260519042615,source_pos,0.8459865964308959,0.9791392016213221,0.8602298146603828
17,rank1,C1-08-2,出版,出版|装订:试印样本,97,0.010309278350515464,0.0,0.16666666666666666,-0.07109435628380978,source_pos,0.907994087809497,0.9790884440933068,0.908966354186614
17,rank1,C1-08-3,出版,出版|装订:试印样本,97,0.010309278350515464,0.0,0.023255813953488372,-0.09074127223727946,source_pos,0.8875856115950338,0.9783268838323133,0.9221346695686115
17,rank1,C1-09-0,出版,出版|编写:发行通知,97,0.010309278350515464,0.0,0.02857142857142857,-0.0983270607703286,source_pos,0.8704810546220905,0.9688081153924191,0.86965240366586
17,rank1,C1-09-1,出版,出版|编写:发行通知,97,0.010309278350515464,0.0,0.02040816326530612,-0.1042959111829378,source_pos,0.8669210788426442,0.971216990025582,0.88956069345985
17,rank1,C1-09-2,出版,出版|编写:发行通知,97,0.010309278350515464,0.0,0.08333333333333333,-0.07865792884593281,source_pos,0.8978270330307128,0.9764849618766456,0.8905950512146534
17,rank1,C1-09-3,出版,出版|编写:发行通知,97,0.010309278350515464,0.0,0.030303030303030304,-0.10131438898452494,source_pos,0.8729267132556934,0.9742411022402183,0.8966311684142412
17,rank1,C1-10-0,出版,出版|收录:勘误条目,97,0.010309278350515464,0.0,0.2,-0.07255471818221149,source_pos,0.9053331223223461,0.9778878405045576,0.8992367149669727
17,rank1,C1-10-1,出版,出版|收录:勘误条目,97,0.010309278350515464,0.0,0.02127659574468085,-0.12316704626539421,source_pos,0.8522877244743696,0.9754547707397638,0.8665357831375706
17,rank1,C1-10-2,出版,出版|收录:勘误条目,97,0.010309278350515464,0.0,0.09090909090909091,-0.07301365138257943,source_pos,0.904527457840233,0.9775411092228125,0.9134820850931067
17,rank1,C1-10-3,出版,出版|收录:勘误条目,97,0.010309278350515464,0.0,0.08333333333333333,-0.06879879424812407,source_pos,0.910473730098224,0.979272524346348,0.9304513954388851
17,rank1,C1-11-0,出版,出版|登记:稿酬金额,97,0.010309278350515464,0.0,0.016666666666666666,-0.12917457557419176,source_pos,0.8516086022313168,0.9807831778055086,0.8884864571061917
17,rank1,C1-11-1,出版,出版|登记:稿酬金额,97,0.010309278350515464,0.0,0.016666666666666666,-0.14529174021949776,source_pos,0.8319019341928953,0.977193674412393,0.866595766118813
17,rank1,C1-11-2,出版,出版|登记:稿酬金额,97,0.010309278350515464,0.0,0.02857142857142857,-0.11108868816561834,source_pos,0.8700536879087633,0.9811423760743816,0.8939864736456496
17,rank1,C1-11-3,出版,出版|登记:稿酬金额,97,0.010309278350515464,0.0,0.014285714285714285,-0.1383375991299537,source_pos,0.8376504129733217,0.9759880121032753,0.8791047773394763
17,lowrank,C0-00-0,考古,考古|测量:墓室尺寸,97,0.010309278350515464,0.0,0.25,-0.024933656032272822,other_pos,0.8745512882895028,0.8994849443217756,0.8737564548566865
17,lowrank,C0-00-1,考古,考古|测量:墓室尺寸,97,0.010309278350515464,0.0,0.5,-0.024207029633998456,source_pos,0.9013027018395088,0.9255097314735072,0.900647781685164
17,lowrank,C0-00-2,考古,考古|测量:墓室尺寸,97,0.010309278350515464,0.0,0.16666666666666666,-0.04005522102024239,source_pos,0.8730248018066176,0.91308002282686,0.8776822097081479
17,lowrank,C0-00-3,考古,考古|测量:墓室尺寸,97,0.010309278350515464,0.0,0.125,-0.020865526641564602,other_pos,0.8753271555326242,0.8961926821741888,0.8842022468079315
17,lowrank,C0-01-0,考古,考古|描绘:壁画轮廓,97,0.010309278350515464,0.0,0.25,-0.009660813848430205,source_pos,0.9217762810679995,0.9314370949164297,0.9248032663464469
17,lowrank,C0-01-1,考古,考古|描绘:壁画轮廓,97,0.010309278350515464,0.0,0.3333333333333333,-0.015031121909450329,source_pos,0.9229939146347768,0.9380250365442271,0.9199624278121129
17,lowrank,C0-01-2,考古,考古|描绘:壁画轮廓,97,0.010309278350515464,0.0,0.2,-0.022907803034866392,source_pos,0.9204222642459892,0.9433300672808556,0.9253599588936605
17,lowrank,C0-01-3,考古,考古|描绘:壁画轮廓,97,0.010309278350515464,0.0,0.14285714285714285,-0.018966137534274674,source_pos,0.9234131976606087,0.9423793351948834,0.9381195644343342
17,lowrank,C0-02-0,考古,考古|登记:石器重量,97,0.010309278350515464,0.0,0.1,-0.06280753736311007,source_pos,0.8926193254408296,0.9554268628039396,0.8961100756476751
17,lowrank,C0-02-1,考古,考古|登记:石器重量,97,0.010309278350515464,0.0,0.02857142857142857,-0.06411352012942717,source_pos,0.8765883818226854,0.9407019019521126,0.8930500976629041
17,lowrank,C0-02-2,考古,考古|登记:石器重量,97,0.010309278350515464,0.0,0.2,-0.06745464280103086,source_pos,0.8800875019524337,0.9475421447534645,0.8791204659180236
17,lowrank,C0-02-3,考古,考古|登记:石器重量,97,0.010309278350515464,0.0,0.5,-0.0295313512291564,source_pos,0.9322572008637332,0.9617885520928896,0.9268485099341416
17,lowrank,C0-03-0,考古,考古|拍摄:遗迹剖面,97,0.010309278350515464,0.0,0.2,-0.009826898317672472,source_pos,0.9351418460399366,0.944968744357609,0.9365073783519832
17,lowrank,C0-03-1,考古,考古|拍摄:遗迹剖面,97,0.010309278350515464,0.0,0.16666666666666666,-0.019778681406559362,source_pos,0.9226626265064688,0.9424413079130282,0.9270029649373821
17,lowrank,C0-03-2,考古,考古|拍摄:遗迹剖面,97,0.010309278350515464,0.0,0.5,-0.011912949054271538,source_pos,0.9368178930843654,0.9487308421386369,0.9279291789535253
17,lowrank,C0-03-3,考古,考古|拍摄:遗迹剖面,97,0.010309278350515464,0.0,0.2,-0.011619438372912905,source_pos,0.934680130928068,0.9462995693009809,0.9438872775709456
17,lowrank,C0-04-0,考古,考古|修复:青铜饰件,97,0.010309278350515464,0.0,0.05,-0.08245753333190109,source_pos,0.8337430893612163,0.9162006226931174,0.8332915121146183
17,lowrank,C0-04-1,考古,考古|修复:青铜饰件,97,0.010309278350515464,0.0,0.05263157894736842,-0.11065791437104311,source_pos,0.8201495671092163,0.9308074814802594,0.8235775174229475
17,lowrank,C0-04-2,考古,考古|修复:青铜饰件,97,0.010309278350515464,0.0,0.1111111111111111,-0.04057648186380647,source_pos,0.8820201869100289,0.9225966687738354,0.8804371005155962
17,lowrank,C0-04-3,考古,考古|修复:青铜饰件,97,0.010309278350515464,0.0,0.05263157894736842,-0.03574690585999851,source_pos,0.8782651215745021,0.9140120274345006,0.8888742350875511
17,lowrank,C0-05-0,考古,考古|包装:骨骼标本,97,0.010309278350515464,0.0,0.1111111111111111,-0.055621706458879094,source_pos,0.8931117792402286,0.9487334856991076,0.8969664144847631
17,lowrank,C0-05-1,考古,考古|包装:骨骼标本,97,0.010309278350515464,0.0,0.08333333333333333,-0.0726630011295577,source_pos,0.8727595878120766,0.9454225889416343,0.8792157015632596
17,lowrank,C0-05-2,考古,考古|包装:骨骼标本,97,0.010309278350515464,0.0,0.25,-0.061981046868450296,source_pos,0.8939875997670667,0.955968646635517,0.8745904985363528
17,lowrank,C0-05-3,考古,考古|包装:骨骼标本,97,0.010309278350515464,0.0,0.3333333333333333,-0.020459097518840896,source_pos,0.9217296288668331,0.942188726385674,0.9324641744821253
17,lowrank,C0-06-0,考古,考古|筛分:填土沉积物,97,0.010309278350515464,0.0,0.2,-0.034024253131521465,source_pos,0.9153537734561834,0.9493780265877049,0.9036886216835435
17,lowrank,C0-06-1,考古,考古|筛分:填土沉积物,97,0.010309278350515464,0.0,0.1,-0.04759413320422812,source_pos,0.9055224609559095,0.9531165941601376,0.9152298756478059
17,lowrank,C0-06-2,考古,考古|筛分:填土沉积物,97,0.010309278350515464,0.0,0.14285714285714285,-0.03814558992585926,source_pos,0.9181902067597352,0.9563357966855944,0.9219088937028317
17,lowrank,C0-06-3,考古,考古|筛分:填土沉积物,97,0.010309278350515464,0.0,0.125,-0.04359370174491195,source_pos,0.9145596696356838,0.9581533713805958,0.9262138171418985
17,lowrank,C0-07-0,考古,考古|拼接:陶片纹样,97,0.010309278350515464,0.0,0.3333333333333333,-0.03173661724561172,source_pos,0.8951790420290359,0.9269156592746476,0.8886957963288682
17,lowrank,C0-07-1,考古,考古|拼接:陶片纹样,97,0.010309278350515464,0.0,0.25,-0.03210365613220889,source_pos,0.8915608219423247,0.9236644780745336,0.8955627153040352
17,lowrank,C0-07-2,考古,考古|拼接:陶片纹样,97,0.010309278350515464,0.0,0.5,-0.01443390406135725,source_pos,0.9012306916393447,0.9156645957007019,0.8962457507535007
17,lowrank,C0-07-3,考古,考古|拼接:陶片纹样,97,0.010309278350515464,0.0,0.3333333333333333,-0.012451182581065035,source_pos,0.9048236744854556,0.9172748570665207,0.9064680231146063
17,lowrank,C0-08-0,考古,考古|加固:墓道支撑,97,0.010309278350515464,0.0,0.3333333333333333,-0.01497111757305003,other_pos,0.9131124824205723,0.9280835999936223,0.9120533553714604
17,lowrank,C0-08-1,考古,考古|加固:墓道支撑,97,0.010309278350515464,0.0,0.25,-0.03816113808824673,source_pos,0.8954365839404093,0.933597722028656,0.8938331587658161
17,lowrank,C0-08-2,考古,考古|加固:墓道支撑,97,0.010309278350515464,0.0,0.2,-0.010293930016575414,source_pos,0.9138011364747515,0.9240950664913269,0.9143958778318647
17,lowrank,C0-08-3,考古,考古|加固:墓道支撑,97,0.010309278350515464,0.0,0.3333333333333333,-0.013790813065873042,source_pos,0.9139529852527697,0.9277437983186427,0.9112766746500063
17,lowrank,C0-09-0,考古,考古|翻译:碑刻文字,97,0.010309278350515464,0.0,0.25,-0.040254312736145215,source_pos,0.8842684159862153,0.9245227287223605,0.8896249959381244
17,lowrank,C0-09-1,考古,考古|翻译:碑刻文字,97,0.010309278350515464,0.0,0.03225806451612903,-0.07564322850298755,source_pos,0.8466934664462964,0.9223366949492839,0.8612207335597697
17,lowrank,C0-09-2,考古,考古|翻译:碑刻文字,97,0.010309278350515464,0.0,0.5,-0.008264459741112784,source_pos,0.8978882931817735,0.9061527529228863,0.8977164178706869
17,lowrank,C0-09-3,考古,考古|翻译:碑刻文字,97,0.010309278350515464,0.0,0.058823529411764705,-0.02199959498015369,source_pos,0.8967011039389984,0.9187006989191521,0.9102062859670914
17,lowrank,C0-10-0,考古,考古|搭建:遮雨棚架,97,0.010309278350515464,0.0,0.2,-0.02640740481382753,other_pos,0.8997674267711877,0.9261748315850152,0.8989811450110814
17,lowrank,C0-10-1,考古,考古|搭建:遮雨棚架,97,0.010309278350515464,0.0,0.06666666666666667,-0.08497215486533038,source_pos,0.8696535341128153,0.9546256889781457,0.875584884953502
17,lowrank,C0-10-2,考古,考古|搭建:遮雨棚架,97,0.010309278350515464,0.0,0.2,-0.05168639489211235,source_pos,0.8944523154611722,0.9461387103532846,0.8878785901579044
17,lowrank,C0-10-3,考古,考古|搭建:遮雨棚架,97,0.010309278350515464,0.0,0.09090909090909091,-0.007741107203843356,other_pos,0.9001687394435967,0.90790984664744,0.9133693078855412
17,lowrank,C0-11-0,考古,考古|封存:探方档案,97,0.010309278350515464,0.0,0.25,-0.016358743235059703,source_pos,0.9072230257258468,0.9235817689609065,0.9034507002247036
17,lowrank,C0-11-1,考古,考古|封存:探方档案,97,0.010309278350515464,0.0,0.02564102564102564,-0.05176309593354911,source_pos,0.891189639808073,0.9429527357416221,0.9079383316248599
17,lowrank,C0-11-2,考古,考古|封存:探方档案,97,0.010309278350515464,0.0,0.25,-0.044847655505112716,source_pos,0.9128693930395075,0.9577170485446203,0.9121053801055828
17,lowrank,C0-11-3,考古,考古|封存:探方档案,97,0.010309278350515464,0.0,0.5,-0.019529373339542522,source_pos,0.9202259753864435,0.939755348725986,0.917692859224694
17,lowrank,C1-00-0,出版,出版|审定:封面配色,97,0.010309278350515464,0.0,0.03571428571428571,-0.06760285375398567,source_pos,0.8918192856855407,0.9594221394395264,0.9040429760110632
17,lowrank,C1-00-1,出版,出版|审定:封面配色,97,0.010309278350515464,0.0,0.022222222222222223,-0.0686942119851599,source_pos,0.8810490084799927,0.9497432204651526,0.897879408530831
17,lowrank,C1-00-2,出版,出版|审定:封面配色,97,0.010309278350515464,0.0,0.06666666666666667,-0.05848428238551018,source_pos,0.8965813835571118,0.955065665942622,0.9071956622987369
17,lowrank,C1-00-3,出版,出版|审定:封面配色,97,0.010309278350515464,0.0,0.058823529411764705,-0.05656320497899536,source_pos,0.9015523849872218,0.9581155899662172,0.913204476086484
17,lowrank,C1-01-0,出版,出版|编排:索引条目,97,0.010309278350515464,0.0,0.038461538461538464,-0.08078772929441158,source_pos,0.8882539608142761,0.9690416901086877,0.8885204533847847
17,lowrank,C1-01-1,出版,出版|编排:索引条目,97,0.010309278350515464,0.0,0.1111111111111111,-0.05475324946158355,source_pos,0.9023587090955316,0.9571119585571152,0.8958434591367974
17,lowrank,C1-01-2,出版,出版|编排:索引条目,97,0.010309278350515464,0.0,0.125,-0.04892693082265864,source_pos,0.9135737741440166,0.9625007049666753,0.9204992987519439
17,lowrank,C1-01-3,出版,出版|编排:索引条目,97,0.010309278350515464,0.0,0.03333333333333333,-0.09826945564382206,source_pos,0.8704946895764276,0.9687641452202497,0.9029953679210573
17,lowrank,C1-02-0,出版,出版|录入:版权信息,97,0.010309278350515464,0.0,0.045454545454545456,-0.06603546678054562,source_pos,0.8968021525549534,0.962837619335499,0.9004931776682372
17,lowrank,C1-02-1,出版,出版|录入:版权信息,97,0.010309278350515464,0.0,0.02040816326530612,-0.09691484482241342,source_pos,0.8655861681161076,0.962501012938521,0.8927708815447839
17,lowrank,C1-02-2,出版,出版|录入:版权信息,97,0.010309278350515464,0.0,0.1111111111111111,-0.06086613016716236,source_pos,0.8971667147887931,0.9580328449559554,0.8906202395007696
17,lowrank,C1-02-3,出版,出版|录入:版权信息,97,0.010309278350515464,0.0,0.07692307692307693,-0.06053100924091681,source_pos,0.9048094631993351,0.9653404724402519,0.9106614853753481
17,lowrank,C1-03-0,出版,出版|签署:印刷合同,97,0.010309278350515464,0.0,0.02040816326530612,-0.10669597198806091,source_pos,0.8537363300767656,0.9604323020648265,0.8800107472321264
17,lowrank,C1-03-1,出版,出版|签署:印刷合同,97,0.010309278350515464,0.0,0.02127659574468085,-0.07198498619097926,source_pos,0.8808855749643746,0.9528705611553538,0.9133814387424388
17,lowrank,C1-03-2,出版,出版|签署:印刷合同,97,0.010309278350515464,0.0,0.05555555555555555,-0.07408454729645064,source_pos,0.8915181328158884,0.9656026801123391,0.8998472238308208
17,lowrank,C1-03-3,出版,出版|签署:印刷合同,97,0.010309278350515464,0.0,0.01694915254237288,-0.10713835377560066,source_pos,0.8480216638754392,0.9551600176510399,0.8760697409399653
17,lowrank,C1-04-0,出版,出版|发送:作者样书,97,0.010309278350515464,0.0,0.04,-0.08502515734385063,source_pos,0.8831762794047162,0.9682014367485668,0.8715004415176537
17,lowrank,C1-04-1,出版,出版|发送:作者样书,97,0.010309278350515464,0.0,0.02702702702702703,-0.08183260355385469,source_pos,0.8718713968445363,0.953704000398391,0.8898666301091016
17,lowrank,C1-04-2,出版,出版|发送:作者样书,97,0.010309278350515464,0.0,0.1,-0.03975645785142867,other_pos,0.9040324028485046,0.9437888606999333,0.9104321670546327
17,lowrank,C1-04-3,出版,出版|发送:作者样书,97,0.010309278350515464,0.0,0.041666666666666664,-0.07994153976443574,source_pos,0.8863029391099879,0.9662444788744237,0.9058779989275247
17,lowrank,C1-05-0,出版,出版|绘制:装帧草图,97,0.010309278350515464,0.0,0.25,-0.01306378894026794,source_pos,0.9196442020933072,0.9327079910335752,0.9173794874668568
17,lowrank,C1-05-1,出版,出版|绘制:装帧草图,97,0.010309278350515464,0.0,0.2,-0.04581299612028267,source_pos,0.9089895329135865,0.9548025290338692,0.9095085906341904
17,lowrank,C1-05-2,出版,出版|绘制:装帧草图,97,0.010309278350515464,0.0,0.1,-0.044570131978143745,source_pos,0.9080051927014016,0.9525753246795453,0.9205612302104885
17,lowrank,C1-05-3,出版,出版|绘制:装帧草图,97,0.010309278350515464,0.0,0.07692307692307693,-0.021285454390074676,other_neg,0.9132434914001841,0.9345289457902588,0.9349543170832217
17,lowrank,C1-06-0,出版,出版|裁切:校样纸张,97,0.010309278350515464,0.0,0.029411764705882353,-0.09692992342774809,source_pos,0.8655194162743662,0.9624493397021143,0.8635428679396994
17,lowrank,C1-06-1,出版,出版|裁切:校样纸张,97,0.010309278350515464,0.0,0.04,-0.05992622404059822,source_pos,0.8849746205731812,0.9449008446137794,0.8980091836460864
17,lowrank,C1-06-2,出版,出版|裁切:校样纸张,97,0.010309278350515464,0.0,0.2,-0.04847475780988553,source_pos,0.9126476047661478,0.9611223625760333,0.9023139844699423
17,lowrank,C1-06-3,出版,出版|裁切:校样纸张,97,0.010309278350515464,0.0,0.047619047619047616,-0.08158683651885934,source_pos,0.8794064760098999,0.9609933125287592,0.8931469990726031
17,lowrank,C1-07-0,出版,出版|核算:印制成本,97,0.010309278350515464,0.0,0.017857142857142856,-0.14511206089274542,source_pos,0.8049793722944106,0.950091433187156,0.8251220011525608
17,lowrank,C1-07-1,出版,出版|核算:印制成本,97,0.010309278350515464,0.0,0.01818181818181818,-0.12244329707472223,source_pos,0.8397631432854421,0.9622064403601643,0.852577528960455
17,lowrank,C1-07-2,出版,出版|核算:印制成本,97,0.010309278350515464,0.0,0.0625,-0.07261227410206217,source_pos,0.8752472748049767,0.9478595489070388,0.8739526281964664
17,lowrank,C1-07-3,出版,出版|核算:印制成本,97,0.010309278350515464,0.0,0.022222222222222223,-0.08117244010428348,source_pos,0.8728852876899271,0.9540577277942106,0.8850863639197138
17,lowrank,C1-08-0,出版,出版|装订:试印样本,97,0.010309278350515464,0.0,0.125,-0.04480702755409394,source_pos,0.9019951650669111,0.9468021926210051,0.9034554321664139
17,lowrank,C1-08-1,出版,出版|装订:试印样本,97,0.010309278350515464,0.0,0.09090909090909091,-0.057187042562047985,source_pos,0.8783723512414451,0.9355593938034931,0.8884481266738832
17,lowrank,C1-08-2,出版,出版|装订:试印样本,97,0.010309278350515464,0.0,0.5,-0.030415783949259367,source_pos,0.9160791878040719,0.9464949717533313,0.9124914938429309
17,lowrank,C1-08-3,出版,出版|装订:试印样本,97,0.010309278350515464,0.0,0.045454545454545456,-0.05015251311929658,source_pos,0.9050074110350506,0.9551599241543471,0.9287485683753898
17,lowrank,C1-09-0,出版,出版|编写:发行通知,97,0.010309278350515464,0.0,0.038461538461538464,-0.058031620424865205,other_pos,0.8924476096340211,0.9504792300588863,0.892955368628914
17,lowrank,C1-09-1,出版,出版|编写:发行通知,97,0.010309278350515464,0.0,0.05,-0.05571610026237217,source_pos,0.8950023191889138,0.950718419451286,0.9112073433741733
17,lowrank,C1-09-2,出版,出版|编写:发行通知,97,0.010309278350515464,0.0,0.2,-0.035253984048607134,source_pos,0.9196864598889312,0.9549404439375383,0.9094823940751846
17,lowrank,C1-09-3,出版,出版|编写:发行通知,97,0.010309278350515464,0.0,0.041666666666666664,-0.06682103444710119,source_pos,0.8938809446566025,0.9607019791037037,0.9116053095761355
17,lowrank,C1-10-0,出版,出版|收录:勘误条目,97,0.010309278350515464,0.0,0.25,-0.04627175328032784,source_pos,0.9213569227065521,0.96762867598688,0.9147148644148284
17,lowrank,C1-10-1,出版,出版|收录:勘误条目,97,0.010309278350515464,0.0,0.022727272727272728,-0.10343232775017797,source_pos,0.8631424137367281,0.966574741486906,0.881998303888843
17,lowrank,C1-10-2,出版,出版|收录:勘误条目,97,0.010309278350515464,0.0,0.2,-0.039229156413317146,source_pos,0.9274054959222295,0.9666346523355467,0.9296219900969276
17,lowrank,C1-10-3,出版,出版|收录:勘误条目,97,0.010309278350515464,0.0,0.1111111111111111,-0.0484611210889746,source_pos,0.9271283192646809,0.9755894403536555,0.9379945923370275
17,lowrank,C1-11-0,出版,出版|登记:稿酬金额,97,0.010309278350515464,0.0,0.02040816326530612,-0.10302122040872408,source_pos,0.8674949612611002,0.9705161816698242,0.8977955416455247
17,lowrank,C1-11-1,出版,出版|登记:稿酬金额,97,0.010309278350515464,0.0,0.03225806451612903,-0.08805623299605636,source_pos,0.863359947194217,0.9514161801902734,0.8864998561998163
17,lowrank,C1-11-2,出版,出版|登记:稿酬金额,97,0.010309278350515464,0.0,0.05555555555555555,-0.08838424233791298,source_pos,0.8829616992175209,0.9713459415554339,0.8983921004768942
17,lowrank,C1-11-3,出版,出版|登记:稿酬金额,97,0.010309278350515464,0.0,0.021739130434782608,-0.09515341726010085,source_pos,0.8664043215849829,0.9615577388450838,0.8928418533007162
17,full_delta,C0-00-0,考古,考古|测量:墓室尺寸,97,0.010309278350515464,0.0,0.2,-0.02070180391444587,other_pos,0.8672301331343846,0.8879319370488304,0.8675184143384027
17,full_delta,C0-00-1,考古,考古|测量:墓室尺寸,97,0.010309278350515464,0.0,0.5,-0.019636842223322626,source_pos,0.8954788747132736,0.9151157169365962,0.8937378210126017
17,full_delta,C0-00-2,考古,考古|测量:墓室尺寸,97,0.010309278350515464,0.0,0.16666666666666666,-0.034573575467300444,source_pos,0.8673344630296461,0.9019080384969466,0.8717383217212236
17,full_delta,C0-00-3,考古,考古|测量:墓室尺寸,97,0.010309278350515464,0.0,0.125,-0.018605953257045504,other_pos,0.8681937538441502,0.8867997071011957,0.877025611426755
17,full_delta,C0-01-0,考古,考古|描绘:壁画轮廓,97,0.010309278350515464,0.0,0.25,-0.007921214103160712,other_pos,0.9132279073745386,0.9211491214776993,0.9169791865044123
17,full_delta,C0-01-1,考古,考古|描绘:壁画轮廓,97,0.010309278350515464,0.0,0.5,-0.011686794380056598,source_pos,0.9148600328206663,0.9265468272007229,0.9109188721182895
17,full_delta,C0-01-2,考古,考古|描绘:壁画轮廓,97,0.010309278350515464,0.0,0.2,-0.01901354374905695,source_pos,0.9143335162250611,0.933347059974118,0.9197080485159101
17,full_delta,C0-01-3,考古,考古|描绘:壁画轮廓,97,0.010309278350515464,0.0,0.14285714285714285,-0.017191883384106155,source_pos,0.9153924385060526,0.9325843218901587,0.929766908248425
17,full_delta,C0-02-0,考古,考古|登记:石器重量,97,0.010309278350515464,0.0,0.1111111111111111,-0.058904841620251336,source_pos,0.8900662900056786,0.9489711316259299,0.8928073861386647
17,full_delta,C0-02-1,考古,考古|登记:石器重量,97,0.010309278350515464,0.0,0.027777777777777776,-0.05841430607708753,source_pos,0.8763615397960499,0.9347758458731374,0.8910787945638985
17,full_delta,C0-02-2,考古,考古|登记:石器重量,97,0.010309278350515464,0.0,0.2,-0.06371042211085542,source_pos,0.8778481774084671,0.9415585995193225,0.8755564634568853
17,full_delta,C0-02-3,考古,考古|登记:石器重量,97,0.010309278350515464,0.0,0.5,-0.026741766804572853,source_pos,0.929308689843986,0.9560504566485588,0.9222539853638281
17,full_delta,C0-03-0,考古,考古|拍摄:遗迹剖面,97,0.010309278350515464,0.0,0.2,-0.005445924407763703,source_pos,0.9308137906322856,0.9362597150400493,0.9329296220988212
17,full_delta,C0-03-1,考古,考古|拍摄:遗迹剖面,97,0.010309278350515464,0.0,0.16666666666666666,-0.015204525874370378,source_pos,0.9178417842615306,0.933046310135901,0.9222279073824715
17,full_delta,C0-03-2,考古,考古|拍摄:遗迹剖面,97,0.010309278350515464,0.0,0.5,-0.007642201654126546,source_pos,0.9332056244505006,0.9408478261046271,0.923994081287916
17,full_delta,C0-03-3,考古,考古|拍摄:遗迹剖面,97,0.010309278350515464,0.0,0.25,-0.00854920816977145,other_neg,0.9311697842865634,0.9397189924563348,0.9406783873811577
17,full_delta,C0-04-0,考古,考古|修复:青铜饰件,97,0.010309278350515464,0.0,0.05555555555555555,-0.07490110912246783,source_pos,0.8308812261393514,0.9057823352618193,0.8308185452347312
17,full_delta,C0-04-1,考古,考古|修复:青铜饰件,97,0.010309278350515464,0.0,0.05,-0.10399515529119208,source_pos,0.8210584945926982,0.9250536498838903,0.8236711235808195
17,full_delta,C0-04-2,考古,考古|修复:青铜饰件,97,0.010309278350515464,0.0,0.25,-0.034736792470002165,source_pos,0.8778849702542835,0.9126217627242856,0.875124103371189
17,full_delta,C0-04-3,考古,考古|修复:青铜饰件,97,0.010309278350515464,0.0,0.0625,-0.030451002694813156,other_pos,0.8739515639948892,0.9044025666897023,0.8846102244094214
17,full_delta,C0-05-0,考古,考古|包装:骨骼标本,97,0.010309278350515464,0.0,0.125,-0.05124001143975909,source_pos,0.8893096350772921,0.9405496465170512,0.892855834396041
17,full_delta,C0-05-1,考古,考古|包装:骨骼标本,97,0.010309278350515464,0.0,0.08333333333333333,-0.06807383448238236,source_pos,0.8688197937837514,0.9368936282661338,0.8749039878585099
17,full_delta,C0-05-2,考古,考古|包装:骨骼标本,97,0.010309278350515464,0.0,0.25,-0.05815989157816215,source_pos,0.889838019821589,0.9479979113997512,0.8713298788690276
17,full_delta,C0-05-3,考古,考古|包装:骨骼标本,97,0.010309278350515464,0.0,0.3333333333333333,-0.01803890121509444,source_pos,0.9182123758263475,0.936251277041442,0.9283610118505725
17,full_delta,C0-06-0,考古,考古|筛分:填土沉积物,97,0.010309278350515464,0.0,0.2,-0.029877531062361462,source_pos,0.911585733817446,0.9414632648798075,0.9006001065618674
17,full_delta,C0-06-1,考古,考古|筛分:填土沉积物,97,0.010309278350515464,0.0,0.1,-0.041606298080336224,source_pos,0.9037340071092059,0.9453403051895422,0.9124928058167647
17,full_delta,C0-06-2,考古,考古|筛分:填土沉积物,97,0.010309278350515464,0.0,0.14285714285714285,-0.03603601208698892,source_pos,0.9136327991779807,0.9496688112649696,0.9170839830217505
17,full_delta,C0-06-3,考古,考古|筛分:填土沉积物,97,0.010309278350515464,0.0,0.125,-0.04191918934775485,source_pos,0.9106013272902744,0.9525205166380293,0.9221313393039098
17,full_delta,C0-07-0,考古,考古|拼接:陶片纹样,97,0.010309278350515464,0.0,0.3333333333333333,-0.0235919817271405,source_pos,0.8921865616243881,0.9157785433515286,0.8868578792032333
17,full_delta,C0-07-1,考古,考古|拼接:陶片纹样,97,0.010309278350515464,0.0,0.3333333333333333,-0.022124406974590394,source_pos,0.8906787155043289,0.9128031224789193,0.8932798581299826
17,full_delta,C0-07-2,考古,考古|拼接:陶片纹样,97,0.010309278350515464,0.0,0.5,-0.007440262437623191,source_pos,0.8968975602996228,0.9043378227372459,0.8920075962484957
17,full_delta,C0-07-3,考古,考古|拼接:陶片纹样,97,0.010309278350515464,0.0,0.3333333333333333,-0.005944995166652589,source_pos,0.9009180558984395,0.9068630510650921,0.9034723579539332
17,full_delta,C0-08-0,考古,考古|加固:墓道支撑,97,0.010309278350515464,0.0,0.3333333333333333,-0.013034386427178135,other_pos,0.9078214362926736,0.9208558227198518,0.9067253122556915
17,full_delta,C0-08-1,考古,考古|加固:墓道支撑,97,0.010309278350515464,0.0,0.25,-0.035863513068987385,source_pos,0.8899022289931932,0.9257657420621805,0.8883693982631892
17,full_delta,C0-08-2,考古,考古|加固:墓道支撑,97,0.010309278350515464,0.0,0.16666666666666666,-0.009702667791022468,source_pos,0.9075793524611666,0.9172820202521891,0.9082572987741351
17,full_delta,C0-08-3,考古,考古|加固:墓道支撑,97,0.010309278350515464,0.0,0.3333333333333333,-0.013195781757600389,source_pos,0.9081166508941381,0.9213124326517385,0.9061238287687444
17,full_delta,C0-09-0,考古,考古|翻译:碑刻文字,97,0.010309278350515464,0.0,0.25,-0.036791035637348646,source_pos,0.8787357363810414,0.9155267720183901,0.8825956874872343
17,full_delta,C0-09-1,考古,考古|翻译:碑刻文字,97,0.010309278350515464,0.0,0.03333333333333333,-0.07131198932429161,source_pos,0.8447989623996512,0.9161109517239429,0.8576690286579548
17,full_delta,C0-09-2,考古,考古|翻译:碑刻文字,97,0.010309278350515464,0.0,0.5,-0.0030985102868705816,source_pos,0.8919808105550262,0.8950793208418968,0.8893701957854891
17,full_delta,C0-09-3,考古,考古|翻译:碑刻文字,97,0.010309278350515464,0.0,0.043478260869565216,-0.018803638411688417,source_pos,0.8899903629630447,0.9087940013747331,0.9033844416491795
17,full_delta,C0-10-0,考古,考古|搭建:遮雨棚架,97,0.010309278350515464,0.0,0.2,-0.024884929419017876,other_pos,0.8952073167823427,0.9200922462013605,0.8943352936390747
17,full_delta,C0-10-1,考古,考古|搭建:遮雨棚架,97,0.010309278350515464,0.0,0.07142857142857142,-0.08223512117450427,source_pos,0.8673229820287975,0.9495581032033018,0.8731192920282338
17,full_delta,C0-10-2,考古,考古|搭建:遮雨棚架,97,0.010309278350515464,0.0,0.2,-0.046145130577757376,source_pos,0.8923256431379489,0.9384707737157063,0.886083095020971
17,full_delta,C0-10-3,考古,考古|搭建:遮雨棚架,97,0.010309278350515464,0.0,0.09090909090909091,-0.00586020677417709,other_pos,0.8965048254469616,0.9023650322211387,0.9096833994447805
17,full_delta,C0-11-0,考古,考古|封存:探方档案,97,0.010309278350515464,0.0,0.25,-0.007912646255670008,other_pos,0.9063004646831492,0.9142131109388192,0.9005973470654082
17,full_delta,C0-11-1,考古,考古|封存:探方档案,97,0.010309278350515464,0.0,0.037037037037037035,-0.04410718364554855,source_pos,0.8903570789561851,0.9344642626017337,0.90582622070001
17,full_delta,C0-11-2,考古,考古|封存:探方档案,97,0.010309278350515464,0.0,0.3333333333333333,-0.03721249980067476,source_pos,0.9130376785608314,0.9502501783615062,0.9109803384017218
17,full_delta,C0-11-3,考古,考古|封存:探方档案,97,0.010309278350515464,0.0,0.5,-0.013839865932732565,source_pos,0.9197585389971403,0.9335984049298729,0.9176066467276524
17,full_delta,C1-00-0,出版,出版|审定:封面配色,97,0.010309278350515464,0.0,0.034482758620689655,-0.06006543379508722,source_pos,0.8895582456346253,0.9496236794297125,0.9045532971312442
17,full_delta,C1-00-1,出版,出版|审定:封面配色,97,0.010309278350515464,0.0,0.023809523809523808,-0.06223596135851295,source_pos,0.8786960751170082,0.9409320364755211,0.8976909059432769
17,full_delta,C1-00-2,出版,出版|审定:封面配色,97,0.010309278350515464,0.0,0.0625,-0.04931236209117651,source_pos,0.8944014050360533,0.9437137671272298,0.9066129136507679
17,full_delta,C1-00-3,出版,出版|审定:封面配色,97,0.010309278350515464,0.0,0.05,-0.0509970428508546,source_pos,0.89755106054344,0.9485481033942946,0.9111509281231052
17,full_delta,C1-01-0,出版,出版|编排:索引条目,97,0.010309278350515464,0.0,0.043478260869565216,-0.07827936287916337,source_pos,0.8864679526289818,0.9647473155081452,0.8862756665935485
17,full_delta,C1-01-1,出版,出版|编排:索引条目,97,0.010309278350515464,0.0,0.1111111111111111,-0.05198127962447452,source_pos,0.9014330012902503,0.9534142809147248,0.8945691712066111
17,full_delta,C1-01-2,出版,出版|编排:索引条目,97,0.010309278350515464,0.0,0.125,-0.047346658548975684,source_pos,0.9117788139769272,0.9591254725259029,0.9190460161522173
17,full_delta,C1-01-3,出版,出版|编排:索引条目,97,0.010309278350515464,0.0,0.03225806451612903,-0.097008055164709,source_pos,0.8675841607961625,0.9645922159608715,0.8997863324187964
17,full_delta,C1-02-0,出版,出版|录入:版权信息,97,0.010309278350515464,0.0,0.047619047619047616,-0.06084781889742463,source_pos,0.8957455927173118,0.9565934116147364,0.9008329212476188
17,full_delta,C1-02-1,出版,出版|录入:版权信息,97,0.010309278350515464,0.0,0.02127659574468085,-0.09225159754438317,source_pos,0.8656831886599801,0.9579347862043632,0.8928004142723125
17,full_delta,C1-02-2,出版,出版|录入:版权信息,97,0.010309278350515464,0.0,0.1,-0.056792170145973486,source_pos,0.8947528959386968,0.9515450660846703,0.8900104331945679
17,full_delta,C1-02-3,出版,出版|录入:版权信息,97,0.010309278350515464,0.0,0.058823529411764705,-0.0578305325752585,source_pos,0.9021585306375878,0.9599890632128463,0.9103355041555219
17,full_delta,C1-03-0,出版,出版|签署:印刷合同,97,0.010309278350515464,0.0,0.02040816326530612,-0.10466696957636956,source_pos,0.8520977984726917,0.9567647680490613,0.8784636193283151
17,full_delta,C1-03-1,出版,出版|签署:印刷合同,97,0.010309278350515464,0.0,0.020833333333333332,-0.06949099118134361,source_pos,0.8796038419182615,0.9490948330996051,0.911086172838001
17,full_delta,C1-03-2,出版,出版|签署:印刷合同,97,0.010309278350515464,0.0,0.05263157894736842,-0.07258064077006832,source_pos,0.8889762298054249,0.9615568705754932,0.8979394161051275
17,full_delta,C1-03-3,出版,出版|签署:印刷合同,97,0.010309278350515464,0.0,0.017241379310344827,-0.10463048959807186,source_pos,0.846414059807751,0.9510445494058228,0.8748014545031221
17,full_delta,C1-04-0,出版,出版|发送:作者样书,97,0.010309278350515464,0.0,0.043478260869565216,-0.07811608511240187,source_pos,0.8837633204754248,0.9618794055878267,0.8724728099138079
17,full_delta,C1-04-1,出版,出版|发送:作者样书,97,0.010309278350515464,0.0,0.027777777777777776,-0.07503858179218892,source_pos,0.8730048697529835,0.9480434515451724,0.8905904910836953
17,full_delta,C1-04-2,出版,出版|发送:作者样书,97,0.010309278350515464,0.0,0.1111111111111111,-0.031877340679183463,other_pos,0.903706247467315,0.9355835881464984,0.9094198979606657
17,full_delta,C1-04-3,出版,出版|发送:作者样书,97,0.010309278350515464,0.0,0.045454545454545456,-0.07317275254268563,source_pos,0.885690934176467,0.9588636867191527,0.9037929627033766
17,full_delta,C1-05-0,出版,出版|绘制:装帧草图,97,0.010309278350515464,0.0,0.25,-0.005910180168990142,source_pos,0.9158945925269458,0.921804772695936,0.9141947829734629
17,full_delta,C1-05-1,出版,出版|绘制:装帧草图,97,0.010309278350515464,0.0,0.5,-0.040527498775993265,source_pos,0.9048047583973556,0.9453322571733489,0.9043520180119142
17,full_delta,C1-05-2,出版,出版|绘制:装帧草图,97,0.010309278350515464,0.0,0.125,-0.0380551753210967,source_pos,0.9045558263134845,0.9426110016345812,0.9195347212425811
17,full_delta,C1-05-3,出版,出版|绘制:装帧草图,97,0.010309278350515464,0.0,0.06666666666666667,-0.016112475582608643,other_neg,0.9087697843390438,0.9248822599216524,0.9300474971754223
17,full_delta,C1-06-0,出版,出版|裁切:校样纸张,97,0.010309278350515464,0.0,0.030303030303030304,-0.0927897371959705,source_pos,0.863435695102786,0.9562254322987565,0.8624413457283641
17,full_delta,C1-06-1,出版,出版|裁切:校样纸张,97,0.010309278350515464,0.0,0.05,-0.05555187491316471,source_pos,0.8836716471388988,0.9392235220520635,0.896856391691593
17,full_delta,C1-06-2,出版,出版|裁切:校样纸张,97,0.010309278350515464,0.0,0.25,-0.043107955751735205,source_pos,0.9099499128099409,0.9530578685616761,0.8994287343970012
17,full_delta,C1-06-3,出版,出版|裁切:校样纸张,97,0.010309278350515464,0.0,0.047619047619047616,-0.07620123023227676,source_pos,0.8780727571298714,0.9542739873621482,0.8909231831026032
17,full_delta,C1-07-0,出版,出版|核算:印制成本,97,0.010309278350515464,0.0,0.017857142857142856,-0.14327927683698727,source_pos,0.799703247819173,0.9429825246561603,0.8185478965634659
17,full_delta,C1-07-1,出版,出版|核算:印制成本,97,0.010309278350515464,0.0,0.01818181818181818,-0.119753171870974,source_pos,0.8363724426484517,0.9561256145194257,0.8477155889716252
17,full_delta,C1-07-2,出版,出版|核算:印制成本,97,0.010309278350515464,0.0,0.05263157894736842,-0.07246517308380951,other_pos,0.8683643346921532,0.9408295077759627,0.866808371627109
17,full_delta,C1-07-3,出版,出版|核算:印制成本,97,0.010309278350515464,0.0,0.020833333333333332,-0.08133232340499974,source_pos,0.866278828377629,0.9476111517826288,0.8807693762681147
17,full_delta,C1-08-0,出版,出版|装订:试印样本,97,0.010309278350515464,0.0,0.125,-0.0401288770623055,source_pos,0.897512195730864,0.9376410727931695,0.8991034957461406
17,full_delta,C1-08-1,出版,出版|装订:试印样本,97,0.010309278350515464,0.0,0.1,-0.051755482848006684,source_pos,0.8755176339096971,0.9272731167577037,0.8841605785713542
17,full_delta,C1-08-2,出版,出版|装订:试印样本,97,0.010309278350515464,0.0,0.5,-0.02647747673668266,source_pos,0.9113860243661667,0.9378635011028493,0.906984679993849
17,full_delta,C1-08-3,出版,出版|装订:试印样本,97,0.010309278350515464,0.0,0.045454545454545456,-0.045866739510365906,source_pos,0.9001514686519371,0.946018208162303,0.9233104183051866
17,full_delta,C1-09-0,出版,出版|编写:发行通知,97,0.010309278350515464,0.0,0.043478260869565216,-0.055400167172021786,other_pos,0.8923402476749258,0.9477404148469476,0.8934044595727787
17,full_delta,C1-09-1,出版,出版|编写:发行通知,97,0.010309278350515464,0.0,0.047619047619047616,-0.053794083686692584,source_pos,0.8943718226650172,0.9481659063517098,0.9106577287576176
17,full_delta,C1-09-2,出版,出版|编写:发行通知,97,0.010309278350515464,0.0,0.2,-0.03304665212933511,source_pos,0.919642522324398,0.9526891744537331,0.9102822362832101
17,full_delta,C1-09-3,出版,出版|编写:发行通知,97,0.010309278350515464,0.0,0.043478260869565216,-0.06533170242335395,source_pos,0.8920786373500269,0.9574103397733809,0.9096891561234688
17,full_delta,C1-10-0,出版,出版|收录:勘误条目,97,0.010309278350515464,0.0,0.25,-0.04420050316590107,source_pos,0.9188027992495837,0.9630033024154848,0.9118076313919422
17,full_delta,C1-10-1,出版,出版|收录:勘误条目,97,0.010309278350515464,0.0,0.023255813953488372,-0.09861483131928783,source_pos,0.8625675451668198,0.9611823764861076,0.8805753811423007
17,full_delta,C1-10-2,出版,出版|收录:勘误条目,97,0.010309278350515464,0.0,0.2,-0.03731811363414317,source_pos,0.9247223367054702,0.9620404503396134,0.9263143971022595
17,full_delta,C1-10-3,出版,出版|收录:勘误条目,97,0.010309278350515464,0.0,0.1111111111111111,-0.04839422646720859,source_pos,0.9233998585057155,0.9717940849729241,0.9336861576210838
17,full_delta,C1-11-0,出版,出版|登记:稿酬金额,97,0.010309278350515464,0.0,0.023255813953488372,-0.09985251741202428,source_pos,0.8662450003588756,0.9660975177708999,0.8954354266929518
17,full_delta,C1-11-1,出版,出版|登记:稿酬金额,97,0.010309278350515464,0.0,0.038461538461538464,-0.08365023616397305,source_pos,0.862709733876664,0.9463599700406371,0.8852320908448864
17,full_delta,C1-11-2,出版,出版|登记:稿酬金额,97,0.010309278350515464,0.0,0.05555555555555555,-0.08729522865089445,source_pos,0.8801745929894492,0.9674698216403437,0.8946175712943274
17,full_delta,C1-11-3,出版,出版|登记:稿酬金额,97,0.010309278350515464,0.0,0.022727272727272728,-0.09288271930615799,source_pos,0.8639872376480565,0.9568699569542145,0.8900941856520561
17,full_affine,C0-00-0,考古,考古|测量:墓室尺寸,97,0.010309278350515464,0.0,0.03225806451612903,0.05373978084254283,other_pos,0.8421882075026721,0.7884484266601293,0.8622961038756115
17,full_affine,C0-00-1,考古,考古|测量:墓室尺寸,97,0.010309278350515464,0.0,0.047619047619047616,0.01849619428044602,other_neg,0.8598256308899286,0.8413294366094826,0.8753603774526768
17,full_affine,C0-00-2,考古,考古|测量:墓室尺寸,97,0.010309278350515464,0.0,0.022727272727272728,0.0167899514960691,other_neg,0.8334223584868147,0.8166324069907456,0.8634420177497404
17,full_affine,C0-00-3,考古,考古|测量:墓室尺寸,97,0.010309278350515464,0.0,0.021739130434782608,0.04673483851386173,other_neg,0.8440262045858649,0.7972913660720031,0.8780996350563097
17,full_affine,C0-01-0,考古,考古|描绘:壁画轮廓,97,0.010309278350515464,0.0,0.038461538461538464,0.026627205556893907,other_neg,0.8743203278415079,0.847693122284614,0.897275760281709
17,full_affine,C0-01-1,考古,考古|描绘:壁画轮廓,97,0.010309278350515464,0.0,0.043478260869565216,0.01926568733402323,other_neg,0.8727546280905325,0.8534889407565093,0.8938656453322418
17,full_affine,C0-01-2,考古,考古|描绘:壁画轮廓,97,0.010309278350515464,0.0,0.02857142857142857,0.0176942956187508,other_neg,0.8703451961017148,0.852650900482964,0.9028146745339453
17,full_affine,C0-01-3,考古,考古|描绘:壁画轮廓,97,0.010309278350515464,0.0,0.017241379310344827,0.0016758582248149745,other_neg,0.8660569699598982,0.8643811117350833,0.9132647616304435
17,full_affine,C0-02-0,考古,考古|登记:石器重量,97,0.010309278350515464,0.0,0.07142857142857142,-0.021181878236089746,source_pos,0.873791925029407,0.8949738032654967,0.8830963472212074
17,full_affine,C0-02-1,考古,考古|登记:石器重量,97,0.010309278350515464,0.0,0.041666666666666664,-0.0167298370655804,other_pos,0.8693132548434117,0.8860430919089921,0.8838029769665487
17,full_affine,C0-02-2,考古,考古|登记:石器重量,97,0.010309278350515464,0.0,0.125,-0.011679156594314177,other_pos,0.8653043960347239,0.876983552629038,0.8746394700613799
17,full_affine,C0-02-3,考古,考古|登记:石器重量,97,0.010309278350515464,0.0,0.3333333333333333,-0.0014754915047079376,other_neg,0.9073703927695631,0.908845884274271,0.9128281047997162
17,full_affine,C0-03-0,考古,考古|拍摄:遗迹剖面,97,0.010309278350515464,0.0,0.1111111111111111,0.026170210225824553,other_neg,0.9059589012504101,0.8797886910245856,0.9124574092454816
17,full_affine,C0-03-1,考古,考古|拍摄:遗迹剖面,97,0.010309278350515464,0.0,0.08333333333333333,0.022034341663382917,other_neg,0.8958672225219182,0.8738328808585353,0.9063745531719073
17,full_affine,C0-03-2,考古,考古|拍摄:遗迹剖面,97,0.010309278350515464,0.0,0.2,0.018416388082818647,other_neg,0.9049778805192462,0.8865614924364276,0.9137549333588895
17,full_affine,C0-03-3,考古,考古|拍摄:遗迹剖面,97,0.010309278350515464,0.0,0.08333333333333333,0.016057423100644952,other_neg,0.9077364971613857,0.8916790740607408,0.9184383706813639
17,full_affine,C0-04-0,考古,考古|修复:青铜饰件,97,0.010309278350515464,0.0,0.02564102564102564,-0.018913361602732714,other_pos,0.8072320611569449,0.8261454227596776,0.8294173793277303
17,full_affine,C0-04-1,考古,考古|修复:青铜饰件,97,0.010309278350515464,0.0,0.025,-0.04337083134725073,other_pos,0.818371243434526,0.8617420747817768,0.8368546128756856
17,full_affine,C0-04-2,考古,考古|修复:青铜饰件,97,0.010309278350515464,0.0,0.034482758620689655,0.016257530231152506,other_neg,0.8516056067638516,0.835348076532699,0.871178313166762
17,full_affine,C0-04-3,考古,考古|修复:青铜饰件,97,0.010309278350515464,0.0,0.015384615384615385,0.014606080728475024,other_neg,0.8410864809116558,0.8264804001831808,0.8802687555652858
17,full_affine,C0-05-0,考古,考古|包装:骨骼标本,97,0.010309278350515464,0.0,0.125,-0.022120764341957644,source_pos,0.8670291065339832,0.8891498708759409,0.8714728173115733
17,full_affine,C0-05-1,考古,考古|包装:骨骼标本,97,0.010309278350515464,0.0,0.1,-0.031468716759347815,other_pos,0.8499992589252207,0.8814679756845685,0.8601499158944188
17,full_affine,C0-05-2,考古,考古|包装:骨骼标本,97,0.010309278350515464,0.0,0.25,-0.025877119779330715,source_pos,0.870193527008815,0.8960706467881457,0.8549980206996339
17,full_affine,C0-05-3,考古,考古|包装:骨骼标本,97,0.010309278350515464,0.0,0.3333333333333333,-0.0029492977178126045,other_neg,0.8926931250422941,0.8956424227601067,0.9028461190186112
17,full_affine,C0-06-0,考古,考古|筛分:填土沉积物,97,0.010309278350515464,0.0,0.125,0.00525739382897672,other_pos,0.8862937310503644,0.8810363372213876,0.891219322068442
17,full_affine,C0-06-1,考古,考古|筛分:填土沉积物,97,0.010309278350515464,0.0,0.05555555555555555,-1.8783443676007039e-06,other_pos,0.8829361991206063,0.8829380774649739,0.8911375525380547
17,full_affine,C0-06-2,考古,考古|筛分:填土沉积物,97,0.010309278350515464,0.0,0.05,-0.010165127943094987,other_pos,0.8843635886828136,0.8945287166259086,0.8998458948775682
17,full_affine,C0-06-3,考古,考古|筛分:填土沉积物,97,0.010309278350515464,0.0,0.041666666666666664,-0.019528955724838704,other_pos,0.8842297533968224,0.9037587091216611,0.906577418101937
17,full_affine,C0-07-0,考古,考古|拼接:陶片纹样,97,0.010309278350515464,0.0,0.5,0.04236948634235027,other_pos,0.879630898738484,0.8372614123961337,0.8765576749705553
17,full_affine,C0-07-1,考古,考古|拼接:陶片纹样,97,0.010309278350515464,0.0,0.3333333333333333,0.04680110830973683,other_neg,0.8821677218771025,0.8353666135673656,0.8845089555253167
17,full_affine,C0-07-2,考古,考古|拼接:陶片纹样,97,0.010309278350515464,0.0,0.5,0.06139098325618597,other_neg,0.8811653559773097,0.8197743727211237,0.8828421721865785
17,full_affine,C0-07-3,考古,考古|拼接:陶片纹样,97,0.010309278350515464,0.0,0.05555555555555555,0.049130031884860204,other_neg,0.8798066436614427,0.8306766117765825,0.8954707380795919
17,full_affine,C0-08-0,考古,考古|加固:墓道支撑,97,0.010309278350515464,0.0,0.09090909090909091,0.031233502762850862,other_neg,0.8818860770355039,0.8506525742726531,0.8941407804398367
17,full_affine,C0-08-1,考古,考古|加固:墓道支撑,97,0.010309278350515464,0.0,0.06666666666666667,0.009735350285374311,other_neg,0.8640820682823604,0.8543467179969861,0.8788084117788274
17,full_affine,C0-08-2,考古,考古|加固:墓道支撑,97,0.010309278350515464,0.0,0.043478260869565216,0.02420950855189885,other_neg,0.879742219145125,0.8555327105932261,0.8986959083607119
17,full_affine,C0-08-3,考古,考古|加固:墓道支撑,97,0.010309278350515464,0.0,0.047619047619047616,0.022427100875206274,other_neg,0.8804089294460947,0.8579818285708884,0.8987412358924074
17,full_affine,C0-09-0,考古,考古|翻译:碑刻文字,97,0.010309278350515464,0.0,0.047619047619047616,0.011296037309337925,other_neg,0.8541042433356684,0.8428082060263304,0.8690726031337165
17,full_affine,C0-09-1,考古,考古|翻译:碑刻文字,97,0.010309278350515464,0.0,0.025,-0.02575566368060045,other_pos,0.8302383827911224,0.8559940464717228,0.8531008242230066
17,full_affine,C0-09-2,考古,考古|翻译:碑刻文字,97,0.010309278350515464,0.0,0.05263157894736842,0.05896407739412668,other_neg,0.8702577631926864,0.8112936857985598,0.8841340598781504
17,full_affine,C0-09-3,考古,考古|翻译:碑刻文字,97,0.010309278350515464,0.0,0.02127659574468085,0.027295242677441878,other_neg,0.8632870299167137,0.8359917872392718,0.8976318784161694
17,full_affine,C0-10-0,考古,考古|搭建:遮雨棚架,97,0.010309278350515464,0.0,0.16666666666666666,0.009445518189684199,other_pos,0.877267345711596,0.8678218275219118,0.8817543169620435
17,full_affine,C0-10-1,考古,考古|搭建:遮雨棚架,97,0.010309278350515464,0.0,0.07692307692307693,-0.03757376208365293,source_pos,0.8586181763406329,0.8961919384242858,0.8707014097935956
17,full_affine,C0-10-2,考古,考古|搭建:遮雨棚架,97,0.010309278350515464,0.0,0.25,-0.004425937480861064,other_pos,0.8754032683422088,0.8798292058230699,0.8795197852050896
17,full_affine,C0-10-3,考古,考古|搭建:遮雨棚架,97,0.010309278350515464,0.0,0.047619047619047616,0.030495069019494503,other_neg,0.8775085551594499,0.8470134861399554,0.8999661293341801
17,full_affine,C0-11-0,考古,考古|封存:探方档案,97,0.010309278350515464,1.0,1.0,0.055692341459962935,correct_neg,0.9091791763747751,0.8534868349148121,0.9033816471379668
17,full_affine,C0-11-1,考古,考古|封存:探方档案,97,0.010309278350515464,0.0,0.16666666666666666,0.009566019090969657,other_neg,0.8918842268472752,0.8823182077563055,0.9029795474520683
17,full_affine,C0-11-2,考古,考古|封存:探方档案,97,0.010309278350515464,1.0,1.0,0.01654084521242738,correct_neg,0.914062237931258,0.8975213927188306,0.9125430789652995
17,full_affine,C0-11-3,考古,考古|封存:探方档案,97,0.010309278350515464,0.0,0.3333333333333333,0.02406383271251178,other_neg,0.9107017758904574,0.8866379431779456,0.9142945849086537
17,full_affine,C1-00-0,出版,出版|审定:封面配色,97,0.010309278350515464,0.0,0.017241379310344827,-0.01892903586400485,other_neg,0.8774193508892143,0.8963483867532192,0.9211973723723674
17,full_affine,C1-00-1,出版,出版|审定:封面配色,97,0.010309278350515464,0.0,0.01639344262295082,-0.02330882134178547,other_pos,0.8711654786988554,0.8944743000406409,0.9106585824617646
17,full_affine,C1-00-2,出版,出版|审定:封面配色,97,0.010309278350515464,0.0,0.02857142857142857,0.00043337398847720365,other_neg,0.8887852052492122,0.888351831260735,0.9239811582938502
17,full_affine,C1-00-3,出版,出版|审定:封面配色,97,0.010309278350515464,0.0,0.021739130434782608,-0.01957432714420604,other_neg,0.8840618574472894,0.9036361845914954,0.9285882053046041
17,full_affine,C1-01-0,出版,出版|编排:索引条目,97,0.010309278350515464,0.0,0.037037037037037035,-0.05201513673874181,other_pos,0.8788827935712518,0.9308979303099936,0.8833288925669551
17,full_affine,C1-01-1,出版,出版|编排:索引条目,97,0.010309278350515464,0.0,0.09090909090909091,-0.0031579441845757117,other_pos,0.9051092598403143,0.90826720402489,0.896064201305476
17,full_affine,C1-01-2,出版,出版|编排:索引条目,97,0.010309278350515464,0.0,0.09090909090909091,-0.023908058354676465,source_pos,0.9064614105302311,0.9303694688849076,0.9166326447433879
17,full_affine,C1-01-3,出版,出版|编排:索引条目,97,0.010309278350515464,0.0,0.023809523809523808,-0.06625131359697034,source_pos,0.8641863907237242,0.9304377043206945,0.8991510886267366
17,full_affine,C1-02-0,出版,出版|录入:版权信息,97,0.010309278350515464,0.0,0.02631578947368421,-0.005297862812027709,other_pos,0.8910805689031988,0.8963784317152265,0.9197108871314716
17,full_affine,C1-02-1,出版,出版|录入:版权信息,97,0.010309278350515464,0.0,0.017857142857142856,-0.0447684380890665,other_pos,0.864940313830578,0.9097087519196445,0.9068337966869888
17,full_affine,C1-02-2,出版,出版|录入:版权信息,97,0.010309278350515464,0.0,0.08333333333333333,0.010105273202647425,other_pos,0.8996535690792102,0.8895482958765628,0.9138087018440579
17,full_affine,C1-02-3,出版,出版|录入:版权信息,97,0.010309278350515464,0.0,0.034482758620689655,-0.015467777574732167,other_neg,0.8933302024825459,0.9087979800572781,0.9230390369784074
17,full_affine,C1-03-0,出版,出版|签署:印刷合同,97,0.010309278350515464,0.0,0.019230769230769232,-0.0831311523945607,source_pos,0.8484528169246462,0.931583969319207,0.885648905791294
17,full_affine,C1-03-1,出版,出版|签署:印刷合同,97,0.010309278350515464,0.0,0.018518518518518517,-0.04560307873088443,source_pos,0.8769301723555581,0.9225332510864426,0.9166809816152666
17,full_affine,C1-03-2,出版,出版|签署:印刷合同,97,0.010309278350515464,0.0,0.03333333333333333,-0.04571073317208241,source_pos,0.8873687639102157,0.9330794970822981,0.9135098720008437
17,full_affine,C1-03-3,出版,出版|签署:印刷合同,97,0.010309278350515464,0.0,0.015625,-0.0738908152733535,other_pos,0.845238334864957,0.9191291501383105,0.8915100019772775
17,full_affine,C1-04-0,出版,出版|发送:作者样书,97,0.010309278350515464,0.0,0.045454545454545456,-0.028559451200282027,other_pos,0.8876218294643152,0.9161812806645973,0.8793612636854611
17,full_affine,C1-04-1,出版,出版|发送:作者样书,97,0.010309278350515464,0.0,0.03225806451612903,-0.02277351091392754,other_pos,0.8784084625161046,0.9011819734300321,0.8930131149175095
17,full_affine,C1-04-2,出版,出版|发送:作者样书,97,0.010309278350515464,0.0,0.25,0.0445074043024547,other_pos,0.9199666813628418,0.8754592770603871,0.9235062019945547
17,full_affine,C1-04-3,出版,出版|发送:作者样书,97,0.010309278350515464,0.0,0.05263157894736842,-0.0054711217827865255,other_pos,0.8986444307020853,0.9041155524848719,0.9160274525063887
17,full_affine,C1-05-0,出版,出版|绘制:装帧草图,97,0.010309278350515464,0.0,0.05,0.031922328260549415,other_neg,0.8983368081100105,0.8664144798494611,0.920381523117129
17,full_affine,C1-05-1,出版,出版|绘制:装帧草图,97,0.010309278350515464,0.0,0.05,0.005117612090875023,other_neg,0.8994143623591941,0.8942967502683191,0.9191243126131353
17,full_affine,C1-05-2,出版,出版|绘制:装帧草图,97,0.010309278350515464,0.0,0.02631578947368421,-0.005765056578602157,other_neg,0.8860225979993231,0.8917876545779253,0.923802084294029
17,full_affine,C1-05-3,出版,出版|绘制:装帧草图,97,0.010309278350515464,0.0,0.0196078431372549,0.012829065715036392,other_neg,0.8839619605468745,0.8711328948318381,0.934456932516995
17,full_affine,C1-06-0,出版,出版|裁切:校样纸张,97,0.010309278350515464,0.0,0.02631578947368421,-0.056532868133791214,other_pos,0.8591511545988813,0.9156840227326725,0.8760853007007837
17,full_affine,C1-06-1,出版,出版|裁切:校样纸张,97,0.010309278350515464,0.0,0.041666666666666664,-0.0220534127483083,other_pos,0.8790463917452584,0.9010998044935667,0.9005428929644506
17,full_affine,C1-06-2,出版,出版|裁切:校样纸张,97,0.010309278350515464,0.0,0.5,0.006631945571944575,other_pos,0.9109114336157909,0.9042794880438463,0.901806920472981
17,full_affine,C1-06-3,出版,出版|裁切:校样纸张,97,0.010309278350515464,0.0,0.024390243902439025,-0.03115957848606521,other_pos,0.8762855893525653,0.9074451678386305,0.8979017946177598
17,full_affine,C1-07-0,出版,出版|核算:印制成本,97,0.010309278350515464,0.0,0.013888888888888888,-0.09362530652994638,other_pos,0.7966046266957489,0.8902299332256953,0.8523033441210686
17,full_affine,C1-07-1,出版,出版|核算:印制成本,97,0.010309278350515464,0.0,0.013513513513513514,-0.07863553955447056,other_pos,0.8317911103685282,0.9104266499229987,0.8778171805722654
17,full_affine,C1-07-2,出版,出版|核算:印制成本,97,0.010309278350515464,0.0,0.018518518518518517,-0.023982677710830846,other_pos,0.8672200291642609,0.8912027068750917,0.8966200292574923
17,full_affine,C1-07-3,出版,出版|核算:印制成本,97,0.010309278350515464,0.0,0.011904761904761904,-0.04793728974813871,other_pos,0.8556402157299599,0.9035775054780986,0.9034913314094198
17,full_affine,C1-08-0,出版,出版|装订:试印样本,97,0.010309278350515464,0.0,0.05263157894736842,0.0006697047175149295,other_neg,0.8909922364177529,0.890322531700238,0.9105152184184844
17,full_affine,C1-08-1,出版,出版|装订:试印样本,97,0.010309278350515464,0.0,0.041666666666666664,0.0024850618170944028,other_neg,0.881653174025707,0.8791681122086126,0.8980829125361134
17,full_affine,C1-08-2,出版,出版|装订:试印样本,97,0.010309278350515464,0.0,0.14285714285714285,0.010465331677074974,other_neg,0.9035007168499045,0.8930353851728295,0.9124784630988798
17,full_affine,C1-08-3,出版,出版|装订:试印样本,97,0.010309278350515464,0.0,0.02564102564102564,-0.004470135092841554,other_neg,0.8936211133855707,0.8980912484784123,0.9315676821218786
17,full_affine,C1-09-0,出版,出版|编写:发行通知,97,0.010309278350515464,0.0,0.041666666666666664,-0.025448127455866332,other_pos,0.8923288528646511,0.9177769803205175,0.8995269665228594
17,full_affine,C1-09-1,出版,出版|编写:发行通知,97,0.010309278350515464,0.0,0.045454545454545456,-0.020063021664680658,other_pos,0.8981506163769586,0.9182136380416392,0.9175681212961124
17,full_affine,C1-09-2,出版,出版|编写:发行通知,97,0.010309278350515464,0.0,0.3333333333333333,0.002655484985449763,other_pos,0.9236061898764832,0.9209507048910335,0.9217500185930739
17,full_affine,C1-09-3,出版,出版|编写:发行通知,97,0.010309278350515464,0.0,0.037037037037037035,-0.03526710168121383,source_pos,0.891382586920885,0.9266496886020988,0.91097294986736
17,full_affine,C1-10-0,出版,出版|收录:勘误条目,97,0.010309278350515464,0.0,0.1111111111111111,0.009925595049458225,other_neg,0.913189002933384,0.9032634078839258,0.9234564978575046
17,full_affine,C1-10-1,出版,出版|收录:勘误条目,97,0.010309278350515464,0.0,0.018867924528301886,-0.030584246988961672,other_pos,0.8727045392607169,0.9032887862496786,0.9015369208567344
17,full_affine,C1-10-2,出版,出版|收录:勘误条目,97,0.010309278350515464,0.0,0.07142857142857142,0.013962025809952872,other_neg,0.9183482804965533,0.9043862546866004,0.934908487914544
17,full_affine,C1-10-3,出版,出版|收录:勘误条目,97,0.010309278350515464,0.0,0.05,-0.017786875102944966,other_neg,0.9109104335073068,0.9286973086102518,0.9398419851153642
17,full_affine,C1-11-0,出版,出版|登记:稿酬金额,97,0.010309278350515464,0.0,0.016129032258064516,-0.07430426505607834,source_pos,0.8549026352247305,0.9292069002808089,0.9120383776014559
17,full_affine,C1-11-1,出版,出版|登记:稿酬金额,97,0.010309278350515464,0.0,0.02127659574468085,-0.05532267799403212,other_pos,0.8554174970650266,0.9107401750590587,0.9005087964034908
17,full_affine,C1-11-2,出版,出版|登记:稿酬金额,97,0.010309278350515464,0.0,0.02564102564102564,-0.06218417820793465,source_pos,0.871242197277955,0.9334263754858897,0.914199619114889
17,full_affine,C1-11-3,出版,出版|登记:稿酬金额,97,0.010309278350515464,0.0,0.016129032258064516,-0.06545838412983052,other_pos,0.857999010223709,0.9234573943535395,0.9119590252993021
29,identity,C0-00-0,考古,考古|测量:墓室尺寸,97,0.010309278350515464,0.0,0.05,-0.09133760051997275,source_pos,0.9086623994800277,1.0000000000000004,0.9082600700685792
29,identity,C0-00-1,考古,考古|测量:墓室尺寸,97,0.010309278350515464,0.0,0.047619047619047616,-0.07661910199021871,source_pos,0.9233808980097807,0.9999999999999994,0.9249758159317149
29,identity,C0-00-2,考古,考古|测量:墓室尺寸,97,0.010309278350515464,0.0,0.07692307692307693,-0.08547866201317378,source_pos,0.914521337986826,0.9999999999999998,0.9117700097169958
29,identity,C0-00-3,考古,考古|测量:墓室尺寸,97,0.010309278350515464,0.0,0.05555555555555555,-0.08625327636719449,source_pos,0.913746723632806,1.0000000000000004,0.9139762610605524
29,identity,C0-01-0,考古,考古|描绘:壁画轮廓,97,0.010309278350515464,0.0,0.03125,-0.08386130818216053,source_pos,0.9161386918178388,0.9999999999999993,0.9241933672304584
29,identity,C0-01-1,考古,考古|描绘:壁画轮廓,97,0.010309278350515464,0.0,0.02631578947368421,-0.08857684976448066,source_pos,0.9114231502355189,0.9999999999999996,0.9174867061829869
29,identity,C0-01-2,考古,考古|描绘:壁画轮廓,97,0.010309278350515464,0.0,0.034482758620689655,-0.10512697791575709,source_pos,0.8948730220842438,1.0000000000000009,0.8942363499487029
29,identity,C0-01-3,考古,考古|描绘:壁画轮廓,97,0.010309278350515464,0.0,0.07142857142857142,-0.05930733993445991,source_pos,0.940692660065541,1.0000000000000009,0.9418928535260643
29,identity,C0-02-0,考古,考古|登记:石器重量,97,0.010309278350515464,0.0,0.01694915254237288,-0.13706620478639664,source_pos,0.8629337952136031,0.9999999999999998,0.8793604574013083
29,identity,C0-02-1,考古,考古|登记:石器重量,97,0.010309278350515464,0.0,0.012048192771084338,-0.19607601361034233,source_pos,0.8039239863896575,0.9999999999999998,0.841223225786969
29,identity,C0-02-2,考古,考古|登记:石器重量,97,0.010309278350515464,0.0,0.03225806451612903,-0.12602804037440896,source_pos,0.8739719596255902,0.9999999999999991,0.8848975324682741
29,identity,C0-02-3,考古,考古|登记:石器重量,97,0.010309278350515464,0.0,0.08333333333333333,-0.07299223577517422,source_pos,0.9270077642248267,1.0000000000000009,0.9251511016743077
29,identity,C0-03-0,考古,考古|拍摄:遗迹剖面,97,0.010309278350515464,0.0,0.021739130434782608,-0.09360897328797724,source_pos,0.9063910267120228,1.0,0.9124524162911727
29,identity,C0-03-1,考古,考古|拍摄:遗迹剖面,97,0.010309278350515464,0.0,0.021739130434782608,-0.09987155425372984,source_pos,0.9001284457462702,1.0,0.9061194543515174
29,identity,C0-03-2,考古,考古|拍摄:遗迹剖面,97,0.010309278350515464,0.0,0.030303030303030304,-0.08047766398184153,source_pos,0.9195223360181598,1.0000000000000013,0.9200850903656217
29,identity,C0-03-3,考古,考古|拍摄:遗迹剖面,97,0.010309278350515464,0.0,0.03125,-0.08305895616665859,source_pos,0.9169410438333412,0.9999999999999998,0.9262466220539739
29,identity,C0-04-0,考古,考古|修复:青铜饰件,97,0.010309278350515464,0.0,0.024390243902439025,-0.1713149243052442,source_pos,0.828685075694756,1.0000000000000002,0.8211739745343583
29,identity,C0-04-1,考古,考古|修复:青铜饰件,97,0.010309278350515464,0.0,0.02631578947368421,-0.2689082216128371,source_pos,0.731091778387164,1.000000000000001,0.7339092288851445
29,identity,C0-04-2,考古,考古|修复:青铜饰件,97,0.010309278350515464,0.0,0.021739130434782608,-0.12437188315470893,source_pos,0.8756281168452907,0.9999999999999997,0.8790625807512483
29,identity,C0-04-3,考古,考古|修复:青铜饰件,97,0.010309278350515464,0.0,0.030303030303030304,-0.09900356131878918,source_pos,0.9009964386812119,1.000000000000001,0.885828991841422
29,identity,C0-05-0,考古,考古|包装:骨骼标本,97,0.010309278350515464,0.0,0.02564102564102564,-0.12025029308636004,source_pos,0.879749706913642,1.000000000000002,0.8827047794616096
29,identity,C0-05-1,考古,考古|包装:骨骼标本,97,0.010309278350515464,0.0,0.024390243902439025,-0.15940033070123938,source_pos,0.8405996692987617,1.000000000000001,0.8518603241506129
29,identity,C0-05-2,考古,考古|包装:骨骼标本,97,0.010309278350515464,0.0,0.05555555555555555,-0.10251607577693866,source_pos,0.8974839242230608,0.9999999999999994,0.8784112646767168
29,identity,C0-05-3,考古,考古|包装:骨骼标本,97,0.010309278350515464,0.0,0.04,-0.0754953061713377,source_pos,0.9245046938286627,1.0000000000000004,0.9167013934408359
29,identity,C0-06-0,考古,考古|筛分:填土沉积物,97,0.010309278350515464,0.0,0.034482758620689655,-0.09401224573602251,source_pos,0.9059877542639775,1.0,0.9007681221789063
29,identity,C0-06-1,考古,考古|筛分:填土沉积物,97,0.010309278350515464,0.0,0.023809523809523808,-0.12458031386946344,source_pos,0.8754196861305363,0.9999999999999998,0.8933268629474114
29,identity,C0-06-2,考古,考古|筛分:填土沉积物,97,0.010309278350515464,0.0,0.047619047619047616,-0.08519033977008794,source_pos,0.914809660229913,1.0000000000000009,0.9110840859924243
29,identity,C0-06-3,考古,考古|筛分:填土沉积物,97,0.010309278350515464,0.0,0.03571428571428571,-0.08361523893780709,source_pos,0.9163847610621936,1.0000000000000007,0.9249531846713356
29,identity,C0-07-0,考古,考古|拼接:陶片纹样,97,0.010309278350515464,0.0,0.023255813953488372,-0.12864335039411678,source_pos,0.8713566496058837,1.0000000000000004,0.8726265885726523
29,identity,C0-07-1,考古,考古|拼接:陶片纹样,97,0.010309278350515464,0.0,0.020833333333333332,-0.14698829543252545,source_pos,0.8530117045674752,1.0000000000000007,0.8628858326146971
29,identity,C0-07-2,考古,考古|拼接:陶片纹样,97,0.010309278350515464,0.0,0.034482758620689655,-0.0996485913376296,source_pos,0.9003514086623706,1.0000000000000002,0.8953370882811336
29,identity,C0-07-3,考古,考古|拼接:陶片纹样,97,0.010309278350515464,0.0,0.034482758620689655,-0.08523722457037541,source_pos,0.9147627754296239,0.9999999999999993,0.9082571021221424
29,identity,C0-08-0,考古,考古|加固:墓道支撑,97,0.010309278350515464,0.0,0.02702702702702703,-0.1051747267698403,source_pos,0.8948252732301597,1.0,0.9044623305233255
29,identity,C0-08-1,考古,考古|加固:墓道支撑,97,0.010309278350515464,0.0,0.02564102564102564,-0.11269935467333803,source_pos,0.8873006453266615,0.9999999999999996,0.8856950775641006
29,identity,C0-08-2,考古,考古|加固:墓道支撑,97,0.010309278350515464,0.0,0.03125,-0.10727731455257428,source_pos,0.8927226854474257,1.0,0.909962633780705
29,identity,C0-08-3,考古,考古|加固:墓道支撑,97,0.010309278350515464,0.0,0.05263157894736842,-0.08593843038602689,source_pos,0.9140615696139711,0.999999999999998,0.9011413446376171
29,identity,C0-09-0,考古,考古|翻译:碑刻文字,97,0.010309278350515464,0.0,0.022222222222222223,-0.12358631313985524,source_pos,0.8764136868601439,0.9999999999999991,0.8903845669274173
29,identity,C0-09-1,考古,考古|翻译:碑刻文字,97,0.010309278350515464,0.0,0.0136986301369863,-0.2348677159372896,source_pos,0.7651322840627104,1.0,0.7959590210600116
29,identity,C0-09-2,考古,考古|翻译:碑刻文字,97,0.010309278350515464,0.0,0.03225806451612903,-0.09555189702246691,source_pos,0.9044481029775333,1.0000000000000002,0.9157523343861446
29,identity,C0-09-3,考古,考古|翻译:碑刻文字,97,0.010309278350515464,0.0,0.034482758620689655,-0.08581918809149558,source_pos,0.9141808119085046,1.0000000000000002,0.9303399742117009
29,identity,C0-10-0,考古,考古|搭建:遮雨棚架,97,0.010309278350515464,0.0,0.022727272727272728,-0.10834591593204446,source_pos,0.8916540840679562,1.0000000000000007,0.8900305167720339
29,identity,C0-10-1,考古,考古|搭建:遮雨棚架,97,0.010309278350515464,0.0,0.022222222222222223,-0.18074861908645667,source_pos,0.8192513809135435,1.0000000000000002,0.8328403988309432
29,identity,C0-10-2,考古,考古|搭建:遮雨棚架,97,0.010309278350515464,0.0,0.027777777777777776,-0.11515501412007612,source_pos,0.8848449858799252,1.0000000000000013,0.8823637627320455
29,identity,C0-10-3,考古,考古|搭建:遮雨棚架,97,0.010309278350515464,0.0,0.043478260869565216,-0.10494378318596642,source_pos,0.8950562168140335,0.9999999999999999,0.8866592390244207
29,identity,C0-11-0,考古,考古|封存:探方档案,97,0.010309278350515464,0.0,0.01694915254237288,-0.12663564715471498,source_pos,0.8733643528452855,1.0000000000000004,0.8952748440063455
29,identity,C0-11-1,考古,考古|封存:探方档案,97,0.010309278350515464,0.0,0.010869565217391304,-0.1393279233268072,source_pos,0.8606720766731932,1.0000000000000004,0.9004622262779957
29,identity,C0-11-2,考古,考古|封存:探方档案,97,0.010309278350515464,0.0,0.021739130434782608,-0.11174506422283847,source_pos,0.8882549357771604,0.9999999999999989,0.9039828716419017
29,identity,C0-11-3,考古,考古|封存:探方档案,97,0.010309278350515464,0.0,0.03333333333333333,-0.09278588704551871,source_pos,0.9072141129544822,1.0000000000000009,0.9176985584965487
29,identity,C1-00-0,出版,出版|审定:封面配色,97,0.010309278350515464,0.0,0.019230769230769232,-0.14422030517467732,source_pos,0.8557796948253227,1.0,0.8597890880336494
29,identity,C1-00-1,出版,出版|审定:封面配色,97,0.010309278350515464,0.0,0.015873015873015872,-0.1877867623716667,source_pos,0.812213237628333,0.9999999999999997,0.8328905345812424
29,identity,C1-00-2,出版,出版|审定:封面配色,97,0.010309278350515464,0.0,0.020833333333333332,-0.13694350934019162,source_pos,0.8630564906598088,1.0000000000000004,0.8633367034266701
29,identity,C1-00-3,出版,出版|审定:封面配色,97,0.010309278350515464,0.0,0.017543859649122806,-0.12464858267221102,source_pos,0.8753514173277894,1.0000000000000004,0.8854479648554854
29,identity,C1-01-0,出版,出版|编排:索引条目,97,0.010309278350515464,0.0,0.02564102564102564,-0.14158844298835405,source_pos,0.8584115570116471,1.000000000000001,0.8533061683393444
29,identity,C1-01-1,出版,出版|编排:索引条目,97,0.010309278350515464,0.0,0.025,-0.16284518407836823,source_pos,0.8371548159216318,1.0,0.8351195668672737
29,identity,C1-01-2,出版,出版|编排:索引条目,97,0.010309278350515464,0.0,0.02564102564102564,-0.13046834808322794,source_pos,0.869531651916772,0.9999999999999999,0.8754060258977578
29,identity,C1-01-3,出版,出版|编排:索引条目,97,0.010309278350515464,0.0,0.02127659574468085,-0.1688286240818836,source_pos,0.8311713759181164,1.0,0.8652768198648209
29,identity,C1-02-0,出版,出版|录入:版权信息,97,0.010309278350515464,0.0,0.022222222222222223,-0.13646067054659217,source_pos,0.8635393294534075,0.9999999999999997,0.8633872878623086
29,identity,C1-02-1,出版,出版|录入:版权信息,97,0.010309278350515464,0.0,0.01694915254237288,-0.18108295580114742,source_pos,0.8189170441988523,0.9999999999999997,0.8482897465399676
29,identity,C1-02-2,出版,出版|录入:版权信息,97,0.010309278350515464,0.0,0.05263157894736842,-0.11738816072512515,source_pos,0.8826118392748746,0.9999999999999998,0.8707452236956321
29,identity,C1-02-3,出版,出版|录入:版权信息,97,0.010309278350515464,0.0,0.02631578947368421,-0.11955656794282299,source_pos,0.8804434320571775,1.0000000000000004,0.893485751048809
29,identity,C1-03-0,出版,出版|签署:印刷合同,97,0.010309278350515464,0.0,0.01694915254237288,-0.200453502874131,source_pos,0.7995464971258686,0.9999999999999996,0.830007350359914
29,identity,C1-03-1,出版,出版|签署:印刷合同,97,0.010309278350515464,0.0,0.012987012987012988,-0.20467540403582873,source_pos,0.7953245959641709,0.9999999999999997,0.8478928548313296
29,identity,C1-03-2,出版,出版|签署:印刷合同,97,0.010309278350515464,0.0,0.02,-0.12698641949185796,source_pos,0.8730135805081417,0.9999999999999997,0.8847832433283578
29,identity,C1-03-3,出版,出版|签署:印刷合同,97,0.010309278350515464,0.0,0.014925373134328358,-0.21489810651545127,source_pos,0.7851018934845481,0.9999999999999993,0.8266895562225229
29,identity,C1-04-0,出版,出版|发送:作者样书,97,0.010309278350515464,0.0,0.024390243902439025,-0.1422481508549076,source_pos,0.8577518491450922,0.9999999999999998,0.8456076236581658
29,identity,C1-04-1,出版,出版|发送:作者样书,97,0.010309278350515464,0.0,0.02,-0.19547023333437263,source_pos,0.8045297666656269,0.9999999999999996,0.824654834834297
29,identity,C1-04-2,出版,出版|发送:作者样书,97,0.010309278350515464,0.0,0.043478260869565216,-0.12670996818600033,source_pos,0.8732900318139996,0.9999999999999999,0.8769939262191622
29,identity,C1-04-3,出版,出版|发送:作者样书,97,0.010309278350515464,0.0,0.022727272727272728,-0.13978779199616198,source_pos,0.8602122080038376,0.9999999999999996,0.8786024957573155
29,identity,C1-05-0,出版,出版|绘制:装帧草图,97,0.010309278350515464,0.0,0.1,-0.08628377628424388,source_pos,0.9137162237157563,1.0000000000000002,0.9175838306555094
29,identity,C1-05-1,出版,出版|绘制:装帧草图,97,0.010309278350515464,0.0,0.0625,-0.11515024851365896,source_pos,0.88484975148634,0.999999999999999,0.8864253849227118
29,identity,C1-05-2,出版,出版|绘制:装帧草图,97,0.010309278350515464,0.0,0.058823529411764705,-0.09097558427122965,source_pos,0.9090244157287706,1.0000000000000002,0.903398093522876
29,identity,C1-05-3,出版,出版|绘制:装帧草图,97,0.010309278350515464,0.0,0.125,-0.07545996773751251,source_pos,0.9245400322624882,1.0000000000000007,0.9348307280718429
29,identity,C1-06-0,出版,出版|裁切:校样纸张,97,0.010309278350515464,0.0,0.022727272727272728,-0.17316244533225733,source_pos,0.8268375546677431,1.0000000000000004,0.823104076347331
29,identity,C1-06-1,出版,出版|裁切:校样纸张,97,0.010309278350515464,0.0,0.019230769230769232,-0.1950940170225921,source_pos,0.8049059829774083,1.0000000000000004,0.8257040606339382
29,identity,C1-06-2,出版,出版|裁切:校样纸张,97,0.010309278350515464,0.0,0.045454545454545456,-0.11060826068012208,source_pos,0.8893917393198781,1.0000000000000002,0.8800781989862992
29,identity,C1-06-3,出版,出版|裁切:校样纸张,97,0.010309278350515464,0.0,0.019230769230769232,-0.17271887428475596,source_pos,0.8272811257152437,0.9999999999999997,0.8455383002218542
29,identity,C1-07-0,出版,出版|核算:印制成本,97,0.010309278350515464,0.0,0.02040816326530612,-0.1591579189646367,source_pos,0.8408420810353637,1.0000000000000004,0.8340423017875143
29,identity,C1-07-1,出版,出版|核算:印制成本,97,0.010309278350515464,0.0,0.019230769230769232,-0.15711226401741452,source_pos,0.8428877359825855,1.0,0.8483939333422625
29,identity,C1-07-2,出版,出版|核算:印制成本,97,0.010309278350515464,0.0,0.07142857142857142,-0.10598285676506192,source_pos,0.8940171432349383,1.0000000000000002,0.8941345561095431
29,identity,C1-07-3,出版,出版|核算:印制成本,97,0.010309278350515464,0.0,0.07692307692307693,-0.09451904972800973,source_pos,0.9054809502719912,1.0000000000000009,0.9097929810788186
29,identity,C1-08-0,出版,出版|装订:试印样本,97,0.010309278350515464,0.0,0.025,-0.1281085047796655,source_pos,0.8718914952203345,1.0,0.8792409535511382
29,identity,C1-08-1,出版,出版|装订:试印样本,97,0.010309278350515464,0.0,0.01818181818181818,-0.18633816516013257,source_pos,0.8136618348398669,0.9999999999999994,0.8332100675279523
29,identity,C1-08-2,出版,出版|装订:试印样本,97,0.010309278350515464,0.0,0.07142857142857142,-0.1032460693537125,source_pos,0.896753930646287,0.9999999999999994,0.8967683665292882
29,identity,C1-08-3,出版,出版|装订:试印样本,97,0.010309278350515464,0.0,0.02127659574468085,-0.12067308251415476,source_pos,0.8793269174858451,0.9999999999999999,0.9093617390347197
29,identity,C1-09-0,出版,出版|编写:发行通知,97,0.010309278350515464,0.0,0.022222222222222223,-0.1919476165656947,source_pos,0.8080523834343049,0.9999999999999996,0.8100479445954798
29,identity,C1-09-1,出版,出版|编写:发行通知,97,0.010309278350515464,0.0,0.016666666666666666,-0.1870710106824205,source_pos,0.8129289893175794,0.9999999999999999,0.8459719165669497
29,identity,C1-09-2,出版,出版|编写:发行通知,97,0.010309278350515464,0.0,0.02631578947368421,-0.12580125544301302,source_pos,0.8741987445569865,0.9999999999999996,0.8660101144511008
29,identity,C1-09-3,出版,出版|编写:发行通知,97,0.010309278350515464,0.0,0.02040816326530612,-0.16331489732922055,source_pos,0.8366851026707793,0.9999999999999999,0.8612202090460072
29,identity,C1-10-0,出版,出版|收录:勘误条目,97,0.010309278350515464,0.0,0.03333333333333333,-0.11662715651270938,source_pos,0.8833728434872906,1.0,0.8775757378911246
29,identity,C1-10-1,出版,出版|收录:勘误条目,97,0.010309278350515464,0.0,0.017857142857142856,-0.1880346776985975,source_pos,0.8119653223014018,0.9999999999999993,0.8351233211826795
29,identity,C1-10-2,出版,出版|收录:勘误条目,97,0.010309278350515464,0.0,0.02857142857142857,-0.11232454196270003,source_pos,0.8876754580373,1.0,0.8917140434157356
29,identity,C1-10-3,出版,出版|收录:勘误条目,97,0.010309278350515464,0.0,0.0625,-0.09552460005709484,source_pos,0.9044753999429049,0.9999999999999998,0.9172635883995017
29,identity,C1-11-0,出版,出版|登记:稿酬金额,97,0.010309278350515464,0.0,0.014925373134328358,-0.15814847169529345,source_pos,0.8418515283047066,1.0,0.8814634119214194
29,identity,C1-11-1,出版,出版|登记:稿酬金额,97,0.010309278350515464,0.0,0.014285714285714285,-0.21047855732958398,source_pos,0.7895214426704158,0.9999999999999998,0.8397439464649831
29,identity,C1-11-2,出版,出版|登记:稿酬金额,97,0.010309278350515464,0.0,0.01694915254237288,-0.136955976599205,source_pos,0.863044023400795,1.0,0.8902108889771501
29,identity,C1-11-3,出版,出版|登记:稿酬金额,97,0.010309278350515464,0.0,0.012987012987012988,-0.20375419583070686,source_pos,0.7962458041692931,1.0,0.8518740492254668
29,shift,C0-00-0,考古,考古|测量:墓室尺寸,97,0.010309278350515464,0.0,0.2,-0.06199094706008135,source_pos,0.9175664969942455,0.9795574440543269,0.9171382432608725
29,shift,C0-00-1,考古,考古|测量:墓室尺寸,97,0.010309278350515464,0.0,0.2,-0.04725132462771153,source_pos,0.9325122191634736,0.9797635437911851,0.9317131469384136
29,shift,C0-00-2,考古,考古|测量:墓室尺寸,97,0.010309278350515464,0.0,0.2,-0.054995533788435136,source_pos,0.9231470427949523,0.9781425765833874,0.9223747898169294
29,shift,C0-00-3,考古,考古|测量:墓室尺寸,97,0.010309278350515464,0.0,0.16666666666666666,-0.0596773214268822,source_pos,0.919915045626095,0.9795923670529773,0.9219556675023615
29,shift,C0-01-0,考古,考古|描绘:壁画轮廓,97,0.010309278350515464,0.0,0.07692307692307693,-0.05078310431606403,source_pos,0.9286677235920751,0.9794508279081391,0.9304787627208757
29,shift,C0-01-1,考古,考古|描绘:壁画轮廓,97,0.010309278350515464,0.0,0.1,-0.05105024783348222,source_pos,0.9280826474843435,0.9791328953178258,0.927590667483279
29,shift,C0-01-2,考古,考古|描绘:壁画轮廓,97,0.010309278350515464,0.0,0.09090909090909091,-0.06591516232201977,source_pos,0.9102524975938195,0.9761676599158393,0.9161820382944524
29,shift,C0-01-3,考古,考古|描绘:壁画轮廓,97,0.010309278350515464,0.0,0.2,-0.0338006590394595,source_pos,0.9446252358073184,0.9784258948467779,0.9498503026180471
29,shift,C0-02-0,考古,考古|登记:石器重量,97,0.010309278350515464,0.0,0.045454545454545456,-0.08619459635461724,source_pos,0.890628089516511,0.9768226858711282,0.8968429551120646
29,shift,C0-02-1,考古,考古|登记:石器重量,97,0.010309278350515464,0.0,0.017857142857142856,-0.14226376311053723,source_pos,0.8351147748493389,0.9773785379598762,0.8590981588481972
29,shift,C0-02-2,考古,考古|登记:石器重量,97,0.010309278350515464,0.0,0.14285714285714285,-0.0806893837609306,source_pos,0.8958926895945145,0.9765820733554451,0.8973576555640543
29,shift,C0-02-3,考古,考古|登记:石器重量,97,0.010309278350515464,0.0,0.5,-0.039676705969731274,source_pos,0.9375739704720053,0.9772506764417366,0.9313588052472818
29,shift,C0-03-0,考古,考古|拍摄:遗迹剖面,97,0.010309278350515464,0.0,0.0625,-0.053675301010224774,source_pos,0.9255304484610261,0.9792057494712508,0.9282786859890273
29,shift,C0-03-1,考古,考古|拍摄:遗迹剖面,97,0.010309278350515464,0.0,0.06666666666666667,-0.06153362353663128,source_pos,0.9180278914735757,0.9795615150102069,0.9203416141388304
29,shift,C0-03-2,考古,考古|拍摄:遗迹剖面,97,0.010309278350515464,0.0,0.16666666666666666,-0.04166056393765838,source_pos,0.9373288652154836,0.978989429153142,0.9307293140016366
29,shift,C0-03-3,考古,考古|拍摄:遗迹剖面,97,0.010309278350515464,0.0,0.09090909090909091,-0.048036558368731996,source_pos,0.9310826820570767,0.9791192404258087,0.9353700718668679
29,shift,C0-04-0,考古,考古|修复:青铜饰件,97,0.010309278350515464,0.0,0.03225806451612903,-0.11615546057692616,source_pos,0.8598711388145054,0.9760265993914315,0.8533688436298277
29,shift,C0-04-1,考古,考古|修复:青铜饰件,97,0.010309278350515464,0.0,0.04,-0.2115525660289045,source_pos,0.7639631010200166,0.9755156670489211,0.7683794875583199
29,shift,C0-04-2,考古,考古|修复:青铜饰件,97,0.010309278350515464,0.0,0.03125,-0.07394330578974473,source_pos,0.9033863552529188,0.9773296610426635,0.9023081394421615
29,shift,C0-04-3,考古,考古|修复:青铜饰件,97,0.010309278350515464,0.0,0.1,-0.056349484896546786,source_pos,0.9212541587524957,0.9776036436490425,0.9125826236927193
29,shift,C0-05-0,考古,考古|包装:骨骼标本,97,0.010309278350515464,0.0,0.045454545454545456,-0.07481012229428874,source_pos,0.9033552653099204,0.9781653876042091,0.9066188522035556
29,shift,C0-05-1,考古,考古|包装:骨骼标本,97,0.010309278350515464,0.0,0.04,-0.10897537218142628,source_pos,0.8684760887524988,0.9774514609339251,0.8743406042717983
29,shift,C0-05-2,考古,考古|包装:骨骼标本,97,0.010309278350515464,0.0,0.25,-0.06605995074579485,source_pos,0.9121255027012292,0.978185453447024,0.8931705089013539
29,shift,C0-05-3,考古,考古|包装:骨骼标本,97,0.010309278350515464,0.0,0.3333333333333333,-0.04379435110825758,source_pos,0.9358595117209916,0.9796538628292492,0.932715241384731
29,shift,C0-06-0,考古,考古|筛分:填土沉积物,97,0.010309278350515464,0.0,0.16666666666666666,-0.05912030166211313,source_pos,0.9198151729089683,0.9789354745710814,0.9127913842319787
29,shift,C0-06-1,考古,考古|筛分:填土沉积物,97,0.010309278350515464,0.0,0.05263157894736842,-0.07614119003577435,source_pos,0.9014815969683626,0.977622787004137,0.9104411635824516
29,shift,C0-06-2,考古,考古|筛分:填土沉积物,97,0.010309278350515464,0.0,0.2,-0.05180931252455245,source_pos,0.926801010212428,0.9786103227369805,0.9250589425925433
29,shift,C0-06-3,考古,考古|筛分:填土沉积物,97,0.010309278350515464,0.0,0.125,-0.05284774967814121,source_pos,0.9259620019433439,0.9788097516214851,0.9345152425183276
29,shift,C0-07-0,考古,考古|拼接:陶片纹样,97,0.010309278350515464,0.0,0.05,-0.07257962266624407,source_pos,0.9036741219104314,0.9762537445766755,0.8952121396953172
29,shift,C0-07-1,考古,考古|拼接:陶片纹样,97,0.010309278350515464,0.0,0.03225806451612903,-0.09477002750530128,source_pos,0.8826974975360495,0.9774675250413508,0.8903551402333957
29,shift,C0-07-2,考古,考古|拼接:陶片纹样,97,0.010309278350515464,0.0,0.3333333333333333,-0.059684222708706436,source_pos,0.9176746001164656,0.9773588228251721,0.9105486456828593
29,shift,C0-07-3,考古,考古|拼接:陶片纹样,97,0.010309278350515464,0.0,0.16666666666666666,-0.051203804269205566,source_pos,0.9270456043285359,0.9782494085977415,0.9187858806316225
29,shift,C0-08-0,考古,考古|加固:墓道支撑,97,0.010309278350515464,0.0,0.043478260869565216,-0.067750928257301,source_pos,0.912193841105318,0.979944769362619,0.9151744532032233
29,shift,C0-08-1,考古,考古|加固:墓道支撑,97,0.010309278350515464,0.0,0.08333333333333333,-0.08024879316956535,source_pos,0.9001097739897773,0.9803585671593427,0.8967656487468261
29,shift,C0-08-2,考古,考古|加固:墓道支撑,97,0.010309278350515464,0.0,0.047619047619047616,-0.0709230691514472,source_pos,0.909353183537015,0.9802762526884622,0.921929486681812
29,shift,C0-08-3,考古,考古|加固:墓道支撑,97,0.010309278350515464,0.0,0.125,-0.05879371971392433,source_pos,0.9213586332225283,0.9801523529364526,0.9057558923125387
29,shift,C0-09-0,考古,考古|翻译:碑刻文字,97,0.010309278350515464,0.0,0.05263157894736842,-0.07880875348734473,source_pos,0.8994334347011552,0.9782421881885,0.9066775434332084
29,shift,C0-09-1,考古,考古|翻译:碑刻文字,97,0.010309278350515464,0.0,0.02,-0.17359182014047314,source_pos,0.8025843378000685,0.9761761579405417,0.8205719312714312
29,shift,C0-09-2,考古,考古|翻译:碑刻文字,97,0.010309278350515464,0.0,0.14285714285714285,-0.058544032595230666,source_pos,0.9204393476190138,0.9789833802142445,0.923200652209949
29,shift,C0-09-3,考古,考古|翻译:碑刻文字,97,0.010309278350515464,0.0,0.07142857142857142,-0.055808372961191344,source_pos,0.9236160808411341,0.9794244538023255,0.9304673572401385
29,shift,C0-10-0,考古,考古|搭建:遮雨棚架,97,0.010309278350515464,0.0,0.05263157894736842,-0.06247775654887833,source_pos,0.9165432094985497,0.979020966047428,0.9140465759450291
29,shift,C0-10-1,考古,考古|搭建:遮雨棚架,97,0.010309278350515464,0.0,0.038461538461538464,-0.132563231770919,source_pos,0.8443870879666974,0.9769503197376164,0.8521670833216951
29,shift,C0-10-2,考古,考古|搭建:遮雨棚架,97,0.010309278350515464,0.0,0.14285714285714285,-0.06962274782413347,source_pos,0.9090476519122194,0.9786703997363528,0.9043766069331527
29,shift,C0-10-3,考古,考古|搭建:遮雨棚架,97,0.010309278350515464,0.0,0.07692307692307693,-0.060338393524602796,source_pos,0.9184854032361923,0.9788237967607951,0.906203745416934
29,shift,C0-11-0,考古,考古|封存:探方档案,97,0.010309278350515464,0.0,0.030303030303030304,-0.08547109304177725,source_pos,0.8944165947331333,0.9798876877749105,0.9060817411376637
29,shift,C0-11-1,考古,考古|封存:探方档案,97,0.010309278350515464,0.0,0.0136986301369863,-0.09929756763150677,source_pos,0.8810059162539773,0.980303483885484,0.9060555455973314
29,shift,C0-11-2,考古,考古|封存:探方档案,97,0.010309278350515464,0.0,0.07692307692307693,-0.07818517481830156,source_pos,0.9009637611966406,0.9791489360149421,0.9072966366545105
29,shift,C0-11-3,考古,考古|封存:探方档案,97,0.010309278350515464,0.0,0.07142857142857142,-0.06272784394551156,source_pos,0.9176116869753805,0.9803395309208921,0.9216919451910525
29,shift,C1-00-0,出版,出版|审定:封面配色,97,0.010309278350515464,0.0,0.024390243902439025,-0.09395739454864838,source_pos,0.8822020570481893,0.9761594515968377,0.8855943279181758
29,shift,C1-00-1,出版,出版|审定:封面配色,97,0.010309278350515464,0.0,0.01818181818181818,-0.12789425768790297,source_pos,0.8476895291995558,0.9755837868874587,0.862524627230262
29,shift,C1-00-2,出版,出版|审定:封面配色,97,0.010309278350515464,0.0,0.041666666666666664,-0.08509226121863567,source_pos,0.8906275069785464,0.9757197681971821,0.8907397403096224
29,shift,C1-00-3,出版,出版|审定:封面配色,97,0.010309278350515464,0.0,0.03125,-0.08292709515251162,source_pos,0.8930508258389025,0.9759779209914141,0.9056090778910835
29,shift,C1-01-0,出版,出版|编排:索引条目,97,0.010309278350515464,0.0,0.03333333333333333,-0.09693642581027384,source_pos,0.8790781647138115,0.9760145905240853,0.8796496040136192
29,shift,C1-01-1,出版,出版|编排:索引条目,97,0.010309278350515464,0.0,0.037037037037037035,-0.11169908205592327,source_pos,0.8656671212839433,0.9773662033398666,0.8582606665094927
29,shift,C1-01-2,出版,出版|编排:索引条目,97,0.010309278350515464,0.0,0.038461538461538464,-0.09465431614753472,source_pos,0.882066167772674,0.9767204839202087,0.8933802924727839
29,shift,C1-01-3,出版,出版|编排:索引条目,97,0.010309278350515464,0.0,0.023255813953488372,-0.12775881697687774,source_pos,0.8478563329928812,0.975615149969759,0.8864775953457543
29,shift,C1-02-0,出版,出版|录入:版权信息,97,0.010309278350515464,0.0,0.047619047619047616,-0.08736008702300524,source_pos,0.8876775737943127,0.9750376608173179,0.8843273237375835
29,shift,C1-02-1,出版,出版|录入:版权信息,97,0.010309278350515464,0.0,0.02040816326530612,-0.12642982957800541,source_pos,0.8490915819235412,0.9755214115015466,0.8671673836478867
29,shift,C1-02-2,出版,出版|录入:版权信息,97,0.010309278350515464,0.0,0.2,-0.07808318144465654,source_pos,0.8975982160013158,0.9756813974459724,0.8898205874676315
29,shift,C1-02-3,出版,出版|录入:版权信息,97,0.010309278350515464,0.0,0.045454545454545456,-0.08858855376367125,source_pos,0.8872694828843415,0.9758580366480127,0.90513763247193
29,shift,C1-03-0,出版,出版|签署:印刷合同,97,0.010309278350515464,0.0,0.02,-0.1458208826170393,source_pos,0.8300983026165355,0.9759191852335748,0.8517710905709983
29,shift,C1-03-1,出版,出版|签署:印刷合同,97,0.010309278350515464,0.0,0.015384615384615385,-0.14744024392100985,source_pos,0.8290261135219045,0.9764663574429143,0.8673969682820439
29,shift,C1-03-2,出版,出版|签署:印刷合同,97,0.010309278350515464,0.0,0.047619047619047616,-0.09182027046275676,source_pos,0.8862091653624496,0.9780294358252064,0.8946031784400024
29,shift,C1-03-3,出版,出版|签署:印刷合同,97,0.010309278350515464,0.0,0.016129032258064516,-0.16715081560296852,source_pos,0.8087983979579981,0.9759492135609666,0.8472441781230106
29,shift,C1-04-0,出版,出版|发送:作者样书,97,0.010309278350515464,0.0,0.041666666666666664,-0.09599714545888571,source_pos,0.8804635908682905,0.9764607363271762,0.8723043552772418
29,shift,C1-04-1,出版,出版|发送:作者样书,97,0.010309278350515464,0.0,0.023809523809523808,-0.13132087581062746,source_pos,0.8431204629100624,0.9744413387206898,0.8553944732305134
29,shift,C1-04-2,出版,出版|发送:作者样书,97,0.010309278350515464,0.0,0.14285714285714285,-0.08222256033098296,source_pos,0.8957724687477683,0.9779950290787512,0.8958034913013438
29,shift,C1-04-3,出版,出版|发送:作者样书,97,0.010309278350515464,0.0,0.045454545454545456,-0.09381849288188526,source_pos,0.8828186465280143,0.9766371394098996,0.8947135585311792
29,shift,C1-05-0,出版,出版|绘制:装帧草图,97,0.010309278350515464,0.0,0.1111111111111111,-0.053574737698589336,source_pos,0.924824357339955,0.9783990950385444,0.9351206400848493
29,shift,C1-05-1,出版,出版|绘制:装帧草图,97,0.010309278350515464,0.0,0.125,-0.07327415239606816,source_pos,0.9043171927997038,0.977591345195772,0.9020576445638442
29,shift,C1-05-2,出版,出版|绘制:装帧草图,97,0.010309278350515464,0.0,0.125,-0.057757807451983334,source_pos,0.9202207143446604,0.9779785217966437,0.9228488019341136
29,shift,C1-05-3,出版,出版|绘制:装帧草图,97,0.010309278350515464,0.0,0.14285714285714285,-0.04768294568199438,source_pos,0.9310434547207621,0.9787264004027565,0.9478568295935854
29,shift,C1-06-0,出版,出版|裁切:校样纸张,97,0.010309278350515464,0.0,0.025,-0.1232283915927902,source_pos,0.8535808810503231,0.9768092726431133,0.8524586663518624
29,shift,C1-06-1,出版,出版|裁切:校样纸张,97,0.010309278350515464,0.0,0.02127659574468085,-0.14126701808319675,source_pos,0.8360527420869811,0.9773197601701779,0.8528569852780972
29,shift,C1-06-2,出版,出版|裁切:校样纸张,97,0.010309278350515464,0.0,0.2,-0.06632192912171375,source_pos,0.9107544956496432,0.9770764247713569,0.89914580384881
29,shift,C1-06-3,出版,出版|裁切:校样纸张,97,0.010309278350515464,0.0,0.022222222222222223,-0.12746307002194257,source_pos,0.8482909164492302,0.9757539864711727,0.8704460198679309
29,shift,C1-07-0,出版,出版|核算:印制成本,97,0.010309278350515464,0.0,0.03571428571428571,-0.10718449786172957,source_pos,0.8690713067319444,0.976255804593674,0.8608750122841793
29,shift,C1-07-1,出版,出版|核算:印制成本,97,0.010309278350515464,0.0,0.03333333333333333,-0.10623441826187352,source_pos,0.8711218256740871,0.9773562439359607,0.8725878018027228
29,shift,C1-07-2,出版,出版|核算:印制成本,97,0.010309278350515464,0.0,0.16666666666666666,-0.06537021467024984,source_pos,0.9130319981078807,0.9784022127781306,0.9146400293582385
29,shift,C1-07-3,出版,出版|核算:印制成本,97,0.010309278350515464,0.0,0.125,-0.06167036888942923,source_pos,0.9163380438115356,0.9780084127009648,0.9261598048944653
29,shift,C1-08-0,出版,出版|装订:试印样本,97,0.010309278350515464,0.0,0.06666666666666667,-0.08046986969591818,source_pos,0.8970952857507009,0.977565155446619,0.9016958484318045
29,shift,C1-08-1,出版,出版|装订:试印样本,97,0.010309278350515464,0.0,0.03333333333333333,-0.12977783238314722,source_pos,0.8478570101557142,0.9776348425388615,0.8609322342200785
29,shift,C1-08-2,出版,出版|装订:试印样本,97,0.010309278350515464,0.0,0.2,-0.06422627892623212,source_pos,0.9154727522586608,0.9796990311848929,0.9143561470509096
29,shift,C1-08-3,出版,出版|装订:试印样本,97,0.010309278350515464,0.0,0.03333333333333333,-0.08074536119745568,source_pos,0.8968111165967457,0.9775564777942014,0.9260836158921685
29,shift,C1-09-0,出版,出版|编写:发行通知,97,0.010309278350515464,0.0,0.027777777777777776,-0.13714318558224503,source_pos,0.8392612848758697,0.9764044704581147,0.8375534454815585
29,shift,C1-09-1,出版,出版|编写:发行通知,97,0.010309278350515464,0.0,0.02040816326530612,-0.1342794774427961,source_pos,0.8428941982434063,0.9771736756862024,0.8679107751170384
29,shift,C1-09-2,出版,出版|编写:发行通知,97,0.010309278350515464,0.0,0.05263157894736842,-0.08861403115146327,source_pos,0.888538223710878,0.9771522548623413,0.8814943299185289
29,shift,C1-09-3,出版,出版|编写:发行通知,97,0.010309278350515464,0.0,0.022222222222222223,-0.12521695075962613,source_pos,0.8522287495343268,0.977445700293953,0.8796049314626042
29,shift,C1-10-0,出版,出版|收录:勘误条目,97,0.010309278350515464,0.0,0.2,-0.07003602386608965,source_pos,0.9061864987314128,0.9762225225975024,0.9002165543482852
29,shift,C1-10-1,出版,出版|收录:勘误条目,97,0.010309278350515464,0.0,0.02127659574468085,-0.13122817246693197,source_pos,0.8442512058802161,0.975479378347148,0.8582056281204078
29,shift,C1-10-2,出版,出版|收录:勘误条目,97,0.010309278350515464,0.0,0.1111111111111111,-0.07097651749606326,source_pos,0.9048633494030132,0.9758398668990764,0.9139793475940288
29,shift,C1-10-3,出版,出版|收录:勘误条目,97,0.010309278350515464,0.0,0.08333333333333333,-0.06624919539330609,source_pos,0.9113945936650747,0.9776437890583808,0.9315331198640111
29,shift,C1-11-0,出版,出版|登记:稿酬金额,97,0.010309278350515464,0.0,0.0196078431372549,-0.11946029518041579,source_pos,0.8598643170852376,0.9793246122656534,0.8924098259811489
29,shift,C1-11-1,出版,出版|登记:稿酬金额,97,0.010309278350515464,0.0,0.016666666666666666,-0.16192854360872322,source_pos,0.8166898459021726,0.9786183895108959,0.8542912801497444
29,shift,C1-11-2,出版,出版|登记:稿酬金额,97,0.010309278350515464,0.0,0.047619047619047616,-0.10189501348401175,source_pos,0.8780140991122348,0.9799091125962466,0.8977779213945984
29,shift,C1-11-3,出版,出版|登记:稿酬金额,97,0.010309278350515464,0.0,0.0136986301369863,-0.16041676844060748,source_pos,0.8173577578048079,0.9777745262454154,0.8669976884285585
29,rank1,C0-00-0,考古,考古|测量:墓室尺寸,97,0.010309278350515464,0.0,0.2,-0.05274316412180535,source_pos,0.9195154698264003,0.9722586339482057,0.9188562152351604
29,rank1,C0-00-1,考古,考古|测量:墓室尺寸,97,0.010309278350515464,0.0,0.25,-0.04279875269594635,source_pos,0.9327393145536659,0.9755380672496122,0.9320650457495651
29,rank1,C0-00-2,考古,考古|测量:墓室尺寸,97,0.010309278350515464,0.0,0.14285714285714285,-0.049499143567905746,source_pos,0.9201294021677672,0.9696285457356729,0.9228142317472072
29,rank1,C0-00-3,考古,考古|测量:墓室尺寸,97,0.010309278350515464,0.0,0.125,-0.048018340551990724,source_pos,0.9224741655417132,0.970492506093704,0.927941372576573
29,rank1,C0-01-0,考古,考古|描绘:壁画轮廓,97,0.010309278350515464,0.0,0.1111111111111111,-0.04492941939958861,source_pos,0.9327152668802539,0.9776446862798425,0.9327466313167361
29,rank1,C0-01-1,考古,考古|描绘:壁画轮廓,97,0.010309278350515464,0.0,0.1,-0.05051079615667953,source_pos,0.928293287268285,0.9788040834249645,0.9279224177971024
29,rank1,C0-01-2,考古,考古|描绘:壁画轮廓,97,0.010309278350515464,0.0,0.14285714285714285,-0.06179120296919516,source_pos,0.913638830673271,0.9754300336424662,0.9185523003575565
29,rank1,C0-01-3,考古,考古|描绘:壁画轮廓,97,0.010309278350515464,0.0,0.16666666666666666,-0.03334998376740461,source_pos,0.9440044394801965,0.9773544232476011,0.9518677858416477
29,rank1,C0-02-0,考古,考古|登记:石器重量,97,0.010309278350515464,0.0,0.045454545454545456,-0.08892602221908663,source_pos,0.8880473302991461,0.9769733525182327,0.8936844684690517
29,rank1,C0-02-1,考古,考古|登记:石器重量,97,0.010309278350515464,0.0,0.015625,-0.13015763476552777,source_pos,0.8445998446475923,0.9747574794131201,0.8705259331210129
29,rank1,C0-02-2,考古,考古|登记:石器重量,97,0.010309278350515464,0.0,0.16666666666666666,-0.08160425857753151,source_pos,0.8890945689194417,0.9706988274969732,0.8860656350820091
29,rank1,C0-02-3,考古,考古|登记:石器重量,97,0.010309278350515464,0.0,0.3333333333333333,-0.04130077670058818,source_pos,0.9357912054136723,0.9770919821142605,0.9299573496971069
29,rank1,C0-03-0,考古,考古|拍摄:遗迹剖面,97,0.010309278350515464,0.0,0.09090909090909091,-0.048180259607702,source_pos,0.9291187110282894,0.9772989706359914,0.9294363834244775
29,rank1,C0-03-1,考古,考古|拍摄:遗迹剖面,97,0.010309278350515464,0.0,0.08333333333333333,-0.05697538306854155,source_pos,0.9208215328876277,0.9777969159561692,0.9212041736131094
29,rank1,C0-03-2,考古,考古|拍摄:遗迹剖面,97,0.010309278350515464,0.0,0.2,-0.03761466637888633,source_pos,0.9393013284613982,0.9769159948402846,0.931053585448547
29,rank1,C0-03-3,考古,考古|拍摄:遗迹剖面,97,0.010309278350515464,0.0,0.1111111111111111,-0.038673548420701476,source_pos,0.9371036712880592,0.9757772197087606,0.9428137467974966
29,rank1,C0-04-0,考古,考古|修复:青铜饰件,97,0.010309278350515464,0.0,0.03225806451612903,-0.11970469731737077,source_pos,0.8565717906372698,0.9762764879546406,0.8503091106364636
29,rank1,C0-04-1,考古,考古|修复:青铜饰件,97,0.010309278350515464,0.0,0.04,-0.17900240473817264,source_pos,0.7912941227994152,0.9702965275375879,0.793297448974044
29,rank1,C0-04-2,考古,考古|修复:青铜饰件,97,0.010309278350515464,0.0,0.03225806451612903,-0.07776986935767016,source_pos,0.8996919985521932,0.9774618679098633,0.8988761570142357
29,rank1,C0-04-3,考古,考古|修复:青铜饰件,97,0.010309278350515464,0.0,0.06666666666666667,-0.0638703339060942,source_pos,0.9125699804737981,0.9764403143798923,0.9074990681346299
29,rank1,C0-05-0,考古,考古|包装:骨骼标本,97,0.010309278350515464,0.0,0.047619047619047616,-0.07986491245785343,source_pos,0.8978501499175888,0.9777150623754423,0.9001776943570732
29,rank1,C0-05-1,考古,考古|包装:骨骼标本,97,0.010309278350515464,0.0,0.04,-0.10786149414420321,source_pos,0.869458561970975,0.9773200561151782,0.8754049905538713
29,rank1,C0-05-2,考古,考古|包装:骨骼标本,97,0.010309278350515464,0.0,0.2,-0.06921094502630332,source_pos,0.9057262036512643,0.9749371486775676,0.8879480700719748
29,rank1,C0-05-3,考古,考古|包装:骨骼标本,97,0.010309278350515464,0.0,0.3333333333333333,-0.037924846904757614,source_pos,0.9368799487873156,0.9748047956920732,0.9384563496797352
29,rank1,C0-06-0,考古,考古|筛分:填土沉积物,97,0.010309278350515464,0.0,0.14285714285714285,-0.06062505838744303,source_pos,0.9183888266689624,0.9790138850564054,0.9105109178831157
29,rank1,C0-06-1,考古,考古|筛分:填土沉积物,97,0.010309278350515464,0.0,0.05263157894736842,-0.07590891865695548,source_pos,0.9016789628457684,0.9775878815027239,0.9106927695791578
29,rank1,C0-06-2,考古,考古|筛分:填土沉积物,97,0.010309278350515464,0.0,0.2,-0.055232653838180545,source_pos,0.9231204954591532,0.9783531492973337,0.9228763008677966
29,rank1,C0-06-3,考古,考古|筛分:填土沉积物,97,0.010309278350515464,0.0,0.125,-0.05422365722975597,source_pos,0.9246214219866543,0.9788450792164103,0.9334100589420888
29,rank1,C0-07-0,考古,考古|拼接:陶片纹样,97,0.010309278350515464,0.0,0.047619047619047616,-0.07458282252716064,source_pos,0.9018887238465617,0.9764715463737224,0.8928959195205297
29,rank1,C0-07-1,考古,考古|拼接:陶片纹样,97,0.010309278350515464,0.0,0.03225806451612903,-0.09523665878923993,source_pos,0.8823007486180034,0.9775374074072434,0.8899880178324109
29,rank1,C0-07-2,考古,考古|拼接:陶片纹样,97,0.010309278350515464,0.0,0.3333333333333333,-0.055742785623262736,source_pos,0.9173479159454876,0.9730907015687503,0.9131430506385009
29,rank1,C0-07-3,考古,考古|拼接:陶片纹样,97,0.010309278350515464,0.0,0.25,-0.04812835491582623,source_pos,0.9271339344337173,0.9752622893495435,0.9217815152710919
29,rank1,C0-08-0,考古,考古|加固:墓道支撑,97,0.010309278350515464,0.0,0.047619047619047616,-0.06594414777478175,source_pos,0.9128343278050415,0.9787784755798232,0.9125421366082258
29,rank1,C0-08-1,考古,考古|加固:墓道支撑,97,0.010309278350515464,0.0,0.08333333333333333,-0.08076460623895954,source_pos,0.8996535666027877,0.9804181728417473,0.8963079028545873
29,rank1,C0-08-2,考古,考古|加固:墓道支撑,97,0.010309278350515464,0.0,0.06666666666666667,-0.06408038549608275,source_pos,0.9136413147578977,0.9777217002539804,0.9235914154397414
29,rank1,C0-08-3,考古,考古|加固:墓道支撑,97,0.010309278350515464,0.0,0.14285714285714285,-0.050413054671873736,source_pos,0.9257303513801045,0.9761434060519782,0.9130478371316929
29,rank1,C0-09-0,考古,考古|翻译:碑刻文字,97,0.010309278350515464,0.0,0.05263157894736842,-0.08119535628877506,source_pos,0.8971809517568051,0.9783763080455802,0.9041960167146285
29,rank1,C0-09-1,考古,考古|翻译:碑刻文字,97,0.010309278350515464,0.0,0.01694915254237288,-0.1475127264563969,source_pos,0.8230124730921613,0.9705251995485582,0.8439211988809159
29,rank1,C0-09-2,考古,考古|翻译:碑刻文字,97,0.010309278350515464,0.0,0.2,-0.05422173395092367,source_pos,0.9223459576453823,0.976567691596306,0.9220082608294037
29,rank1,C0-09-3,考古,考古|翻译:碑刻文字,97,0.010309278350515464,0.0,0.125,-0.05029300895731004,source_pos,0.9260053296854427,0.9762983386427527,0.929770642448885
29,rank1,C0-10-0,考古,考古|搭建:遮雨棚架,97,0.010309278350515464,0.0,0.0625,-0.05814622044426487,source_pos,0.9176603232063754,0.9758065436506402,0.9146703081481451
29,rank1,C0-10-1,考古,考古|搭建:遮雨棚架,97,0.010309278350515464,0.0,0.03571428571428571,-0.1182240613394484,source_pos,0.8557464072258065,0.9739704685652549,0.8644367408660529
29,rank1,C0-10-2,考古,考古|搭建:遮雨棚架,97,0.010309278350515464,0.0,0.16666666666666666,-0.0692423832079887,source_pos,0.9079952042450159,0.9772375874530046,0.9034670153558524
29,rank1,C0-10-3,考古,考古|搭建:遮雨棚架,97,0.010309278350515464,0.0,0.08333333333333333,-0.05068724515425449,source_pos,0.9226808486389831,0.9733680937932376,0.9133912733952827
29,rank1,C0-11-0,考古,考古|封存:探方档案,97,0.010309278350515464,0.0,0.043478260869565216,-0.08018784292059755,source_pos,0.8968257835572101,0.9770136264778077,0.9032382688429703
29,rank1,C0-11-1,考古,考古|封存:探方档案,97,0.010309278350515464,0.0,0.014925373134328358,-0.09661160077427111,source_pos,0.8825084515681345,0.9791200523424056,0.9055499727928326
29,rank1,C0-11-2,考古,考古|封存:探方档案,97,0.010309278350515464,0.0,0.07692307692307693,-0.07867317568423327,source_pos,0.9005106833802243,0.9791838590644576,0.9061677994038659
29,rank1,C0-11-3,考古,考古|封存:探方档案,97,0.010309278350515464,0.0,0.1111111111111111,-0.05222616775742206,source_pos,0.9236160030099428,0.9758421707673649,0.9240684247631189
29,rank1,C1-00-0,出版,出版|审定:封面配色,97,0.010309278350515464,0.0,0.02564102564102564,-0.08857954230448828,source_pos,0.8868775669853053,0.9754571092897936,0.8885168844366097
29,rank1,C1-00-1,出版,出版|审定:封面配色,97,0.010309278350515464,0.0,0.0196078431372549,-0.10188981328744817,source_pos,0.8687082381832619,0.9705980514707101,0.8774391186215833
29,rank1,C1-00-2,出版,出版|审定:封面配色,97,0.010309278350515464,0.0,0.05263157894736842,-0.07908623471046161,source_pos,0.895693507182151,0.9747797418926126,0.8954193543261703
29,rank1,C1-00-3,出版,出版|审定:封面配色,97,0.010309278350515464,0.0,0.05263157894736842,-0.0739681882056934,source_pos,0.9006406664241922,0.9746088546298856,0.9121975640008491
29,rank1,C1-01-0,出版,出版|编排:索引条目,97,0.010309278350515464,0.0,0.034482758620689655,-0.09124200067305932,source_pos,0.8839809778209724,0.9752229784940317,0.8843317834442708
29,rank1,C1-01-1,出版,出版|编排:索引条目,97,0.010309278350515464,0.0,0.041666666666666664,-0.0945314205826393,source_pos,0.8793905544218457,0.973921975004485,0.8726297588813384
29,rank1,C1-01-2,出版,出版|编排:索引条目,97,0.010309278350515464,0.0,0.0625,-0.08004199103537502,source_pos,0.8938682243725029,0.9739102154078779,0.9032820403734519
29,rank1,C1-01-3,出版,出版|编排:索引条目,97,0.010309278350515464,0.0,0.02564102564102564,-0.1086272288243102,source_pos,0.863906232238768,0.9725334610630781,0.8990970083680604
29,rank1,C1-02-0,出版,出版|录入:版权信息,97,0.010309278350515464,0.0,0.03333333333333333,-0.0950149840543062,source_pos,0.8803452124856523,0.9753601965399585,0.8775325161320859
29,rank1,C1-02-1,出版,出版|录入:版权信息,97,0.010309278350515464,0.0,0.02040816326530612,-0.1235550390927167,source_pos,0.8516364510115744,0.9751914901042911,0.869412656778233
29,rank1,C1-02-2,出版,出版|录入:版权信息,97,0.010309278350515464,0.0,0.09090909090909091,-0.0864034837784563,source_pos,0.886231891907461,0.9726353756859173,0.8787408992379062
29,rank1,C1-02-3,出版,出版|录入:版权信息,97,0.010309278350515464,0.0,0.03571428571428571,-0.09584361328872182,source_pos,0.8801782475198414,0.9760218608085632,0.9003874569052019
29,rank1,C1-03-0,出版,出版|签署:印刷合同,97,0.010309278350515464,0.0,0.022222222222222223,-0.10724154621338233,source_pos,0.8611091732426274,0.9683507194560097,0.8783620575338117
29,rank1,C1-03-1,出版,出版|签署:印刷合同,97,0.010309278350515464,0.0,0.016129032258064516,-0.10547877169527209,source_pos,0.861151808122633,0.9666305798179051,0.8934163827165621
29,rank1,C1-03-2,出版,出版|签署:印刷合同,97,0.010309278350515464,0.0,0.07142857142857142,-0.08592109608216103,source_pos,0.891199954609835,0.9771210506919961,0.898252442354974
29,rank1,C1-03-3,出版,出版|签署:印刷合同,97,0.010309278350515464,0.0,0.01639344262295082,-0.12365773267189217,source_pos,0.8437710695492162,0.9674288022211084,0.8729506078474542
29,rank1,C1-04-0,出版,出版|发送:作者样书,97,0.010309278350515464,0.0,0.037037037037037035,-0.10023569366032947,source_pos,0.8765703433248127,0.9768060369851421,0.8683907933124575
29,rank1,C1-04-1,出版,出版|发送:作者样书,97,0.010309278350515464,0.0,0.024390243902439025,-0.11745460970050359,source_pos,0.8547964847980027,0.9722510944985063,0.8669923542188502
29,rank1,C1-04-2,出版,出版|发送:作者样书,97,0.010309278350515464,0.0,0.1111111111111111,-0.07747555947237172,source_pos,0.8921930912903298,0.9696686507627015,0.8924342318954968
29,rank1,C1-04-3,出版,出版|发送:作者样书,97,0.010309278350515464,0.0,0.04,-0.10233025451857258,source_pos,0.8743456040168001,0.9766758585353726,0.8881152625450288
29,rank1,C1-05-0,出版,出版|绘制:装帧草图,97,0.010309278350515464,0.0,0.08333333333333333,-0.05067042892038709,source_pos,0.9211363323695562,0.9718067612899433,0.930045908761469
29,rank1,C1-05-1,出版,出版|绘制:装帧草图,97,0.010309278350515464,0.0,0.09090909090909091,-0.08177104635903953,source_pos,0.8941694543894887,0.9759405007485282,0.8938692868226936
29,rank1,C1-05-2,出版,出版|绘制:装帧草图,97,0.010309278350515464,0.0,0.0625,-0.0649811963423651,source_pos,0.91027561730525,0.9752568136476151,0.919145387522422
29,rank1,C1-05-3,出版,出版|绘制:装帧草图,97,0.010309278350515464,0.0,0.07142857142857142,-0.04818444103582009,source_pos,0.9252094209180733,0.9733938619538934,0.9464175120459574
29,rank1,C1-06-0,出版,出版|裁切:校样纸张,97,0.010309278350515464,0.0,0.02631578947368421,-0.10721133740978517,source_pos,0.8671098515504638,0.974321188960249,0.866184334433719
29,rank1,C1-06-1,出版,出版|裁切:校样纸张,97,0.010309278350515464,0.0,0.022222222222222223,-0.11344113348425944,source_pos,0.8587054329657212,0.9721465664499807,0.8721007073562074
29,rank1,C1-06-2,出版,出版|裁切:校样纸张,97,0.010309278350515464,0.0,0.16666666666666666,-0.06917936264679758,source_pos,0.9081002745019244,0.977279637148722,0.8965359807491425
29,rank1,C1-06-3,出版,出版|裁切:校样纸张,97,0.010309278350515464,0.0,0.027777777777777776,-0.10383823443587081,source_pos,0.8678243548995386,0.9716625893354094,0.8872521858302029
29,rank1,C1-07-0,出版,出版|核算:印制成本,97,0.010309278350515464,0.0,0.02857142857142857,-0.11730912708523067,source_pos,0.8591621820912506,0.9764713091764813,0.8507849270801414
29,rank1,C1-07-1,出版,出版|核算:印制成本,97,0.010309278350515464,0.0,0.03333333333333333,-0.10668962932351689,source_pos,0.870705640803888,0.9773952701274049,0.8721681894831412
29,rank1,C1-07-2,出版,出版|核算:印制成本,97,0.010309278350515464,0.0,0.16666666666666666,-0.0732950948182336,source_pos,0.904058732922111,0.9773538277403446,0.9059652164690282
29,rank1,C1-07-3,出版,出版|核算:印制成本,97,0.010309278350515464,0.0,0.125,-0.06971330721423463,source_pos,0.9077424301723926,0.9774557373866273,0.9192951940810858
29,rank1,C1-08-0,出版,出版|装订:试印样本,97,0.010309278350515464,0.0,0.06666666666666667,-0.0837761081405135,source_pos,0.8939834475968655,0.977759555737379,0.898619570008927
29,rank1,C1-08-1,出版,出版|装订:试印样本,97,0.010309278350515464,0.0,0.043478260869565216,-0.12278246914716939,source_pos,0.8538313885278823,0.9766138576750517,0.866811649792641
29,rank1,C1-08-2,出版,出版|装订:试印样本,97,0.010309278350515464,0.0,0.2,-0.06721805121861057,source_pos,0.9123145225642421,0.9795325737828526,0.9122338979861155
29,rank1,C1-08-3,出版,出版|装订:试印样本,97,0.010309278350515464,0.0,0.03125,-0.08274872093804697,source_pos,0.8949269333080585,0.9776756542461055,0.9252402491004594
29,rank1,C1-09-0,出版,出版|编写:发行通知,97,0.010309278350515464,0.0,0.030303030303030304,-0.10020508791570559,source_pos,0.8683129578861523,0.9685180458018579,0.8666045283140462
29,rank1,C1-09-1,出版,出版|编写:发行通知,97,0.010309278350515464,0.0,0.021739130434782608,-0.10078000205244797,source_pos,0.8686072552205242,0.9693872572729721,0.8901228320413627
29,rank1,C1-09-2,出版,出版|编写:发行通知,97,0.010309278350515464,0.0,0.06666666666666667,-0.08410683006842534,source_pos,0.8923146770653897,0.976421507133815,0.8853632127756971
29,rank1,C1-09-3,出版,出版|编写:发行通知,97,0.010309278350515464,0.0,0.027777777777777776,-0.10858134994700963,source_pos,0.8661580448715951,0.9747393948186047,0.8913553755640079
29,rank1,C1-10-0,出版,出版|收录:勘误条目,97,0.010309278350515464,0.0,0.2,-0.07000167419368897,source_pos,0.906215775444337,0.9762174496380259,0.9002470693711164
29,rank1,C1-10-1,出版,出版|收录:勘误条目,97,0.010309278350515464,0.0,0.02127659574468085,-0.12160773488964016,source_pos,0.8524031794699559,0.9740109143595961,0.8655517067010533
29,rank1,C1-10-2,出版,出版|收录:勘误条目,97,0.010309278350515464,0.0,0.1111111111111111,-0.07057304920184593,source_pos,0.9052099470860306,0.9757829962878766,0.9142119713766934
29,rank1,C1-10-3,出版,出版|收录:勘误条目,97,0.010309278350515464,0.0,0.08333333333333333,-0.06618205697120516,source_pos,0.911454979946268,0.9776370369174732,0.9315570175049612
29,rank1,C1-11-0,出版,出版|登记:稿酬金额,97,0.010309278350515464,0.0,0.01694915254237288,-0.12600706538912243,source_pos,0.853584385624498,0.9795914510136204,0.888809239435933
29,rank1,C1-11-1,出版,出版|登记:稿酬金额,97,0.010309278350515464,0.0,0.01694915254237288,-0.13789300086587863,source_pos,0.836711806523024,0.9746048073889026,0.8683159197607466
29,rank1,C1-11-2,出版,出版|登记:稿酬金额,97,0.010309278350515464,0.0,0.029411764705882353,-0.11084100562963517,source_pos,0.8690722339153729,0.9799132395450081,0.8927192150123725
29,rank1,C1-11-3,出版,出版|登记:稿酬金额,97,0.010309278350515464,0.0,0.014492753623188406,-0.139124678146907,source_pos,0.8358121592363724,0.9749368373832794,0.8772551971086598
29,lowrank,C0-00-0,考古,考古|测量:墓室尺寸,97,0.010309278350515464,0.0,0.2,-0.045787848560992606,source_pos,0.9138992341632993,0.9596870827242919,0.9136099525827764
29,lowrank,C0-00-1,考古,考古|测量:墓室尺寸,97,0.010309278350515464,0.0,0.25,-0.03371369301661564,source_pos,0.9288640078999868,0.9625777009166024,0.9277491285826912
29,lowrank,C0-00-2,考古,考古|测量:墓室尺寸,97,0.010309278350515464,0.0,0.16666666666666666,-0.05346725638112637,source_pos,0.9098485732614082,0.9633158296425346,0.9110395229658848
29,lowrank,C0-00-3,考古,考古|测量:墓室尺寸,97,0.010309278350515464,0.0,0.125,-0.04464733351489536,source_pos,0.9102552572654952,0.9549025907803905,0.9171379147351555
29,lowrank,C0-01-0,考古,考古|描绘:壁画轮廓,97,0.010309278350515464,0.0,0.2,-0.03144275339534053,source_pos,0.9275900351122702,0.9590327885076108,0.9309827294046211
29,lowrank,C0-01-1,考古,考古|描绘:壁画轮廓,97,0.010309278350515464,0.0,0.25,-0.029195140980808776,source_pos,0.9299286126427825,0.9591237536235913,0.9260467451494137
29,lowrank,C0-01-2,考古,考古|描绘:壁画轮廓,97,0.010309278350515464,0.0,0.2,-0.04305557993391196,source_pos,0.919991133311388,0.9630467132453,0.9226450790387262
29,lowrank,C0-01-3,考古,考古|描绘:壁画轮廓,97,0.010309278350515464,0.0,0.14285714285714285,-0.02755727024787702,source_pos,0.9341188903720621,0.9616761606199391,0.9451627941196168
29,lowrank,C0-02-0,考古,考古|登记:石器重量,97,0.010309278350515464,0.0,0.125,-0.06202296828428433,source_pos,0.9026992261202241,0.9647221944045085,0.9056806152021344
29,lowrank,C0-02-1,考古,考古|登记:石器重量,97,0.010309278350515464,0.0,0.02564102564102564,-0.07725516595989557,source_pos,0.8750642574508309,0.9523194234107265,0.8920075687362821
29,lowrank,C0-02-2,考古,考古|登记:石器重量,97,0.010309278350515464,0.0,0.16666666666666666,-0.07752018010584205,source_pos,0.8908299935857866,0.9683501736916287,0.8904290280795768
29,lowrank,C0-02-3,考古,考古|登记:石器重量,97,0.010309278350515464,0.0,0.5,-0.03447133562642435,source_pos,0.9354104379420243,0.9698817735684486,0.9285283258055828
29,lowrank,C0-03-0,考古,考古|拍摄:遗迹剖面,97,0.010309278350515464,0.0,0.16666666666666666,-0.0250152746467045,source_pos,0.9363700052038844,0.9613852798505889,0.9381390846573087
29,lowrank,C0-03-1,考古,考古|拍摄:遗迹剖面,97,0.010309278350515464,0.0,0.1111111111111111,-0.033402388909389624,source_pos,0.9266725072119212,0.9600748961213108,0.9300285461100352
29,lowrank,C0-03-2,考古,考古|拍摄:遗迹剖面,97,0.010309278350515464,0.0,0.2,-0.023432327954791,source_pos,0.9408045101305367,0.9642368380853277,0.9307047655794717
29,lowrank,C0-03-3,考古,考古|拍摄:遗迹剖面,97,0.010309278350515464,0.0,0.16666666666666666,-0.024371528018355293,source_pos,0.9359047851396161,0.9602763131579714,0.9446650763948414
29,lowrank,C0-04-0,考古,考古|修复:青铜饰件,97,0.010309278350515464,0.0,0.05555555555555555,-0.07315227804063085,source_pos,0.8765490052433726,0.9497012832840035,0.8722177029840745
29,lowrank,C0-04-1,考古,考古|修复:青铜饰件,97,0.010309278350515464,0.0,0.047619047619047616,-0.14309800206722123,source_pos,0.8097406239140404,0.9528386259812617,0.8121141425980245
29,lowrank,C0-04-2,考古,考古|修复:青铜饰件,97,0.010309278350515464,0.0,0.2,-0.043292613891317,source_pos,0.911285411159773,0.95457802505109,0.9083588982754339
29,lowrank,C0-04-3,考古,考古|修复:青铜饰件,97,0.010309278350515464,0.0,0.14285714285714285,-0.036191378316136724,source_pos,0.9165849976224343,0.952776375938571,0.9174770732622773
29,lowrank,C0-05-0,考古,考古|包装:骨骼标本,97,0.010309278350515464,0.0,0.125,-0.05118162526781134,source_pos,0.9106160114203884,0.9617976366881997,0.9141099751743142
29,lowrank,C0-05-1,考古,考古|包装:骨骼标本,97,0.010309278350515464,0.0,0.07142857142857142,-0.07076394478438719,source_pos,0.8881955633361421,0.9589595081205293,0.8934963347976533
29,lowrank,C0-05-2,考古,考古|包装:骨骼标本,97,0.010309278350515464,0.0,0.3333333333333333,-0.06033857033819845,source_pos,0.90959821904117,0.9699367893793684,0.8897705986131862
29,lowrank,C0-05-3,考古,考古|包装:骨骼标本,97,0.010309278350515464,0.0,0.3333333333333333,-0.028788230811679028,source_pos,0.9316014122573333,0.9603896430690123,0.9381069468127442
29,lowrank,C0-06-0,考古,考古|筛分:填土沉积物,97,0.010309278350515464,0.0,0.25,-0.02861599292278849,source_pos,0.9315268480346219,0.9601428409574104,0.9247557849600024
29,lowrank,C0-06-1,考古,考古|筛分:填土沉积物,97,0.010309278350515464,0.0,0.125,-0.043485338682534236,source_pos,0.9169434536231671,0.9604287923057013,0.9265932208309983
29,lowrank,C0-06-2,考古,考古|筛分:填土沉积物,97,0.010309278350515464,0.0,0.25,-0.02970489143277022,source_pos,0.9350319430869808,0.964736834519751,0.9337906216879163
29,lowrank,C0-06-3,考古,考古|筛分:填土沉积物,97,0.010309278350515464,0.0,0.16666666666666666,-0.03285640549006008,source_pos,0.9315181596825557,0.9643745651726158,0.9396801011325131
29,lowrank,C0-07-0,考古,考古|拼接:陶片纹样,97,0.010309278350515464,0.0,0.125,-0.04601674443195081,source_pos,0.9114086331742196,0.9574253776061704,0.9048687068432301
29,lowrank,C0-07-1,考古,考古|拼接:陶片纹样,97,0.010309278350515464,0.0,0.07692307692307693,-0.053309206072111426,source_pos,0.8996796820947215,0.9529888881668329,0.9039917059905859
29,lowrank,C0-07-2,考古,考古|拼接:陶片纹样,97,0.010309278350515464,0.0,0.3333333333333333,-0.042772666434455764,source_pos,0.9183888402026731,0.9611615066371288,0.9102334353955166
29,lowrank,C0-07-3,考古,考古|拼接:陶片纹样,97,0.010309278350515464,0.0,0.3333333333333333,-0.03128859006158624,source_pos,0.9259006699162975,0.9571892599778837,0.9237350011357537
29,lowrank,C0-08-0,考古,考古|加固:墓道支撑,97,0.010309278350515464,0.0,0.14285714285714285,-0.035042664935022394,source_pos,0.9196041292484598,0.9546467941834822,0.9187752177263515
29,lowrank,C0-08-1,考古,考古|加固:墓道支撑,97,0.010309278350515464,0.0,0.2,-0.045350445591724076,source_pos,0.9065642008771636,0.9519146464688877,0.9032087239287475
29,lowrank,C0-08-2,考古,考古|加固:墓道支撑,97,0.010309278350515464,0.0,0.125,-0.03720921966828106,source_pos,0.915593661165755,0.9528028808340361,0.9203431748508473
29,lowrank,C0-08-3,考古,考古|加固:墓道支撑,97,0.010309278350515464,0.0,0.2,-0.03317079123855837,source_pos,0.9199987917922199,0.9531695830307783,0.912091738012247
29,lowrank,C0-09-0,考古,考古|翻译:碑刻文字,97,0.010309278350515464,0.0,0.16666666666666666,-0.045319381532855196,source_pos,0.9087590140493049,0.9540783955821601,0.9116896949853441
29,lowrank,C0-09-1,考古,考古|翻译:碑刻文字,97,0.010309278350515464,0.0,0.02702702702702703,-0.09590998893325997,source_pos,0.8504741326192824,0.9463841215525424,0.8644308001603611
29,lowrank,C0-09-2,考古,考古|翻译:碑刻文字,97,0.010309278350515464,0.0,0.3333333333333333,-0.03522671766936125,source_pos,0.9184829362630715,0.9537096539324328,0.9149112507564744
29,lowrank,C0-09-3,考古,考古|翻译:碑刻文字,97,0.010309278350515464,0.0,0.0625,-0.041370058341176574,source_pos,0.9131083305812421,0.9544783889224187,0.9222511220404442
29,lowrank,C0-10-0,考古,考古|搭建:遮雨棚架,97,0.010309278350515464,0.0,0.14285714285714285,-0.04476955637818314,source_pos,0.9186855330990593,0.9634550894772425,0.9166128431018794
29,lowrank,C0-10-1,考古,考古|搭建:遮雨棚架,97,0.010309278350515464,0.0,0.05555555555555555,-0.09025833944685258,source_pos,0.8744245209403738,0.9646828603872264,0.8820600678637083
29,lowrank,C0-10-2,考古,考古|搭建:遮雨棚架,97,0.010309278350515464,0.0,0.2,-0.06089374985266538,source_pos,0.9065001248219015,0.9673938746745668,0.9007939527401599
29,lowrank,C0-10-3,考古,考古|搭建:遮雨棚架,97,0.010309278350515464,0.0,0.09090909090909091,-0.03789124870810834,other_pos,0.9162696898085493,0.9541609385166576,0.9158833331437399
29,lowrank,C0-11-0,考古,考古|封存:探方档案,97,0.010309278350515464,0.0,0.2,-0.04136833432095599,source_pos,0.9127597052380524,0.9541280395590084,0.9110033825838673
29,lowrank,C0-11-1,考古,考古|封存:探方档案,97,0.010309278350515464,0.0,0.02702702702702703,-0.06290723951106358,source_pos,0.8960853635864672,0.9589926030975308,0.9131634001680045
29,lowrank,C0-11-2,考古,考古|封存:探方档案,97,0.010309278350515464,0.0,0.2,-0.052725537666476696,source_pos,0.9104816151046575,0.9632071527711342,0.9102962660452989
29,lowrank,C0-11-3,考古,考古|封存:探方档案,97,0.010309278350515464,0.0,0.2,-0.03524402173656249,source_pos,0.9241896923275468,0.9594337140641093,0.9222166951297049
29,lowrank,C1-00-0,出版,出版|审定:封面配色,97,0.010309278350515464,0.0,0.058823529411764705,-0.06421715834727193,source_pos,0.9009939468774603,0.9652111052247322,0.903187499523238
29,lowrank,C1-00-1,出版,出版|审定:封面配色,97,0.010309278350515464,0.0,0.022727272727272728,-0.07485641131936749,source_pos,0.8828899817951503,0.9577463931145178,0.8943260886357415
29,lowrank,C1-00-2,出版,出版|审定:封面配色,97,0.010309278350515464,0.0,0.05555555555555555,-0.0632680436184121,source_pos,0.9017408225424484,0.9650088661608605,0.9075283547100028
29,lowrank,C1-00-3,出版,出版|审定:封面配色,97,0.010309278350515464,0.0,0.05555555555555555,-0.06118248552000671,source_pos,0.9066883239899606,0.9678708095099673,0.9176934123465259
29,lowrank,C1-01-0,出版,出版|编排:索引条目,97,0.010309278350515464,0.0,0.041666666666666664,-0.07637875094837354,source_pos,0.8971129270425839,0.9734916779909575,0.8964874969405465
29,lowrank,C1-01-1,出版,出版|编排:索引条目,97,0.010309278350515464,0.0,0.06666666666666667,-0.07272112129411534,source_pos,0.8941934828801809,0.9669146041742962,0.8870418342678081
29,lowrank,C1-01-2,出版,出版|编排:索引条目,97,0.010309278350515464,0.0,0.07692307692307693,-0.06338116749197564,source_pos,0.9056719343939166,0.9690531018858922,0.9135529372664295
29,lowrank,C1-01-3,出版,出版|编排:索引条目,97,0.010309278350515464,0.0,0.02857142857142857,-0.09719289087190508,source_pos,0.8758482213746258,0.9730411122465309,0.9097254789997027
29,lowrank,C1-02-0,出版,出版|录入:版权信息,97,0.010309278350515464,0.0,0.03571428571428571,-0.08548273105015447,source_pos,0.8900984389645574,0.9755811700147119,0.8874504008955607
29,lowrank,C1-02-1,出版,出版|录入:版权信息,97,0.010309278350515464,0.0,0.02,-0.11311415551738513,source_pos,0.8602196269642735,0.9733337824816586,0.8797163691239761
29,lowrank,C1-02-2,出版,出版|录入:版权信息,97,0.010309278350515464,0.0,0.08333333333333333,-0.0751873847395007,source_pos,0.8956003081422811,0.9707876928817818,0.8855119615638407
29,lowrank,C1-02-3,出版,出版|录入:版权信息,97,0.010309278350515464,0.0,0.037037037037037035,-0.08663272164346836,source_pos,0.8920169959521016,0.97864971759557,0.9088169925965155
29,lowrank,C1-03-0,出版,出版|签署:印刷合同,97,0.010309278350515464,0.0,0.022222222222222223,-0.09937919108768356,source_pos,0.866818209724279,0.9661974008119626,0.8849756272751556
29,lowrank,C1-03-1,出版,出版|签署:印刷合同,97,0.010309278350515464,0.0,0.02040816326530612,-0.08523221213661769,source_pos,0.8745688097109344,0.9598010218475521,0.9023856011997407
29,lowrank,C1-03-2,出版,出版|签署:印刷合同,97,0.010309278350515464,0.0,0.08333333333333333,-0.07727770566171566,source_pos,0.896303527414572,0.9735812330762876,0.902663493790273
29,lowrank,C1-03-3,出版,出版|签署:印刷合同,97,0.010309278350515464,0.0,0.016666666666666666,-0.1127679479681839,source_pos,0.8533150251993542,0.9660829731675381,0.8811171698765835
29,lowrank,C1-04-0,出版,出版|发送:作者样书,97,0.010309278350515464,0.0,0.04,-0.08935368674382405,source_pos,0.8857442481036355,0.9750979348474595,0.8768611332023977
29,lowrank,C1-04-1,出版,出版|发送:作者样书,97,0.010309278350515464,0.0,0.025,-0.10505716643408958,source_pos,0.8634241258459738,0.9684812922800634,0.8783278100517851
29,lowrank,C1-04-2,出版,出版|发送:作者样书,97,0.010309278350515464,0.0,0.125,-0.05883276070689303,source_pos,0.9041557905676678,0.9629885512745608,0.9058703420122658
29,lowrank,C1-04-3,出版,出版|发送:作者样书,97,0.010309278350515464,0.0,0.045454545454545456,-0.08837918451946836,source_pos,0.886757066366181,0.9751362508856494,0.9020120531555263
29,lowrank,C1-05-0,出版,出版|绘制:装帧草图,97,0.010309278350515464,0.0,0.14285714285714285,-0.034150156177725766,source_pos,0.9287170331880822,0.962867189365808,0.9349453844222788
29,lowrank,C1-05-1,出版,出版|绘制:装帧草图,97,0.010309278350515464,0.0,0.16666666666666666,-0.0509731972697528,source_pos,0.911201819935951,0.9621750172057038,0.908467265877064
29,lowrank,C1-05-2,出版,出版|绘制:装帧草图,97,0.010309278350515464,0.0,0.14285714285714285,-0.05284538186605281,source_pos,0.9132466034914455,0.9660919853574983,0.922124070669669
29,lowrank,C1-05-3,出版,出版|绘制:装帧草图,97,0.010309278350515464,0.0,0.09090909090909091,-0.038167968939544106,source_pos,0.9252051447866365,0.9633731137261806,0.9464702477398428
29,lowrank,C1-06-0,出版,出版|裁切:校样纸张,97,0.010309278350515464,0.0,0.037037037037037035,-0.08013600669942944,source_pos,0.8850071696743195,0.9651431763737489,0.8828070978864321
29,lowrank,C1-06-1,出版,出版|裁切:校样纸张,97,0.010309278350515464,0.0,0.038461538461538464,-0.07361797639717649,source_pos,0.8811830774604967,0.9548010538576732,0.8909458446614732
29,lowrank,C1-06-2,出版,出版|裁切:校样纸张,97,0.010309278350515464,0.0,0.3333333333333333,-0.044372551231633195,source_pos,0.9243862670315974,0.9687588182632306,0.9115322490205678
29,lowrank,C1-06-3,出版,出版|裁切:校样纸张,97,0.010309278350515464,0.0,0.05,-0.07650822826342274,source_pos,0.8892196710747656,0.9657278993381884,0.9061472710419884
29,lowrank,C1-07-0,出版,出版|核算:印制成本,97,0.010309278350515464,0.0,0.04,-0.09533233019082599,source_pos,0.8724538247998743,0.9677861549907003,0.8655134568240321
29,lowrank,C1-07-1,出版,出版|核算:印制成本,97,0.010309278350515464,0.0,0.07692307692307693,-0.07903401713825997,source_pos,0.8852661083329818,0.9643001254712418,0.8853329863565007
29,lowrank,C1-07-2,出版,出版|核算:印制成本,97,0.010309278350515464,0.0,0.2,-0.05737913108156689,source_pos,0.9085653986501718,0.9659445297317387,0.907627359249347
29,lowrank,C1-07-3,出版,出版|核算:印制成本,97,0.010309278350515464,0.0,0.125,-0.05902391311502597,source_pos,0.9108768253201905,0.9699007384352165,0.9230581234105573
29,lowrank,C1-08-0,出版,出版|装订:试印样本,97,0.010309278350515464,0.0,0.16666666666666666,-0.043903361602576574,source_pos,0.9122814402477697,0.9561848018503463,0.9124903036435993
29,lowrank,C1-08-1,出版,出版|装订:试印样本,97,0.010309278350515464,0.0,0.1,-0.07403163117226652,source_pos,0.8762421242211579,0.9502737553934244,0.8852774449485369
29,lowrank,C1-08-2,出版,出版|装订:试印样本,97,0.010309278350515464,0.0,0.3333333333333333,-0.03836119343862421,source_pos,0.9177150651506367,0.9560762585892609,0.9131436458048061
29,lowrank,C1-08-3,出版,出版|装订:试印样本,97,0.010309278350515464,0.0,0.05555555555555555,-0.052596217592178696,source_pos,0.9098578038239931,0.9624540214161718,0.9319903887371086
29,lowrank,C1-09-0,出版,出版|编写:发行通知,97,0.010309278350515464,0.0,0.03125,-0.08616132774084273,source_pos,0.8788359418025496,0.9649972695433924,0.8764932701161908
29,lowrank,C1-09-1,出版,出版|编写:发行通知,97,0.010309278350515464,0.0,0.03333333333333333,-0.08172743548365147,source_pos,0.8817167996866029,0.9634442351702543,0.899593166934154
29,lowrank,C1-09-2,出版,出版|编写:发行通知,97,0.010309278350515464,0.0,0.09090909090909091,-0.06901852961305344,source_pos,0.9014314321971566,0.97044996181021,0.8941600969170624
29,lowrank,C1-09-3,出版,出版|编写:发行通知,97,0.010309278350515464,0.0,0.03225806451612903,-0.09243829171573081,source_pos,0.8793492106257342,0.971787502341465,0.902520218725269
29,lowrank,C1-10-0,出版,出版|收录:勘误条目,97,0.010309278350515464,0.0,0.25,-0.05202770443158866,source_pos,0.9198907735291366,0.9719184779607253,0.909485913407997
29,lowrank,C1-10-1,出版,出版|收录:勘误条目,97,0.010309278350515464,0.0,0.02564102564102564,-0.10064206589862834,source_pos,0.8681082078380439,0.9687502737366722,0.8808489406567686
29,lowrank,C1-10-2,出版,出版|收录:勘误条目,97,0.010309278350515464,0.0,0.2,-0.05219533373970975,source_pos,0.9179936179774886,0.9701889517171983,0.9237581840446205
29,lowrank,C1-10-3,出版,出版|收录:勘误条目,97,0.010309278350515464,0.0,0.1111111111111111,-0.05347321142918271,source_pos,0.9223549903812853,0.975828201810468,0.9391095778126645
29,lowrank,C1-11-0,出版,出版|登记:稿酬金额,97,0.010309278350515464,0.0,0.023809523809523808,-0.10141224355975931,source_pos,0.8676340728608394,0.9690463164205987,0.8929051139421539
29,lowrank,C1-11-1,出版,出版|登记:稿酬金额,97,0.010309278350515464,0.0,0.02564102564102564,-0.10245729895607159,source_pos,0.8550105472187789,0.9574678461748505,0.8776342404396036
29,lowrank,C1-11-2,出版,出版|登记:稿酬金额,97,0.010309278350515464,0.0,0.0625,-0.09101814677356035,source_pos,0.8798247225332838,0.9708428693068442,0.8938889035491846
29,lowrank,C1-11-3,出版,出版|登记:稿酬金额,97,0.010309278350515464,0.0,0.015625,-0.11599242961631406,source_pos,0.8508001270986467,0.9667925567149608,0.8853178987325626
29,full_delta,C0-00-0,考古,考古|测量:墓室尺寸,97,0.010309278350515464,0.0,0.16666666666666666,-0.03394464628041005,source_pos,0.8898819788098984,0.9238266250903084,0.8909444380932556
29,full_delta,C0-00-1,考古,考古|测量:墓室尺寸,97,0.010309278350515464,0.0,0.25,-0.024556116288858787,source_pos,0.907406812662518,0.9319629289513768,0.9044348000984589
29,full_delta,C0-00-2,考古,考古|测量:墓室尺寸,97,0.010309278350515464,0.0,0.16666666666666666,-0.04500398278599027,source_pos,0.8886285241292543,0.9336325069152446,0.8901114704150048
29,full_delta,C0-00-3,考古,考古|测量:墓室尺寸,97,0.010309278350515464,0.0,0.125,-0.03233324953244643,source_pos,0.887732258217057,0.9200655077495035,0.894114001603305
29,full_delta,C0-01-0,考古,考古|描绘:壁画轮廓,97,0.010309278350515464,0.0,0.2,-0.019574663010769378,source_pos,0.9038381049937649,0.9234127680045343,0.9110280371134585
29,full_delta,C0-01-1,考古,考古|描绘:壁画轮廓,97,0.010309278350515464,0.0,0.3333333333333333,-0.010450859423660863,source_pos,0.9073346315148126,0.9177854909384735,0.899314481378065
29,full_delta,C0-01-2,考古,考古|描绘:壁画轮廓,97,0.010309278350515464,0.0,0.2,-0.015018745003986367,source_pos,0.9112651154143543,0.9262838604183407,0.9131035907330203
29,full_delta,C0-01-3,考古,考古|描绘:壁画轮廓,97,0.010309278350515464,0.0,0.14285714285714285,-0.018409900731220175,source_pos,0.9133926167901051,0.9318025175213253,0.9222506795431935
29,full_delta,C0-02-0,考古,考古|登记:石器重量,97,0.010309278350515464,0.0,0.3333333333333333,-0.03159330407308858,source_pos,0.9047848570508191,0.9363781611239077,0.9038725551333517
29,full_delta,C0-02-1,考古,考古|登记:石器重量,97,0.010309278350515464,0.0,0.0625,-0.015511729983428313,other_pos,0.8920045691997804,0.9075162991832088,0.9010829594574091
29,full_delta,C0-02-2,考古,考古|登记:石器重量,97,0.010309278350515464,0.0,0.25,-0.05577213403475534,source_pos,0.8924728548356556,0.948244988870411,0.8871193126280256
29,full_delta,C0-02-3,考古,考古|登记:石器重量,97,0.010309278350515464,0.0,0.5,-0.016199401092968135,source_pos,0.9294670247056357,0.9456664257986038,0.9205478021584727
29,full_delta,C0-03-0,考古,考古|拍摄:遗迹剖面,97,0.010309278350515464,0.0,0.2,-0.003837302895617234,other_pos,0.9262221126578138,0.9300594155534311,0.9303921310816936
29,full_delta,C0-03-1,考古,考古|拍摄:遗迹剖面,97,0.010309278350515464,0.0,0.2,-0.011418297482167605,source_pos,0.9131744061774137,0.9245927036595813,0.9180590975805383
29,full_delta,C0-03-2,考古,考古|拍摄:遗迹剖面,97,0.010309278350515464,0.0,0.5,-0.0046135901976638305,source_pos,0.930729473172169,0.9353430633698329,0.9191922816078931
29,full_delta,C0-03-3,考古,考古|拍摄:遗迹剖面,97,0.010309278350515464,0.0,0.25,-0.007438300392334507,source_pos,0.9287542280819702,0.9361925284743047,0.9354792641640957
29,full_delta,C0-04-0,考古,考古|修复:青铜饰件,97,0.010309278350515464,0.0,0.09090909090909091,-0.04076072914642048,source_pos,0.8639951401078187,0.9047558692542392,0.8633313288185334
29,full_delta,C0-04-1,考古,考古|修复:青铜饰件,97,0.010309278350515464,0.0,0.07692307692307693,-0.11066996200036894,source_pos,0.8183200083423106,0.9289899703426795,0.8168319444274903
29,full_delta,C0-04-2,考古,考古|修复:青铜饰件,97,0.010309278350515464,0.0,0.5,-0.007623470060163728,source_pos,0.906479997477883,0.9141034675380467,0.9016075078138293
29,full_delta,C0-04-3,考古,考古|修复:青铜饰件,97,0.010309278350515464,0.0,0.2,-0.008687007342322528,source_pos,0.903320561786712,0.9120075691290346,0.9093052898652523
29,full_delta,C0-05-0,考古,考古|包装:骨骼标本,97,0.010309278350515464,0.0,0.2,-0.023597395422451872,source_pos,0.9062535717539627,0.9298509671764146,0.9099208934000687
29,full_delta,C0-05-1,考古,考古|包装:骨骼标本,97,0.010309278350515464,0.0,0.16666666666666666,-0.030425455424615833,source_pos,0.8905611713999539,0.9209866268245698,0.8937576853851354
29,full_delta,C0-05-2,考古,考古|包装:骨骼标本,97,0.010309278350515464,0.0,0.3333333333333333,-0.0439653104265082,source_pos,0.9070782514967695,0.9510435619232777,0.8879875971690714
29,full_delta,C0-05-3,考古,考古|包装:骨骼标本,97,0.010309278350515464,0.0,0.3333333333333333,-0.011747677268595602,source_pos,0.926171484030365,0.9379191612989606,0.9316670149265824
29,full_delta,C0-06-0,考古,考古|筛分:填土沉积物,97,0.010309278350515464,0.0,0.5,-0.0006707415275523099,source_pos,0.926089245683784,0.9267599872113363,0.9214980277063265
29,full_delta,C0-06-1,考古,考古|筛分:填土沉积物,97,0.010309278350515464,0.0,0.3333333333333333,-0.0021561048982539077,other_neg,0.9194032742459852,0.9215593791442391,0.925548899343087
29,full_delta,C0-06-2,考古,考古|筛分:填土沉积物,97,0.010309278350515464,0.0,0.5,-0.00453501409612056,source_pos,0.9325498039471807,0.9370848180433012,0.9293494493611858
29,full_delta,C0-06-3,考古,考古|筛分:填土沉积物,97,0.010309278350515464,0.0,0.25,-0.012878074959457253,source_pos,0.9253535382017075,0.9382316131611648,0.933721647541911
29,full_delta,C0-07-0,考古,考古|拼接:陶片纹样,97,0.010309278350515464,0.0,0.5,-0.00546163718595416,source_pos,0.9084308446489453,0.9138924818348995,0.9044509132993814
29,full_delta,C0-07-1,考古,考古|拼接:陶片纹样,97,0.010309278350515464,0.0,0.5,0.00177068202579711,other_neg,0.8993732261583014,0.8976025441325043,0.8995440148307539
29,full_delta,C0-07-2,考古,考古|拼接:陶片纹样,97,0.010309278350515464,0.0,0.5,-0.017529920459051218,source_pos,0.9088701450647702,0.9264000655238214,0.9012835995095211
29,full_delta,C0-07-3,考古,考古|拼接:陶片纹样,97,0.010309278350515464,0.0,0.3333333333333333,-0.007703631544995981,source_pos,0.9145815247668293,0.9222851563118253,0.9153567270959371
29,full_delta,C0-08-0,考古,考古|加固:墓道支撑,97,0.010309278350515464,0.0,0.25,-0.011203260471762011,source_pos,0.9071562174528813,0.9183594779246433,0.907380409667301
29,full_delta,C0-08-1,考古,考古|加固:墓道支撑,97,0.010309278350515464,0.0,0.25,-0.020408856489212535,source_pos,0.8886148584108066,0.9090237149000191,0.8848895434989
29,full_delta,C0-08-2,考古,考古|加固:墓道支撑,97,0.010309278350515464,0.0,0.16666666666666666,-0.022338799777539498,source_pos,0.8992953256095428,0.9216341253870823,0.9012032286166243
29,full_delta,C0-08-3,考古,考古|加固:墓道支撑,97,0.010309278350515464,0.0,0.3333333333333333,-0.020563899699970967,source_pos,0.9048882802301227,0.9254521799300937,0.8993305331265257
29,full_delta,C0-09-0,考古,考古|翻译:碑刻文字,97,0.010309278350515464,0.0,0.3333333333333333,-0.01744938777552618,source_pos,0.8958422954892284,0.9132916832647546,0.8948332082135741
29,full_delta,C0-09-1,考古,考古|翻译:碑刻文字,97,0.010309278350515464,0.0,0.058823529411764705,-0.045544519218575386,source_pos,0.8599050500915499,0.9054495693101253,0.8693479239117812
29,full_delta,C0-09-2,考古,考古|翻译:碑刻文字,97,0.010309278350515464,0.0,0.5,-0.009598413117987925,source_pos,0.8991628110170407,0.9087612241350286,0.8911912568300109
29,full_delta,C0-09-3,考古,考古|翻译:碑刻文字,97,0.010309278350515464,0.0,0.08333333333333333,-0.024604483230555196,source_pos,0.8964254965431369,0.921029979773692,0.9057148882046306
29,full_delta,C0-10-0,考古,考古|搭建:遮雨棚架,97,0.010309278350515464,0.0,0.3333333333333333,-0.024690829251473034,source_pos,0.9133173646815947,0.9380081939330678,0.9129250667719612
29,full_delta,C0-10-1,考古,考古|搭建:遮雨棚架,97,0.010309278350515464,0.0,0.1,-0.05552458192584109,source_pos,0.8816192506196144,0.9371438325454555,0.8878549454564924
29,full_delta,C0-10-2,考古,考古|搭建:遮雨棚架,97,0.010309278350515464,0.0,0.25,-0.04450764817959363,source_pos,0.8988547884585649,0.9433624366381586,0.8921200425566249
29,full_delta,C0-10-3,考古,考古|搭建:遮雨棚架,97,0.010309278350515464,0.0,0.14285714285714285,-0.014936608286441166,other_pos,0.9127341763551238,0.9276707846415649,0.917031094182323
29,full_delta,C0-11-0,考古,考古|封存:探方档案,97,0.010309278350515464,0.0,0.25,-0.0035725573660039256,other_pos,0.9116923630349978,0.9152649204010017,0.9093666545628835
29,full_delta,C0-11-1,考古,考古|封存:探方档案,97,0.010309278350515464,0.0,0.06666666666666667,-0.0364687104007837,source_pos,0.8888186381229487,0.9252873485237324,0.9031996558017463
29,full_delta,C0-11-2,考古,考古|封存:探方档案,97,0.010309278350515464,0.0,0.3333333333333333,-0.025342436622504017,source_pos,0.9071787316932969,0.9325211683158009,0.9039600859218279
29,full_delta,C0-11-3,考古,考古|封存:探方档案,97,0.010309278350515464,0.0,0.5,-0.018152007952362603,source_pos,0.920971396379899,0.9391234043322616,0.9181979524107884
29,full_delta,C1-00-0,出版,出版|审定:封面配色,97,0.010309278350515464,0.0,0.058823529411764705,-0.046502158993434684,other_pos,0.9004605680898463,0.946962727083281,0.9120303257203389
29,full_delta,C1-00-1,出版,出版|审定:封面配色,97,0.010309278350515464,0.0,0.03571428571428571,-0.03875759599839579,source_pos,0.8936257079160548,0.9323833039144506,0.9071536956684397
29,full_delta,C1-00-2,出版,出版|审定:封面配色,97,0.010309278350515464,0.0,0.07692307692307693,-0.03221287701162534,other_pos,0.90348809905055,0.9357009760621754,0.9138039693084077
29,full_delta,C1-00-3,出版,出版|审定:封面配色,97,0.010309278350515464,0.0,0.06666666666666667,-0.04033557968497259,source_pos,0.9054288012974098,0.9457643809823824,0.9158810093877403
29,full_delta,C1-01-0,出版,出版|编排:索引条目,97,0.010309278350515464,0.0,0.04,-0.07586256583283946,source_pos,0.8886587146417205,0.96452128047456,0.8885084254356678
29,full_delta,C1-01-1,出版,出版|编排:索引条目,97,0.010309278350515464,0.0,0.1111111111111111,-0.052574734255923294,source_pos,0.8963936364577121,0.9489683707136354,0.8879676913975707
29,full_delta,C1-01-2,出版,出版|编排:索引条目,97,0.010309278350515464,0.0,0.1,-0.0534645378295453,source_pos,0.9048767332997946,0.9583412711293399,0.9123791025999558
29,full_delta,C1-01-3,出版,出版|编排:索引条目,97,0.010309278350515464,0.0,0.027777777777777776,-0.09125768102713139,source_pos,0.8735436884395972,0.9648013694667286,0.9068454594138031
29,full_delta,C1-02-0,出版,出版|录入:版权信息,97,0.010309278350515464,0.0,0.037037037037037035,-0.06977498260265158,source_pos,0.8871535605729385,0.9569285431755901,0.8924210604640523
29,full_delta,C1-02-1,出版,出版|录入:版权信息,97,0.010309278350515464,0.0,0.024390243902439025,-0.08927616197530375,source_pos,0.8691207409093824,0.9583969028846862,0.8894140559540322
29,full_delta,C1-02-2,出版,出版|录入:版权信息,97,0.010309278350515464,0.0,0.1111111111111111,-0.05112272925444028,other_pos,0.8981507956028504,0.9492735248572907,0.8922069708672373
29,full_delta,C1-02-3,出版,出版|录入:版权信息,97,0.010309278350515464,0.0,0.045454545454545456,-0.06065059487243263,source_pos,0.8990451831084959,0.9596957779809285,0.9095607663789838
29,full_delta,C1-03-0,出版,出版|签署:印刷合同,97,0.010309278350515464,0.0,0.021739130434782608,-0.10195326755508782,source_pos,0.8585778566059867,0.9605311241610746,0.880844339814371
29,full_delta,C1-03-1,出版,出版|签署:印刷合同,97,0.010309278350515464,0.0,0.03125,-0.05659237342430368,source_pos,0.8869306278269767,0.9435230012512804,0.9087479296904595
29,full_delta,C1-03-2,出版,出版|签署:印刷合同,97,0.010309278350515464,0.0,0.1111111111111111,-0.058335512342936324,source_pos,0.9015404001384032,0.9598759124813395,0.9076537312907027
29,full_delta,C1-03-3,出版,出版|签署:印刷合同,97,0.010309278350515464,0.0,0.01818181818181818,-0.08325200776304542,other_pos,0.8658896531027136,0.949141660865759,0.8907329419583987
29,full_delta,C1-04-0,出版,出版|发送:作者样书,97,0.010309278350515464,0.0,0.05263157894736842,-0.06825654084037092,source_pos,0.8893604485154943,0.9576169893558653,0.8805570402534075
29,full_delta,C1-04-1,出版,出版|发送:作者样书,97,0.010309278350515464,0.0,0.034482758620689655,-0.066147882989397,source_pos,0.879191291014904,0.945339174004301,0.8919115038580147
29,full_delta,C1-04-2,出版,出版|发送:作者样书,97,0.010309278350515464,0.0,0.2,-0.02217985004901535,other_pos,0.9156607066085143,0.9378405566575296,0.9178019899455439
29,full_delta,C1-04-3,出版,出版|发送:作者样书,97,0.010309278350515464,0.0,0.1111111111111111,-0.05392155156755929,source_pos,0.9007634948639998,0.954685046431559,0.9149876278668394
29,full_delta,C1-05-0,出版,出版|绘制:装帧草图,97,0.010309278350515464,0.0,0.2,-0.012518393429254426,source_pos,0.92079165291264,0.9333100463418944,0.9240908781028623
29,full_delta,C1-05-1,出版,出版|绘制:装帧草图,97,0.010309278350515464,0.0,0.5,-0.02718899846588707,source_pos,0.9040340200160355,0.9312230184819226,0.9001656594583491
29,full_delta,C1-05-2,出版,出版|绘制:装帧草图,97,0.010309278350515464,0.0,0.2,-0.03578602882672799,source_pos,0.9055740011522221,0.9413600299789501,0.9163528439547105
29,full_delta,C1-05-3,出版,出版|绘制:装帧草图,97,0.010309278350515464,0.0,0.08333333333333333,-0.023174970171365716,source_pos,0.9162444206756928,0.9394193908470585,0.9374646257950703
29,full_delta,C1-06-0,出版,出版|裁切:校样纸张,97,0.010309278350515464,0.0,0.037037037037037035,-0.0733860020506395,source_pos,0.8760616937628495,0.949447695813489,0.8775337214091876
29,full_delta,C1-06-1,出版,出版|裁切:校样纸张,97,0.010309278350515464,0.0,0.08333333333333333,-0.04440524378133637,source_pos,0.8819506081897366,0.926355851971073,0.888890190756332
29,full_delta,C1-06-2,出版,出版|裁切:校样纸张,97,0.010309278350515464,0.0,0.5,-0.011097308815438911,source_pos,0.9311728151782257,0.9422701239936646,0.9176226648555702
29,full_delta,C1-06-3,出版,出版|裁切:校样纸张,97,0.010309278350515464,0.0,0.14285714285714285,-0.03266880852221743,source_pos,0.9080210485483053,0.9406898570705228,0.9175932572488477
29,full_delta,C1-07-0,出版,出版|核算:印制成本,97,0.010309278350515464,0.0,0.029411764705882353,-0.09736929355472024,source_pos,0.8493145731357802,0.9466838666905004,0.8478203429672235
29,full_delta,C1-07-1,出版,出版|核算:印制成本,97,0.010309278350515464,0.0,0.09090909090909091,-0.06917616896881462,source_pos,0.8780716557512238,0.9472478247200384,0.8762713231302257
29,full_delta,C1-07-2,出版,出版|核算:印制成本,97,0.010309278350515464,0.0,0.2,-0.04383444315358331,source_pos,0.8989167852483277,0.9427512284019111,0.8967996137084505
29,full_delta,C1-07-3,出版,出版|核算:印制成本,97,0.010309278350515464,0.0,0.1111111111111111,-0.054100401008686516,source_pos,0.8979025457834086,0.9520029467920951,0.9120906739797865
29,full_delta,C1-08-0,出版,出版|装订:试印样本,97,0.010309278350515464,0.0,0.25,-0.01050160790210164,other_pos,0.9090430498871969,0.9195446577892985,0.9046270488869689
29,full_delta,C1-08-1,出版,出版|装订:试印样本,97,0.010309278350515464,0.0,0.2,-0.020376331137822667,source_pos,0.8831453864066787,0.9035217175445014,0.8858489075716083
29,full_delta,C1-08-2,出版,出版|装订:试印样本,97,0.010309278350515464,0.0,0.5,-0.008450646449301713,source_pos,0.912980689813726,0.9214313362630278,0.9048689572636228
29,full_delta,C1-08-3,出版,出版|装订:试印样本,97,0.010309278350515464,0.0,0.1,-0.014867064489539228,source_pos,0.9150138769978517,0.929880941487391,0.9239705344299818
29,full_delta,C1-09-0,出版,出版|编写:发行通知,97,0.010309278350515464,0.0,0.037037037037037035,-0.06782568991734306,other_pos,0.8861889613392334,0.9540146512565765,0.8855196568883617
29,full_delta,C1-09-1,出版,出版|编写:发行通知,97,0.010309278350515464,0.0,0.05,-0.05831630258782783,source_pos,0.8911352417273372,0.949451544315165,0.903830113141546
29,full_delta,C1-09-2,出版,出版|编写:发行通知,97,0.010309278350515464,0.0,0.16666666666666666,-0.049090664739067535,source_pos,0.9094755718227705,0.958566236561838,0.9020690917513358
29,full_delta,C1-09-3,出版,出版|编写:发行通知,97,0.010309278350515464,0.0,0.03571428571428571,-0.07163274616456816,source_pos,0.8882125580509614,0.9598453042155296,0.9090399240060761
29,full_delta,C1-10-0,出版,出版|收录:勘误条目,97,0.010309278350515464,0.0,0.25,-0.03567889384452716,source_pos,0.9219700340450987,0.9576489278896259,0.9128381455219492
29,full_delta,C1-10-1,出版,出版|收录:勘误条目,97,0.010309278350515464,0.0,0.02857142857142857,-0.0873152093517936,source_pos,0.8657395083782049,0.9530547177299985,0.8769886664350028
29,full_delta,C1-10-2,出版,出版|收录:勘误条目,97,0.010309278350515464,0.0,0.3333333333333333,-0.024283001942341675,source_pos,0.9273311620686073,0.951614164010949,0.927320166110479
29,full_delta,C1-10-3,出版,出版|收录:勘误条目,97,0.010309278350515464,0.0,0.1111111111111111,-0.04299557550842148,source_pos,0.9245887379165865,0.967584313425008,0.9365704734923421
29,full_delta,C1-11-0,出版,出版|登记:稿酬金额,97,0.010309278350515464,0.0,0.030303030303030304,-0.09097430436003517,source_pos,0.8655612434195689,0.956535547779604,0.8883234667525186
29,full_delta,C1-11-1,出版,出版|登记:稿酬金额,97,0.010309278350515464,0.0,0.05263157894736842,-0.0692764930172255,source_pos,0.8658730055295899,0.9351494985468154,0.8828150011185474
29,full_delta,C1-11-2,出版,出版|登记:稿酬金额,97,0.010309278350515464,0.0,0.1,-0.07856691639930236,source_pos,0.8808740819371979,0.9594409983365002,0.8903489557988817
29,full_delta,C1-11-3,出版,出版|登记:稿酬金额,97,0.010309278350515464,0.0,0.023809523809523808,-0.08955545590619252,source_pos,0.8608282926061414,0.9503837485123339,0.8891413397047535
29,full_affine,C0-00-0,考古,考古|测量:墓室尺寸,97,0.010309278350515464,0.0,0.03571428571428571,0.04000595135498641,other_neg,0.8655329941183596,0.8255270427633732,0.8847076375578249
29,full_affine,C0-00-1,考古,考古|测量:墓室尺寸,97,0.010309278350515464,0.0,0.047619047619047616,0.011232743669524536,other_neg,0.8728636976495262,0.8616309539800017,0.8855068039559657
29,full_affine,C0-00-2,考古,考古|测量:墓室尺寸,97,0.010309278350515464,0.0,0.030303030303030304,0.00815322726220824,other_pos,0.8583479260361186,0.8501946987739104,0.883487732280801
29,full_affine,C0-00-3,考古,考古|测量:墓室尺寸,97,0.010309278350515464,0.0,0.023809523809523808,0.032596061550356215,other_neg,0.8634483711246219,0.8308523095742657,0.8912649426701824
29,full_affine,C0-01-0,考古,考古|描绘:壁画轮廓,97,0.010309278350515464,0.0,0.022727272727272728,0.012857440160011002,other_neg,0.8706443829857209,0.8577869428257099,0.8961177543963146
29,full_affine,C0-01-1,考古,考古|描绘:壁画轮廓,97,0.010309278350515464,0.0,0.03333333333333333,0.01709394649165885,other_neg,0.8712930674406119,0.854199120948953,0.8898026608790102
29,full_affine,C0-01-2,考古,考古|描绘:壁画轮廓,97,0.010309278350515464,0.0,0.03225806451612903,0.017963880533886867,other_neg,0.874893211388355,0.8569293308544681,0.9008234388343173
29,full_affine,C0-01-3,考古,考古|描绘:壁画轮廓,97,0.010309278350515464,0.0,0.018867924528301886,-0.0009727876246039546,other_neg,0.8711184126598333,0.8720912002844372,0.9062607845593138
29,full_affine,C0-02-0,考古,考古|登记:石器重量,97,0.010309278350515464,0.0,0.1111111111111111,0.0034259810607882857,other_pos,0.8893347980367082,0.8859088169759199,0.8947327963295262
29,full_affine,C0-02-1,考古,考古|登记:石器重量,97,0.010309278350515464,0.0,0.05263157894736842,0.02505801749380432,other_neg,0.8840323801619878,0.8589743626681835,0.8934954888229149
29,full_affine,C0-02-2,考古,考古|登记:石器重量,97,0.010309278350515464,0.0,0.2,-0.006047553021119478,other_pos,0.8816009251605392,0.8876484781816587,0.8878598037164334
29,full_affine,C0-02-3,考古,考古|登记:石器重量,97,0.010309278350515464,1.0,1.0,0.0052514385070512315,correct_neg,0.9090096306598837,0.9037581921528325,0.9086985086457753
29,full_affine,C0-03-0,考古,考古|拍摄:遗迹剖面,97,0.010309278350515464,0.0,0.1111111111111111,0.023143554948783285,other_neg,0.9043934773887001,0.8812499224399168,0.9112388039185864
29,full_affine,C0-03-1,考古,考古|拍摄:遗迹剖面,97,0.010309278350515464,0.0,0.1,0.020468530913880123,other_neg,0.8941825218932211,0.873713990979341,0.9022898567560113
29,full_affine,C0-03-2,考古,考古|拍摄:遗迹剖面,97,0.010309278350515464,0.0,0.25,0.016232868318720395,other_neg,0.9074278261240104,0.89119495780529,0.9105076048901996
29,full_affine,C0-03-3,考古,考古|拍摄:遗迹剖面,97,0.010309278350515464,0.0,0.1,0.013995298311747839,other_neg,0.9078648189884193,0.8938695206766715,0.9123662109104106
29,full_affine,C0-04-0,考古,考古|修复:青铜饰件,97,0.010309278350515464,0.0,0.037037037037037035,0.01638095369479675,other_pos,0.8450633561472098,0.8286824024524131,0.8606531843555024
29,full_affine,C0-04-1,考古,考古|修复:青铜饰件,97,0.010309278350515464,0.0,0.030303030303030304,-0.04642360475038276,other_pos,0.8163134273594568,0.8627370321098395,0.8301165408030109
29,full_affine,C0-04-2,考古,考古|修复:青铜饰件,97,0.010309278350515464,0.0,0.0625,0.04097968974089039,other_neg,0.8865752007708366,0.8455955110299462,0.8990066156037347
29,full_affine,C0-04-3,考古,考古|修复:青铜饰件,97,0.010309278350515464,0.0,0.022727272727272728,0.03741806406245907,other_neg,0.8743937475088319,0.8369756834463729,0.9046847788382115
29,full_affine,C0-05-0,考古,考古|包装:骨骼标本,97,0.010309278350515464,0.0,0.5,0.0030953682522469883,other_neg,0.8841611573344808,0.8810657890822338,0.8900841198973919
29,full_affine,C0-05-1,考古,考古|包装:骨骼标本,97,0.010309278350515464,0.0,0.14285714285714285,0.005705005702905441,other_neg,0.8713825340389881,0.8656775283360827,0.8794717306492098
29,full_affine,C0-05-2,考古,考古|包装:骨骼标本,97,0.010309278350515464,0.0,0.5,-0.013331852506178743,source_pos,0.8889910362367209,0.9023228887428997,0.8715347069537225
29,full_affine,C0-05-3,考古,考古|包装:骨骼标本,97,0.010309278350515464,0.0,0.5,0.0023179161333227727,other_neg,0.9027779132311574,0.9004599970978346,0.908792640797903
29,full_affine,C0-06-0,考古,考古|筛分:填土沉积物,97,0.010309278350515464,0.0,0.5,0.029963637168626378,other_neg,0.9053262727491871,0.8753626355805607,0.9083409447880885
29,full_affine,C0-06-1,考古,考古|筛分:填土沉积物,97,0.010309278350515464,0.0,0.0625,0.03907443207466377,other_neg,0.90175084122972,0.8626764091550563,0.9095632444758042
29,full_affine,C0-06-2,考古,考古|筛分:填土沉积物,97,0.010309278350515464,0.0,0.5,0.017604761099112354,other_neg,0.9087969975377757,0.8911922364386633,0.914021018001721
29,full_affine,C0-06-3,考古,考古|筛分:填土沉积物,97,0.010309278350515464,0.0,0.09090909090909091,0.006964607424335356,other_neg,0.9039043415209677,0.8969397340966323,0.9157820476384061
29,full_affine,C0-07-0,考古,考古|拼接:陶片纹样,97,0.010309278350515464,1.0,1.0,0.0573834765779323,correct_neg,0.8980266135206728,0.8406431369427405,0.896625352876022
29,full_affine,C0-07-1,考古,考古|拼接:陶片纹样,97,0.010309278350515464,0.0,0.3333333333333333,0.06717268695530243,other_neg,0.8915633361355023,0.8243906491801999,0.8936054484661666
29,full_affine,C0-07-2,考古,考古|拼接:陶片纹样,97,0.010309278350515464,1.0,1.0,0.046719951904071855,correct_neg,0.8981992753942156,0.8514793234901438,0.8975772540889417
29,full_affine,C0-07-3,考古,考古|拼接:陶片纹样,97,0.010309278350515464,0.0,0.07142857142857142,0.04533648954146419,other_neg,0.8962224282992876,0.8508859387578234,0.9075246931068766
29,full_affine,C0-08-0,考古,考古|加固:墓道支撑,97,0.010309278350515464,0.0,0.0625,0.030571040404881566,other_neg,0.8805386324788079,0.8499675920739264,0.8948015190247024
29,full_affine,C0-08-1,考古,考古|加固:墓道支撑,97,0.010309278350515464,0.0,0.07692307692307693,0.020906532495291508,other_neg,0.8636640605622878,0.8427575280669963,0.8782919818323586
29,full_affine,C0-08-2,考古,考古|加固:墓道支撑,97,0.010309278350515464,0.0,0.043478260869565216,0.010702606929334002,other_neg,0.8719891578943569,0.8612865509650229,0.8877587359718512
29,full_affine,C0-08-3,考古,考古|加固:墓道支撑,97,0.010309278350515464,0.0,0.05555555555555555,0.014292269020990012,other_pos,0.8758586712818331,0.8615664022608431,0.8900651663083271
29,full_affine,C0-09-0,考古,考古|翻译:碑刻文字,97,0.010309278350515464,0.0,0.045454545454545456,0.028499597078106453,other_neg,0.8760532220637448,0.8475536249856384,0.8878987838716906
29,full_affine,C0-09-1,考古,考古|翻译:碑刻文字,97,0.010309278350515464,0.0,0.03125,0.004282575845178549,other_neg,0.8501033019350843,0.8458207260899058,0.8676114216084849
29,full_affine,C0-09-2,考古,考古|翻译:碑刻文字,97,0.010309278350515464,0.0,0.07142857142857142,0.04698775619944928,other_neg,0.882404400517546,0.8354166443180967,0.8953925709763876
29,full_affine,C0-09-3,考古,考古|翻译:碑刻文字,97,0.010309278350515464,0.0,0.022222222222222223,0.01778015944030298,other_neg,0.8735958313306241,0.8558156718903212,0.9012892061275516
29,full_affine,C0-10-0,考古,考古|搭建:遮雨棚架,97,0.010309278350515464,0.0,0.25,0.007693957741869317,other_neg,0.8919543110590915,0.8842603533172222,0.8977242049302283
29,full_affine,C0-10-1,考古,考古|搭建:遮雨棚架,97,0.010309278350515464,0.0,0.1,-0.01400910554995538,source_pos,0.8710723086589882,0.8850814142089436,0.8801309581460826
29,full_affine,C0-10-2,考古,考古|搭建:遮雨棚架,97,0.010309278350515464,0.0,0.2,-0.0033411537920404744,other_pos,0.8825626173840679,0.8859037711761084,0.885571966003645
29,full_affine,C0-10-3,考古,考古|搭建:遮雨棚架,97,0.010309278350515464,0.0,0.09090909090909091,0.020984954215518048,other_pos,0.8893437766560006,0.8683588224404826,0.9032885796323664
29,full_affine,C0-11-0,考古,考古|封存:探方档案,97,0.010309278350515464,1.0,1.0,0.05660543345951252,correct_neg,0.9129324624681602,0.8563270290086477,0.9113122448785574
29,full_affine,C0-11-1,考古,考古|封存:探方档案,97,0.010309278350515464,0.0,0.2,0.013601031206951775,other_neg,0.8905369266648754,0.8769358954579236,0.902357788316041
29,full_affine,C0-11-2,考古,考古|封存:探方档案,97,0.010309278350515464,1.0,1.0,0.025463807421977847,correct_neg,0.909700993124138,0.8842371857021601,0.9047771574939303
29,full_affine,C0-11-3,考古,考古|封存:探方档案,97,0.010309278350515464,0.0,0.3333333333333333,0.018751484235623894,other_neg,0.9122548258874401,0.8935033416518162,0.9152793740093013
29,full_affine,C1-00-0,出版,出版|审定:封面配色,97,0.010309278350515464,0.0,0.024390243902439025,-0.002383744233030005,other_neg,0.8892615750832055,0.8916453193162355,0.9294699919820376
29,full_affine,C1-00-1,出版,出版|审定:封面配色,97,0.010309278350515464,0.0,0.02702702702702703,0.004873211712288716,other_neg,0.8882877412947807,0.883414529582492,0.9231844943696228
29,full_affine,C1-00-2,出版,出版|审定:封面配色,97,0.010309278350515464,0.0,0.037037037037037035,0.02212752452560318,other_neg,0.9006535768066135,0.8785260522810103,0.9361174976314114
29,full_affine,C1-00-3,出版,出版|审定:封面配色,97,0.010309278350515464,0.0,0.02564102564102564,-0.006952749117125512,other_neg,0.8945624604979286,0.9015152096150542,0.9361565276922094
29,full_affine,C1-01-0,出版,出版|编排:索引条目,97,0.010309278350515464,0.0,0.038461538461538464,-0.047255791950071235,other_pos,0.8819690551577694,0.9292248471078406,0.8863667964852076
29,full_affine,C1-01-1,出版,出版|编排:索引条目,97,0.010309278350515464,0.0,0.16666666666666666,0.00019522980464403705,other_pos,0.9034139834209678,0.9032187536163238,0.8944263715453196
29,full_affine,C1-01-2,出版,出版|编排:索引条目,97,0.010309278350515464,0.0,0.07692307692307693,-0.025964129883043197,source_pos,0.9023221333738631,0.9282862632569063,0.9129664249458496
29,full_affine,C1-01-3,出版,出版|编排:索引条目,97,0.010309278350515464,0.0,0.023255813953488372,-0.0587994094703822,other_pos,0.8706714643390541,0.9294708738094363,0.9063355617890081
29,full_affine,C1-02-0,出版,出版|录入:版权信息,97,0.010309278350515464,0.0,0.027777777777777776,-0.011845479797608749,other_pos,0.8872501363585825,0.8990956161561913,0.9142653034583407
29,full_affine,C1-02-1,出版,出版|录入:版权信息,97,0.010309278350515464,0.0,0.021739130434782608,-0.03702564962295174,other_pos,0.8743281674799396,0.9113538171028913,0.9083315471910856
29,full_affine,C1-02-2,出版,出版|录入:版权信息,97,0.010309278350515464,0.0,0.1111111111111111,0.02007934725341176,other_neg,0.9095471198652127,0.889467772611801,0.9221610122626092
29,full_affine,C1-02-3,出版,出版|录入:版权信息,97,0.010309278350515464,0.0,0.034482758620689655,-0.014753818054312529,other_neg,0.8963353474578112,0.9110891655121237,0.9295295487871519
29,full_affine,C1-03-0,出版,出版|签署:印刷合同,97,0.010309278350515464,0.0,0.02040816326530612,-0.08031219545845258,source_pos,0.8534214131805897,0.9337336086390423,0.887370264870293
29,full_affine,C1-03-1,出版,出版|签署:印刷合同,97,0.010309278350515464,0.0,0.03225806451612903,-0.031070521285936237,other_neg,0.885012430854167,0.9160829521401033,0.916366316034882
29,full_affine,C1-03-2,出版,出版|签署:印刷合同,97,0.010309278350515464,0.0,0.058823529411764705,-0.026274352142588664,source_pos,0.9022893920511479,0.9285637441937366,0.9269159892378629
29,full_affine,C1-03-3,出版,出版|签署:印刷合同,97,0.010309278350515464,0.0,0.01639344262295082,-0.0486545914361427,other_pos,0.8661614376129982,0.9148160290491409,0.9115241681709932
29,full_affine,C1-04-0,出版,出版|发送:作者样书,97,0.010309278350515464,0.0,0.058823529411764705,-0.019588140983301416,other_pos,0.89183120939353,0.9114193503768314,0.8865857657343141
29,full_affine,C1-04-1,出版,出版|发送:作者样书,97,0.010309278350515464,0.0,0.05,-0.009827501682290407,other_pos,0.8859550917515857,0.8957825934338761,0.8952500436862277
29,full_affine,C1-04-2,出版,出版|发送:作者样书,97,0.010309278350515464,1.0,1.0,0.05607556522428869,correct_neg,0.9345329798815016,0.8784574146572129,0.9338129535399715
29,full_affine,C1-04-3,出版,出版|发送:作者样书,97,0.010309278350515464,0.0,0.14285714285714285,0.013697318918719614,other_neg,0.9141287022297255,0.9004313833110059,0.9271357918874366
29,full_affine,C1-05-0,出版,出版|绘制:装帧草图,97,0.010309278350515464,0.0,0.037037037037037035,0.029196417693446275,other_neg,0.9078170358686506,0.8786206181752043,0.9304045255684417
29,full_affine,C1-05-1,出版,出版|绘制:装帧草图,97,0.010309278350515464,0.0,0.045454545454545456,0.024520876907650813,other_neg,0.9008990256991034,0.8763781487914526,0.9152379881144136
29,full_affine,C1-05-2,出版,出版|绘制:装帧草图,97,0.010309278350515464,0.0,0.03333333333333333,0.0029132006945012945,other_neg,0.8958373544960356,0.8929241538015343,0.9273858458662735
29,full_affine,C1-05-3,出版,出版|绘制:装帧草图,97,0.010309278350515464,0.0,0.021739130434782608,0.008852363940878405,other_neg,0.8981357640191939,0.8892834000783155,0.9390927239896516
29,full_affine,C1-06-0,出版,出版|裁切:校样纸张,97,0.010309278350515464,0.0,0.029411764705882353,-0.03833679909298049,other_pos,0.8691989506225658,0.9075357497155463,0.8886024166005595
29,full_affine,C1-06-1,出版,出版|裁切:校样纸张,97,0.010309278350515464,0.0,0.043478260869565216,-0.009870533464004683,other_pos,0.8753595526542713,0.885230086118276,0.8938225966954553
29,full_affine,C1-06-2,出版,出版|裁切:校样纸张,97,0.010309278350515464,1.0,1.0,0.03987741080885898,correct_neg,0.9308469201313515,0.8909695093224925,0.920980450673073
29,full_affine,C1-06-3,出版,出版|裁切:校样纸张,97,0.010309278350515464,0.0,0.07142857142857142,0.012989716179864663,other_neg,0.9042448295113993,0.8912551133315346,0.9223469916617617
29,full_affine,C1-07-0,出版,出版|核算:印制成本,97,0.010309278350515464,0.0,0.015625,-0.043819917396028196,other_pos,0.8491593445324326,0.8929792619284608,0.8842001973450541
29,full_affine,C1-07-1,出版,出版|核算:印制成本,97,0.010309278350515464,0.0,0.030303030303030304,-0.023275880863869114,other_pos,0.8786574396851027,0.9019333205489718,0.9013929483933613
29,full_affine,C1-07-2,出版,出版|核算:印制成本,97,0.010309278350515464,0.0,0.14285714285714285,0.008339222364127985,other_neg,0.902651628065693,0.894312405701565,0.9109744013092205
29,full_affine,C1-07-3,出版,出版|核算:印制成本,97,0.010309278350515464,0.0,0.024390243902439025,-0.017373825549019895,other_neg,0.8922635290656835,0.9096373546147034,0.9235737851329398
29,full_affine,C1-08-0,出版,出版|装订:试印样本,97,0.010309278350515464,0.0,0.07692307692307693,0.028324583684008697,other_neg,0.901388815114621,0.8730642314306123,0.9139536271774396
29,full_affine,C1-08-1,出版,出版|装订:试印样本,97,0.010309278350515464,0.0,0.1111111111111111,0.03495100269867146,other_neg,0.8873596227940641,0.8524086200953926,0.8920553945413987
29,full_affine,C1-08-2,出版,出版|装订:试印样本,97,0.010309278350515464,0.0,0.5,0.027265434868155136,other_neg,0.909171966304521,0.8819065314363659,0.9159671098978263
29,full_affine,C1-08-3,出版,出版|装订:试印样本,97,0.010309278350515464,0.0,0.02857142857142857,0.024895603832087665,other_neg,0.909428392749868,0.8845327889177803,0.9316118931352639
29,full_affine,C1-09-0,出版,出版|编写:发行通知,97,0.010309278350515464,0.0,0.037037037037037035,-0.035467801911968744,other_pos,0.8865827594306279,0.9220505613425967,0.8922989013817046
29,full_affine,C1-09-1,出版,出版|编写:发行通知,97,0.010309278350515464,0.0,0.058823529411764705,-0.02089012536615209,source_pos,0.8967820869659441,0.9176722123320962,0.9131799597823822
29,full_affine,C1-09-2,出版,出版|编写:发行通知,97,0.010309278350515464,0.0,0.2,-0.0069561593758423745,source_pos,0.9165602119254822,0.9235163713013246,0.918600933085407
29,full_affine,C1-09-3,出版,出版|编写:发行通知,97,0.010309278350515464,0.0,0.03125,-0.03706638200421253,source_pos,0.8894373673548346,0.9265037493590471,0.912859935055556
29,full_affine,C1-10-0,出版,出版|收录:勘误条目,97,0.010309278350515464,0.0,0.1111111111111111,0.020125864726991516,other_neg,0.918016727664552,0.8978908629375605,0.9296389288326492
29,full_affine,C1-10-1,出版,出版|收录:勘误条目,97,0.010309278350515464,0.0,0.023255813953488372,-0.01391052902424006,other_pos,0.8776890791435014,0.8915996081677414,0.8985173448787974
29,full_affine,C1-10-2,出版,出版|收录:勘误条目,97,0.010309278350515464,0.0,0.07142857142857142,0.029844560659936126,other_neg,0.9243003436379134,0.8944557829779772,0.9421295426709466
29,full_affine,C1-10-3,出版,出版|收录:勘误条目,97,0.010309278350515464,0.0,0.045454545454545456,-0.012290056308847608,other_neg,0.9130950654507551,0.9253851217596027,0.9435282325105643
29,full_affine,C1-11-0,出版,出版|登记:稿酬金额,97,0.010309278350515464,0.0,0.018518518518518517,-0.06146802250155625,other_pos,0.8572812686042891,0.9187492911058454,0.9075147009792861
29,full_affine,C1-11-1,出版,出版|登记:稿酬金额,97,0.010309278350515464,0.0,0.03125,-0.037012806455039904,other_pos,0.8617444351230836,0.8987572415781235,0.9013254273133606
29,full_affine,C1-11-2,出版,出版|登记:稿酬金额,97,0.010309278350515464,0.0,0.037037037037037035,-0.04911592683763277,source_pos,0.8751089816333376,0.9242249084709704,0.9123088556114034
29,full_affine,C1-11-3,出版,出版|登记:稿酬金额,97,0.010309278350515464,0.0,0.015151515151515152,-0.05884808373223027,other_pos,0.8574963508622475,0.9163444345944778,0.9126893666734737
43,identity,C0-00-0,考古,考古|测量:墓室尺寸,97,0.010309278350515464,0.0,0.05,-0.09133760051997275,source_pos,0.9086623994800277,1.0000000000000004,0.9082600700685792
43,identity,C0-00-1,考古,考古|测量:墓室尺寸,97,0.010309278350515464,0.0,0.047619047619047616,-0.07661910199021871,source_pos,0.9233808980097807,0.9999999999999994,0.9249758159317149
43,identity,C0-00-2,考古,考古|测量:墓室尺寸,97,0.010309278350515464,0.0,0.07692307692307693,-0.08547866201317378,source_pos,0.914521337986826,0.9999999999999998,0.9117700097169958
43,identity,C0-00-3,考古,考古|测量:墓室尺寸,97,0.010309278350515464,0.0,0.05555555555555555,-0.08625327636719449,source_pos,0.913746723632806,1.0000000000000004,0.9139762610605524
43,identity,C0-01-0,考古,考古|描绘:壁画轮廓,97,0.010309278350515464,0.0,0.03125,-0.08386130818216053,source_pos,0.9161386918178388,0.9999999999999993,0.9241933672304584
43,identity,C0-01-1,考古,考古|描绘:壁画轮廓,97,0.010309278350515464,0.0,0.02631578947368421,-0.08857684976448066,source_pos,0.9114231502355189,0.9999999999999996,0.9174867061829869
43,identity,C0-01-2,考古,考古|描绘:壁画轮廓,97,0.010309278350515464,0.0,0.034482758620689655,-0.10512697791575709,source_pos,0.8948730220842438,1.0000000000000009,0.8942363499487029
43,identity,C0-01-3,考古,考古|描绘:壁画轮廓,97,0.010309278350515464,0.0,0.07142857142857142,-0.05930733993445991,source_pos,0.940692660065541,1.0000000000000009,0.9418928535260643
43,identity,C0-02-0,考古,考古|登记:石器重量,97,0.010309278350515464,0.0,0.01694915254237288,-0.13706620478639664,source_pos,0.8629337952136031,0.9999999999999998,0.8793604574013083
43,identity,C0-02-1,考古,考古|登记:石器重量,97,0.010309278350515464,0.0,0.012048192771084338,-0.19607601361034233,source_pos,0.8039239863896575,0.9999999999999998,0.841223225786969
43,identity,C0-02-2,考古,考古|登记:石器重量,97,0.010309278350515464,0.0,0.03225806451612903,-0.12602804037440896,source_pos,0.8739719596255902,0.9999999999999991,0.8848975324682741
43,identity,C0-02-3,考古,考古|登记:石器重量,97,0.010309278350515464,0.0,0.08333333333333333,-0.07299223577517422,source_pos,0.9270077642248267,1.0000000000000009,0.9251511016743077
43,identity,C0-03-0,考古,考古|拍摄:遗迹剖面,97,0.010309278350515464,0.0,0.021739130434782608,-0.09360897328797724,source_pos,0.9063910267120228,1.0,0.9124524162911727
43,identity,C0-03-1,考古,考古|拍摄:遗迹剖面,97,0.010309278350515464,0.0,0.021739130434782608,-0.09987155425372984,source_pos,0.9001284457462702,1.0,0.9061194543515174
43,identity,C0-03-2,考古,考古|拍摄:遗迹剖面,97,0.010309278350515464,0.0,0.030303030303030304,-0.08047766398184153,source_pos,0.9195223360181598,1.0000000000000013,0.9200850903656217
43,identity,C0-03-3,考古,考古|拍摄:遗迹剖面,97,0.010309278350515464,0.0,0.03125,-0.08305895616665859,source_pos,0.9169410438333412,0.9999999999999998,0.9262466220539739
43,identity,C0-04-0,考古,考古|修复:青铜饰件,97,0.010309278350515464,0.0,0.024390243902439025,-0.1713149243052442,source_pos,0.828685075694756,1.0000000000000002,0.8211739745343583
43,identity,C0-04-1,考古,考古|修复:青铜饰件,97,0.010309278350515464,0.0,0.02631578947368421,-0.2689082216128371,source_pos,0.731091778387164,1.000000000000001,0.7339092288851445
43,identity,C0-04-2,考古,考古|修复:青铜饰件,97,0.010309278350515464,0.0,0.021739130434782608,-0.12437188315470893,source_pos,0.8756281168452907,0.9999999999999997,0.8790625807512483
43,identity,C0-04-3,考古,考古|修复:青铜饰件,97,0.010309278350515464,0.0,0.030303030303030304,-0.09900356131878918,source_pos,0.9009964386812119,1.000000000000001,0.885828991841422
43,identity,C0-05-0,考古,考古|包装:骨骼标本,97,0.010309278350515464,0.0,0.02564102564102564,-0.12025029308636004,source_pos,0.879749706913642,1.000000000000002,0.8827047794616096
43,identity,C0-05-1,考古,考古|包装:骨骼标本,97,0.010309278350515464,0.0,0.024390243902439025,-0.15940033070123938,source_pos,0.8405996692987617,1.000000000000001,0.8518603241506129
43,identity,C0-05-2,考古,考古|包装:骨骼标本,97,0.010309278350515464,0.0,0.05555555555555555,-0.10251607577693866,source_pos,0.8974839242230608,0.9999999999999994,0.8784112646767168
43,identity,C0-05-3,考古,考古|包装:骨骼标本,97,0.010309278350515464,0.0,0.04,-0.0754953061713377,source_pos,0.9245046938286627,1.0000000000000004,0.9167013934408359
43,identity,C0-06-0,考古,考古|筛分:填土沉积物,97,0.010309278350515464,0.0,0.034482758620689655,-0.09401224573602251,source_pos,0.9059877542639775,1.0,0.9007681221789063
43,identity,C0-06-1,考古,考古|筛分:填土沉积物,97,0.010309278350515464,0.0,0.023809523809523808,-0.12458031386946344,source_pos,0.8754196861305363,0.9999999999999998,0.8933268629474114
43,identity,C0-06-2,考古,考古|筛分:填土沉积物,97,0.010309278350515464,0.0,0.047619047619047616,-0.08519033977008794,source_pos,0.914809660229913,1.0000000000000009,0.9110840859924243
43,identity,C0-06-3,考古,考古|筛分:填土沉积物,97,0.010309278350515464,0.0,0.03571428571428571,-0.08361523893780709,source_pos,0.9163847610621936,1.0000000000000007,0.9249531846713356
43,identity,C0-07-0,考古,考古|拼接:陶片纹样,97,0.010309278350515464,0.0,0.023255813953488372,-0.12864335039411678,source_pos,0.8713566496058837,1.0000000000000004,0.8726265885726523
43,identity,C0-07-1,考古,考古|拼接:陶片纹样,97,0.010309278350515464,0.0,0.020833333333333332,-0.14698829543252545,source_pos,0.8530117045674752,1.0000000000000007,0.8628858326146971
43,identity,C0-07-2,考古,考古|拼接:陶片纹样,97,0.010309278350515464,0.0,0.034482758620689655,-0.0996485913376296,source_pos,0.9003514086623706,1.0000000000000002,0.8953370882811336
43,identity,C0-07-3,考古,考古|拼接:陶片纹样,97,0.010309278350515464,0.0,0.034482758620689655,-0.08523722457037541,source_pos,0.9147627754296239,0.9999999999999993,0.9082571021221424
43,identity,C0-08-0,考古,考古|加固:墓道支撑,97,0.010309278350515464,0.0,0.02702702702702703,-0.1051747267698403,source_pos,0.8948252732301597,1.0,0.9044623305233255
43,identity,C0-08-1,考古,考古|加固:墓道支撑,97,0.010309278350515464,0.0,0.02564102564102564,-0.11269935467333803,source_pos,0.8873006453266615,0.9999999999999996,0.8856950775641006
43,identity,C0-08-2,考古,考古|加固:墓道支撑,97,0.010309278350515464,0.0,0.03125,-0.10727731455257428,source_pos,0.8927226854474257,1.0,0.909962633780705
43,identity,C0-08-3,考古,考古|加固:墓道支撑,97,0.010309278350515464,0.0,0.05263157894736842,-0.08593843038602689,source_pos,0.9140615696139711,0.999999999999998,0.9011413446376171
43,identity,C0-09-0,考古,考古|翻译:碑刻文字,97,0.010309278350515464,0.0,0.022222222222222223,-0.12358631313985524,source_pos,0.8764136868601439,0.9999999999999991,0.8903845669274173
43,identity,C0-09-1,考古,考古|翻译:碑刻文字,97,0.010309278350515464,0.0,0.0136986301369863,-0.2348677159372896,source_pos,0.7651322840627104,1.0,0.7959590210600116
43,identity,C0-09-2,考古,考古|翻译:碑刻文字,97,0.010309278350515464,0.0,0.03225806451612903,-0.09555189702246691,source_pos,0.9044481029775333,1.0000000000000002,0.9157523343861446
43,identity,C0-09-3,考古,考古|翻译:碑刻文字,97,0.010309278350515464,0.0,0.034482758620689655,-0.08581918809149558,source_pos,0.9141808119085046,1.0000000000000002,0.9303399742117009
43,identity,C0-10-0,考古,考古|搭建:遮雨棚架,97,0.010309278350515464,0.0,0.022727272727272728,-0.10834591593204446,source_pos,0.8916540840679562,1.0000000000000007,0.8900305167720339
43,identity,C0-10-1,考古,考古|搭建:遮雨棚架,97,0.010309278350515464,0.0,0.022222222222222223,-0.18074861908645667,source_pos,0.8192513809135435,1.0000000000000002,0.8328403988309432
43,identity,C0-10-2,考古,考古|搭建:遮雨棚架,97,0.010309278350515464,0.0,0.027777777777777776,-0.11515501412007612,source_pos,0.8848449858799252,1.0000000000000013,0.8823637627320455
43,identity,C0-10-3,考古,考古|搭建:遮雨棚架,97,0.010309278350515464,0.0,0.043478260869565216,-0.10494378318596642,source_pos,0.8950562168140335,0.9999999999999999,0.8866592390244207
43,identity,C0-11-0,考古,考古|封存:探方档案,97,0.010309278350515464,0.0,0.01694915254237288,-0.12663564715471498,source_pos,0.8733643528452855,1.0000000000000004,0.8952748440063455
43,identity,C0-11-1,考古,考古|封存:探方档案,97,0.010309278350515464,0.0,0.010869565217391304,-0.1393279233268072,source_pos,0.8606720766731932,1.0000000000000004,0.9004622262779957
43,identity,C0-11-2,考古,考古|封存:探方档案,97,0.010309278350515464,0.0,0.021739130434782608,-0.11174506422283847,source_pos,0.8882549357771604,0.9999999999999989,0.9039828716419017
43,identity,C0-11-3,考古,考古|封存:探方档案,97,0.010309278350515464,0.0,0.03333333333333333,-0.09278588704551871,source_pos,0.9072141129544822,1.0000000000000009,0.9176985584965487
43,identity,C1-00-0,出版,出版|审定:封面配色,97,0.010309278350515464,0.0,0.019230769230769232,-0.14422030517467732,source_pos,0.8557796948253227,1.0,0.8597890880336494
43,identity,C1-00-1,出版,出版|审定:封面配色,97,0.010309278350515464,0.0,0.015873015873015872,-0.1877867623716667,source_pos,0.812213237628333,0.9999999999999997,0.8328905345812424
43,identity,C1-00-2,出版,出版|审定:封面配色,97,0.010309278350515464,0.0,0.020833333333333332,-0.13694350934019162,source_pos,0.8630564906598088,1.0000000000000004,0.8633367034266701
43,identity,C1-00-3,出版,出版|审定:封面配色,97,0.010309278350515464,0.0,0.017543859649122806,-0.12464858267221102,source_pos,0.8753514173277894,1.0000000000000004,0.8854479648554854
43,identity,C1-01-0,出版,出版|编排:索引条目,97,0.010309278350515464,0.0,0.02564102564102564,-0.14158844298835405,source_pos,0.8584115570116471,1.000000000000001,0.8533061683393444
43,identity,C1-01-1,出版,出版|编排:索引条目,97,0.010309278350515464,0.0,0.025,-0.16284518407836823,source_pos,0.8371548159216318,1.0,0.8351195668672737
43,identity,C1-01-2,出版,出版|编排:索引条目,97,0.010309278350515464,0.0,0.02564102564102564,-0.13046834808322794,source_pos,0.869531651916772,0.9999999999999999,0.8754060258977578
43,identity,C1-01-3,出版,出版|编排:索引条目,97,0.010309278350515464,0.0,0.02127659574468085,-0.1688286240818836,source_pos,0.8311713759181164,1.0,0.8652768198648209
43,identity,C1-02-0,出版,出版|录入:版权信息,97,0.010309278350515464,0.0,0.022222222222222223,-0.13646067054659217,source_pos,0.8635393294534075,0.9999999999999997,0.8633872878623086
43,identity,C1-02-1,出版,出版|录入:版权信息,97,0.010309278350515464,0.0,0.01694915254237288,-0.18108295580114742,source_pos,0.8189170441988523,0.9999999999999997,0.8482897465399676
43,identity,C1-02-2,出版,出版|录入:版权信息,97,0.010309278350515464,0.0,0.05263157894736842,-0.11738816072512515,source_pos,0.8826118392748746,0.9999999999999998,0.8707452236956321
43,identity,C1-02-3,出版,出版|录入:版权信息,97,0.010309278350515464,0.0,0.02631578947368421,-0.11955656794282299,source_pos,0.8804434320571775,1.0000000000000004,0.893485751048809
43,identity,C1-03-0,出版,出版|签署:印刷合同,97,0.010309278350515464,0.0,0.01694915254237288,-0.200453502874131,source_pos,0.7995464971258686,0.9999999999999996,0.830007350359914
43,identity,C1-03-1,出版,出版|签署:印刷合同,97,0.010309278350515464,0.0,0.012987012987012988,-0.20467540403582873,source_pos,0.7953245959641709,0.9999999999999997,0.8478928548313296
43,identity,C1-03-2,出版,出版|签署:印刷合同,97,0.010309278350515464,0.0,0.02,-0.12698641949185796,source_pos,0.8730135805081417,0.9999999999999997,0.8847832433283578
43,identity,C1-03-3,出版,出版|签署:印刷合同,97,0.010309278350515464,0.0,0.014925373134328358,-0.21489810651545127,source_pos,0.7851018934845481,0.9999999999999993,0.8266895562225229
43,identity,C1-04-0,出版,出版|发送:作者样书,97,0.010309278350515464,0.0,0.024390243902439025,-0.1422481508549076,source_pos,0.8577518491450922,0.9999999999999998,0.8456076236581658
43,identity,C1-04-1,出版,出版|发送:作者样书,97,0.010309278350515464,0.0,0.02,-0.19547023333437263,source_pos,0.8045297666656269,0.9999999999999996,0.824654834834297
43,identity,C1-04-2,出版,出版|发送:作者样书,97,0.010309278350515464,0.0,0.043478260869565216,-0.12670996818600033,source_pos,0.8732900318139996,0.9999999999999999,0.8769939262191622
43,identity,C1-04-3,出版,出版|发送:作者样书,97,0.010309278350515464,0.0,0.022727272727272728,-0.13978779199616198,source_pos,0.8602122080038376,0.9999999999999996,0.8786024957573155
43,identity,C1-05-0,出版,出版|绘制:装帧草图,97,0.010309278350515464,0.0,0.1,-0.08628377628424388,source_pos,0.9137162237157563,1.0000000000000002,0.9175838306555094
43,identity,C1-05-1,出版,出版|绘制:装帧草图,97,0.010309278350515464,0.0,0.0625,-0.11515024851365896,source_pos,0.88484975148634,0.999999999999999,0.8864253849227118
43,identity,C1-05-2,出版,出版|绘制:装帧草图,97,0.010309278350515464,0.0,0.058823529411764705,-0.09097558427122965,source_pos,0.9090244157287706,1.0000000000000002,0.903398093522876
43,identity,C1-05-3,出版,出版|绘制:装帧草图,97,0.010309278350515464,0.0,0.125,-0.07545996773751251,source_pos,0.9245400322624882,1.0000000000000007,0.9348307280718429
43,identity,C1-06-0,出版,出版|裁切:校样纸张,97,0.010309278350515464,0.0,0.022727272727272728,-0.17316244533225733,source_pos,0.8268375546677431,1.0000000000000004,0.823104076347331
43,identity,C1-06-1,出版,出版|裁切:校样纸张,97,0.010309278350515464,0.0,0.019230769230769232,-0.1950940170225921,source_pos,0.8049059829774083,1.0000000000000004,0.8257040606339382
43,identity,C1-06-2,出版,出版|裁切:校样纸张,97,0.010309278350515464,0.0,0.045454545454545456,-0.11060826068012208,source_pos,0.8893917393198781,1.0000000000000002,0.8800781989862992
43,identity,C1-06-3,出版,出版|裁切:校样纸张,97,0.010309278350515464,0.0,0.019230769230769232,-0.17271887428475596,source_pos,0.8272811257152437,0.9999999999999997,0.8455383002218542
43,identity,C1-07-0,出版,出版|核算:印制成本,97,0.010309278350515464,0.0,0.02040816326530612,-0.1591579189646367,source_pos,0.8408420810353637,1.0000000000000004,0.8340423017875143
43,identity,C1-07-1,出版,出版|核算:印制成本,97,0.010309278350515464,0.0,0.019230769230769232,-0.15711226401741452,source_pos,0.8428877359825855,1.0,0.8483939333422625
43,identity,C1-07-2,出版,出版|核算:印制成本,97,0.010309278350515464,0.0,0.07142857142857142,-0.10598285676506192,source_pos,0.8940171432349383,1.0000000000000002,0.8941345561095431
43,identity,C1-07-3,出版,出版|核算:印制成本,97,0.010309278350515464,0.0,0.07692307692307693,-0.09451904972800973,source_pos,0.9054809502719912,1.0000000000000009,0.9097929810788186
43,identity,C1-08-0,出版,出版|装订:试印样本,97,0.010309278350515464,0.0,0.025,-0.1281085047796655,source_pos,0.8718914952203345,1.0,0.8792409535511382
43,identity,C1-08-1,出版,出版|装订:试印样本,97,0.010309278350515464,0.0,0.01818181818181818,-0.18633816516013257,source_pos,0.8136618348398669,0.9999999999999994,0.8332100675279523
43,identity,C1-08-2,出版,出版|装订:试印样本,97,0.010309278350515464,0.0,0.07142857142857142,-0.1032460693537125,source_pos,0.896753930646287,0.9999999999999994,0.8967683665292882
43,identity,C1-08-3,出版,出版|装订:试印样本,97,0.010309278350515464,0.0,0.02127659574468085,-0.12067308251415476,source_pos,0.8793269174858451,0.9999999999999999,0.9093617390347197
43,identity,C1-09-0,出版,出版|编写:发行通知,97,0.010309278350515464,0.0,0.022222222222222223,-0.1919476165656947,source_pos,0.8080523834343049,0.9999999999999996,0.8100479445954798
43,identity,C1-09-1,出版,出版|编写:发行通知,97,0.010309278350515464,0.0,0.016666666666666666,-0.1870710106824205,source_pos,0.8129289893175794,0.9999999999999999,0.8459719165669497
43,identity,C1-09-2,出版,出版|编写:发行通知,97,0.010309278350515464,0.0,0.02631578947368421,-0.12580125544301302,source_pos,0.8741987445569865,0.9999999999999996,0.8660101144511008
43,identity,C1-09-3,出版,出版|编写:发行通知,97,0.010309278350515464,0.0,0.02040816326530612,-0.16331489732922055,source_pos,0.8366851026707793,0.9999999999999999,0.8612202090460072
43,identity,C1-10-0,出版,出版|收录:勘误条目,97,0.010309278350515464,0.0,0.03333333333333333,-0.11662715651270938,source_pos,0.8833728434872906,1.0,0.8775757378911246
43,identity,C1-10-1,出版,出版|收录:勘误条目,97,0.010309278350515464,0.0,0.017857142857142856,-0.1880346776985975,source_pos,0.8119653223014018,0.9999999999999993,0.8351233211826795
43,identity,C1-10-2,出版,出版|收录:勘误条目,97,0.010309278350515464,0.0,0.02857142857142857,-0.11232454196270003,source_pos,0.8876754580373,1.0,0.8917140434157356
43,identity,C1-10-3,出版,出版|收录:勘误条目,97,0.010309278350515464,0.0,0.0625,-0.09552460005709484,source_pos,0.9044753999429049,0.9999999999999998,0.9172635883995017
43,identity,C1-11-0,出版,出版|登记:稿酬金额,97,0.010309278350515464,0.0,0.014925373134328358,-0.15814847169529345,source_pos,0.8418515283047066,1.0,0.8814634119214194
43,identity,C1-11-1,出版,出版|登记:稿酬金额,97,0.010309278350515464,0.0,0.014285714285714285,-0.21047855732958398,source_pos,0.7895214426704158,0.9999999999999998,0.8397439464649831
43,identity,C1-11-2,出版,出版|登记:稿酬金额,97,0.010309278350515464,0.0,0.01694915254237288,-0.136955976599205,source_pos,0.863044023400795,1.0,0.8902108889771501
43,identity,C1-11-3,出版,出版|登记:稿酬金额,97,0.010309278350515464,0.0,0.012987012987012988,-0.20375419583070686,source_pos,0.7962458041692931,1.0,0.8518740492254668
43,shift,C0-00-0,考古,考古|测量:墓室尺寸,97,0.010309278350515464,0.0,0.2,-0.06289054304986019,source_pos,0.9183680144857282,0.9812585575355884,0.91774146739252
43,shift,C0-00-1,考古,考古|测量:墓室尺寸,97,0.010309278350515464,0.0,0.2,-0.04749253628935601,source_pos,0.9339155082844772,0.9814080445738332,0.9333045444309437
43,shift,C0-00-2,考古,考古|测量:墓室尺寸,97,0.010309278350515464,0.0,0.2,-0.05531383692052616,source_pos,0.9246441170276976,0.9799579539482237,0.9233876163268311
43,shift,C0-00-3,考古,考古|测量:墓室尺寸,97,0.010309278350515464,0.0,0.16666666666666666,-0.06060095612779748,source_pos,0.9207300433772901,0.9813309995050876,0.9224672661548703
43,shift,C0-01-0,考古,考古|描绘:壁画轮廓,97,0.010309278350515464,0.0,0.07692307692307693,-0.051636314968688035,source_pos,0.9295611631494972,0.9811974781181853,0.9324144838569906
43,shift,C0-01-1,考古,考古|描绘:壁画轮廓,97,0.010309278350515464,0.0,0.1,-0.05134366102200272,source_pos,0.9295346838229716,0.9808783448449743,0.9291390548097748
43,shift,C0-01-2,考古,考古|描绘:壁画轮廓,97,0.010309278350515464,0.0,0.1,-0.06507368475009989,source_pos,0.9131410785941021,0.978214763344202,0.9180162765610824
43,shift,C0-01-3,考古,考古|描绘:壁画轮廓,97,0.010309278350515464,0.0,0.2,-0.03300576172626435,source_pos,0.9472747447449953,0.9802805064712596,0.9516048690982744
43,shift,C0-02-0,考古,考古|登记:石器重量,97,0.010309278350515464,0.0,0.045454545454545456,-0.08652080506118698,source_pos,0.8921921728251663,0.9787129778863533,0.8983613213193955
43,shift,C0-02-1,考古,考古|登记:石器重量,97,0.010309278350515464,0.0,0.017241379310344827,-0.14264548616867667,source_pos,0.8365586577604843,0.979204143929161,0.8606452110081313
43,shift,C0-02-2,考古,考古|登记:石器重量,97,0.010309278350515464,0.0,0.125,-0.08133589216092241,source_pos,0.897131317236163,0.9784672093970854,0.8987840210635079
43,shift,C0-02-3,考古,考古|登记:石器重量,97,0.010309278350515464,0.0,0.5,-0.039512601067363096,source_pos,0.9395604079080585,0.9790730089754216,0.9327983855122532
43,shift,C0-03-0,考古,考古|拍摄:遗迹剖面,97,0.010309278350515464,0.0,0.058823529411764705,-0.054636297136852585,source_pos,0.9263198033235562,0.9809561004604088,0.9297814469681407
43,shift,C0-03-1,考古,考古|拍摄:遗迹剖面,97,0.010309278350515464,0.0,0.0625,-0.06232589510584208,source_pos,0.9189286133955352,0.9812545085013773,0.9219816820242631
43,shift,C0-03-2,考古,考古|拍摄:遗迹剖面,97,0.010309278350515464,0.0,0.125,-0.04207040306297316,source_pos,0.938698284740959,0.9807686878039321,0.9327656825459059
43,shift,C0-03-3,考古,考古|拍摄:遗迹剖面,97,0.010309278350515464,0.0,0.08333333333333333,-0.049020820822015865,source_pos,0.9318938530975961,0.980914673919612,0.9358114359711374
43,shift,C0-04-0,考古,考古|修复:青铜饰件,97,0.010309278350515464,0.0,0.03225806451612903,-0.11713288807347122,source_pos,0.8610668755034122,0.9781997635768834,0.8540514046586185
43,shift,C0-04-1,考古,考古|修复:青铜饰件,97,0.010309278350515464,0.0,0.04,-0.21387916798967532,source_pos,0.7638165911383433,0.9776957591280186,0.7670524042596315
43,shift,C0-04-2,考古,考古|修复:青铜饰件,97,0.010309278350515464,0.0,0.03225806451612903,-0.07472468521172504,source_pos,0.9046188652144919,0.9793435504262169,0.9034953041858094
43,shift,C0-04-3,考古,考古|修复:青铜饰件,97,0.010309278350515464,0.0,0.125,-0.05686921005663759,source_pos,0.9227567332427565,0.9796259432993941,0.9133050660028601
43,shift,C0-05-0,考古,考古|包装:骨骼标本,97,0.010309278350515464,0.0,0.045454545454545456,-0.07518825043163357,source_pos,0.9048233728725088,0.9800116233041424,0.9085783287640821
43,shift,C0-05-1,考古,考古|包装:骨骼标本,97,0.010309278350515464,0.0,0.038461538461538464,-0.10942417473404087,source_pos,0.8698997787898752,0.9793239535239161,0.8759363559205178
43,shift,C0-05-2,考古,考古|包装:骨骼标本,97,0.010309278350515464,0.0,0.25,-0.06614307903546024,source_pos,0.9138200349267367,0.9799631139621969,0.8942313392537973
43,shift,C0-05-3,考古,考古|包装:骨骼标本,97,0.010309278350515464,0.0,0.3333333333333333,-0.044220733616768704,source_pos,0.9371664678399415,0.9813872014567102,0.9330292746113447
43,shift,C0-06-0,考古,考古|筛分:填土沉积物,97,0.010309278350515464,0.0,0.16666666666666666,-0.059111872493149975,source_pos,0.9215926012334612,0.9807044737266112,0.9153547244947229
43,shift,C0-06-1,考古,考古|筛分:填土沉积物,97,0.010309278350515464,0.0,0.05,-0.07661497527899608,source_pos,0.9028934683762586,0.9795084436552547,0.9125242356142407
43,shift,C0-06-2,考古,考古|筛分:填土沉积物,97,0.010309278350515464,0.0,0.2,-0.05131741534492207,source_pos,0.9291019430564428,0.9804193584013648,0.9264917963813258
43,shift,C0-06-3,考古,考古|筛分:填土沉积物,97,0.010309278350515464,0.0,0.125,-0.0520215557222129,source_pos,0.9285640989120887,0.9805856546343016,0.9369073068774365
43,shift,C0-07-0,考古,考古|拼接:陶片纹样,97,0.010309278350515464,0.0,0.047619047619047616,-0.0742485450057323,source_pos,0.9041005102419646,0.9783490552476969,0.8972807251907343
43,shift,C0-07-1,考古,考古|拼接:陶片纹样,97,0.010309278350515464,0.0,0.03225806451612903,-0.09581384042246488,source_pos,0.8835964441582342,0.9794102845806991,0.8911663352787949
43,shift,C0-07-2,考古,考古|拼接:陶片纹样,97,0.010309278350515464,0.0,0.25,-0.06057767378482193,source_pos,0.9187006929887781,0.9792783667736,0.9105522086311917
43,shift,C0-07-3,考古,考古|拼接:陶片纹样,97,0.010309278350515464,0.0,0.14285714285714285,-0.05155644071155474,source_pos,0.9285660766590975,0.9801225173706523,0.9195569864881676
43,shift,C0-08-0,考古,考古|加固:墓道支撑,97,0.010309278350515464,0.0,0.043478260869565216,-0.06931508717203172,source_pos,0.9123725738643503,0.981687661036382,0.9165198271648742
43,shift,C0-08-1,考古,考古|加固:墓道支撑,97,0.010309278350515464,0.0,0.08333333333333333,-0.08090744492405522,source_pos,0.901088207248895,0.9819956521729503,0.8977609837907063
43,shift,C0-08-2,考古,考古|加固:墓道支撑,97,0.010309278350515464,0.0,0.047619047619047616,-0.0733573711355705,source_pos,0.9086859959697144,0.982043367105285,0.9218485284493962
43,shift,C0-08-3,考古,考古|加固:墓道支撑,97,0.010309278350515464,0.0,0.125,-0.06067672984898165,source_pos,0.9212370158136347,0.9819137456626164,0.905045329788477
43,shift,C0-09-0,考古,考古|翻译:碑刻文字,97,0.010309278350515464,0.0,0.05263157894736842,-0.0794219033848409,source_pos,0.9006769939019141,0.980098897286755,0.907696181700212
43,shift,C0-09-1,考古,考古|翻译:碑刻文字,97,0.010309278350515464,0.0,0.0196078431372549,-0.17545890118451035,source_pos,0.8027937420444191,0.9782526432289295,0.8209873287505821
43,shift,C0-09-2,考古,考古|翻译:碑刻文字,97,0.010309278350515464,0.0,0.14285714285714285,-0.05982993871285214,source_pos,0.920957243496116,0.9807871822089681,0.9239057329043331
43,shift,C0-09-3,考古,考古|翻译:碑刻文字,97,0.010309278350515464,0.0,0.07692307692307693,-0.056667281725145235,source_pos,0.924544159103244,0.9812114408283892,0.9319060885229333
43,shift,C0-10-0,考古,考古|搭建:遮雨棚架,97,0.010309278350515464,0.0,0.05,-0.06350169574833975,source_pos,0.917368916079061,0.9808706118274008,0.914912337345139
43,shift,C0-10-1,考古,考古|搭建:遮雨棚架,97,0.010309278350515464,0.0,0.038461538461538464,-0.13278825545872364,source_pos,0.8460610233367684,0.978849278795492,0.8543525536555996
43,shift,C0-10-2,考古,考古|搭建:遮雨棚架,97,0.010309278350515464,0.0,0.14285714285714285,-0.07047878560364007,source_pos,0.9100433967412668,0.9805221823449068,0.9052772363459638
43,shift,C0-10-3,考古,考古|搭建:遮雨棚架,97,0.010309278350515464,0.0,0.07692307692307693,-0.061993740745152404,source_pos,0.9187598219358349,0.9807535626809873,0.9062777515202571
43,shift,C0-11-0,考古,考古|封存:探方档案,97,0.010309278350515464,0.0,0.029411764705882353,-0.08804202326159816,source_pos,0.8936151470229965,0.9816571702845946,0.9060202454796505
43,shift,C0-11-1,考古,考古|封存:探方档案,97,0.010309278350515464,0.0,0.0136986301369863,-0.10069611225468811,source_pos,0.8812495609615154,0.9819456732162035,0.9068056747335937
43,shift,C0-11-2,考古,考古|封存:探方档案,97,0.010309278350515464,0.0,0.08333333333333333,-0.07888588737500146,source_pos,0.9020135029950332,0.9808993903700347,0.9083622356228036
43,shift,C0-11-3,考古,考古|封存:探方档案,97,0.010309278350515464,0.0,0.07142857142857142,-0.06442182128897977,source_pos,0.9176377207732263,0.982059542062206,0.9216790679313452
43,shift,C1-00-0,出版,出版|审定:封面配色,97,0.010309278350515464,0.0,0.024390243902439025,-0.09435237615793712,source_pos,0.8837632686153825,0.9781156447733196,0.8868867143295318
43,shift,C1-00-1,出版,出版|审定:封面配色,97,0.010309278350515464,0.0,0.01818181818181818,-0.12974505151236315,source_pos,0.847900129773486,0.9776451812858492,0.8627326989027493
43,shift,C1-00-2,出版,出版|审定:封面配色,97,0.010309278350515464,0.0,0.043478260869565216,-0.08588706244240374,source_pos,0.8918520557167036,0.9777391181591073,0.8915772711680732
43,shift,C1-00-3,出版,出版|审定:封面配色,97,0.010309278350515464,0.0,0.03225806451612903,-0.08301969130574094,source_pos,0.894889461591055,0.9779091528967959,0.9070841857422187
43,shift,C1-01-0,出版,出版|编排:索引条目,97,0.010309278350515464,0.0,0.03333333333333333,-0.09803810749782782,source_pos,0.8799487003084279,0.9779868078062557,0.8801030155620804
43,shift,C1-01-1,出版,出版|编排:索引条目,97,0.010309278350515464,0.0,0.037037037037037035,-0.11276875276211029,source_pos,0.8664709252791093,0.9792396780412196,0.8594014708932368
43,shift,C1-01-2,出版,出版|编排:索引条目,97,0.010309278350515464,0.0,0.038461538461538464,-0.09459487954402879,source_pos,0.8839846191000698,0.9785794986440985,0.8942487392710621
43,shift,C1-01-3,出版,出版|编排:索引条目,97,0.010309278350515464,0.0,0.023255813953488372,-0.1278733169520333,source_pos,0.8497541218867357,0.977627438838769,0.8873175616684227
43,shift,C1-02-0,出版,出版|录入:版权信息,97,0.010309278350515464,0.0,0.047619047619047616,-0.08825490650946122,source_pos,0.8887901696784299,0.9770450761878912,0.8852664303486267
43,shift,C1-02-1,出版,出版|录入:版权信息,97,0.010309278350515464,0.0,0.02,-0.1276667215110019,source_pos,0.8498050645213491,0.977471786032351,0.8679287888388292
43,shift,C1-02-2,出版,出版|录入:版权信息,97,0.010309278350515464,0.0,0.2,-0.07845512543553568,source_pos,0.8991628759824544,0.97761800141799,0.890603508589369
43,shift,C1-02-3,出版,出版|录入:版权信息,97,0.010309278350515464,0.0,0.047619047619047616,-0.08795010049997387,source_pos,0.8897828670759678,0.9777329675759416,0.9072560755079093
43,shift,C1-03-0,出版,出版|签署:印刷合同,97,0.010309278350515464,0.0,0.02040816326530612,-0.14823731337747137,source_pos,0.8297036424806334,0.9779409558581048,0.8507059367825108
43,shift,C1-03-1,出版,出版|签署:印刷合同,97,0.010309278350515464,0.0,0.015384615384615385,-0.14884611353642674,source_pos,0.8295434723394999,0.9783895858759266,0.8673901603039647
43,shift,C1-03-2,出版,出版|签署:印刷合同,97,0.010309278350515464,0.0,0.05263157894736842,-0.09200965813203132,source_pos,0.8877369083029922,0.9797465664350236,0.8951588655853442
43,shift,C1-03-3,出版,出版|签署:印刷合同,97,0.010309278350515464,0.0,0.016129032258064516,-0.16812651855534977,source_pos,0.8097827108970935,0.9779092294524433,0.8479583208137675
43,shift,C1-04-0,出版,出版|发送:作者样书,97,0.010309278350515464,0.0,0.041666666666666664,-0.09762133620040514,source_pos,0.8807812623453213,0.9784025985457264,0.872750994354771
43,shift,C1-04-1,出版,出版|发送:作者样书,97,0.010309278350515464,0.0,0.024390243902439025,-0.13388227782838202,source_pos,0.8427292571756598,0.9766115350040419,0.8551430992646025
43,shift,C1-04-2,出版,出版|发送:作者样书,97,0.010309278350515464,0.0,0.16666666666666666,-0.08397304714596998,source_pos,0.8958466128425229,0.9798196599884929,0.8956819126718174
43,shift,C1-04-3,出版,出版|发送:作者样书,97,0.010309278350515464,0.0,0.045454545454545456,-0.09494887566271826,source_pos,0.883561942737399,0.9785108184001172,0.8953213041666442
43,shift,C1-05-0,出版,出版|绘制:装帧草图,97,0.010309278350515464,0.0,0.1111111111111111,-0.05421504651874298,source_pos,0.9259745305430316,0.9801895770617746,0.9361398377483625
43,shift,C1-05-1,出版,出版|绘制:装帧草图,97,0.010309278350515464,0.0,0.1111111111111111,-0.07314290762523334,source_pos,0.9062465436114167,0.97938945123665,0.9036228412077534
43,shift,C1-05-2,出版,出版|绘制:装帧草图,97,0.010309278350515464,0.0,0.125,-0.057730044380245094,source_pos,0.9220451777603981,0.9797752221406432,0.9238816380983874
43,shift,C1-05-3,出版,出版|绘制:装帧草图,97,0.010309278350515464,0.0,0.14285714285714285,-0.04788581679176618,source_pos,0.9326381634038008,0.980523980195567,0.9487967576967338
43,shift,C1-06-0,出版,出版|裁切:校样纸张,97,0.010309278350515464,0.0,0.025,-0.12473613071001788,source_pos,0.8540123437140648,0.9787484744240826,0.8532162238214471
43,shift,C1-06-1,出版,出版|裁切:校样纸张,97,0.010309278350515464,0.0,0.02127659574468085,-0.14250243907672133,source_pos,0.8366917793352984,0.9791942184120197,0.8534284937083303
43,shift,C1-06-2,出版,出版|裁切:校样纸张,97,0.010309278350515464,0.0,0.2,-0.06678391106851123,source_pos,0.9121495541381501,0.9789334652066614,0.9000947806826893
43,shift,C1-06-3,出版,出版|裁切:校样纸张,97,0.010309278350515464,0.0,0.022222222222222223,-0.12786540482121334,source_pos,0.84985938715103,0.9777247919722434,0.8715803462382252
43,shift,C1-07-0,出版,出版|核算:印制成本,97,0.010309278350515464,0.0,0.037037037037037035,-0.1075708425914772,source_pos,0.870609475996424,0.9781803185879012,0.8628824798692017
43,shift,C1-07-1,出版,出版|核算:印制成本,97,0.010309278350515464,0.0,0.03333333333333333,-0.1067215348306837,source_pos,0.8724542110551267,0.9791757458858104,0.8739578455588728
43,shift,C1-07-2,出版,出版|核算:印制成本,97,0.010309278350515464,0.0,0.16666666666666666,-0.06544960306351078,source_pos,0.914703161889467,0.9801527649529778,0.9158006546435544
43,shift,C1-07-3,出版,出版|核算:印制成本,97,0.010309278350515464,0.0,0.125,-0.06106099749483007,source_pos,0.9186810179729862,0.9797420154678163,0.9278645834732802
43,shift,C1-08-0,出版,出版|装订:试印样本,97,0.010309278350515464,0.0,0.07142857142857142,-0.08061121359518286,source_pos,0.8987558550239361,0.9793670686191189,0.902930707139169
43,shift,C1-08-1,出版,出版|装订:试印样本,97,0.010309278350515464,0.0,0.03333333333333333,-0.13109676768547562,source_pos,0.8483875437323734,0.979484311417849,0.8611570683527734
43,shift,C1-08-2,出版,出版|装订:试印样本,97,0.010309278350515464,0.0,0.2,-0.06495883818707382,source_pos,0.9163954100990093,0.9813542482860831,0.9147598282974592
43,shift,C1-08-3,出版,出版|装订:试印样本,97,0.010309278350515464,0.0,0.03571428571428571,-0.08016998228839345,source_pos,0.8991899739046763,0.9793599561930697,0.927280028087758
43,shift,C1-09-0,出版,出版|编写:发行通知,97,0.010309278350515464,0.0,0.027777777777777776,-0.14007819569178215,source_pos,0.838348976753632,0.9784271724454141,0.8373759410597292
43,shift,C1-09-1,出版,出版|编写:发行通知,97,0.010309278350515464,0.0,0.02040816326530612,-0.13570771860297925,source_pos,0.843338954276682,0.9790466728796613,0.8682734716306704
43,shift,C1-09-2,出版,出版|编写:发行通知,97,0.010309278350515464,0.0,0.05555555555555555,-0.08864268840291933,source_pos,0.8903086231048237,0.9789513115077431,0.8823287863114471
43,shift,C1-09-3,出版,出版|编写:发行通知,97,0.010309278350515464,0.0,0.022222222222222223,-0.1258146738837792,source_pos,0.8534655360295068,0.979280209913286,0.8806824959342976
43,shift,C1-10-0,出版,出版|收录:勘误条目,97,0.010309278350515464,0.0,0.2,-0.07009740895566619,source_pos,0.9080555938078245,0.9781530027634907,0.9015587793098752
43,shift,C1-10-1,出版,出版|收录:勘误条目,97,0.010309278350515464,0.0,0.02127659574468085,-0.1321415460726707,source_pos,0.8453163866105267,0.9774579326831974,0.8591006802358545
43,shift,C1-10-2,出版,出版|收录:勘误条目,97,0.010309278350515464,0.0,0.1111111111111111,-0.07081795939984026,source_pos,0.907010749269125,0.9778287086689652,0.9151052120325188
43,shift,C1-10-3,出版,出版|收录:勘误条目,97,0.010309278350515464,0.0,0.09090909090909091,-0.06458174320447063,source_pos,0.9148231294860178,0.9794048726904885,0.9337088258161568
43,shift,C1-11-0,出版,出版|登记:稿酬金额,97,0.010309278350515464,0.0,0.02,-0.11940755885402876,source_pos,0.861552860744072,0.9809604195981008,0.8930346434744851
43,shift,C1-11-1,出版,出版|登记:稿酬金额,97,0.010309278350515464,0.0,0.016666666666666666,-0.1632545394997773,source_pos,0.8170920005642143,0.9803465400639916,0.8541082541618548
43,shift,C1-11-2,出版,出版|登记:稿酬金额,97,0.010309278350515464,0.0,0.047619047619047616,-0.10225158900385434,source_pos,0.8792352160572672,0.9814868050611215,0.8986032161556412
43,shift,C1-11-3,出版,出版|登记:稿酬金额,97,0.010309278350515464,0.0,0.013888888888888888,-0.16070870420954642,source_pos,0.8188602880297432,0.9795689922392896,0.8668315540799685
43,rank1,C0-00-0,考古,考古|测量:墓室尺寸,97,0.010309278350515464,0.0,0.2,-0.04833333558429598,source_pos,0.9155982560836806,0.9639315916679766,0.914175002284884
43,rank1,C0-00-1,考古,考古|测量:墓室尺寸,97,0.010309278350515464,0.0,0.25,-0.03993395226382679,source_pos,0.9301437036734905,0.9700776559373173,0.9300832149363297
43,rank1,C0-00-2,考古,考古|测量:墓室尺寸,97,0.010309278350515464,0.0,0.2,-0.048239656280709364,source_pos,0.9185908584555348,0.9668305147362442,0.9208485896239232
43,rank1,C0-00-3,考古,考古|测量:墓室尺寸,97,0.010309278350515464,0.0,0.125,-0.04355077561157372,source_pos,0.9204988114668801,0.9640495870784538,0.9255654533686134
43,rank1,C0-01-0,考古,考古|描绘:壁画轮廓,97,0.010309278350515464,0.0,0.16666666666666666,-0.040782437395890936,source_pos,0.9336533103759657,0.9744357477718566,0.9328514434083686
43,rank1,C0-01-1,考古,考古|描绘:壁画轮廓,97,0.010309278350515464,0.0,0.08333333333333333,-0.050085522807197025,source_pos,0.9272794478888451,0.9773649706960421,0.927586687986064
43,rank1,C0-01-2,考古,考古|描绘:壁画轮廓,97,0.010309278350515464,0.0,0.1111111111111111,-0.06380657768665776,source_pos,0.9142369374653738,0.9780435151520316,0.9188436335033787
43,rank1,C0-01-3,考古,考古|描绘:壁画轮廓,97,0.010309278350515464,0.0,0.16666666666666666,-0.03097478283920707,source_pos,0.9443019131651256,0.9752766960043326,0.9529523120873619
43,rank1,C0-02-0,考古,考古|登记:石器重量,97,0.010309278350515464,0.0,0.047619047619047616,-0.0931734362087403,source_pos,0.8851304982598659,0.9783039344686062,0.8904158702399896
43,rank1,C0-02-1,考古,考古|登记:石器重量,97,0.010309278350515464,0.0,0.015873015873015872,-0.13299641048219069,source_pos,0.8445307219297682,0.9775271324119589,0.8696284553748285
43,rank1,C0-02-2,考古,考古|登记:石器重量,97,0.010309278350515464,0.0,0.16666666666666666,-0.08304635020414097,source_pos,0.8900652465199177,0.9731115967240587,0.8881322653279659
43,rank1,C0-02-3,考古,考古|登记:石器重量,97,0.010309278350515464,0.0,0.3333333333333333,-0.04283133297527619,source_pos,0.9350710915191326,0.9779024244944088,0.9289018592308016
43,rank1,C0-03-0,考古,考古|拍摄:遗迹剖面,97,0.010309278350515464,0.0,0.125,-0.044473171694357605,source_pos,0.9297622827247504,0.974235454419108,0.9295149233636797
43,rank1,C0-03-1,考古,考古|拍摄:遗迹剖面,97,0.010309278350515464,0.0,0.07142857142857142,-0.05357746063849811,source_pos,0.9209466861629322,0.9745241468014303,0.9214436256581527
43,rank1,C0-03-2,考古,考古|拍摄:遗迹剖面,97,0.010309278350515464,0.0,0.2,-0.03568690053918089,source_pos,0.9401792249428257,0.9758661254820066,0.9316879370597753
43,rank1,C0-03-3,考古,考古|拍摄:遗迹剖面,97,0.010309278350515464,0.0,0.16666666666666666,-0.03492225583701303,source_pos,0.9388600182154969,0.9737822740525099,0.944023352540218
43,rank1,C0-04-0,考古,考古|修复:青铜饰件,97,0.010309278350515464,0.0,0.03225806451612903,-0.13063885123770114,source_pos,0.8474265170013077,0.9780653682390088,0.8409829533655219
43,rank1,C0-04-1,考古,考古|修复:青铜饰件,97,0.010309278350515464,0.0,0.043478260869565216,-0.16968514647070532,source_pos,0.8001423901212623,0.9698275365919676,0.7999685186409546
43,rank1,C0-04-2,考古,考古|修复:青铜饰件,97,0.010309278350515464,0.0,0.03125,-0.08620325276999485,source_pos,0.8911184506917682,0.9773217034617631,0.8910572209374368
43,rank1,C0-04-3,考古,考古|修复:青铜饰件,97,0.010309278350515464,0.0,0.0625,-0.07119507604511266,source_pos,0.9021052470076599,0.9733003230527726,0.8987498750452005
43,rank1,C0-05-0,考古,考古|包装:骨骼标本,97,0.010309278350515464,0.0,0.045454545454545456,-0.08282627664220699,source_pos,0.8955785781301937,0.9784048547724007,0.8977687256684749
43,rank1,C0-05-1,考古,考古|包装:骨骼标本,97,0.010309278350515464,0.0,0.038461538461538464,-0.11295414152611793,source_pos,0.8665782151685308,0.9795323566946488,0.8724985807943506
43,rank1,C0-05-2,考古,考古|包装:骨骼标本,97,0.010309278350515464,0.0,0.2,-0.07023625742742212,source_pos,0.9055477105245294,0.9757839679519515,0.8874299841420132
43,rank1,C0-05-3,考古,考古|包装:骨骼标本,97,0.010309278350515464,0.0,0.3333333333333333,-0.03512470253607869,source_pos,0.9361857804371148,0.9713104829731934,0.9370679835690615
43,rank1,C0-06-0,考古,考古|筛分:填土沉积物,97,0.010309278350515464,0.0,0.16666666666666666,-0.06433878082567845,source_pos,0.9141223621641702,0.9784611429898487,0.9047881262815136
43,rank1,C0-06-1,考古,考古|筛分:填土沉积物,97,0.010309278350515464,0.0,0.05263157894736842,-0.08183417272353966,source_pos,0.897664173417313,0.9794983461408526,0.9065125370724334
43,rank1,C0-06-2,考古,考古|筛分:填土沉积物,97,0.010309278350515464,0.0,0.16666666666666666,-0.05765265036243972,source_pos,0.9204040158962243,0.978056666258664,0.9206641066926793
43,rank1,C0-06-3,考古,考古|筛分:填土沉积物,97,0.010309278350515464,0.0,0.125,-0.05627642097502472,source_pos,0.9228583466158397,0.9791347675908644,0.9318316964656377
43,rank1,C0-07-0,考古,考古|拼接:陶片纹样,97,0.010309278350515464,0.0,0.047619047619047616,-0.08134802896157978,source_pos,0.8960929569382924,0.9774409858998722,0.8865574449619815
43,rank1,C0-07-1,考古,考古|拼接:陶片纹样,97,0.010309278350515464,0.0,0.03225806451612903,-0.10166480096031616,source_pos,0.8776918198127325,0.9793566207730486,0.8857419263917479
43,rank1,C0-07-2,考古,考古|拼接:陶片纹样,97,0.010309278350515464,0.0,0.25,-0.05487132599407851,source_pos,0.9152966771358632,0.9701680031299417,0.9105305052967222
43,rank1,C0-07-3,考古,考古|拼接:陶片纹样,97,0.010309278350515464,0.0,0.25,-0.045222143367087075,source_pos,0.9248607647703644,0.9700829081374515,0.9194472841682444
43,rank1,C0-08-0,考古,考古|加固:墓道支撑,97,0.010309278350515464,0.0,0.07142857142857142,-0.06568340516563942,source_pos,0.9084511968995637,0.9741346020652031,0.9068682092082935
43,rank1,C0-08-1,考古,考古|加固:墓道支撑,97,0.010309278350515464,0.0,0.07692307692307693,-0.08651449018694046,source_pos,0.8932378814698684,0.9797523716568088,0.890083101993395
43,rank1,C0-08-2,考古,考古|加固:墓道支撑,97,0.010309278350515464,0.0,0.08333333333333333,-0.0619574602647871,source_pos,0.9109811984245535,0.9729386586893406,0.9206451408457466
43,rank1,C0-08-3,考古,考古|加固:墓道支撑,97,0.010309278350515464,0.0,0.2,-0.0476096869203575,source_pos,0.9241454603634297,0.9717551472837872,0.9112543680128431
43,rank1,C0-09-0,考古,考古|翻译:碑刻文字,97,0.010309278350515464,0.0,0.05263157894736842,-0.08557933259625794,source_pos,0.8938422291662436,0.9794215617625015,0.9005722468476027
43,rank1,C0-09-1,考古,考古|翻译:碑刻文字,97,0.010309278350515464,0.0,0.017543859649122806,-0.14888403609371292,source_pos,0.823972514729739,0.9728565508234519,0.8441631975573862
43,rank1,C0-09-2,考古,考古|翻译:碑刻文字,97,0.010309278350515464,0.0,0.25,-0.05355780246675079,source_pos,0.9199053836312107,0.9734631860979615,0.9178684161280282
43,rank1,C0-09-3,考古,考古|翻译:碑刻文字,97,0.010309278350515464,0.0,0.125,-0.04819280550274996,source_pos,0.9247457827544936,0.9729385882572436,0.9269919867226053
43,rank1,C0-10-0,考古,考古|搭建:遮雨棚架,97,0.010309278350515464,0.0,0.0625,-0.05746735883627441,source_pos,0.9153614718981341,0.9728288307344085,0.9125058739174351
43,rank1,C0-10-1,考古,考古|搭建:遮雨棚架,97,0.010309278350515464,0.0,0.03571428571428571,-0.11870355294022827,source_pos,0.8575529636689727,0.976256516609201,0.8663565808253213
43,rank1,C0-10-2,考古,考古|搭建:遮雨棚架,97,0.010309278350515464,0.0,0.16666666666666666,-0.06962698704565706,source_pos,0.9066435438258411,0.9762705308714982,0.9018125015331487
43,rank1,C0-10-3,考古,考古|搭建:遮雨棚架,97,0.010309278350515464,0.0,0.1,-0.05071152852037519,source_pos,0.9206473543223421,0.9713588828427173,0.9096986220462209
43,rank1,C0-11-0,考古,考古|封存:探方档案,97,0.010309278350515464,0.0,0.058823529411764705,-0.08010526918795458,source_pos,0.8936826813387775,0.9737879505267321,0.8985912329254546
43,rank1,C0-11-1,考古,考古|封存:探方档案,97,0.010309278350515464,0.0,0.015384615384615385,-0.09569760545314288,source_pos,0.8814198815985406,0.9771174870516834,0.9037733011880178
43,rank1,C0-11-2,考古,考古|封存:探方档案,97,0.010309278350515464,0.0,0.09090909090909091,-0.08039058875369387,source_pos,0.8998100538579226,0.9802006426116164,0.9040763843722192
43,rank1,C0-11-3,考古,考古|封存:探方档案,97,0.010309278350515464,0.0,0.14285714285714285,-0.05092954887267942,source_pos,0.9233807542998708,0.9743103031725502,0.9226984837123563
43,rank1,C1-00-0,出版,出版|审定:封面配色,97,0.010309278350515464,0.0,0.02564102564102564,-0.08966519449954136,source_pos,0.887875921500405,0.9775411159999463,0.8893194322917157
43,rank1,C1-00-1,出版,出版|审定:封面配色,97,0.010309278350515464,0.0,0.0196078431372549,-0.10339384491889658,source_pos,0.8692988610846799,0.9726927060035765,0.8770428451670956
43,rank1,C1-00-2,出版,出版|审定:封面配色,97,0.010309278350515464,0.0,0.05263157894736842,-0.08130837495321952,source_pos,0.8957828720215073,0.9770912469747268,0.8952152611962709
43,rank1,C1-00-3,出版,出版|审定:封面配色,97,0.010309278350515464,0.0,0.05555555555555555,-0.0745852630642414,source_pos,0.9020653373341556,0.976650600398397,0.913449533939746
43,rank1,C1-01-0,出版,出版|编排:索引条目,97,0.010309278350515464,0.0,0.038461538461538464,-0.0821411456457326,source_pos,0.8927185518212677,0.9748596974670003,0.8923880114464982
43,rank1,C1-01-1,出版,出版|编排:索引条目,97,0.010309278350515464,0.0,0.05,-0.08374122216851843,source_pos,0.8879993566129929,0.9717405787815113,0.8817974946426632
43,rank1,C1-01-2,出版,出版|编排:索引条目,97,0.010309278350515464,0.0,0.0625,-0.074465633594059,source_pos,0.8995784935081855,0.9740441271022445,0.9075147208030907
43,rank1,C1-01-3,出版,出版|编排:索引条目,97,0.010309278350515464,0.0,0.02702702702702703,-0.10211188536778626,source_pos,0.8705349359440198,0.972646821311806,0.9038204441813644
43,rank1,C1-02-0,出版,出版|录入:版权信息,97,0.010309278350515464,0.0,0.05263157894736842,-0.08496509884084624,source_pos,0.8915624895166642,0.9765275883575104,0.8878196216630024
43,rank1,C1-02-1,出版,出版|录入:版权信息,97,0.010309278350515464,0.0,0.02127659574468085,-0.11211542516299589,source_pos,0.8627090339848358,0.9748244591478317,0.8787901468517816
43,rank1,C1-02-2,出版,出版|录入:版权信息,97,0.010309278350515464,0.0,0.14285714285714285,-0.08195088900045211,source_pos,0.8952864723513889,0.977237361351841,0.8865564695496537
43,rank1,C1-02-3,出版,出版|录入:版权信息,97,0.010309278350515464,0.0,0.05555555555555555,-0.08474451689018703,source_pos,0.8925336838769224,0.9772782007671095,0.9088999254206057
43,rank1,C1-03-0,出版,出版|签署:印刷合同,97,0.010309278350515464,0.0,0.024390243902439025,-0.0990430621367151,source_pos,0.8677448811562456,0.9667879432929607,0.8826643657603512
43,rank1,C1-03-1,出版,出版|签署:印刷合同,97,0.010309278350515464,0.0,0.01639344262295082,-0.09674145245615429,source_pos,0.8682513540628866,0.9649928065190408,0.8970466128828338
43,rank1,C1-03-2,出版,出版|签署:印刷合同,97,0.010309278350515464,0.0,0.09090909090909091,-0.07990722223165059,source_pos,0.8972926059061967,0.9771998281378473,0.9018637561901817
43,rank1,C1-03-3,出版,出版|签署:印刷合同,97,0.010309278350515464,0.0,0.017543859649122806,-0.11127170167157108,source_pos,0.8533199384517284,0.9645916401232995,0.879026524627291
43,rank1,C1-04-0,出版,出版|发送:作者样书,97,0.010309278350515464,0.0,0.043478260869565216,-0.09447828957333715,source_pos,0.8835146185022399,0.977992908075577,0.875522372839252
43,rank1,C1-04-1,出版,出版|发送:作者样书,97,0.010309278350515464,0.0,0.024390243902439025,-0.10797354859685471,source_pos,0.8634076547672094,0.9713812033640641,0.875297566045532
43,rank1,C1-04-2,出版,出版|发送:作者样书,97,0.010309278350515464,0.0,0.125,-0.07898818874750846,source_pos,0.8946207734621953,0.9736089622097037,0.8947910322621644
43,rank1,C1-04-3,出版,出版|发送:作者样书,97,0.010309278350515464,0.0,0.043478260869565216,-0.09805536575992235,source_pos,0.8806604739506758,0.9787158397105982,0.8932009221503363
43,rank1,C1-05-0,出版,出版|绘制:装帧草图,97,0.010309278350515464,0.0,0.1,-0.048094340428643134,source_pos,0.9218877989048722,0.9699821393335153,0.9290183530428862
43,rank1,C1-05-1,出版,出版|绘制:装帧草图,97,0.010309278350515464,0.0,0.09090909090909091,-0.08134386171719621,source_pos,0.8964670343887695,0.9778108961059657,0.895567419915853
43,rank1,C1-05-2,出版,出版|绘制:装帧草图,97,0.010309278350515464,0.0,0.07692307692307693,-0.06405731584678587,source_pos,0.9128962562114753,0.9769535720582612,0.9206309363666699
43,rank1,C1-05-3,出版,出版|绘制:装帧草图,97,0.010309278350515464,0.0,0.07692307692307693,-0.04584605238628214,source_pos,0.9260712307844444,0.9719172831707266,0.9462251826545829
43,rank1,C1-06-0,出版,出版|裁切:校样纸张,97,0.010309278350515464,0.0,0.02857142857142857,-0.10390535767190956,source_pos,0.871335695254992,0.9752410529269016,0.8708385336212816
43,rank1,C1-06-1,出版,出版|裁切:校样纸张,97,0.010309278350515464,0.0,0.024390243902439025,-0.10381431836493127,source_pos,0.8671977460312215,0.9710120643961527,0.8795843455478812
43,rank1,C1-06-2,出版,出版|裁切:校样纸张,97,0.010309278350515464,0.0,0.2,-0.06848004891581638,source_pos,0.910606615712318,0.9790866646281344,0.8985775140342913
43,rank1,C1-06-3,出版,出版|裁切:校样纸张,97,0.010309278350515464,0.0,0.03225806451612903,-0.09991190694240881,source_pos,0.8724572292344646,0.9723691361768734,0.8914359236938378
43,rank1,C1-07-0,出版,出版|核算:印制成本,97,0.010309278350515464,0.0,0.02631578947368421,-0.12037463586835884,source_pos,0.8576412950831328,0.9780159309514916,0.8498615484994517
43,rank1,C1-07-1,出版,出版|核算:印制成本,97,0.010309278350515464,0.0,0.03333333333333333,-0.10988317936580305,source_pos,0.8694751978917397,0.9793583772575427,0.8709844164510971
43,rank1,C1-07-2,出版,出版|核算:印制成本,97,0.010309278350515464,0.0,0.16666666666666666,-0.0752156740456269,source_pos,0.9023084860535968,0.9775241600992237,0.903435202999042
43,rank1,C1-07-3,出版,出版|核算:印制成本,97,0.010309278350515464,0.0,0.1111111111111111,-0.07125205347393815,source_pos,0.9067604713728759,0.978012524846814,0.9177574378565782
43,rank1,C1-08-0,出版,出版|装订:试印样本,97,0.010309278350515464,0.0,0.058823529411764705,-0.08625267735453979,source_pos,0.8931375764164071,0.9793902537709469,0.897402378717997
43,rank1,C1-08-1,出版,出版|装订:试印样本,97,0.010309278350515464,0.0,0.045454545454545456,-0.12354665310931656,source_pos,0.8548847859994075,0.9784314391087241,0.8673751828706798
43,rank1,C1-08-2,出版,出版|装订:试印样本,97,0.010309278350515464,0.0,0.16666666666666666,-0.06966484405634232,source_pos,0.9108533596946247,0.980518203750967,0.9109920673509336
43,rank1,C1-08-3,出版,出版|装订:试印样本,97,0.010309278350515464,0.0,0.029411764705882353,-0.08529271483696477,source_pos,0.8940600215460311,0.9793527363829959,0.924851241922637
43,rank1,C1-09-0,出版,出版|编写:发行通知,97,0.010309278350515464,0.0,0.03125,-0.08686705287304686,source_pos,0.8777196183658635,0.9645866712389104,0.8762056223901991
43,rank1,C1-09-1,出版,出版|编写:发行通知,97,0.010309278350515464,0.0,0.024390243902439025,-0.08588992165810416,source_pos,0.87913553199124,0.9650254536493441,0.8982469227409521
43,rank1,C1-09-2,出版,出版|编写:发行通知,97,0.010309278350515464,0.0,0.1,-0.07259947699018421,source_pos,0.9020460344433562,0.9746455114335404,0.8947552950030424
43,rank1,C1-09-3,出版,出版|编写:发行通知,97,0.010309278350515464,0.0,0.034482758620689655,-0.09356866918549955,source_pos,0.8781984816625483,0.9717671508480479,0.9014773836297465
43,rank1,C1-10-0,出版,出版|收录:勘误条目,97,0.010309278350515464,0.0,0.2,-0.06525197147154294,source_pos,0.9118195150749124,0.9770714865464554,0.9055857995901185
43,rank1,C1-10-1,出版,出版|收录:勘误条目,97,0.010309278350515464,0.0,0.022222222222222223,-0.10827476427067184,source_pos,0.8639021553448138,0.9721769196154857,0.8754140687919937
43,rank1,C1-10-2,出版,出版|收录:勘误条目,97,0.010309278350515464,0.0,0.14285714285714285,-0.06671978164786962,source_pos,0.9102493489777567,0.9769691306256263,0.917260131202543
43,rank1,C1-10-3,出版,出版|收录:勘误条目,97,0.010309278350515464,0.0,0.1,-0.06077605492236904,source_pos,0.9180440175102292,0.9788200724325983,0.9349042518707347
43,rank1,C1-11-0,出版,出版|登记:稿酬金额,97,0.010309278350515464,0.0,0.02,-0.11839125663718097,source_pos,0.8624916189316164,0.9808828755687974,0.8935480483622115
43,rank1,C1-11-1,出版,出版|登记:稿酬金额,97,0.010309278350515464,0.0,0.017857142857142856,-0.13032229392969186,source_pos,0.8438327811561636,0.9741550750858554,0.8718269187975412
43,rank1,C1-11-2,出版,出版|登记:稿酬金额,97,0.010309278350515464,0.0,0.05,-0.1010617394900678,source_pos,0.8803219503515585,0.9813836898416263,0.899117853890929
43,rank1,C1-11-3,出版,出版|登记:稿酬金额,97,0.010309278350515464,0.0,0.015384615384615385,-0.12440741496099639,source_pos,0.8487645387106875,0.9731719536716839,0.8835046293419081
43,lowrank,C0-00-0,考古,考古|测量:墓室尺寸,97,0.010309278350515464,0.0,0.3333333333333333,-0.012933180048192883,other_pos,0.8633468759756213,0.8762800560238142,0.8628565131223938
43,lowrank,C0-00-1,考古,考古|测量:墓室尺寸,97,0.010309278350515464,0.0,0.5,-0.01552909332380159,source_pos,0.8904754146315184,0.90600450795532,0.8895491205130779
43,lowrank,C0-00-2,考古,考古|测量:墓室尺寸,97,0.010309278350515464,0.0,0.2,-0.035498082163628264,source_pos,0.8633099404582749,0.8988080226219032,0.8685932657293556
43,lowrank,C0-00-3,考古,考古|测量:墓室尺寸,97,0.010309278350515464,0.0,0.125,-0.009560287701575465,other_pos,0.8648676600394467,0.8744279477410222,0.8726527013764414
43,lowrank,C0-01-0,考古,考古|描绘:壁画轮廓,97,0.010309278350515464,0.0,0.25,-0.00035757383366519235,other_neg,0.9062759712053559,0.906633545039021,0.9112794371965518
43,lowrank,C0-01-1,考古,考古|描绘:壁画轮廓,97,0.010309278350515464,0.0,0.5,-0.0076014817199893114,source_pos,0.9083496165678261,0.9159510982878154,0.9032315527231283
43,lowrank,C0-01-2,考古,考古|描绘:壁画轮廓,97,0.010309278350515464,0.0,0.2,-0.028613843411193107,source_pos,0.9076002949594015,0.9362141383705946,0.914533555346707
43,lowrank,C0-01-3,考古,考古|描绘:壁画轮廓,97,0.010309278350515464,0.0,0.16666666666666666,-0.007800683225912541,other_neg,0.9054271104091165,0.913227793635029,0.9228491033487354
43,lowrank,C0-02-0,考古,考古|登记:石器重量,97,0.010309278350515464,0.0,0.25,-0.04496002590618853,source_pos,0.8940047588315262,0.9389647847377147,0.8919563757098032
43,lowrank,C0-02-1,考古,考古|登记:石器重量,97,0.010309278350515464,0.0,0.07142857142857142,-0.033366553566190005,source_pos,0.8892245848886402,0.9225911384548302,0.900045037367848
43,lowrank,C0-02-2,考古,考古|登记:石器重量,97,0.010309278350515464,0.0,0.25,-0.05857832124331619,source_pos,0.8853962257269501,0.9439745469702663,0.8779708601009315
43,lowrank,C0-02-3,考古,考古|登记:石器重量,97,0.010309278350515464,0.0,0.5,-0.020182449528984736,source_pos,0.9285900090871759,0.9487724586161607,0.9236737983999925
43,lowrank,C0-03-0,考古,考古|拍摄:遗迹剖面,97,0.010309278350515464,1.0,1.0,0.010461683228021879,correct_neg,0.9250279032956823,0.9145662200676604,0.9224457889497286
43,lowrank,C0-03-1,考古,考古|拍摄:遗迹剖面,97,0.010309278350515464,0.0,0.25,-0.0017157437665868969,source_pos,0.9134608177281622,0.9151765614947491,0.9148799289376088
43,lowrank,C0-03-2,考古,考古|拍摄:遗迹剖面,97,0.010309278350515464,1.0,1.0,0.005824704628070387,correct_neg,0.9288788621864035,0.9230541575583331,0.9221647330335427
43,lowrank,C0-03-3,考古,考古|拍摄:遗迹剖面,97,0.010309278350515464,0.0,0.5,0.01196707837174138,other_neg,0.9320064703136401,0.9200393919418988,0.9380895226763162
43,lowrank,C0-04-0,考古,考古|修复:青铜饰件,97,0.010309278350515464,0.0,0.05555555555555555,-0.07774515446486097,source_pos,0.8231613223876688,0.9009064768525298,0.8234099706554492
43,lowrank,C0-04-1,考古,考古|修复:青铜饰件,97,0.010309278350515464,0.0,0.05555555555555555,-0.08424672500099017,source_pos,0.8284569732212188,0.912703698222209,0.8319795757201852
43,lowrank,C0-04-2,考古,考古|修复:青铜饰件,97,0.010309278350515464,0.0,0.14285714285714285,-0.03416817076802725,source_pos,0.8712734526001782,0.9054416233682054,0.867769969598678
43,lowrank,C0-04-3,考古,考古|修复:青铜饰件,97,0.010309278350515464,0.0,0.043478260869565216,-0.028515457172128778,other_pos,0.8548285008849332,0.883343958057062,0.8672269981605809
43,lowrank,C0-05-0,考古,考古|包装:骨骼标本,97,0.010309278350515464,0.0,0.14285714285714285,-0.036674459668485926,source_pos,0.8853917635161628,0.9220662231846487,0.8880352632429634
43,lowrank,C0-05-1,考古,考古|包装:骨骼标本,97,0.010309278350515464,0.0,0.1111111111111111,-0.06387375883986879,source_pos,0.8639427593681133,0.927816518207982,0.866306590716388
43,lowrank,C0-05-2,考古,考古|包装:骨骼标本,97,0.010309278350515464,0.0,0.3333333333333333,-0.05409091410482536,source_pos,0.8860620401852402,0.9401529542900655,0.865866216959562
43,lowrank,C0-05-3,考古,考古|包装:骨骼标本,97,0.010309278350515464,0.0,0.3333333333333333,-0.006089664283152163,other_neg,0.9107365527966902,0.9168262170798424,0.9185517068845253
43,lowrank,C0-06-0,考古,考古|筛分:填土沉积物,97,0.010309278350515464,0.0,0.3333333333333333,-0.01522401907703308,source_pos,0.9080620272757732,0.9232860463528063,0.9050104224282494
43,lowrank,C0-06-1,考古,考古|筛分:填土沉积物,97,0.010309278350515464,0.0,0.3333333333333333,-0.022866438407983525,source_pos,0.9074837780050278,0.9303502164130113,0.9077712351628324
43,lowrank,C0-06-2,考古,考古|筛分:填土沉积物,97,0.010309278350515464,0.0,0.16666666666666666,-0.01838094288172043,source_pos,0.9154022763479979,0.9337832192297183,0.9194498201139365
43,lowrank,C0-06-3,考古,考古|筛分:填土沉积物,97,0.010309278350515464,0.0,0.2,-0.018543971798310688,source_pos,0.9176224356909619,0.9361664074892726,0.926839573833546
43,lowrank,C0-07-0,考古,考古|拼接:陶片纹样,97,0.010309278350515464,0.0,0.3333333333333333,-0.01440919388832651,source_pos,0.8944910372093942,0.9089002310977207,0.8883954597408309
43,lowrank,C0-07-1,考古,考古|拼接:陶片纹样,97,0.010309278350515464,0.0,0.3333333333333333,-0.021635159220710354,source_pos,0.8911700662815317,0.9128052255022421,0.8938594544163374
43,lowrank,C0-07-2,考古,考古|拼接:陶片纹样,97,0.010309278350515464,0.0,0.5,-0.00817493791063073,source_pos,0.8942060312180257,0.9023809691286564,0.8920388465383389
43,lowrank,C0-07-3,考古,考古|拼接:陶片纹样,97,0.010309278350515464,0.0,0.25,0.002866562802866457,other_neg,0.8886613433008818,0.8857947804980153,0.8933305175662105
43,lowrank,C0-08-0,考古,考古|加固:墓道支撑,97,0.010309278350515464,0.0,0.3333333333333333,-0.010618262629042086,other_pos,0.8947981070508864,0.9054163696799284,0.893025909176595
43,lowrank,C0-08-1,考古,考古|加固:墓道支撑,97,0.010309278350515464,0.0,0.5,-0.043219407705404,source_pos,0.8759754902598438,0.9191948979652478,0.873702168229383
43,lowrank,C0-08-2,考古,考古|加固:墓道支撑,97,0.010309278350515464,0.0,0.2,-0.00039451052296923805,other_pos,0.8988529092025468,0.899247419725516,0.9005235188357257
43,lowrank,C0-08-3,考古,考古|加固:墓道支撑,97,0.010309278350515464,0.0,0.5,-0.000808599293980472,source_pos,0.9024481058705484,0.9032567051645288,0.8987477459122601
43,lowrank,C0-09-0,考古,考古|翻译:碑刻文字,97,0.010309278350515464,0.0,0.5,-0.02637669807316445,source_pos,0.8767643104168062,0.9031410084899707,0.8721115677030152
43,lowrank,C0-09-1,考古,考古|翻译:碑刻文字,97,0.010309278350515464,0.0,0.07692307692307693,-0.05481749614802378,source_pos,0.8535870120779632,0.908404508225987,0.8625607797179614
43,lowrank,C0-09-2,考古,考古|翻译:碑刻文字,97,0.010309278350515464,1.0,1.0,0.004411404588719137,correct_neg,0.8844218661188308,0.8800104615301116,0.8792020532000132
43,lowrank,C0-09-3,考古,考古|翻译:碑刻文字,97,0.010309278350515464,0.0,0.08333333333333333,-0.006391203032365844,other_neg,0.8840955233509888,0.8904867263833547,0.8958477617026392
43,lowrank,C0-10-0,考古,考古|搭建:遮雨棚架,97,0.010309278350515464,0.0,0.25,-0.010990703798882895,other_pos,0.8917521368198115,0.9027428406186944,0.8908439217824308
43,lowrank,C0-10-1,考古,考古|搭建:遮雨棚架,97,0.010309278350515464,0.0,0.06666666666666667,-0.09058552083075821,source_pos,0.8615310928055427,0.952116613636301,0.8668817446603547
43,lowrank,C0-10-2,考古,考古|搭建:遮雨棚架,97,0.010309278350515464,0.0,0.2,-0.04505130192492657,source_pos,0.8779129871584223,0.9229642890833488,0.870587865644719
43,lowrank,C0-10-3,考古,考古|搭建:遮雨棚架,97,0.010309278350515464,0.0,0.2,0.004817465469021176,other_pos,0.899741554946327,0.8949240894773058,0.9059113230513677
43,lowrank,C0-11-0,考古,考古|封存:探方档案,97,0.010309278350515464,0.0,0.5,0.0029617334910001514,other_pos,0.8959260462791123,0.8929643127881122,0.8879495414349934
43,lowrank,C0-11-1,考古,考古|封存:探方档案,97,0.010309278350515464,0.0,0.1,-0.03134779865501813,source_pos,0.8882745077443286,0.9196223063993467,0.9001208384181814
43,lowrank,C0-11-2,考古,考古|封存:探方档案,97,0.010309278350515464,0.0,0.3333333333333333,-0.031002579288125,source_pos,0.9058211558745439,0.9368237351626689,0.9040659823122593
43,lowrank,C0-11-3,考古,考古|封存:探方档案,97,0.010309278350515464,0.0,0.5,-0.005524087485263451,source_pos,0.9176633681461879,0.9231874556314513,0.9133788737726497
43,lowrank,C1-00-0,出版,出版|审定:封面配色,97,0.010309278350515464,0.0,0.03333333333333333,-0.05904787576403514,source_pos,0.8895497306833493,0.9485976064473844,0.9008780771785538
43,lowrank,C1-00-1,出版,出版|审定:封面配色,97,0.010309278350515464,0.0,0.02127659574468085,-0.053867139275523224,source_pos,0.8826993016045561,0.9365664408800793,0.9002267055184696
43,lowrank,C1-00-2,出版,出版|审定:封面配色,97,0.010309278350515464,0.0,0.047619047619047616,-0.05433454788819647,source_pos,0.8905836722534235,0.94491822014162,0.9052651525902359
43,lowrank,C1-00-3,出版,出版|审定:封面配色,97,0.010309278350515464,0.0,0.045454545454545456,-0.0531970931206438,source_pos,0.8987713489077929,0.9519684420284367,0.9151157130927579
43,lowrank,C1-01-0,出版,出版|编排:索引条目,97,0.010309278350515464,0.0,0.037037037037037035,-0.08092816548395709,source_pos,0.8851081760468619,0.966036341530819,0.8872062059478503
43,lowrank,C1-01-1,出版,出版|编排:索引条目,97,0.010309278350515464,0.0,0.16666666666666666,-0.039063204191455814,source_pos,0.8996931639236352,0.938756368115091,0.889191138177146
43,lowrank,C1-01-2,出版,出版|编排:索引条目,97,0.010309278350515464,0.0,0.08333333333333333,-0.06665540621973542,source_pos,0.8964026842670286,0.963058090486764,0.9062028071260853
43,lowrank,C1-01-3,出版,出版|编排:索引条目,97,0.010309278350515464,0.0,0.02702702702702703,-0.10069447211017812,source_pos,0.8650909350945446,0.9657854072047227,0.9016190486712341
43,lowrank,C1-02-0,出版,出版|录入:版权信息,97,0.010309278350515464,0.0,0.06666666666666667,-0.0693735951895027,source_pos,0.8965542569218514,0.9659278521113541,0.89416188462009
43,lowrank,C1-02-1,出版,出版|录入:版权信息,97,0.010309278350515464,0.0,0.029411764705882353,-0.07820818635915383,source_pos,0.8819057195819866,0.9601139059411404,0.8920878471261036
43,lowrank,C1-02-2,出版,出版|录入:版权信息,97,0.010309278350515464,0.0,0.125,-0.06523447230901347,source_pos,0.8967056786598143,0.9619401509688278,0.885936874953245
43,lowrank,C1-02-3,出版,出版|录入:版权信息,97,0.010309278350515464,0.0,0.1111111111111111,-0.06750728407829931,source_pos,0.9032590579020283,0.9707663419803276,0.9113828372736126
43,lowrank,C1-03-0,出版,出版|签署:印刷合同,97,0.010309278350515464,0.0,0.029411764705882353,-0.07080945582076681,source_pos,0.8823439459590198,0.9531534017797866,0.8972740765893003
43,lowrank,C1-03-1,出版,出版|签署:印刷合同,97,0.010309278350515464,0.0,0.041666666666666664,-0.028037891166366458,source_pos,0.9026449010546973,0.9306827922210638,0.9192904867705746
43,lowrank,C1-03-2,出版,出版|签署:印刷合同,97,0.010309278350515464,0.0,0.14285714285714285,-0.06255916291688879,source_pos,0.9031771290134877,0.9657362919303765,0.9067521884299976
43,lowrank,C1-03-3,出版,出版|签署:印刷合同,97,0.010309278350515464,0.0,0.022727272727272728,-0.07970905319925015,other_pos,0.8730055989181127,0.9527146521173628,0.8922375984783916
43,lowrank,C1-04-0,出版,出版|发送:作者样书,97,0.010309278350515464,0.0,0.05,-0.0770311251452852,source_pos,0.891269654184531,0.9683007793298162,0.8841499726006812
43,lowrank,C1-04-1,出版,出版|发送:作者样书,97,0.010309278350515464,0.0,0.038461538461538464,-0.05449888020261362,source_pos,0.8901807833957702,0.9446796635983838,0.9023706614524221
43,lowrank,C1-04-2,出版,出版|发送:作者样书,97,0.010309278350515464,0.0,0.2,-0.04478109217791981,source_pos,0.9076037364031214,0.9523848285810412,0.9068647544955952
43,lowrank,C1-04-3,出版,出版|发送:作者样书,97,0.010309278350515464,0.0,0.07692307692307693,-0.07237036695870469,source_pos,0.8968912645806871,0.9692616315393918,0.905250079135549
43,lowrank,C1-05-0,出版,出版|绘制:装帧草图,97,0.010309278350515464,0.0,0.1111111111111111,-0.01055484573728438,other_pos,0.8959034198996345,0.9064582656369189,0.8997306279838851
43,lowrank,C1-05-1,出版,出版|绘制:装帧草图,97,0.010309278350515464,0.0,0.3333333333333333,-0.03473057560024051,source_pos,0.8962574895556312,0.9309880651558717,0.8966388478657628
43,lowrank,C1-05-2,出版,出版|绘制:装帧草图,97,0.010309278350515464,0.0,0.07692307692307693,-0.04648581229944948,source_pos,0.8952959863753217,0.9417817986747712,0.9120226872592934
43,lowrank,C1-05-3,出版,出版|绘制:装帧草图,97,0.010309278350515464,0.0,0.02631578947368421,-0.020081989172535897,other_neg,0.8915438612090487,0.9116258503815846,0.9178634609600906
43,lowrank,C1-06-0,出版,出版|裁切:校样纸张,97,0.010309278350515464,0.0,0.041666666666666664,-0.07653867769436906,source_pos,0.8773974715147044,0.9539361492090734,0.8764460770755711
43,lowrank,C1-06-1,出版,出版|裁切:校样纸张,97,0.010309278350515464,0.0,0.2,-0.01811667680422424,source_pos,0.8985346391471719,0.9166513159513962,0.9061455677833018
43,lowrank,C1-06-2,出版,出版|裁切:校样纸张,97,0.010309278350515464,0.0,0.5,-0.02733317505238808,source_pos,0.9245083639905919,0.95184153904298,0.9091731675081849
43,lowrank,C1-06-3,出版,出版|裁切:校样纸张,97,0.010309278350515464,0.0,0.125,-0.053476454570148935,source_pos,0.8984071654533208,0.9518836200234697,0.9099789834372577
43,lowrank,C1-07-0,出版,出版|核算:印制成本,97,0.010309278350515464,0.0,0.023255813953488372,-0.11603841625470113,source_pos,0.8335682400456812,0.9496066563003823,0.8317312182782992
43,lowrank,C1-07-1,出版,出版|核算:印制成本,97,0.010309278350515464,0.0,0.05,-0.0877846545123242,source_pos,0.8647979978077337,0.9525826523200579,0.8655780292044932
43,lowrank,C1-07-2,出版,出版|核算:印制成本,97,0.010309278350515464,0.0,0.16666666666666666,-0.056988937592541644,source_pos,0.8837393942203629,0.9407283318129045,0.8819008535096451
43,lowrank,C1-07-3,出版,出版|核算:印制成本,97,0.010309278350515464,0.0,0.08333333333333333,-0.06688263504638281,source_pos,0.8822861330300329,0.9491687680764157,0.896103708316589
43,lowrank,C1-08-0,出版,出版|装订:试印样本,97,0.010309278350515464,0.0,0.25,-0.01998065349507383,source_pos,0.9038477864026833,0.9238284398977571,0.9027941988834035
43,lowrank,C1-08-1,出版,出版|装订:试印样本,97,0.010309278350515464,0.0,0.25,-0.010942061713346107,source_pos,0.8904175196024752,0.9013595813158213,0.8940355387193545
43,lowrank,C1-08-2,出版,出版|装订:试印样本,97,0.010309278350515464,0.0,0.5,-0.013866192261035137,source_pos,0.9145319455100387,0.9283981377710738,0.9073952157523021
43,lowrank,C1-08-3,出版,出版|装订:试印样本,97,0.010309278350515464,0.0,0.05,-0.03308121527153618,source_pos,0.9032755454471921,0.9363567607187283,0.9211333040800834
43,lowrank,C1-09-0,出版,出版|编写:发行通知,97,0.010309278350515464,0.0,0.058823529411764705,-0.04820096937364826,other_pos,0.8987918825169875,0.9469928518906358,0.8976394232309179
43,lowrank,C1-09-1,出版,出版|编写:发行通知,97,0.010309278350515464,0.0,0.1111111111111111,-0.019197792667207447,source_pos,0.9088477638991181,0.9280455565663256,0.9178056798354518
43,lowrank,C1-09-2,出版,出版|编写:发行通知,97,0.010309278350515464,0.0,0.2,-0.0426393329031034,source_pos,0.9130727849141613,0.9557121178172647,0.9047259806098524
43,lowrank,C1-09-3,出版,出版|编写:发行通知,97,0.010309278350515464,0.0,0.047619047619047616,-0.06670636890659298,source_pos,0.894185130100893,0.9608914990074859,0.9140895431822516
43,lowrank,C1-10-0,出版,出版|收录:勘误条目,97,0.010309278350515464,0.0,0.25,-0.028882450094697365,source_pos,0.9272590579134632,0.9561415080081606,0.9146220099178013
43,lowrank,C1-10-1,出版,出版|收录:勘误条目,97,0.010309278350515464,0.0,0.1111111111111111,-0.05169258949119815,source_pos,0.889311901264974,0.9410044907561721,0.8962730680442621
43,lowrank,C1-10-2,出版,出版|收录:勘误条目,97,0.010309278350515464,0.0,0.3333333333333333,-0.026996160570979533,source_pos,0.925802420594704,0.9527985811656835,0.9252841750329416
43,lowrank,C1-10-3,出版,出版|收录:勘误条目,97,0.010309278350515464,0.0,0.125,-0.03360163076722211,source_pos,0.9265539936160371,0.9601556243832592,0.9435973556857852
43,lowrank,C1-11-0,出版,出版|登记:稿酬金额,97,0.010309278350515464,0.0,0.041666666666666664,-0.08178429592420178,source_pos,0.8827895052248037,0.9645738011490055,0.8966338241541141
43,lowrank,C1-11-1,出版,出版|登记:稿酬金额,97,0.010309278350515464,0.0,0.05,-0.061241599743817265,source_pos,0.8787593684605939,0.9400009682044111,0.8926178590286762
43,lowrank,C1-11-2,出版,出版|登记:稿酬金额,97,0.010309278350515464,0.0,0.1111111111111111,-0.07652666306305766,source_pos,0.8929384772466431,0.9694651403097008,0.8978094349865331
43,lowrank,C1-11-3,出版,出版|登记:稿酬金额,97,0.010309278350515464,0.0,0.04,-0.07024582014450875,other_pos,0.8821475222941701,0.9523933424386789,0.898025546811567
43,full_delta,C0-00-0,考古,考古|测量:墓室尺寸,97,0.010309278350515464,0.0,0.3333333333333333,-0.008712982655331492,other_pos,0.858122658024863,0.8668356406801945,0.8570126518207009
43,full_delta,C0-00-1,考古,考古|测量:墓室尺寸,97,0.010309278350515464,0.0,0.5,-0.01564879009001474,source_pos,0.8833616665938292,0.8990104566838439,0.8829024043469117
43,full_delta,C0-00-2,考古,考古|测量:墓室尺寸,97,0.010309278350515464,0.0,0.16666666666666666,-0.03246961951674898,source_pos,0.8596053730888141,0.8920749926055631,0.8642426168935041
43,full_delta,C0-00-3,考古,考古|测量:墓室尺寸,97,0.010309278350515464,0.0,0.125,-0.004915021227042904,other_pos,0.8611921897674139,0.8661072109944568,0.8675116848843566
43,full_delta,C0-01-0,考古,考古|描绘:壁画轮廓,97,0.010309278350515464,0.0,0.3333333333333333,0.002584752957006886,other_neg,0.9016875395202586,0.8991027865632517,0.9061538336742808
43,full_delta,C0-01-1,考古,考古|描绘:壁画轮廓,97,0.010309278350515464,0.0,0.5,-0.007302356856168424,source_pos,0.9015792466171154,0.9088816034732838,0.8969630151125568
43,full_delta,C0-01-2,考古,考古|描绘:壁画轮廓,97,0.010309278350515464,0.0,0.25,-0.02765634249458071,source_pos,0.9025690456285999,0.9302253881231806,0.9097853966404094
43,full_delta,C0-01-3,考古,考古|描绘:壁画轮廓,97,0.010309278350515464,0.0,0.14285714285714285,-0.008214678150439303,other_neg,0.8988560528340748,0.9070707309845141,0.9178757484481249
43,full_delta,C0-02-0,考古,考古|登记:石器重量,97,0.010309278350515464,0.0,0.25,-0.04403888779404819,source_pos,0.8909383250782503,0.9349772128722985,0.8891354361960371
43,full_delta,C0-02-1,考古,考古|登记:石器重量,97,0.010309278350515464,0.0,0.058823529411764705,-0.03299712705954161,source_pos,0.886486192919305,0.9194833199788466,0.8970946186838711
43,full_delta,C0-02-2,考古,考古|登记:石器重量,97,0.010309278350515464,0.0,0.25,-0.05669995173539788,source_pos,0.883493317057195,0.9401932687925929,0.8770049283001691
43,full_delta,C0-02-3,考古,考古|登记:石器重量,97,0.010309278350515464,0.0,0.5,-0.020103566515780602,source_pos,0.9251602405773727,0.9452638070931533,0.9197387137931767
43,full_delta,C0-03-0,考古,考古|拍摄:遗迹剖面,97,0.010309278350515464,1.0,1.0,0.011948988997827481,correct_neg,0.9207634281229784,0.9088144391251509,0.9188961700806146
43,full_delta,C0-03-1,考古,考古|拍摄:遗迹剖面,97,0.010309278350515464,0.0,0.25,-0.0010868988222874076,other_neg,0.9080599863125904,0.9091468851348778,0.9095215033740933
43,full_delta,C0-03-2,考古,考古|拍摄:遗迹剖面,97,0.010309278350515464,1.0,1.0,0.0072397822135525924,correct_neg,0.925638267078809,0.9183984848652564,0.9190160123347952
43,full_delta,C0-03-3,考古,考古|拍摄:遗迹剖面,97,0.010309278350515464,0.0,0.5,0.012800784672628351,other_neg,0.9278968857143806,0.9150961010417522,0.9345104354563415
43,full_delta,C0-04-0,考古,考古|修复:青铜饰件,97,0.010309278350515464,0.0,0.05555555555555555,-0.07584503269148057,source_pos,0.8197028031230271,0.8955478358145077,0.8209493585791545
43,full_delta,C0-04-1,考古,考古|修复:青铜饰件,97,0.010309278350515464,0.0,0.058823529411764705,-0.07939116642171751,source_pos,0.8295839780474044,0.9089751444691219,0.8332877100226029
43,full_delta,C0-04-2,考古,考古|修复:青铜饰件,97,0.010309278350515464,0.0,0.14285714285714285,-0.032814924379131805,source_pos,0.8676971028204248,0.9005120271995566,0.8644584373485027
43,full_delta,C0-04-3,考古,考古|修复:青铜饰件,97,0.010309278350515464,0.0,0.038461538461538464,-0.02716496101064514,other_pos,0.8497117140057305,0.8768766750163757,0.8628359207862757
43,full_delta,C0-05-0,考古,考古|包装:骨骼标本,97,0.010309278350515464,0.0,0.14285714285714285,-0.03554335688442034,source_pos,0.8836342960348691,0.9191776529192894,0.8861301425366651
43,full_delta,C0-05-1,考古,考古|包装:骨骼标本,97,0.010309278350515464,0.0,0.1,-0.0640936094867205,source_pos,0.8603106564629008,0.9244042659496213,0.8639020414981525
43,full_delta,C0-05-2,考古,考古|包装:骨骼标本,97,0.010309278350515464,0.0,0.3333333333333333,-0.05321291977270337,source_pos,0.8844597955254665,0.9376727152981699,0.8651113672523109
43,full_delta,C0-05-3,考古,考古|包装:骨骼标本,97,0.010309278350515464,0.0,0.3333333333333333,-0.004983690218449355,other_neg,0.9090261435007677,0.9140098337192171,0.9176408647576625
43,full_delta,C0-06-0,考古,考古|筛分:填土沉积物,97,0.010309278350515464,0.0,0.3333333333333333,-0.012466389012027679,source_pos,0.9045963006245454,0.9170626896365731,0.9005748633587701
43,full_delta,C0-06-1,考古,考古|筛分:填土沉积物,97,0.010309278350515464,0.0,0.3333333333333333,-0.021024890904268623,source_pos,0.9034501170881611,0.9244750079924298,0.9042836798602363
43,full_delta,C0-06-2,考古,考古|筛分:填土沉积物,97,0.010309278350515464,0.0,0.16666666666666666,-0.01769257997740792,source_pos,0.9117577363728622,0.9294503163502701,0.9157738871845006
43,full_delta,C0-06-3,考古,考古|筛分:填土沉积物,97,0.010309278350515464,0.0,0.16666666666666666,-0.01787917332049893,source_pos,0.9133099862987887,0.9311891596192876,0.923445084789152
43,full_delta,C0-07-0,考古,考古|拼接:陶片纹样,97,0.010309278350515464,0.0,0.3333333333333333,-0.01265633571861946,source_pos,0.8904549302079519,0.9031112659265713,0.8837624147165145
43,full_delta,C0-07-1,考古,考古|拼接:陶片纹样,97,0.010309278350515464,0.0,0.3333333333333333,-0.021991919694390738,source_pos,0.8859970613536715,0.9079889810480622,0.8893361654117805
43,full_delta,C0-07-2,考古,考古|拼接:陶片纹样,97,0.010309278350515464,0.0,0.5,-0.0042897333501698,source_pos,0.8914248523602905,0.8957145857104603,0.8878376727363416
43,full_delta,C0-07-3,考古,考古|拼接:陶片纹样,97,0.010309278350515464,0.0,0.3333333333333333,0.00623821766648236,other_neg,0.8853253472611464,0.8790871295946641,0.8906628242600645
43,full_delta,C0-08-0,考古,考古|加固:墓道支撑,97,0.010309278350515464,0.0,0.3333333333333333,-0.008611590027603144,other_pos,0.8897548563719222,0.8983664463995253,0.8874585252093596
43,full_delta,C0-08-1,考古,考古|加固:墓道支撑,97,0.010309278350515464,0.0,0.5,-0.042575846393189454,source_pos,0.8698361754151632,0.9124120218083527,0.8684385307123703
43,full_delta,C0-08-2,考古,考古|加固:墓道支撑,97,0.010309278350515464,0.0,0.25,0.0014179892004297923,other_pos,0.8941853440508689,0.8927673548504391,0.8953170117583457
43,full_delta,C0-08-3,考古,考古|加固:墓道支撑,97,0.010309278350515464,1.0,1.0,0.0014081303799249323,correct_neg,0.8973191863030607,0.8959110559231358,0.8928182165833796
43,full_delta,C0-09-0,考古,考古|翻译:碑刻文字,97,0.010309278350515464,0.0,0.5,-0.02232806325181691,source_pos,0.8728282470716475,0.8951563103234644,0.8693882064099044
43,full_delta,C0-09-1,考古,考古|翻译:碑刻文字,97,0.010309278350515464,0.0,0.07692307692307693,-0.05209203313270394,source_pos,0.8516355612192164,0.9037275943519203,0.8604078849941638
43,full_delta,C0-09-2,考古,考古|翻译:碑刻文字,97,0.010309278350515464,1.0,1.0,0.007472482525109125,correct_neg,0.8786676274551053,0.8711951449299962,0.8727134609774763
43,full_delta,C0-09-3,考古,考古|翻译:碑刻文字,97,0.010309278350515464,0.0,0.08333333333333333,-0.004305324633471441,other_neg,0.8774559763819347,0.8817613010154062,0.8898817680414506
43,full_delta,C0-10-0,考古,考古|搭建:遮雨棚架,97,0.010309278350515464,0.0,0.25,-0.008522064897367176,other_pos,0.8896528718014781,0.8981749366988453,0.888941495383001
43,full_delta,C0-10-1,考古,考古|搭建:遮雨棚架,97,0.010309278350515464,0.0,0.06666666666666667,-0.09090448237205095,source_pos,0.8583134824194082,0.9492179647914591,0.8641140970906696
43,full_delta,C0-10-2,考古,考古|搭建:遮雨棚架,97,0.010309278350515464,0.0,0.2,-0.042392819047715635,source_pos,0.8761205137573985,0.9185133328051142,0.8688606640821843
43,full_delta,C0-10-3,考古,考古|搭建:遮雨棚架,97,0.010309278350515464,0.0,0.2,0.008832080137052944,other_pos,0.8982858129238536,0.8894537327868006,0.9057441751750219
43,full_delta,C0-11-0,考古,考古|封存:探方档案,97,0.010309278350515464,0.0,0.5,0.007353551647051315,other_pos,0.8942057145580901,0.8868521629110387,0.8873616392983015
43,full_delta,C0-11-1,考古,考古|封存:探方档案,97,0.010309278350515464,0.0,0.1111111111111111,-0.02891999564858927,source_pos,0.8855024152717409,0.9144224109203302,0.8978033494529907
43,full_delta,C0-11-2,考古,考古|封存:探方档案,97,0.010309278350515464,0.0,0.5,-0.027500047976107167,source_pos,0.904746235813596,0.9322462837897032,0.9021260876209434
43,full_delta,C0-11-3,考古,考古|封存:探方档案,97,0.010309278350515464,0.0,0.5,-0.0010415631988660579,source_pos,0.9163686969683214,0.9174102601671874,0.9119150462218288
43,full_delta,C1-00-0,出版,出版|审定:封面配色,97,0.010309278350515464,0.0,0.03125,-0.0556084575367668,other_pos,0.886271719842787,0.9418801773795538,0.8992971010835966
43,full_delta,C1-00-1,出版,出版|审定:封面配色,97,0.010309278350515464,0.0,0.022727272727272728,-0.051000976771847006,source_pos,0.8802807405713393,0.9312817173431863,0.9000135676481261
43,full_delta,C1-00-2,出版,出版|审定:封面配色,97,0.010309278350515464,0.0,0.045454545454545456,-0.05211744312649402,source_pos,0.8861305677335892,0.9382480108600832,0.90115352561614
43,full_delta,C1-00-3,出版,出版|审定:封面配色,97,0.010309278350515464,0.0,0.043478260869565216,-0.050470221815501426,source_pos,0.8952029175555852,0.9456731393710867,0.9123481085506623
43,full_delta,C1-01-0,出版,出版|编排:索引条目,97,0.010309278350515464,0.0,0.038461538461538464,-0.0799088227391952,source_pos,0.8824954548111731,0.9624042775503683,0.8854169468712205
43,full_delta,C1-01-1,出版,出版|编排:索引条目,97,0.010309278350515464,0.0,0.16666666666666666,-0.036233020369422886,source_pos,0.8982053853568769,0.9344384057262998,0.8861740070571774
43,full_delta,C1-01-2,出版,出版|编排:索引条目,97,0.010309278350515464,0.0,0.07692307692307693,-0.06653784753821101,source_pos,0.893992319417636,0.960530166955847,0.9048489045200795
43,full_delta,C1-01-3,出版,出版|编排:索引条目,97,0.010309278350515464,0.0,0.02702702702702703,-0.10121829549686712,source_pos,0.8604339112674505,0.9616522067643176,0.898927635414972
43,full_delta,C1-02-0,出版,出版|录入:版权信息,97,0.010309278350515464,0.0,0.07692307692307693,-0.06351340899860936,source_pos,0.895557494300556,0.9590709032991653,0.8939202636743022
43,full_delta,C1-02-1,出版,出版|录入:版权信息,97,0.010309278350515464,0.0,0.030303030303030304,-0.07121653238245762,source_pos,0.8830229949153287,0.9542395272977863,0.8928382285923552
43,full_delta,C1-02-2,出版,出版|录入:版权信息,97,0.010309278350515464,0.0,0.125,-0.060891929189291094,source_pos,0.8939371337223635,0.9548290629116546,0.8855759104796577
43,full_delta,C1-02-3,出版,出版|录入:版权信息,97,0.010309278350515464,0.0,0.1,-0.0623301499042036,source_pos,0.9016914603757126,0.9640216102799162,0.9101842117061978
43,full_delta,C1-03-0,出版,出版|签署:印刷合同,97,0.010309278350515464,0.0,0.02857142857142857,-0.07001822457500984,source_pos,0.8799058393253241,0.9499240639003339,0.8964297790936198
43,full_delta,C1-03-1,出版,出版|签署:印刷合同,97,0.010309278350515464,0.0,0.043478260869565216,-0.025296824964781917,source_pos,0.9023513073800544,0.9276481323448363,0.918460781395052
43,full_delta,C1-03-2,出版,出版|签署:印刷合同,97,0.010309278350515464,0.0,0.1111111111111111,-0.06250700553713529,source_pos,0.8996858925189777,0.962192898056113,0.9037441344937899
43,full_delta,C1-03-3,出版,出版|签署:印刷合同,97,0.010309278350515464,0.0,0.022727272727272728,-0.07834927791947743,other_pos,0.8703234145980909,0.9486726925175684,0.8898327815493288
43,full_delta,C1-04-0,出版,出版|发送:作者样书,97,0.010309278350515464,0.0,0.05263157894736842,-0.07188600731138828,source_pos,0.8921744282957278,0.9640604356071161,0.8854028932586387
43,full_delta,C1-04-1,出版,出版|发送:作者样书,97,0.010309278350515464,0.0,0.045454545454545456,-0.04705218669494382,other_pos,0.893173339411719,0.9402255261066628,0.9043112031727083
43,full_delta,C1-04-2,出版,出版|发送:作者样书,97,0.010309278350515464,0.0,0.25,-0.038274342900897484,source_pos,0.9086710605208802,0.9469454034217777,0.9070214416070187
43,full_delta,C1-04-3,出版,出版|发送:作者样书,97,0.010309278350515464,0.0,0.09090909090909091,-0.06480543758829238,source_pos,0.8982749236178503,0.9630803612061427,0.9056930305309674
43,full_delta,C1-05-0,出版,出版|绘制:装帧草图,97,0.010309278350515464,0.0,0.1111111111111111,-0.0072786544132186215,other_pos,0.8929031586786178,0.9001818130918364,0.8974584145261819
43,full_delta,C1-05-1,出版,出版|绘制:装帧草图,97,0.010309278350515464,0.0,0.3333333333333333,-0.033294391013329205,source_pos,0.8916668321981539,0.9249612232114831,0.8931538501253973
43,full_delta,C1-05-2,出版,出版|绘制:装帧草图,97,0.010309278350515464,0.0,0.0625,-0.04375169813631519,source_pos,0.8917748520035641,0.9355265501398793,0.9107726944498645
43,full_delta,C1-05-3,出版,出版|绘制:装帧草图,97,0.010309278350515464,0.0,0.02564102564102564,-0.01773858321927957,other_neg,0.8878823462756875,0.9056209294949671,0.9159271604998012
43,full_delta,C1-06-0,出版,出版|裁切:校样纸张,97,0.010309278350515464,0.0,0.038461538461538464,-0.07632653638778764,source_pos,0.8754748746953429,0.9518014110831305,0.8756069243335106
43,full_delta,C1-06-1,出版,出版|裁切:校样纸张,97,0.010309278350515464,0.0,0.2,-0.016741620711404837,source_pos,0.8971224237355964,0.9138640444470012,0.90567521806725
43,full_delta,C1-06-2,出版,出版|裁切:校样纸张,97,0.010309278350515464,0.0,0.5,-0.02539506902648081,source_pos,0.9237672416711142,0.949162310697595,0.9078146738995654
43,full_delta,C1-06-3,出版,出版|裁切:校样纸张,97,0.010309278350515464,0.0,0.14285714285714285,-0.049922769375897014,source_pos,0.8981467333406229,0.9480695027165199,0.908831593688743
43,full_delta,C1-07-0,出版,出版|核算:印制成本,97,0.010309278350515464,0.0,0.023809523809523808,-0.11126796218960444,source_pos,0.8295967208777015,0.940864683067306,0.8272768366468575
43,full_delta,C1-07-1,出版,出版|核算:印制成本,97,0.010309278350515464,0.0,0.05555555555555555,-0.08349732387691677,source_pos,0.8616809678103481,0.9451782916872649,0.8612337594293108
43,full_delta,C1-07-2,出版,出版|核算:印制成本,97,0.010309278350515464,0.0,0.14285714285714285,-0.05309255766263399,source_pos,0.8790234534985837,0.9321160111612177,0.8767472777604262
43,full_delta,C1-07-3,出版,出版|核算:印制成本,97,0.010309278350515464,0.0,0.07692307692307693,-0.06536349555674337,source_pos,0.8757414277961063,0.9411049233528497,0.8916928115119472
43,full_delta,C1-08-0,出版,出版|装订:试印样本,97,0.010309278350515464,0.0,0.25,-0.01854820019986747,source_pos,0.9007733053228099,0.9193215055226773,0.9005828304521822
43,full_delta,C1-08-1,出版,出版|装订:试印样本,97,0.010309278350515464,0.0,0.25,-0.008614162405577663,source_pos,0.8872065090986249,0.8958206715042025,0.8905677633795148
43,full_delta,C1-08-2,出版,出版|装订:试印样本,97,0.010309278350515464,0.0,0.5,-0.013541392099872818,source_pos,0.9111233282950499,0.9246647203949228,0.9033854337958434
43,full_delta,C1-08-3,出版,出版|装订:试印样本,97,0.010309278350515464,0.0,0.05263157894736842,-0.031729417651215175,source_pos,0.9003092246666045,0.9320386423178196,0.9198743162587222
43,full_delta,C1-09-0,出版,出版|编写:发行通知,97,0.010309278350515464,0.0,0.058823529411764705,-0.046765138643276916,other_pos,0.8971253131209113,0.9438904517641882,0.8964912408091081
43,full_delta,C1-09-1,出版,出版|编写:发行通知,97,0.010309278350515464,0.0,0.1111111111111111,-0.016741130760111744,source_pos,0.9083990540132527,0.9251401847733645,0.9162785350453306
43,full_delta,C1-09-2,出版,出版|编写:发行通知,97,0.010309278350515464,0.0,0.2,-0.04287021932359525,source_pos,0.9096145006876054,0.9524847200112007,0.9027000303706312
43,full_delta,C1-09-3,出版,出版|编写:发行通知,97,0.010309278350515464,0.0,0.047619047619047616,-0.06639883495779708,source_pos,0.8908557287717012,0.9572545637294982,0.9111990511323755
43,full_delta,C1-10-0,出版,出版|收录:勘误条目,97,0.010309278350515464,0.0,0.25,-0.023948478936986484,source_pos,0.9271676832023583,0.9511161621393448,0.9148773314693706
43,full_delta,C1-10-1,出版,出版|收录:勘误条目,97,0.010309278350515464,0.0,0.125,-0.044703378980966324,source_pos,0.8916696283193762,0.9363730073003426,0.896919845787503
43,full_delta,C1-10-2,出版,出版|收录:勘误条目,97,0.010309278350515464,0.0,0.3333333333333333,-0.023058763180366593,source_pos,0.924854798312332,0.9479135614926986,0.9247515979299077
43,full_delta,C1-10-3,出版,出版|收录:勘误条目,97,0.010309278350515464,0.0,0.125,-0.030930061016520294,source_pos,0.9249503126647235,0.9558803736812438,0.9430350437271292
43,full_delta,C1-11-0,出版,出版|登记:稿酬金额,97,0.010309278350515464,0.0,0.041666666666666664,-0.08053041076170686,source_pos,0.8795360209309442,0.960066431692651,0.8936110692474013
43,full_delta,C1-11-1,出版,出版|登记:稿酬金额,97,0.010309278350515464,0.0,0.05,-0.05888175900663273,source_pos,0.8767493859538962,0.9356311449605289,0.8903445437409118
43,full_delta,C1-11-2,出版,出版|登记:稿酬金额,97,0.010309278350515464,0.0,0.1111111111111111,-0.07542719999401026,source_pos,0.890425311358226,0.9658525113522363,0.8944173528674164
43,full_delta,C1-11-3,出版,出版|登记:稿酬金额,97,0.010309278350515464,0.0,0.038461538461538464,-0.06861442259334205,other_pos,0.8794490415510015,0.9480634641443435,0.8949249235437153
43,full_affine,C0-00-0,考古,考古|测量:墓室尺寸,97,0.010309278350515464,0.0,0.03225806451612903,0.0643940409915793,other_pos,0.8346491038027336,0.7702550628111543,0.8527397743208129
43,full_affine,C0-00-1,考古,考古|测量:墓室尺寸,97,0.010309278350515464,0.0,0.037037037037037035,0.02118716662869835,other_pos,0.8493278385309327,0.8281406719022344,0.8652072454670062
43,full_affine,C0-00-2,考古,考古|测量:墓室尺寸,97,0.010309278350515464,0.0,0.021739130434782608,0.01749035497186202,other_pos,0.8255477038283513,0.8080573488564893,0.8566651487763374
43,full_affine,C0-00-3,考古,考古|测量:墓室尺寸,97,0.010309278350515464,0.0,0.022222222222222223,0.05662546244310884,other_pos,0.8365381269394347,0.7799126644963259,0.8660334137231666
43,full_affine,C0-01-0,考古,考古|描绘:壁画轮廓,97,0.010309278350515464,0.0,0.05,0.03983021234840767,other_neg,0.8685531816541118,0.8287229693057041,0.8821631519360421
43,full_affine,C0-01-1,考古,考古|描绘:壁画轮廓,97,0.010309278350515464,0.0,0.058823529411764705,0.02491575502663035,other_neg,0.8649522442939407,0.8400364892673103,0.8773688052462847
43,full_affine,C0-01-2,考古,考古|描绘:壁画轮廓,97,0.010309278350515464,0.0,0.027777777777777776,0.004180042715884791,other_neg,0.8619885641447215,0.8578085214288367,0.8918701077295137
43,full_affine,C0-01-3,考古,考古|描绘:壁画轮廓,97,0.010309278350515464,0.0,0.017543859649122806,0.009506645260562219,other_neg,0.8510591530496056,0.8415525077890433,0.8986949712760454
43,full_affine,C0-02-0,考古,考古|登记:石器重量,97,0.010309278350515464,0.0,0.1111111111111111,-0.011096815645164959,source_pos,0.8751355672580686,0.8862323829032336,0.87958077300723
43,full_affine,C0-02-1,考古,考古|登记:石器重量,97,0.010309278350515464,0.0,0.05263157894736842,0.004570176124979453,other_neg,0.8770974652768597,0.8725272891518803,0.8880478888580825
43,full_affine,C0-02-2,考古,考古|登记:石器重量,97,0.010309278350515464,0.0,0.14285714285714285,-0.010308644642986309,other_pos,0.8707309932479498,0.8810396378909361,0.878141248760561
43,full_affine,C0-02-3,考古,考古|登记:石器重量,97,0.010309278350515464,0.0,0.3333333333333333,0.00047945138724247993,other_neg,0.9041173921282152,0.9036379407409727,0.9074068211654971
43,full_affine,C0-03-0,考古,考古|拍摄:遗迹剖面,97,0.010309278350515464,0.0,0.3333333333333333,0.04300607041088844,other_neg,0.8981456860886842,0.8551396156777957,0.9026477536061415
43,full_affine,C0-03-1,考古,考古|拍摄:遗迹剖面,97,0.010309278350515464,0.0,0.14285714285714285,0.035582895038051454,other_neg,0.8891578552555177,0.8535749602174663,0.8940948368811845
43,full_affine,C0-03-2,考古,考古|拍摄:遗迹剖面,97,0.010309278350515464,0.0,0.25,0.02880712794906337,other_neg,0.9004883469900062,0.8716812190409429,0.9032099334854061
43,full_affine,C0-03-3,考古,考古|拍摄:遗迹剖面,97,0.010309278350515464,0.0,0.125,0.034356464493942473,other_neg,0.9035974735163865,0.8692410090224441,0.9085520920906549
43,full_affine,C0-04-0,考古,考古|修复:青铜饰件,97,0.010309278350515464,0.0,0.025,-0.019720717305287128,other_pos,0.7977415624188574,0.8174622797241445,0.8221722181340579
43,full_affine,C0-04-1,考古,考古|修复:青铜饰件,97,0.010309278350515464,0.0,0.02702702702702703,-0.014612872306721036,other_pos,0.8258320924598561,0.8404449647665772,0.8459530046746849
43,full_affine,C0-04-2,考古,考古|修复:青铜饰件,97,0.010309278350515464,0.0,0.03571428571428571,0.012445214951501637,other_pos,0.8427781861561464,0.8303329712046448,0.8628626948796059
43,full_affine,C0-04-3,考古,考古|修复:青铜饰件,97,0.010309278350515464,0.0,0.015625,0.015139465849026368,other_pos,0.8134831355512576,0.7983436697022313,0.8571824962852652
43,full_affine,C0-05-0,考古,考古|包装:骨骼标本,97,0.010309278350515464,0.0,0.2,-0.007303753788728606,source_pos,0.8619823441815493,0.8692860979702779,0.8664640163391685
43,full_affine,C0-05-1,考古,考古|包装:骨骼标本,97,0.010309278350515464,0.0,0.1,-0.028455130367847747,other_pos,0.8413611253674385,0.8698162557352862,0.8484401710315516
43,full_affine,C0-05-2,考古,考古|包装:骨骼标本,97,0.010309278350515464,0.0,0.3333333333333333,-0.02724400329396437,source_pos,0.864891962410785,0.8921359657047494,0.8475019860889796
43,full_affine,C0-05-3,考古,考古|包装:骨骼标本,97,0.010309278350515464,0.0,0.3333333333333333,0.010612484137185296,other_neg,0.8851559737971305,0.8745434896599452,0.8950218369577208
43,full_affine,C0-06-0,考古,考古|筛分:填土沉积物,97,0.010309278350515464,0.0,0.14285714285714285,0.018760830810694018,other_neg,0.8824342083894844,0.8636733775787904,0.8854517016069894
43,full_affine,C0-06-1,考古,考古|筛分:填土沉积物,97,0.010309278350515464,0.0,0.3333333333333333,0.018244057222491783,other_neg,0.8836200703544654,0.8653760131319737,0.8857581483303077
43,full_affine,C0-06-2,考古,考古|筛分:填土沉积物,97,0.010309278350515464,0.0,0.05,0.0023444328602721942,other_neg,0.885074271633334,0.8827298387730618,0.8997681079325888
43,full_affine,C0-06-3,考古,考古|筛分:填土沉积物,97,0.010309278350515464,0.0,0.043478260869565216,0.0011711672638968773,other_neg,0.8902692758723664,0.8890981086084695,0.9088921968425474
43,full_affine,C0-07-0,考古,考古|拼接:陶片纹样,97,0.010309278350515464,1.0,1.0,0.050432214959376664,correct_neg,0.8767563480151369,0.8263241330557602,0.8744883820865104
43,full_affine,C0-07-1,考古,考古|拼接:陶片纹样,97,0.010309278350515464,0.0,0.2,0.04419883584554407,other_neg,0.8758712148108649,0.8316723789653209,0.8777082199136936
43,full_affine,C0-07-2,考古,考古|拼接:陶片纹样,97,0.010309278350515464,0.0,0.5,0.058789042780770684,other_neg,0.877523483825535,0.8187344410447643,0.8777310208433942
43,full_affine,C0-07-3,考古,考古|拼接:陶片纹样,97,0.010309278350515464,0.0,0.047619047619047616,0.05867010381165727,other_pos,0.862596275830033,0.8039261720183757,0.8789901684736601
43,full_affine,C0-08-0,考古,考古|加固:墓道支撑,97,0.010309278350515464,0.0,0.0625,0.03854932189402738,other_neg,0.8647939759113763,0.8262446540173489,0.878703999363988
43,full_affine,C0-08-1,考古,考古|加固:墓道支撑,97,0.010309278350515464,0.0,0.043478260869565216,0.0019780226102371623,other_neg,0.8433077162969665,0.8413296936867294,0.8604711918089931
43,full_affine,C0-08-2,考古,考古|加固:墓道支撑,97,0.010309278350515464,0.0,0.037037037037037035,0.039039088840456704,other_neg,0.8653275739273727,0.826288485086916,0.8878192200927881
43,full_affine,C0-08-3,考古,考古|加固:墓道支撑,97,0.010309278350515464,0.0,0.038461538461538464,0.03820035351897555,other_neg,0.8666689390408502,0.8284685855218746,0.8860605590570876
43,full_affine,C0-09-0,考古,考古|翻译:碑刻文字,97,0.010309278350515464,0.0,0.058823529411764705,0.02255577489602001,other_neg,0.8488283258654985,0.8262725509694785,0.8607289170880925
43,full_affine,C0-09-1,考古,考古|翻译:碑刻文字,97,0.010309278350515464,0.0,0.03225806451612903,-0.008056223720964484,other_pos,0.8355423916721267,0.8435986153930912,0.8532506950615789
43,full_affine,C0-09-2,考古,考古|翻译:碑刻文字,97,0.010309278350515464,0.0,0.0625,0.06382831061492644,other_neg,0.8596741083156645,0.795845797700738,0.8734998098246998
43,full_affine,C0-09-3,考古,考古|翻译:碑刻文字,97,0.010309278350515464,0.0,0.021739130434782608,0.037652176504135215,other_neg,0.8512119278842074,0.8135597513800722,0.8858147674624044
43,full_affine,C0-10-0,考古,考古|搭建:遮雨棚架,97,0.010309278350515464,0.0,0.16666666666666666,0.02470760471012612,other_pos,0.8689703240229802,0.8442627193128541,0.8717127226067258
43,full_affine,C0-10-1,考古,考古|搭建:遮雨棚架,97,0.010309278350515464,0.0,0.0625,-0.049885811396000235,source_pos,0.8466967706219284,0.8965825820179286,0.859706538384291
43,full_affine,C0-10-2,考古,考古|搭建:遮雨棚架,97,0.010309278350515464,0.0,0.16666666666666666,-0.00445018334643954,other_pos,0.8589196821766567,0.8633698655230962,0.8620785566640712
43,full_affine,C0-10-3,考古,考古|搭建:遮雨棚架,97,0.010309278350515464,0.0,0.07692307692307693,0.04591757668656027,other_neg,0.8761459047210498,0.8302283280344895,0.8918780876205123
43,full_affine,C0-11-0,考古,考古|封存:探方档案,97,0.010309278350515464,1.0,1.0,0.06852945208590544,correct_neg,0.8994289701774314,0.830899518091526,0.8933650845322968
43,full_affine,C0-11-1,考古,考古|封存:探方档案,97,0.010309278350515464,0.0,0.3333333333333333,0.023113052910574305,other_neg,0.8890125013369419,0.8658994484263676,0.8973080088168159
43,full_affine,C0-11-2,考古,考古|封存:探方档案,97,0.010309278350515464,1.0,1.0,0.02081805239704193,correct_neg,0.9101800261045295,0.8893619737074876,0.9071839361961997
43,full_affine,C0-11-3,考古,考古|封存:探方档案,97,0.010309278350515464,0.0,0.3333333333333333,0.036032059936524585,other_neg,0.9090583449287309,0.8730262849922064,0.9114383115409066
43,full_affine,C1-00-0,出版,出版|审定:封面配色,97,0.010309278350515464,0.0,0.016666666666666666,-0.011584601511879455,other_pos,0.8751394680967585,0.8867240696086379,0.9171859190044442
43,full_affine,C1-00-1,出版,出版|审定:封面配色,97,0.010309278350515464,0.0,0.017857142857142856,-0.008502509145453363,other_pos,0.873231837259228,0.8817343464046814,0.9133166941037901
43,full_affine,C1-00-2,出版,出版|审定:封面配色,97,0.010309278350515464,0.0,0.02631578947368421,-0.002387160781596509,other_pos,0.8820327949387408,0.8844199557203373,0.9189985224529226
43,full_affine,C1-00-3,出版,出版|审定:封面配色,97,0.010309278350515464,0.0,0.02127659574468085,-0.017973413452629816,other_neg,0.883143041684058,0.9011164551366878,0.9266518064286382
43,full_affine,C1-01-0,出版,出版|编排:索引条目,97,0.010309278350515464,0.0,0.038461538461538464,-0.051034852574651124,other_pos,0.8754669531134678,0.9265018056881189,0.8827901239157259
43,full_affine,C1-01-1,出版,出版|编排:索引条目,97,0.010309278350515464,0.0,0.3333333333333333,0.013910318530889976,other_pos,0.9021689514419751,0.8882586329110851,0.8903286876227601
43,full_affine,C1-01-2,出版,出版|编排:索引条目,97,0.010309278350515464,0.0,0.041666666666666664,-0.04343890405228357,source_pos,0.8872659914768051,0.9307048955290886,0.9011222603315179
43,full_affine,C1-01-3,出版,出版|编排:索引条目,97,0.010309278350515464,0.0,0.018867924528301886,-0.07058260548833917,other_pos,0.8545302554511847,0.9251128609395238,0.8987807091063093
43,full_affine,C1-02-0,出版,出版|录入:版权信息,97,0.010309278350515464,0.0,0.03333333333333333,-0.006411309231284523,other_pos,0.8931602600323165,0.899571569263601,0.9132814276319456
43,full_affine,C1-02-1,出版,出版|录入:版权信息,97,0.010309278350515464,0.0,0.02702702702702703,-0.02240247323738709,other_pos,0.883428571949092,0.9058310451864791,0.9095883064618643
43,full_affine,C1-02-2,出版,出版|录入:版权信息,97,0.010309278350515464,0.0,0.1111111111111111,0.0021399189111737105,other_pos,0.8993789865364787,0.897239067625305,0.9088245341897141
43,full_affine,C1-02-3,出版,出版|录入:版权信息,97,0.010309278350515464,0.0,0.041666666666666664,-0.02153275181235703,other_neg,0.8947524962928085,0.9162852481051655,0.9201154978381932
43,full_affine,C1-03-0,出版,出版|签署:印刷合同,97,0.010309278350515464,0.0,0.023809523809523808,-0.04734560719032621,source_pos,0.8764881168332782,0.9238337240236044,0.9035362681151892
43,full_affine,C1-03-1,出版,出版|签署:印刷合同,97,0.010309278350515464,0.0,0.03333333333333333,-0.0010854249236348368,other_neg,0.8978059380719035,0.8988913629955383,0.9241804226948833
43,full_affine,C1-03-2,出版,出版|签署:印刷合同,97,0.010309278350515464,0.0,0.07692307692307693,-0.03471301364039214,source_pos,0.8982843523570663,0.9329973659974584,0.9187750867539035
43,full_affine,C1-03-3,出版,出版|签署:印刷合同,97,0.010309278350515464,0.0,0.017543859649122806,-0.0477651916049886,other_pos,0.868015595869307,0.9157807874742956,0.9047704671138596
43,full_affine,C1-04-0,出版,出版|发送:作者样书,97,0.010309278350515464,0.0,0.058823529411764705,-0.01923972326990553,other_pos,0.8963467999289245,0.91558652319883,0.893622407143601
43,full_affine,C1-04-1,出版,出版|发送:作者样书,97,0.010309278350515464,0.0,0.05263157894736842,0.007519078695954029,other_pos,0.898817816934559,0.891298738238605,0.9064191725568873
43,full_affine,C1-04-2,出版,出版|发送:作者样书,97,0.010309278350515464,1.0,1.0,0.03429025533543728,correct_neg,0.9226934756669418,0.8884032203315045,0.9179767544580009
43,full_affine,C1-04-3,出版,出版|发送:作者样书,97,0.010309278350515464,0.0,0.16666666666666666,0.00397536584217173,other_pos,0.9106050683293823,0.9066297024872105,0.9169134888185297
43,full_affine,C1-05-0,出版,出版|绘制:装帧草图,97,0.010309278350515464,0.0,0.02702702702702703,0.030577021013065142,other_neg,0.8764733831141431,0.845896362101078,0.9073997515763237
43,full_affine,C1-05-1,出版,出版|绘制:装帧草图,97,0.010309278350515464,0.0,0.038461538461538464,0.01285630388363912,other_neg,0.8823671961078186,0.8695108922241794,0.9062918840389766
43,full_affine,C1-05-2,出版,出版|绘制:装帧草图,97,0.010309278350515464,0.0,0.022222222222222223,-0.012547002931316276,other_neg,0.8756298752353201,0.8881768781666364,0.9170778757985392
43,full_affine,C1-05-3,出版,出版|绘制:装帧草图,97,0.010309278350515464,0.0,0.015384615384615385,0.008567800333439957,other_neg,0.8624915628986072,0.8539237625651672,0.9251756248081515
43,full_affine,C1-06-0,出版,出版|裁切:校样纸张,97,0.010309278350515464,0.0,0.03571428571428571,-0.039534425018066366,source_pos,0.8721276281014981,0.9116620531195645,0.8867371514602171
43,full_affine,C1-06-1,出版,出版|裁切:校样纸张,97,0.010309278350515464,0.0,0.14285714285714285,0.018466654589674336,other_neg,0.8932058550161377,0.8747392004264634,0.9080593986024298
43,full_affine,C1-06-2,出版,出版|裁切:校样纸张,97,0.010309278350515464,1.0,1.0,0.021582964467869115,correct_neg,0.924404454311985,0.9028214898441159,0.9085872315715467
43,full_affine,C1-06-3,出版,出版|裁切:校样纸张,97,0.010309278350515464,0.0,0.0625,-0.006130398409756155,other_neg,0.8948295729149103,0.9009599713246664,0.9101986649660644
43,full_affine,C1-07-0,出版,出版|核算:印制成本,97,0.010309278350515464,0.0,0.015384615384615385,-0.060361053002372156,other_pos,0.8270034686477858,0.887364521650158,0.864253330535784
43,full_affine,C1-07-1,出版,出版|核算:印制成本,97,0.010309278350515464,0.0,0.023255813953488372,-0.04116485108415524,other_pos,0.8572556448937027,0.8984204959778579,0.8824057278183728
43,full_affine,C1-07-2,出版,出版|核算:印制成本,97,0.010309278350515464,0.0,0.07142857142857142,-0.007184191228100545,other_pos,0.8764894694524896,0.8836736606805902,0.8863416469906489
43,full_affine,C1-07-3,出版,出版|核算:印制成本,97,0.010309278350515464,0.0,0.017241379310344827,-0.032947635176615475,other_pos,0.8643084285923509,0.8972560637689664,0.902368621296793
43,full_affine,C1-08-0,出版,出版|装订:试印样本,97,0.010309278350515464,0.0,0.07142857142857142,0.021252413534198822,other_neg,0.8917339218288133,0.8704815082946145,0.9052447506358775
43,full_affine,C1-08-1,出版,出版|装订:试印样本,97,0.010309278350515464,0.0,0.09090909090909091,0.04643672782764141,other_neg,0.886208610870427,0.8397718830427856,0.8976048079508354
43,full_affine,C1-08-2,出版,出版|装订:试印样本,97,0.010309278350515464,0.0,0.5,0.02104209241540511,other_neg,0.9052859342325568,0.8842438418171517,0.9101867420537646
43,full_affine,C1-08-3,出版,出版|装订:试印样本,97,0.010309278350515464,0.0,0.02631578947368421,0.007154050019627656,other_neg,0.8928036988328323,0.8856496488132046,0.9279605756895208
43,full_affine,C1-09-0,出版,出版|编写:发行通知,97,0.010309278350515464,0.0,0.05555555555555555,-0.01233356326730739,other_pos,0.8992308085913316,0.911564371858639,0.9012286708842127
43,full_affine,C1-09-1,出版,出版|编写:发行通知,97,0.010309278350515464,0.0,0.1111111111111111,0.020362144663134574,other_neg,0.9141147551824612,0.8937526105193266,0.9237747867164535
43,full_affine,C1-09-2,出版,出版|编写:发行通知,97,0.010309278350515464,0.0,0.2,-0.0026327356351003584,other_pos,0.9163280292921062,0.9189607649272066,0.9165322394400846
43,full_affine,C1-09-3,出版,出版|编写:发行通知,97,0.010309278350515464,0.0,0.04,-0.03227021355482962,other_pos,0.8907763173570484,0.923046530911878,0.9137685144331287
43,full_affine,C1-10-0,出版,出版|收录:勘误条目,97,0.010309278350515464,0.0,0.1111111111111111,0.029916272526054444,other_neg,0.9216504793713955,0.8917342068453411,0.9322598851091104
43,full_affine,C1-10-1,出版,出版|收录:勘误条目,97,0.010309278350515464,0.0,0.058823529411764705,0.022979582870626625,other_neg,0.9002182539501045,0.8772386710794778,0.9167680802953754
43,full_affine,C1-10-2,出版,出版|收录:勘误条目,97,0.010309278350515464,0.0,0.06666666666666667,0.027561880456273724,other_neg,0.9198488580711907,0.8922869776149169,0.9367318576015471
43,full_affine,C1-10-3,出版,出版|收录:勘误条目,97,0.010309278350515464,0.0,0.034482758620689655,-0.001404024920018787,other_neg,0.909771570928926,0.9111755958489448,0.9447579996505828
43,full_affine,C1-11-0,出版,出版|登记:稿酬金额,97,0.010309278350515464,0.0,0.021739130434782608,-0.05200782379448554,other_pos,0.8707056764615043,0.9227135002559899,0.9145529814550317
43,full_affine,C1-11-1,出版,出版|登记:稿酬金额,97,0.010309278350515464,0.0,0.029411764705882353,-0.02775198046889371,other_pos,0.8730442789044702,0.9007962593733639,0.9093588480653361
43,full_affine,C1-11-2,出版,出版|登记:稿酬金额,97,0.010309278350515464,0.0,0.045454545454545456,-0.046754180800861134,source_pos,0.8877312570161205,0.9344854378169817,0.9182997675648483
43,full_affine,C1-11-3,出版,出版|登记:稿酬金额,97,0.010309278350515464,0.0,0.022727272727272728,-0.039009600325878524,other_pos,0.8764777081354767,0.9154873084613552,0.9195006557192693
