experiment,representation,seed,method,rank,alpha,dev_mse,train_mse,selection_score
B_shared,l0_mean,17,rank1,1,0.01,2.037606950332898e-07,1.7500937216754018e-07,"[-0.9895833333333334, -0.9947916666666666, 2.037606950332898e-07]"
B_shared,l0_mean,17,rank1,1,0.1,2.03793695216464e-07,1.75050938187595e-07,"[-0.9895833333333334, -0.9947916666666666, 2.03793695216464e-07]"
B_shared,l0_mean,17,rank1,1,1,2.066018841858133e-07,1.7784437342046373e-07,"[-0.9895833333333334, -0.9947916666666666, 2.066018841858133e-07]"
B_shared,l0_mean,17,rank1,1,10,3.342412049135745e-07,3.0618576689740463e-07,"[-0.8958333333333334, -0.9479166666666666, 3.342412049135745e-07]"
B_shared,l0_mean,17,lowrank,1,0.01,2.037606950332898e-07,1.7500937216754018e-07,"[-0.9895833333333334, -0.9947916666666666, 2.037606950332898e-07]"
B_shared,l0_mean,17,lowrank,2,0.01,1.5957607835087479e-07,1.4837098908902593e-07,"[-1.0, -1.0, 1.5957607835087479e-07]"
B_shared,l0_mean,17,lowrank,4,0.01,1.238880423117562e-07,1.1080993722448429e-07,"[-1.0, -1.0, 1.238880423117562e-07]"
B_shared,l0_mean,17,lowrank,8,0.01,8.418460267558602e-08,6.711394840412172e-08,"[-1.0, -1.0, 8.418460267558602e-08]"
B_shared,l0_mean,17,lowrank,16,0.01,5.5727314831352026e-08,3.480369950599639e-08,"[-1.0, -1.0, 5.5727314831352026e-08]"
B_shared,l0_mean,17,lowrank,32,0.01,2.7325374701122385e-08,9.016751263502747e-09,"[-1.0, -1.0, 2.7325374701122385e-08]"
B_shared,l0_mean,17,lowrank,1,0.1,2.03793695216464e-07,1.75050938187595e-07,"[-0.9895833333333334, -0.9947916666666666, 2.03793695216464e-07]"
B_shared,l0_mean,17,lowrank,2,0.1,1.669934079092438e-07,1.498212720255482e-07,"[-1.0, -1.0, 1.669934079092438e-07]"
B_shared,l0_mean,17,lowrank,4,0.1,1.2697571998985048e-07,1.1218523627473155e-07,"[-1.0, -1.0, 1.2697571998985048e-07]"
B_shared,l0_mean,17,lowrank,8,0.1,8.68497855211284e-08,6.848405804552379e-08,"[-1.0, -1.0, 8.68497855211284e-08]"
B_shared,l0_mean,17,lowrank,16,0.1,5.834288603018443e-08,3.619665528917324e-08,"[-1.0, -1.0, 5.834288603018443e-08]"
B_shared,l0_mean,17,lowrank,32,0.1,2.998285993208941e-08,1.0486355679684761e-08,"[-1.0, -1.0, 2.998285993208941e-08]"
B_shared,l0_mean,17,lowrank,1,1,2.066018841858133e-07,1.7784437342046373e-07,"[-0.9895833333333334, -0.9947916666666666, 2.066018841858133e-07]"
B_shared,l0_mean,17,lowrank,2,1,1.9016848953519598e-07,1.5790933183594388e-07,"[-0.9895833333333334, -0.9947916666666666, 1.9016848953519598e-07]"
B_shared,l0_mean,17,lowrank,4,1,1.6288369671207495e-07,1.238680419546194e-07,"[-0.9895833333333334, -0.9947916666666666, 1.6288369671207495e-07]"
B_shared,l0_mean,17,lowrank,8,1,1.0962368729873554e-07,8.086065584959795e-08,"[-1.0, -1.0, 1.0962368729873554e-07]"
B_shared,l0_mean,17,lowrank,16,1,8.11361679684176e-08,4.967299851776306e-08,"[-1.0, -1.0, 8.11361679684176e-08]"
B_shared,l0_mean,17,lowrank,32,1,5.625838662509936e-08,2.7043914755376554e-08,"[-1.0, -1.0, 5.625838662509936e-08]"
B_shared,l0_mean,17,lowrank,1,10,3.342412049135745e-07,3.0618576689740463e-07,"[-0.8958333333333334, -0.9479166666666666, 3.342412049135745e-07]"
B_shared,l0_mean,17,lowrank,2,10,3.2286382235501926e-07,2.892922274261558e-07,"[-0.8958333333333334, -0.9479166666666666, 3.2286382235501926e-07]"
B_shared,l0_mean,17,lowrank,4,10,3.0000975125111143e-07,2.613335307432012e-07,"[-0.9791666666666666, -0.9895833333333334, 3.0000975125111143e-07]"
B_shared,l0_mean,17,lowrank,8,10,2.7262758488625835e-07,2.3296300208872675e-07,"[-0.9791666666666666, -0.9895833333333334, 2.7262758488625835e-07]"
B_shared,l0_mean,17,lowrank,16,10,2.547622365262924e-07,2.1633584216008538e-07,"[-0.9791666666666666, -0.9895833333333334, 2.547622365262924e-07]"
B_shared,l0_mean,17,lowrank,32,10,2.463373545260359e-07,2.0848043360625037e-07,"[-0.9791666666666666, -0.9895833333333334, 2.463373545260359e-07]"
B_shared,l0_mean,17,full_delta,0,0.01,8.846537947296735e-09,6.60546191367012e-11,"[-1.0, -1.0, 8.846537947296735e-09]"
B_shared,l0_mean,17,full_delta,0,0.1,1.2063081120584485e-08,1.7096248162354176e-09,"[-1.0, -1.0, 1.2063081120584485e-08]"
B_shared,l0_mean,17,full_delta,0,1,4.520116652315815e-08,2.123481046421449e-08,"[-1.0, -1.0, 4.520116652315815e-08]"
B_shared,l0_mean,17,full_delta,0,10,2.442125270041508e-07,2.0731383809787343e-07,"[-0.9791666666666666, -0.9895833333333334, 2.442125270041508e-07]"
B_shared,l0_mean,17,full_affine,0,0.01,3.8572960587507434e-07,2.140830305931797e-10,"[-0.9583333333333334, -0.9791666666666666, 3.8572960587507434e-07]"
B_shared,l0_mean,17,full_affine,0,0.1,4.200250105115479e-07,1.4037179622195472e-08,"[-0.9583333333333334, -0.9791666666666666, 4.200250105115479e-07]"
B_shared,l0_mean,17,full_affine,0,1,1.0756909550001756e-06,4.287982743923695e-07,"[-0.9791666666666666, -0.9895833333333334, 1.0756909550001756e-06]"
B_shared,l0_mean,17,full_affine,0,10,3.842932400570356e-06,3.0294416175801e-06,"[-0.9479166666666666, -0.9739583333333334, 3.842932400570356e-06]"
B_shared,l0_mean,17,length_shift,0,0.01,1.904703164870447e-06,1.8653220211786516e-06,"[-0.0, -0.5, 1.904703164870447e-06]"
B_shared,l0_mean,17,length_shift,0,0.1,1.9044828822009745e-06,1.8658002915184029e-06,"[-0.0, -0.5, 1.9044828822009745e-06]"
B_shared,l0_mean,17,length_shift,0,1,1.9055249196771589e-06,1.8681510973334092e-06,"[-0.0, -0.5, 1.9055249196771589e-06]"
B_shared,l0_mean,17,length_shift,0,10,1.905542063367572e-06,1.8694002690157113e-06,"[-0.0, -0.5, 1.905542063367572e-06]"
B_shared,l0_mean,17,source_token_ridge,0,0.01,1.8226601602227753e-08,9.042554148863951e-09,"[-1.0, -1.0, 1.8226601602227753e-08]"
B_shared,l0_mean,17,source_token_ridge,0,0.1,1.939659306161802e-08,9.681281605735236e-09,"[-1.0, -1.0, 1.939659306161802e-08]"
B_shared,l0_mean,17,source_token_ridge,0,1,7.18006879890086e-08,5.217549499984801e-08,"[-1.0, -1.0, 7.18006879890086e-08]"
B_shared,l0_mean,17,source_token_ridge,0,10,7.934419511954729e-07,7.570142858485098e-07,"[-0.4895833333333333, -0.7447916666666666, 7.934419511954729e-07]"
B_shared,l0_mean,17,shuffled,1,0.01,3.616311300129375e-06,3.494092197271913e-06,"[-0.19791666666666666, -0.5989583333333334, 3.616311300129375e-06]"
B_shared,l0_mean,17,shuffled,2,0.01,2.489101861435608e-06,2.3848891547412805e-06,"[-0.8333333333333334, -0.9166666666666666, 2.489101861435608e-06]"
B_shared,l0_mean,17,shuffled,4,0.01,4.2990680086943434e-06,4.420757809764245e-06,"[-0.8958333333333334, -0.9369791666666667, 4.2990680086943434e-06]"
B_shared,l0_mean,17,shuffled,8,0.01,7.52894511009447e-06,7.315750468122318e-06,"[-0.8125, -0.8473011363636364, 7.52894511009447e-06]"
B_shared,l0_mean,17,shuffled,16,0.01,1.0504692724883227e-05,9.894590578996065e-06,"[-0.6666666666666666, -0.7195919820919822, 1.0504692724883227e-05]"
B_shared,l0_mean,17,shuffled,32,0.01,1.306444579521612e-05,1.1635101838089337e-05,"[-0.2708333333333333, -0.4316580044751, 1.306444579521612e-05]"
B_shared,l0_mean,17,shuffled,1,0.1,3.2722820075299013e-06,3.4090531553839513e-06,"[-0.22916666666666666, -0.6145833333333334, 3.2722820075299013e-06]"
B_shared,l0_mean,17,shuffled,2,0.1,2.0589325071966588e-06,2.2222110113930448e-06,"[-0.90625, -0.953125, 2.0589325071966588e-06]"
B_shared,l0_mean,17,shuffled,4,0.1,3.836022768490631e-06,4.220112719722732e-06,"[-0.9375, -0.9652777777777777, 3.836022768490631e-06]"
B_shared,l0_mean,17,shuffled,8,0.1,6.6404748321545526e-06,6.948245266481188e-06,"[-0.84375, -0.8753968253968254, 6.6404748321545526e-06]"
B_shared,l0_mean,17,shuffled,16,0.1,9.257922480759941e-06,9.31522393119183e-06,"[-0.6666666666666666, -0.7329187016687015, 9.257922480759941e-06]"
B_shared,l0_mean,17,shuffled,32,0.1,1.1351310465657665e-05,1.0824299529976568e-05,"[-0.4375, -0.5381818107001931, 1.1351310465657665e-05]"
B_shared,l0_mean,17,shuffled,1,1,2.600607824410899e-06,2.912796815427125e-06,"[-0.3229166666666667, -0.6614583333333334, 2.600607824410899e-06]"
B_shared,l0_mean,17,shuffled,2,1,1.3469119193100265e-06,1.7099488249985665e-06,"[-0.9895833333333334, -0.9947916666666666, 1.3469119193100265e-06]"
B_shared,l0_mean,17,shuffled,4,1,2.6840362782004518e-06,3.3024540816862283e-06,"[-0.9791666666666666, -0.9895833333333334, 2.6840362782004518e-06]"
B_shared,l0_mean,17,shuffled,8,1,4.495673567216004e-06,5.229797783258506e-06,"[-0.9479166666666666, -0.9739583333333334, 4.495673567216004e-06]"
B_shared,l0_mean,17,shuffled,16,1,5.786628494558123e-06,6.560772795784155e-06,"[-0.8645833333333334, -0.9109375000000001, 5.786628494558123e-06]"
B_shared,l0_mean,17,shuffled,32,1,6.493882103361603e-06,7.141364101729936e-06,"[-0.7916666666666666, -0.8352678571428571, 6.493882103361603e-06]"
B_shared,l0_mean,17,shuffled,1,10,7.748559921032821e-07,7.89666920579449e-07,"[-0.6770833333333334, -0.8385416666666666, 7.748559921032821e-07]"
B_shared,l0_mean,17,shuffled,2,10,7.452886557882692e-07,8.654569689664414e-07,"[-0.90625, -0.953125, 7.452886557882692e-07]"
B_shared,l0_mean,17,shuffled,4,10,1.096737367103293e-06,1.321355134655471e-06,"[-0.90625, -0.953125, 1.096737367103293e-06]"
B_shared,l0_mean,17,shuffled,8,10,1.4553722136696555e-06,1.7024967711643316e-06,"[-0.9375, -0.96875, 1.4553722136696555e-06]"
B_shared,l0_mean,17,shuffled,16,10,1.535779792859348e-06,1.79504061189591e-06,"[-0.9583333333333334, -0.9791666666666666, 1.535779792859348e-06]"
B_shared,l0_mean,17,shuffled,32,10,1.5251173660479983e-06,1.7859892913388733e-06,"[-0.9583333333333334, -0.9791666666666666, 1.5251173660479983e-06]"
B_shared,l0_mean,17,random_subspace,32,0.01,1.9090218146280593e-06,1.8798912935716984e-06,"[-0.020833333333333332, -0.5104166666666666, 1.9090218146280593e-06]"
B_shared,l0_mean,17,random_subspace,32,0.1,1.9090502359909583e-06,1.8799068977174853e-06,"[-0.020833333333333332, -0.5104166666666666, 1.9090502359909583e-06]"
B_shared,l0_mean,17,random_subspace,32,1,1.9093494662667812e-06,1.8800811555917156e-06,"[-0.020833333333333332, -0.5104166666666666, 1.9093494662667812e-06]"
B_shared,l0_mean,17,random_subspace,32,10,1.9108251319746624e-06,1.88142445862314e-06,"[-0.020833333333333332, -0.5104166666666666, 1.9108251319746624e-06]"
B_conditional_f0,l0_mean,17,rank1,1,0.01,7.063077547892541e-08,4.457087421619589e-08,[7.063077547892541e-08]
B_conditional_f0,l0_mean,17,rank1,1,0.1,7.066616016147913e-08,4.4617049536144275e-08,[7.066616016147913e-08]
B_conditional_f0,l0_mean,17,rank1,1,1,7.362953921806192e-08,4.755825099614546e-08,[7.362953921806192e-08]
B_conditional_f0,l0_mean,17,rank1,1,10,2.025633861649675e-07,1.7738522792943528e-07,[2.025633861649675e-07]
B_conditional_f0,l0_mean,17,lowrank,1,0.01,7.063077547892541e-08,4.457087421619589e-08,[7.063077547892541e-08]
B_conditional_f0,l0_mean,17,lowrank,2,0.01,2.1681206469222415e-08,1.7715973793408035e-08,[2.1681206469222415e-08]
B_conditional_f0,l0_mean,17,lowrank,4,0.01,3.090737008846147e-09,2.969920756054241e-11,[3.090737008846147e-09]
B_conditional_f0,l0_mean,17,lowrank,8,0.01,3.0907370080001653e-09,2.969920755678695e-11,[3.0907370080001653e-09]
B_conditional_f0,l0_mean,17,lowrank,16,0.01,3.090737012273669e-09,2.969920755210038e-11,[3.090737012273669e-09]
B_conditional_f0,l0_mean,17,lowrank,32,0.01,3.0907370226030886e-09,2.969920754593654e-11,[3.0907370226030886e-09]
B_conditional_f0,l0_mean,17,lowrank,1,0.1,7.066616016147913e-08,4.4617049536144275e-08,[7.066616016147913e-08]
B_conditional_f0,l0_mean,17,lowrank,2,0.1,2.7712993501674486e-08,1.925281967429895e-08,[2.7712993501674486e-08]
B_conditional_f0,l0_mean,17,lowrank,4,0.1,5.7110217860674364e-09,1.4572423173980383e-09,[5.7110217860674364e-09]
B_conditional_f0,l0_mean,17,lowrank,8,0.1,5.711021785097264e-09,1.4572423173943133e-09,[5.711021785097264e-09]
B_conditional_f0,l0_mean,17,lowrank,16,0.1,5.711021788761307e-09,1.4572423173896587e-09,[5.711021788761307e-09]
B_conditional_f0,l0_mean,17,lowrank,32,0.1,5.711021799189553e-09,1.4572423173835343e-09,[5.711021799189553e-09]
B_conditional_f0,l0_mean,17,lowrank,1,1,7.362953921806192e-08,4.755825099614546e-08,[7.362953921806192e-08]
B_conditional_f0,l0_mean,17,lowrank,2,1,5.548369846328081e-08,2.8668485729213763e-08,[5.548369846328081e-08]
B_conditional_f0,l0_mean,17,lowrank,4,1,2.8569149987303754e-08,1.4491606623278732e-08,[2.8569149987303754e-08]
B_conditional_f0,l0_mean,17,lowrank,8,1,2.8569149987117166e-08,1.4491606623275486e-08,[2.8569149987117166e-08]
B_conditional_f0,l0_mean,17,lowrank,16,1,2.8569149991902094e-08,1.449160662327137e-08,[2.8569149991902094e-08]
B_conditional_f0,l0_mean,17,lowrank,32,1,2.856914999554748e-08,1.4491606623266073e-08,[2.856914999554748e-08]
B_conditional_f0,l0_mean,17,lowrank,1,10,2.025633861649675e-07,1.7738522792943528e-07,[2.025633861649675e-07]
B_conditional_f0,l0_mean,17,lowrank,2,10,1.9103882505025022e-07,1.6421694946998755e-07,[1.9103882505025022e-07]
B_conditional_f0,l0_mean,17,lowrank,4,10,1.844750596061277e-07,1.6048152665265235e-07,[1.844750596061277e-07]
B_conditional_f0,l0_mean,17,lowrank,8,10,1.8447505961055947e-07,1.6048152665265063e-07,[1.8447505961055947e-07]
B_conditional_f0,l0_mean,17,lowrank,16,10,1.8447505961090935e-07,1.6048152665264838e-07,[1.8447505961090935e-07]
B_conditional_f0,l0_mean,17,lowrank,32,10,1.8447505961168957e-07,1.604815266526465e-07,[1.8447505961168957e-07]
B_conditional_f0,l0_mean,17,full_delta,0,0.01,3.0907370223651505e-09,2.969920754247371e-11,[3.0907370223651505e-09]
B_conditional_f0,l0_mean,17,full_delta,0,0.1,5.711021798862902e-09,1.457242317380125e-09,[5.711021798862902e-09]
B_conditional_f0,l0_mean,17,full_delta,0,1,2.856914999734323e-08,1.44916066232637e-08,[2.856914999734323e-08]
B_conditional_f0,l0_mean,17,full_delta,0,10,1.8447505961205607e-07,1.6048152665264584e-07,[1.8447505961205607e-07]
B_conditional_f0,l0_mean,17,full_affine,0,0.01,4.929555229550483e-07,2.320424183801994e-10,[4.929555229550483e-07]
B_conditional_f0,l0_mean,17,full_affine,0,0.1,5.3688690074185e-07,1.7992976124577983e-08,[5.3688690074185e-07]
B_conditional_f0,l0_mean,17,full_affine,0,1,1.3776862717893096e-06,5.499809040759853e-07,[1.3776862717893096e-06]
B_conditional_f0,l0_mean,17,full_affine,0,10,4.922315140952217e-06,3.878774319692893e-06,[4.922315140952217e-06]
B_conditional_f0,l0_mean,17,length_shift,0,0.01,1.768822626961685e-06,1.7422594696591516e-06,[1.768822626961685e-06]
B_conditional_f0,l0_mean,17,length_shift,0,0.1,1.7690316033503632e-06,1.742298379750091e-06,[1.7690316033503632e-06]
B_conditional_f0,l0_mean,17,length_shift,0,1,1.7695005188873974e-06,1.7424908549503169e-06,[1.7695005188873974e-06]
B_conditional_f0,l0_mean,17,length_shift,0,10,1.7697915416548953e-06,1.7426985119457947e-06,[1.7697915416548953e-06]
B_conditional_f0,l0_mean,17,source_token_ridge,0,0.01,9.891121656088275e-09,8.821885757042532e-09,[9.891121656088275e-09]
B_conditional_f0,l0_mean,17,source_token_ridge,0,0.1,1.0584754209068548e-08,9.344893472159534e-09,[1.0584754209068548e-08]
B_conditional_f0,l0_mean,17,source_token_ridge,0,1,5.146393946065008e-08,4.690150658623126e-08,[5.146393946065008e-08]
B_conditional_f0,l0_mean,17,source_token_ridge,0,10,7.18787378289396e-07,7.002416388285005e-07,[7.18787378289396e-07]
B_conditional_f0,l0_mean,17,shuffled,1,0.01,4.088771378329069e-06,3.968482352405689e-06,[4.088771378329069e-06]
B_conditional_f0,l0_mean,17,shuffled,2,0.01,3.6611724033785934e-06,3.566570758645758e-06,[3.6611724033785934e-06]
B_conditional_f0,l0_mean,17,shuffled,4,0.01,5.3667464181638384e-06,5.547118716136575e-06,[5.3667464181638384e-06]
B_conditional_f0,l0_mean,17,shuffled,8,0.01,9.548941163619938e-06,9.291352931018918e-06,[9.548941163619938e-06]
B_conditional_f0,l0_mean,17,shuffled,16,0.01,1.339515916075388e-05,1.2625543704859438e-05,[1.339515916075388e-05]
B_conditional_f0,l0_mean,17,shuffled,32,0.01,1.672093311974513e-05,1.4888218286262828e-05,[1.672093311974513e-05]
B_conditional_f0,l0_mean,17,shuffled,1,0.1,3.6645916138803124e-06,3.876988352954226e-06,[3.6645916138803124e-06]
B_conditional_f0,l0_mean,17,shuffled,2,0.1,2.844572303100039e-06,3.093432027445232e-06,[2.844572303100039e-06]
B_conditional_f0,l0_mean,17,shuffled,4,0.1,4.785257925676932e-06,5.293612567323113e-06,[4.785257925676932e-06]
B_conditional_f0,l0_mean,17,shuffled,8,0.1,8.41615020650663e-06,8.832768681575854e-06,[8.41615020650663e-06]
B_conditional_f0,l0_mean,17,shuffled,16,0.1,1.182313208867487e-05,1.1909249503317282e-05,[1.182313208867487e-05]
B_conditional_f0,l0_mean,17,shuffled,32,0.1,1.4577212850236595e-05,1.3897268564041947e-05,[1.4577212850236595e-05]
B_conditional_f0,l0_mean,17,shuffled,1,1,2.958120700857308e-06,3.407772839724018e-06,[2.958120700857308e-06]
B_conditional_f0,l0_mean,17,shuffled,2,1,1.588263164165221e-06,2.07867869872232e-06,[1.588263164165221e-06]
B_conditional_f0,l0_mean,17,shuffled,4,1,3.343776624585821e-06,4.156089811960799e-06,[3.343776624585821e-06]
B_conditional_f0,l0_mean,17,shuffled,8,1,5.747588775114282e-06,6.726685146567707e-06,[5.747588775114282e-06]
B_conditional_f0,l0_mean,17,shuffled,16,1,7.53386091537207e-06,8.549106495999936e-06,[7.53386091537207e-06]
B_conditional_f0,l0_mean,17,shuffled,32,1,8.577882622856247e-06,9.422007075623037e-06,[8.577882622856247e-06]
B_conditional_f0,l0_mean,17,shuffled,1,10,1.1000553966989985e-06,1.1751400110721172e-06,[1.1000553966989985e-06]
B_conditional_f0,l0_mean,17,shuffled,2,10,8.055476410049476e-07,9.935355619570473e-07,[8.055476410049476e-07]
B_conditional_f0,l0_mean,17,shuffled,4,10,1.376392127783996e-06,1.7254861816083185e-06,[1.376392127783996e-06]
B_conditional_f0,l0_mean,17,shuffled,8,10,2.0155204555756192e-06,2.4156290487205397e-06,[2.0155204555756192e-06]
B_conditional_f0,l0_mean,17,shuffled,16,10,2.246216810823946e-06,2.672282811203781e-06,[2.246216810823946e-06]
B_conditional_f0,l0_mean,17,shuffled,32,10,2.3087006741232803e-06,2.730229806711164e-06,[2.3087006741232803e-06]
B_conditional_f0,l0_mean,17,random_subspace,8,0.01,1.786734689703627e-06,1.7605406375632433e-06,[1.786734689703627e-06]
B_conditional_f0,l0_mean,17,random_subspace,8,0.1,1.7867435196785805e-06,1.7605434070319875e-06,[1.7867435196785805e-06]
B_conditional_f0,l0_mean,17,random_subspace,8,1,1.7867965274396965e-06,1.7605673969412825e-06,[1.7867965274396965e-06]
B_conditional_f0,l0_mean,17,random_subspace,8,10,1.7870545280983952e-06,1.760795711250566e-06,[1.7870545280983952e-06]
B_conditional_f1,l0_mean,17,rank1,1,0.01,7.159861996361977e-08,4.5602193032011194e-08,[7.159861996361977e-08]
B_conditional_f1,l0_mean,17,rank1,1,0.1,7.163394120613648e-08,4.564839717739776e-08,[7.163394120613648e-08]
B_conditional_f1,l0_mean,17,rank1,1,1,7.459742878684926e-08,4.859020848211537e-08,[7.459742878684926e-08]
B_conditional_f1,l0_mean,17,rank1,1,10,2.0353464202840387e-07,1.7842307291824383e-07,[2.0353464202840387e-07]
B_conditional_f1,l0_mean,17,lowrank,1,0.01,7.159861996361977e-08,4.5602193032011194e-08,[7.159861996361977e-08]
B_conditional_f1,l0_mean,17,lowrank,2,0.01,2.367178469601237e-08,1.8077365695788886e-08,[2.367178469601237e-08]
B_conditional_f1,l0_mean,17,lowrank,4,0.01,3.143532118000523e-09,2.9761274930662175e-11,[3.143532118000523e-09]
B_conditional_f1,l0_mean,17,lowrank,8,0.01,3.143532115043298e-09,2.976127492661865e-11,[3.143532115043298e-09]
B_conditional_f1,l0_mean,17,lowrank,16,0.01,3.143532111911728e-09,2.9761274921891017e-11,[3.143532111911728e-09]
B_conditional_f1,l0_mean,17,lowrank,32,0.01,3.1435321090308784e-09,2.9761274915690555e-11,[3.1435321090308784e-09]
B_conditional_f1,l0_mean,17,lowrank,1,0.1,7.163394120613648e-08,4.564839717739776e-08,[7.163394120613648e-08]
B_conditional_f1,l0_mean,17,lowrank,2,0.1,3.055435442977321e-08,1.959402678470319e-08,[3.055435442977321e-08]
B_conditional_f1,l0_mean,17,lowrank,4,0.1,5.764792995912231e-09,1.4602398419070153e-09,[5.764792995912231e-09]
B_conditional_f1,l0_mean,17,lowrank,8,0.1,5.764792993341777e-09,1.4602398419030024e-09,[5.764792993341777e-09]
B_conditional_f1,l0_mean,17,lowrank,16,0.1,5.76479299096547e-09,1.4602398418983067e-09,[5.76479299096547e-09]
B_conditional_f1,l0_mean,17,lowrank,32,0.1,5.7647929880871235e-09,1.4602398418921525e-09,[5.7647929880871235e-09]
B_conditional_f1,l0_mean,17,lowrank,1,1,7.459742878684926e-08,4.859020848211537e-08,[7.459742878684926e-08]
B_conditional_f1,l0_mean,17,lowrank,2,1,5.498909227402723e-08,2.8433345665859966e-08,[5.498909227402723e-08]
B_conditional_f1,l0_mean,17,lowrank,4,1,2.865776784523715e-08,1.4525974271627777e-08,[2.865776784523715e-08]
B_conditional_f1,l0_mean,17,lowrank,8,1,2.8657767841479087e-08,1.4525974271624303e-08,[2.8657767841479087e-08]
B_conditional_f1,l0_mean,17,lowrank,16,1,2.8657767842974762e-08,1.4525974271620173e-08,[2.8657767842974762e-08]
B_conditional_f1,l0_mean,17,lowrank,32,1,2.8657767840007103e-08,1.4525974271614845e-08,[2.8657767840007103e-08]
B_conditional_f1,l0_mean,17,lowrank,1,10,2.0353464202840387e-07,1.7842307291824383e-07,[2.0353464202840387e-07]
B_conditional_f1,l0_mean,17,lowrank,2,10,1.9130863973359337e-07,1.6449207004135607e-07,[1.9130863973359337e-07]
B_conditional_f1,l0_mean,17,lowrank,4,10,1.8482078909901404e-07,1.6079882974873318e-07,[1.8482078909901404e-07]
B_conditional_f1,l0_mean,17,lowrank,8,10,1.8482078909511726e-07,1.6079882974873128e-07,[1.8482078909511726e-07]
B_conditional_f1,l0_mean,17,lowrank,16,10,1.8482078909665828e-07,1.6079882974872913e-07,[1.8482078909665828e-07]
B_conditional_f1,l0_mean,17,lowrank,32,10,1.8482078909577173e-07,1.6079882974872717e-07,[1.8482078909577173e-07]
B_conditional_f1,l0_mean,17,full_delta,0,0.01,3.1435321057881087e-09,2.9761274912174107e-11,[3.1435321057881087e-09]
B_conditional_f1,l0_mean,17,full_delta,0,0.1,5.764792985160565e-09,1.4602398418886835e-09,[5.764792985160565e-09]
B_conditional_f1,l0_mean,17,full_delta,0,1,2.8657767838324515e-08,1.4525974271612423e-08,[2.8657767838324515e-08]
B_conditional_f1,l0_mean,17,full_delta,0,10,1.8482078909554994e-07,1.6079882974872662e-07,[1.8482078909554994e-07]
B_conditional_f1,l0_mean,17,full_affine,0,0.01,4.921546728095875e-07,2.3200821114209501e-10,[4.921546728095875e-07]
B_conditional_f1,l0_mean,17,full_affine,0,0.1,5.360888851879157e-07,1.799002879242891e-08,[5.360888851879157e-07]
B_conditional_f1,l0_mean,17,full_affine,0,1,1.376700342654874e-06,5.49864168882068e-07,[1.376700342654874e-06]
B_conditional_f1,l0_mean,17,full_affine,0,10,4.920911198219699e-06,3.878828860559147e-06,[4.920911198219699e-06]
B_conditional_f1,l0_mean,17,length_shift,0,0.01,1.7691121150106054e-06,1.7424222825120888e-06,[1.7691121150106054e-06]
B_conditional_f1,l0_mean,17,length_shift,0,0.1,1.7693199324229354e-06,1.7424608335556915e-06,[1.7693199324229354e-06]
B_conditional_f1,l0_mean,17,length_shift,0,1,1.7697848692550127e-06,1.7426516046723255e-06,[1.7697848692550127e-06]
B_conditional_f1,l0_mean,17,length_shift,0,10,1.7700686989296101e-06,1.7428635530902165e-06,[1.7700686989296101e-06]
B_conditional_f1,l0_mean,17,source_token_ridge,0,0.01,9.927637393677926e-09,8.821889738149767e-09,[9.927637393677926e-09]
B_conditional_f1,l0_mean,17,source_token_ridge,0,0.1,1.0622008454557032e-08,9.34526759127681e-09,[1.0622008454557032e-08]
B_conditional_f1,l0_mean,17,source_token_ridge,0,1,5.152822244492102e-08,4.692395416927304e-08,[5.152822244492102e-08]
B_conditional_f1,l0_mean,17,source_token_ridge,0,10,7.191599614693534e-07,7.005898548993627e-07,[7.191599614693534e-07]
B_conditional_f1,l0_mean,17,shuffled,1,0.01,4.090487514432705e-06,3.969627149838009e-06,[4.090487514432705e-06]
B_conditional_f1,l0_mean,17,shuffled,2,0.01,3.7077825381180195e-06,3.6130338159028354e-06,[3.7077825381180195e-06]
B_conditional_f1,l0_mean,17,shuffled,4,0.01,5.3711537540203975e-06,5.5545854451371784e-06,[5.3711537540203975e-06]
B_conditional_f1,l0_mean,17,shuffled,8,0.01,9.563689302557405e-06,9.305918871795765e-06,[9.563689302557405e-06]
B_conditional_f1,l0_mean,17,shuffled,16,0.01,1.3397433106424899e-05,1.2635433288001271e-05,[1.3397433106424899e-05]
B_conditional_f1,l0_mean,17,shuffled,32,0.01,1.672876623157082e-05,1.4897818106989134e-05,[1.672876623157082e-05]
B_conditional_f1,l0_mean,17,shuffled,1,0.1,3.6659636589513283e-06,3.8781937441463e-06,[3.6659636589513283e-06]
B_conditional_f1,l0_mean,17,shuffled,2,0.1,2.8790030700046847e-06,3.1284447375711157e-06,[2.8790030700046847e-06]
B_conditional_f1,l0_mean,17,shuffled,4,0.1,4.788885370444317e-06,5.300325858036687e-06,[4.788885370444317e-06]
B_conditional_f1,l0_mean,17,shuffled,8,0.1,8.429701492922495e-06,8.84654572183179e-06,[8.429701492922495e-06]
B_conditional_f1,l0_mean,17,shuffled,16,0.1,1.1827062590434133e-05,1.191880147602406e-05,[1.1827062590434133e-05]
B_conditional_f1,l0_mean,17,shuffled,32,0.1,1.4584387839138033e-05,1.3906381385509855e-05,[1.4584387839138033e-05]
B_conditional_f1,l0_mean,17,shuffled,1,1,2.9591470051341767e-06,3.4090161102659303e-06,[2.9591470051341767e-06]
B_conditional_f1,l0_mean,17,shuffled,2,1,1.5936614348334685e-06,2.084673747385688e-06,[1.5936614348334685e-06]
B_conditional_f1,l0_mean,17,shuffled,4,1,3.3471461395199214e-06,4.160477206397965e-06,[3.3471461395199214e-06]
B_conditional_f1,l0_mean,17,shuffled,8,1,5.757007587995812e-06,6.737397316798937e-06,[5.757007587995812e-06]
B_conditional_f1,l0_mean,17,shuffled,16,1,7.5391380585706115e-06,8.557121100478437e-06,[7.5391380585706115e-06]
B_conditional_f1,l0_mean,17,shuffled,32,1,8.583367767725252e-06,9.429261664137876e-06,[8.583367767725252e-06]
B_conditional_f1,l0_mean,17,shuffled,1,10,1.1008465581065898e-06,1.175993430162112e-06,[1.1008465581065898e-06]
B_conditional_f1,l0_mean,17,shuffled,2,10,8.068757758207657e-07,9.950474969660232e-07,[8.068757758207657e-07]
B_conditional_f1,l0_mean,17,shuffled,4,10,1.3788016621528138e-06,1.727893929987108e-06,[1.3788016621528138e-06]
B_conditional_f1,l0_mean,17,shuffled,8,10,2.0207019166615287e-06,2.4216865706227435e-06,[2.0207019166615287e-06]
B_conditional_f1,l0_mean,17,shuffled,16,10,2.249902624450042e-06,2.6767393678754516e-06,[2.249902624450042e-06]
B_conditional_f1,l0_mean,17,shuffled,32,10,2.3122107688855054e-06,2.734562268247537e-06,[2.3122107688855054e-06]
B_conditional_f1,l0_mean,17,random_subspace,32,0.01,1.7784955515478207e-06,1.7524877325544613e-06,[1.7784955515478207e-06]
B_conditional_f1,l0_mean,17,random_subspace,32,0.1,1.7785191946758418e-06,1.7525016633845468e-06,[1.7785191946758418e-06]
B_conditional_f1,l0_mean,17,random_subspace,32,1,1.7787290183891293e-06,1.7526203405741882e-06,[1.7787290183891293e-06]
B_conditional_f1,l0_mean,17,random_subspace,32,10,1.7798272762475678e-06,1.7536270937208822e-06,[1.7798272762475678e-06]
B_conditional_f2,l0_mean,17,rank1,1,0.01,1.353753029480446e-06,1.3045614710053673e-06,[1.353753029480446e-06]
B_conditional_f2,l0_mean,17,rank1,1,0.1,1.353782128134628e-06,1.304595519343463e-06,[1.353782128134628e-06]
B_conditional_f2,l0_mean,17,rank1,1,1,1.3563339813059241e-06,1.3071429750161183e-06,[1.3563339813059241e-06]
B_conditional_f2,l0_mean,17,rank1,1,10,1.4817242462563126e-06,1.432887150442134e-06,[1.4817242462563126e-06]
B_conditional_f2,l0_mean,17,lowrank,1,0.01,1.353753029480446e-06,1.3045614710053673e-06,[1.353753029480446e-06]
B_conditional_f2,l0_mean,17,lowrank,2,0.01,1.2470149420542813e-06,1.14032404800264e-06,[1.2470149420542813e-06]
B_conditional_f2,l0_mean,17,lowrank,4,0.01,1.0346064592212582e-06,8.855253688915445e-07,[1.0346064592212582e-06]
B_conditional_f2,l0_mean,17,lowrank,8,0.01,7.296166914804111e-07,5.629114440414142e-07,[7.296166914804111e-07]
B_conditional_f2,l0_mean,17,lowrank,16,0.01,4.869581728447444e-07,3.088824302004162e-07,[4.869581728447444e-07]
B_conditional_f2,l0_mean,17,lowrank,32,0.01,2.2702872820654118e-07,8.058530870763947e-08,[2.2702872820654118e-07]
B_conditional_f2,l0_mean,17,lowrank,1,0.1,1.353782128134628e-06,1.304595519343463e-06,[1.353782128134628e-06]
B_conditional_f2,l0_mean,17,lowrank,2,0.1,1.2469413928575998e-06,1.1403693729503123e-06,[1.2469413928575998e-06]
B_conditional_f2,l0_mean,17,lowrank,4,0.1,1.0345030436745547e-06,8.855909156103909e-07,[1.0345030436745547e-06]
B_conditional_f2,l0_mean,17,lowrank,8,0.1,7.296207979832647e-07,5.630432130173912e-07,[7.296207979832647e-07]
B_conditional_f2,l0_mean,17,lowrank,16,0.1,4.937505864103843e-07,3.0994879829406075e-07,[4.937505864103843e-07]
B_conditional_f2,l0_mean,17,lowrank,32,0.1,2.2994261310565975e-07,8.255333762263288e-08,[2.2994261310565975e-07]
B_conditional_f2,l0_mean,17,lowrank,1,1,1.3563339813059241e-06,1.3071429750161183e-06,[1.3563339813059241e-06]
B_conditional_f2,l0_mean,17,lowrank,2,1,1.249465383236521e-06,1.1433419959033315e-06,[1.249465383236521e-06]
B_conditional_f2,l0_mean,17,lowrank,4,1,1.03767743874905e-06,8.897137929564953e-07,[1.03767743874905e-06]
B_conditional_f2,l0_mean,17,lowrank,8,1,7.358415118226943e-07,5.699839950137778e-07,[7.358415118226943e-07]
B_conditional_f2,l0_mean,17,lowrank,16,1,5.222323854537721e-07,3.2885943613025817e-07,[5.222323854537721e-07]
B_conditional_f2,l0_mean,17,lowrank,32,1,2.914649086167455e-07,1.3268302253417564e-07,[2.914649086167455e-07]
B_conditional_f2,l0_mean,17,lowrank,1,10,1.4817242462563126e-06,1.432887150442134e-06,[1.4817242462563126e-06]
B_conditional_f2,l0_mean,17,lowrank,2,10,1.3860076699821986e-06,1.2861304729895052e-06,[1.3860076699821986e-06]
B_conditional_f2,l0_mean,17,lowrank,4,10,1.2063709083005279e-06,1.0715257008232814e-06,[1.2063709083005279e-06]
B_conditional_f2,l0_mean,17,lowrank,8,10,9.77694989461699e-07,8.280025440573376e-07,[9.77694989461699e-07]
B_conditional_f2,l0_mean,17,lowrank,16,10,8.654574313363414e-07,6.98899406346442e-07,[8.654574313363414e-07]
B_conditional_f2,l0_mean,17,lowrank,32,10,7.905575729397327e-07,6.329655164862896e-07,[7.905575729397327e-07]
B_conditional_f2,l0_mean,17,full_delta,0,0.01,6.147592254056814e-08,3.5954756156441e-10,[6.147592254056814e-08]
B_conditional_f2,l0_mean,17,full_delta,0,0.1,6.942077809055477e-08,3.930150975907262e-09,[6.942077809055477e-08]
B_conditional_f2,l0_mean,17,full_delta,0,1,1.9264642548237343e-07,8.07885834838039e-08,[1.9264642548237343e-07]
B_conditional_f2,l0_mean,17,full_delta,0,10,7.715914141490268e-07,6.225635790836752e-07,[7.715914141490268e-07]
B_conditional_f2,l0_mean,17,full_affine,0,0.01,2.1324919968741826e-07,3.9904264886619834e-10,[2.1324919968741826e-07]
B_conditional_f2,l0_mean,17,full_affine,0,0.1,2.3180659511770268e-07,7.84729263604934e-09,[2.3180659511770268e-07]
B_conditional_f2,l0_mean,17,full_affine,0,1,5.869560943049099e-07,2.3265148320509173e-07,[5.869560943049099e-07]
B_conditional_f2,l0_mean,17,full_affine,0,10,2.0938205443833347e-06,1.6526240936796875e-06,[2.0938205443833347e-06]
B_conditional_f2,l0_mean,17,length_shift,0,0.01,3.0017501352074657e-06,2.8569781340426405e-06,[3.0017501352074657e-06]
B_conditional_f2,l0_mean,17,length_shift,0,0.1,2.9984637296068866e-06,2.8610225404330467e-06,[2.9984637296068866e-06]
B_conditional_f2,l0_mean,17,length_shift,0,1,3.0048269458622836e-06,2.8808979887863944e-06,[3.0048269458622836e-06]
B_conditional_f2,l0_mean,17,length_shift,0,10,3.0030366302103873e-06,2.8911303341337273e-06,[3.0030366302103873e-06]
B_conditional_f2,l0_mean,17,source_token_ridge,0,0.01,8.796193069678174e-08,1.0808213304605978e-08,[8.796193069678174e-08]
B_conditional_f2,l0_mean,17,source_token_ridge,0,0.1,9.234204265125923e-08,1.2401164208079267e-08,[9.234204265125923e-08]
B_conditional_f2,l0_mean,17,source_token_ridge,0,1,2.3704998655571298e-07,9.615525487341862e-08,[2.3704998655571298e-07]
B_conditional_f2,l0_mean,17,source_token_ridge,0,10,1.4225134849767973e-06,1.2421087596675283e-06,[1.4225134849767973e-06]
B_conditional_f2,l0_mean,17,shuffled,1,0.01,2.935496985779094e-06,2.8185381213862533e-06,[2.935496985779094e-06]
B_conditional_f2,l0_mean,17,shuffled,2,0.01,2.4083113580978922e-06,2.2452269855557973e-06,[2.4083113580978922e-06]
B_conditional_f2,l0_mean,17,shuffled,4,0.01,3.3011858463246092e-06,3.247137033079157e-06,[3.3011858463246092e-06]
B_conditional_f2,l0_mean,17,shuffled,8,0.01,4.773312469602692e-06,4.5135823006958156e-06,[4.773312469602692e-06]
B_conditional_f2,l0_mean,17,shuffled,16,0.01,6.138932869430079e-06,5.689377848509671e-06,[6.138932869430079e-06]
B_conditional_f2,l0_mean,17,shuffled,32,0.01,7.3002322253909365e-06,6.420225465052302e-06,[7.3002322253909365e-06]
B_conditional_f2,l0_mean,17,shuffled,1,0.1,2.696717358040125e-06,2.676328678489754e-06,[2.696717358040125e-06]
B_conditional_f2,l0_mean,17,shuffled,2,0.1,2.2024781530022336e-06,2.195594712078788e-06,[2.2024781530022336e-06]
B_conditional_f2,l0_mean,17,shuffled,4,0.1,3.0328216795016535e-06,3.131875038971496e-06,[3.0328216795016535e-06]
B_conditional_f2,l0_mean,17,shuffled,8,0.1,4.279847368459013e-06,4.298284587364546e-06,[4.279847368459013e-06]
B_conditional_f2,l0_mean,17,shuffled,16,0.1,5.438740527836819e-06,5.340605614208095e-06,[5.438740527836819e-06]
B_conditional_f2,l0_mean,17,shuffled,32,0.1,6.308983637364805e-06,5.918242658339623e-06,[6.308983637364805e-06]
B_conditional_f2,l0_mean,17,shuffled,1,1,2.0259835828557533e-06,2.038991885335736e-06,[2.0259835828557533e-06]
B_conditional_f2,l0_mean,17,shuffled,2,1,1.8491636599582626e-06,1.9677089615972387e-06,[1.8491636599582626e-06]
B_conditional_f2,l0_mean,17,shuffled,4,1,2.359515273282739e-06,2.579577209063066e-06,[2.359515273282739e-06]
B_conditional_f2,l0_mean,17,shuffled,8,1,3.011447257751032e-06,3.2441690598053885e-06,[3.011447257751032e-06]
B_conditional_f2,l0_mean,17,shuffled,16,1,3.38946268119422e-06,3.6290617875216466e-06,[3.38946268119422e-06]
B_conditional_f2,l0_mean,17,shuffled,32,1,3.413284346871421e-06,3.6292558438230104e-06,[3.413284346871421e-06]
B_conditional_f2,l0_mean,17,shuffled,1,10,1.6030156542905592e-06,1.5604091567325091e-06,[1.6030156542905592e-06]
B_conditional_f2,l0_mean,17,shuffled,2,10,1.5327115174218653e-06,1.5046623694928242e-06,[1.5327115174218653e-06]
B_conditional_f2,l0_mean,17,shuffled,4,10,1.449961616792076e-06,1.406922574484734e-06,[1.449961616792076e-06]
B_conditional_f2,l0_mean,17,shuffled,8,10,1.2333359126351703e-06,1.1611122713538937e-06,[1.2333359126351703e-06]
B_conditional_f2,l0_mean,17,shuffled,16,10,1.0243738500295586e-06,9.336348983979965e-07,[1.0243738500295586e-06]
B_conditional_f2,l0_mean,17,shuffled,32,10,8.635950812766378e-07,7.856113623725013e-07,[8.635950812766378e-07]
B_conditional_f2,l0_mean,17,random_subspace,32,0.01,3.0501478959946344e-06,3.0001867859637277e-06,[3.0501478959946344e-06]
B_conditional_f2,l0_mean,17,random_subspace,32,0.1,3.0502146198276675e-06,3.000218452733337e-06,[3.0502146198276675e-06]
B_conditional_f2,l0_mean,17,random_subspace,32,1,3.0512962996082803e-06,3.0008874149667316e-06,[3.0512962996082803e-06]
B_conditional_f2,l0_mean,17,random_subspace,32,10,3.0561007040814107e-06,3.005260878849338e-06,[3.0561007040814107e-06]
B_shared,l0_mean,29,rank1,1,0.01,2.0290379000574617e-07,1.993697339359419e-07,"[-0.9895833333333334, -0.9947916666666666, 2.0290379000574617e-07]"
B_shared,l0_mean,29,rank1,1,0.1,2.0296695253470297e-07,1.99411186930501e-07,"[-0.9895833333333334, -0.9947916666666666, 2.0296695253470297e-07]"
B_shared,l0_mean,29,rank1,1,1,2.0599557860121792e-07,2.0224480585183396e-07,"[-0.9895833333333334, -0.9947916666666666, 2.0599557860121792e-07]"
B_shared,l0_mean,29,rank1,1,10,3.3420823458975577e-07,3.3075667439191736e-07,"[-0.8958333333333334, -0.9479166666666666, 3.3420823458975577e-07]"
B_shared,l0_mean,29,lowrank,1,0.01,2.0290379000574617e-07,1.993697339359419e-07,"[-0.9895833333333334, -0.9947916666666666, 2.0290379000574617e-07]"
B_shared,l0_mean,29,lowrank,2,0.01,1.5554892129696696e-07,1.4746814687042411e-07,"[-1.0, -1.0, 1.5554892129696696e-07]"
B_shared,l0_mean,29,lowrank,4,0.01,1.2679478367231768e-07,1.1423505175895619e-07,"[-1.0, -1.0, 1.2679478367231768e-07]"
B_shared,l0_mean,29,lowrank,8,0.01,8.875755447420665e-08,6.900312398498368e-08,"[-1.0, -1.0, 8.875755447420665e-08]"
B_shared,l0_mean,29,lowrank,16,0.01,5.7465868613870066e-08,3.340888353749063e-08,"[-1.0, -1.0, 5.7465868613870066e-08]"
B_shared,l0_mean,29,lowrank,32,0.01,2.676727642601195e-08,7.044723478849746e-09,"[-1.0, -1.0, 2.676727642601195e-08]"
B_shared,l0_mean,29,lowrank,1,0.1,2.0296695253470297e-07,1.99411186930501e-07,"[-0.9895833333333334, -0.9947916666666666, 2.0296695253470297e-07]"
B_shared,l0_mean,29,lowrank,2,0.1,1.568353283066784e-07,1.4847606698090578e-07,"[-1.0, -1.0, 1.568353283066784e-07]"
B_shared,l0_mean,29,lowrank,4,0.1,1.281023581739089e-07,1.1524925493417833e-07,"[-1.0, -1.0, 1.281023581739089e-07]"
B_shared,l0_mean,29,lowrank,8,0.1,8.979792731317685e-08,7.003064496879001e-08,"[-1.0, -1.0, 8.979792731317685e-08]"
B_shared,l0_mean,29,lowrank,16,0.1,5.855686899973453e-08,3.4455926400423884e-08,"[-1.0, -1.0, 5.855686899973453e-08]"
B_shared,l0_mean,29,lowrank,32,0.1,2.7905356715726206e-08,8.171850532382017e-09,"[-1.0, -1.0, 2.7905356715726206e-08]"
B_shared,l0_mean,29,lowrank,1,1,2.0599557860121792e-07,2.0224480585183396e-07,"[-0.9895833333333334, -0.9947916666666666, 2.0599557860121792e-07]"
B_shared,l0_mean,29,lowrank,2,1,1.7456604541819227e-07,1.6360383475228442e-07,"[-1.0, -1.0, 1.7456604541819227e-07]"
B_shared,l0_mean,29,lowrank,4,1,1.4647159554589376e-07,1.306745921941657e-07,"[-1.0, -1.0, 1.4647159554589376e-07]"
B_shared,l0_mean,29,lowrank,8,1,1.0682745931990259e-07,8.593447209750302e-08,"[-1.0, -1.0, 1.0682745931990259e-07]"
B_shared,l0_mean,29,lowrank,16,1,7.68826840001637e-08,5.14586346374861e-08,"[-1.0, -1.0, 7.68826840001637e-08]"
B_shared,l0_mean,29,lowrank,32,1,4.992180906190301e-08,2.827446386394592e-08,"[-1.0, -1.0, 4.992180906190301e-08]"
B_shared,l0_mean,29,lowrank,1,10,3.3420823458975577e-07,3.3075667439191736e-07,"[-0.8958333333333334, -0.9479166666666666, 3.3420823458975577e-07]"
B_shared,l0_mean,29,lowrank,2,10,3.227152178018995e-07,3.1202634542906295e-07,"[-0.9375, -0.96875, 3.227152178018995e-07]"
B_shared,l0_mean,29,lowrank,4,10,3.020834655149004e-07,2.8487728586601754e-07,"[-0.9166666666666666, -0.9583333333333334, 3.020834655149004e-07]"
B_shared,l0_mean,29,lowrank,8,10,2.702718853163401e-07,2.515431648723591e-07,"[-0.9791666666666666, -0.9895833333333334, 2.702718853163401e-07]"
B_shared,l0_mean,29,lowrank,16,10,2.5289761440994745e-07,2.316485408333316e-07,"[-0.9791666666666666, -0.9895833333333334, 2.5289761440994745e-07]"
B_shared,l0_mean,29,lowrank,32,10,2.4363294199398283e-07,2.234378307509028e-07,"[-0.9791666666666666, -0.9895833333333334, 2.4363294199398283e-07]"
B_shared,l0_mean,29,full_delta,0,0.01,1.0527668148018417e-08,5.134318565966805e-11,"[-1.0, -1.0, 1.0527668148018417e-08]"
B_shared,l0_mean,29,full_delta,0,0.1,1.2252904515318156e-08,1.3533324934115958e-09,"[-1.0, -1.0, 1.2252904515318156e-08]"
B_shared,l0_mean,29,full_delta,0,1,4.0690941775732124e-08,2.399856833560696e-08,"[-1.0, -1.0, 4.0690941775732124e-08]"
B_shared,l0_mean,29,full_delta,0,10,2.419364583694107e-07,2.2262603621163835e-07,"[-0.9791666666666666, -0.9895833333333334, 2.419364583694107e-07]"
B_shared,l0_mean,29,full_affine,0,0.01,4.923573740084231e-07,2.3718483282517465e-10,"[-0.9583333333333334, -0.9791666666666666, 4.923573740084231e-07]"
B_shared,l0_mean,29,full_affine,0,0.1,5.292962404165555e-07,1.4646505888093291e-08,"[-0.9583333333333334, -0.9791666666666666, 5.292962404165555e-07]"
B_shared,l0_mean,29,full_affine,0,1,1.1723495597928828e-06,4.024214305111636e-07,"[-0.9583333333333334, -0.9791666666666666, 1.1723495597928828e-06]"
B_shared,l0_mean,29,full_affine,0,10,3.887594225320074e-06,2.9934459662558045e-06,"[-0.9583333333333334, -0.9791666666666666, 3.887594225320074e-06]"
B_shared,l0_mean,29,length_shift,0,0.01,1.9061351049378585e-06,1.8914376529559893e-06,"[-0.0, -0.5, 1.9061351049378585e-06]"
B_shared,l0_mean,29,length_shift,0,0.1,1.9053407166708944e-06,1.8920939952191607e-06,"[-0.0, -0.5, 1.9053407166708944e-06]"
B_shared,l0_mean,29,length_shift,0,1,1.906126426836933e-06,1.895543795328208e-06,"[-0.0, -0.5, 1.906126426836933e-06]"
B_shared,l0_mean,29,length_shift,0,10,1.9060121163604195e-06,1.8973376422292264e-06,"[-0.0, -0.5, 1.9060121163604195e-06]"
B_shared,l0_mean,29,source_token_ridge,0,0.01,2.0397421817438955e-08,8.171175210043712e-09,"[-1.0, -1.0, 2.0397421817438955e-08]"
B_shared,l0_mean,29,source_token_ridge,0,0.1,2.1493727097103628e-08,8.83250865691428e-09,"[-1.0, -1.0, 2.1493727097103628e-08]"
B_shared,l0_mean,29,source_token_ridge,0,1,7.088724414437829e-08,5.1231122245474214e-08,"[-1.0, -1.0, 7.088724414437829e-08]"
B_shared,l0_mean,29,source_token_ridge,0,10,7.727336278842735e-07,7.517412096240848e-07,"[-0.5, -0.75, 7.727336278842735e-07]"
B_shared,l0_mean,29,shuffled,1,0.01,3.1364756012665675e-06,3.5517529129408595e-06,"[-0.09375, -0.546875, 3.1364756012665675e-06]"
B_shared,l0_mean,29,shuffled,2,0.01,2.385338160359449e-06,2.6828950024559265e-06,"[-0.6979166666666666, -0.8489583333333334, 2.385338160359449e-06]"
B_shared,l0_mean,29,shuffled,4,0.01,4.975621885840628e-06,4.593315245463178e-06,"[-0.84375, -0.8876578282828284, 4.975621885840628e-06]"
B_shared,l0_mean,29,shuffled,8,0.01,7.96846057579754e-06,7.4571106603095425e-06,"[-0.7604166666666666, -0.8210858585858585, 7.96846057579754e-06]"
B_shared,l0_mean,29,shuffled,16,0.01,1.1304264408216019e-05,1.0200016798105256e-05,"[-0.6458333333333334, -0.7115115497927998, 1.1304264408216019e-05]"
B_shared,l0_mean,29,shuffled,32,0.01,1.3745731330122034e-05,1.1848801506190769e-05,"[-0.3125, -0.40668144446927346, 1.3745731330122034e-05]"
B_shared,l0_mean,29,shuffled,1,0.1,3.0669680336748384e-06,3.476006793280504e-06,"[-0.10416666666666667, -0.5520833333333334, 3.0669680336748384e-06]"
B_shared,l0_mean,29,shuffled,2,0.1,2.1177537572322176e-06,2.453627861839896e-06,"[-0.7291666666666666, -0.8645833333333334, 2.1177537572322176e-06]"
B_shared,l0_mean,29,shuffled,4,0.1,4.461719769520315e-06,4.381804285085858e-06,"[-0.8645833333333334, -0.9038194444444444, 4.461719769520315e-06]"
B_shared,l0_mean,29,shuffled,8,0.1,7.154443775409348e-06,7.056908421881386e-06,"[-0.8229166666666666, -0.8679819023569024, 7.154443775409348e-06]"
B_shared,l0_mean,29,shuffled,16,0.1,1.001458541671205e-05,9.571582322541978e-06,"[-0.6770833333333334, -0.7394340034965033, 1.001458541671205e-05]"
B_shared,l0_mean,29,shuffled,32,0.1,1.2007491077612489e-05,1.1002566441820614e-05,"[-0.34375, -0.45708866637175466, 1.2007491077612489e-05]"
B_shared,l0_mean,29,shuffled,1,1,2.250632157218288e-06,2.5270414854259883e-06,"[-0.3541666666666667, -0.6770833333333334, 2.250632157218288e-06]"
B_shared,l0_mean,29,shuffled,2,1,1.4415466013615948e-06,1.7853805779634164e-06,"[-0.9270833333333334, -0.9635416666666666, 1.4415466013615948e-06]"
B_shared,l0_mean,29,shuffled,4,1,3.117885760596277e-06,3.485460034549128e-06,"[-0.9479166666666666, -0.9722222222222222, 3.117885760596277e-06]"
B_shared,l0_mean,29,shuffled,8,1,4.8463709114157525e-06,5.301749880447359e-06,"[-0.9270833333333334, -0.9440972222222221, 4.8463709114157525e-06]"
B_shared,l0_mean,29,shuffled,16,1,6.217188941677605e-06,6.7845271511245426e-06,"[-0.8854166666666666, -0.9167658730158731, 6.217188941677605e-06]"
B_shared,l0_mean,29,shuffled,32,1,6.8799649750377555e-06,7.345629503532818e-06,"[-0.8541666666666666, -0.8846023478835979, 6.8799649750377555e-06]"
B_shared,l0_mean,29,shuffled,1,10,4.1083342974224966e-07,4.079335925744203e-07,"[-0.8854166666666666, -0.9427083333333334, 4.1083342974224966e-07]"
B_shared,l0_mean,29,shuffled,2,10,7.34608706547656e-07,8.487013921481705e-07,"[-0.90625, -0.953125, 7.34608706547656e-07]"
B_shared,l0_mean,29,shuffled,4,10,1.202218022758348e-06,1.421388875489331e-06,"[-0.90625, -0.953125, 1.202218022758348e-06]"
B_shared,l0_mean,29,shuffled,8,10,1.5208701373010596e-06,1.7440330495256914e-06,"[-0.9479166666666666, -0.9739583333333334, 1.5208701373010596e-06]"
B_shared,l0_mean,29,shuffled,16,10,1.6125381355638897e-06,1.8724157882404455e-06,"[-0.9583333333333334, -0.9791666666666666, 1.6125381355638897e-06]"
B_shared,l0_mean,29,shuffled,32,10,1.596462196873826e-06,1.8576208386752153e-06,"[-0.9583333333333334, -0.9791666666666666, 1.596462196873826e-06]"
B_shared,l0_mean,29,random_subspace,32,0.01,1.906897567476934e-06,1.9057701288018017e-06,"[-0.020833333333333332, -0.5104166666666666, 1.906897567476934e-06]"
B_shared,l0_mean,29,random_subspace,32,0.1,1.9069154611923216e-06,1.90578244991517e-06,"[-0.020833333333333332, -0.5104166666666666, 1.9069154611923216e-06]"
B_shared,l0_mean,29,random_subspace,32,1,1.9071792134532802e-06,1.9059886150938247e-06,"[-0.020833333333333332, -0.5104166666666666, 1.9071792134532802e-06]"
B_shared,l0_mean,29,random_subspace,32,10,1.9087960993722686e-06,1.907583377302754e-06,"[-0.020833333333333332, -0.5104166666666666, 1.9087960993722686e-06]"
B_conditional_f0,l0_mean,29,rank1,1,0.01,7.010152432894602e-08,6.826595603077076e-08,[7.010152432894602e-08]
B_conditional_f0,l0_mean,29,rank1,1,0.1,7.017399390165402e-08,6.831195229667842e-08,[7.017399390165402e-08]
B_conditional_f0,l0_mean,29,rank1,1,1,7.340334796875943e-08,7.130374620850996e-08,[7.340334796875943e-08]
B_conditional_f0,l0_mean,29,rank1,1,10,2.0313823019320251e-07,2.0135525114400757e-07,[2.0313823019320251e-07]
B_conditional_f0,l0_mean,29,lowrank,1,0.01,7.010152432894602e-08,6.826595603077076e-08,[7.010152432894602e-08]
B_conditional_f0,l0_mean,29,lowrank,2,0.01,1.9501767934896413e-08,1.6472883003163764e-08,[1.9501767934896413e-08]
B_conditional_f0,l0_mean,29,lowrank,4,0.01,2.986505042355433e-09,1.6300815962217725e-11,[2.986505042355433e-09]
B_conditional_f0,l0_mean,29,lowrank,8,0.01,2.9865050436185207e-09,1.6300815958008022e-11,[2.9865050436185207e-09]
B_conditional_f0,l0_mean,29,lowrank,16,0.01,2.986505043156175e-09,1.630081595314987e-11,[2.986505043156175e-09]
B_conditional_f0,l0_mean,29,lowrank,32,0.01,2.9865050468980747e-09,1.6300815947213547e-11,[2.9865050468980747e-09]
B_conditional_f0,l0_mean,29,lowrank,1,0.1,7.017399390165402e-08,6.831195229667842e-08,[7.017399390165402e-08]
B_conditional_f0,l0_mean,29,lowrank,2,0.1,2.0567840957482485e-08,1.7529177426453485e-08,[2.0567840957482485e-08]
B_conditional_f0,l0_mean,29,lowrank,4,0.1,4.102624705745994e-09,1.0842175732094791e-09,[4.102624705745994e-09]
B_conditional_f0,l0_mean,29,lowrank,8,0.1,4.102624706888612e-09,1.084217573205289e-09,[4.102624706888612e-09]
B_conditional_f0,l0_mean,29,lowrank,16,0.1,4.102624707748127e-09,1.0842175732004686e-09,[4.102624707748127e-09]
B_conditional_f0,l0_mean,29,lowrank,32,0.1,4.102624710240467e-09,1.0842175731946128e-09,[4.102624710240467e-09]
B_conditional_f0,l0_mean,29,lowrank,1,1,7.340334796875943e-08,7.130374620850996e-08,[7.340334796875943e-08]
B_conditional_f0,l0_mean,29,lowrank,2,1,3.811572339497291e-08,3.371884276101723e-08,[3.811572339497291e-08]
B_conditional_f0,l0_mean,29,lowrank,4,1,2.254492508493848e-08,1.7723813622617977e-08,[2.254492508493848e-08]
B_conditional_f0,l0_mean,29,lowrank,8,1,2.2544925086025404e-08,1.772381362261417e-08,[2.2544925086025404e-08]
B_conditional_f0,l0_mean,29,lowrank,16,1,2.2544925088838374e-08,1.7723813622609828e-08,[2.2544925088838374e-08]
B_conditional_f0,l0_mean,29,lowrank,32,1,2.2544925090728217e-08,1.7723813622604845e-08,[2.2544925090728217e-08]
B_conditional_f0,l0_mean,29,lowrank,1,10,2.0313823019320251e-07,2.0135525114400757e-07,[2.0313823019320251e-07]
B_conditional_f0,l0_mean,29,lowrank,2,10,1.9140016618106806e-07,1.877106478103165e-07,[1.9140016618106806e-07]
B_conditional_f0,l0_mean,29,lowrank,4,10,1.8213752245778091e-07,1.7680822064345285e-07,[1.8213752245778091e-07]
B_conditional_f0,l0_mean,29,lowrank,8,10,1.821375224586857e-07,1.7680822064345057e-07,[1.821375224586857e-07]
B_conditional_f0,l0_mean,29,lowrank,16,10,1.8213752245986062e-07,1.7680822064344827e-07,[1.8213752245986062e-07]
B_conditional_f0,l0_mean,29,lowrank,32,10,1.821375224603992e-07,1.7680822064344644e-07,[1.821375224603992e-07]
B_conditional_f0,l0_mean,29,full_delta,0,0.01,2.9865050462705275e-09,1.6300815944010077e-11,[2.9865050462705275e-09]
B_conditional_f0,l0_mean,29,full_delta,0,0.1,4.102624710177476e-09,1.0842175731914716e-09,[4.102624710177476e-09]
B_conditional_f0,l0_mean,29,full_delta,0,1,2.254492509022833e-08,1.772381362260285e-08,[2.254492509022833e-08]
B_conditional_f0,l0_mean,29,full_delta,0,10,1.8213752246033623e-07,1.768082206434458e-07,[1.8213752246033623e-07]
B_conditional_f0,l0_mean,29,full_affine,0,0.01,6.286548747668542e-07,2.6462580328772354e-10,[6.286548747668542e-07]
B_conditional_f0,l0_mean,29,full_affine,0,0.1,6.76096549080136e-07,1.8792191836800275e-08,[6.76096549080136e-07]
B_conditional_f0,l0_mean,29,full_affine,0,1,1.5003583369104398e-06,5.160248000610968e-07,[1.5003583369104398e-06]
B_conditional_f0,l0_mean,29,full_affine,0,10,4.978930605436583e-06,3.834551431323411e-06,[4.978930605436583e-06]
B_conditional_f0,l0_mean,29,length_shift,0,0.01,1.7680567079222512e-06,1.769681241262987e-06,[1.7680567079222512e-06]
B_conditional_f0,l0_mean,29,length_shift,0,0.1,1.7681553042363414e-06,1.7698206323044436e-06,[1.7681553042363414e-06]
B_conditional_f0,l0_mean,29,length_shift,0,1,1.7688090813916125e-06,1.770554040568733e-06,[1.7688090813916125e-06]
B_conditional_f0,l0_mean,29,length_shift,0,10,1.7692395872666543e-06,1.7710035036558961e-06,[1.7692395872666543e-06]
B_conditional_f0,l0_mean,29,source_token_ridge,0,0.01,9.834230867336143e-09,7.962742777332011e-09,[9.834230867336143e-09]
B_conditional_f0,l0_mean,29,source_token_ridge,0,0.1,1.0359250869410405e-08,8.502934520348192e-09,[1.0359250869410405e-08]
B_conditional_f0,l0_mean,29,source_token_ridge,0,1,4.8158152576591734e-08,4.6150929564894956e-08,[4.8158152576591734e-08]
B_conditional_f0,l0_mean,29,source_token_ridge,0,10,6.97824434344563e-07,6.964927595736734e-07,[6.97824434344563e-07]
B_conditional_f0,l0_mean,29,shuffled,1,0.01,3.402020984893978e-06,3.935780972070486e-06,[3.402020984893978e-06]
B_conditional_f0,l0_mean,29,shuffled,2,0.01,4.445361427785369e-06,4.598207944502573e-06,[4.445361427785369e-06]
B_conditional_f0,l0_mean,29,shuffled,4,0.01,6.309717863752492e-06,5.77908710891409e-06,[6.309717863752492e-06]
B_conditional_f0,l0_mean,29,shuffled,8,0.01,1.005578037423304e-05,9.473023206985254e-06,[1.005578037423304e-05]
B_conditional_f0,l0_mean,29,shuffled,16,0.01,1.4447822998929857e-05,1.3021278480858576e-05,[1.4447822998929857e-05]
B_conditional_f0,l0_mean,29,shuffled,32,0.01,1.760596046411146e-05,1.5173951149705198e-05,[1.760596046411146e-05]
B_conditional_f0,l0_mean,29,shuffled,1,0.1,3.3270726116094022e-06,3.855812325621981e-06,[3.3270726116094022e-06]
B_conditional_f0,l0_mean,29,shuffled,2,0.1,3.7097085862678067e-06,4.019186390223799e-06,[3.7097085862678067e-06]
B_conditional_f0,l0_mean,29,shuffled,4,0.1,5.643587660921593e-06,5.509816111983182e-06,[5.643587660921593e-06]
B_conditional_f0,l0_mean,29,shuffled,8,0.1,9.034003927019138e-06,8.973862646736753e-06,[9.034003927019138e-06]
B_conditional_f0,l0_mean,29,shuffled,16,0.1,1.281736248874541e-05,1.2243071271317628e-05,[1.281736248874541e-05]
B_conditional_f0,l0_mean,29,shuffled,32,0.1,1.54333987135161e-05,1.4137111386657522e-05,[1.54333987135161e-05]
B_conditional_f0,l0_mean,29,shuffled,1,1,2.9857980949985476e-06,3.448073229842017e-06,[2.9857980949985476e-06]
B_conditional_f0,l0_mean,29,shuffled,2,1,1.899130951772812e-06,2.3455106686715023e-06,[1.899130951772812e-06]
B_conditional_f0,l0_mean,29,shuffled,4,1,3.937559336559003e-06,4.399026244417364e-06,[3.937559336559003e-06]
B_conditional_f0,l0_mean,29,shuffled,8,1,6.169765560840129e-06,6.822899446661234e-06,[6.169765560840129e-06]
B_conditional_f0,l0_mean,29,shuffled,16,1,8.097250579754336e-06,8.847392584487366e-06,[8.097250579754336e-06]
B_conditional_f0,l0_mean,29,shuffled,32,1,9.089700793918544e-06,9.699263867821586e-06,[9.089700793918544e-06]
B_conditional_f0,l0_mean,29,shuffled,1,10,3.174971665622272e-07,3.168389291443328e-07,[3.174971665622272e-07]
B_conditional_f0,l0_mean,29,shuffled,2,10,7.989060833197535e-07,9.735102770894825e-07,[7.989060833197535e-07]
B_conditional_f0,l0_mean,29,shuffled,4,10,1.533243291594975e-06,1.8678401494652286e-06,[1.533243291594975e-06]
B_conditional_f0,l0_mean,29,shuffled,8,10,2.114086290967211e-06,2.4663415927395463e-06,[2.114086290967211e-06]
B_conditional_f0,l0_mean,29,shuffled,16,10,2.3609146561330942e-06,2.7914940665706064e-06,[2.3609146561330942e-06]
B_conditional_f0,l0_mean,29,shuffled,32,10,2.420641512691771e-06,2.8473904907764976e-06,[2.420641512691771e-06]
B_conditional_f0,l0_mean,29,random_subspace,4,0.01,1.7869892116379665e-06,1.7878440118863433e-06,[1.7869892116379665e-06]
B_conditional_f0,l0_mean,29,random_subspace,4,0.1,1.7869894807046388e-06,1.7878453025192914e-06,[1.7869894807046388e-06]
B_conditional_f0,l0_mean,29,random_subspace,4,1,1.7870083123788953e-06,1.7878655436757658e-06,[1.7870083123788953e-06]
B_conditional_f0,l0_mean,29,random_subspace,4,10,1.7872120637471991e-06,1.7880720199355292e-06,[1.7872120637471991e-06]
B_conditional_f1,l0_mean,29,rank1,1,0.01,7.107042317079911e-08,6.918404922101112e-08,[7.107042317079911e-08]
B_conditional_f1,l0_mean,29,rank1,1,0.1,7.11429438412575e-08,6.923006849844579e-08,[7.11429438412575e-08]
B_conditional_f1,l0_mean,29,rank1,1,1,7.437320594547357e-08,7.222238860658879e-08,[7.437320594547357e-08]
B_conditional_f1,l0_mean,29,rank1,1,10,2.0411210283966582e-07,2.0227763176649686e-07,[2.0411210283966582e-07]
B_conditional_f1,l0_mean,29,lowrank,1,0.01,7.107042317079911e-08,6.918404922101112e-08,[7.107042317079911e-08]
B_conditional_f1,l0_mean,29,lowrank,2,0.01,2.025576138985434e-08,1.7146863036481852e-08,[2.025576138985434e-08]
B_conditional_f1,l0_mean,29,lowrank,4,0.01,3.0368955474387804e-09,1.634148862215593e-11,[3.0368955474387804e-09]
B_conditional_f1,l0_mean,29,lowrank,8,0.01,3.036895541600437e-09,1.6341488617612984e-11,[3.036895541600437e-09]
B_conditional_f1,l0_mean,29,lowrank,16,0.01,3.0368955390446814e-09,1.634148861263947e-11,[3.0368955390446814e-09]
B_conditional_f1,l0_mean,29,lowrank,32,0.01,3.0368955357417484e-09,1.6341488606649852e-11,[3.0368955357417484e-09]
B_conditional_f1,l0_mean,29,lowrank,1,0.1,7.11429438412575e-08,6.923006849844579e-08,[7.11429438412575e-08]
B_conditional_f1,l0_mean,29,lowrank,2,0.1,2.132026996669183e-08,1.8205102680059628e-08,[2.132026996669183e-08]
B_conditional_f1,l0_mean,29,lowrank,4,0.1,4.154921255239241e-09,1.0869164750540223e-09,[4.154921255239241e-09]
B_conditional_f1,l0_mean,29,lowrank,8,0.1,4.1549212500145505e-09,1.0869164750495023e-09,[4.1549212500145505e-09]
B_conditional_f1,l0_mean,29,lowrank,16,0.1,4.154921248456995e-09,1.0869164750445574e-09,[4.154921248456995e-09]
B_conditional_f1,l0_mean,29,lowrank,32,0.1,4.154921244182185e-09,1.0869164750386588e-09,[4.154921244182185e-09]
B_conditional_f1,l0_mean,29,lowrank,1,1,7.437320594547357e-08,7.222238860658879e-08,[7.437320594547357e-08]
B_conditional_f1,l0_mean,29,lowrank,2,1,3.889014135276364e-08,3.441260035478692e-08,[3.889014135276364e-08]
B_conditional_f1,l0_mean,29,lowrank,4,1,2.266598374690332e-08,1.7767776040965066e-08,[2.266598374690332e-08]
B_conditional_f1,l0_mean,29,lowrank,8,1,2.266598374167743e-08,1.776777604096096e-08,[2.266598374167743e-08]
B_conditional_f1,l0_mean,29,lowrank,16,1,2.2665983739653522e-08,1.776777604095646e-08,[2.2665983739653522e-08]
B_conditional_f1,l0_mean,29,lowrank,32,1,2.266598373690034e-08,1.776777604095149e-08,[2.266598373690034e-08]
B_conditional_f1,l0_mean,29,lowrank,1,10,2.0411210283966582e-07,2.0227763176649686e-07,[2.0411210283966582e-07]
B_conditional_f1,l0_mean,29,lowrank,2,10,1.9172546759209597e-07,1.879699850235917e-07,[1.9172546759209597e-07]
B_conditional_f1,l0_mean,29,lowrank,4,10,1.8254076087908552e-07,1.7709994211638015e-07,[1.8254076087908552e-07]
B_conditional_f1,l0_mean,29,lowrank,8,10,1.825407608732374e-07,1.7709994211637782e-07,[1.825407608732374e-07]
B_conditional_f1,l0_mean,29,lowrank,16,10,1.8254076087251199e-07,1.770999421163753e-07,[1.8254076087251199e-07]
B_conditional_f1,l0_mean,29,lowrank,32,10,1.8254076087266244e-07,1.7709994211637348e-07,[1.8254076087266244e-07]
B_conditional_f1,l0_mean,29,full_delta,0,0.01,3.0368955325424826e-09,1.634148860338407e-11,[3.0368955325424826e-09]
B_conditional_f1,l0_mean,29,full_delta,0,0.1,4.154921241542448e-09,1.0869164750354432e-09,[4.154921241542448e-09]
B_conditional_f1,l0_mean,29,full_delta,0,1,2.2665983736620085e-08,1.7767776040949347e-08,[2.2665983736620085e-08]
B_conditional_f1,l0_mean,29,full_delta,0,10,1.8254076087260953e-07,1.7709994211637274e-07,[1.8254076087260953e-07]
B_conditional_f1,l0_mean,29,full_affine,0,0.01,6.283059714398788e-07,2.6459019738447494e-10,[6.283059714398788e-07]
B_conditional_f1,l0_mean,29,full_affine,0,0.1,6.75733284835395e-07,1.8789375260610032e-08,[6.75733284835395e-07]
B_conditional_f1,l0_mean,29,full_affine,0,1,1.4999527807373693e-06,5.15887298841467e-07,[1.4999527807373693e-06]
B_conditional_f1,l0_mean,29,full_affine,0,10,4.97865725995706e-06,3.8340852174174605e-06,[4.97865725995706e-06]
B_conditional_f1,l0_mean,29,length_shift,0,0.01,1.7683433347306247e-06,1.7699976647696904e-06,[1.7683433347306247e-06]
B_conditional_f1,l0_mean,29,length_shift,0,0.1,1.7684416166818703e-06,1.7701365160550793e-06,[1.7684416166818703e-06]
B_conditional_f1,l0_mean,29,length_shift,0,1,1.7690932861028598e-06,1.7708671263458417e-06,[1.7690932861028598e-06]
B_conditional_f1,l0_mean,29,length_shift,0,10,1.7695288631164873e-06,1.7713185504827205e-06,[1.7695288631164873e-06]
B_conditional_f1,l0_mean,29,source_token_ridge,0,0.01,9.86938698919206e-09,7.962748859030162e-09,[9.86938698919206e-09]
B_conditional_f1,l0_mean,29,source_token_ridge,0,0.1,1.0395351318614988e-08,8.503479574356174e-09,[1.0395351318614988e-08]
B_conditional_f1,l0_mean,29,source_token_ridge,0,1,4.822846488979701e-08,4.6178369403325895e-08,[4.822846488979701e-08]
B_conditional_f1,l0_mean,29,source_token_ridge,0,10,6.982239577454769e-07,6.968260262247952e-07,[6.982239577454769e-07]
B_conditional_f1,l0_mean,29,shuffled,1,0.01,3.4080696517634725e-06,3.937307312433683e-06,[3.4080696517634725e-06]
B_conditional_f1,l0_mean,29,shuffled,2,0.01,4.445574484348638e-06,4.594953067170971e-06,[4.445574484348638e-06]
B_conditional_f1,l0_mean,29,shuffled,4,0.01,6.32572184938675e-06,5.785291897156016e-06,[6.32572184938675e-06]
B_conditional_f1,l0_mean,29,shuffled,8,0.01,1.0063994475226704e-05,9.478818385280092e-06,[1.0063994475226704e-05]
B_conditional_f1,l0_mean,29,shuffled,16,0.01,1.4455616243790849e-05,1.3024577748535119e-05,[1.4455616243790849e-05]
B_conditional_f1,l0_mean,29,shuffled,32,0.01,1.7616467389348363e-05,1.5177337496071961e-05,[1.7616467389348363e-05]
B_conditional_f1,l0_mean,29,shuffled,1,0.1,3.3323449756392787e-06,3.857518203853305e-06,[3.3323449756392787e-06]
B_conditional_f1,l0_mean,29,shuffled,2,0.1,3.7092177244194837e-06,4.0153437204794745e-06,[3.7092177244194837e-06]
B_conditional_f1,l0_mean,29,shuffled,4,0.1,5.655395038595571e-06,5.5152729628286815e-06,[5.655395038595571e-06]
B_conditional_f1,l0_mean,29,shuffled,8,0.1,9.03905917231117e-06,8.97883768052925e-06,[9.03905917231117e-06]
B_conditional_f1,l0_mean,29,shuffled,16,0.1,1.2821770044711762e-05,1.2245740575483252e-05,[1.2821770044711762e-05]
B_conditional_f1,l0_mean,29,shuffled,32,0.1,1.5439810197283194e-05,1.41398828506106e-05,[1.5439810197283194e-05]
B_conditional_f1,l0_mean,29,shuffled,1,1,2.9886915501696687e-06,3.44969751730645e-06,[2.9886915501696687e-06]
B_conditional_f1,l0_mean,29,shuffled,2,1,1.9019204900911083e-06,2.3468609453434956e-06,[1.9019204900911083e-06]
B_conditional_f1,l0_mean,29,shuffled,4,1,3.944186540260171e-06,4.403082291304219e-06,[3.944186540260171e-06]
B_conditional_f1,l0_mean,29,shuffled,8,1,6.174775052532948e-06,6.8268114802543154e-06,[6.174775052532948e-06]
B_conditional_f1,l0_mean,29,shuffled,16,1,8.100798311264288e-06,8.85001534225084e-06,[8.100798311264288e-06]
B_conditional_f1,l0_mean,29,shuffled,32,1,9.094202443815304e-06,9.701931174712257e-06,[9.094202443815304e-06]
B_conditional_f1,l0_mean,29,shuffled,1,10,3.1875721188609247e-07,3.180167241759318e-07,[3.1875721188609247e-07]
B_conditional_f1,l0_mean,29,shuffled,2,10,8.007464029653087e-07,9.75046110960695e-07,[8.007464029653087e-07]
B_conditional_f1,l0_mean,29,shuffled,4,10,1.5354385733506604e-06,1.8696085715667204e-06,[1.5354385733506604e-06]
B_conditional_f1,l0_mean,29,shuffled,8,10,2.118805994416149e-06,2.4697424784254197e-06,[2.118805994416149e-06]
B_conditional_f1,l0_mean,29,shuffled,16,10,2.3642513504163547e-06,2.7937511113329907e-06,[2.3642513504163547e-06]
B_conditional_f1,l0_mean,29,shuffled,32,10,2.4241266385126223e-06,2.849638015413533e-06,[2.4241266385126223e-06]
B_conditional_f1,l0_mean,29,random_subspace,32,0.01,1.7768236430410497e-06,1.7776007469904982e-06,[1.7768236430410497e-06]
B_conditional_f1,l0_mean,29,random_subspace,32,0.1,1.7768339865265427e-06,1.7776110120522563e-06,[1.7768339865265427e-06]
B_conditional_f1,l0_mean,29,random_subspace,32,1,1.7770032688930576e-06,1.7777648843623146e-06,[1.7770032688930576e-06]
B_conditional_f1,l0_mean,29,random_subspace,32,10,1.7782516181092901e-06,1.7790121482178531e-06,[1.7782516181092901e-06]
B_conditional_f2,l0_mean,29,rank1,1,0.01,1.3502536693317896e-06,1.3304127986236024e-06,[1.3502536693317896e-06]
B_conditional_f2,l0_mean,29,rank1,1,0.1,1.3503014547444225e-06,1.3304468173312434e-06,[1.3503014547444225e-06]
B_conditional_f2,l0_mean,29,rank1,1,1,1.3529928929452526e-06,1.3330164040968106e-06,[1.3529928929452526e-06]
B_conditional_f2,l0_mean,29,rank1,1,10,1.478551365633094e-06,1.4588574710787532e-06,[1.478551365633094e-06]
B_conditional_f2,l0_mean,29,lowrank,1,0.01,1.3502536693317896e-06,1.3304127986236024e-06,[1.3502536693317896e-06]
B_conditional_f2,l0_mean,29,lowrank,2,0.01,1.2520388793704936e-06,1.1889447030747164e-06,[1.2520388793704936e-06]
B_conditional_f2,l0_mean,29,lowrank,4,0.01,1.0608357242034335e-06,9.209751769871973e-07,[1.0608357242034335e-06]
B_conditional_f2,l0_mean,29,lowrank,8,0.01,7.490577810090047e-07,5.930724533769323e-07,[7.490577810090047e-07]
B_conditional_f2,l0_mean,29,lowrank,16,0.01,4.970354049580483e-07,2.9694412780121524e-07,[4.970354049580483e-07]
B_conditional_f2,l0_mean,29,lowrank,32,0.01,2.2328181841160558e-07,6.313444470643208e-08,[2.2328181841160558e-07]
B_conditional_f2,l0_mean,29,lowrank,1,0.1,1.3503014547444225e-06,1.3304468173312434e-06,[1.3503014547444225e-06]
B_conditional_f2,l0_mean,29,lowrank,2,0.1,1.252008631926276e-06,1.1889990384423527e-06,[1.252008631926276e-06]
B_conditional_f2,l0_mean,29,lowrank,4,0.1,1.0605385309581436e-06,9.210798919350099e-07,[1.0605385309581436e-06]
B_conditional_f2,l0_mean,29,lowrank,8,0.1,7.492269378553213e-07,5.934022367677523e-07,[7.492269378553213e-07]
B_conditional_f2,l0_mean,29,lowrank,16,0.1,4.980784630405553e-07,2.979466870145669e-07,[4.980784630405553e-07]
B_conditional_f2,l0_mean,29,lowrank,32,0.1,2.247842851527898e-07,6.488848035526648e-08,[2.247842851527898e-07]
B_conditional_f2,l0_mean,29,lowrank,1,1,1.3529928929452526e-06,1.3330164040968106e-06,[1.3529928929452526e-06]
B_conditional_f2,l0_mean,29,lowrank,2,1,1.2549374508429244e-06,1.1921228174723698e-06,[1.2549374508429244e-06]
B_conditional_f2,l0_mean,29,lowrank,4,1,1.0633300771196622e-06,9.254820658897204e-07,[1.0633300771196622e-06]
B_conditional_f2,l0_mean,29,lowrank,8,1,7.570897850301976e-07,6.021976641858696e-07,[7.570897850301976e-07]
B_conditional_f2,l0_mean,29,lowrank,16,1,5.218530737649724e-07,3.226298225727743e-07,[5.218530737649724e-07]
B_conditional_f2,l0_mean,29,lowrank,32,1,2.8359757040515174e-07,1.1785274784028641e-07,[2.8359757040515174e-07]
B_conditional_f2,l0_mean,29,lowrank,1,10,1.478551365633094e-06,1.4588574710787532e-06,[1.478551365633094e-06]
B_conditional_f2,l0_mean,29,lowrank,2,10,1.3934341648893047e-06,1.3360070830454323e-06,[1.3934341648893047e-06]
B_conditional_f2,l0_mean,29,lowrank,4,10,1.2271280521195074e-06,1.1066440972301932e-06,[1.2271280521195074e-06]
B_conditional_f2,l0_mean,29,lowrank,8,10,9.98252931078831e-07,8.637691281925039e-07,[9.98252931078831e-07]
B_conditional_f2,l0_mean,29,lowrank,16,10,8.715115042488945e-07,7.115847204015467e-07,[8.715115042488945e-07]
B_conditional_f2,l0_mean,29,lowrank,32,10,7.901711005108141e-07,6.399291279844306e-07,[7.901711005108141e-07]
B_conditional_f2,l0_mean,29,full_delta,0,0.01,7.760273292199103e-08,3.338582441470319e-10,[7.760273292199103e-08]
B_conditional_f2,l0_mean,29,full_delta,0,0.1,8.444271194749536e-08,3.675036532970906e-09,[8.444271194749536e-08]
B_conditional_f2,l0_mean,29,full_delta,0,1,2.0114737453279982e-07,7.970183603585174e-08,[2.0114737453279982e-07]
B_conditional_f2,l0_mean,29,full_delta,0,10,7.750866736064797e-07,6.32732293047838e-07,[7.750866736064797e-07]
B_conditional_f2,l0_mean,29,full_affine,0,0.01,2.7215440487528504e-07,3.9480948951874695e-10,[2.7215440487528504e-07]
B_conditional_f2,l0_mean,29,full_affine,0,0.1,2.9200043168739614e-07,8.144123667832597e-09,[2.9200043168739614e-07]
B_conditional_f2,l0_mean,29,full_affine,0,1,6.410230197632911e-07,2.185499133235102e-07,[6.410230197632911e-07]
B_conditional_f2,l0_mean,29,full_affine,0,10,2.1191503923977718e-06,1.6304635971992847e-06,[2.1191503923977718e-06]
B_conditional_f2,l0_mean,29,length_shift,0,0.01,3.022435121335412e-06,2.87880867576476e-06,[3.022435121335412e-06]
B_conditional_f2,l0_mean,29,length_shift,0,0.1,3.014101630956176e-06,2.883734269868089e-06,[3.014101630956176e-06]
B_conditional_f2,l0_mean,29,length_shift,0,1,3.0157317023972273e-06,2.9096223407614434e-06,[3.0157317023972273e-06]
B_conditional_f2,l0_mean,29,length_shift,0,10,3.011817813648458e-06,2.922944529772571e-06,[3.011817813648458e-06]
B_conditional_f2,l0_mean,29,source_token_ridge,0,0.01,1.0717581707398403e-07,9.839097235715739e-09,[1.0717581707398403e-07]
B_conditional_f2,l0_mean,29,source_token_ridge,0,0.1,1.1248930833920848e-07,1.1509491944817518e-08,[1.1248930833920848e-07]
B_conditional_f2,l0_mean,29,source_token_ridge,0,1,2.5606933699151063e-07,9.393788577436792e-08,[2.5606933699151063e-07]
B_conditional_f2,l0_mean,29,source_token_ridge,0,10,1.405630600776851e-06,1.2244769846335152e-06,[1.405630600776851e-06]
B_conditional_f2,l0_mean,29,shuffled,1,0.01,1.5622053612567887e-06,1.5268551304193084e-06,[1.5622053612567887e-06]
B_conditional_f2,l0_mean,29,shuffled,2,0.01,2.1025992022488094e-06,2.270658308689293e-06,[2.1025992022488094e-06]
B_conditional_f2,l0_mean,29,shuffled,4,0.01,3.574742261380454e-06,3.325097088925147e-06,[3.574742261380454e-06]
B_conditional_f2,l0_mean,29,shuffled,8,0.01,5.084229927716163e-06,4.622059385991327e-06,[5.084229927716163e-06]
B_conditional_f2,l0_mean,29,shuffled,16,0.01,6.564248593055901e-06,5.844452347924235e-06,[6.564248593055901e-06]
B_conditional_f2,l0_mean,29,shuffled,32,0.01,7.654366480229786e-06,6.50986196716699e-06,[7.654366480229786e-06]
B_conditional_f2,l0_mean,29,shuffled,1,0.1,1.5338741207126344e-06,1.5059038441300602e-06,[1.5338741207126344e-06]
B_conditional_f2,l0_mean,29,shuffled,2,0.1,2.053054025850062e-06,2.2193937872911916e-06,[2.053054025850062e-06]
B_conditional_f2,l0_mean,29,shuffled,4,0.1,3.303295308522473e-06,3.2052076804672134e-06,[3.303295308522473e-06]
B_conditional_f2,l0_mean,29,shuffled,8,0.1,4.614043262292979e-06,4.385963805744137e-06,[4.614043262292979e-06]
B_conditional_f2,l0_mean,29,shuffled,16,0.1,5.838100127778442e-06,5.467771293242093e-06,[5.838100127778442e-06]
B_conditional_f2,l0_mean,29,shuffled,32,0.1,6.647445494305896e-06,5.989068456974353e-06,[6.647445494305896e-06]
B_conditional_f2,l0_mean,29,shuffled,1,1,1.4606554099093627e-06,1.4410961369895693e-06,[1.4606554099093627e-06]
B_conditional_f2,l0_mean,29,shuffled,2,1,1.8535996544662604e-06,1.9865747806730847e-06,[1.8535996544662604e-06]
B_conditional_f2,l0_mean,29,shuffled,4,1,2.5524915979894688e-06,2.6650246265216017e-06,[2.5524915979894688e-06]
B_conditional_f2,l0_mean,29,shuffled,8,1,3.2166869507386173e-06,3.305323029604654e-06,[3.2166869507386173e-06]
B_conditional_f2,l0_mean,29,shuffled,16,1,3.6067415935467578e-06,3.732897912253224e-06,[3.6067415935467578e-06]
B_conditional_f2,l0_mean,29,shuffled,32,1,3.605154529156249e-06,3.7077801912170434e-06,[3.605154529156249e-06]
B_conditional_f2,l0_mean,29,shuffled,1,10,1.5131093274275918e-06,1.4938474664298224e-06,[1.5131093274275918e-06]
B_conditional_f2,l0_mean,29,shuffled,2,10,1.5362574246189587e-06,1.5235702423274123e-06,[1.5362574246189587e-06]
B_conditional_f2,l0_mean,29,shuffled,4,10,1.489523916486257e-06,1.4436040132537093e-06,[1.489523916486257e-06]
B_conditional_f2,l0_mean,29,shuffled,8,10,1.2606802478182951e-06,1.2044403903002573e-06,[1.2606802478182951e-06]
B_conditional_f2,l0_mean,29,shuffled,16,10,1.0546599664515307e-06,9.482130421735736e-07,[1.0546599664515307e-06]
B_conditional_f2,l0_mean,29,shuffled,32,10,8.797574923539866e-07,7.875800294368209e-07,[8.797574923539866e-07]
B_conditional_f2,l0_mean,29,random_subspace,32,0.01,3.045091123161187e-06,3.0268739379083242e-06,[3.045091123161187e-06]
B_conditional_f2,l0_mean,29,random_subspace,32,0.1,3.0451681543267586e-06,3.0269049485917558e-06,[3.0451681543267586e-06]
B_conditional_f2,l0_mean,29,random_subspace,32,1,3.046261658975153e-06,3.027583004330279e-06,[3.046261658975153e-06]
B_conditional_f2,l0_mean,29,random_subspace,32,10,3.0511906890621787e-06,3.032297321976576e-06,[3.0511906890621787e-06]
B_shared,l0_mean,43,rank1,1,0.01,2.0270065234212933e-07,2.2352932373284226e-07,"[-0.9895833333333334, -0.9947916666666666, 2.0270065234212933e-07]"
B_shared,l0_mean,43,rank1,1,0.1,2.0277809799765007e-07,2.2357185693118844e-07,"[-0.9895833333333334, -0.9947916666666666, 2.0277809799765007e-07]"
B_shared,l0_mean,43,rank1,1,1,2.0598583783602186e-07,2.2644113079429229e-07,"[-0.9895833333333334, -0.9947916666666666, 2.0598583783602186e-07]"
B_shared,l0_mean,43,rank1,1,10,3.336883316592041e-07,3.54637318061133e-07,"[-0.8958333333333334, -0.9479166666666666, 3.336883316592041e-07]"
B_shared,l0_mean,43,lowrank,1,0.01,2.0270065234212933e-07,2.2352932373284226e-07,"[-0.9895833333333334, -0.9947916666666666, 2.0270065234212933e-07]"
B_shared,l0_mean,43,lowrank,2,0.01,1.5348128093368636e-07,1.4878141814455813e-07,"[-1.0, -1.0, 1.5348128093368636e-07]"
B_shared,l0_mean,43,lowrank,4,0.01,1.239429838473385e-07,1.118685065228333e-07,"[-1.0, -1.0, 1.239429838473385e-07]"
B_shared,l0_mean,43,lowrank,8,0.01,8.515204501008542e-08,6.608288247725224e-08,"[-1.0, -1.0, 8.515204501008542e-08]"
B_shared,l0_mean,43,lowrank,16,0.01,5.696930032575753e-08,3.2884814416927616e-08,"[-1.0, -1.0, 5.696930032575753e-08]"
B_shared,l0_mean,43,lowrank,32,0.01,2.8616759274165262e-08,7.341060548657316e-09,"[-1.0, -1.0, 2.8616759274165262e-08]"
B_shared,l0_mean,43,lowrank,1,0.1,2.0277809799765007e-07,2.2357185693118844e-07,"[-0.9895833333333334, -0.9947916666666666, 2.0277809799765007e-07]"
B_shared,l0_mean,43,lowrank,2,0.1,1.542192243269581e-07,1.4958210525629648e-07,"[-1.0, -1.0, 1.542192243269581e-07]"
B_shared,l0_mean,43,lowrank,4,0.1,1.2462976604099756e-07,1.1267404502944089e-07,"[-1.0, -1.0, 1.2462976604099756e-07]"
B_shared,l0_mean,43,lowrank,8,0.1,8.582378154907213e-08,6.689457572565643e-08,"[-1.0, -1.0, 8.582378154907213e-08]"
B_shared,l0_mean,43,lowrank,16,0.1,5.761957630719853e-08,3.371929530642059e-08,"[-1.0, -1.0, 5.761957630719853e-08]"
B_shared,l0_mean,43,lowrank,32,0.1,2.9324071542431692e-08,8.25587032827246e-09,"[-1.0, -1.0, 2.9324071542431692e-08]"
B_shared,l0_mean,43,lowrank,1,1,2.0598583783602186e-07,2.2644113079429229e-07,"[-0.9895833333333334, -0.9947916666666666, 2.0598583783602186e-07]"
B_shared,l0_mean,43,lowrank,2,1,1.6817608534650622e-07,1.664429804914058e-07,"[-1.0, -1.0, 1.6817608534650622e-07]"
B_shared,l0_mean,43,lowrank,4,1,1.386099216901689e-07,1.2976704043965572e-07,"[-1.0, -1.0, 1.386099216901689e-07]"
B_shared,l0_mean,43,lowrank,8,1,1.0021529542823926e-07,8.433679561150673e-08,"[-1.0, -1.0, 1.0021529542823926e-07]"
B_shared,l0_mean,43,lowrank,16,1,7.288028515908452e-08,5.240396926702824e-08,"[-1.0, -1.0, 7.288028515908452e-08]"
B_shared,l0_mean,43,lowrank,32,1,4.8265160714477896e-08,3.016903980400591e-08,"[-1.0, -1.0, 4.8265160714477896e-08]"
B_shared,l0_mean,43,lowrank,1,10,3.336883316592041e-07,3.54637318061133e-07,"[-0.8958333333333334, -0.9479166666666666, 3.336883316592041e-07]"
B_shared,l0_mean,43,lowrank,2,10,3.196399036484408e-07,3.283482820049373e-07,"[-0.9166666666666666, -0.9583333333333334, 3.196399036484408e-07]"
B_shared,l0_mean,43,lowrank,4,10,2.935507538604117e-07,2.9689338102210617e-07,"[-0.9583333333333334, -0.9791666666666666, 2.935507538604117e-07]"
B_shared,l0_mean,43,lowrank,8,10,2.63900212734557e-07,2.60929673596941e-07,"[-0.9791666666666666, -0.9895833333333334, 2.63900212734557e-07]"
B_shared,l0_mean,43,lowrank,16,10,2.4881403285454717e-07,2.434364673566575e-07,"[-0.9791666666666666, -0.9895833333333334, 2.4881403285454717e-07]"
B_shared,l0_mean,43,lowrank,32,10,2.406864875222707e-07,2.3590429601221647e-07,"[-0.9791666666666666, -0.9895833333333334, 2.406864875222707e-07]"
B_shared,l0_mean,43,full_delta,0,0.01,1.0182821562834327e-08,1.944660378958557e-10,"[-1.0, -1.0, 1.0182821562834327e-08]"
B_shared,l0_mean,43,full_delta,0,0.1,1.1747082260683793e-08,1.2796516218815747e-09,"[-1.0, -1.0, 1.1747082260683793e-08]"
B_shared,l0_mean,43,full_delta,0,1,3.819680470185358e-08,2.570945453810741e-08,"[-1.0, -1.0, 3.819680470185358e-08]"
B_shared,l0_mean,43,full_delta,0,10,2.3883735916968033e-07,2.3503581337897138e-07,"[-0.9791666666666666, -0.9895833333333334, 2.3883735916968033e-07]"
B_shared,l0_mean,43,full_affine,0,0.01,5.270275968888468e-07,3.854385257396959e-10,"[-0.9791666666666666, -0.9895833333333334, 5.270275968888468e-07]"
B_shared,l0_mean,43,full_affine,0,0.1,5.781013103301562e-07,1.4899572607785312e-08,"[-0.9791666666666666, -0.9895833333333334, 5.781013103301562e-07]"
B_shared,l0_mean,43,full_affine,0,1,1.2747048109059669e-06,4.072602719995646e-07,"[-0.9791666666666666, -0.9895833333333334, 1.2747048109059669e-06]"
B_shared,l0_mean,43,full_affine,0,10,3.928880013951598e-06,2.949238653369682e-06,"[-0.9375, -0.96875, 3.928880013951598e-06]"
B_shared,l0_mean,43,length_shift,0,0.01,1.9045116900146418e-06,1.9246713384643972e-06,"[-0.0, -0.5, 1.9045116900146418e-06]"
B_shared,l0_mean,43,length_shift,0,0.1,1.9038865214426935e-06,1.925285488355827e-06,"[-0.0, -0.5, 1.9038865214426935e-06]"
B_shared,l0_mean,43,length_shift,0,1,1.9049228710801975e-06,1.9281403103540904e-06,"[-0.0, -0.5, 1.9049228710801975e-06]"
B_shared,l0_mean,43,length_shift,0,10,1.9046483772529666e-06,1.9295834670979343e-06,"[-0.0, -0.5, 1.9046483772529666e-06]"
B_shared,l0_mean,43,source_token_ridge,0,0.01,2.1063914472145507e-08,7.920155025924523e-09,"[-1.0, -1.0, 2.1063914472145507e-08]"
B_shared,l0_mean,43,source_token_ridge,0,0.1,2.2326328853723925e-08,8.642294059248423e-09,"[-1.0, -1.0, 2.2326328853723925e-08]"
B_shared,l0_mean,43,source_token_ridge,0,1,7.198622624807923e-08,5.417784599338114e-08,"[-1.0, -1.0, 7.198622624807923e-08]"
B_shared,l0_mean,43,source_token_ridge,0,10,7.788645570324798e-07,7.777420563354664e-07,"[-0.5, -0.75, 7.788645570324798e-07]"
B_shared,l0_mean,43,shuffled,1,0.01,3.18987252292041e-06,3.4800433181679937e-06,"[-0.20833333333333334, -0.6041666666666666, 3.18987252292041e-06]"
B_shared,l0_mean,43,shuffled,2,0.01,2.757505830455964e-06,2.954160191294148e-06,"[-0.6458333333333334, -0.8229166666666666, 2.757505830455964e-06]"
B_shared,l0_mean,43,shuffled,4,0.01,4.893086415181693e-06,4.60399305083083e-06,"[-0.8854166666666666, -0.9207175925925926, 4.893086415181693e-06]"
B_shared,l0_mean,43,shuffled,8,0.01,8.38678010576238e-06,7.142842274727595e-06,"[-0.7604166666666666, -0.8340277777777777, 8.38678010576238e-06]"
B_shared,l0_mean,43,shuffled,16,0.01,1.129445767195934e-05,9.276127227110346e-06,"[-0.5729166666666666, -0.6599463797654588, 1.129445767195934e-05]"
B_shared,l0_mean,43,shuffled,32,0.01,1.3319730635166718e-05,1.0551163887889733e-05,"[-0.3020833333333333, -0.44750240756190834, 1.3319730635166718e-05]"
B_shared,l0_mean,43,shuffled,1,0.1,3.1332456958368294e-06,3.405688488736193e-06,"[-0.20833333333333334, -0.6041666666666666, 3.1332456958368294e-06]"
B_shared,l0_mean,43,shuffled,2,0.1,2.3838141564339346e-06,2.716849519945281e-06,"[-0.7291666666666666, -0.8645833333333334, 2.3838141564339346e-06]"
B_shared,l0_mean,43,shuffled,4,0.1,4.206037719489919e-06,4.404652534659253e-06,"[-0.9270833333333334, -0.9483630952380953, 4.206037719489919e-06]"
B_shared,l0_mean,43,shuffled,8,0.1,7.052096593819784e-06,6.763973873534905e-06,"[-0.8229166666666666, -0.8801917989417989, 7.052096593819784e-06]"
B_shared,l0_mean,43,shuffled,16,0.1,9.438040932270038e-06,8.688007257074121e-06,"[-0.6145833333333334, -0.7078515417331207, 9.438040932270038e-06]"
B_shared,l0_mean,43,shuffled,32,0.1,1.1013063025151361e-05,9.777005064648985e-06,"[-0.4375, -0.5474082812898603, 1.1013063025151361e-05]"
B_shared,l0_mean,43,shuffled,1,1,2.62277200249561e-06,2.804914960795904e-06,"[-0.3020833333333333, -0.6510416666666666, 2.62277200249561e-06]"
B_shared,l0_mean,43,shuffled,2,1,1.705619144888775e-06,2.0165866450877535e-06,"[-0.8541666666666666, -0.9270833333333334, 1.705619144888775e-06]"
B_shared,l0_mean,43,shuffled,4,1,3.0474099151755606e-06,3.5613957641440805e-06,"[-0.9895833333333334, -0.9947916666666666, 3.0474099151755606e-06]"
B_shared,l0_mean,43,shuffled,8,1,4.586972340724349e-06,5.156093078820042e-06,"[-0.96875, -0.9791666666666666, 4.586972340724349e-06]"
B_shared,l0_mean,43,shuffled,16,1,5.593120130707389e-06,6.158404229204514e-06,"[-0.9270833333333334, -0.9487689393939394, 5.593120130707389e-06]"
B_shared,l0_mean,43,shuffled,32,1,6.07273981607161e-06,6.554771924543202e-06,"[-0.8125, -0.8597222222222222, 6.07273981607161e-06]"
B_shared,l0_mean,43,shuffled,1,10,5.698721723585538e-07,5.963963404051665e-07,"[-0.8020833333333334, -0.9010416666666666, 5.698721723585538e-07]"
B_shared,l0_mean,43,shuffled,2,10,8.370678217425248e-07,9.88852117348089e-07,"[-0.90625, -0.953125, 8.370678217425248e-07]"
B_shared,l0_mean,43,shuffled,4,10,1.2423977190520002e-06,1.5046309208718642e-06,"[-0.9375, -0.96875, 1.2423977190520002e-06]"
B_shared,l0_mean,43,shuffled,8,10,1.5016971272432111e-06,1.7998477074436761e-06,"[-0.9479166666666666, -0.9739583333333334, 1.5016971272432111e-06]"
B_shared,l0_mean,43,shuffled,16,10,1.539794738491678e-06,1.837742979523574e-06,"[-0.9375, -0.96875, 1.539794738491678e-06]"
B_shared,l0_mean,43,shuffled,32,10,1.5142032513967181e-06,1.8121850164304984e-06,"[-0.9479166666666666, -0.9739583333333334, 1.5142032513967181e-06]"
B_shared,l0_mean,43,random_subspace,32,0.01,1.9043676373399822e-06,1.9358476331787155e-06,"[-0.020833333333333332, -0.5104166666666666, 1.9043676373399822e-06]"
B_shared,l0_mean,43,random_subspace,32,0.1,1.90437971268213e-06,1.9358550586226363e-06,"[-0.020833333333333332, -0.5104166666666666, 1.90437971268213e-06]"
B_shared,l0_mean,43,random_subspace,32,1,1.9045827911297427e-06,1.9360277065027993e-06,"[-0.020833333333333332, -0.5104166666666666, 1.9045827911297427e-06]"
B_shared,l0_mean,43,random_subspace,32,10,1.9062870369327036e-06,1.9377643402667922e-06,"[-0.020833333333333332, -0.5104166666666666, 1.9062870369327036e-06]"
B_conditional_f0,l0_mean,43,rank1,1,0.01,7.022739746445538e-08,9.226883443563579e-08,[7.022739746445538e-08]
B_conditional_f0,l0_mean,43,rank1,1,0.1,7.031707446802905e-08,9.231617345904148e-08,[7.031707446802905e-08]
B_conditional_f0,l0_mean,43,rank1,1,1,7.377183356548416e-08,9.535253939127676e-08,[7.377183356548416e-08]
B_conditional_f0,l0_mean,43,rank1,1,10,2.030081531269448e-07,2.2501116228371348e-07,[2.030081531269448e-07]
B_conditional_f0,l0_mean,43,lowrank,1,0.01,7.022739746445538e-08,9.226883443563579e-08,[7.022739746445538e-08]
B_conditional_f0,l0_mean,43,lowrank,2,0.01,1.8813098998315618e-08,1.5979093689024662e-08,[1.8813098998315618e-08]
B_conditional_f0,l0_mean,43,lowrank,4,0.01,2.202918972273262e-09,2.2531427421599588e-10,[2.202918972273262e-09]
B_conditional_f0,l0_mean,43,lowrank,8,0.01,2.2029189801549265e-09,2.2531427420953066e-10,[2.2029189801549265e-09]
B_conditional_f0,l0_mean,43,lowrank,16,0.01,2.202918987295175e-09,2.2531427420412325e-10,[2.202918987295175e-09]
B_conditional_f0,l0_mean,43,lowrank,32,0.01,2.2029189907322632e-09,2.2531427419754375e-10,[2.2029189907322632e-09]
B_conditional_f0,l0_mean,43,lowrank,1,0.1,7.031707446802905e-08,9.231617345904148e-08,[7.031707446802905e-08]
B_conditional_f0,l0_mean,43,lowrank,2,0.1,1.9558122632649575e-08,1.6812215937081107e-08,[1.9558122632649575e-08]
B_conditional_f0,l0_mean,43,lowrank,4,0.1,2.9451294970571424e-09,1.0692564203488031e-09,[2.9451294970571424e-09]
B_conditional_f0,l0_mean,43,lowrank,8,0.1,2.945129504576258e-09,1.0692564203423813e-09,[2.945129504576258e-09]
B_conditional_f0,l0_mean,43,lowrank,16,0.1,2.9451295079656124e-09,1.0692564203370166e-09,[2.9451295079656124e-09]
B_conditional_f0,l0_mean,43,lowrank,32,0.1,2.945129512248759e-09,1.0692564203304856e-09,[2.945129512248759e-09]
B_conditional_f0,l0_mean,43,lowrank,1,1,7.377183356548416e-08,9.535253939127676e-08,[7.377183356548416e-08]
B_conditional_f0,l0_mean,43,lowrank,2,1,3.423915378590334e-08,3.459903482398383e-08,[3.423915378590334e-08]
B_conditional_f0,l0_mean,43,lowrank,4,1,1.841912720534354e-08,1.93439239264951e-08,[1.841912720534354e-08]
B_conditional_f0,l0_mean,43,lowrank,8,1,1.841912721204588e-08,1.9343923926489415e-08,[1.841912721204588e-08]
B_conditional_f0,l0_mean,43,lowrank,16,1,1.841912721270126e-08,1.9343923926484674e-08,[1.841912721270126e-08]
B_conditional_f0,l0_mean,43,lowrank,32,1,1.8419127215963377e-08,1.9343923926479042e-08,[1.8419127215963377e-08]
B_conditional_f0,l0_mean,43,lowrank,1,10,2.030081531269448e-07,2.2501116228371348e-07,[2.030081531269448e-07]
B_conditional_f0,l0_mean,43,lowrank,2,10,1.8856955317901342e-07,2.003477590549205e-07,[1.8856955317901342e-07]
B_conditional_f0,l0_mean,43,lowrank,4,10,1.7885962575532656e-07,1.900766081872934e-07,[1.7885962575532656e-07]
B_conditional_f0,l0_mean,43,lowrank,8,10,1.7885962576040442e-07,1.9007660818729023e-07,[1.7885962576040442e-07]
B_conditional_f0,l0_mean,43,lowrank,16,10,1.7885962576079334e-07,1.9007660818728774e-07,[1.7885962576079334e-07]
B_conditional_f0,l0_mean,43,lowrank,32,10,1.7885962576127043e-07,1.9007660818728578e-07,[1.7885962576127043e-07]
B_conditional_f0,l0_mean,43,full_delta,0,0.01,2.2029190003498488e-09,2.253142741942077e-10,[2.2029190003498488e-09]
B_conditional_f0,l0_mean,43,full_delta,0,0.1,2.9451295209407005e-09,1.069256420327215e-09,[2.9451295209407005e-09]
B_conditional_f0,l0_mean,43,full_delta,0,1,1.841912721931392e-08,1.934392392647684e-08,[1.841912721931392e-08]
B_conditional_f0,l0_mean,43,full_delta,0,10,1.788596257617675e-07,1.900766081872857e-07,[1.788596257617675e-07]
B_conditional_f0,l0_mean,43,full_affine,0,0.01,6.689207817054027e-07,4.785809331153823e-10,[6.689207817054027e-07]
B_conditional_f0,l0_mean,43,full_affine,0,0.1,7.349265788270608e-07,1.913401663014638e-08,[7.349265788270608e-07]
B_conditional_f0,l0_mean,43,full_affine,0,1,1.628373196465923e-06,5.225817033357296e-07,[1.628373196465923e-06]
B_conditional_f0,l0_mean,43,full_affine,0,10,5.028771934109631e-06,3.781059584918611e-06,[5.028771934109631e-06]
B_conditional_f0,l0_mean,43,length_shift,0,0.01,1.7686845458707489e-06,1.8002846902086118e-06,[1.7686845458707489e-06]
B_conditional_f0,l0_mean,43,length_shift,0,0.1,1.7684904334583425e-06,1.800581536703219e-06,[1.7684904334583425e-06]
B_conditional_f0,l0_mean,43,length_shift,0,1,1.7692096810498288e-06,1.801961428293586e-06,[1.7692096810498288e-06]
B_conditional_f0,l0_mean,43,length_shift,0,10,1.7695845635677295e-06,1.8026688589878833e-06,[1.7695845635677295e-06]
B_conditional_f0,l0_mean,43,source_token_ridge,0,0.01,1.0300144948818598e-08,7.816288190312798e-09,[1.0300144948818598e-08]
B_conditional_f0,l0_mean,43,source_token_ridge,0,0.1,1.0641438639267983e-08,8.42510339570055e-09,[1.0641438639267983e-08]
B_conditional_f0,l0_mean,43,source_token_ridge,0,1,4.821999976028477e-08,4.938918574779499e-08,[4.821999976028477e-08]
B_conditional_f0,l0_mean,43,source_token_ridge,0,10,7.043159536492151e-07,7.225783025226122e-07,[7.043159536492151e-07]
B_conditional_f0,l0_mean,43,shuffled,1,0.01,3.589261946572347e-06,3.9586075758330075e-06,[3.589261946572347e-06]
B_conditional_f0,l0_mean,43,shuffled,2,0.01,3.9383953261868974e-06,4.318832573806347e-06,[3.9383953261868974e-06]
B_conditional_f0,l0_mean,43,shuffled,4,0.01,6.108726335273858e-06,5.7854282938025135e-06,[6.108726335273858e-06]
B_conditional_f0,l0_mean,43,shuffled,8,0.01,1.0655038227365288e-05,9.08445746001319e-06,[1.0655038227365288e-05]
B_conditional_f0,l0_mean,43,shuffled,16,0.01,1.4483417843605431e-05,1.1852286426077051e-05,[1.4483417843605431e-05]
B_conditional_f0,l0_mean,43,shuffled,32,0.01,1.7085963193569283e-05,1.3527574413206344e-05,[1.7085963193569283e-05]
B_conditional_f0,l0_mean,43,shuffled,1,0.1,3.530784822999975e-06,3.885417216054063e-06,[3.530784822999975e-06]
B_conditional_f0,l0_mean,43,shuffled,2,0.1,3.4025600421193253e-06,3.936323763126538e-06,[3.4025600421193253e-06]
B_conditional_f0,l0_mean,43,shuffled,4,0.1,5.2475082614478385e-06,5.535446131941767e-06,[5.2475082614478385e-06]
B_conditional_f0,l0_mean,43,shuffled,8,0.1,8.948472642645795e-06,8.611858043595947e-06,[8.948472642645795e-06]
B_conditional_f0,l0_mean,43,shuffled,16,0.1,1.2113177459284378e-05,1.1124964121076564e-05,[1.2113177459284378e-05]
B_conditional_f0,l0_mean,43,shuffled,32,0.1,1.4194232610151632e-05,1.2571798982516142e-05,[1.4194232610151632e-05]
B_conditional_f0,l0_mean,43,shuffled,1,1,3.1771130056296022e-06,3.4698170097023436e-06,[3.1771130056296022e-06]
B_conditional_f0,l0_mean,43,shuffled,2,1,2.2334365493052245e-06,2.645438915683916e-06,[2.2334365493052245e-06]
B_conditional_f0,l0_mean,43,shuffled,4,1,3.816763253914884e-06,4.496534665865833e-06,[3.816763253914884e-06]
B_conditional_f0,l0_mean,43,shuffled,8,1,5.874090433832117e-06,6.641250252591062e-06,[5.874090433832117e-06]
B_conditional_f0,l0_mean,43,shuffled,16,1,7.285633763943231e-06,8.041912314439741e-06,[7.285633763943231e-06]
B_conditional_f0,l0_mean,43,shuffled,32,1,8.034965499637643e-06,8.670604481180387e-06,[8.034965499637643e-06]
B_conditional_f0,l0_mean,43,shuffled,1,10,6.641867249245772e-07,7.030372900907756e-07,[6.641867249245772e-07]
B_conditional_f0,l0_mean,43,shuffled,2,10,9.455364341534869e-07,1.1580994016633621e-06,[9.455364341534869e-07]
B_conditional_f0,l0_mean,43,shuffled,4,10,1.5848237082798985e-06,1.977071859148281e-06,[1.5848237082798985e-06]
B_conditional_f0,l0_mean,43,shuffled,8,10,2.06907534493427e-06,2.5429178576332225e-06,[2.06907534493427e-06]
B_conditional_f0,l0_mean,43,shuffled,16,10,2.21927254631345e-06,2.7031204465420505e-06,[2.21927254631345e-06]
B_conditional_f0,l0_mean,43,shuffled,32,10,2.259801885531238e-06,2.7393337920044367e-06,[2.259801885531238e-06]
B_conditional_f0,l0_mean,43,random_subspace,4,0.01,1.7886538350238074e-06,1.8215928881790571e-06,[1.7886538350238074e-06]
B_conditional_f0,l0_mean,43,random_subspace,4,0.1,1.7886536861589725e-06,1.8215932185674081e-06,[1.7886536861589725e-06]
B_conditional_f0,l0_mean,43,random_subspace,4,1,1.7886593776723706e-06,1.8216011076457633e-06,[1.7886593776723706e-06]
B_conditional_f0,l0_mean,43,random_subspace,4,10,1.7887444444507604e-06,1.8216906731146582e-06,[1.7887444444507604e-06]
B_conditional_f1,l0_mean,43,rank1,1,0.01,7.119488942824689e-08,9.315086583029702e-08,[7.119488942824689e-08]
B_conditional_f1,l0_mean,43,rank1,1,0.1,7.128467904397973e-08,9.319822275391735e-08,[7.128467904397973e-08]
B_conditional_f1,l0_mean,43,rank1,1,1,7.474064688585336e-08,9.623502440612285e-08,[7.474064688585336e-08]
B_conditional_f1,l0_mean,43,rank1,1,10,2.0398077457722885e-07,2.2589596772035487e-07,[2.0398077457722885e-07]
B_conditional_f1,l0_mean,43,lowrank,1,0.01,7.119488942824689e-08,9.315086583029702e-08,[7.119488942824689e-08]
B_conditional_f1,l0_mean,43,lowrank,2,0.01,1.9586448846714087e-08,1.6680916454846898e-08,[1.9586448846714087e-08]
B_conditional_f1,l0_mean,43,lowrank,4,0.01,2.2496430866552485e-09,2.2534188627032036e-10,[2.2496430866552485e-09]
B_conditional_f1,l0_mean,43,lowrank,8,0.01,2.249643087979337e-09,2.2534188626396795e-10,[2.249643087979337e-09]
B_conditional_f1,l0_mean,43,lowrank,16,0.01,2.2496430880070394e-09,2.2534188625850445e-10,[2.2496430880070394e-09]
B_conditional_f1,l0_mean,43,lowrank,32,0.01,2.249643082087567e-09,2.2534188625177487e-10,[2.249643082087567e-09]
B_conditional_f1,l0_mean,43,lowrank,1,0.1,7.128467904397973e-08,9.319822275391735e-08,[7.128467904397973e-08]
B_conditional_f1,l0_mean,43,lowrank,2,0.1,2.0331389641698407e-08,1.7515679723081593e-08,[2.0331389641698407e-08]
B_conditional_f1,l0_mean,43,lowrank,4,0.1,2.9954512047602565e-09,1.071360054695763e-09,[2.9954512047602565e-09]
B_conditional_f1,l0_mean,43,lowrank,8,0.1,2.995451205372286e-09,1.071360054689473e-09,[2.995451205372286e-09]
B_conditional_f1,l0_mean,43,lowrank,16,0.1,2.9954512064544746e-09,1.0713600546840408e-09,[2.9954512064544746e-09]
B_conditional_f1,l0_mean,43,lowrank,32,0.1,2.995451201473126e-09,1.0713600546773756e-09,[2.995451201473126e-09]
B_conditional_f1,l0_mean,43,lowrank,1,1,7.474064688585336e-08,9.623502440612285e-08,[7.474064688585336e-08]
B_conditional_f1,l0_mean,43,lowrank,2,1,3.5041348215647323e-08,3.532856924659148e-08,[3.5041348215647323e-08]
B_conditional_f1,l0_mean,43,lowrank,4,1,1.8546661105057627e-08,1.939359550699577e-08,[1.8546661105057627e-08]
B_conditional_f1,l0_mean,43,lowrank,8,1,1.8546661102001033e-08,1.9393595506990285e-08,[1.8546661102001033e-08]
B_conditional_f1,l0_mean,43,lowrank,16,1,1.8546661104016862e-08,1.939359550698533e-08,[1.8546661104016862e-08]
B_conditional_f1,l0_mean,43,lowrank,32,1,1.8546661099764624e-08,1.9393595506979644e-08,[1.8546661099764624e-08]
B_conditional_f1,l0_mean,43,lowrank,1,10,2.0398077457722885e-07,2.2589596772035487e-07,[2.0398077457722885e-07]
B_conditional_f1,l0_mean,43,lowrank,2,10,1.8935942812226927e-07,2.0105133318406982e-07,[1.8935942812226927e-07]
B_conditional_f1,l0_mean,43,lowrank,4,10,1.7931785422130792e-07,1.9036822398018035e-07,[1.7931785422130792e-07]
B_conditional_f1,l0_mean,43,lowrank,8,10,1.7931785421637024e-07,1.9036822398017728e-07,[1.7931785421637024e-07]
B_conditional_f1,l0_mean,43,lowrank,16,10,1.7931785421720356e-07,1.9036822398017474e-07,[1.7931785421720356e-07]
B_conditional_f1,l0_mean,43,lowrank,32,10,1.7931785421615287e-07,1.903682239801727e-07,[1.7931785421615287e-07]
B_conditional_f1,l0_mean,43,full_delta,0,0.01,2.249643082517652e-09,2.2534188624841057e-10,[2.249643082517652e-09]
B_conditional_f1,l0_mean,43,full_delta,0,0.1,2.995451200099226e-09,1.0713600546741083e-09,[2.995451200099226e-09]
B_conditional_f1,l0_mean,43,full_delta,0,1,1.8546661099140123e-08,1.9393595506977596e-08,[1.8546661099140123e-08]
B_conditional_f1,l0_mean,43,full_delta,0,10,1.7931785421606356e-07,1.9036822398017193e-07,[1.7931785421606356e-07]
B_conditional_f1,l0_mean,43,full_affine,0,0.01,6.681860778352918e-07,4.785827575010688e-10,[6.681860778352918e-07]
B_conditional_f1,l0_mean,43,full_affine,0,0.1,7.341958157260755e-07,1.9133513033418055e-08,[7.341958157260755e-07]
B_conditional_f1,l0_mean,43,full_affine,0,1,1.6279079902624653e-06,5.225189011078785e-07,[1.6279079902624653e-06]
B_conditional_f1,l0_mean,43,full_affine,0,10,5.029814608938579e-06,3.780283943513242e-06,[5.029814608938579e-06]
B_conditional_f1,l0_mean,43,length_shift,0,0.01,1.7689742802118313e-06,1.8007014316855186e-06,[1.7689742802118313e-06]
B_conditional_f1,l0_mean,43,length_shift,0,0.1,1.768779309550857e-06,1.8009978746569949e-06,[1.768779309550857e-06]
B_conditional_f1,l0_mean,43,length_shift,0,1,1.7694969350127944e-06,1.8023759159730461e-06,[1.7694969350127944e-06]
B_conditional_f1,l0_mean,43,length_shift,0,10,1.7698850354278093e-06,1.8030846795632894e-06,[1.7698850354278093e-06]
B_conditional_f1,l0_mean,43,source_token_ridge,0,0.01,1.0367425862851277e-08,7.816296683167163e-09,[1.0367425862851277e-08]
B_conditional_f1,l0_mean,43,source_token_ridge,0,0.1,1.0711575352283804e-08,8.425819159421986e-09,[1.0711575352283804e-08]
B_conditional_f1,l0_mean,43,source_token_ridge,0,1,4.833695804085128e-08,4.9421098234873866e-08,[4.833695804085128e-08]
B_conditional_f1,l0_mean,43,source_token_ridge,0,10,7.047492581963631e-07,7.229166723757742e-07,[7.047492581963631e-07]
B_conditional_f1,l0_mean,43,shuffled,1,0.01,3.5883930093397112e-06,3.9599830010090385e-06,[3.5883930093397112e-06]
B_conditional_f1,l0_mean,43,shuffled,2,0.01,3.934066700361119e-06,4.315299608606138e-06,[3.934066700361119e-06]
B_conditional_f1,l0_mean,43,shuffled,4,0.01,6.108975634494079e-06,5.782166666660446e-06,[6.108975634494079e-06]
B_conditional_f1,l0_mean,43,shuffled,8,0.01,1.0666217683321615e-05,9.087716800152528e-06,[1.0666217683321615e-05]
B_conditional_f1,l0_mean,43,shuffled,16,0.01,1.449753201576843e-05,1.1855248436066182e-05,[1.449753201576843e-05]
B_conditional_f1,l0_mean,43,shuffled,32,0.01,1.7095717525788766e-05,1.3529592871256175e-05,[1.7095717525788766e-05]
B_conditional_f1,l0_mean,43,shuffled,1,0.1,3.530267039323187e-06,3.886781071051763e-06,[3.530267039323187e-06]
B_conditional_f1,l0_mean,43,shuffled,2,0.1,3.399269950035666e-06,3.933082979505426e-06,[3.399269950035666e-06]
B_conditional_f1,l0_mean,43,shuffled,4,0.1,5.246658693874939e-06,5.5319599937251065e-06,[5.246658693874939e-06]
B_conditional_f1,l0_mean,43,shuffled,8,0.1,8.95858987377495e-06,8.614555955355621e-06,[8.95858987377495e-06]
B_conditional_f1,l0_mean,43,shuffled,16,0.1,1.2124884001495141e-05,1.1127369533628229e-05,[1.2124884001495141e-05]
B_conditional_f1,l0_mean,43,shuffled,32,0.1,1.4202490525372542e-05,1.2573304357676158e-05,[1.4202490525372542e-05]
B_conditional_f1,l0_mean,43,shuffled,1,1,3.177974156933868e-06,3.4714695712865715e-06,[3.177974156933868e-06]
B_conditional_f1,l0_mean,43,shuffled,2,1,2.232494737735757e-06,2.6445817359083217e-06,[2.232494737735757e-06]
B_conditional_f1,l0_mean,43,shuffled,4,1,3.815192502790673e-06,4.493212314789856e-06,[3.815192502790673e-06]
B_conditional_f1,l0_mean,43,shuffled,8,1,5.88064415242909e-06,6.6420329246744226e-06,[5.88064415242909e-06]
B_conditional_f1,l0_mean,43,shuffled,16,1,7.29231358069013e-06,8.042476190555729e-06,[7.29231358069013e-06]
B_conditional_f1,l0_mean,43,shuffled,32,1,8.039706950304836e-06,8.6703342386259e-06,[8.039706950304836e-06]
B_conditional_f1,l0_mean,43,shuffled,1,10,6.668723661084011e-07,7.056767078385793e-07,[6.668723661084011e-07]
B_conditional_f1,l0_mean,43,shuffled,2,10,9.4699320810064e-07,1.1594595953791274e-06,[9.4699320810064e-07]
B_conditional_f1,l0_mean,43,shuffled,4,10,1.5845037190993333e-06,1.9757827153921105e-06,[1.5845037190993333e-06]
B_conditional_f1,l0_mean,43,shuffled,8,10,2.0717580960504097e-06,2.5430278427887563e-06,[2.0717580960504097e-06]
B_conditional_f1,l0_mean,43,shuffled,16,10,2.22189404368244e-06,2.703066720421562e-06,[2.22189404368244e-06]
B_conditional_f1,l0_mean,43,shuffled,32,10,2.262122434582275e-06,2.7390042230626264e-06,[2.262122434582275e-06]
B_conditional_f1,l0_mean,43,random_subspace,32,0.01,1.7745420998552975e-06,1.8071856839882309e-06,[1.7745420998552975e-06]
B_conditional_f1,l0_mean,43,random_subspace,32,0.1,1.7745482693871792e-06,1.8071908077369896e-06,[1.7745482693871792e-06]
B_conditional_f1,l0_mean,43,random_subspace,32,1,1.7746570609519215e-06,1.8073086928762753e-06,[1.7746570609519215e-06]
B_conditional_f1,l0_mean,43,random_subspace,32,10,1.7760261136150433e-06,1.8087343209968105e-06,[1.7760261136150433e-06]
B_conditional_f2,l0_mean,43,rank1,1,0.01,1.34776300012702e-06,1.3589178838926383e-06,[1.34776300012702e-06]
B_conditional_f2,l0_mean,43,rank1,1,0.1,1.3478205005405123e-06,1.3589525176273105e-06,[1.3478205005405123e-06]
B_conditional_f2,l0_mean,43,rank1,1,1,1.3506169535754687e-06,1.361542115246809e-06,[1.3506169535754687e-06]
B_conditional_f2,l0_mean,43,rank1,1,10,1.475642715139565e-06,1.4871868015476208e-06,[1.475642715139565e-06]
B_conditional_f2,l0_mean,43,lowrank,1,0.01,1.34776300012702e-06,1.3589178838926383e-06,[1.34776300012702e-06]
B_conditional_f2,l0_mean,43,lowrank,2,0.01,1.2434088060797592e-06,1.2038697251521525e-06,[1.2434088060797592e-06]
B_conditional_f2,l0_mean,43,lowrank,4,0.01,1.0392100971385505e-06,9.304582851801652e-07,[1.0392100971385505e-06]
B_conditional_f2,l0_mean,43,lowrank,8,0.01,7.325321584562451e-07,5.701072854061979e-07,[7.325321584562451e-07]
B_conditional_f2,l0_mean,43,lowrank,16,0.01,4.993822785439252e-07,2.926112823820473e-07,[4.993822785439252e-07]
B_conditional_f2,l0_mean,43,lowrank,32,0.01,2.4510574798853905e-07,6.447161398199228e-08,[2.4510574798853905e-07]
B_conditional_f2,l0_mean,43,lowrank,1,0.1,1.3478205005405123e-06,1.3589525176273105e-06,[1.3478205005405123e-06]
B_conditional_f2,l0_mean,43,lowrank,2,0.1,1.2430847242168327e-06,1.2039160469552528e-06,[1.2430847242168327e-06]
B_conditional_f2,l0_mean,43,lowrank,4,0.1,1.038962034596712e-06,9.305393658406327e-07,[1.038962034596712e-06]
B_conditional_f2,l0_mean,43,lowrank,8,0.1,7.323172295154242e-07,5.706558671483523e-07,[7.323172295154242e-07]
B_conditional_f2,l0_mean,43,lowrank,16,0.1,4.996659572851545e-07,2.934715510004589e-07,[4.996659572851545e-07]
B_conditional_f2,l0_mean,43,lowrank,32,0.1,2.4592731631051083e-07,6.608976759659635e-08,[2.4592731631051083e-07]
B_conditional_f2,l0_mean,43,lowrank,1,1,1.3506169535754687e-06,1.361542115246809e-06,[1.3506169535754687e-06]
B_conditional_f2,l0_mean,43,lowrank,2,1,1.245504244578068e-06,1.206953106984338e-06,[1.245504244578068e-06]
B_conditional_f2,l0_mean,43,lowrank,4,1,1.042359077580681e-06,9.347930534060523e-07,[1.042359077580681e-06]
B_conditional_f2,l0_mean,43,lowrank,8,1,7.407952494477309e-07,5.835759898254385e-07,[7.407952494477309e-07]
B_conditional_f2,l0_mean,43,lowrank,16,1,5.206525596620409e-07,3.201327967665518e-07,[5.206525596620409e-07]
B_conditional_f2,l0_mean,43,lowrank,32,1,3.004339335824274e-07,1.2234887727366238e-07,[3.004339335824274e-07]
B_conditional_f2,l0_mean,43,lowrank,1,10,1.475642715139565e-06,1.4871868015476208e-06,[1.475642715139565e-06]
B_conditional_f2,l0_mean,43,lowrank,2,10,1.3822038547350974e-06,1.3503413799072103e-06,[1.3822038547350974e-06]
B_conditional_f2,l0_mean,43,lowrank,4,10,1.2069632226654054e-06,1.1157831267670046e-06,[1.2069632226654054e-06]
B_conditional_f2,l0_mean,43,lowrank,8,10,9.7717998740486e-07,8.507074834754942e-07,[9.7717998740486e-07]
B_conditional_f2,l0_mean,43,lowrank,16,10,8.642612370027629e-07,7.153922902559637e-07,[8.642612370027629e-07]
B_conditional_f2,l0_mean,43,lowrank,32,10,7.920372056532223e-07,6.488581087194062e-07,[7.920372056532223e-07]
B_conditional_f2,l0_mean,43,full_delta,0,0.01,7.89511197223303e-08,2.75927518126014e-10,[7.89511197223303e-08]
B_conditional_f2,l0_mean,43,full_delta,0,0.1,8.767444942909765e-08,3.4221474338795178e-09,[8.767444942909765e-08]
B_conditional_f2,l0_mean,43,full_delta,0,1,2.1028085673359452e-07,8.231787898066541e-08,[2.1028085673359452e-07]
B_conditional_f2,l0_mean,43,full_delta,0,10,7.755861061188887e-07,6.410901278020516e-07,[7.755861061188887e-07]
B_conditional_f2,l0_mean,43,full_affine,0,0.01,2.968311482425405e-07,3.423374514837016e-10,[2.968311482425405e-07]
B_conditional_f2,l0_mean,43,full_affine,0,0.1,3.235553198054184e-07,8.154997203027615e-09,[3.235553198054184e-07]
B_conditional_f2,l0_mean,43,full_affine,0,1,7.004894769360004e-07,2.2060724635488362e-07,[7.004894769360004e-07]
B_conditional_f2,l0_mean,43,full_affine,0,10,2.1453050073942626e-06,1.6027999515097896e-06,[2.1453050073942626e-06]
B_conditional_f2,l0_mean,43,length_shift,0,0.01,3.002984224452616e-06,2.9414416555409304e-06,[3.002984224452616e-06]
B_conditional_f2,l0_mean,43,length_shift,0,0.1,2.998873608718947e-06,2.94469010100398e-06,[2.998873608718947e-06]
B_conditional_f2,l0_mean,43,length_shift,0,1,3.002757340004328e-06,2.959794157474515e-06,[3.002757340004328e-06]
B_conditional_f2,l0_mean,43,length_shift,0,10,2.998143511642912e-06,2.967706842416723e-06,[2.998143511642912e-06]
B_conditional_f2,l0_mean,43,source_token_ridge,0,0.01,1.0982170484951025e-07,8.794274559217948e-09,[1.0982170484951025e-07]
B_conditional_f2,l0_mean,43,source_token_ridge,0,0.1,1.1921716750403077e-07,1.044335514115741e-08,[1.1921716750403077e-07]
B_conditional_f2,l0_mean,43,source_token_ridge,0,1,2.691665079771704e-07,9.427867373897705e-08,[2.691665079771704e-07]
B_conditional_f2,l0_mean,43,source_token_ridge,0,10,1.410700754958262e-06,1.250826651566042e-06,[1.410700754958262e-06]
B_conditional_f2,l0_mean,43,shuffled,1,0.01,2.029732085771689e-06,1.9904140517658244e-06,[2.029732085771689e-06]
B_conditional_f2,l0_mean,43,shuffled,2,0.01,2.3155886068925773e-06,2.407110425064303e-06,[2.3155886068925773e-06]
B_conditional_f2,l0_mean,43,shuffled,4,0.01,3.647338661057287e-06,3.346843667484133e-06,[3.647338661057287e-06]
B_conditional_f2,l0_mean,43,shuffled,8,0.01,5.219624116759218e-06,4.400371549460654e-06,[5.219624116759218e-06]
B_conditional_f2,l0_mean,43,shuffled,16,0.01,6.525149083612568e-06,5.339993917154865e-06,[6.525149083612568e-06]
B_conditional_f2,l0_mean,43,shuffled,32,0.01,7.398726089317801e-06,5.798744148683324e-06,[7.398726089317801e-06]
B_conditional_f2,l0_mean,43,shuffled,1,0.1,1.9261350640126646e-06,1.913494437195573e-06,[1.9261350640126646e-06]
B_conditional_f2,l0_mean,43,shuffled,2,0.1,2.2005451759494613e-06,2.3413203877817092e-06,[2.2005451759494613e-06]
B_conditional_f2,l0_mean,43,shuffled,4,0.1,3.2468283143626453e-06,3.230129724937445e-06,[3.2468283143626453e-06]
B_conditional_f2,l0_mean,43,shuffled,8,0.1,4.4907297628289355e-06,4.177834144593663e-06,[4.4907297628289355e-06]
B_conditional_f2,l0_mean,43,shuffled,16,0.1,5.516838759121106e-06,4.986669506757721e-06,[5.516838759121106e-06]
B_conditional_f2,l0_mean,43,shuffled,32,0.1,6.104359906520318e-06,5.314707064360231e-06,[6.104359906520318e-06]
B_conditional_f2,l0_mean,43,shuffled,1,1,1.6638781984574499e-06,1.6677577692734148e-06,[1.6638781984574499e-06]
B_conditional_f2,l0_mean,43,shuffled,2,1,1.9570310229426652e-06,2.0894098296513288e-06,[1.9570310229426652e-06]
B_conditional_f2,l0_mean,43,shuffled,4,1,2.5448750657687748e-06,2.714487117670924e-06,[2.5448750657687748e-06]
B_conditional_f2,l0_mean,43,shuffled,8,1,3.0554328660098396e-06,3.189771932119149e-06,[3.0554328660098396e-06]
B_conditional_f2,l0_mean,43,shuffled,16,1,3.3077827087658278e-06,3.4151847086144033e-06,[3.3077827087658278e-06]
B_conditional_f2,l0_mean,43,shuffled,32,1,3.2123391335098513e-06,3.306888501012627e-06,[3.2123391335098513e-06]
B_conditional_f2,l0_mean,43,shuffled,1,10,1.5655920672741789e-06,1.57708152545784e-06,[1.5655920672741789e-06]
B_conditional_f2,l0_mean,43,shuffled,2,10,1.568437942896808e-06,1.5908234172120052e-06,[1.568437942896808e-06]
B_conditional_f2,l0_mean,43,shuffled,4,10,1.496927789428509e-06,1.491773954402489e-06,[1.496927789428509e-06]
B_conditional_f2,l0_mean,43,shuffled,8,10,1.2722775296237483e-06,1.2070131454104097e-06,[1.2722775296237483e-06]
B_conditional_f2,l0_mean,43,shuffled,16,10,1.0793285552257103e-06,9.873291033272284e-07,[1.0793285552257103e-06]
B_conditional_f2,l0_mean,43,shuffled,32,10,9.150287409123761e-07,8.304961169942802e-07,[9.150287409123761e-07]
B_conditional_f2,l0_mean,43,random_subspace,32,0.01,3.0407309106655947e-06,3.0620732451921593e-06,[3.0407309106655947e-06]
B_conditional_f2,l0_mean,43,random_subspace,32,0.1,3.0407940221707537e-06,3.0620992315811024e-06,[3.0407940221707537e-06]
B_conditional_f2,l0_mean,43,random_subspace,32,1,3.0418159587485606e-06,3.0627534692043736e-06,[3.0418159587485606e-06]
B_conditional_f2,l0_mean,43,random_subspace,32,10,3.046647658806322e-06,3.067476107965828e-06,[3.046647658806322e-06]
A_negation,l0_mean,17,rank1,1,0.01,6.488105374148647e-10,4.223483098487601e-13,[6.488105374148647e-10]
A_negation,l0_mean,17,rank1,1,0.1,7.272728549900298e-10,3.2327544870323875e-11,[7.272728549900298e-10]
A_negation,l0_mean,17,rank1,1,1,2.0533420770077833e-09,1.0054776168228622e-09,[2.0533420770077833e-09]
A_negation,l0_mean,17,rank1,1,10,9.34507144493193e-09,8.823536047049874e-09,[9.34507144493193e-09]
A_negation,l0_mean,17,lowrank,1,0.01,6.488105374148647e-10,4.223483098487601e-13,[6.488105374148647e-10]
A_negation,l0_mean,17,lowrank,2,0.01,6.488105374238207e-10,4.2234830525798133e-13,[6.488105374238207e-10]
A_negation,l0_mean,17,lowrank,4,0.01,6.48810537427158e-10,4.223483022609568e-13,[6.48810537427158e-10]
A_negation,l0_mean,17,lowrank,8,0.01,6.488105374310086e-10,4.2234829836254543e-13,[6.488105374310086e-10]
A_negation,l0_mean,17,lowrank,16,0.01,6.488105374365123e-10,4.223482926717504e-13,[6.488105374365123e-10]
A_negation,l0_mean,17,lowrank,32,0.01,6.488105374472775e-10,4.223482850968546e-13,[6.488105374472775e-10]
A_negation,l0_mean,17,lowrank,1,0.1,7.272728549900298e-10,3.2327544870323875e-11,[7.272728549900298e-10]
A_negation,l0_mean,17,lowrank,2,0.1,7.272728549966921e-10,3.232754486585023e-11,[7.272728549966921e-10]
A_negation,l0_mean,17,lowrank,4,0.1,7.272728549990993e-10,3.232754486291637e-11,[7.272728549990993e-10]
A_negation,l0_mean,17,lowrank,8,0.1,7.272728550020648e-10,3.232754485908102e-11,[7.272728550020648e-10]
A_negation,l0_mean,17,lowrank,16,0.1,7.272728550063512e-10,3.23275448534625e-11,[7.272728550063512e-10]
A_negation,l0_mean,17,lowrank,32,0.1,7.272728550139984e-10,3.2327544846025703e-11,[7.272728550139984e-10]
A_negation,l0_mean,17,lowrank,1,1,2.0533420770077833e-09,1.0054776168228622e-09,[2.0533420770077833e-09]
A_negation,l0_mean,17,lowrank,2,1,2.0533420770099096e-09,1.0054776168198025e-09,[2.0533420770099096e-09]
A_negation,l0_mean,17,lowrank,4,1,2.0533420770111032e-09,1.0054776168175145e-09,[2.0533420770111032e-09]
A_negation,l0_mean,17,lowrank,8,1,2.053342077012681e-09,1.0054776168142614e-09,[2.053342077012681e-09]
A_negation,l0_mean,17,lowrank,16,1,2.0533420770147023e-09,1.0054776168095893e-09,[2.0533420770147023e-09]
A_negation,l0_mean,17,lowrank,32,1,2.0533420770169055e-09,1.0054776168039797e-09,[2.0533420770169055e-09]
A_negation,l0_mean,17,lowrank,1,10,9.34507144493193e-09,8.823536047049874e-09,[9.34507144493193e-09]
A_negation,l0_mean,17,lowrank,2,10,9.345071444932069e-09,8.823536047048856e-09,[9.345071444932069e-09]
A_negation,l0_mean,17,lowrank,4,10,9.345071444932472e-09,8.823536047047607e-09,[9.345071444932472e-09]
A_negation,l0_mean,17,lowrank,8,10,9.345071444932835e-09,8.823536047046095e-09,[9.345071444932835e-09]
A_negation,l0_mean,17,lowrank,16,10,9.345071444932983e-09,8.823536047044319e-09,[9.345071444932983e-09]
A_negation,l0_mean,17,lowrank,32,10,9.345071444933063e-09,8.823536047042912e-09,[9.345071444933063e-09]
A_negation,l0_mean,17,full_delta,0,0.01,6.488105374557635e-10,4.2234828117665687e-13,[6.488105374557635e-10]
A_negation,l0_mean,17,full_delta,0,0.1,7.272728550200988e-10,3.23275448422005e-11,[7.272728550200988e-10]
A_negation,l0_mean,17,full_delta,0,1,2.053342077017802e-09,1.0054776168018504e-09,[2.053342077017802e-09]
A_negation,l0_mean,17,full_delta,0,10,9.345071444933084e-09,8.823536047042562e-09,[9.345071444933084e-09]
A_negation,l0_mean,17,full_affine,0,0.01,4.931414744027379e-07,6.541824233087447e-10,[4.931414744027379e-07]
A_negation,l0_mean,17,full_affine,0,0.1,5.935904151756026e-07,4.4873174618850315e-08,[5.935904151756026e-07]
A_negation,l0_mean,17,full_affine,0,1,1.928837710899244e-06,9.822164659362912e-07,[1.928837710899244e-06]
A_negation,l0_mean,17,full_affine,0,10,6.090271113426266e-06,5.149898745125753e-06,[6.090271113426266e-06]
A_negation,l0_mean,17,length_shift,0,0.01,2.7047331447973785e-13,2.8287421666882867e-13,[2.7047331447973785e-13]
A_negation,l0_mean,17,length_shift,0,0.1,7.820785113123218e-12,8.138720658471718e-12,[7.820785113123218e-12]
A_negation,l0_mean,17,length_shift,0,1,3.1179494457607586e-11,3.139262063786001e-11,[3.1179494457607586e-11]
A_negation,l0_mean,17,length_shift,0,10,4.329247251739807e-10,4.517071125202092e-10,[4.329247251739807e-10]
A_negation,l0_mean,17,source_token_ridge,0,0.01,6.211558912543846e-10,1.597054417189961e-13,[6.211558912543846e-10]
A_negation,l0_mean,17,source_token_ridge,0,0.1,6.569707862917903e-10,1.472573826993547e-11,[6.569707862917903e-10]
A_negation,l0_mean,17,source_token_ridge,0,1,1.6091809597621318e-09,8.699903379816722e-10,[1.6091809597621318e-09]
A_negation,l0_mean,17,source_token_ridge,0,10,1.0432999727884902e-08,1.0405170923085209e-08,[1.0432999727884902e-08]
A_negation,l0_mean,17,shuffled,1,0.01,2.3846418297709533e-06,2.332539022237481e-06,[2.3846418297709533e-06]
A_negation,l0_mean,17,shuffled,2,0.01,4.156407833558558e-06,4.005687369824246e-06,[4.156407833558558e-06]
A_negation,l0_mean,17,shuffled,4,0.01,6.472533109495576e-06,6.566610907552154e-06,[6.472533109495576e-06]
A_negation,l0_mean,17,shuffled,8,0.01,9.986226837360673e-06,9.871201977847844e-06,[9.986226837360673e-06]
A_negation,l0_mean,17,shuffled,16,0.01,1.3686604350672158e-05,1.2791402259263729e-05,[1.3686604350672158e-05]
A_negation,l0_mean,17,shuffled,32,0.01,1.653864566001796e-05,1.4830620095642667e-05,[1.653864566001796e-05]
A_negation,l0_mean,17,shuffled,1,0.1,1.8494874930284257e-06,2.207109595046779e-06,[1.8494874930284257e-06]
A_negation,l0_mean,17,shuffled,2,0.1,3.4029812189231386e-06,3.7303918390082412e-06,[3.4029812189231386e-06]
A_negation,l0_mean,17,shuffled,4,0.1,5.366663884463112e-06,6.094657410330816e-06,[5.366663884463112e-06]
A_negation,l0_mean,17,shuffled,8,0.1,8.378994870466552e-06,9.10297805192625e-06,[8.378994870466552e-06]
A_negation,l0_mean,17,shuffled,16,0.1,1.1301335021531063e-05,1.1646995438797697e-05,[1.1301335021531063e-05]
A_negation,l0_mean,17,shuffled,32,0.1,1.3502883102411658e-05,1.3287010774785183e-05,[1.3502883102411658e-05]
A_negation,l0_mean,17,shuffled,1,1,1.225370590655962e-06,1.6800531262722478e-06,[1.225370590655962e-06]
A_negation,l0_mean,17,shuffled,2,1,2.1194687454010475e-06,2.729578751311709e-06,[2.1194687454010475e-06]
A_negation,l0_mean,17,shuffled,4,1,3.472590962675714e-06,4.316059145858445e-06,[3.472590962675714e-06]
A_negation,l0_mean,17,shuffled,8,1,5.151050810443054e-06,6.141097567970239e-06,[5.151050810443054e-06]
A_negation,l0_mean,17,shuffled,16,1,6.277253394388773e-06,7.267767426980578e-06,[6.277253394388773e-06]
A_negation,l0_mean,17,shuffled,32,1,6.847862361174584e-06,7.760221991047328e-06,[6.847862361174584e-06]
A_negation,l0_mean,17,shuffled,1,10,3.765830955425493e-07,5.08017426740697e-07,[3.765830955425493e-07]
A_negation,l0_mean,17,shuffled,2,10,5.916423802661162e-07,7.939951241495616e-07,[5.916423802661162e-07]
A_negation,l0_mean,17,shuffled,4,10,8.521837618438192e-07,1.0928356188801174e-06,[8.521837618438192e-07]
A_negation,l0_mean,17,shuffled,8,10,1.1230178227719049e-06,1.3922560001214553e-06,[1.1230178227719049e-06]
A_negation,l0_mean,17,shuffled,16,10,1.1937127729275587e-06,1.4683082421748435e-06,[1.1937127729275587e-06]
A_negation,l0_mean,17,shuffled,32,10,1.2147124925139463e-06,1.488039855556903e-06,[1.2147124925139463e-06]
A_negation,l0_mean,17,random_subspace,1,0.01,2.0001497150818307e-08,2.1043982381589174e-08,[2.0001497150818307e-08]
A_negation,l0_mean,17,random_subspace,1,0.1,2.000149845180658e-08,2.1043982910605844e-08,[2.000149845180658e-08]
A_negation,l0_mean,17,random_subspace,1,1,2.0001520439201822e-08,2.1043999046328275e-08,[2.0001520439201822e-08]
A_negation,l0_mean,17,random_subspace,1,10,2.0001641342749878e-08,2.1044128676906354e-08,[2.0001641342749878e-08]
A_negation,l0_mean,29,rank1,1,0.01,8.215145864459883e-10,4.3668539790404853e-13,[8.215145864459883e-10]
A_negation,l0_mean,29,rank1,1,0.1,9.327061837767612e-10,3.294699923035809e-11,[9.327061837767612e-10]
A_negation,l0_mean,29,rank1,1,1,2.5937236491453735e-09,9.8155174719615e-10,[2.5937236491453735e-09]
A_negation,l0_mean,29,rank1,1,10,1.029908955157097e-08,8.253567277081079e-09,[1.029908955157097e-08]
A_negation,l0_mean,29,lowrank,1,0.01,8.215145864459883e-10,4.3668539790404853e-13,[8.215145864459883e-10]
A_negation,l0_mean,29,lowrank,2,0.01,8.215145864578847e-10,4.3668539207898737e-13,[8.215145864578847e-10]
A_negation,l0_mean,29,lowrank,4,0.01,8.215145864609283e-10,4.366853889138588e-13,[8.215145864609283e-10]
A_negation,l0_mean,29,lowrank,8,0.01,8.215145864650572e-10,4.366853843408651e-13,[8.215145864650572e-10]
A_negation,l0_mean,29,lowrank,16,0.01,8.215145864733732e-10,4.3668537847862985e-13,[8.215145864733732e-10]
A_negation,l0_mean,29,lowrank,32,0.01,8.215145864843737e-10,4.366853711578586e-13,[8.215145864843737e-10]
A_negation,l0_mean,29,lowrank,1,0.1,9.327061837767612e-10,3.294699923035809e-11,[9.327061837767612e-10]
A_negation,l0_mean,29,lowrank,2,0.1,9.327061837859011e-10,3.2946999224607434e-11,[9.327061837859011e-10]
A_negation,l0_mean,29,lowrank,4,0.1,9.327061837883066e-10,3.2946999221474474e-11,[9.327061837883066e-10]
A_negation,l0_mean,29,lowrank,8,0.1,9.327061837915014e-10,3.29469992169479e-11,[9.327061837915014e-10]
A_negation,l0_mean,29,lowrank,16,0.1,9.327061837966167e-10,3.294699921120175e-11,[9.327061837966167e-10]
A_negation,l0_mean,29,lowrank,32,0.1,9.327061838050498e-10,3.2946999204060364e-11,[9.327061838050498e-10]
A_negation,l0_mean,29,lowrank,1,1,2.5937236491453735e-09,9.8155174719615e-10,[2.5937236491453735e-09]
A_negation,l0_mean,29,lowrank,2,1,2.5937236491485523e-09,9.815517471914333e-10,[2.5937236491485523e-09]
A_negation,l0_mean,29,lowrank,4,1,2.59372364914966e-09,9.815517471887358e-10,[2.59372364914966e-09]
A_negation,l0_mean,29,lowrank,8,1,2.5937236491512353e-09,9.81551747184853e-10,[2.5937236491512353e-09]
A_negation,l0_mean,29,lowrank,16,1,2.593723649153704e-09,9.81551747180051e-10,[2.593723649153704e-09]
A_negation,l0_mean,29,lowrank,32,1,2.5937236491563526e-09,9.81551747174607e-10,[2.5937236491563526e-09]
A_negation,l0_mean,29,lowrank,1,10,1.029908955157097e-08,8.253567277081079e-09,[1.029908955157097e-08]
A_negation,l0_mean,29,lowrank,2,10,1.029908955157131e-08,8.253567277078703e-09,[1.029908955157131e-08]
A_negation,l0_mean,29,lowrank,4,10,1.0299089551571578e-08,8.253567277077293e-09,[1.0299089551571578e-08]
A_negation,l0_mean,29,lowrank,8,10,1.0299089551571926e-08,8.253567277075483e-09,[1.0299089551571926e-08]
A_negation,l0_mean,29,lowrank,16,10,1.02990895515722e-08,8.253567277073614e-09,[1.02990895515722e-08]
A_negation,l0_mean,29,lowrank,32,10,1.0299089551572315e-08,8.253567277072181e-09,[1.0299089551572315e-08]
A_negation,l0_mean,29,full_delta,0,0.01,8.215145864919791e-10,4.366853675903263e-13,[8.215145864919791e-10]
A_negation,l0_mean,29,full_delta,0,0.1,9.327061838103789e-10,3.294699920066545e-11,[9.327061838103789e-10]
A_negation,l0_mean,29,full_delta,0,1,2.593723649157026e-09,9.815517471729743e-10,[2.593723649157026e-09]
A_negation,l0_mean,29,full_delta,0,10,1.0299089551572336e-08,8.253567277071933e-09,[1.0299089551572336e-08]
A_negation,l0_mean,29,full_affine,0,0.01,6.290523948670054e-07,7.419297438636058e-10,[6.290523948670054e-07]
A_negation,l0_mean,29,full_affine,0,0.1,7.349542880665432e-07,4.5094649374152504e-08,[7.349542880665432e-07]
A_negation,l0_mean,29,full_affine,0,1,2.0237790254985594e-06,9.226383401073264e-07,[2.0237790254985594e-06]
A_negation,l0_mean,29,full_affine,0,10,6.1469302709421635e-06,5.139397065940468e-06,[6.1469302709421635e-06]
A_negation,l0_mean,29,length_shift,0,0.01,2.403809881034513e-13,2.4308075142507997e-13,[2.403809881034513e-13]
A_negation,l0_mean,29,length_shift,0,0.1,7.319605443750751e-12,7.368844374558994e-12,[7.319605443750751e-12]
A_negation,l0_mean,29,length_shift,0,1,3.03722336889903e-11,2.948685076208433e-11,[3.03722336889903e-11]
A_negation,l0_mean,29,length_shift,0,10,4.209574511896793e-10,4.057672294318836e-10,[4.209574511896793e-10]
A_negation,l0_mean,29,source_token_ridge,0,0.01,4.828933592415265e-10,1.6653188297766632e-13,[4.828933592415265e-10]
A_negation,l0_mean,29,source_token_ridge,0,0.1,5.40378485369042e-10,1.4385085594236735e-11,[5.40378485369042e-10]
A_negation,l0_mean,29,source_token_ridge,0,1,1.6218503193297493e-09,7.831277592266984e-10,[1.6218503193297493e-09]
A_negation,l0_mean,29,source_token_ridge,0,10,1.0598113998983228e-08,9.285033209992606e-09,[1.0598113998983228e-08]
A_negation,l0_mean,29,shuffled,1,0.01,1.6308902324944587e-06,2.168669847236034e-06,[1.6308902324944587e-06]
A_negation,l0_mean,29,shuffled,2,0.01,3.93920695311484e-06,3.987854243263945e-06,[3.93920695311484e-06]
A_negation,l0_mean,29,shuffled,4,0.01,7.3346864893892335e-06,6.722661896627043e-06,[7.3346864893892335e-06]
A_negation,l0_mean,29,shuffled,8,0.01,1.0674990583039493e-05,1.007631456912278e-05,[1.0674990583039493e-05]
A_negation,l0_mean,29,shuffled,16,0.01,1.4500644514945239e-05,1.3152136015262113e-05,[1.4500644514945239e-05]
A_negation,l0_mean,29,shuffled,32,0.01,1.743785593809167e-05,1.5099152166777848e-05,[1.743785593809167e-05]
A_negation,l0_mean,29,shuffled,1,0.1,1.5266728906626312e-06,2.0503558144215064e-06,[1.5266728906626312e-06]
A_negation,l0_mean,29,shuffled,2,0.1,3.380976500332416e-06,3.7325012655808135e-06,[3.380976500332416e-06]
A_negation,l0_mean,29,shuffled,4,0.1,6.276687081942083e-06,6.2479391760058375e-06,[6.276687081942083e-06]
A_negation,l0_mean,29,shuffled,8,0.1,9.140035380169084e-06,9.26791754197163e-06,[9.140035380169084e-06]
A_negation,l0_mean,29,shuffled,16,0.1,1.2170956088506538e-05,1.1941701487031967e-05,[1.2170956088506538e-05]
A_negation,l0_mean,29,shuffled,32,0.1,1.4343335740337123e-05,1.3514339724696135e-05,[1.4343335740337123e-05]
A_negation,l0_mean,29,shuffled,1,1,1.1339029473034441e-06,1.5445645803474013e-06,[1.1339029473034441e-06]
A_negation,l0_mean,29,shuffled,2,1,2.2381925749125903e-06,2.7751818910692362e-06,[2.2381925749125903e-06]
A_negation,l0_mean,29,shuffled,4,1,3.937439172973123e-06,4.4909667657099046e-06,[3.937439172973123e-06]
A_negation,l0_mean,29,shuffled,8,1,5.5580133158024884e-06,6.283793613114258e-06,[5.5580133158024884e-06]
A_negation,l0_mean,29,shuffled,16,1,6.723724057176995e-06,7.544756941400857e-06,[6.723724057176995e-06]
A_negation,l0_mean,29,shuffled,32,1,7.293267589756247e-06,8.033926540456787e-06,[7.293267589756247e-06]
A_negation,l0_mean,29,shuffled,1,10,3.2264693405845474e-07,4.2875498151305346e-07,[3.2264693405845474e-07]
A_negation,l0_mean,29,shuffled,2,10,5.977766370952859e-07,7.664772138344241e-07,[5.977766370952859e-07]
A_negation,l0_mean,29,shuffled,4,10,9.273772033887016e-07,1.1480055625045713e-06,[9.273772033887016e-07]
A_negation,l0_mean,29,shuffled,8,10,1.169113315429063e-06,1.4132959605275434e-06,[1.169113315429063e-06]
A_negation,l0_mean,29,shuffled,16,10,1.2544645868591242e-06,1.5195256020258554e-06,[1.2544645868591242e-06]
A_negation,l0_mean,29,shuffled,32,10,1.275362452768179e-06,1.5389985487748158e-06,[1.275362452768179e-06]
A_negation,l0_mean,29,random_subspace,1,0.01,1.997804842353221e-08,1.899602942723318e-08,[1.997804842353221e-08]
A_negation,l0_mean,29,random_subspace,1,0.1,1.997804897522149e-08,1.8996029588527898e-08,[1.997804897522149e-08]
A_negation,l0_mean,29,random_subspace,1,1,1.9978057216212826e-08,1.8996034294904736e-08,[1.9978057216212826e-08]
A_negation,l0_mean,29,random_subspace,1,10,1.997809544554072e-08,1.8996070374175864e-08,[1.997809544554072e-08]
A_negation,l0_mean,43,rank1,1,0.01,7.052829304413598e-10,3.565891122669419e-13,[7.052829304413598e-10]
A_negation,l0_mean,43,rank1,1,0.1,7.861124885759584e-10,2.9192657105650946e-11,[7.861124885759584e-10]
A_negation,l0_mean,43,rank1,1,1,2.5066007835060755e-09,1.082167254053399e-09,[2.5066007835060755e-09]
A_negation,l0_mean,43,rank1,1,10,1.0931447500133696e-08,8.316788269671472e-09,[1.0931447500133696e-08]
A_negation,l0_mean,43,lowrank,1,0.01,7.052829304413598e-10,3.565891122669419e-13,[7.052829304413598e-10]
A_negation,l0_mean,43,lowrank,2,0.01,7.05282930446651e-10,3.565891064887728e-13,[7.05282930446651e-10]
A_negation,l0_mean,43,lowrank,4,0.01,7.052829304489169e-10,3.565891033254732e-13,[7.052829304489169e-10]
A_negation,l0_mean,43,lowrank,8,0.01,7.052829304538359e-10,3.565890988028325e-13,[7.052829304538359e-10]
A_negation,l0_mean,43,lowrank,16,0.01,7.052829304613206e-10,3.5658909263732467e-13,[7.052829304613206e-10]
A_negation,l0_mean,43,lowrank,32,0.01,7.052829304749367e-10,3.565890845717736e-13,[7.052829304749367e-10]
A_negation,l0_mean,43,lowrank,1,0.1,7.861124885759584e-10,2.9192657105650946e-11,[7.861124885759584e-10]
A_negation,l0_mean,43,lowrank,2,0.1,7.861124885791853e-10,2.919265710001967e-11,[7.861124885791853e-10]
A_negation,l0_mean,43,lowrank,4,0.1,7.861124885810435e-10,2.919265709689534e-11,[7.861124885810435e-10]
A_negation,l0_mean,43,lowrank,8,0.1,7.861124885845476e-10,2.9192657092452155e-11,[7.861124885845476e-10]
A_negation,l0_mean,43,lowrank,16,0.1,7.861124885897517e-10,2.919265708639902e-11,[7.861124885897517e-10]
A_negation,l0_mean,43,lowrank,32,0.1,7.861124885986265e-10,2.919265707852025e-11,[7.861124885986265e-10]
A_negation,l0_mean,43,lowrank,1,1,2.5066007835060755e-09,1.082167254053399e-09,[2.5066007835060755e-09]
A_negation,l0_mean,43,lowrank,2,1,2.5066007835070156e-09,1.0821672540491952e-09,[2.5066007835070156e-09]
A_negation,l0_mean,43,lowrank,4,1,2.5066007835081935e-09,1.0821672540464995e-09,[2.5066007835081935e-09]
A_negation,l0_mean,43,lowrank,8,1,2.5066007835099583e-09,1.0821672540428359e-09,[2.5066007835099583e-09]
A_negation,l0_mean,43,lowrank,16,1,2.50660078351236e-09,1.0821672540377316e-09,[2.50660078351236e-09]
A_negation,l0_mean,43,lowrank,32,1,2.506600783514724e-09,1.0821672540318005e-09,[2.506600783514724e-09]
A_negation,l0_mean,43,lowrank,1,10,1.0931447500133696e-08,8.316788269671472e-09,[1.0931447500133696e-08]
A_negation,l0_mean,43,lowrank,2,10,1.0931447500133842e-08,8.316788269669642e-09,[1.0931447500133842e-08]
A_negation,l0_mean,43,lowrank,4,10,1.093144750013418e-08,8.316788269668147e-09,[1.093144750013418e-08]
A_negation,l0_mean,43,lowrank,8,10,1.0931447500134469e-08,8.316788269666426e-09,[1.0931447500134469e-08]
A_negation,l0_mean,43,lowrank,16,10,1.0931447500134705e-08,8.316788269664477e-09,[1.0931447500134705e-08]
A_negation,l0_mean,43,lowrank,32,10,1.093144750013478e-08,8.316788269662972e-09,[1.093144750013478e-08]
A_negation,l0_mean,43,full_delta,0,0.01,7.05282930485158e-10,3.5658908087538237e-13,[7.05282930485158e-10]
A_negation,l0_mean,43,full_delta,0,0.1,7.861124886049743e-10,2.919265707498885e-11,[7.861124886049743e-10]
A_negation,l0_mean,43,full_delta,0,1,2.50660078351549e-09,1.0821672540300479e-09,[2.50660078351549e-09]
A_negation,l0_mean,43,full_delta,0,10,1.0931447500134801e-08,8.316788269662704e-09,[1.0931447500134801e-08]
A_negation,l0_mean,43,full_affine,0,0.01,6.701048280804914e-07,7.430684714439865e-10,[6.701048280804914e-07]
A_negation,l0_mean,43,full_affine,0,0.1,8.078064192417917e-07,4.541612543627128e-08,[8.078064192417917e-07]
A_negation,l0_mean,43,full_affine,0,1,2.1557427566000666e-06,9.290749676204818e-07,[2.1557427566000666e-06]
A_negation,l0_mean,43,full_affine,0,10,6.1416823676482785e-06,5.04867217247422e-06,[6.1416823676482785e-06]
A_negation,l0_mean,43,length_shift,0,0.01,2.8529315464792366e-13,2.4898373786778735e-13,[2.8529315464792366e-13]
A_negation,l0_mean,43,length_shift,0,0.1,7.931567514706096e-12,6.984139189688221e-12,[7.931567514706096e-12]
A_negation,l0_mean,43,length_shift,0,1,2.8013914533780747e-11,2.658780051046734e-11,[2.8013914533780747e-11]
A_negation,l0_mean,43,length_shift,0,10,4.1340137673954326e-10,3.925793997204145e-10,[4.1340137673954326e-10]
A_negation,l0_mean,43,source_token_ridge,0,0.01,7.695106129736412e-10,1.8242038283937195e-13,[7.695106129736412e-10]
A_negation,l0_mean,43,source_token_ridge,0,0.1,8.44198155099239e-10,1.548980676603139e-11,[8.44198155099239e-10]
A_negation,l0_mean,43,source_token_ridge,0,1,2.039383923391236e-09,7.915417967098622e-10,[2.039383923391236e-09]
A_negation,l0_mean,43,source_token_ridge,0,10,1.0876651260493434e-08,8.919959421588158e-09,[1.0876651260493434e-08]
A_negation,l0_mean,43,shuffled,1,0.01,1.8531194760027105e-06,2.2150027947648442e-06,[1.8531194760027105e-06]
A_negation,l0_mean,43,shuffled,2,0.01,3.099059161132114e-06,4.012962446473203e-06,[3.099059161132114e-06]
A_negation,l0_mean,43,shuffled,4,0.01,7.051045390933034e-06,6.582691930837119e-06,[7.051045390933034e-06]
A_negation,l0_mean,43,shuffled,8,0.01,1.0907727987853035e-05,9.423143758315766e-06,[1.0907727987853035e-05]
A_negation,l0_mean,43,shuffled,16,0.01,1.4420634438614147e-05,1.1931405609509612e-05,[1.4420634438614147e-05]
A_negation,l0_mean,43,shuffled,32,0.01,1.681349069727865e-05,1.3476843499828684e-05,[1.681349069727865e-05]
A_negation,l0_mean,43,shuffled,1,0.1,1.769554049140969e-06,2.1109158974779976e-06,[1.769554049140969e-06]
A_negation,l0_mean,43,shuffled,2,0.1,2.939153376378392e-06,3.7802515651574338e-06,[2.939153376378392e-06]
A_negation,l0_mean,43,shuffled,4,0.1,5.721602358174226e-06,6.127234913246795e-06,[5.721602358174226e-06]
A_negation,l0_mean,43,shuffled,8,0.1,8.663014887652407e-06,8.666252374901501e-06,[8.663014887652407e-06]
A_negation,l0_mean,43,shuffled,16,0.1,1.1301885289971628e-05,1.080833231114591e-05,[1.1301885289971628e-05]
A_negation,l0_mean,43,shuffled,32,0.1,1.298634406446104e-05,1.2030657782319197e-05,[1.298634406446104e-05]
A_negation,l0_mean,43,shuffled,1,1,1.3531700168798621e-06,1.6396805228898437e-06,[1.3531700168798621e-06]
A_negation,l0_mean,43,shuffled,2,1,2.3063224615621045e-06,2.8650208001467588e-06,[2.3063224615621045e-06]
A_negation,l0_mean,43,shuffled,4,1,3.7609663663292424e-06,4.4828761162667655e-06,[3.7609663663292424e-06]
A_negation,l0_mean,43,shuffled,8,1,5.1585145213599326e-06,5.9578643676297895e-06,[5.1585145213599326e-06]
A_negation,l0_mean,43,shuffled,16,1,6.04357755581198e-06,6.850885250963362e-06,[6.04357755581198e-06]
A_negation,l0_mean,43,shuffled,32,1,6.466896445064642e-06,7.2306940374377495e-06,[6.466896445064642e-06]
A_negation,l0_mean,43,shuffled,1,10,3.8523894260587695e-07,4.958119112593875e-07,[3.8523894260587695e-07]
A_negation,l0_mean,43,shuffled,2,10,6.328152903358265e-07,8.261538769802724e-07,[6.328152903358265e-07]
A_negation,l0_mean,43,shuffled,4,10,9.526541625159981e-07,1.2033718679596527e-06,[9.526541625159981e-07]
A_negation,l0_mean,43,shuffled,8,10,1.1513952029446275e-06,1.4387212641989855e-06,[1.1513952029446275e-06]
A_negation,l0_mean,43,shuffled,16,10,1.2039641015790401e-06,1.4962186447797527e-06,[1.2039641015790401e-06]
A_negation,l0_mean,43,shuffled,32,10,1.2201463698519533e-06,1.5120662978879333e-06,[1.2201463698519533e-06]
A_negation,l0_mean,43,random_subspace,1,0.01,2.0083825073281545e-08,1.812158809338255e-08,[2.0083825073281545e-08]
A_negation,l0_mean,43,random_subspace,1,0.1,2.008382817058372e-08,1.8121589198339974e-08,[2.008382817058372e-08]
A_negation,l0_mean,43,random_subspace,1,1,2.008389409745414e-08,1.8121629546844255e-08,[2.008389409745414e-08]
A_negation,l0_mean,43,random_subspace,1,10,2.0084216926121594e-08,1.812190676706542e-08,[2.0084216926121594e-08]
A_time,l0_mean,17,rank1,1,0.01,2.733928848860019e-10,1.779672472816524e-13,[2.733928848860019e-10]
A_time,l0_mean,17,rank1,1,0.1,3.064549986935624e-10,1.362203574012296e-11,[3.064549986935624e-10]
A_time,l0_mean,17,rank1,1,1,8.652281557900809e-10,4.236836486426072e-10,[8.652281557900809e-10]
A_time,l0_mean,17,rank1,1,10,3.937784451563908e-09,3.718022058652084e-09,[3.937784451563908e-09]
A_time,l0_mean,17,lowrank,1,0.01,2.733928848860019e-10,1.779672472816524e-13,[2.733928848860019e-10]
A_time,l0_mean,17,lowrank,2,0.01,2.733928848922765e-10,1.7796724484514406e-13,[2.733928848922765e-10]
A_time,l0_mean,17,lowrank,4,0.01,2.7339288489437674e-10,1.7796724208727427e-13,[2.7339288489437674e-10]
A_time,l0_mean,17,lowrank,8,0.01,2.7339288489841137e-10,1.7796723831849385e-13,[2.7339288489841137e-10]
A_time,l0_mean,17,lowrank,16,0.01,2.733928849042346e-10,1.7796723281069513e-13,[2.733928849042346e-10]
A_time,l0_mean,17,lowrank,32,0.01,2.733928849141472e-10,1.7796722540986548e-13,[2.733928849141472e-10]
A_time,l0_mean,17,lowrank,1,0.1,3.064549986935624e-10,1.362203574012296e-11,[3.064549986935624e-10]
A_time,l0_mean,17,lowrank,2,0.1,3.0645499869728933e-10,1.3622035737797678e-11,[3.0645499869728933e-10]
A_time,l0_mean,17,lowrank,4,0.1,3.0645499869891593e-10,1.3622035735085263e-11,[3.0645499869891593e-10]
A_time,l0_mean,17,lowrank,8,0.1,3.064549987022487e-10,1.3622035731373863e-11,[3.064549987022487e-10]
A_time,l0_mean,17,lowrank,16,0.1,3.0645499870665716e-10,1.3622035725967789e-11,[3.0645499870665716e-10]
A_time,l0_mean,17,lowrank,32,0.1,3.064549987135984e-10,1.3622035718690431e-11,[3.064549987135984e-10]
A_time,l0_mean,17,lowrank,1,1,8.652281557900809e-10,4.236836486426072e-10,[8.652281557900809e-10]
A_time,l0_mean,17,lowrank,2,1,8.652281557908373e-10,4.236836486412738e-10,[8.652281557908373e-10]
A_time,l0_mean,17,lowrank,4,1,8.652281557921282e-10,4.23683648638997e-10,[8.652281557921282e-10]
A_time,l0_mean,17,lowrank,8,1,8.652281557936463e-10,4.2368364863598217e-10,[8.652281557936463e-10]
A_time,l0_mean,17,lowrank,16,1,8.652281557955819e-10,4.236836486315158e-10,[8.652281557955819e-10]
A_time,l0_mean,17,lowrank,32,1,8.652281557976926e-10,4.236836486260392e-10,[8.652281557976926e-10]
A_time,l0_mean,17,lowrank,1,10,3.937784451563908e-09,3.718022058652084e-09,[3.937784451563908e-09]
A_time,l0_mean,17,lowrank,2,10,3.9377844515640755e-09,3.71802205865137e-09,[3.9377844515640755e-09]
A_time,l0_mean,17,lowrank,4,10,3.9377844515644246e-09,3.7180220586503407e-09,[3.9377844515644246e-09]
A_time,l0_mean,17,lowrank,8,10,3.937784451564672e-09,3.718022058648915e-09,[3.937784451564672e-09]
A_time,l0_mean,17,lowrank,16,10,3.937784451564813e-09,3.718022058647254e-09,[3.937784451564813e-09]
A_time,l0_mean,17,lowrank,32,10,3.937784451564907e-09,3.7180220586458967e-09,[3.937784451564907e-09]
A_time,l0_mean,17,full_delta,0,0.01,2.733928849224488e-10,1.7796722154346005e-13,[2.733928849224488e-10]
A_time,l0_mean,17,full_delta,0,0.1,3.0645499871967455e-10,1.3622035714911547e-11,[3.0645499871967455e-10]
A_time,l0_mean,17,full_delta,0,1,8.652281557986263e-10,4.2368364862388776e-10,[8.652281557986263e-10]
A_time,l0_mean,17,full_delta,0,10,3.9377844515649324e-09,3.718022058645543e-09,[3.9377844515649324e-09]
A_time,l0_mean,17,full_affine,0,0.01,4.929379694207086e-07,6.541819230248947e-10,[4.929379694207086e-07]
A_time,l0_mean,17,full_affine,0,0.1,5.934073759086035e-07,4.4871101614150954e-08,[5.934073759086035e-07]
A_time,l0_mean,17,full_affine,0,1,1.928573748207899e-06,9.821272006868494e-07,[1.928573748207899e-06]
A_time,l0_mean,17,full_affine,0,10,6.091051694029339e-06,5.150888176426767e-06,[6.091051694029339e-06]
A_time,l0_mean,17,length_shift,0,0.01,1.1397007158324716e-13,1.1919638170793713e-13,[1.1397007158324716e-13]
A_time,l0_mean,17,length_shift,0,0.1,3.2954853521510128e-12,3.4294603369144587e-12,[3.2954853521510128e-12]
A_time,l0_mean,17,length_shift,0,1,1.3138276613568437e-11,1.3228090269772005e-11,[1.3138276613568437e-11]
A_time,l0_mean,17,length_shift,0,10,1.8242389778776178e-10,1.9033833161276445e-10,[1.8242389778776178e-10]
A_time,l0_mean,17,source_token_ridge,0,0.01,2.6173988656664035e-10,6.729597015579211e-14,[2.6173988656664035e-10]
A_time,l0_mean,17,source_token_ridge,0,0.1,2.7683141110720657e-10,6.205065792313813e-12,[2.7683141110720657e-10]
A_time,l0_mean,17,source_token_ridge,0,1,6.780694968502901e-10,3.665926379563443e-10,[6.780694968502901e-10]
A_time,l0_mean,17,source_token_ridge,0,10,4.3962108017179395e-09,4.3844843131899105e-09,[4.3962108017179395e-09]
A_time,l0_mean,17,shuffled,1,0.01,2.3732873836905405e-06,2.3203417300994997e-06,[2.3732873836905405e-06]
A_time,l0_mean,17,shuffled,2,0.01,4.143961558506446e-06,3.9941462679708495e-06,[4.143961558506446e-06]
A_time,l0_mean,17,shuffled,4,0.01,6.459355363955565e-06,6.555298550307738e-06,[6.459355363955565e-06]
A_time,l0_mean,17,shuffled,8,0.01,9.986408487087231e-06,9.868476535789964e-06,[9.986408487087231e-06]
A_time,l0_mean,17,shuffled,16,0.01,1.3684470758053004e-05,1.2791391589161554e-05,[1.3684470758053004e-05]
A_time,l0_mean,17,shuffled,32,0.01,1.6540189783223117e-05,1.4833437178678136e-05,[1.6540189783223117e-05]
A_time,l0_mean,17,shuffled,1,0.1,1.837956801130782e-06,2.194923325283008e-06,[1.837956801130782e-06]
A_time,l0_mean,17,shuffled,2,0.1,3.3909781598420476e-06,3.7185732271524696e-06,[3.3909781598420476e-06]
A_time,l0_mean,17,shuffled,4,0.1,5.354024432195735e-06,6.083109160154867e-06,[5.354024432195735e-06]
A_time,l0_mean,17,shuffled,8,0.1,8.377154665425815e-06,9.099306938690793e-06,[8.377154665425815e-06]
A_time,l0_mean,17,shuffled,16,0.1,1.1300765013830193e-05,1.1646800514015815e-05,[1.1300765013830193e-05]
A_time,l0_mean,17,shuffled,32,0.1,1.3504439672671527e-05,1.3289123542631721e-05,[1.3504439672671527e-05]
A_time,l0_mean,17,shuffled,1,1,1.213761340643719e-06,1.6678711903385483e-06,[1.213761340643719e-06]
A_time,l0_mean,17,shuffled,2,1,2.1078891276414972e-06,2.7174017478589894e-06,[2.1078891276414972e-06]
A_time,l0_mean,17,shuffled,4,1,3.4607980413409193e-06,4.3040751114163735e-06,[3.4607980413409193e-06]
A_time,l0_mean,17,shuffled,8,1,5.147006842085301e-06,6.136573346396563e-06,[5.147006842085301e-06]
A_time,l0_mean,17,shuffled,16,1,6.274647093086678e-06,7.266194885640355e-06,[6.274647093086678e-06]
A_time,l0_mean,17,shuffled,32,1,6.84738832286006e-06,7.760227808100692e-06,[6.84738832286006e-06]
A_time,l0_mean,17,shuffled,1,10,3.6501898917637905e-07,4.958412215405743e-07,[3.6501898917637905e-07]
A_time,l0_mean,17,shuffled,2,10,5.802953768182773e-07,7.820823739704617e-07,[5.802953768182773e-07]
A_time,l0_mean,17,shuffled,4,10,8.408537395708481e-07,1.080958911256476e-06,[8.408537395708481e-07]
A_time,l0_mean,17,shuffled,8,10,1.116607460348698e-06,1.3854843597252637e-06,[1.116607460348698e-06]
A_time,l0_mean,17,shuffled,16,10,1.1878419827586585e-06,1.462304386135346e-06,[1.1878419827586585e-06]
A_time,l0_mean,17,shuffled,32,10,1.2091833257867733e-06,1.4823531889836403e-06,[1.2091833257867733e-06]
A_time,l0_mean,17,random_subspace,1,0.01,8.424016198476026e-09,8.862933357250484e-09,[8.424016198476026e-09]
A_time,l0_mean,17,random_subspace,1,0.1,8.424033471338991e-09,8.862940380961923e-09,[8.424033471338991e-09]
A_time,l0_mean,17,random_subspace,1,1,8.424325395866588e-09,8.863154613127237e-09,[8.424325395866588e-09]
A_time,l0_mean,17,random_subspace,1,10,8.425930617762312e-09,8.86487570371285e-09,[8.425930617762312e-09]
A_time,l0_mean,29,rank1,1,0.01,3.46166158423938e-10,1.8400855043260406e-13,[3.46166158423938e-10]
A_time,l0_mean,29,rank1,1,0.1,3.930195911373867e-10,1.38830586003655e-11,[3.930195911373867e-10]
A_time,l0_mean,29,rank1,1,1,1.0929317323774696e-09,4.136018718151544e-10,[1.0929317323774696e-09]
A_time,l0_mean,29,rank1,1,10,4.339784332922911e-09,3.4778511976572954e-09,[4.339784332922911e-09]
A_time,l0_mean,29,lowrank,1,0.01,3.46166158423938e-10,1.8400855043260406e-13,[3.46166158423938e-10]
A_time,l0_mean,29,lowrank,2,0.01,3.4616615842853474e-10,1.8400854745343016e-13,[3.4616615842853474e-10]
A_time,l0_mean,29,lowrank,4,0.01,3.46166158432436e-10,1.8400854425989887e-13,[3.46166158432436e-10]
A_time,l0_mean,29,lowrank,8,0.01,3.461661584358754e-10,1.8400853979976868e-13,[3.461661584358754e-10]
A_time,l0_mean,29,lowrank,16,0.01,3.461661584419006e-10,1.840085341872003e-13,[3.461661584419006e-10]
A_time,l0_mean,29,lowrank,32,0.01,3.461661584543931e-10,1.8400852693109686e-13,[3.461661584543931e-10]
A_time,l0_mean,29,lowrank,1,0.1,3.930195911373867e-10,1.38830586003655e-11,[3.930195911373867e-10]
A_time,l0_mean,29,lowrank,2,0.1,3.9301959114113535e-10,1.3883058597434158e-11,[3.9301959114113535e-10]
A_time,l0_mean,29,lowrank,4,0.1,3.9301959114388526e-10,1.388305859428797e-11,[3.9301959114388526e-10]
A_time,l0_mean,29,lowrank,8,0.1,3.930195911468138e-10,1.3883058589870304e-11,[3.930195911468138e-10]
A_time,l0_mean,29,lowrank,16,0.1,3.930195911514341e-10,1.3883058584335057e-11,[3.930195911514341e-10]
A_time,l0_mean,29,lowrank,32,0.1,3.930195911595869e-10,1.3883058577344603e-11,[3.930195911595869e-10]
A_time,l0_mean,29,lowrank,1,1,1.0929317323774696e-09,4.136018718151544e-10,[1.0929317323774696e-09]
A_time,l0_mean,29,lowrank,2,1,1.0929317323792495e-09,4.136018718126172e-10,[1.0929317323792495e-09]
A_time,l0_mean,29,lowrank,4,1,1.0929317323803956e-09,4.136018718099433e-10,[1.0929317323803956e-09]
A_time,l0_mean,29,lowrank,8,1,1.0929317323819922e-09,4.1360187180611723e-10,[1.0929317323819922e-09]
A_time,l0_mean,29,lowrank,16,1,1.0929317323842812e-09,4.136018718015433e-10,[1.0929317323842812e-09]
A_time,l0_mean,29,lowrank,32,1,1.0929317323867392e-09,4.13601871796287e-10,[1.0929317323867392e-09]
A_time,l0_mean,29,lowrank,1,10,4.339784332922911e-09,3.4778511976572954e-09,[4.339784332922911e-09]
A_time,l0_mean,29,lowrank,2,10,4.339784332923328e-09,3.4778511976558466e-09,[4.339784332923328e-09]
A_time,l0_mean,29,lowrank,4,10,4.3397843329235315e-09,3.477851197654497e-09,[4.3397843329235315e-09]
A_time,l0_mean,29,lowrank,8,10,4.3397843329238284e-09,3.477851197652654e-09,[4.3397843329238284e-09]
A_time,l0_mean,29,lowrank,16,10,4.339784332924126e-09,3.477851197650877e-09,[4.339784332924126e-09]
A_time,l0_mean,29,lowrank,32,10,4.339784332924239e-09,3.4778511976495182e-09,[4.339784332924239e-09]
A_time,l0_mean,29,full_delta,0,0.01,3.461661584613126e-10,1.8400852349191302e-13,[3.461661584613126e-10]
A_time,l0_mean,29,full_delta,0,0.1,3.9301959116474634e-10,1.3883058574021226e-11,[3.9301959116474634e-10]
A_time,l0_mean,29,full_delta,0,1,1.092931732387394e-09,4.1360187179466016e-10,[1.092931732387394e-09]
A_time,l0_mean,29,full_delta,0,10,4.3397843329242586e-09,3.477851197649275e-09,[4.3397843329242586e-09]
A_time,l0_mean,29,full_affine,0,0.01,6.286785833663709e-07,7.418884222950397e-10,[6.286785833663709e-07]
A_time,l0_mean,29,full_affine,0,0.1,7.344640473457281e-07,4.509368917628709e-08,[7.344640473457281e-07]
A_time,l0_mean,29,full_affine,0,1,2.02295603202699e-06,9.226400975577308e-07,[2.02295603202699e-06]
A_time,l0_mean,29,full_affine,0,10,6.147289853185779e-06,5.140510267488118e-06,[6.147289853185779e-06]
A_time,l0_mean,29,length_shift,0,0.01,1.0129054758781722e-13,1.0242830790468801e-13,[1.0129054758781722e-13]
A_time,l0_mean,29,length_shift,0,0.1,3.0843021563775994e-12,3.1050510046624832e-12,[3.0843021563775994e-12]
A_time,l0_mean,29,length_shift,0,1,1.2798116462428423e-11,1.2425038292306629e-11,[1.2798116462428423e-11]
A_time,l0_mean,29,length_shift,0,10,1.7738117715493125e-10,1.709803802473148e-10,[1.7738117715493125e-10]
A_time,l0_mean,29,source_token_ridge,0,0.01,2.034794575605361e-10,7.017245923971624e-14,[2.034794575605361e-10]
A_time,l0_mean,29,source_token_ridge,0,0.1,2.2770228876763643e-10,6.0615227042099646e-12,[2.2770228876763643e-10]
A_time,l0_mean,29,source_token_ridge,0,1,6.834080796731425e-10,3.299908659060459e-10,[6.834080796731425e-10]
A_time,l0_mean,29,source_token_ridge,0,10,4.465785914531993e-09,3.91248570706161e-09,[4.465785914531993e-09]
A_time,l0_mean,29,shuffled,1,0.01,1.6289843587205938e-06,2.1630795389886587e-06,[1.6289843587205938e-06]
A_time,l0_mean,29,shuffled,2,0.01,3.942793667077752e-06,3.9837282225617325e-06,[3.942793667077752e-06]
A_time,l0_mean,29,shuffled,4,0.01,7.336299951259194e-06,6.7233184830099085e-06,[7.336299951259194e-06]
A_time,l0_mean,29,shuffled,8,0.01,1.0679091333856226e-05,1.0080806026459512e-05,[1.0679091333856226e-05]
A_time,l0_mean,29,shuffled,16,0.01,1.4504330342033381e-05,1.3156918544929145e-05,[1.4504330342033381e-05]
A_time,l0_mean,29,shuffled,32,0.01,1.7443686499492343e-05,1.5106619095731996e-05,[1.7443686499492343e-05]
A_time,l0_mean,29,shuffled,1,0.1,1.5215306554622622e-06,2.044494715306977e-06,[1.5215306554622622e-06]
A_time,l0_mean,29,shuffled,2,0.1,3.3833137304394796e-06,3.7287709366300195e-06,[3.3833137304394796e-06]
A_time,l0_mean,29,shuffled,4,0.1,6.276326899609905e-06,6.248248381665763e-06,[6.276326899609905e-06]
A_time,l0_mean,29,shuffled,8,0.1,9.141266363177979e-06,9.27163898059342e-06,[9.141266363177979e-06]
A_time,l0_mean,29,shuffled,16,0.1,1.2172737517097754e-05,1.1945960641668101e-05,[1.2172737517097754e-05]
A_time,l0_mean,29,shuffled,32,0.1,1.4346345248589072e-05,1.352120520004544e-05,[1.4346345248589072e-05]
A_time,l0_mean,29,shuffled,1,1,1.125681363737092e-06,1.5374677866080614e-06,[1.125681363737092e-06]
A_time,l0_mean,29,shuffled,2,1,2.2360128692368607e-06,2.7710892560770783e-06,[2.2360128692368607e-06]
A_time,l0_mean,29,shuffled,4,1,3.935522508119284e-06,4.489820332263143e-06,[3.935522508119284e-06]
A_time,l0_mean,29,shuffled,8,1,5.556973701953427e-06,6.285765492780352e-06,[5.556973701953427e-06]
A_time,l0_mean,29,shuffled,16,1,6.724403700967623e-06,7.548056213139163e-06,[6.724403700967623e-06]
A_time,l0_mean,29,shuffled,32,1,7.294802093291879e-06,8.038846079563593e-06,[7.294802093291879e-06]
A_time,l0_mean,29,shuffled,1,10,3.12964251227276e-07,4.193025565128747e-07,[3.12964251227276e-07]
A_time,l0_mean,29,shuffled,2,10,5.899549767183573e-07,7.58199248378363e-07,[5.899549767183573e-07]
A_time,l0_mean,29,shuffled,4,10,9.209312809689233e-07,1.141422421031446e-06,[9.209312809689233e-07]
A_time,l0_mean,29,shuffled,8,10,1.1642066671526518e-06,1.4091695851181432e-06,[1.1642066671526518e-06]
A_time,l0_mean,29,shuffled,16,10,1.2500320229739265e-06,1.5159385347502776e-06,[1.2500320229739265e-06]
A_time,l0_mean,29,shuffled,32,10,1.2711768919806587e-06,1.5357191882483144e-06,[1.2711768919806587e-06]
A_time,l0_mean,29,random_subspace,1,0.01,8.418298996801316e-09,8.004499787565254e-09,[8.418298996801316e-09]
A_time,l0_mean,29,random_subspace,1,0.1,8.418299006911842e-09,8.004499790522701e-09,[8.418299006911842e-09]
A_time,l0_mean,29,random_subspace,1,1,8.418299157999123e-09,8.004499876818916e-09,[8.418299157999123e-09]
A_time,l0_mean,29,random_subspace,1,10,8.418299858959978e-09,8.004500538373048e-09,[8.418299858959978e-09]
A_time,l0_mean,43,rank1,1,0.01,2.9718898714064624e-10,1.5025794642760468e-13,[2.9718898714064624e-10]
A_time,l0_mean,43,rank1,1,0.1,3.312485978578055e-10,1.2301071532340636e-11,[3.312485978578055e-10]
A_time,l0_mean,43,rank1,1,1,1.0562202867236637e-09,4.5599879869434365e-10,[1.0562202867236637e-09]
A_time,l0_mean,43,rank1,1,10,4.606244494298098e-09,3.504491012864078e-09,[4.606244494298098e-09]
A_time,l0_mean,43,lowrank,1,0.01,2.9718898714064624e-10,1.5025794642760468e-13,[2.9718898714064624e-10]
A_time,l0_mean,43,lowrank,2,0.01,2.9718898714391335e-10,1.5025794263580734e-13,[2.9718898714391335e-10]
A_time,l0_mean,43,lowrank,4,0.01,2.971889871465297e-10,1.5025793949823648e-13,[2.971889871465297e-10]
A_time,l0_mean,43,lowrank,8,0.01,2.971889871512486e-10,1.5025793526901806e-13,[2.971889871512486e-10]
A_time,l0_mean,43,lowrank,16,0.01,2.9718898715941694e-10,1.5025792899757497e-13,[2.9718898715941694e-10]
A_time,l0_mean,43,lowrank,32,0.01,2.971889871711768e-10,1.5025792110054934e-13,[2.971889871711768e-10]
A_time,l0_mean,43,lowrank,1,0.1,3.312485978578055e-10,1.2301071532340636e-11,[3.312485978578055e-10]
A_time,l0_mean,43,lowrank,2,0.1,3.312485978597206e-10,1.2301071528667154e-11,[3.312485978597206e-10]
A_time,l0_mean,43,lowrank,4,0.1,3.3124859786170734e-10,1.2301071525570266e-11,[3.3124859786170734e-10]
A_time,l0_mean,43,lowrank,8,0.1,3.312485978642445e-10,1.2301071521425568e-11,[3.312485978642445e-10]
A_time,l0_mean,43,lowrank,16,0.1,3.312485978701539e-10,1.2301071515287146e-11,[3.312485978701539e-10]
A_time,l0_mean,43,lowrank,32,0.1,3.312485978785405e-10,1.2301071507520386e-11,[3.312485978785405e-10]
A_time,l0_mean,43,lowrank,1,1,1.0562202867236637e-09,4.5599879869434365e-10,[1.0562202867236637e-09]
A_time,l0_mean,43,lowrank,2,1,1.0562202867246294e-09,4.559987986915699e-10,[1.0562202867246294e-09]
A_time,l0_mean,43,lowrank,4,1,1.0562202867256278e-09,4.559987986890334e-10,[1.0562202867256278e-09]
A_time,l0_mean,43,lowrank,8,1,1.0562202867272433e-09,4.559987986854819e-10,[1.0562202867272433e-09]
A_time,l0_mean,43,lowrank,16,1,1.0562202867294176e-09,4.5599879868031477e-10,[1.0562202867294176e-09]
A_time,l0_mean,43,lowrank,32,1,1.0562202867317717e-09,4.559987986745294e-10,[1.0562202867317717e-09]
A_time,l0_mean,43,lowrank,1,10,4.606244494298098e-09,3.504491012864078e-09,[4.606244494298098e-09]
A_time,l0_mean,43,lowrank,2,10,4.606244494298459e-09,3.504491012862847e-09,[4.606244494298459e-09]
A_time,l0_mean,43,lowrank,4,10,4.6062444942987695e-09,3.5044910128614116e-09,[4.6062444942987695e-09]
A_time,l0_mean,43,lowrank,8,10,4.606244494299092e-09,3.5044910128596402e-09,[4.606244494299092e-09]
A_time,l0_mean,43,lowrank,16,10,4.606244494299222e-09,3.5044910128577245e-09,[4.606244494299222e-09]
A_time,l0_mean,43,lowrank,32,10,4.6062444942992964e-09,3.5044910128562736e-09,[4.6062444942992964e-09]
A_time,l0_mean,43,full_delta,0,0.01,2.9718898718139373e-10,1.5025791755378411e-13,[2.9718898718139373e-10]
A_time,l0_mean,43,full_delta,0,0.1,3.312485978845969e-10,1.2301071504146035e-11,[3.312485978845969e-10]
A_time,l0_mean,43,full_delta,0,1,1.0562202867325e-09,4.559987986728413e-10,[1.0562202867325e-09]
A_time,l0_mean,43,full_delta,0,10,4.606244494299314e-09,3.504491012856013e-09,[4.606244494299314e-09]
A_time,l0_mean,43,full_affine,0,0.01,6.692120828518532e-07,7.431422987763681e-10,[6.692120828518532e-07]
A_time,l0_mean,43,full_affine,0,0.1,8.068584207800065e-07,4.5420443470681344e-08,[8.068584207800065e-07]
A_time,l0_mean,43,full_affine,0,1,2.1549134033959366e-06,9.291889721455315e-07,[2.1549134033959366e-06]
A_time,l0_mean,43,full_affine,0,10,6.143199582155986e-06,5.049641321517637e-06,[6.143199582155986e-06]
A_time,l0_mean,43,length_shift,0,0.01,1.202148612953629e-13,1.049157411078966e-13,[1.202148612953629e-13]
A_time,l0_mean,43,length_shift,0,0.1,3.3421664327633256e-12,2.9429472701709613e-12,[3.3421664327633256e-12]
A_time,l0_mean,43,length_shift,0,1,1.1804376323652249e-11,1.1203454396301572e-11,[1.1804376323652249e-11]
A_time,l0_mean,43,length_shift,0,10,1.741972194346014e-10,1.6542336102100504e-10,[1.741972194346014e-10]
A_time,l0_mean,43,source_token_ridge,0,0.01,3.242529594538947e-10,7.68674830052907e-14,[3.242529594538947e-10]
A_time,l0_mean,43,source_token_ridge,0,0.1,3.557244725977517e-10,6.527025346322425e-12,[3.557244725977517e-10]
A_time,l0_mean,43,source_token_ridge,0,1,8.593465161253468e-10,3.3353634504850336e-10,[8.593465161253468e-10]
A_time,l0_mean,43,source_token_ridge,0,10,4.583154695751737e-09,3.758652599003981e-09,[4.583154695751737e-09]
A_time,l0_mean,43,shuffled,1,0.01,1.841801301197861e-06,2.2052699602216047e-06,[1.841801301197861e-06]
A_time,l0_mean,43,shuffled,2,0.01,3.0987520336959124e-06,4.009308599932384e-06,[3.0987520336959124e-06]
A_time,l0_mean,43,shuffled,4,0.01,7.041040846858473e-06,6.581768216142759e-06,[7.041040846858473e-06]
A_time,l0_mean,43,shuffled,8,0.01,1.0915647166333847e-05,9.427539866119224e-06,[1.0915647166333847e-05]
A_time,l0_mean,43,shuffled,16,0.01,1.4426527806885073e-05,1.193628558978851e-05,[1.4426527806885073e-05]
A_time,l0_mean,43,shuffled,32,0.01,1.682356392994575e-05,1.3484023726565766e-05,[1.682356392994575e-05]
A_time,l0_mean,43,shuffled,1,0.1,1.7589131768939564e-06,2.101149772407429e-06,[1.7589131768939564e-06]
A_time,l0_mean,43,shuffled,2,0.1,2.933694915448211e-06,3.7763760895414763e-06,[2.933694915448211e-06]
A_time,l0_mean,43,shuffled,4,0.1,5.713815144297175e-06,6.12658470288649e-06,[5.713815144297175e-06]
A_time,l0_mean,43,shuffled,8,0.1,8.670567313751423e-06,8.669701544046549e-06,[8.670567313751423e-06]
A_time,l0_mean,43,shuffled,16,0.1,1.1308281983449668e-05,1.081238866676913e-05,[1.1308281983449668e-05]
A_time,l0_mean,43,shuffled,32,0.1,1.299592279140599e-05,1.2036640877869084e-05,[1.299592279140599e-05]
A_time,l0_mean,43,shuffled,1,1,1.3431369681534893e-06,1.6301265349105585e-06,[1.3431369681534893e-06]
A_time,l0_mean,43,shuffled,2,1,2.3011387393714954e-06,2.8614584298912133e-06,[2.3011387393714954e-06]
A_time,l0_mean,43,shuffled,4,1,3.75550136948593e-06,4.480855124376864e-06,[3.75550136948593e-06]
A_time,l0_mean,43,shuffled,8,1,5.161048816665177e-06,5.958077514274676e-06,[5.161048816665177e-06]
A_time,l0_mean,43,shuffled,16,1,6.045750841533901e-06,6.851597260695863e-06,[6.045750841533901e-06]
A_time,l0_mean,43,shuffled,32,1,6.470453420312233e-06,7.232750523679699e-06,[6.470453420312233e-06]
A_time,l0_mean,43,shuffled,1,10,3.7470989708679795e-07,4.861243831947493e-07,[3.7470989708679795e-07]
A_time,l0_mean,43,shuffled,2,10,6.245339117358896e-07,8.195422914165615e-07,[6.245339117358896e-07]
A_time,l0_mean,43,shuffled,4,10,9.443893995690825e-07,1.1968702545802966e-06,[9.443893995690825e-07]
A_time,l0_mean,43,shuffled,8,10,1.1451554708875039e-06,1.4329018570514288e-06,[1.1451554708875039e-06]
A_time,l0_mean,43,shuffled,16,10,1.1975882321850056e-06,1.4904070181803884e-06,[1.1975882321850056e-06]
A_time,l0_mean,43,shuffled,32,10,1.2141820774981319e-06,1.5067297641280082e-06,[1.2141820774981319e-06]
A_time,l0_mean,43,random_subspace,1,0.01,8.460915733702612e-09,7.634201406623098e-09,[8.460915733702612e-09]
A_time,l0_mean,43,random_subspace,1,0.1,8.460925033013158e-09,7.634204724173789e-09,[8.460925033013158e-09]
A_time,l0_mean,43,random_subspace,1,1,8.461122972875163e-09,7.634325867421178e-09,[8.461122972875163e-09]
A_time,l0_mean,43,random_subspace,1,10,8.462092239635146e-09,7.635158200430368e-09,[8.462092239635146e-09]
A_emphasis,l0_mean,17,rank1,1,0.01,6.751698558313309e-08,6.521910880300946e-08,[6.751698558313309e-08]
A_emphasis,l0_mean,17,rank1,1,0.1,6.753748609534521e-08,6.522843190915528e-08,[6.753748609534521e-08]
A_emphasis,l0_mean,17,rank1,1,1,6.79428167295993e-08,6.556565296473813e-08,[6.79428167295993e-08]
A_emphasis,l0_mean,17,rank1,1,10,7.169594530928056e-08,6.951753423641504e-08,[7.169594530928056e-08]
A_emphasis,l0_mean,17,lowrank,1,0.01,6.751698558313309e-08,6.521910880300946e-08,[6.751698558313309e-08]
A_emphasis,l0_mean,17,lowrank,2,0.01,6.159992188998584e-08,5.615281477521816e-08,[6.159992188998584e-08]
A_emphasis,l0_mean,17,lowrank,4,0.01,5.153186314250987e-08,4.3280076535029875e-08,[5.153186314250987e-08]
A_emphasis,l0_mean,17,lowrank,8,0.01,3.616560094502898e-08,2.7449098359198464e-08,[3.616560094502898e-08]
A_emphasis,l0_mean,17,lowrank,16,0.01,2.5363258957319188e-08,1.5157217729791832e-08,[2.5363258957319188e-08]
A_emphasis,l0_mean,17,lowrank,32,0.01,1.201793189437017e-08,3.84765272231179e-09,[1.201793189437017e-08]
A_emphasis,l0_mean,17,lowrank,1,0.1,6.753748609534521e-08,6.522843190915528e-08,[6.753748609534521e-08]
A_emphasis,l0_mean,17,lowrank,2,0.1,6.161078452631454e-08,5.6163253011457625e-08,[6.161078452631454e-08]
A_emphasis,l0_mean,17,lowrank,4,0.1,5.154596226850001e-08,4.329354595894744e-08,[5.154596226850001e-08]
A_emphasis,l0_mean,17,lowrank,8,0.1,3.618229942078125e-08,2.7468750173547137e-08,[3.618229942078125e-08]
A_emphasis,l0_mean,17,lowrank,16,0.1,2.541034588688048e-08,1.5203874257670306e-08,[2.541034588688048e-08]
A_emphasis,l0_mean,17,lowrank,32,0.1,1.2148688928467287e-08,4.0033753014190424e-09,[1.2148688928467287e-08]
A_emphasis,l0_mean,17,lowrank,1,1,6.79428167295993e-08,6.556565296473813e-08,[6.79428167295993e-08]
A_emphasis,l0_mean,17,lowrank,2,1,6.20218068313943e-08,5.656198523241302e-08,[6.20218068313943e-08]
A_emphasis,l0_mean,17,lowrank,4,1,5.2133584849238577e-08,4.387624638005691e-08,[5.2133584849238577e-08]
A_emphasis,l0_mean,17,lowrank,8,1,3.714110011306531e-08,2.8448152340983843e-08,[3.714110011306531e-08]
A_emphasis,l0_mean,17,lowrank,16,1,2.7509214320224558e-08,1.7441074050651443e-08,[2.7509214320224558e-08]
A_emphasis,l0_mean,17,lowrank,32,1,1.756414677414015e-08,8.989358102208043e-09,[1.756414677414015e-08]
A_emphasis,l0_mean,17,lowrank,1,10,7.169594530928056e-08,6.951753423641504e-08,[7.169594530928056e-08]
A_emphasis,l0_mean,17,lowrank,2,10,6.691713583659802e-08,6.233212647321765e-08,[6.691713583659802e-08]
A_emphasis,l0_mean,17,lowrank,4,10,6.007826317627855e-08,5.357830233976978e-08,[6.007826317627855e-08]
A_emphasis,l0_mean,17,lowrank,8,10,5.105536489657334e-08,4.431638891941387e-08,[5.105536489657334e-08]
A_emphasis,l0_mean,17,lowrank,16,10,4.757029035370086e-08,4.030854230510045e-08,[4.757029035370086e-08]
A_emphasis,l0_mean,17,lowrank,32,10,4.5205021376731254e-08,3.8251229772795294e-08,[4.5205021376731254e-08]
A_emphasis,l0_mean,17,full_delta,0,0.01,3.632491295033626e-09,3.844170437285154e-11,[3.632491295033626e-09]
A_emphasis,l0_mean,17,full_delta,0,0.1,4.326442412352164e-09,3.58958342064747e-10,[4.326442412352164e-09]
A_emphasis,l0_mean,17,full_delta,0,1,1.3842321552459949e-08,7.1093034216634956e-09,[1.3842321552459949e-08]
A_emphasis,l0_mean,17,full_delta,0,10,4.463243528961479e-08,3.795468057133781e-08,[4.463243528961479e-08]
A_emphasis,l0_mean,17,full_affine,0,0.01,4.165484763651424e-07,5.833270703291562e-10,[4.165484763651424e-07]
A_emphasis,l0_mean,17,full_affine,0,0.1,5.011426445961006e-07,3.775223261458256e-08,[5.011426445961006e-07]
A_emphasis,l0_mean,17,full_affine,0,1,1.6259033362709785e-06,8.27424450334636e-07,[1.6259033362709785e-06]
A_emphasis,l0_mean,17,full_affine,0,10,5.135939799240797e-06,4.345861299167363e-06,[5.135939799240797e-06]
A_emphasis,l0_mean,17,length_shift,0,0.01,6.835457559959134e-08,6.192828704762762e-08,[6.835457559959134e-08]
A_emphasis,l0_mean,17,length_shift,0,0.1,6.833094074118868e-08,6.242421022858223e-08,[6.833094074118868e-08]
A_emphasis,l0_mean,17,length_shift,0,1,6.881223303741086e-08,6.352634486108679e-08,[6.881223303741086e-08]
A_emphasis,l0_mean,17,length_shift,0,10,6.861202161529118e-08,6.423519722085974e-08,[6.861202161529118e-08]
A_emphasis,l0_mean,17,source_token_ridge,0,0.01,4.743316140218545e-09,1.5147635712004636e-10,[4.743316140218545e-09]
A_emphasis,l0_mean,17,source_token_ridge,0,0.1,5.371682800768254e-09,3.5040057858215396e-10,[5.371682800768254e-09]
A_emphasis,l0_mean,17,source_token_ridge,0,1,1.612914133856695e-08,6.840499297563908e-09,[1.612914133856695e-08]
A_emphasis,l0_mean,17,source_token_ridge,0,10,5.384499692907997e-08,4.67009417975612e-08,[5.384499692907997e-08]
A_emphasis,l0_mean,17,shuffled,1,0.01,2.0798380894294114e-06,2.0163799058113997e-06,[2.0798380894294114e-06]
A_emphasis,l0_mean,17,shuffled,2,0.01,3.5519694206719077e-06,3.4122113463454916e-06,[3.5519694206719077e-06]
A_emphasis,l0_mean,17,shuffled,4,0.01,5.481365404380961e-06,5.563870973979481e-06,[5.481365404380961e-06]
A_emphasis,l0_mean,17,shuffled,8,0.01,8.440848966410605e-06,8.344790198402109e-06,[8.440848966410605e-06]
A_emphasis,l0_mean,17,shuffled,16,0.01,1.152690889366676e-05,1.080105082635589e-05,[1.152690889366676e-05]
A_emphasis,l0_mean,17,shuffled,32,0.01,1.3930875670836846e-05,1.2508359795616973e-05,[1.3930875670836846e-05]
A_emphasis,l0_mean,17,shuffled,1,0.1,1.6211324488076393e-06,1.9089661777205784e-06,[1.6211324488076393e-06]
A_emphasis,l0_mean,17,shuffled,2,0.1,2.9122706579310656e-06,3.1772655627450666e-06,[2.9122706579310656e-06]
A_emphasis,l0_mean,17,shuffled,4,0.1,4.545292435968503e-06,5.1594346723922394e-06,[4.545292435968503e-06]
A_emphasis,l0_mean,17,shuffled,8,0.1,7.079105627250922e-06,7.683713093353705e-06,[7.079105627250922e-06]
A_emphasis,l0_mean,17,shuffled,16,0.1,9.522980882867003e-06,9.80999346290583e-06,[9.522980882867003e-06]
A_emphasis,l0_mean,17,shuffled,32,0.1,1.1330310140381648e-05,1.1162893492370115e-05,[1.1330310140381648e-05]
A_emphasis,l0_mean,17,shuffled,1,1,1.0762317794693985e-06,1.4506024337755698e-06,[1.0762317794693985e-06]
A_emphasis,l0_mean,17,shuffled,2,1,1.8112035831895572e-06,2.3094055005047595e-06,[1.8112035831895572e-06]
A_emphasis,l0_mean,17,shuffled,4,1,2.908931938305305e-06,3.6100784798720364e-06,[2.908931938305305e-06]
A_emphasis,l0_mean,17,shuffled,8,1,4.284188352529463e-06,5.097682052986764e-06,[4.284188352529463e-06]
A_emphasis,l0_mean,17,shuffled,16,1,5.163472677237606e-06,5.9784186466068156e-06,[5.163472677237606e-06]
A_emphasis,l0_mean,17,shuffled,32,1,5.56913905811913e-06,6.330166130635631e-06,[5.56913905811913e-06]
A_emphasis,l0_mean,17,shuffled,1,10,3.3482555162527585e-07,4.291317693849836e-07,[3.3482555162527585e-07]
A_emphasis,l0_mean,17,shuffled,2,10,4.812965547461896e-07,6.228264746236816e-07,[4.812965547461896e-07]
A_emphasis,l0_mean,17,shuffled,4,10,6.434948449572051e-07,8.125926985510128e-07,[6.434948449572051e-07]
A_emphasis,l0_mean,17,shuffled,8,10,7.989745390689907e-07,9.823746404432384e-07,[7.989745390689907e-07]
A_emphasis,l0_mean,17,shuffled,16,10,8.17517401067214e-07,1.002459590314169e-06,[8.17517401067214e-07]
A_emphasis,l0_mean,17,shuffled,32,10,8.103890188753869e-07,9.963790090984795e-07,[8.103890188753869e-07]
A_emphasis,l0_mean,17,random_subspace,32,0.01,7.861990648223988e-08,7.754195987255453e-08,[7.861990648223988e-08]
A_emphasis,l0_mean,17,random_subspace,32,0.1,7.86255879223539e-08,7.75446739562995e-08,[7.86255879223539e-08]
A_emphasis,l0_mean,17,random_subspace,32,1,7.870684892450235e-08,7.760170610066128e-08,[7.870684892450235e-08]
A_emphasis,l0_mean,17,random_subspace,32,10,7.89634051027183e-08,7.785152608780783e-08,[7.89634051027183e-08]
A_emphasis,l0_mean,29,rank1,1,0.01,6.82126261197309e-08,6.597210994862105e-08,[6.82126261197309e-08]
A_emphasis,l0_mean,29,rank1,1,0.1,6.824943909964706e-08,6.598163638451866e-08,[6.824943909964706e-08]
A_emphasis,l0_mean,29,rank1,1,1,6.878478906122467e-08,6.632511942120871e-08,[6.878478906122467e-08]
A_emphasis,l0_mean,29,rank1,1,10,7.266298610436498e-08,7.02324976570782e-08,[7.266298610436498e-08]
A_emphasis,l0_mean,29,lowrank,1,0.01,6.82126261197309e-08,6.597210994862105e-08,[6.82126261197309e-08]
A_emphasis,l0_mean,29,lowrank,2,0.01,6.293711138524899e-08,5.83057391047704e-08,[6.293711138524899e-08]
A_emphasis,l0_mean,29,lowrank,4,0.01,5.2439868908314394e-08,4.3759987070508e-08,[5.2439868908314394e-08]
A_emphasis,l0_mean,29,lowrank,8,0.01,3.708231733676325e-08,2.8261701784608703e-08,[3.708231733676325e-08]
A_emphasis,l0_mean,29,lowrank,16,0.01,2.5808341953282502e-08,1.4433683879521535e-08,[2.5808341953282502e-08]
A_emphasis,l0_mean,29,lowrank,32,0.01,1.1589606876772201e-08,2.8250398071963203e-09,[1.1589606876772201e-08]
A_emphasis,l0_mean,29,lowrank,1,0.1,6.824943909964706e-08,6.598163638451866e-08,[6.824943909964706e-08]
A_emphasis,l0_mean,29,lowrank,2,0.1,6.295943252889629e-08,5.831641418285994e-08,[6.295943252889629e-08]
A_emphasis,l0_mean,29,lowrank,4,0.1,5.2459887051004845e-08,4.377359055645654e-08,[5.2459887051004845e-08]
A_emphasis,l0_mean,29,lowrank,8,0.1,3.710911402709264e-08,2.8281849178281264e-08,[3.710911402709264e-08]
A_emphasis,l0_mean,29,lowrank,16,0.1,2.5870736464521907e-08,1.4480601661662102e-08,[2.5870736464521907e-08]
A_emphasis,l0_mean,29,lowrank,32,0.1,1.1799936920536336e-08,2.9762157688103665e-09,[1.1799936920536336e-08]
A_emphasis,l0_mean,29,lowrank,1,1,6.878478906122467e-08,6.632511942120871e-08,[6.878478906122467e-08]
A_emphasis,l0_mean,29,lowrank,2,1,6.345391046418787e-08,5.872871715474591e-08,[6.345391046418787e-08]
A_emphasis,l0_mean,29,lowrank,4,1,5.3096708066477675e-08,4.43328730224387e-08,[5.3096708066477675e-08]
A_emphasis,l0_mean,29,lowrank,8,1,3.817183685837614e-08,2.925297729296968e-08,[3.817183685837614e-08]
A_emphasis,l0_mean,29,lowrank,16,1,2.8047947367615473e-08,1.6709551932055406e-08,[2.8047947367615473e-08]
A_emphasis,l0_mean,29,lowrank,32,1,1.751629393374301e-08,7.91222466212488e-09,[1.751629393374301e-08]
A_emphasis,l0_mean,29,lowrank,1,10,7.266298610436498e-08,7.02324976570782e-08,[7.266298610436498e-08]
A_emphasis,l0_mean,29,lowrank,2,10,6.84259552289548e-08,6.4499300810997e-08,[6.84259552289548e-08]
A_emphasis,l0_mean,29,lowrank,4,10,6.090327634569918e-08,5.392947857770945e-08,[6.090327634569918e-08]
A_emphasis,l0_mean,29,lowrank,8,10,5.21852844936444e-08,4.5078332526033045e-08,[5.21852844936444e-08]
A_emphasis,l0_mean,29,lowrank,16,10,4.832987016343123e-08,4.019735251451873e-08,[4.832987016343123e-08]
A_emphasis,l0_mean,29,lowrank,32,10,4.5774036959104156e-08,3.800291989751142e-08,[4.5774036959104156e-08]
A_emphasis,l0_mean,29,full_delta,0,0.01,4.6040551480511844e-09,3.705117603805176e-11,[4.6040551480511844e-09]
A_emphasis,l0_mean,29,full_delta,0,0.1,5.353244298537302e-09,3.6079660009896444e-10,[5.353244298537302e-09]
A_emphasis,l0_mean,29,full_delta,0,1,1.4642408480268885e-08,6.673052524516009e-09,[1.4642408480268885e-08]
A_emphasis,l0_mean,29,full_delta,0,10,4.534898631621534e-08,3.781552576955683e-08,[4.534898631621534e-08]
A_emphasis,l0_mean,29,full_affine,0,0.01,5.312948827237221e-07,6.539200039470164e-10,[5.312948827237221e-07]
A_emphasis,l0_mean,29,full_affine,0,0.1,6.203328140302977e-07,3.7924623715153305e-08,[6.203328140302977e-07]
A_emphasis,l0_mean,29,full_affine,0,1,1.7065366013418123e-06,7.774630243207793e-07,[1.7065366013418123e-06]
A_emphasis,l0_mean,29,full_affine,0,10,5.184153946045201e-06,4.335018904400985e-06,[5.184153946045201e-06]
A_emphasis,l0_mean,29,length_shift,0,0.01,6.975909960869574e-08,6.177947243349077e-08,[6.975909960869574e-08]
A_emphasis,l0_mean,29,length_shift,0,0.1,6.923492867913406e-08,6.239593940137073e-08,[6.923492867913406e-08]
A_emphasis,l0_mean,29,length_shift,0,1,6.94327405192154e-08,6.386579027660065e-08,[6.94327405192154e-08]
A_emphasis,l0_mean,29,length_shift,0,10,6.901591666423643e-08,6.466004250498863e-08,[6.901591666423643e-08]
A_emphasis,l0_mean,29,source_token_ridge,0,0.01,5.749646254664539e-09,1.4267175971968815e-10,[5.749646254664539e-09]
A_emphasis,l0_mean,29,source_token_ridge,0,0.1,6.493139287871372e-09,3.498544794509565e-10,[6.493139287871372e-09]
A_emphasis,l0_mean,29,source_token_ridge,0,1,1.731708682570258e-08,6.564295227440839e-09,[1.731708682570258e-08]
A_emphasis,l0_mean,29,source_token_ridge,0,10,5.3896742759456126e-08,4.575613747589299e-08,[5.3896742759456126e-08]
A_emphasis,l0_mean,29,shuffled,1,0.01,1.4300010801993036e-06,1.8830743400436344e-06,[1.4300010801993036e-06]
A_emphasis,l0_mean,29,shuffled,2,0.01,3.368162443456394e-06,3.402194189635816e-06,[3.368162443456394e-06]
A_emphasis,l0_mean,29,shuffled,4,0.01,6.217224107772461e-06,5.696133794298279e-06,[6.217224107772461e-06]
A_emphasis,l0_mean,29,shuffled,8,0.01,9.041778773932322e-06,8.520058188098703e-06,[9.041778773932322e-06]
A_emphasis,l0_mean,29,shuffled,16,0.01,1.2230680242658404e-05,1.1100789891212274e-05,[1.2230680242658404e-05]
A_emphasis,l0_mean,29,shuffled,32,0.01,1.469960376598482e-05,1.2729560576674474e-05,[1.469960376598482e-05]
A_emphasis,l0_mean,29,shuffled,1,0.1,1.3409864520379021e-06,1.781529710053828e-06,[1.3409864520379021e-06]
A_emphasis,l0_mean,29,shuffled,2,0.1,2.892304556004513e-06,3.1838522974603757e-06,[2.892304556004513e-06]
A_emphasis,l0_mean,29,shuffled,4,0.1,5.318380772800695e-06,5.28814899940753e-06,[5.318380772800695e-06]
A_emphasis,l0_mean,29,shuffled,8,0.1,7.728394434164048e-06,7.823337105613414e-06,[7.728394434164048e-06]
A_emphasis,l0_mean,29,shuffled,16,0.1,1.0241378019635662e-05,1.005343688419748e-05,[1.0241378019635662e-05]
A_emphasis,l0_mean,29,shuffled,32,0.1,1.2036942274613912e-05,1.1348713187149669e-05,[1.2036942274613912e-05]
A_emphasis,l0_mean,29,shuffled,1,1,1.0000332351947269e-06,1.3395089398983794e-06,[1.0000332351947269e-06]
A_emphasis,l0_mean,29,shuffled,2,1,1.9038354447976117e-06,2.34881928951077e-06,[1.9038354447976117e-06]
A_emphasis,l0_mean,29,shuffled,4,1,3.3047265797668683e-06,3.754937457037447e-06,[3.3047265797668683e-06]
A_emphasis,l0_mean,29,shuffled,8,1,4.6232943369321336e-06,5.214038441804616e-06,[4.6232943369321336e-06]
A_emphasis,l0_mean,29,shuffled,16,1,5.533557048102868e-06,6.203442992417428e-06,[5.533557048102868e-06]
A_emphasis,l0_mean,29,shuffled,32,1,5.934876745726506e-06,6.549437016826464e-06,[5.934876745726506e-06]
A_emphasis,l0_mean,29,shuffled,1,10,2.9476082632244533e-07,3.6874779085738024e-07,[2.9476082632244533e-07]
A_emphasis,l0_mean,29,shuffled,2,10,4.851539911807704e-07,6.008916893416587e-07,[4.851539911807704e-07]
A_emphasis,l0_mean,29,shuffled,4,10,7.019506735885515e-07,8.516701706618217e-07,[7.019506735885515e-07]
A_emphasis,l0_mean,29,shuffled,8,10,8.348774982533595e-07,9.987249239492804e-07,[8.348774982533595e-07]
A_emphasis,l0_mean,29,shuffled,16,10,8.61057589360486e-07,1.0329925560094287e-06,[8.61057589360486e-07]
A_emphasis,l0_mean,29,shuffled,32,10,8.525411547221061e-07,1.025538170334217e-06,[8.525411547221061e-07]
A_emphasis,l0_mean,29,random_subspace,32,0.01,7.839412992966798e-08,7.701989977288388e-08,[7.839412992966798e-08]
A_emphasis,l0_mean,29,random_subspace,32,0.1,7.840213415197026e-08,7.702287269236995e-08,[7.840213415197026e-08]
A_emphasis,l0_mean,29,random_subspace,32,1,7.84878928927484e-08,7.707837028805083e-08,[7.84878928927484e-08]
A_emphasis,l0_mean,29,random_subspace,32,10,7.876046108496182e-08,7.735552425845133e-08,[7.876046108496182e-08]
A_emphasis,l0_mean,43,rank1,1,0.01,6.825875565729197e-08,6.570711559940803e-08,[6.825875565729197e-08]
A_emphasis,l0_mean,43,rank1,1,0.1,6.830071223216061e-08,6.571528000863387e-08,[6.830071223216061e-08]
A_emphasis,l0_mean,43,rank1,1,1,6.887569265435942e-08,6.603007736070073e-08,[6.887569265435942e-08]
A_emphasis,l0_mean,43,rank1,1,10,7.221899160974105e-08,6.951075019914457e-08,[7.221899160974105e-08]
A_emphasis,l0_mean,43,lowrank,1,0.01,6.825875565729197e-08,6.570711559940803e-08,[6.825875565729197e-08]
A_emphasis,l0_mean,43,lowrank,2,0.01,6.219478963261408e-08,5.712144790402118e-08,[6.219478963261408e-08]
A_emphasis,l0_mean,43,lowrank,4,0.01,5.223858201497558e-08,4.359528599359315e-08,[5.223858201497558e-08]
A_emphasis,l0_mean,43,lowrank,8,0.01,3.714969812393461e-08,2.7337693462046306e-08,[3.714969812393461e-08]
A_emphasis,l0_mean,43,lowrank,16,0.01,2.6266422432780616e-08,1.4307730177943899e-08,[2.6266422432780616e-08]
A_emphasis,l0_mean,43,lowrank,32,0.01,1.2418552785220524e-08,2.8226653008014746e-09,[1.2418552785220524e-08]
A_emphasis,l0_mean,43,lowrank,1,0.1,6.830071223216061e-08,6.571528000863387e-08,[6.830071223216061e-08]
A_emphasis,l0_mean,43,lowrank,2,0.1,6.221083965287788e-08,5.713137172693747e-08,[6.221083965287788e-08]
A_emphasis,l0_mean,43,lowrank,4,0.1,5.2251077411596924e-08,4.360865011310281e-08,[5.2251077411596924e-08]
A_emphasis,l0_mean,43,lowrank,8,0.1,3.716554391906883e-08,2.7360333347364276e-08,[3.716554391906883e-08]
A_emphasis,l0_mean,43,lowrank,16,0.1,2.6288209535435328e-08,1.4356182901717824e-08,[2.6288209535435328e-08]
A_emphasis,l0_mean,43,lowrank,32,0.1,1.2552969337464654e-08,2.9769346401386433e-09,[1.2552969337464654e-08]
A_emphasis,l0_mean,43,lowrank,1,1,6.887569265435942e-08,6.603007736070073e-08,[6.887569265435942e-08]
A_emphasis,l0_mean,43,lowrank,2,1,6.279554662251991e-08,5.751190927369764e-08,[6.279554662251991e-08]
A_emphasis,l0_mean,43,lowrank,4,1,5.298231267212909e-08,4.416355492517565e-08,[5.298231267212909e-08]
A_emphasis,l0_mean,43,lowrank,8,1,3.8412932395487074e-08,2.8429042387146606e-08,[3.8412932395487074e-08]
A_emphasis,l0_mean,43,lowrank,16,1,2.8483826445520318e-08,1.6669457699265325e-08,[2.8483826445520318e-08]
A_emphasis,l0_mean,43,lowrank,32,1,1.8284216976097385e-08,8.042671418863375e-09,[1.8284216976097385e-08]
A_emphasis,l0_mean,43,lowrank,1,10,7.221899160974105e-08,6.951075019914457e-08,[7.221899160974105e-08]
A_emphasis,l0_mean,43,lowrank,2,10,6.740902411419808e-08,6.285495329751947e-08,[6.740902411419808e-08]
A_emphasis,l0_mean,43,lowrank,4,10,6.049456767938901e-08,5.335151970493387e-08,[6.049456767938901e-08]
A_emphasis,l0_mean,43,lowrank,8,10,5.2024013061450524e-08,4.4187364112061996e-08,[5.2024013061450524e-08]
A_emphasis,l0_mean,43,lowrank,16,10,4.824082925281338e-08,3.9775983195093204e-08,[4.824082925281338e-08]
A_emphasis,l0_mean,43,lowrank,32,10,4.5835946613452055e-08,3.767774257010612e-08,[4.5835946613452055e-08]
A_emphasis,l0_mean,43,full_delta,0,0.01,4.567132899754601e-09,2.1934018952207542e-11,[4.567132899754601e-09]
A_emphasis,l0_mean,43,full_delta,0,0.1,5.537481738354445e-09,3.475684040453535e-10,[5.537481738354445e-09]
A_emphasis,l0_mean,43,full_delta,0,1,1.5326359187385482e-08,6.78903529076406e-09,[1.5326359187385482e-08]
A_emphasis,l0_mean,43,full_delta,0,10,4.5403764726000474e-08,3.7486784804612294e-08,[4.5403764726000474e-08]
A_emphasis,l0_mean,43,full_affine,0,0.01,5.693031212629684e-07,6.404138043270018e-10,[5.693031212629684e-07]
A_emphasis,l0_mean,43,full_affine,0,0.1,6.84678959866447e-07,3.8176887434157185e-08,[6.84678959866447e-07]
A_emphasis,l0_mean,43,full_affine,0,1,1.8202393514229306e-06,7.823795689270473e-07,[1.8202393514229306e-06]
A_emphasis,l0_mean,43,full_affine,0,10,5.182589402388064e-06,4.2551126368828e-06,[5.182589402388064e-06]
A_emphasis,l0_mean,43,length_shift,0,0.01,6.868534857007958e-08,6.388572393465532e-08,[6.868534857007958e-08]
A_emphasis,l0_mean,43,length_shift,0,0.1,6.85601390106138e-08,6.425789791306297e-08,[6.85601390106138e-08]
A_emphasis,l0_mean,43,length_shift,0,1,6.8845007511718e-08,6.505848508023104e-08,[6.8845007511718e-08]
A_emphasis,l0_mean,43,length_shift,0,10,6.842576296628894e-08,6.56533123290113e-08,[6.842576296628894e-08]
A_emphasis,l0_mean,43,source_token_ridge,0,0.01,5.969699521337155e-09,7.61992274220156e-11,[5.969699521337155e-09]
A_emphasis,l0_mean,43,source_token_ridge,0,0.1,7.173222891179407e-09,2.631690058308084e-10,[7.173222891179407e-09]
A_emphasis,l0_mean,43,source_token_ridge,0,1,1.793145831367054e-08,6.3443108708481545e-09,[1.793145831367054e-08]
A_emphasis,l0_mean,43,source_token_ridge,0,10,5.3794658150828295e-08,4.5896435762462265e-08,[5.3794658150828295e-08]
A_emphasis,l0_mean,43,shuffled,1,0.01,1.5939765568209132e-06,1.916423167439735e-06,[1.5939765568209132e-06]
A_emphasis,l0_mean,43,shuffled,2,0.01,2.6737192062789363e-06,3.4300803964655603e-06,[2.6737192062789363e-06]
A_emphasis,l0_mean,43,shuffled,4,0.01,6.006643792653198e-06,5.58434142865553e-06,[6.006643792653198e-06]
A_emphasis,l0_mean,43,shuffled,8,0.01,9.22899561507554e-06,7.961744290680575e-06,[9.22899561507554e-06]
A_emphasis,l0_mean,43,shuffled,16,0.01,1.2140689046789816e-05,1.0065329930251445e-05,[1.2140689046789816e-05]
A_emphasis,l0_mean,43,shuffled,32,0.01,1.4152727514265019e-05,1.1352934388962895e-05,[1.4152727514265019e-05]
A_emphasis,l0_mean,43,shuffled,1,0.1,1.5255916170765614e-06,1.826878247153905e-06,[1.5255916170765614e-06]
A_emphasis,l0_mean,43,shuffled,2,0.1,2.5015739695849824e-06,3.2298552795171033e-06,[2.5015739695849824e-06]
A_emphasis,l0_mean,43,shuffled,4,0.1,4.8632682509867675e-06,5.192582299995394e-06,[4.8632682509867675e-06]
A_emphasis,l0_mean,43,shuffled,8,0.1,7.3292268521682195e-06,7.308895956499043e-06,[7.3292268521682195e-06]
A_emphasis,l0_mean,43,shuffled,16,0.1,9.504491876160554e-06,9.092018668171347e-06,[9.504491876160554e-06]
A_emphasis,l0_mean,43,shuffled,32,0.1,1.088911045236314e-05,1.0092487211955483e-05,[1.088911045236314e-05]
A_emphasis,l0_mean,43,shuffled,1,1,1.1713617775127972e-06,1.4159584218921158e-06,[1.1713617775127972e-06]
A_emphasis,l0_mean,43,shuffled,2,1,1.9516962503265037e-06,2.432510747938236e-06,[1.9516962503265037e-06]
A_emphasis,l0_mean,43,shuffled,4,1,3.1584623316365204e-06,3.7538068877535697e-06,[3.1584623316365204e-06]
A_emphasis,l0_mean,43,shuffled,8,1,4.2989308000623505e-06,4.942311235215363e-06,[4.2989308000623505e-06]
A_emphasis,l0_mean,43,shuffled,16,1,4.977365215574248e-06,5.62937577694908e-06,[4.977365215574248e-06]
A_emphasis,l0_mean,43,shuffled,32,1,5.265004153458676e-06,5.890120553703869e-06,[5.265004153458676e-06]
A_emphasis,l0_mean,43,shuffled,1,10,3.400835064601525e-07,4.2071468786802065e-07,[3.400835064601525e-07]
A_emphasis,l0_mean,43,shuffled,2,10,5.132996874433999e-07,6.547572294407983e-07,[5.132996874433999e-07]
A_emphasis,l0_mean,43,shuffled,4,10,7.251142613988661e-07,9.001551346423729e-07,[7.251142613988661e-07]
A_emphasis,l0_mean,43,shuffled,8,10,8.330434322208154e-07,1.0228250051201835e-06,[8.330434322208154e-07]
A_emphasis,l0_mean,43,shuffled,16,10,8.421863985545586e-07,1.0320269513782824e-06,[8.421863985545586e-07]
A_emphasis,l0_mean,43,shuffled,32,10,8.32084392991974e-07,1.0234629293377494e-06,[8.32084392991974e-07]
A_emphasis,l0_mean,43,random_subspace,32,0.01,7.830080163403262e-08,7.739805424348748e-08,[7.830080163403262e-08]
A_emphasis,l0_mean,43,random_subspace,32,0.1,7.83077480237294e-08,7.740097441722449e-08,[7.83077480237294e-08]
A_emphasis,l0_mean,43,random_subspace,32,1,7.839190288235239e-08,7.745853412506221e-08,[7.839190288235239e-08]
A_emphasis,l0_mean,43,random_subspace,32,10,7.865873994763806e-08,7.773087635505303e-08,[7.865873994763806e-08]
B_shared,l14_mean,17,rank1,1,0.01,0.060282836137664185,0.05113594821781062,"[-0.5416666666666666, -0.7708333333333334, 0.060282836137664185]"
B_shared,l14_mean,17,rank1,1,0.1,0.10657859665446463,0.09965793718343645,"[-0.5104166666666666, -0.7552083333333334, 0.10657859665446463]"
B_shared,l14_mean,17,rank1,1,1,0.45876273864621875,0.47307514769473663,"[-0.4270833333333333, -0.7118055555555557, 0.45876273864621875]"
B_shared,l14_mean,17,rank1,1,10,0.7194601259286895,0.7453358797923332,"[-0.4270833333333333, -0.7100694444444443, 0.7194601259286895]"
B_shared,l14_mean,17,lowrank,1,0.01,0.060282836137664185,0.05113594821781062,"[-0.5416666666666666, -0.7708333333333334, 0.060282836137664185]"
B_shared,l14_mean,17,lowrank,2,0.01,0.04960025802852103,0.03806816868740547,"[-0.53125, -0.765625, 0.04960025802852103]"
B_shared,l14_mean,17,lowrank,4,0.01,0.023744641370542847,0.017241387138983662,"[-0.5520833333333334, -0.7760416666666666, 0.023744641370542847]"
B_shared,l14_mean,17,lowrank,8,0.01,0.019242718157613553,0.01262601045036526,"[-0.9270833333333334, -0.9635416666666666, 0.019242718157613553]"
B_shared,l14_mean,17,lowrank,16,0.01,0.017494028899957256,0.010722813215179894,"[-0.9895833333333334, -0.9947916666666666, 0.017494028899957256]"
B_shared,l14_mean,17,lowrank,32,0.01,0.016831187278496626,0.009802349646626733,"[-0.9895833333333334, -0.9947916666666666, 0.016831187278496626]"
B_shared,l14_mean,17,lowrank,1,0.1,0.10657859665446463,0.09965793718343645,"[-0.5104166666666666, -0.7552083333333334, 0.10657859665446463]"
B_shared,l14_mean,17,lowrank,2,0.1,0.09742936174230336,0.08831390558028969,"[-0.5104166666666666, -0.7552083333333334, 0.09742936174230336]"
B_shared,l14_mean,17,lowrank,4,0.1,0.07618660862873784,0.07107154343899046,"[-0.5208333333333334, -0.7604166666666666, 0.07618660862873784]"
B_shared,l14_mean,17,lowrank,8,0.1,0.0730113793301385,0.0677611014389698,"[-0.71875, -0.859375, 0.0730113793301385]"
B_shared,l14_mean,17,lowrank,16,0.1,0.07240030179805908,0.06709567387866305,"[-0.7708333333333334, -0.8854166666666666, 0.07240030179805908]"
B_shared,l14_mean,17,lowrank,32,0.1,0.07225894387903885,0.06690985136644767,"[-0.78125, -0.890625, 0.07225894387903885]"
B_shared,l14_mean,17,lowrank,1,1,0.45876273864621875,0.47307514769473663,"[-0.4270833333333333, -0.7118055555555557, 0.45876273864621875]"
B_shared,l14_mean,17,lowrank,2,1,0.4557792200532173,0.4693140879999134,"[-0.4270833333333333, -0.7118055555555557, 0.4557792200532173]"
B_shared,l14_mean,17,lowrank,4,1,0.4497959810606507,0.4643817833789088,"[-0.4270833333333333, -0.7118055555555557, 0.4497959810606507]"
B_shared,l14_mean,17,lowrank,8,1,0.4489014948065586,0.4634452084286737,"[-0.46875, -0.732638888888889, 0.4489014948065586]"
B_shared,l14_mean,17,lowrank,16,1,0.44881803349625143,0.4633546276959792,"[-0.46875, -0.732638888888889, 0.44881803349625143]"
B_shared,l14_mean,17,lowrank,32,1,0.44880225427779025,0.46333402514173394,"[-0.46875, -0.732638888888889, 0.44880225427779025]"
B_shared,l14_mean,17,lowrank,1,10,0.7194601259286895,0.7453358797923332,"[-0.4270833333333333, -0.7100694444444443, 0.7194601259286895]"
B_shared,l14_mean,17,lowrank,2,10,0.7190848802565718,0.7448617524194057,"[-0.4270833333333333, -0.7100694444444443, 0.7190848802565718]"
B_shared,l14_mean,17,lowrank,4,10,0.7183692860783039,0.7442694125251416,"[-0.4270833333333333, -0.7100694444444443, 0.7183692860783039]"
B_shared,l14_mean,17,lowrank,8,10,0.7182554268045536,0.7441501713059476,"[-0.4270833333333333, -0.7100694444444443, 0.7182554268045536]"
B_shared,l14_mean,17,lowrank,16,10,0.7182467640430085,0.7441407736556945,"[-0.4270833333333333, -0.7100694444444443, 0.7182467640430085]"
B_shared,l14_mean,17,lowrank,32,10,0.7182451677439864,0.7441386907790865,"[-0.4270833333333333, -0.7100694444444443, 0.7182451677439864]"
B_shared,l14_mean,17,full_delta,0,0.01,0.016444693180605124,0.009394425616880081,"[-0.9895833333333334, -0.9947916666666666, 0.016444693180605124]"
B_shared,l14_mean,17,full_delta,0,0.1,0.07220281681942871,0.06685184882055155,"[-0.7916666666666666, -0.8958333333333334, 0.07220281681942871]"
B_shared,l14_mean,17,full_delta,0,1,0.4487963682198752,0.4633279610142173,"[-0.46875, -0.732638888888889, 0.4487963682198752]"
B_shared,l14_mean,17,full_delta,0,10,0.7182445762521859,0.7441380815888733,"[-0.4270833333333333, -0.7100694444444443, 0.7182445762521859]"
B_shared,l14_mean,17,full_affine,0,0.01,0.021439147661087937,0.011612226115381229,"[-0.8125, -0.9010416666666666, 0.021439147661087937]"
B_shared,l14_mean,17,full_affine,0,0.1,0.08143101265295642,0.075020020668176,"[-0.3645833333333333, -0.5439367634680135, 0.08143101265295642]"
B_shared,l14_mean,17,full_affine,0,1,0.4496654626925975,0.467280810441805,"[-0.17708333333333334, -0.3252482581756479, 0.4496654626925975]"
B_shared,l14_mean,17,full_affine,0,10,0.6815976621627708,0.7132490695529894,"[-0.14583333333333334, -0.294903698051676, 0.6815976621627708]"
B_shared,l14_mean,17,length_shift,0,0.01,13.964531712263307,14.351733147394475,"[-0.052083333333333336, -0.4140625, 13.964531712263307]"
B_shared,l14_mean,17,length_shift,0,0.1,13.966452329810442,14.35277285528438,"[-0.041666666666666664, -0.4071180555555555, 13.966452329810442]"
B_shared,l14_mean,17,length_shift,0,1,13.97303181687974,14.357888308790484,"[-0.052083333333333336, -0.4140625, 13.97303181687974]"
B_shared,l14_mean,17,length_shift,0,10,13.978163824458532,14.361096581078314,"[-0.052083333333333336, -0.4140625, 13.978163824458532]"
B_shared,l14_mean,17,source_token_ridge,0,0.01,0.172335426930863,0.1617512897883672,"[-0.9791666666666666, -0.9895833333333334, 0.172335426930863]"
B_shared,l14_mean,17,source_token_ridge,0,0.1,0.16755948880127502,0.16574339709335423,"[-0.9791666666666666, -0.9895833333333334, 0.16755948880127502]"
B_shared,l14_mean,17,source_token_ridge,0,1,0.4066626039071,0.4617747761755624,"[-0.9583333333333334, -0.9791666666666666, 0.4066626039071]"
B_shared,l14_mean,17,source_token_ridge,0,10,5.57124474884963,5.798002737069377,"[-0.17708333333333334, -0.5555555555555555, 5.57124474884963]"
B_shared,l14_mean,17,shuffled,1,0.01,0.6493583914824275,0.7070191725832421,"[-0.4375, -0.7152777777777777, 0.6493583914824275]"
B_shared,l14_mean,17,shuffled,2,0.01,0.6554603499391789,0.7142043091648297,"[-0.59375, -0.796875, 0.6554603499391789]"
B_shared,l14_mean,17,shuffled,4,0.01,0.6392710611285218,0.6973621418171873,"[-0.5729166666666666, -0.7864583333333334, 0.6392710611285218]"
B_shared,l14_mean,17,shuffled,8,0.01,0.6309017910256783,0.693670723084093,"[-0.90625, -0.943923611111111, 0.6309017910256783]"
B_shared,l14_mean,17,shuffled,16,0.01,0.6325299898238232,0.6968386110036117,"[-0.84375, -0.8864783653846153, 0.6325299898238232]"
B_shared,l14_mean,17,shuffled,32,0.01,0.6327170436457815,0.6969124521341992,"[-0.7395833333333334, -0.8105813746438747, 0.6327170436457815]"
B_shared,l14_mean,17,shuffled,1,0.1,0.6474980099469078,0.6858872847256844,"[-0.4270833333333333, -0.7118055555555557, 0.6474980099469078]"
B_shared,l14_mean,17,shuffled,2,0.1,0.6487992267102404,0.6874655245101843,"[-0.5520833333333334, -0.7760416666666666, 0.6487992267102404]"
B_shared,l14_mean,17,shuffled,4,0.1,0.632685720769066,0.6702080749046928,"[-0.53125, -0.765625, 0.632685720769066]"
B_shared,l14_mean,17,shuffled,8,0.1,0.6203560816026744,0.6611167693335877,"[-0.8333333333333334, -0.9149305555555557, 0.6203560816026744]"
B_shared,l14_mean,17,shuffled,16,0.1,0.6192236752659498,0.6603103873622501,"[-0.875, -0.935763888888889, 0.6192236752659498]"
B_shared,l14_mean,17,shuffled,32,0.1,0.6189539010448352,0.6600172126654935,"[-0.875, -0.935763888888889, 0.6189539010448352]"
B_shared,l14_mean,17,shuffled,1,1,0.7279345775646853,0.7616353953046913,"[-0.4270833333333333, -0.7100694444444443, 0.7279345775646853]"
B_shared,l14_mean,17,shuffled,2,1,0.7262264409840826,0.7598445665322645,"[-0.4375, -0.717013888888889, 0.7262264409840826]"
B_shared,l14_mean,17,shuffled,4,1,0.7206897454912792,0.7537305031644603,"[-0.4375, -0.717013888888889, 0.7206897454912792]"
B_shared,l14_mean,17,shuffled,8,1,0.7169282009088213,0.7508241391678894,"[-0.4479166666666667, -0.7222222222222223, 0.7169282009088213]"
B_shared,l14_mean,17,shuffled,16,1,0.7167179985215585,0.7506491075306365,"[-0.4479166666666667, -0.7222222222222223, 0.7167179985215585]"
B_shared,l14_mean,17,shuffled,32,1,0.7166827667084584,0.7506110866221517,"[-0.4479166666666667, -0.7222222222222223, 0.7166827667084584]"
B_shared,l14_mean,17,shuffled,1,10,0.7179201666317946,0.7483383579378954,"[-0.4270833333333333, -0.7100694444444443, 0.7179201666317946]"
B_shared,l14_mean,17,shuffled,2,10,0.7176031166759979,0.74800444690796,"[-0.4270833333333333, -0.7100694444444443, 0.7176031166759979]"
B_shared,l14_mean,17,shuffled,4,10,0.7169094412485251,0.7472334020562176,"[-0.4270833333333333, -0.7100694444444443, 0.7169094412485251]"
B_shared,l14_mean,17,shuffled,8,10,0.7164605410126225,0.7468856694149834,"[-0.4270833333333333, -0.7100694444444443, 0.7164605410126225]"
B_shared,l14_mean,17,shuffled,16,10,0.7164380621855705,0.7468667251800075,"[-0.4270833333333333, -0.7100694444444443, 0.7164380621855705]"
B_shared,l14_mean,17,shuffled,32,10,0.7164344428190409,0.7468628217561402,"[-0.4270833333333333, -0.7100694444444443, 0.7164344428190409]"
B_shared,l14_mean,17,random_subspace,32,0.01,14.055019404886707,14.43016349964534,"[-0.11458333333333333, -0.4618055555555555, 14.055019404886707]"
B_shared,l14_mean,17,random_subspace,32,0.1,14.055480985810796,14.43063837470948,"[-0.11458333333333333, -0.45833333333333326, 14.055480985810796]"
B_shared,l14_mean,17,random_subspace,32,1,14.058629515397982,14.433937616784624,"[-0.11458333333333333, -0.45833333333333326, 14.058629515397982]"
B_shared,l14_mean,17,random_subspace,32,10,14.060876833497709,14.436269193669375,"[-0.11458333333333333, -0.454861111111111, 14.060876833497709]"
B_conditional_f0,l14_mean,17,rank1,1,0.01,0.0651441721353212,0.054385651946068175,[0.0651441721353212]
B_conditional_f0,l14_mean,17,rank1,1,0.1,0.12402124742258251,0.11566759069673749,[0.12402124742258251]
B_conditional_f0,l14_mean,17,rank1,1,1,0.5708699980838158,0.5887209192857875,[0.5708699980838158]
B_conditional_f0,l14_mean,17,rank1,1,10,0.8917253263521592,0.9241350412882414,[0.8917253263521592]
B_conditional_f0,l14_mean,17,lowrank,1,0.01,0.0651441721353212,0.054385651946068175,[0.0651441721353212]
B_conditional_f0,l14_mean,17,lowrank,2,0.01,0.05439946280275865,0.041033786807576474,[0.05439946280275865]
B_conditional_f0,l14_mean,17,lowrank,4,0.01,0.028435492365062376,0.0201015797492095,[0.028435492365062376]
B_conditional_f0,l14_mean,17,lowrank,8,0.01,0.024101500226037492,0.01546284448131764,[0.024101500226037492]
B_conditional_f0,l14_mean,17,lowrank,16,0.01,0.022239123542350716,0.013261683367334319,[0.022239123542350716]
B_conditional_f0,l14_mean,17,lowrank,32,0.01,0.021403447679909104,0.01207305432997568,[0.021403447679909104]
B_conditional_f0,l14_mean,17,lowrank,1,0.1,0.12402124742258251,0.11566759069673749,[0.12402124742258251]
B_conditional_f0,l14_mean,17,lowrank,2,0.1,0.11475168081013078,0.10403906656672886,[0.11475168081013078]
B_conditional_f0,l14_mean,17,lowrank,4,0.1,0.09342316476861362,0.08670152608238635,[0.09342316476861362]
B_conditional_f0,l14_mean,17,lowrank,8,0.1,0.09066781230394334,0.0836967082027235,[0.09066781230394334]
B_conditional_f0,l14_mean,17,lowrank,16,0.1,0.08997755484771963,0.08289006900908781,[0.08997755484771963]
B_conditional_f0,l14_mean,17,lowrank,32,0.1,0.08979947859212552,0.08265379089101177,[0.08979947859212552]
B_conditional_f0,l14_mean,17,lowrank,1,1,0.5708699980838158,0.5887209192857875,[0.5708699980838158]
B_conditional_f0,l14_mean,17,lowrank,2,1,0.5678177350265886,0.5848491648333612,[0.5678177350265886]
B_conditional_f0,l14_mean,17,lowrank,4,1,0.5618136908704403,0.5798920273241482,[0.5618136908704403]
B_conditional_f0,l14_mean,17,lowrank,8,1,0.5611861341366701,0.5791989832925911,[0.5611861341366701]
B_conditional_f0,l14_mean,17,lowrank,16,1,0.5610889073766923,0.5790867566431251,[0.5610889073766923]
B_conditional_f0,l14_mean,17,lowrank,32,1,0.5610690393091066,0.5790606674884585,[0.5610690393091066]
B_conditional_f0,l14_mean,17,lowrank,1,10,0.8917253263521592,0.9241350412882414,[0.8917253263521592]
B_conditional_f0,l14_mean,17,lowrank,2,10,0.8913408017398163,0.9236466056650275,[0.8913408017398163]
B_conditional_f0,l14_mean,17,lowrank,4,10,0.8906227855972393,0.9230515433194667,[0.8906227855972393]
B_conditional_f0,l14_mean,17,lowrank,8,10,0.8905479845665845,0.9229687432207715,[0.8905479845665845]
B_conditional_f0,l14_mean,17,lowrank,16,10,0.8905378581824163,0.9229570680469846,[0.8905378581824163]
B_conditional_f0,l14_mean,17,lowrank,32,10,0.8905358446882875,0.9229544316945112,[0.8905358446882875]
B_conditional_f0,l14_mean,17,full_delta,0,0.01,0.020947639741677574,0.01157419780385078,[0.020947639741677574]
B_conditional_f0,l14_mean,17,full_delta,0,0.1,0.08973234875325364,0.08258163991496142,[0.08973234875325364]
B_conditional_f0,l14_mean,17,full_delta,0,1,0.5610619871419521,0.5790531060757983,[0.5610619871419521]
B_conditional_f0,l14_mean,17,full_delta,0,10,0.8905351358832702,0.9229536719004198,[0.8905351358832702]
B_conditional_f0,l14_mean,17,full_affine,0,0.01,0.02840173053944908,0.015157950666157558,[0.02840173053944908]
B_conditional_f0,l14_mean,17,full_affine,0,0.1,0.10519288202942496,0.09617807678906347,[0.10519288202942496]
B_conditional_f0,l14_mean,17,full_affine,0,1,0.5750035450829635,0.5960010521569421,[0.5750035450829635]
B_conditional_f0,l14_mean,17,full_affine,0,10,0.8707099742299119,0.9093326444097883,[0.8707099742299119]
B_conditional_f0,l14_mean,17,length_shift,0,0.01,13.984411929684539,14.365277582853459,[13.984411929684539]
B_conditional_f0,l14_mean,17,length_shift,0,0.1,13.986126580576396,14.366124174145462,[13.986126580576396]
B_conditional_f0,l14_mean,17,length_shift,0,1,13.99169247768924,14.37028620074455,[13.99169247768924]
B_conditional_f0,l14_mean,17,length_shift,0,10,13.99530618151521,14.372616258056295,[13.99530618151521]
B_conditional_f0,l14_mean,17,source_token_ridge,0,0.01,0.17119058252897024,0.16186931525010465,[0.17119058252897024]
B_conditional_f0,l14_mean,17,source_token_ridge,0,0.1,0.1662161116857607,0.16585812519686102,[0.1662161116857607]
B_conditional_f0,l14_mean,17,source_token_ridge,0,1,0.404057871143854,0.4612715883456892,[0.404057871143854]
B_conditional_f0,l14_mean,17,source_token_ridge,0,10,5.550171210160535,5.777748418666078,[5.550171210160535]
B_conditional_f0,l14_mean,17,shuffled,1,0.01,0.8114955625089394,0.8841098794780979,[0.8114955625089394]
B_conditional_f0,l14_mean,17,shuffled,2,0.01,0.8229214334155328,0.8971873599928196,[0.8229214334155328]
B_conditional_f0,l14_mean,17,shuffled,4,0.01,0.8087204908369682,0.8827998664222269,[0.8087204908369682]
B_conditional_f0,l14_mean,17,shuffled,8,0.01,0.8027944761390172,0.8816665125802068,[0.8027944761390172]
B_conditional_f0,l14_mean,17,shuffled,16,0.01,0.8060171267861906,0.8869171191973887,[0.8060171267861906]
B_conditional_f0,l14_mean,17,shuffled,32,0.01,0.8069575060955817,0.8876044079449702,[0.8069575060955817]
B_conditional_f0,l14_mean,17,shuffled,1,0.1,0.8095708255993511,0.8576006733262389,[0.8095708255993511]
B_conditional_f0,l14_mean,17,shuffled,2,0.1,0.8148361255561815,0.8634254309819793,[0.8148361255561815]
B_conditional_f0,l14_mean,17,shuffled,4,0.1,0.80002243816101,0.8477921727821193,[0.80002243816101]
B_conditional_f0,l14_mean,17,shuffled,8,0.1,0.7887174990074127,0.839711797357732,[0.7887174990074127]
B_conditional_f0,l14_mean,17,shuffled,16,0.1,0.7879923246407724,0.8394674043886399,[0.7879923246407724]
B_conditional_f0,l14_mean,17,shuffled,32,0.1,0.7878204671581844,0.839243794879524,[0.7878204671581844]
B_conditional_f0,l14_mean,17,shuffled,1,1,0.9136192378970462,0.9556778816511452,[0.9136192378970462]
B_conditional_f0,l14_mean,17,shuffled,2,1,0.9132805732053058,0.9553272427074037,[0.9132805732053058]
B_conditional_f0,l14_mean,17,shuffled,4,1,0.9080277598143228,0.9495723257545322,[0.9080277598143228]
B_conditional_f0,l14_mean,17,shuffled,8,1,0.9044081105627452,0.9468058629771985,[0.9044081105627452]
B_conditional_f0,l14_mean,17,shuffled,16,1,0.9042457351204716,0.9466982205640267,[0.9042457351204716]
B_conditional_f0,l14_mean,17,shuffled,32,1,0.9042208207751102,0.9466671115386779,[0.9042208207751102]
B_conditional_f0,l14_mean,17,shuffled,1,10,0.9031965265246696,0.9416049228714641,[0.9031965265246696]
B_conditional_f0,l14_mean,17,shuffled,2,10,0.903057986161755,0.9414583760470062,[0.903057986161755]
B_conditional_f0,l14_mean,17,shuffled,4,10,0.9023964391144687,0.9407281151849104,[0.9023964391144687]
B_conditional_f0,l14_mean,17,shuffled,8,10,0.9019619355083534,0.9403947123089346,[0.9019619355083534]
B_conditional_f0,l14_mean,17,shuffled,16,10,0.9019443235381409,0.9403826440630594,[0.9019443235381409]
B_conditional_f0,l14_mean,17,shuffled,32,10,0.9019417417933507,0.9403794310498924,[0.9019417417933507]
B_conditional_f0,l14_mean,17,random_subspace,32,0.01,13.988719174213978,14.359301140032917,[13.988719174213978]
B_conditional_f0,l14_mean,17,random_subspace,32,0.1,13.989282195989233,14.359881224941091,[13.989282195989233]
B_conditional_f0,l14_mean,17,random_subspace,32,1,13.993160604315108,14.363948866883142,[13.993160604315108]
B_conditional_f0,l14_mean,17,random_subspace,32,10,13.995867972864724,14.366763150166463,[13.995867972864724]
B_conditional_f1,l14_mean,17,rank1,1,0.01,0.0661535644077821,0.05519509334257644,[0.0661535644077821]
B_conditional_f1,l14_mean,17,rank1,1,0.1,0.12459780230166327,0.11634049993493041,[0.12459780230166327]
B_conditional_f1,l14_mean,17,rank1,1,1,0.5687816740724623,0.5871572948233662,[0.5687816740724623]
B_conditional_f1,l14_mean,17,rank1,1,10,0.8880090968447472,0.9210198483428025,[0.8880090968447472]
B_conditional_f1,l14_mean,17,lowrank,1,0.01,0.0661535644077821,0.05519509334257644,[0.0661535644077821]
B_conditional_f1,l14_mean,17,lowrank,2,0.01,0.0554597429540119,0.04198331340569051,[0.0554597429540119]
B_conditional_f1,l14_mean,17,lowrank,4,0.01,0.029530041387908074,0.02116161664818103,[0.029530041387908074]
B_conditional_f1,l14_mean,17,lowrank,8,0.01,0.024453544241122994,0.015853513357956553,[0.024453544241122994]
B_conditional_f1,l14_mean,17,lowrank,16,0.01,0.022573607151068747,0.013613457375207652,[0.022573607151068747]
B_conditional_f1,l14_mean,17,lowrank,32,0.01,0.021550954695371244,0.01229840981994317,[0.021550954695371244]
B_conditional_f1,l14_mean,17,lowrank,1,0.1,0.12459780230166327,0.11634049993493041,[0.12459780230166327]
B_conditional_f1,l14_mean,17,lowrank,2,0.1,0.11540087387484461,0.10485172690250688,[0.11540087387484461]
B_conditional_f1,l14_mean,17,lowrank,4,0.1,0.09412588144420549,0.08762142630289128,[0.09412588144420549]
B_conditional_f1,l14_mean,17,lowrank,8,0.1,0.09097951055623159,0.08421360143782224,[0.09097951055623159]
B_conditional_f1,l14_mean,17,lowrank,16,0.1,0.09021388508758461,0.0833569585562225,[0.09021388508758461]
B_conditional_f1,l14_mean,17,lowrank,32,0.1,0.09000418117037486,0.08309422499566915,[0.09000418117037486]
B_conditional_f1,l14_mean,17,lowrank,1,1,0.5687816740724623,0.5871572948233662,[0.5687816740724623]
B_conditional_f1,l14_mean,17,lowrank,2,1,0.5657709285534961,0.5833431536032876,[0.5657709285534961]
B_conditional_f1,l14_mean,17,lowrank,4,1,0.5597869946573661,0.578420068300372,[0.5597869946573661]
B_conditional_f1,l14_mean,17,lowrank,8,1,0.5590736811857927,0.577636411760975,[0.5590736811857927]
B_conditional_f1,l14_mean,17,lowrank,16,1,0.558964552319739,0.5775160457352556,[0.558964552319739]
B_conditional_f1,l14_mean,17,lowrank,32,1,0.558940695350273,0.5774869700636321,[0.558940695350273]
B_conditional_f1,l14_mean,17,lowrank,1,10,0.8880090968447472,0.9210198483428025,[0.8880090968447472]
B_conditional_f1,l14_mean,17,lowrank,2,10,0.8876303085235752,0.9205390258134797,[0.8876303085235752]
B_conditional_f1,l14_mean,17,lowrank,4,10,0.8869148796944906,0.9199481881442706,[0.8869148796944906]
B_conditional_f1,l14_mean,17,lowrank,8,10,0.8868299178810913,0.9198546384364189,[0.8868299178810913]
B_conditional_f1,l14_mean,17,lowrank,16,10,0.886818529080961,0.9198421025455158,[0.886818529080961]
B_conditional_f1,l14_mean,17,lowrank,32,10,0.8868161163139899,0.9198391652246233,[0.8868161163139899]
B_conditional_f1,l14_mean,17,full_delta,0,0.01,0.021001413300422034,0.011710398591004511,[0.021001413300422034]
B_conditional_f1,l14_mean,17,full_delta,0,0.1,0.08992323586737301,0.08300943469941474,[0.08992323586737301]
B_conditional_f1,l14_mean,17,full_delta,0,1,0.5589321982993434,0.5774780942547614,[0.5589321982993434]
B_conditional_f1,l14_mean,17,full_delta,0,10,0.8868152623654368,0.9198382734674588,[0.8868152623654368]
B_conditional_f1,l14_mean,17,full_affine,0,0.01,0.028188110204669714,0.015251983468498992,[0.028188110204669714]
B_conditional_f1,l14_mean,17,full_affine,0,0.1,0.10488919853787321,0.09631338299483772,[0.10488919853787321]
B_conditional_f1,l14_mean,17,full_affine,0,1,0.5716617251159126,0.5934844142218824,[0.5716617251159126]
B_conditional_f1,l14_mean,17,full_affine,0,10,0.8654034045557614,0.904980652017333,[0.8654034045557614]
B_conditional_f1,l14_mean,17,length_shift,0,0.01,13.98302754593688,14.363236288656703,[13.98302754593688]
B_conditional_f1,l14_mean,17,length_shift,0,0.1,13.984718514108492,14.364128150393567,[13.984718514108492]
B_conditional_f1,l14_mean,17,length_shift,0,1,13.990390903527404,14.368512500349546,[13.990390903527404]
B_conditional_f1,l14_mean,17,length_shift,0,10,13.99411849515311,14.370946227069837,[13.99411849515311]
B_conditional_f1,l14_mean,17,source_token_ridge,0,0.01,0.17120662276479212,0.16185636519838542,[0.17120662276479212]
B_conditional_f1,l14_mean,17,source_token_ridge,0,0.1,0.16621933550394133,0.16584436148816215,[0.16621933550394133]
B_conditional_f1,l14_mean,17,source_token_ridge,0,1,0.4040780393013062,0.46118454618504146,[0.4040780393013062]
B_conditional_f1,l14_mean,17,source_token_ridge,0,10,5.5500160104143434,5.777236479820156,[5.5500160104143434]
B_conditional_f1,l14_mean,17,shuffled,1,0.01,0.8107544774705432,0.8836247792299629,[0.8107544774705432]
B_conditional_f1,l14_mean,17,shuffled,2,0.01,0.822077160942135,0.8966032352086563,[0.822077160942135]
B_conditional_f1,l14_mean,17,shuffled,4,0.01,0.807280672895163,0.8815709286710979,[0.807280672895163]
B_conditional_f1,l14_mean,17,shuffled,8,0.01,0.802072492424399,0.8814423094482181,[0.802072492424399]
B_conditional_f1,l14_mean,17,shuffled,16,0.01,0.8052042629395589,0.8864723677701459,[0.8052042629395589]
B_conditional_f1,l14_mean,17,shuffled,32,0.01,0.8061397383112068,0.8871726825484901,[0.8061397383112068]
B_conditional_f1,l14_mean,17,shuffled,1,0.1,0.8076511781095568,0.8562348893965143,[0.8076511781095568]
B_conditional_f1,l14_mean,17,shuffled,2,0.1,0.8127720793981156,0.8619291859892234,[0.8127720793981156]
B_conditional_f1,l14_mean,17,shuffled,4,0.1,0.7976008546412464,0.8459144060540829,[0.7976008546412464]
B_conditional_f1,l14_mean,17,shuffled,8,0.1,0.7865503742924916,0.8382914375615722,[0.7865503742924916]
B_conditional_f1,l14_mean,17,shuffled,16,0.1,0.7858161583114325,0.8379712758589054,[0.7858161583114325]
B_conditional_f1,l14_mean,17,shuffled,32,0.1,0.7856401406684168,0.8377479593700246,[0.7856401406684168]
B_conditional_f1,l14_mean,17,shuffled,1,1,0.9099746235764693,0.952788418585663,[0.9099746235764693]
B_conditional_f1,l14_mean,17,shuffled,2,1,0.909579349896369,0.952389635388506,[0.909579349896369]
B_conditional_f1,l14_mean,17,shuffled,4,1,0.9042352863294248,0.9465367745392032,[0.9042352863294248]
B_conditional_f1,l14_mean,17,shuffled,8,1,0.9006651463707337,0.9438555962440249,[0.9006651463707337]
B_conditional_f1,l14_mean,17,shuffled,16,1,0.9005016889981569,0.9437376529905324,[0.9005016889981569]
B_conditional_f1,l14_mean,17,shuffled,32,1,0.9004757852047577,0.9437063844078878,[0.9004757852047577]
B_conditional_f1,l14_mean,17,shuffled,1,10,0.8991277551263731,0.9382663553281642,[0.8991277551263731]
B_conditional_f1,l14_mean,17,shuffled,2,10,0.8989817331380646,0.9381134763853282,[0.8989817331380646]
B_conditional_f1,l14_mean,17,shuffled,4,10,0.8983092961223909,0.9373714825314002,[0.8983092961223909]
B_conditional_f1,l14_mean,17,shuffled,8,10,0.8978804250059776,0.9370475435301552,[0.8978804250059776]
B_conditional_f1,l14_mean,17,shuffled,16,10,0.8978626979362053,0.9370344054773625,[0.8978626979362053]
B_conditional_f1,l14_mean,17,shuffled,32,10,0.8978600106363018,0.937031174284716,[0.8978600106363018]
B_conditional_f1,l14_mean,17,random_subspace,32,0.01,13.989226289242508,14.359121057871997,[13.989226289242508]
B_conditional_f1,l14_mean,17,random_subspace,32,0.1,13.989786034042835,14.35970373394054,[13.989786034042835]
B_conditional_f1,l14_mean,17,random_subspace,32,1,13.993657149567468,14.363776273049146,[13.993657149567468]
B_conditional_f1,l14_mean,17,random_subspace,32,10,13.996365454554706,14.366594241736735,[13.996365454554706]
B_conditional_f2,l14_mean,17,rank1,1,0.01,0.06758685362333243,0.06152396986777139,[0.06758685362333243]
B_conditional_f2,l14_mean,17,rank1,1,0.1,0.09362094243788165,0.08921072141156527,[0.09362094243788165]
B_conditional_f2,l14_mean,17,rank1,1,1,0.291903472187023,0.3000388057365005,[0.291903472187023]
B_conditional_f2,l14_mean,17,rank1,1,10,0.45481293202695583,0.46954793061052474,[0.45481293202695583]
B_conditional_f2,l14_mean,17,lowrank,1,0.01,0.06758685362333243,0.06152396986777139,[0.06758685362333243]
B_conditional_f2,l14_mean,17,lowrank,2,0.01,0.05666550197324627,0.047981562844521125,[0.05666550197324627]
B_conditional_f2,l14_mean,17,lowrank,4,0.01,0.03027780110114937,0.026181891895132425,[0.03027780110114937]
B_conditional_f2,l14_mean,17,lowrank,8,0.01,0.01793614504645324,0.013521496736922206,[0.01793614504645324]
B_conditional_f2,l14_mean,17,lowrank,16,0.01,0.015031500469770823,0.01017879215092516,[0.015031500469770823]
B_conditional_f2,l14_mean,17,lowrank,32,0.01,0.013544508240069385,0.008381079396392632,[0.013544508240069385]
B_conditional_f2,l14_mean,17,lowrank,1,0.1,0.09362094243788165,0.08921072141156527,[0.09362094243788165]
B_conditional_f2,l14_mean,17,lowrank,2,0.1,0.08411111705109155,0.0773577485850573,[0.08411111705109155]
B_conditional_f2,l14_mean,17,lowrank,4,0.1,0.06435117899939949,0.05929374126241124,[0.06435117899939949]
B_conditional_f2,l14_mean,17,lowrank,8,0.1,0.052174089965613735,0.04875494398164179,[0.052174089965613735]
B_conditional_f2,l14_mean,17,lowrank,16,0.1,0.05104815355277408,0.04747110079943504,[0.05104815355277408]
B_conditional_f2,l14_mean,17,lowrank,32,0.1,0.05074262046059413,0.04711409490296568,[0.05074262046059413]
B_conditional_f2,l14_mean,17,lowrank,1,1,0.291903472187023,0.3000388057365005,[0.291903472187023]
B_conditional_f2,l14_mean,17,lowrank,2,1,0.2885269158491426,0.29598114533570236,[0.2885269158491426]
B_conditional_f2,l14_mean,17,lowrank,4,1,0.2825358788240037,0.2898953546168541,[0.2825358788240037]
B_conditional_f2,l14_mean,17,lowrank,8,1,0.2789308031564846,0.2870690171943399,[0.2789308031564846]
B_conditional_f2,l14_mean,17,lowrank,16,1,0.2787761986653678,0.28689319826125903,[0.2787761986653678]
B_conditional_f2,l14_mean,17,lowrank,32,1,0.27874225562081156,0.28685369246377657,[0.27874225562081156]
B_conditional_f2,l14_mean,17,lowrank,1,10,0.45481293202695583,0.46954793061052474,[0.45481293202695583]
B_conditional_f2,l14_mean,17,lowrank,2,10,0.4543552530835571,0.46901703329639904,[0.4543552530835571]
B_conditional_f2,l14_mean,17,lowrank,4,10,0.4536066726550539,0.4682375024497966,[0.4536066726550539]
B_conditional_f2,l14_mean,17,lowrank,8,10,0.4531829428353637,0.46790681482824154,[0.4531829428353637]
B_conditional_f2,l14_mean,17,lowrank,16,10,0.4531668930983357,0.46788856776301535,[0.4531668930983357]
B_conditional_f2,l14_mean,17,lowrank,32,10,0.4531634608994634,0.4678845747058015,[0.4531634608994634]
B_conditional_f2,l14_mean,17,full_delta,0,0.01,0.012725603264605182,0.007667872475903653,[0.012725603264605182]
B_conditional_f2,l14_mean,17,full_delta,0,0.1,0.050626844568819135,0.04701412289404849,[0.050626844568819135]
B_conditional_f2,l14_mean,17,full_delta,0,1,0.2787301834303186,0.28684327537906457,[0.2787301834303186]
B_conditional_f2,l14_mean,17,full_delta,0,10,0.4531622485108385,0.4678835286046496,[0.4531622485108385]
B_conditional_f2,l14_mean,17,full_affine,0,0.01,0.013068179004024067,0.007195936231610273,[0.013068179004024067]
B_conditional_f2,l14_mean,17,full_affine,0,0.1,0.047884936122729004,0.04461825326739722,[0.047884936122729004]
B_conditional_f2,l14_mean,17,full_affine,0,1,0.2546663820909036,0.26574755761356156,[0.2546663820909036]
B_conditional_f2,l14_mean,17,full_affine,0,10,0.38445852570562616,0.40369514143775437,[0.38445852570562616]
B_conditional_f2,l14_mean,17,length_shift,0,0.01,13.93993815214732,14.338858500732433,[13.93993815214732]
B_conditional_f2,l14_mean,17,length_shift,0,0.1,13.942283114437961,14.34032362413886,[13.942283114437961]
B_conditional_f2,l14_mean,17,length_shift,0,1,13.951020138189557,14.34754394679039,[13.951020138189557]
B_conditional_f2,l14_mean,17,length_shift,0,10,13.959530263687602,14.353072580607034,[13.959530263687602]
B_conditional_f2,l14_mean,17,source_token_ridge,0,0.01,0.1806508876530963,0.16183625766926457,[0.1806508876530963]
B_conditional_f2,l14_mean,17,source_token_ridge,0,0.1,0.1762606602662585,0.16586387446113157,[0.1762606602662585]
B_conditional_f2,l14_mean,17,source_token_ridge,0,1,0.41982409585338026,0.46485497408961846,[0.41982409585338026]
B_conditional_f2,l14_mean,17,source_token_ridge,0,10,5.647528928343881,5.869060730357124,[5.647528928343881]
B_conditional_f2,l14_mean,17,shuffled,1,0.01,0.3990204267463337,0.4318608570980306,[0.3990204267463337]
B_conditional_f2,l14_mean,17,shuffled,2,0.01,0.39352446288887477,0.4263781116290309,[0.39352446288887477]
B_conditional_f2,l14_mean,17,shuffled,4,0.01,0.37404609606156985,0.4054070565732897,[0.37404609606156985]
B_conditional_f2,l14_mean,17,shuffled,8,0.01,0.3613868120500771,0.3969501255055529,[0.3613868120500771]
B_conditional_f2,l14_mean,17,shuffled,16,0.01,0.36016049048469756,0.39661208315922636,[0.36016049048469756]
B_conditional_f2,l14_mean,17,shuffled,32,0.01,0.3586593702236532,0.394971716257771,[0.3586593702236532]
B_conditional_f2,l14_mean,17,shuffled,1,0.1,0.39809723731014285,0.4201561507652048,[0.39809723731014285]
B_conditional_f2,l14_mean,17,shuffled,2,0.1,0.3903222663191393,0.4120514619873594,[0.3903222663191393]
B_conditional_f2,l14_mean,17,shuffled,4,0.1,0.3721306915537023,0.39211305204414604,[0.3721306915537023]
B_conditional_f2,l14_mean,17,shuffled,8,0.1,0.3578287877685811,0.3808354603295541,[0.3578287877685811]
B_conditional_f2,l14_mean,17,shuffled,16,0.1,0.35594246666849055,0.379073684311696,[0.35594246666849055]
B_conditional_f2,l14_mean,17,shuffled,32,0.1,0.3553967589290619,0.3785028967795457,[0.3553967589290619]
B_conditional_f2,l14_mean,17,shuffled,1,1,0.4414947417675504,0.46082700631837686,[0.4414947417675504]
B_conditional_f2,l14_mean,17,shuffled,2,1,0.43673688867732446,0.4558182173928101,[0.43673688867732446]
B_conditional_f2,l14_mean,17,shuffled,4,1,0.43074068608621835,0.44909848220229326,[0.43074068608621835]
B_conditional_f2,l14_mean,17,shuffled,8,1,0.42667310346562654,0.44584526970106514,[0.42667310346562654]
B_conditional_f2,l14_mean,17,shuffled,16,1,0.42637201114213097,0.44555385073840764,[0.42637201114213097]
B_conditional_f2,l14_mean,17,shuffled,32,1,0.4263071636328,0.4454862604460619,[0.4263071636328]
B_conditional_f2,l14_mean,17,shuffled,1,10,0.43629659160692813,0.45317952648236043,[0.43629659160692813]
B_conditional_f2,l14_mean,17,shuffled,2,10,0.4355846646371022,0.45242945791304673,[0.4355846646371022]
B_conditional_f2,l14_mean,17,shuffled,4,10,0.434838367224956,0.4515887243659478,[0.434838367224956]
B_conditional_f2,l14_mean,17,shuffled,8,10,0.43435735923444224,0.45120426335436736,[0.43435735923444224]
B_conditional_f2,l14_mean,17,shuffled,16,10,0.4343256001565148,0.45117341911371317,[0.4343256001565148]
B_conditional_f2,l14_mean,17,shuffled,32,10,0.43431899729457085,0.45116653948149404,[0.43431899729457085]
B_conditional_f2,l14_mean,17,random_subspace,32,0.01,14.273412644378993,14.661596538126851,[14.273412644378993]
B_conditional_f2,l14_mean,17,random_subspace,32,0.1,14.273737500573434,14.661928536867451,[14.273737500573434]
B_conditional_f2,l14_mean,17,random_subspace,32,1,14.275718076138888,14.663991661865753,[14.275718076138888]
B_conditional_f2,l14_mean,17,random_subspace,32,10,14.277217169051502,14.665537877588811,[14.277217169051502]
B_shared,l14_mean,29,rank1,1,0.01,0.05907831880527109,0.05559293313528144,"[-0.5416666666666666, -0.7708333333333334, 0.05907831880527109]"
B_shared,l14_mean,29,rank1,1,0.1,0.11485903133297791,0.10597531004859745,"[-0.5104166666666666, -0.7552083333333334, 0.11485903133297791]"
B_shared,l14_mean,29,rank1,1,1,0.4714113163832095,0.44498926070709494,"[-0.4270833333333333, -0.7118055555555557, 0.4714113163832095]"
B_shared,l14_mean,29,rank1,1,10,0.7132013210923495,0.6849221968024298,"[-0.4270833333333333, -0.7100694444444443, 0.7132013210923495]"
B_shared,l14_mean,29,lowrank,1,0.01,0.05907831880527109,0.05559293313528144,"[-0.5416666666666666, -0.7708333333333334, 0.05907831880527109]"
B_shared,l14_mean,29,lowrank,2,0.01,0.04588397353551834,0.041987974781485166,"[-0.5625, -0.78125, 0.04588397353551834]"
B_shared,l14_mean,29,lowrank,4,0.01,0.02355978862595673,0.019387989928093246,"[-0.5625, -0.78125, 0.02355978862595673]"
B_shared,l14_mean,29,lowrank,8,0.01,0.018919312707247952,0.014652645124833987,"[-0.9166666666666666, -0.9583333333333334, 0.018919312707247952]"
B_shared,l14_mean,29,lowrank,16,0.01,0.017195637238992863,0.01278476276182948,"[-0.9791666666666666, -0.9895833333333334, 0.017195637238992863]"
B_shared,l14_mean,29,lowrank,32,0.01,0.016452102474070036,0.011765173086303623,"[-1.0, -1.0, 0.016452102474070036]"
B_shared,l14_mean,29,lowrank,1,0.1,0.11485903133297791,0.10597531004859745,"[-0.5104166666666666, -0.7552083333333334, 0.11485903133297791]"
B_shared,l14_mean,29,lowrank,2,0.1,0.10330807373333573,0.09399551439408858,"[-0.53125, -0.765625, 0.10330807373333573]"
B_shared,l14_mean,29,lowrank,4,0.1,0.08456743066020837,0.07485048995617256,"[-0.5208333333333334, -0.7604166666666666, 0.08456743066020837]"
B_shared,l14_mean,29,lowrank,8,0.1,0.08128753610792512,0.0715152661966974,"[-0.7395833333333334, -0.8697916666666666, 0.08128753610792512]"
B_shared,l14_mean,29,lowrank,16,0.1,0.08067508031071731,0.07085473677898031,"[-0.8125, -0.90625, 0.08067508031071731]"
B_shared,l14_mean,29,lowrank,32,0.1,0.0805097466225209,0.07063586790299052,"[-0.8125, -0.90625, 0.0805097466225209]"
B_shared,l14_mean,29,lowrank,1,1,0.4714113163832095,0.44498926070709494,"[-0.4270833333333333, -0.7118055555555557, 0.4714113163832095]"
B_shared,l14_mean,29,lowrank,2,1,0.46749322278867494,0.4408698152863105,"[-0.4270833333333333, -0.7135416666666666, 0.46749322278867494]"
B_shared,l14_mean,29,lowrank,4,1,0.46188518067936996,0.4350073048922498,"[-0.4270833333333333, -0.7135416666666666, 0.46188518067936996]"
B_shared,l14_mean,29,lowrank,8,1,0.46097154196261125,0.43410510806220204,"[-0.4270833333333333, -0.7135416666666666, 0.46097154196261125]"
B_shared,l14_mean,29,lowrank,16,1,0.46088732622367895,0.4340148345773906,"[-0.4270833333333333, -0.7135416666666666, 0.46088732622367895]"
B_shared,l14_mean,29,lowrank,32,1,0.4608687294935607,0.4339902768650412,"[-0.4270833333333333, -0.7135416666666666, 0.4608687294935607]"
B_shared,l14_mean,29,lowrank,1,10,0.7132013210923495,0.6849221968024298,"[-0.4270833333333333, -0.7100694444444443, 0.7132013210923495]"
B_shared,l14_mean,29,lowrank,2,10,0.7127032285938076,0.6843967458986538,"[-0.4270833333333333, -0.7100694444444443, 0.7127032285938076]"
B_shared,l14_mean,29,lowrank,4,10,0.7120191778798833,0.6836758584842397,"[-0.4270833333333333, -0.7100694444444443, 0.7120191778798833]"
B_shared,l14_mean,29,lowrank,8,10,0.7119041682321766,0.6835634539159678,"[-0.4270833333333333, -0.7100694444444443, 0.7119041682321766]"
B_shared,l14_mean,29,lowrank,16,10,0.7118954201516012,0.6835540840487168,"[-0.4270833333333333, -0.7100694444444443, 0.7118954201516012]"
B_shared,l14_mean,29,lowrank,32,10,0.7118935363600191,0.6835515979661495,"[-0.4270833333333333, -0.7100694444444443, 0.7118935363600191]"
B_shared,l14_mean,29,full_delta,0,0.01,0.01607382615655961,0.011378818362626032,"[-1.0, -1.0, 0.01607382615655961]"
B_shared,l14_mean,29,full_delta,0,0.1,0.08045340753283299,0.07058131769679755,"[-0.8125, -0.90625, 0.08045340753283299]"
B_shared,l14_mean,29,full_delta,0,1,0.4608627498456775,0.4339845936596083,"[-0.4270833333333333, -0.7135416666666666, 0.4608627498456775]"
B_shared,l14_mean,29,full_delta,0,10,0.7118929352305284,0.6835510272955808,"[-0.4270833333333333, -0.7100694444444443, 0.7118929352305284]"
B_shared,l14_mean,29,full_affine,0,0.01,0.02105802786344931,0.013351291683775987,"[-0.8125, -0.8956597222222222, 0.02105802786344931]"
B_shared,l14_mean,29,full_affine,0,0.1,0.09099775010892037,0.07878833320080303,"[-0.3333333333333333, -0.5100863546176045, 0.09099775010892037]"
B_shared,l14_mean,29,full_affine,0,1,0.4644378977964081,0.43599275901474793,"[-0.1875, -0.32687886732004384, 0.4644378977964081]"
B_shared,l14_mean,29,full_affine,0,10,0.6841216663570678,0.6497452108422196,"[-0.16666666666666666, -0.3047969400221239, 0.6841216663570678]"
B_shared,l14_mean,29,length_shift,0,0.01,13.957646044375911,13.970310383630135,"[-0.07291666666666667, -0.4296875, 13.957646044375911]"
B_shared,l14_mean,29,length_shift,0,0.1,13.958682899349064,13.971612498894636,"[-0.0625, -0.4244791666666667, 13.958682899349064]"
B_shared,l14_mean,29,length_shift,0,1,13.96486873423003,13.978467288989451,"[-0.0625, -0.4192708333333333, 13.96486873423003]"
B_shared,l14_mean,29,length_shift,0,10,13.967840441807065,13.982966671850527,"[-0.0625, -0.4192708333333333, 13.967840441807065]"
B_shared,l14_mean,29,source_token_ridge,0,0.01,0.16817169625585437,0.14493852179200586,"[-0.9895833333333334, -0.9947916666666666, 0.16817169625585437]"
B_shared,l14_mean,29,source_token_ridge,0,0.1,0.17013308593106857,0.1486439621984219,"[-0.9895833333333334, -0.9947916666666666, 0.17013308593106857]"
B_shared,l14_mean,29,source_token_ridge,0,1,0.43850867525497295,0.42337221467003916,"[-0.96875, -0.984375, 0.43850867525497295]"
B_shared,l14_mean,29,source_token_ridge,0,10,5.509054532279625,5.509732424652071,"[-0.1875, -0.5555555555555555, 5.509054532279625]"
B_shared,l14_mean,29,shuffled,1,0.01,0.8289622858646134,0.7523382509151104,"[-0.4479166666666667, -0.71875, 0.8289622858646134]"
B_shared,l14_mean,29,shuffled,2,0.01,0.8373438074379694,0.7596242820764548,"[-0.59375, -0.7934027777777777, 0.8373438074379694]"
B_shared,l14_mean,29,shuffled,4,0.01,0.8219926646223296,0.7442831696155271,"[-0.6145833333333334, -0.8024305555555555, 0.8219926646223296]"
B_shared,l14_mean,29,shuffled,8,0.01,0.8151684687964026,0.7386072261528964,"[-0.8541666666666666, -0.9056712962962964, 0.8151684687964026]"
B_shared,l14_mean,29,shuffled,16,0.01,0.817255747568474,0.7416231702744258,"[-0.75, -0.8284680886243385, 0.817255747568474]"
B_shared,l14_mean,29,shuffled,32,0.01,0.817624165967545,0.7418119188185478,"[-0.6458333333333334, -0.7365620490620489, 0.817624165967545]"
B_shared,l14_mean,29,shuffled,1,0.1,0.7436638996901314,0.6835794336160076,"[-0.4270833333333333, -0.7083333333333334, 0.7436638996901314]"
B_shared,l14_mean,29,shuffled,2,0.1,0.745023055566902,0.684225890413348,"[-0.5729166666666666, -0.7847222222222223, 0.745023055566902]"
B_shared,l14_mean,29,shuffled,4,0.1,0.728903482797941,0.6674510122550877,"[-0.6145833333333334, -0.8072916666666666, 0.728903482797941]"
B_shared,l14_mean,29,shuffled,8,0.1,0.7178610498843031,0.6569865886390932,"[-0.84375, -0.921875, 0.7178610498843031]"
B_shared,l14_mean,29,shuffled,16,0.1,0.7168511598804002,0.6560789742646059,"[-0.8854166666666666, -0.9427083333333334, 0.7168511598804002]"
B_shared,l14_mean,29,shuffled,32,0.1,0.7165567256276032,0.6557548530769474,"[-0.8958333333333334, -0.9453125, 0.7165567256276032]"
B_shared,l14_mean,29,shuffled,1,1,0.7509461511112411,0.7078771428166862,"[-0.4270833333333333, -0.7100694444444443, 0.7509461511112411]"
B_shared,l14_mean,29,shuffled,2,1,0.7489745254838608,0.7056692324743606,"[-0.4270833333333333, -0.7118055555555557, 0.7489745254838608]"
B_shared,l14_mean,29,shuffled,4,1,0.7428492083601618,0.6992039471685039,"[-0.4270833333333333, -0.7135416666666666, 0.7428492083601618]"
B_shared,l14_mean,29,shuffled,8,1,0.7393888485597317,0.695843284735337,"[-0.4375, -0.71875, 0.7393888485597317]"
B_shared,l14_mean,29,shuffled,16,1,0.7391915422525073,0.6956528233217201,"[-0.4375, -0.71875, 0.7391915422525073]"
B_shared,l14_mean,29,shuffled,32,1,0.7391520994651514,0.6956097778976408,"[-0.4375, -0.71875, 0.7391520994651514]"
B_shared,l14_mean,29,shuffled,1,10,0.719142169124539,0.6838992148541853,"[-0.4270833333333333, -0.7100694444444443, 0.719142169124539]"
B_shared,l14_mean,29,shuffled,2,10,0.7187899131920442,0.6835141596773703,"[-0.4270833333333333, -0.7100694444444443, 0.7187899131920442]"
B_shared,l14_mean,29,shuffled,4,10,0.7180026521150243,0.682681209327809,"[-0.4270833333333333, -0.7100694444444443, 0.7180026521150243]"
B_shared,l14_mean,29,shuffled,8,10,0.717585523873331,0.6822749240281653,"[-0.4270833333333333, -0.7100694444444443, 0.717585523873331]"
B_shared,l14_mean,29,shuffled,16,10,0.7175643258923127,0.682254356360851,"[-0.4270833333333333, -0.7100694444444443, 0.7175643258923127]"
B_shared,l14_mean,29,shuffled,32,10,0.7175602645167157,0.6822499264998324,"[-0.4270833333333333, -0.7100694444444443, 0.7175602645167157]"
B_shared,l14_mean,29,random_subspace,32,0.01,14.073901593216476,14.102081826661623,"[-0.0625, -0.4461805555555555, 14.073901593216476]"
B_shared,l14_mean,29,random_subspace,32,0.1,14.07436405338665,14.102500095252395,"[-0.0625, -0.4461805555555555, 14.07436405338665]"
B_shared,l14_mean,29,random_subspace,32,1,14.077013450979452,14.105035515594745,"[-0.0625, -0.4427083333333333, 14.077013450979452]"
B_shared,l14_mean,29,random_subspace,32,10,14.078741447732332,14.106756888821037,"[-0.0625, -0.4392361111111111, 14.078741447732332]"
B_conditional_f0,l14_mean,29,rank1,1,0.01,0.0636817789753064,0.05927202410892563,[0.0636817789753064]
B_conditional_f0,l14_mean,29,rank1,1,0.1,0.13457712824430326,0.12313886733008543,[0.13457712824430326]
B_conditional_f0,l14_mean,29,rank1,1,1,0.5871781060643895,0.5528562334060473,[0.5871781060643895]
B_conditional_f0,l14_mean,29,rank1,1,10,0.8850774651988029,0.8475658225261647,[0.8850774651988029]
B_conditional_f0,l14_mean,29,lowrank,1,0.01,0.0636817789753064,0.05927202410892563,[0.0636817789753064]
B_conditional_f0,l14_mean,29,lowrank,2,0.01,0.05083665138741689,0.04583100950779769,[0.05083665138741689]
B_conditional_f0,l14_mean,29,lowrank,4,0.01,0.027981409518606965,0.022899689681375998,[0.027981409518606965]
B_conditional_f0,l14_mean,29,lowrank,8,0.01,0.023579136101881604,0.01813886681181895,[0.023579136101881604]
B_conditional_f0,l14_mean,29,lowrank,16,0.01,0.021632952761424934,0.01597788624127328,[0.021632952761424934]
B_conditional_f0,l14_mean,29,lowrank,32,0.01,0.020783091259744518,0.014693842339693177,[0.020783091259744518]
B_conditional_f0,l14_mean,29,lowrank,1,0.1,0.13457712824430326,0.12313886733008543,[0.13457712824430326]
B_conditional_f0,l14_mean,29,lowrank,2,0.1,0.12332929765123946,0.11132328086182375,[0.12332929765123946]
B_conditional_f0,l14_mean,29,lowrank,4,0.1,0.10410231729998838,0.09186522627441125,[0.10410231729998838]
B_conditional_f0,l14_mean,29,lowrank,8,0.1,0.10130043252594982,0.08879271962063844,[0.10130043252594982]
B_conditional_f0,l14_mean,29,lowrank,16,0.1,0.10060402893506,0.08801289672525096,[0.10060402893506]
B_conditional_f0,l14_mean,29,lowrank,32,0.1,0.10040982413381842,0.08773923808537724,[0.10040982413381842]
B_conditional_f0,l14_mean,29,lowrank,1,1,0.5871781060643895,0.5528562334060473,[0.5871781060643895]
B_conditional_f0,l14_mean,29,lowrank,2,1,0.5833509747253758,0.5487933052968462,[0.5833509747253758]
B_conditional_f0,l14_mean,29,lowrank,4,1,0.577597843603196,0.5428515139125477,[0.577597843603196]
B_conditional_f0,l14_mean,29,lowrank,8,1,0.5769666478106718,0.5421575245292541,[0.5769666478106718]
B_conditional_f0,l14_mean,29,lowrank,16,1,0.5768683609001353,0.5420487896682079,[0.5768683609001353]
B_conditional_f0,l14_mean,29,lowrank,32,1,0.5768460189098197,0.5420179978556289,[0.5768460189098197]
B_conditional_f0,l14_mean,29,lowrank,1,10,0.8850774651988029,0.8475658225261647,[0.8850774651988029]
B_conditional_f0,l14_mean,29,lowrank,2,10,0.8845906168357285,0.847047704036048,[0.8845906168357285]
B_conditional_f0,l14_mean,29,lowrank,4,10,0.8838895418423637,0.8463186166562479,[0.8838895418423637]
B_conditional_f0,l14_mean,29,lowrank,8,10,0.8838147180309672,0.8462366202072649,[0.8838147180309672]
B_conditional_f0,l14_mean,29,lowrank,16,10,0.8838044725291022,0.8462253057256316,[0.8838044725291022]
B_conditional_f0,l14_mean,29,lowrank,32,10,0.8838022054569524,0.8462221879836096,[0.8838022054569524]
B_conditional_f0,l14_mean,29,full_delta,0,0.01,0.020332314030753033,0.014204126727637484,[0.020332314030753033]
B_conditional_f0,l14_mean,29,full_delta,0,0.1,0.10034155865752133,0.08767005691915815,[0.10034155865752133]
B_conditional_f0,l14_mean,29,full_delta,0,1,0.5768388920118378,0.5420107939322706,[0.5768388920118378]
B_conditional_f0,l14_mean,29,full_delta,0,10,0.8838014896437955,0.8462214646053985,[0.8838014896437955]
B_conditional_f0,l14_mean,29,full_affine,0,0.01,0.027775576989295583,0.017453022471561278,[0.027775576989295583]
B_conditional_f0,l14_mean,29,full_affine,0,0.1,0.1171945696802102,0.101199684988198,[0.1171945696802102]
B_conditional_f0,l14_mean,29,full_affine,0,1,0.5937180366756657,0.5566444422566662,[0.5937180366756657]
B_conditional_f0,l14_mean,29,full_affine,0,10,0.8738978242783966,0.8290099223087495,[0.8738978242783966]
B_conditional_f0,l14_mean,29,length_shift,0,0.01,13.977821222729249,13.994600341048576,[13.977821222729249]
B_conditional_f0,l14_mean,29,length_shift,0,0.1,13.978679852779036,13.99573746792388,[13.978679852779036]
B_conditional_f0,l14_mean,29,length_shift,0,1,13.983987990005849,14.001719500697993,[13.983987990005849]
B_conditional_f0,l14_mean,29,length_shift,0,10,13.98611927810895,14.005287473130883,[13.98611927810895]
B_conditional_f0,l14_mean,29,source_token_ridge,0,0.01,0.16829301864925658,0.14507013705548863,[0.16829301864925658]
B_conditional_f0,l14_mean,29,source_token_ridge,0,0.1,0.17009253757999257,0.14877706423530343,[0.17009253757999257]
B_conditional_f0,l14_mean,29,source_token_ridge,0,1,0.43724996248372056,0.42326316639289013,[0.43724996248372056]
B_conditional_f0,l14_mean,29,source_token_ridge,0,10,5.48916874865274,5.493919915188727,[5.48916874865274]
B_conditional_f0,l14_mean,29,shuffled,1,0.01,1.043978127478801,0.9454939918784945,[1.043978127478801]
B_conditional_f0,l14_mean,29,shuffled,2,0.01,1.0593080278954914,0.9593803145262086,[1.0593080278954914]
B_conditional_f0,l14_mean,29,shuffled,4,0.01,1.047219630365101,0.9478671550888489,[1.047219630365101]
B_conditional_f0,l14_mean,29,shuffled,8,0.01,1.0419467045943966,0.9440394673100152,[1.0419467045943966]
B_conditional_f0,l14_mean,29,shuffled,16,0.01,1.0458846164921636,0.9491678896025206,[1.0458846164921636]
B_conditional_f0,l14_mean,29,shuffled,32,0.01,1.0470173715406623,0.9500221207927951,[1.0470173715406623]
B_conditional_f0,l14_mean,29,shuffled,1,0.1,0.9349165017520488,0.8573746652237159,[0.9349165017520488]
B_conditional_f0,l14_mean,29,shuffled,2,0.1,0.9407586134185282,0.862341381644531,[0.9407586134185282]
B_conditional_f0,l14_mean,29,shuffled,4,0.1,0.926897399840844,0.8480268342734419,[0.926897399840844]
B_conditional_f0,l14_mean,29,shuffled,8,0.1,0.9165136391443235,0.8383552160551758,[0.9165136391443235]
B_conditional_f0,l14_mean,29,shuffled,16,0.1,0.915946874719237,0.8379700110760401,[0.915946874719237]
B_conditional_f0,l14_mean,29,shuffled,32,0.1,0.9157658922553238,0.837749605147868,[0.9157658922553238]
B_conditional_f0,l14_mean,29,shuffled,1,1,0.944131369263971,0.8881392442174544,[0.944131369263971]
B_conditional_f0,l14_mean,29,shuffled,2,1,0.943479334659901,0.8872413612087643,[0.943479334659901]
B_conditional_f0,l14_mean,29,shuffled,4,1,0.9378917420770986,0.881347520704432,[0.9378917420770986]
B_conditional_f0,l14_mean,29,shuffled,8,1,0.9345350283095991,0.8781184725601188,[0.9345350283095991]
B_conditional_f0,l14_mean,29,shuffled,16,1,0.9343909280699144,0.8779907357704181,[0.9343909280699144]
B_conditional_f0,l14_mean,29,shuffled,32,1,0.9343629027876436,0.8779583791890785,[0.9343629027876436]
B_conditional_f0,l14_mean,29,shuffled,1,10,0.9053109803031653,0.8586878857887509,[0.9053109803031653]
B_conditional_f0,l14_mean,29,shuffled,2,10,0.9051255143989323,0.8584693145227164,[0.9051255143989323]
B_conditional_f0,l14_mean,29,shuffled,4,10,0.9044001487201129,0.8577019625726171,[0.9044001487201129]
B_conditional_f0,l14_mean,29,shuffled,8,10,0.9039940185923716,0.8573098293707465,[0.9039940185923716]
B_conditional_f0,l14_mean,29,shuffled,16,10,0.9039782515333394,0.8572956634157486,[0.9039782515333394]
B_conditional_f0,l14_mean,29,shuffled,32,10,0.9039753312751317,0.8572923050008677,[0.9039753312751317]
B_conditional_f0,l14_mean,29,random_subspace,32,0.01,14.007178861456753,14.03968069779892,[14.007178861456753]
B_conditional_f0,l14_mean,29,random_subspace,32,0.1,14.007746418789262,14.040193832853916,[14.007746418789262]
B_conditional_f0,l14_mean,29,random_subspace,32,1,14.011024889979344,14.043326362094463,[14.011024889979344]
B_conditional_f0,l14_mean,29,random_subspace,32,10,14.013119505131678,14.045407149356441,[14.013119505131678]
B_conditional_f1,l14_mean,29,rank1,1,0.01,0.06471533755046315,0.0601988811861574,[0.06471533755046315]
B_conditional_f1,l14_mean,29,rank1,1,0.1,0.1351204436446401,0.12385727370603627,[0.1351204436446401]
B_conditional_f1,l14_mean,29,rank1,1,1,0.585007421953491,0.5516521228648489,[0.585007421953491]
B_conditional_f1,l14_mean,29,rank1,1,10,0.8814731482683156,0.8451505162998526,[0.8814731482683156]
B_conditional_f1,l14_mean,29,lowrank,1,0.01,0.06471533755046315,0.0601988811861574,[0.06471533755046315]
B_conditional_f1,l14_mean,29,lowrank,2,0.01,0.0515530068604069,0.04669442074945538,[0.0515530068604069]
B_conditional_f1,l14_mean,29,lowrank,4,0.01,0.029107307466763127,0.023930413602208517,[0.029107307466763127]
B_conditional_f1,l14_mean,29,lowrank,8,0.01,0.023996504535699136,0.018563974810728277,[0.023996504535699136]
B_conditional_f1,l14_mean,29,lowrank,16,0.01,0.02193688525068679,0.01628427372077063,[0.02193688525068679]
B_conditional_f1,l14_mean,29,lowrank,32,0.01,0.02095605088972012,0.01482963509413617,[0.02095605088972012]
B_conditional_f1,l14_mean,29,lowrank,1,0.1,0.1351204436446401,0.12385727370603627,[0.1351204436446401]
B_conditional_f1,l14_mean,29,lowrank,2,0.1,0.12362098764477637,0.11197794449308912,[0.12362098764477637]
B_conditional_f1,l14_mean,29,lowrank,4,0.1,0.10472384889444454,0.09267749400680514,[0.10472384889444454]
B_conditional_f1,l14_mean,29,lowrank,8,0.1,0.10153538178830014,0.08925365126526717,[0.10153538178830014]
B_conditional_f1,l14_mean,29,lowrank,16,0.1,0.10074834771731882,0.08840052399506541,[0.10074834771731882]
B_conditional_f1,l14_mean,29,lowrank,32,0.1,0.10051459334792674,0.08808857907384805,[0.10051459334792674]
B_conditional_f1,l14_mean,29,lowrank,1,1,0.585007421953491,0.5516521228648489,[0.585007421953491]
B_conditional_f1,l14_mean,29,lowrank,2,1,0.58111930328286,0.5475763469555259,[0.58111930328286]
B_conditional_f1,l14_mean,29,lowrank,4,1,0.5754511065177472,0.5416791976121188,[0.5754511065177472]
B_conditional_f1,l14_mean,29,lowrank,8,1,0.5747410430230164,0.540919296155703,[0.5747410430230164]
B_conditional_f1,l14_mean,29,lowrank,16,1,0.5746271934520201,0.5407981266495315,[0.5746271934520201]
B_conditional_f1,l14_mean,29,lowrank,32,1,0.5746006670192452,0.5407630630758615,[0.5746006670192452]
B_conditional_f1,l14_mean,29,lowrank,1,10,0.8814731482683156,0.8451505162998526,[0.8814731482683156]
B_conditional_f1,l14_mean,29,lowrank,2,10,0.8809793670626416,0.8446310639899846,[0.8809793670626416]
B_conditional_f1,l14_mean,29,lowrank,4,10,0.8802881661880301,0.8439072636320425,[0.8802881661880301]
B_conditional_f1,l14_mean,29,lowrank,8,10,0.8802043657929653,0.8438180039949749,[0.8802043657929653]
B_conditional_f1,l14_mean,29,lowrank,16,10,0.8801924713881683,0.8438053692072925,[0.8801924713881683]
B_conditional_f1,l14_mean,29,lowrank,32,10,0.8801897831705796,0.8438018189902312,[0.8801897831705796]
B_conditional_f1,l14_mean,29,full_delta,0,0.01,0.020395295550816737,0.014295224018932948,[0.020395295550816737]
B_conditional_f1,l14_mean,29,full_delta,0,0.1,0.10043303297383854,0.08801369967628493,[0.10043303297383854]
B_conditional_f1,l14_mean,29,full_delta,0,1,0.5745921538931024,0.5407552625356337,[0.5745921538931024]
B_conditional_f1,l14_mean,29,full_delta,0,10,0.8801889281774423,0.8438010356818326,[0.8801889281774423]
B_conditional_f1,l14_mean,29,full_affine,0,0.01,0.02754791151444728,0.0175068543537709,[0.02754791151444728]
B_conditional_f1,l14_mean,29,full_affine,0,0.1,0.11681591859655328,0.10136193703659761,[0.11681591859655328]
B_conditional_f1,l14_mean,29,full_affine,0,1,0.5902522403441688,0.5546334903894627,[0.5902522403441688]
B_conditional_f1,l14_mean,29,full_affine,0,10,0.8686122987516326,0.8255772650803946,[0.8686122987516326]
B_conditional_f1,l14_mean,29,length_shift,0,0.01,13.976186955716692,13.991813116501062,[13.976186955716692]
B_conditional_f1,l14_mean,29,length_shift,0,0.1,13.977015991442476,13.992990173703333,[13.977015991442476]
B_conditional_f1,l14_mean,29,length_shift,0,1,13.9824219882644,13.999181965512724,[13.9824219882644]
B_conditional_f1,l14_mean,29,length_shift,0,10,13.984727877792125,14.002850199952945,[13.984727877792125]
B_conditional_f1,l14_mean,29,source_token_ridge,0,0.01,0.16827040744406793,0.1450436436628925,[0.16827040744406793]
B_conditional_f1,l14_mean,29,source_token_ridge,0,0.1,0.17006753821686502,0.148748557317562,[0.17006753821686502]
B_conditional_f1,l14_mean,29,source_token_ridge,0,1,0.4371294557095445,0.42314517505888993,[0.4371294557095445]
B_conditional_f1,l14_mean,29,source_token_ridge,0,10,5.489017993217753,5.493084459401395,[5.489017993217753]
B_conditional_f1,l14_mean,29,shuffled,1,0.01,1.0357350624402955,0.9386451171689975,[1.0357350624402955]
B_conditional_f1,l14_mean,29,shuffled,2,0.01,1.050723578794528,0.9523071101117052,[1.050723578794528]
B_conditional_f1,l14_mean,29,shuffled,4,0.01,1.0370034857858286,0.9390320696105091,[1.0370034857858286]
B_conditional_f1,l14_mean,29,shuffled,8,0.01,1.032837226922673,0.9361017531033715,[1.032837226922673]
B_conditional_f1,l14_mean,29,shuffled,16,0.01,1.036673806956118,0.9410186467182408,[1.036673806956118]
B_conditional_f1,l14_mean,29,shuffled,32,0.01,1.0379104607178113,0.9419694725201433,[1.0379104607178113]
B_conditional_f1,l14_mean,29,shuffled,1,0.1,0.9287213613688197,0.8528708123070633,[0.9287213613688197]
B_conditional_f1,l14_mean,29,shuffled,2,0.1,0.9343516099900647,0.8577455676687574,[0.9343516099900647]
B_conditional_f1,l14_mean,29,shuffled,4,0.1,0.9195417336892625,0.8425110258534767,[0.9195417336892625]
B_conditional_f1,l14_mean,29,shuffled,8,0.1,0.9095029798296511,0.8331194980173725,[0.9095029798296511]
B_conditional_f1,l14_mean,29,shuffled,16,0.1,0.9088994138141805,0.8326586538924103,[0.9088994138141805]
B_conditional_f1,l14_mean,29,shuffled,32,0.1,0.9087196319544907,0.8324380248296718,[0.9087196319544907]
B_conditional_f1,l14_mean,29,shuffled,1,1,0.9393841104802102,0.8850141101917135,[0.9393841104802102]
B_conditional_f1,l14_mean,29,shuffled,2,1,0.938689671371125,0.8841057820344563,[0.938689671371125]
B_conditional_f1,l14_mean,29,shuffled,4,1,0.9328705460030493,0.8779975293412047,[0.9328705460030493]
B_conditional_f1,l14_mean,29,shuffled,8,1,0.9295636540129649,0.874805197498223,[0.9295636540129649]
B_conditional_f1,l14_mean,29,shuffled,16,1,0.9294142875676382,0.8746669792089481,[0.9294142875676382]
B_conditional_f1,l14_mean,29,shuffled,32,1,0.9293863607360396,0.8746344487229708,[0.9293863607360396]
B_conditional_f1,l14_mean,29,shuffled,1,10,0.9011438845660183,0.8560010982563896,[0.9011438845660183]
B_conditional_f1,l14_mean,29,shuffled,2,10,0.9009534480654393,0.8557814007468773,[0.9009534480654393]
B_conditional_f1,l14_mean,29,shuffled,4,10,0.9002008541566345,0.8549889620330102,[0.9002008541566345]
B_conditional_f1,l14_mean,29,shuffled,8,10,0.8997999877912575,0.8546006127160023,[0.8997999877912575]
B_conditional_f1,l14_mean,29,shuffled,16,10,0.8997836709533988,0.8545853571105203,[0.8997836709533988]
B_conditional_f1,l14_mean,29,shuffled,32,10,0.8997807605607346,0.854581979650138,[0.8997807605607346]
B_conditional_f1,l14_mean,29,random_subspace,32,0.01,14.007778004722296,14.038495890884633,[14.007778004722296]
B_conditional_f1,l14_mean,29,random_subspace,32,0.1,14.008337490073226,14.039004967216792,[14.008337490073226]
B_conditional_f1,l14_mean,29,random_subspace,32,1,14.011556528087418,14.04208823597876,[14.011556528087418]
B_conditional_f1,l14_mean,29,random_subspace,32,10,14.013619393301779,14.04414023467664,[14.013619393301779]
B_conditional_f2,l14_mean,29,rank1,1,0.01,0.06680091739111242,0.0645262119436295,[0.06680091739111242]
B_conditional_f2,l14_mean,29,rank1,1,0.1,0.09817111110881034,0.09298083438714023,[0.09817111110881034]
B_conditional_f2,l14_mean,29,rank1,1,1,0.2986311889066578,0.284003767953551,[0.2986311889066578]
B_conditional_f2,l14_mean,29,rank1,1,10,0.4494880347601713,0.4347549032453915,[0.4494880347601713]
B_conditional_f2,l14_mean,29,lowrank,1,0.01,0.06680091739111242,0.0645262119436295,[0.06680091739111242]
B_conditional_f2,l14_mean,29,lowrank,2,0.01,0.05296128088232228,0.049981705530137636,[0.05296128088232228]
B_conditional_f2,l14_mean,29,lowrank,4,0.01,0.030704397899419478,0.026503881367540155,[0.030704397899419478]
B_conditional_f2,l14_mean,29,lowrank,8,0.01,0.018200804187597903,0.014644516124126301,[0.018200804187597903]
B_conditional_f2,l14_mean,29,lowrank,16,0.01,0.015196824142163038,0.011193636474531523,[0.015196824142163038]
B_conditional_f2,l14_mean,29,lowrank,32,0.01,0.013479344009320113,0.00921684994040887,[0.013479344009320113]
B_conditional_f2,l14_mean,29,lowrank,1,0.1,0.09817111110881034,0.09298083438714023,[0.09817111110881034]
B_conditional_f2,l14_mean,29,lowrank,2,0.1,0.08596868456856949,0.08007048597768827,[0.08596868456856949]
B_conditional_f2,l14_mean,29,lowrank,4,0.1,0.06739998496381573,0.059978071678423985,[0.06739998496381573]
B_conditional_f2,l14_mean,29,lowrank,8,0.1,0.05682427387136064,0.050362170586850614,[0.05682427387136064]
B_conditional_f2,l14_mean,29,lowrank,16,0.1,0.05563487351245852,0.04902315617958656,[0.05563487351245852]
B_conditional_f2,l14_mean,29,lowrank,32,0.1,0.055273165019207836,0.04860662559303822,[0.055273165019207836]
B_conditional_f2,l14_mean,29,lowrank,1,1,0.2986311889066578,0.284003767953551,[0.2986311889066578]
B_conditional_f2,l14_mean,29,lowrank,2,1,0.29441468078634747,0.27946560146370325,[0.29441468078634747]
B_conditional_f2,l14_mean,29,lowrank,4,1,0.28849860998262494,0.27292530080266786,[0.28849860998262494]
B_conditional_f2,l14_mean,29,lowrank,8,1,0.2851516444695498,0.2699571649009655,[0.2851516444695498]
B_conditional_f2,l14_mean,29,lowrank,16,1,0.28498726908988486,0.26977340776490716,[0.28498726908988486]
B_conditional_f2,l14_mean,29,lowrank,32,1,0.28494671329769994,0.26972670877864896,[0.28494671329769994]
B_conditional_f2,l14_mean,29,lowrank,1,10,0.4494880347601713,0.4347549032453915,[0.4494880347601713]
B_conditional_f2,l14_mean,29,lowrank,2,10,0.44894428714625206,0.43416514764613806,[0.44894428714625206]
B_conditional_f2,l14_mean,29,lowrank,4,10,0.44818284409367815,0.4333313709049271,[0.44818284409367815]
B_conditional_f2,l14_mean,29,lowrank,8,10,0.4477789065231681,0.43296831672214586,[0.4477789065231681]
B_conditional_f2,l14_mean,29,lowrank,16,10,0.4477618286104031,0.43294924154588205,[0.4477618286104031]
B_conditional_f2,l14_mean,29,lowrank,32,10,0.44775772344927783,0.4329445145985133,[0.44775772344927783]
B_conditional_f2,l14_mean,29,full_delta,0,0.01,0.012726171915003207,0.008552848340214914,[0.012726171915003207]
B_conditional_f2,l14_mean,29,full_delta,0,0.1,0.05516638220649312,0.048515230107662476,[0.05516638220649312]
B_conditional_f2,l14_mean,29,full_delta,0,1,0.2849355841464614,0.26971721331773363,[0.2849355841464614]
B_conditional_f2,l14_mean,29,full_delta,0,10,0.4477566058458336,0.43294356133535294,[0.4477566058458336]
B_conditional_f2,l14_mean,29,full_affine,0,0.01,0.013082898113495098,0.00800974222490161,[0.013082898113495098]
B_conditional_f2,l14_mean,29,full_affine,0,0.1,0.05356351328935394,0.04625841119032791,[0.05356351328935394]
B_conditional_f2,l14_mean,29,full_affine,0,1,0.26312179688375886,0.2472298332049292,[0.26312179688375886]
B_conditional_f2,l14_mean,29,full_affine,0,10,0.3859230940166636,0.36696142487336036,[0.3859230940166636]
B_conditional_f2,l14_mean,29,length_shift,0,0.01,13.933159941526377,13.937097528002539,[13.933159941526377]
B_conditional_f2,l14_mean,29,length_shift,0,0.1,13.934540862517975,13.938759871516586,[13.934540862517975]
B_conditional_f2,l14_mean,29,length_shift,0,1,13.942553689973323,13.947523979331747,[13.942553689973323]
B_conditional_f2,l14_mean,29,length_shift,0,10,13.947519675136538,13.954381560969027,[13.947519675136538]
B_conditional_f2,l14_mean,29,source_token_ridge,0,0.01,0.17295669626534327,0.1450204588662156,[0.17295669626534327]
B_conditional_f2,l14_mean,29,source_token_ridge,0,0.1,0.1752538011186735,0.14875636217075247,[0.1752538011186735]
B_conditional_f2,l14_mean,29,source_token_ridge,0,1,0.44840736796125363,0.4256418787090337,[0.44840736796125363]
B_conditional_f2,l14_mean,29,source_token_ridge,0,10,5.583324915961396,5.569600736972187,[5.583324915961396]
B_conditional_f2,l14_mean,29,shuffled,1,0.01,0.4982224633030583,0.4559053100920061,[0.4982224633030583]
B_conditional_f2,l14_mean,29,shuffled,2,0.01,0.4936587815103768,0.45055608272954323,[0.4936587815103768]
B_conditional_f2,l14_mean,29,shuffled,4,0.01,0.47383015629974157,0.43000709411477533,[0.47383015629974157]
B_conditional_f2,l14_mean,29,shuffled,8,0.01,0.46368305433572043,0.42063444274696904,[0.46368305433572043]
B_conditional_f2,l14_mean,29,shuffled,16,0.01,0.4627763164993594,0.42011421435867985,[0.4627763164993594]
B_conditional_f2,l14_mean,29,shuffled,32,0.01,0.4611164898954562,0.4183890742987773,[0.4611164898954562]
B_conditional_f2,l14_mean,29,shuffled,1,0.1,0.4502103210900472,0.4169926599707187,[0.4502103210900472]
B_conditional_f2,l14_mean,29,shuffled,2,0.1,0.44259569903963164,0.4087170789626608,[0.44259569903963164]
B_conditional_f2,l14_mean,29,shuffled,4,0.1,0.4232816318089978,0.3883873122196028,[0.4232816318089978]
B_conditional_f2,l14_mean,29,shuffled,8,0.1,0.41074418692359477,0.37620280072493895,[0.41074418692359477]
B_conditional_f2,l14_mean,29,shuffled,16,0.1,0.40895085614827803,0.37435373605346484,[0.40895085614827803]
B_conditional_f2,l14_mean,29,shuffled,32,0.1,0.4083318800649649,0.37370182432986043,[0.4083318800649649]
B_conditional_f2,l14_mean,29,shuffled,1,1,0.4533331441580761,0.429711057509132,[0.4533331441580761]
B_conditional_f2,l14_mean,29,shuffled,2,1,0.44861440647177714,0.42471351705277743,[0.44861440647177714]
B_conditional_f2,l14_mean,29,shuffled,4,1,0.4417404635014588,0.41742192443091647,[0.4417404635014588]
B_conditional_f2,l14_mean,29,shuffled,8,1,0.43803445097257904,0.4137709362762598,[0.43803445097257904]
B_conditional_f2,l14_mean,29,shuffled,16,1,0.4377416328709976,0.4134659628850708,[0.4377416328709976]
B_conditional_f2,l14_mean,29,shuffled,32,1,0.43766779303734477,0.4133876686514051,[0.43766779303734477]
B_conditional_f2,l14_mean,29,shuffled,1,10,0.43638668072487335,0.41793232107367767,[0.43638668072487335]
B_conditional_f2,l14_mean,29,shuffled,2,10,0.4356859918382298,0.4171921948793418,[0.4356859918382298]
B_conditional_f2,l14_mean,29,shuffled,4,10,0.43481254090179594,0.4162641035516601,[0.43481254090179594]
B_conditional_f2,l14_mean,29,shuffled,8,10,0.4343691290434481,0.4158265650364455,[0.4343691290434481]
B_conditional_f2,l14_mean,29,shuffled,16,10,0.43433816496855576,0.415794292620337,[0.43433816496855576]
B_conditional_f2,l14_mean,29,shuffled,32,10,0.43433064322096726,0.41578631126254706,[0.43433064322096726]
B_conditional_f2,l14_mean,29,random_subspace,32,0.01,14.293070952829048,14.309882144834326,[14.293070952829048]
B_conditional_f2,l14_mean,29,random_subspace,32,0.1,14.293400725942831,14.310186441299246,[14.293400725942831]
B_conditional_f2,l14_mean,29,random_subspace,32,1,14.295107929947255,14.31182732960552,[14.295107929947255]
B_conditional_f2,l14_mean,29,random_subspace,32,10,14.296277186202213,14.312998472701429,[14.296277186202213]
B_shared,l14_mean,43,rank1,1,0.01,0.059579763614931815,0.0581995335964167,"[-0.5416666666666666, -0.7708333333333334, 0.059579763614931815]"
B_shared,l14_mean,43,rank1,1,0.1,0.12171870993613265,0.11033432569469133,"[-0.5208333333333334, -0.7604166666666666, 0.12171870993613265]"
B_shared,l14_mean,43,rank1,1,1,0.4797391678214821,0.4375802272236964,"[-0.4270833333333333, -0.7118055555555557, 0.4797391678214821]"
B_shared,l14_mean,43,rank1,1,10,0.7094863279643421,0.6677662468289509,"[-0.4270833333333333, -0.7083333333333334, 0.7094863279643421]"
B_shared,l14_mean,43,lowrank,1,0.01,0.059579763614931815,0.0581995335964167,"[-0.5416666666666666, -0.7708333333333334, 0.059579763614931815]"
B_shared,l14_mean,43,lowrank,2,0.01,0.046389893574785346,0.04418835404196014,"[-0.5625, -0.78125, 0.046389893574785346]"
B_shared,l14_mean,43,lowrank,4,0.01,0.02398390332833519,0.02126996961614601,"[-0.5520833333333334, -0.7760416666666666, 0.02398390332833519]"
B_shared,l14_mean,43,lowrank,8,0.01,0.01958329770661114,0.016426670376470946,"[-0.8958333333333334, -0.9479166666666666, 0.01958329770661114]"
B_shared,l14_mean,43,lowrank,16,0.01,0.017624925989219775,0.014321534772012798,"[-0.9895833333333334, -0.9947916666666666, 0.017624925989219775]"
B_shared,l14_mean,43,lowrank,32,0.01,0.01699167640377344,0.013294448138131812,"[-0.9895833333333334, -0.9947916666666666, 0.01699167640377344]"
B_shared,l14_mean,43,lowrank,1,0.1,0.12171870993613265,0.11033432569469133,"[-0.5208333333333334, -0.7604166666666666, 0.12171870993613265]"
B_shared,l14_mean,43,lowrank,2,0.1,0.11008412959663762,0.09794003523239188,"[-0.5208333333333334, -0.7604166666666666, 0.11008412959663762]"
B_shared,l14_mean,43,lowrank,4,0.1,0.0912397012787387,0.07846372872028208,"[-0.5208333333333334, -0.7604166666666666, 0.0912397012787387]"
B_shared,l14_mean,43,lowrank,8,0.1,0.08814453122775122,0.07509694842582344,"[-0.7604166666666666, -0.8802083333333334, 0.08814453122775122]"
B_shared,l14_mean,43,lowrank,16,0.1,0.08739133537697152,0.07433533319693975,"[-0.8229166666666666, -0.9114583333333334, 0.08739133537697152]"
B_shared,l14_mean,43,lowrank,32,0.1,0.08724222510654907,0.07411289180756736,"[-0.8229166666666666, -0.9114583333333334, 0.08724222510654907]"
B_shared,l14_mean,43,lowrank,1,1,0.4797391678214821,0.4375802272236964,"[-0.4270833333333333, -0.7118055555555557, 0.4797391678214821]"
B_shared,l14_mean,43,lowrank,2,1,0.47572739558087856,0.4332633937156503,"[-0.4270833333333333, -0.7118055555555557, 0.47572739558087856]"
B_shared,l14_mean,43,lowrank,4,1,0.4700222846131485,0.42722746649024623,"[-0.4270833333333333, -0.7118055555555557, 0.4700222846131485]"
B_shared,l14_mean,43,lowrank,8,1,0.4691335556856173,0.42630798755136906,"[-0.4375, -0.717013888888889, 0.4691335556856173]"
B_shared,l14_mean,43,lowrank,16,1,0.46902752632330963,0.42620266676648716,"[-0.4375, -0.717013888888889, 0.46902752632330963]"
B_shared,l14_mean,43,lowrank,32,1,0.46901048467729806,0.42617777328338075,"[-0.4375, -0.717013888888889, 0.46901048467729806]"
B_shared,l14_mean,43,lowrank,1,10,0.7094863279643421,0.6677662468289509,"[-0.4270833333333333, -0.7083333333333334, 0.7094863279643421]"
B_shared,l14_mean,43,lowrank,2,10,0.7089736142501075,0.6672128340230544,"[-0.4270833333333333, -0.7083333333333334, 0.7089736142501075]"
B_shared,l14_mean,43,lowrank,4,10,0.7082746063031831,0.666467913270675,"[-0.4270833333333333, -0.7100694444444443, 0.7082746063031831]"
B_shared,l14_mean,43,lowrank,8,10,0.708162262794477,0.6663536596692075,"[-0.4270833333333333, -0.7100694444444443, 0.708162262794477]"
B_shared,l14_mean,43,lowrank,16,10,0.708151215840112,0.6663427099561804,"[-0.4270833333333333, -0.7100694444444443, 0.708151215840112]"
B_shared,l14_mean,43,lowrank,32,10,0.7081494879661641,0.6663401909401304,"[-0.4270833333333333, -0.7100694444444443, 0.7081494879661641]"
B_shared,l14_mean,43,full_delta,0,0.01,0.016598384983646616,0.012908872325317395,"[-0.9895833333333334, -0.9947916666666666, 0.016598384983646616]"
B_shared,l14_mean,43,full_delta,0,0.1,0.08718579802786845,0.07405851997813423,"[-0.8229166666666666, -0.9114583333333334, 0.08718579802786845]"
B_shared,l14_mean,43,full_delta,0,1,0.4690045824547522,0.4261720929575829,"[-0.4375, -0.717013888888889, 0.4690045824547522]"
B_shared,l14_mean,43,full_delta,0,10,0.7081488950086955,0.6663396203451363,"[-0.4270833333333333, -0.7100694444444443, 0.7081488950086955]"
B_shared,l14_mean,43,full_affine,0,0.01,0.022130617452281055,0.014828588691966895,"[-0.7916666666666666, -0.8791666666666668, 0.022130617452281055]"
B_shared,l14_mean,43,full_affine,0,0.1,0.0983134503978178,0.08189999598917504,"[-0.3229166666666667, -0.513541522135272, 0.0983134503978178]"
B_shared,l14_mean,43,full_affine,0,1,0.4739987959405008,0.4272310945256879,"[-0.19791666666666666, -0.3501366612350068, 0.4739987959405008]"
B_shared,l14_mean,43,full_affine,0,10,0.6901180455558503,0.6307738202577512,"[-0.14583333333333334, -0.296491491045719, 0.6901180455558503]"
B_shared,l14_mean,43,length_shift,0,0.01,13.96169843213241,14.138764526004538,"[-0.10416666666666667, -0.4453125, 13.96169843213241]"
B_shared,l14_mean,43,length_shift,0,0.1,13.958705241522031,14.141728970924603,"[-0.10416666666666667, -0.4453125, 13.958705241522031]"
B_shared,l14_mean,43,length_shift,0,1,13.964521076164822,14.155504859984584,"[-0.08333333333333333, -0.4314236111111111, 13.964521076164822]"
B_shared,l14_mean,43,length_shift,0,10,13.970532902180858,14.16223963751071,"[-0.0625, -0.41753472222222227, 13.970532902180858]"
B_shared,l14_mean,43,source_token_ridge,0,0.01,0.16072277145101718,0.12010760656923548,"[-0.96875, -0.984375, 0.16072277145101718]"
B_shared,l14_mean,43,source_token_ridge,0,0.1,0.16263723057078242,0.1240213788591656,"[-0.96875, -0.984375, 0.16263723057078242]"
B_shared,l14_mean,43,source_token_ridge,0,1,0.4380260743534779,0.41138347943301007,"[-0.9791666666666666, -0.9895833333333334, 0.4380260743534779]"
B_shared,l14_mean,43,source_token_ridge,0,10,5.560786454884344,5.631032605323415,"[-0.23958333333333334, -0.5833333333333334, 5.560786454884344]"
B_shared,l14_mean,43,shuffled,1,0.01,1.1307722065877799,0.9121649183836184,"[-0.5, -0.7447916666666666, 1.1307722065877799]"
B_shared,l14_mean,43,shuffled,2,0.01,1.1438361731787365,0.9222390111041517,"[-0.625, -0.8081597222222222, 1.1438361731787365]"
B_shared,l14_mean,43,shuffled,4,0.01,1.1285436997628124,0.9070236291030714,"[-0.5833333333333334, -0.7746527777777779, 1.1285436997628124]"
B_shared,l14_mean,43,shuffled,8,0.01,1.1193879707901961,0.8981922434978266,"[-0.7916666666666666, -0.8649795227920228, 1.1193879707901961]"
B_shared,l14_mean,43,shuffled,16,0.01,1.120594552434422,0.8999164625539636,"[-0.7916666666666666, -0.849948330026455, 1.120594552434422]"
B_shared,l14_mean,43,shuffled,32,0.01,1.1205045109073064,0.8995790178280719,"[-0.7291666666666666, -0.7945528906006846, 1.1205045109073064]"
B_shared,l14_mean,43,shuffled,1,0.1,0.9305000786873229,0.8055402384822319,"[-0.4583333333333333, -0.7239583333333334, 0.9305000786873229]"
B_shared,l14_mean,43,shuffled,2,0.1,0.9339051537153308,0.8077345270256218,"[-0.6145833333333334, -0.8055555555555557, 0.9339051537153308]"
B_shared,l14_mean,43,shuffled,4,0.1,0.9173868406506166,0.7904512649349567,"[-0.6145833333333334, -0.8072916666666666, 0.9173868406506166]"
B_shared,l14_mean,43,shuffled,8,0.1,0.9060476044445478,0.7791423369960251,"[-0.8020833333333334, -0.8993055555555557, 0.9060476044445478]"
B_shared,l14_mean,43,shuffled,16,0.1,0.9048697467018592,0.7781655540028618,"[-0.8541666666666666, -0.9236111111111112, 0.9048697467018592]"
B_shared,l14_mean,43,shuffled,32,0.1,0.9046074996921187,0.7778176444009087,"[-0.8645833333333334, -0.9270833333333334, 0.9046074996921187]"
B_shared,l14_mean,43,shuffled,1,1,0.818182276935724,0.733882748562916,"[-0.4479166666666667, -0.71875, 0.818182276935724]"
B_shared,l14_mean,43,shuffled,2,1,0.8161575196291087,0.7315883775492731,"[-0.4479166666666667, -0.7222222222222223, 0.8161575196291087]"
B_shared,l14_mean,43,shuffled,4,1,0.8099315913741197,0.7248972141522336,"[-0.4583333333333333, -0.7274305555555557, 0.8099315913741197]"
B_shared,l14_mean,43,shuffled,8,1,0.8064517351805303,0.7214253347094974,"[-0.4791666666666667, -0.7378472222222223, 0.8064517351805303]"
B_shared,l14_mean,43,shuffled,16,1,0.8062386325190313,0.7212391009532574,"[-0.4791666666666667, -0.7378472222222223, 0.8062386325190313]"
B_shared,l14_mean,43,shuffled,32,1,0.8062051870056633,0.7211952676091858,"[-0.4791666666666667, -0.7378472222222223, 0.8062051870056633]"
B_shared,l14_mean,43,shuffled,1,10,0.7328034878264637,0.6705776627573149,"[-0.4270833333333333, -0.7083333333333334, 0.7328034878264637]"
B_shared,l14_mean,43,shuffled,2,10,0.7324200704496305,0.6701609634098662,"[-0.4270833333333333, -0.7083333333333334, 0.7324200704496305]"
B_shared,l14_mean,43,shuffled,4,10,0.7316188091684112,0.6692965643126838,"[-0.4270833333333333, -0.7100694444444443, 0.7316188091684112]"
B_shared,l14_mean,43,shuffled,8,10,0.7311994166440882,0.6688785622927921,"[-0.4270833333333333, -0.7100694444444443, 0.7311994166440882]"
B_shared,l14_mean,43,shuffled,16,10,0.7311766639636058,0.6688585931900382,"[-0.4270833333333333, -0.7100694444444443, 0.7311766639636058]"
B_shared,l14_mean,43,shuffled,32,10,0.7311732354939809,0.6688541046376253,"[-0.4270833333333333, -0.7100694444444443, 0.7311732354939809]"
B_shared,l14_mean,43,random_subspace,32,0.01,14.07849444727789,14.249078552475225,"[-0.052083333333333336, -0.4131944444444444, 14.07849444727789]"
B_shared,l14_mean,43,random_subspace,32,0.1,14.078945031143727,14.249494203102211,"[-0.052083333333333336, -0.4131944444444444, 14.078945031143727]"
B_shared,l14_mean,43,random_subspace,32,1,14.081402248611582,14.251834045448605,"[-0.0625, -0.41840277777777773, 14.081402248611582]"
B_shared,l14_mean,43,random_subspace,32,10,14.082944842976806,14.253410125141713,"[-0.0625, -0.41840277777777773, 14.082944842976806]"
B_conditional_f0,l14_mean,43,rank1,1,0.01,0.0641096951308293,0.06266407038202647,[0.0641096951308293]
B_conditional_f0,l14_mean,43,rank1,1,0.1,0.14309486923928694,0.12897955864350089,[0.14309486923928694]
B_conditional_f0,l14_mean,43,rank1,1,1,0.5976847477474277,0.5443393259432873,[0.5976847477474277]
B_conditional_f0,l14_mean,43,rank1,1,10,0.8817285490219858,0.8270639818380771,[0.8817285490219858]
B_conditional_f0,l14_mean,43,lowrank,1,0.01,0.0641096951308293,0.06266407038202647,[0.0641096951308293]
B_conditional_f0,l14_mean,43,lowrank,2,0.01,0.05123809226262908,0.04895037817547102,[0.05123809226262908]
B_conditional_f0,l14_mean,43,lowrank,4,0.01,0.028380870076678933,0.025494742602393695,[0.028380870076678933]
B_conditional_f0,l14_mean,43,lowrank,8,0.01,0.024215658640434526,0.020641696886554387,[0.024215658640434526]
B_conditional_f0,l14_mean,43,lowrank,16,0.01,0.021957116369698826,0.018038227752535826,[0.021957116369698826]
B_conditional_f0,l14_mean,43,lowrank,32,0.01,0.02120999837443319,0.016697238839141048,[0.02120999837443319]
B_conditional_f0,l14_mean,43,lowrank,1,0.1,0.14309486923928694,0.12897955864350089,[0.14309486923928694]
B_conditional_f0,l14_mean,43,lowrank,2,0.1,0.1317539284933767,0.11687690727798021,[0.1317539284933767]
B_conditional_f0,l14_mean,43,lowrank,4,0.1,0.11245506282865497,0.09688640466133998,[0.11245506282865497]
B_conditional_f0,l14_mean,43,lowrank,8,0.1,0.1097729465707294,0.09372795199449539,[0.1097729465707294]
B_conditional_f0,l14_mean,43,lowrank,16,0.1,0.10893338918156552,0.09280609073128739,[0.10893338918156552]
B_conditional_f0,l14_mean,43,lowrank,32,0.1,0.10875790147100654,0.09252205715263002,[0.10875790147100654]
B_conditional_f0,l14_mean,43,lowrank,1,1,0.5976847477474277,0.5443393259432873,[0.5976847477474277]
B_conditional_f0,l14_mean,43,lowrank,2,1,0.5937755150318985,0.5401332503569726,[0.5937755150318985]
B_conditional_f0,l14_mean,43,lowrank,4,1,0.5879171006872621,0.5339395799522627,[0.5879171006872621]
B_conditional_f0,l14_mean,43,lowrank,8,1,0.5872895762370872,0.5332082191910659,[0.5872895762370872]
B_conditional_f0,l14_mean,43,lowrank,16,1,0.5871698416992138,0.533080427021357,[0.5871698416992138]
B_conditional_f0,l14_mean,43,lowrank,32,1,0.5871499087139659,0.533048592489989,[0.5871499087139659]
B_conditional_f0,l14_mean,43,lowrank,1,10,0.8817285490219858,0.8270639818380771,[0.8817285490219858]
B_conditional_f0,l14_mean,43,lowrank,2,10,0.8812291245359779,0.8265252789605158,[0.8812291245359779]
B_conditional_f0,l14_mean,43,lowrank,4,10,0.88051150115936,0.8257618138275168,[0.88051150115936]
B_conditional_f0,l14_mean,43,lowrank,8,10,0.8804364030607283,0.8256751222475337,[0.8804364030607283]
B_conditional_f0,l14_mean,43,lowrank,16,10,0.8804239007995106,0.8256618257316496,[0.8804239007995106]
B_conditional_f0,l14_mean,43,lowrank,32,10,0.8804218800778024,0.8256586033656328,[0.8804218800778024]
B_conditional_f0,l14_mean,43,full_delta,0,0.01,0.020752476832522015,0.01622667374642109,[0.020752476832522015]
B_conditional_f0,l14_mean,43,full_delta,0,0.1,0.1086899267988533,0.09245462629609719,[0.1086899267988533]
B_conditional_f0,l14_mean,43,full_delta,0,1,0.587142756591701,0.5330415270129506,[0.587142756591701]
B_conditional_f0,l14_mean,43,full_delta,0,10,0.8804211611084541,0.8256578934045359,[0.8804211611084541]
B_conditional_f0,l14_mean,43,full_affine,0,0.01,0.028976588737381404,0.019369495985682245,[0.028976588737381404]
B_conditional_f0,l14_mean,43,full_affine,0,0.1,0.12631754304102796,0.10535155618643892,[0.12631754304102796]
B_conditional_f0,l14_mean,43,full_affine,0,1,0.6056755719940017,0.5461057820706431,[0.6056755719940017]
B_conditional_f0,l14_mean,43,full_affine,0,10,0.8814132530917721,0.8058405986594789,[0.8814132530917721]
B_conditional_f0,l14_mean,43,length_shift,0,0.01,13.981580142494039,14.169144545422379,[13.981580142494039]
B_conditional_f0,l14_mean,43,length_shift,0,0.1,13.978578321801981,14.171855369150393,[13.978578321801981]
B_conditional_f0,l14_mean,43,length_shift,0,1,13.98343102644231,14.184448359074635,[13.98343102644231]
B_conditional_f0,l14_mean,43,length_shift,0,10,13.988024636348177,14.190241232401918,[13.988024636348177]
B_conditional_f0,l14_mean,43,source_token_ridge,0,0.01,0.1605208659959572,0.12021920359445022,[0.1605208659959572]
B_conditional_f0,l14_mean,43,source_token_ridge,0,0.1,0.16209217367340872,0.12412766349509714,[0.16209217367340872]
B_conditional_f0,l14_mean,43,source_token_ridge,0,1,0.43423037508908263,0.41114892842425627,[0.43423037508908263]
B_conditional_f0,l14_mean,43,source_token_ridge,0,10,5.535385339577066,5.618981265942179,[5.535385339577066]
B_conditional_f0,l14_mean,43,shuffled,1,0.01,1.427981532529369,1.1520814559062513,[1.427981532529369]
B_conditional_f0,l14_mean,43,shuffled,2,0.01,1.4500237375876803,1.1697317801809426,[1.4500237375876803]
B_conditional_f0,l14_mean,43,shuffled,4,0.01,1.4372826871050315,1.1577020314305875,[1.4372826871050315]
B_conditional_f0,l14_mean,43,shuffled,8,0.01,1.4297290634457582,1.1502349058214851,[1.4297290634457582]
B_conditional_f0,l14_mean,43,shuffled,16,0.01,1.4325083341634004,1.1535126611565625,[1.4325083341634004]
B_conditional_f0,l14_mean,43,shuffled,32,0.01,1.432983832875409,1.1536657196255253,[1.432983832875409]
B_conditional_f0,l14_mean,43,shuffled,1,0.1,1.1724531565573015,1.0145087992849369,[1.1724531565573015]
B_conditional_f0,l14_mean,43,shuffled,2,0.1,1.181552396007507,1.0218738133777052,[1.181552396007507]
B_conditional_f0,l14_mean,43,shuffled,4,0.1,1.1665165767540284,1.0064273309914362,[1.1665165767540284]
B_conditional_f0,l14_mean,43,shuffled,8,0.1,1.1559297287256027,0.99575780112882,[1.1559297287256027]
B_conditional_f0,l14_mean,43,shuffled,16,0.1,1.1551209025052434,0.9951623861247872,[1.1551209025052434]
B_conditional_f0,l14_mean,43,shuffled,32,0.1,1.1549445568390673,0.9948818725072899,[1.1549445568390673]
B_conditional_f0,l14_mean,43,shuffled,1,1,1.0298143860496587,0.9228879884493503,[1.0298143860496587]
B_conditional_f0,l14_mean,43,shuffled,2,1,1.0293087340605815,0.9220272500453972,[1.0293087340605815]
B_conditional_f0,l14_mean,43,shuffled,4,1,1.0234797476123525,0.9158035883408978,[1.0234797476123525]
B_conditional_f0,l14_mean,43,shuffled,8,1,1.020103683972793,0.9124092100761377,[1.020103683972793]
B_conditional_f0,l14_mean,43,shuffled,16,1,1.0199356387505851,0.9122696535708595,[1.0199356387505851]
B_conditional_f0,l14_mean,43,shuffled,32,1,1.0199112835481279,0.9122326656647596,[1.0199112835481279]
B_conditional_f0,l14_mean,43,shuffled,1,10,0.9248810083161448,0.8439762053824489,[0.9248810083161448]
B_conditional_f0,l14_mean,43,shuffled,2,10,0.9246818482328135,0.8437348037980824,[0.9246818482328135]
B_conditional_f0,l14_mean,43,shuffled,4,10,0.9239276325096766,0.8429251789745921,[0.9239276325096766]
B_conditional_f0,l14_mean,43,shuffled,8,10,0.9235188019335935,0.8425147881504987,[0.9235188019335935]
B_conditional_f0,l14_mean,43,shuffled,16,10,0.9235006629051684,0.8424995992679452,[0.9235006629051684]
B_conditional_f0,l14_mean,43,shuffled,32,10,0.9234981479462049,0.8424957944521957,[0.9234981479462049]
B_conditional_f0,l14_mean,43,random_subspace,32,0.01,14.011264756438964,14.2018949421945,[14.011264756438964]
B_conditional_f0,l14_mean,43,random_subspace,32,0.1,14.011824332618767,14.202409093288173,[14.011824332618767]
B_conditional_f0,l14_mean,43,random_subspace,32,1,14.014883155026345,14.205308486605283,[14.014883155026345]
B_conditional_f0,l14_mean,43,random_subspace,32,10,14.0167655079378,14.20721737412064,[14.0167655079378]
B_conditional_f1,l14_mean,43,rank1,1,0.01,0.0652047367801915,0.06349938898112212,[0.0652047367801915]
B_conditional_f1,l14_mean,43,rank1,1,0.1,0.14343544403405525,0.1295336190690399,[0.14343544403405525]
B_conditional_f1,l14_mean,43,rank1,1,1,0.5953976159456934,0.5431512172983076,[0.5953976159456934]
B_conditional_f1,l14_mean,43,rank1,1,10,0.8780663310725215,0.8246368397731905,[0.8780663310725215]
B_conditional_f1,l14_mean,43,lowrank,1,0.01,0.0652047367801915,0.06349938898112212,[0.0652047367801915]
B_conditional_f1,l14_mean,43,lowrank,2,0.01,0.05204723078842103,0.04940440440136256,[0.05204723078842103]
B_conditional_f1,l14_mean,43,lowrank,4,0.01,0.029564557236166227,0.026306234234851913,[0.029564557236166227]
B_conditional_f1,l14_mean,43,lowrank,8,0.01,0.02474765420638235,0.02089380546155543,[0.02474765420638235]
B_conditional_f1,l14_mean,43,lowrank,16,0.01,0.02240628011161397,0.018252528132586415,[0.02240628011161397]
B_conditional_f1,l14_mean,43,lowrank,32,0.01,0.02151719125163262,0.016783437863506438,[0.02151719125163262]
B_conditional_f1,l14_mean,43,lowrank,1,0.1,0.14343544403405525,0.1295336190690399,[0.14343544403405525]
B_conditional_f1,l14_mean,43,lowrank,2,0.1,0.13180527004498088,0.11706911191730607,[0.13180527004498088]
B_conditional_f1,l14_mean,43,lowrank,4,0.1,0.11285312400776533,0.09742527729544186,[0.11285312400776533]
B_conditional_f1,l14_mean,43,lowrank,8,0.1,0.10984617269281609,0.09392963171712541,[0.10984617269281609]
B_conditional_f1,l14_mean,43,lowrank,16,0.1,0.10894724412627936,0.09299534609421141,[0.10894724412627936]
B_conditional_f1,l14_mean,43,lowrank,32,0.1,0.10874538179207072,0.09268349404939565,[0.10874538179207072]
B_conditional_f1,l14_mean,43,lowrank,1,1,0.5953976159456934,0.5431512172983076,[0.5953976159456934]
B_conditional_f1,l14_mean,43,lowrank,2,1,0.5913859676428318,0.5388234978051378,[0.5913859676428318]
B_conditional_f1,l14_mean,43,lowrank,4,1,0.5856409319598141,0.5327441290092221,[0.5856409319598141]
B_conditional_f1,l14_mean,43,lowrank,8,1,0.5849433458676024,0.531932459365876,[0.5849433458676024]
B_conditional_f1,l14_mean,43,lowrank,16,1,0.5848139450770177,0.5318024373954174,[0.5848139450770177]
B_conditional_f1,l14_mean,43,lowrank,32,1,0.5847908736741887,0.5317674072918851,[0.5847908736741887]
B_conditional_f1,l14_mean,43,lowrank,1,10,0.8780663310725215,0.8246368397731905,[0.8780663310725215]
B_conditional_f1,l14_mean,43,lowrank,2,10,0.8775540872350618,0.8240830432253657,[0.8775540872350618]
B_conditional_f1,l14_mean,43,lowrank,4,10,0.8768504487307683,0.8233335885088158,[0.8768504487307683]
B_conditional_f1,l14_mean,43,lowrank,8,10,0.8767667853634086,0.8232370354892313,[0.8767667853634086]
B_conditional_f1,l14_mean,43,lowrank,16,10,0.8767532559015878,0.8232234963636467,[0.8767532559015878]
B_conditional_f1,l14_mean,43,lowrank,32,10,0.8767509154701685,0.8232199497879602,[0.8767509154701685]
B_conditional_f1,l14_mean,43,full_delta,0,0.01,0.020969564906750598,0.01626909463685051,[0.020969564906750598]
B_conditional_f1,l14_mean,43,full_delta,0,0.1,0.10866509219449771,0.09260940460278855,[0.10866509219449771]
B_conditional_f1,l14_mean,43,full_delta,0,1,0.5847824441789853,0.5317596393379611,[0.5847824441789853]
B_conditional_f1,l14_mean,43,full_delta,0,10,0.8767500682802813,0.8232191691892533,[0.8767500682802813]
B_conditional_f1,l14_mean,43,full_affine,0,0.01,0.028836033718867143,0.01938906523323215,[0.028836033718867143]
B_conditional_f1,l14_mean,43,full_affine,0,0.1,0.12581601216759544,0.10538039322369604,[0.12581601216759544]
B_conditional_f1,l14_mean,43,full_affine,0,1,0.6020993224956034,0.5441046558543634,[0.6020993224956034]
B_conditional_f1,l14_mean,43,full_affine,0,10,0.8760777684587687,0.8024285617837624,[0.8760777684587687]
B_conditional_f1,l14_mean,43,length_shift,0,0.01,13.980437639070901,14.166194269118355,[13.980437639070901]
B_conditional_f1,l14_mean,43,length_shift,0,0.1,13.977275286255951,14.168970833276367,[13.977275286255951]
B_conditional_f1,l14_mean,43,length_shift,0,1,13.982112141078522,14.18186916317682,[13.982112141078522]
B_conditional_f1,l14_mean,43,length_shift,0,10,13.986834390515744,14.187797470872047,[13.986834390515744]
B_conditional_f1,l14_mean,43,source_token_ridge,0,0.01,0.16058838278358678,0.12020392967858988,[0.16058838278358678]
B_conditional_f1,l14_mean,43,source_token_ridge,0,0.1,0.16219704555580375,0.12410931407426291,[0.16219704555580375]
B_conditional_f1,l14_mean,43,source_token_ridge,0,1,0.4343685602235587,0.4110057266615346,[0.4343685602235587]
B_conditional_f1,l14_mean,43,source_token_ridge,0,10,5.5354202461602915,5.618095240081035,[5.5354202461602915]
B_conditional_f1,l14_mean,43,shuffled,1,0.01,1.4191304464737928,1.1447704328882415,[1.4191304464737928]
B_conditional_f1,l14_mean,43,shuffled,2,0.01,1.440982066464948,1.1624589146273652,[1.440982066464948]
B_conditional_f1,l14_mean,43,shuffled,4,0.01,1.4274221625703023,1.1493999447145453,[1.4274221625703023]
B_conditional_f1,l14_mean,43,shuffled,8,0.01,1.4197831645935661,1.1422040803518068,[1.4197831645935661]
B_conditional_f1,l14_mean,43,shuffled,16,0.01,1.4224604021054017,1.145463557774465,[1.4224604021054017]
B_conditional_f1,l14_mean,43,shuffled,32,0.01,1.422967148629869,1.145620084096364,[1.422967148629869]
B_conditional_f1,l14_mean,43,shuffled,1,0.1,1.1657839799115648,1.0094073947055835,[1.1657839799115648]
B_conditional_f1,l14_mean,43,shuffled,2,0.1,1.1747723749526318,1.0168246930212907,[1.1747723749526318]
B_conditional_f1,l14_mean,43,shuffled,4,0.1,1.1592836058534906,1.0007870559381975,[1.1592836058534906]
B_conditional_f1,l14_mean,43,shuffled,8,0.1,1.148708312929007,0.9902737484255825,[1.148708312929007]
B_conditional_f1,l14_mean,43,shuffled,16,0.1,1.1478580228488813,0.9896424532531459,[1.1478580228488813]
B_conditional_f1,l14_mean,43,shuffled,32,0.1,1.1476779541922586,0.9893524784097251,[1.1476779541922586]
B_conditional_f1,l14_mean,43,shuffled,1,1,1.0247749058728852,0.9195454843803109,[1.0247749058728852]
B_conditional_f1,l14_mean,43,shuffled,2,1,1.0242428455703279,0.9187047561542953,[1.0242428455703279]
B_conditional_f1,l14_mean,43,shuffled,4,1,1.018288347830209,0.9123205229386344,[1.018288347830209]
B_conditional_f1,l14_mean,43,shuffled,8,1,1.0149248249615181,0.908965264707196,[1.0149248249615181]
B_conditional_f1,l14_mean,43,shuffled,16,1,1.0147504841129902,0.9088194983003269,[1.0147504841129902]
B_conditional_f1,l14_mean,43,shuffled,32,1,1.0147254475029717,0.9087812986960636,[1.0147254475029717]
B_conditional_f1,l14_mean,43,shuffled,1,10,0.9205873094252154,0.8412407419529462,[0.9205873094252154]
B_conditional_f1,l14_mean,43,shuffled,2,10,0.9203849990696282,0.8410019111777555,[0.9203849990696282]
B_conditional_f1,l14_mean,43,shuffled,4,10,0.9196157027919821,0.8401731047305327,[0.9196157027919821]
B_conditional_f1,l14_mean,43,shuffled,8,10,0.919208453750886,0.8397671768673257,[0.919208453750886]
B_conditional_f1,l14_mean,43,shuffled,16,10,0.9191896513074983,0.8397513256205608,[0.9191896513074983]
B_conditional_f1,l14_mean,43,shuffled,32,10,0.9191870651627078,0.8397473977055917,[0.9191870651627078]
B_conditional_f1,l14_mean,43,random_subspace,32,0.01,14.011903438642484,14.200668026856844,[14.011903438642484]
B_conditional_f1,l14_mean,43,random_subspace,32,0.1,14.012455919655684,14.201187083771485,[14.012455919655684]
B_conditional_f1,l14_mean,43,random_subspace,32,1,14.015502560833392,14.204096849610664,[14.015502560833392]
B_conditional_f1,l14_mean,43,random_subspace,32,10,14.017381443924192,14.206007413751754,[14.017381443924192]
B_conditional_f2,l14_mean,43,rank1,1,0.01,0.06731952526789414,0.06565557362994873,[0.06731952526789414]
B_conditional_f2,l14_mean,43,rank1,1,0.1,0.10237080215444105,0.09484978806818395,[0.10237080215444105]
B_conditional_f2,l14_mean,43,rank1,1,1,0.30342360079915776,0.27843787350035093,[0.30342360079915776]
B_conditional_f2,l14_mean,43,rank1,1,10,0.4455788128834384,0.4232722419543904,[0.4455788128834384]
B_conditional_f2,l14_mean,43,lowrank,1,0.01,0.06731952526789414,0.06565557362994873,[0.06731952526789414]
B_conditional_f2,l14_mean,43,lowrank,2,0.01,0.053514645848349224,0.05084406272141584,[0.053514645848349224]
B_conditional_f2,l14_mean,43,lowrank,4,0.01,0.031045072438841748,0.027039431247830027,[0.031045072438841748]
B_conditional_f2,l14_mean,43,lowrank,8,0.01,0.018869362107650705,0.015623843278379018,[0.018869362107650705]
B_conditional_f2,l14_mean,43,lowrank,16,0.01,0.015623223964851211,0.011904780925326389,[0.015623223964851211]
B_conditional_f2,l14_mean,43,lowrank,32,0.01,0.014128894628156368,0.009927332847355986,[0.014128894628156368]
B_conditional_f2,l14_mean,43,lowrank,1,0.1,0.10237080215444105,0.09484978806818395,[0.10237080215444105]
B_conditional_f2,l14_mean,43,lowrank,2,0.1,0.09016885010296023,0.0816488464501167,[0.09016885010296023]
B_conditional_f2,l14_mean,43,lowrank,4,0.1,0.07131376851436698,0.061179810287376214,[0.07131376851436698]
B_conditional_f2,l14_mean,43,lowrank,8,0.1,0.06107409697859786,0.05201013056655621,[0.06107409697859786]
B_conditional_f2,l14_mean,43,lowrank,16,0.1,0.05975997779940728,0.050553770557200506,[0.05975997779940728]
B_conditional_f2,l14_mean,43,lowrank,32,0.1,0.059434932914269455,0.050138314602822975,[0.059434932914269455]
B_conditional_f2,l14_mean,43,lowrank,1,1,0.30342360079915776,0.27843787350035093,[0.30342360079915776]
B_conditional_f2,l14_mean,43,lowrank,2,1,0.29913106836678705,0.27371002995095783,[0.29913106836678705]
B_conditional_f2,l14_mean,43,lowrank,4,1,0.29297450301937317,0.26694085240282367,[0.29297450301937317]
B_conditional_f2,l14_mean,43,lowrank,8,1,0.2898528389941532,0.2642269217092521,[0.2898528389941532]
B_conditional_f2,l14_mean,43,lowrank,16,1,0.28966873409113586,0.26402545510152375,[0.28966873409113586]
B_conditional_f2,l14_mean,43,lowrank,32,1,0.2896324272708705,0.26397914200158706,[0.2896324272708705]
B_conditional_f2,l14_mean,43,lowrank,1,10,0.4455788128834384,0.4232722419543904,[0.4455788128834384]
B_conditional_f2,l14_mean,43,lowrank,2,10,0.44502029778197905,0.4226541511753319,[0.44502029778197905]
B_conditional_f2,l14_mean,43,lowrank,4,10,0.4442327152861914,0.42179184503010164,[0.4442327152861914]
B_conditional_f2,l14_mean,43,lowrank,8,10,0.4438551644764234,0.42146300712352636,[0.4438551644764234]
B_conditional_f2,l14_mean,43,lowrank,16,10,0.4438360025858177,0.4214420704999209,[0.4438360025858177]
B_conditional_f2,l14_mean,43,lowrank,32,10,0.44383232918036647,0.42143738560473337,[0.44383232918036647]
B_conditional_f2,l14_mean,43,full_delta,0,0.01,0.01335789557772043,0.009279127802924798,[0.01335789557772043]
B_conditional_f2,l14_mean,43,full_delta,0,0.1,0.05932605291131835,0.050046525116318484,[0.05932605291131835]
B_conditional_f2,l14_mean,43,full_delta,0,1,0.2896210684200919,0.2639695561398808,[0.2896210684200919]
B_conditional_f2,l14_mean,43,full_delta,0,10,0.44383118836280855,0.4214364227438801,[0.44383118836280855]
B_conditional_f2,l14_mean,43,full_affine,0,0.01,0.01386401226665184,0.008775484067229023,[0.01386401226665184]
B_conditional_f2,l14_mean,43,full_affine,0,0.1,0.057930473805895305,0.047903034638191545,[0.057930473805895305]
B_conditional_f2,l14_mean,43,full_affine,0,1,0.2687540151584174,0.24173728927010088,[0.2687540151584174]
B_conditional_f2,l14_mean,43,full_affine,0,10,0.389418847842465,0.3553469246322735,[0.389418847842465]
B_conditional_f2,l14_mean,43,length_shift,0,0.01,13.937057701090934,14.09455571248482,[13.937057701090934]
B_conditional_f2,l14_mean,43,length_shift,0,0.1,13.934212321314845,14.09801936461806,[13.934212321314845]
B_conditional_f2,l14_mean,43,length_shift,0,1,13.942129271497867,14.114128619880526,[13.942129271497867]
B_conditional_f2,l14_mean,43,length_shift,0,10,13.951378910199757,14.123141748665253,[13.951378910199757]
B_conditional_f2,l14_mean,43,source_token_ridge,0,0.01,0.16743263673150374,0.12016181867678212,[0.16743263673150374]
B_conditional_f2,l14_mean,43,source_token_ridge,0,0.1,0.16996802256771307,0.12412186757899198,[0.16996802256771307]
B_conditional_f2,l14_mean,43,source_token_ridge,0,1,0.45438677940480715,0.41394526537577975,[0.45438677940480715]
B_conditional_f2,l14_mean,43,source_token_ridge,0,10,5.647300103568277,5.683191755646164,[5.647300103568277]
B_conditional_f2,l14_mean,43,shuffled,1,0.01,0.6658274742293017,0.5402272302028881,[0.6658274742293017]
B_conditional_f2,l14_mean,43,shuffled,2,0.01,0.662915878626916,0.5362042873010786,[0.662915878626916]
B_conditional_f2,l14_mean,43,shuffled,4,0.01,0.6440274849336197,0.5165431818709543,[0.6440274849336197]
B_conditional_f2,l14_mean,43,shuffled,8,0.01,0.6319898238332847,0.5050155631676372,[0.6319898238332847]
B_conditional_f2,l14_mean,43,shuffled,16,0.01,0.6299883290128249,0.5035202284114998,[0.6299883290128249]
B_conditional_f2,l14_mean,43,shuffled,32,0.01,0.6284790319817904,0.5015515026765859,[0.6284790319817904]
B_conditional_f2,l14_mean,43,shuffled,1,0.1,0.5542706522792363,0.4821115352690177,[0.5542706522792363]
B_conditional_f2,l14_mean,43,shuffled,2,0.1,0.5471304615389202,0.4744043635737832,[0.5471304615389202]
B_conditional_f2,l14_mean,43,shuffled,4,0.1,0.5281351096905043,0.45415096521745263,[0.5281351096905043]
B_conditional_f2,l14_mean,43,shuffled,8,0.1,0.5153436292429983,0.44151826470999156,[0.5153436292429983]
B_conditional_f2,l14_mean,43,shuffled,16,0.1,0.513275698153104,0.4396044855612414,[0.513275698153104]
B_conditional_f2,l14_mean,43,shuffled,32,0.1,0.5127657588604676,0.43897288785203586,[0.5127657588604676]
B_conditional_f2,l14_mean,43,shuffled,1,1,0.49061925637985887,0.441845125578441,[0.49061925637985887]
B_conditional_f2,l14_mean,43,shuffled,2,1,0.48573720454636143,0.43677607068630775,[0.48573720454636143]
B_conditional_f2,l14_mean,43,shuffled,4,1,0.4788435597149456,0.4293228214783582,[0.4788435597149456]
B_conditional_f2,l14_mean,43,shuffled,8,1,0.4751248132850501,0.4256463137650646,[0.4751248132850501]
B_conditional_f2,l14_mean,43,shuffled,16,1,0.47479974062161573,0.4253415234362828,[0.47479974062161573]
B_conditional_f2,l14_mean,43,shuffled,32,1,0.47473941394171937,0.4252670387302809,[0.47473941394171937]
B_conditional_f2,l14_mean,43,shuffled,1,10,0.441156979950539,0.40745327752879845,[0.441156979950539]
B_conditional_f2,l14_mean,43,shuffled,2,10,0.4404261131304188,0.4066968561754862,[0.4404261131304188]
B_conditional_f2,l14_mean,43,shuffled,4,10,0.439545685304572,0.40574295513756714,[0.439545685304572]
B_conditional_f2,l14_mean,43,shuffled,8,10,0.4391006199888095,0.40530329898617107,[0.4391006199888095]
B_conditional_f2,l14_mean,43,shuffled,16,10,0.43906636850561087,0.40527114684641513,[0.43906636850561087]
B_conditional_f2,l14_mean,43,shuffled,32,10,0.4390602285958076,0.40526356814686637,[0.4390602285958076]
B_conditional_f2,l14_mean,43,random_subspace,32,0.01,14.298961562039885,14.42424193698798,[14.298961562039885]
B_conditional_f2,l14_mean,43,random_subspace,32,0.1,14.299270007402116,14.424529136651875,[14.299270007402116]
B_conditional_f2,l14_mean,43,random_subspace,32,1,14.30079156926157,14.425989527598054,[14.30079156926157]
B_conditional_f2,l14_mean,43,random_subspace,32,10,14.301800346876698,14.427037358366283,[14.301800346876698]
A_negation,l14_mean,17,rank1,1,0.01,0.01091036757032648,0.010742159685953592,[0.01091036757032648]
A_negation,l14_mean,17,rank1,1,0.1,0.01099220039708825,0.010809169153187853,[0.01099220039708825]
A_negation,l14_mean,17,rank1,1,1,0.011849688510109063,0.011709916816169107,[0.011849688510109063]
A_negation,l14_mean,17,rank1,1,10,0.012773091953248309,0.012510100167965388,[0.012773091953248309]
A_negation,l14_mean,17,lowrank,1,0.01,0.01091036757032648,0.010742159685953592,[0.01091036757032648]
A_negation,l14_mean,17,lowrank,2,0.01,0.009415150726908976,0.00895709201386314,[0.009415150726908976]
A_negation,l14_mean,17,lowrank,4,0.01,0.007029905379872885,0.006109117523975141,[0.007029905379872885]
A_negation,l14_mean,17,lowrank,8,0.01,0.004880661940216063,0.003606671208330777,[0.004880661940216063]
A_negation,l14_mean,17,lowrank,16,0.01,0.004315530998312777,0.0021206353441105426,[0.004315530998312777]
A_negation,l14_mean,17,lowrank,32,0.01,0.0034901583594269467,0.0008652502038983506,[0.0034901583594269467]
A_negation,l14_mean,17,lowrank,1,0.1,0.01099220039708825,0.010809169153187853,[0.01099220039708825]
A_negation,l14_mean,17,lowrank,2,0.1,0.009587670714087358,0.009075815805147554,[0.009587670714087358]
A_negation,l14_mean,17,lowrank,4,0.1,0.007293405629441846,0.006348734486829433,[0.007293405629441846]
A_negation,l14_mean,17,lowrank,8,0.1,0.005327859501780531,0.004071495567472267,[0.005327859501780531]
A_negation,l14_mean,17,lowrank,16,0.1,0.00482393522236614,0.003007122806398017,[0.00482393522236614]
A_negation,l14_mean,17,lowrank,32,0.1,0.004310754090441474,0.0023076092154714436,[0.004310754090441474]
A_negation,l14_mean,17,lowrank,1,1,0.011849688510109063,0.011709916816169107,[0.011849688510109063]
A_negation,l14_mean,17,lowrank,2,1,0.011017601552351946,0.010661088572903281,[0.011017601552351946]
A_negation,l14_mean,17,lowrank,4,1,0.009577655645297212,0.008812961421545782,[0.009577655645297212]
A_negation,l14_mean,17,lowrank,8,1,0.008659082927283108,0.007753318389622941,[0.008659082927283108]
A_negation,l14_mean,17,lowrank,16,1,0.008481416271452205,0.007468325872219722,[0.008481416271452205]
A_negation,l14_mean,17,lowrank,32,1,0.008391961085428192,0.007348570786350715,[0.008391961085428192]
A_negation,l14_mean,17,lowrank,1,10,0.012773091953248309,0.012510100167965388,[0.012773091953248309]
A_negation,l14_mean,17,lowrank,2,10,0.01249222023225463,0.01220585491047999,[0.01249222023225463]
A_negation,l14_mean,17,lowrank,4,10,0.0122206715270389,0.011853712685375722,[0.0122206715270389]
A_negation,l14_mean,17,lowrank,8,10,0.012077487189115605,0.011690282973275566,[0.012077487189115605]
A_negation,l14_mean,17,lowrank,16,10,0.012054784194746171,0.011655784398018986,[0.012054784194746171]
A_negation,l14_mean,17,lowrank,32,10,0.01204515271825736,0.011642939736470044,[0.01204515271825736]
A_negation,l14_mean,17,full_delta,0,0.01,0.0027631731842403437,0.00038297600096435564,[0.0027631731842403437]
A_negation,l14_mean,17,full_delta,0,0.1,0.004094925307110292,0.002157920203472146,[0.004094925307110292]
A_negation,l14_mean,17,full_delta,0,1,0.008364557954901283,0.007329541087107482,[0.008364557954901283]
A_negation,l14_mean,17,full_delta,0,10,0.012042333824874421,0.011640984025049062,[0.012042333824874421]
A_negation,l14_mean,17,full_affine,0,0.01,0.005834745287954558,0.0008183240727856552,[0.005834745287954558]
A_negation,l14_mean,17,full_affine,0,0.1,0.014403301163607883,0.008238256850607339,[0.014403301163607883]
A_negation,l14_mean,17,full_affine,0,1,0.03305623436159241,0.029262303335329438,[0.03305623436159241]
A_negation,l14_mean,17,full_affine,0,10,0.05499847682462463,0.05435578871058792,[0.05499847682462463]
A_negation,l14_mean,17,length_shift,0,0.01,0.01273955258516485,0.011929774259485645,[0.01273955258516485]
A_negation,l14_mean,17,length_shift,0,0.1,0.012722731779624755,0.012013973304240916,[0.012722731779624755]
A_negation,l14_mean,17,length_shift,0,1,0.01279660046297681,0.012200561822783266,[0.01279660046297681]
A_negation,l14_mean,17,length_shift,0,10,0.012765572948412235,0.012285955337588634,[0.012765572948412235]
A_negation,l14_mean,17,source_token_ridge,0,0.01,0.004619559634871296,0.00044221328818051564,[0.004619559634871296]
A_negation,l14_mean,17,source_token_ridge,0,0.1,0.0043377249004625945,0.00047530309130516785,[0.0043377249004625945]
A_negation,l14_mean,17,source_token_ridge,0,1,0.004654096506777131,0.0015477816051491847,[0.004654096506777131]
A_negation,l14_mean,17,source_token_ridge,0,10,0.009460095128823691,0.008129572251142254,[0.009460095128823691]
A_negation,l14_mean,17,shuffled,1,0.01,1.0275785137255642,1.0236745358570254,[1.0275785137255642]
A_negation,l14_mean,17,shuffled,2,0.01,1.033748132743184,1.0315444509845169,[1.033748132743184]
A_negation,l14_mean,17,shuffled,4,0.01,1.042790022699515,1.04169337156266,[1.042790022699515]
A_negation,l14_mean,17,shuffled,8,0.01,1.053970986655711,1.053948407321476,[1.053970986655711]
A_negation,l14_mean,17,shuffled,16,0.01,1.0628306437123627,1.063164717665444,[1.0628306437123627]
A_negation,l14_mean,17,shuffled,32,0.01,1.0682121549889354,1.066929896400626,[1.0682121549889354]
A_negation,l14_mean,17,shuffled,1,0.1,0.744077020237954,0.8275939691296402,[0.744077020237954]
A_negation,l14_mean,17,shuffled,2,0.1,0.7477632667233168,0.8323128462350379,[0.7477632667233168]
A_negation,l14_mean,17,shuffled,4,0.1,0.7505929175544158,0.8364364751926933,[0.7505929175544158]
A_negation,l14_mean,17,shuffled,8,0.1,0.7553097602083696,0.8421766198427162,[0.7553097602083696]
A_negation,l14_mean,17,shuffled,16,0.1,0.757249489279037,0.8442595120489557,[0.757249489279037]
A_negation,l14_mean,17,shuffled,32,0.1,0.7574023401485447,0.8440871992088862,[0.7574023401485447]
A_negation,l14_mean,17,shuffled,1,1,0.6922449539126797,0.7408836644349481,[0.6922449539126797]
A_negation,l14_mean,17,shuffled,2,1,0.6921908050406702,0.7409392456443866,[0.6921908050406702]
A_negation,l14_mean,17,shuffled,4,1,0.6910841681938212,0.7399001622322351,[0.6910841681938212]
A_negation,l14_mean,17,shuffled,8,1,0.6907588569993003,0.7397249746067365,[0.6907588569993003]
A_negation,l14_mean,17,shuffled,16,1,0.690600593280478,0.7395309321127254,[0.690600593280478]
A_negation,l14_mean,17,shuffled,32,1,0.6904732469866016,0.7393551963924864,[0.6904732469866016]
A_negation,l14_mean,17,shuffled,1,10,0.5812387258231669,0.6113885384073575,[0.5812387258231669]
A_negation,l14_mean,17,shuffled,2,10,0.5810306085995033,0.6111599975865653,[0.5810306085995033]
A_negation,l14_mean,17,shuffled,4,10,0.5806556249871577,0.6107402226465373,[0.5806556249871577]
A_negation,l14_mean,17,shuffled,8,10,0.5805103094218161,0.6106021019295073,[0.5805103094218161]
A_negation,l14_mean,17,shuffled,16,10,0.5804781006167391,0.6105640509550375,[0.5804781006167391]
A_negation,l14_mean,17,shuffled,32,10,0.580462261204367,0.6105430241375098,[0.580462261204367]
A_negation,l14_mean,17,random_subspace,32,0.01,0.013304718820048224,0.013174148780193561,[0.013304718820048224]
A_negation,l14_mean,17,random_subspace,32,0.1,0.013316944129826494,0.013189289613737061,[0.013316944129826494]
A_negation,l14_mean,17,random_subspace,32,1,0.013352785793252553,0.01323326164457129,[0.013352785793252553]
A_negation,l14_mean,17,random_subspace,32,10,0.013383692646310836,0.013270154718884784,[0.013383692646310836]
A_negation,l14_mean,29,rank1,1,0.01,0.010967833749468822,0.010591767961500137,[0.010967833749468822]
A_negation,l14_mean,29,rank1,1,0.1,0.011024426787860737,0.010649769367675583,[0.011024426787860737]
A_negation,l14_mean,29,rank1,1,1,0.01210652067844666,0.011608701236231311,[0.01210652067844666]
A_negation,l14_mean,29,rank1,1,10,0.012857670146163375,0.012447980463921435,[0.012857670146163375]
A_negation,l14_mean,29,lowrank,1,0.01,0.010967833749468822,0.010591767961500137,[0.010967833749468822]
A_negation,l14_mean,29,lowrank,2,0.01,0.009382810179520766,0.008451855046545623,[0.009382810179520766]
A_negation,l14_mean,29,lowrank,4,0.01,0.0070125025390261955,0.005874547486496476,[0.0070125025390261955]
A_negation,l14_mean,29,lowrank,8,0.01,0.00495868359512222,0.003686434932282797,[0.00495868359512222]
A_negation,l14_mean,29,lowrank,16,0.01,0.004264576079176535,0.0021562624231127787,[0.004264576079176535]
A_negation,l14_mean,29,lowrank,32,0.01,0.0033833267191627076,0.0008210994495117642,[0.0033833267191627076]
A_negation,l14_mean,29,lowrank,1,0.1,0.011024426787860737,0.010649769367675583,[0.011024426787860737]
A_negation,l14_mean,29,lowrank,2,0.1,0.00951490127418376,0.008565879000236521,[0.00951490127418376]
A_negation,l14_mean,29,lowrank,4,0.1,0.007242726528100353,0.006082407379802267,[0.007242726528100353]
A_negation,l14_mean,29,lowrank,8,0.1,0.0054146349807016715,0.004093661975814035,[0.0054146349807016715]
A_negation,l14_mean,29,lowrank,16,0.1,0.0047732676717827365,0.002895002315641842,[0.0047732676717827365]
A_negation,l14_mean,29,lowrank,32,0.1,0.004220816470216145,0.0021210778275637665,[0.004220816470216145]
A_negation,l14_mean,29,lowrank,1,1,0.01210652067844666,0.011608701236231311,[0.01210652067844666]
A_negation,l14_mean,29,lowrank,2,1,0.010816168149357935,0.010087699046117421,[0.010816168149357935]
A_negation,l14_mean,29,lowrank,4,1,0.009584853433781406,0.008575229275056525,[0.009584853433781406]
A_negation,l14_mean,29,lowrank,8,1,0.008593286746172551,0.007523590613634677,[0.008593286746172551]
A_negation,l14_mean,29,lowrank,16,1,0.008385430680769574,0.007190328535202471,[0.008385430680769574]
A_negation,l14_mean,29,lowrank,32,1,0.008278483878538363,0.007047589177668498,[0.008278483878538363]
A_negation,l14_mean,29,lowrank,1,10,0.012857670146163375,0.012447980463921435,[0.012857670146163375]
A_negation,l14_mean,29,lowrank,2,10,0.012549722344436425,0.012123129138402,[0.012549722344436425]
A_negation,l14_mean,29,lowrank,4,10,0.012299599026763188,0.011784252036891272,[0.012299599026763188]
A_negation,l14_mean,29,lowrank,8,10,0.012139230529685094,0.011618006495213653,[0.012139230529685094]
A_negation,l14_mean,29,lowrank,16,10,0.012113669288466612,0.01157799409746566,[0.012113669288466612]
A_negation,l14_mean,29,lowrank,32,10,0.012101920282126479,0.01156242332370038,[0.012101920282126479]
A_negation,l14_mean,29,full_delta,0,0.01,0.0027435486629118926,0.00035164391540482096,[0.0027435486629118926]
A_negation,l14_mean,29,full_delta,0,0.1,0.0040089653576843645,0.0019749110624515676,[0.0040089653576843645]
A_negation,l14_mean,29,full_delta,0,1,0.008251255849805732,0.007028920693174762,[0.008251255849805732]
A_negation,l14_mean,29,full_delta,0,10,0.012099117987154776,0.011560503099741918,[0.012099117987154776]
A_negation,l14_mean,29,full_affine,0,0.01,0.005958173744756711,0.0007030366220727038,[0.005958173744756711]
A_negation,l14_mean,29,full_affine,0,0.1,0.013886289278508856,0.007363057300855046,[0.013886289278508856]
A_negation,l14_mean,29,full_affine,0,1,0.032813196734624996,0.02815714198460939,[0.032813196734624996]
A_negation,l14_mean,29,full_affine,0,10,0.05544317388484438,0.05265884674001289,[0.05544317388484438]
A_negation,l14_mean,29,length_shift,0,0.01,0.013068816163559135,0.011794316604721548,[0.013068816163559135]
A_negation,l14_mean,29,length_shift,0,0.1,0.013003140311217132,0.01188763945829703,[0.013003140311217132]
A_negation,l14_mean,29,length_shift,0,1,0.013045293993630294,0.012109839799997829,[0.013045293993630294]
A_negation,l14_mean,29,length_shift,0,10,0.012954736025376161,0.012208594858636077,[0.012954736025376161]
A_negation,l14_mean,29,source_token_ridge,0,0.01,0.00451786503471231,0.0004454797916250691,[0.00451786503471231]
A_negation,l14_mean,29,source_token_ridge,0,0.1,0.00427240539487338,0.0004841907841322282,[0.00427240539487338]
A_negation,l14_mean,29,source_token_ridge,0,1,0.004680314175422834,0.0015187284202914794,[0.004680314175422834]
A_negation,l14_mean,29,source_token_ridge,0,10,0.009460770345089667,0.007976732951226055,[0.009460770345089667]
A_negation,l14_mean,29,shuffled,1,0.01,1.2170321633043601,1.1195886622247782,[1.2170321633043601]
A_negation,l14_mean,29,shuffled,2,0.01,1.2222820675579134,1.1291559570875485,[1.2222820675579134]
A_negation,l14_mean,29,shuffled,4,0.01,1.2316944009987816,1.1392194540111136,[1.2316944009987816]
A_negation,l14_mean,29,shuffled,8,0.01,1.2433080117633108,1.1507663974703872,[1.2433080117633108]
A_negation,l14_mean,29,shuffled,16,0.01,1.2542626170790354,1.1612498830879727,[1.2542626170790354]
A_negation,l14_mean,29,shuffled,32,0.01,1.2594244893620385,1.1652492462614363,[1.2594244893620385]
A_negation,l14_mean,29,shuffled,1,0.1,1.0167236372328616,0.9168107416064263,[1.0167236372328616]
A_negation,l14_mean,29,shuffled,2,0.1,1.0203618113897444,0.9221024798886149,[1.0203618113897444]
A_negation,l14_mean,29,shuffled,4,0.1,1.0250341824251292,0.9278483751681078,[1.0250341824251292]
A_negation,l14_mean,29,shuffled,8,0.1,1.0294521303591198,0.9328885211212317,[1.0294521303591198]
A_negation,l14_mean,29,shuffled,16,0.1,1.032324646366371,0.9357366445273465,[1.032324646366371]
A_negation,l14_mean,29,shuffled,32,0.1,1.0325246406993744,0.9357180130232319,[1.0325246406993744]
A_negation,l14_mean,29,shuffled,1,1,0.8677297755169772,0.7979262564331929,[0.8677297755169772]
A_negation,l14_mean,29,shuffled,2,1,0.8675750429875672,0.7981449928651078,[0.8675750429875672]
A_negation,l14_mean,29,shuffled,4,1,0.8670383441384488,0.7975639613918583,[0.8670383441384488]
A_negation,l14_mean,29,shuffled,8,1,0.8665646004801143,0.7971350247166692,[0.8665646004801143]
A_negation,l14_mean,29,shuffled,16,1,0.8664718290468233,0.796948090396719,[0.8664718290468233]
A_negation,l14_mean,29,shuffled,32,1,0.8663270364756558,0.7967585559606644,[0.8663270364756558]
A_negation,l14_mean,29,shuffled,1,10,0.6950556921098437,0.653908601817775,[0.6950556921098437]
A_negation,l14_mean,29,shuffled,2,10,0.6947762358612951,0.6536613625712008,[0.6947762358612951]
A_negation,l14_mean,29,shuffled,4,10,0.6944448438918767,0.653253072653642,[0.6944448438918767]
A_negation,l14_mean,29,shuffled,8,10,0.694265214461883,0.6530637793747811,[0.694265214461883]
A_negation,l14_mean,29,shuffled,16,10,0.6942355105462629,0.6530197785941488,[0.6942355105462629]
A_negation,l14_mean,29,shuffled,32,10,0.6942168827267882,0.652996135134697,[0.6942168827267882]
A_negation,l14_mean,29,random_subspace,32,0.01,0.01334946271607855,0.013104075654043321,[0.01334946271607855]
A_negation,l14_mean,29,random_subspace,32,0.1,0.013361742439009274,0.013118483146490825,[0.013361742439009274]
A_negation,l14_mean,29,random_subspace,32,1,0.0133990565328214,0.013160759657518187,[0.0133990565328214]
A_negation,l14_mean,29,random_subspace,32,10,0.013430705030756098,0.013197041344080522,[0.013430705030756098]
A_negation,l14_mean,43,rank1,1,0.01,0.010915098085150987,0.010518032549647074,[0.010915098085150987]
A_negation,l14_mean,43,rank1,1,0.1,0.010967484911648869,0.010574390281034437,[0.010967484911648869]
A_negation,l14_mean,43,rank1,1,1,0.011855808674565642,0.011444769046143874,[0.011855808674565642]
A_negation,l14_mean,43,rank1,1,10,0.012902657750375348,0.012398797673446768,[0.012902657750375348]
A_negation,l14_mean,43,lowrank,1,0.01,0.010915098085150987,0.010518032549647074,[0.010915098085150987]
A_negation,l14_mean,43,lowrank,2,0.01,0.009285308215966107,0.008583600768720437,[0.009285308215966107]
A_negation,l14_mean,43,lowrank,4,0.01,0.007282698199805892,0.006024200716916815,[0.007282698199805892]
A_negation,l14_mean,43,lowrank,8,0.01,0.004907064309625574,0.0036711207500629266,[0.004907064309625574]
A_negation,l14_mean,43,lowrank,16,0.01,0.004336898754523959,0.0020775561819518507,[0.004336898754523959]
A_negation,l14_mean,43,lowrank,32,0.01,0.0035416465743131494,0.0007194444246406254,[0.0035416465743131494]
A_negation,l14_mean,43,lowrank,1,0.1,0.010967484911648869,0.010574390281034437,[0.010967484911648869]
A_negation,l14_mean,43,lowrank,2,0.1,0.009403903715737462,0.008697820939478311,[0.009403903715737462]
A_negation,l14_mean,43,lowrank,4,0.1,0.007501514815117368,0.006214743872323324,[0.007501514815117368]
A_negation,l14_mean,43,lowrank,8,0.1,0.005295920739200819,0.004051971459364621,[0.005295920739200819]
A_negation,l14_mean,43,lowrank,16,0.1,0.004807464234401641,0.002839841585748069,[0.004807464234401641]
A_negation,l14_mean,43,lowrank,32,0.1,0.004250952023223067,0.0020076138388040758,[0.004250952023223067]
A_negation,l14_mean,43,lowrank,1,1,0.011855808674565642,0.011444769046143874,[0.011855808674565642]
A_negation,l14_mean,43,lowrank,2,1,0.0108596923772752,0.010153097180889541,[0.0108596923772752]
A_negation,l14_mean,43,lowrank,4,1,0.009626067318422624,0.00851737195964476,[0.009626067318422624]
A_negation,l14_mean,43,lowrank,8,1,0.008582412812964894,0.0075125786960459325,[0.008582412812964894]
A_negation,l14_mean,43,lowrank,16,1,0.008380058405162727,0.007134656230576531,[0.008380058405162727]
A_negation,l14_mean,43,lowrank,32,1,0.008274226782164057,0.0069805583140241205,[0.008274226782164057]
A_negation,l14_mean,43,lowrank,1,10,0.012902657750375348,0.012398797673446768,[0.012902657750375348]
A_negation,l14_mean,43,lowrank,2,10,0.012597134191597767,0.01204397223711571,[0.012597134191597767]
A_negation,l14_mean,43,lowrank,4,10,0.012347578185024433,0.011719952031421925,[0.012347578185024433]
A_negation,l14_mean,43,lowrank,8,10,0.012184917758879407,0.011564326598820984,[0.012184917758879407]
A_negation,l14_mean,43,lowrank,16,10,0.012156686079783869,0.01151615239910002,[0.012156686079783869]
A_negation,l14_mean,43,lowrank,32,10,0.012145103801821287,0.011499369862322186,[0.012145103801821287]
A_negation,l14_mean,43,full_delta,0,0.01,0.0028795145716429553,0.0003037378743063762,[0.0028795145716429553]
A_negation,l14_mean,43,full_delta,0,0.1,0.004045394047385021,0.0018750557803246211,[0.004045394047385021]
A_negation,l14_mean,43,full_delta,0,1,0.008248005573310301,0.006963522191418405,[0.008248005573310301]
A_negation,l14_mean,43,full_delta,0,10,0.012142407886314386,0.011497617246519556,[0.012142407886314386]
A_negation,l14_mean,43,full_affine,0,0.01,0.006772016559651883,0.0006290229425577541,[0.006772016559651883]
A_negation,l14_mean,43,full_affine,0,0.1,0.014388806705679316,0.006911024853579243,[0.014388806705679316]
A_negation,l14_mean,43,full_affine,0,1,0.032759139423499575,0.027299347786726495,[0.032759139423499575]
A_negation,l14_mean,43,full_affine,0,10,0.05528374704779956,0.0514962686345621,[0.05528374704779956]
A_negation,l14_mean,43,length_shift,0,0.01,0.013004437171088424,0.011883169509998267,[0.013004437171088424]
A_negation,l14_mean,43,length_shift,0,0.1,0.012952221367098163,0.01195065833173054,[0.012952221367098163]
A_negation,l14_mean,43,length_shift,0,1,0.012977766836297302,0.012095388761184609,[0.012977766836297302]
A_negation,l14_mean,43,length_shift,0,10,0.012872354639008229,0.012174580088691543,[0.012872354639008229]
A_negation,l14_mean,43,source_token_ridge,0,0.01,0.0049509594780328845,0.000355856456364458,[0.0049509594780328845]
A_negation,l14_mean,43,source_token_ridge,0,0.1,0.004637083040729524,0.00039016525710656113,[0.004637083040729524]
A_negation,l14_mean,43,source_token_ridge,0,1,0.0049079328996960575,0.0014335928828436027,[0.0049079328996960575]
A_negation,l14_mean,43,source_token_ridge,0,10,0.0095009054715581,0.008054077538427419,[0.0095009054715581]
A_negation,l14_mean,43,shuffled,1,0.01,1.8194618910566778,1.3244565410340483,[1.8194618910566778]
A_negation,l14_mean,43,shuffled,2,0.01,1.825889703496603,1.334265708994599,[1.825889703496603]
A_negation,l14_mean,43,shuffled,4,0.01,1.8347210112021635,1.341825809820539,[1.8347210112021635]
A_negation,l14_mean,43,shuffled,8,0.01,1.844591552746433,1.3507455943933664,[1.844591552746433]
A_negation,l14_mean,43,shuffled,16,0.01,1.8529974760810821,1.3582210516227928,[1.8529974760810821]
A_negation,l14_mean,43,shuffled,32,0.01,1.8570843493289708,1.3608189724294404,[1.8570843493289708]
A_negation,l14_mean,43,shuffled,1,0.1,1.41411030205819,1.1366676187186566,[1.41411030205819]
A_negation,l14_mean,43,shuffled,2,0.1,1.4178808120334825,1.1428126416223108,[1.4178808120334825]
A_negation,l14_mean,43,shuffled,4,0.1,1.4216645983045364,1.1465818311274207,[1.4216645983045364]
A_negation,l14_mean,43,shuffled,8,0.1,1.4249602889871575,1.1499699279216358,[1.4249602889871575]
A_negation,l14_mean,43,shuffled,16,0.1,1.4264505129760157,1.1514748460371955,[1.4264505129760157]
A_negation,l14_mean,43,shuffled,32,0.1,1.4264747823368762,1.1511017447704812,[1.4264747823368762]
A_negation,l14_mean,43,shuffled,1,1,1.162945211102391,1.0046946945220807,[1.162945211102391]
A_negation,l14_mean,43,shuffled,2,1,1.1631000233085063,1.0051857438839835,[1.1631000233085063]
A_negation,l14_mean,43,shuffled,4,1,1.1625533791391012,1.0045509801588055,[1.1625533791391012]
A_negation,l14_mean,43,shuffled,8,1,1.1618279711447392,1.003787394649152,[1.1618279711447392]
A_negation,l14_mean,43,shuffled,16,1,1.1614960531841922,1.0034243964207614,[1.1614960531841922]
A_negation,l14_mean,43,shuffled,32,1,1.1613473225822835,1.0032028826482016,[1.1613473225822835]
A_negation,l14_mean,43,shuffled,1,10,0.9155433422003144,0.818106053592507,[0.9155433422003144]
A_negation,l14_mean,43,shuffled,2,10,0.9153330399458337,0.8178603472965978,[0.9153330399458337]
A_negation,l14_mean,43,shuffled,4,10,0.9150570060057778,0.8175414542105152,[0.9150570060057778]
A_negation,l14_mean,43,shuffled,8,10,0.9148483850015987,0.817318777059806,[0.9148483850015987]
A_negation,l14_mean,43,shuffled,16,10,0.9147902405310541,0.8172561229409498,[0.9147902405310541]
A_negation,l14_mean,43,shuffled,32,10,0.9147716232841164,0.81722947468662,[0.9147716232841164]
A_negation,l14_mean,43,random_subspace,32,0.01,0.013360887097252624,0.013210619488173439,[0.013360887097252624]
A_negation,l14_mean,43,random_subspace,32,0.1,0.013372450124728005,0.01322507670163775,[0.013372450124728005]
A_negation,l14_mean,43,random_subspace,32,1,0.013409566073958332,0.01326915830796419,[0.013409566073958332]
A_negation,l14_mean,43,random_subspace,32,10,0.013441306442222141,0.013306196208114712,[0.013441306442222141]
A_time,l14_mean,17,rank1,1,0.01,0.004717602901980602,0.0045848533151829195,[0.004717602901980602]
A_time,l14_mean,17,rank1,1,0.1,0.004724858674119766,0.004595157761754746,[0.004724858674119766]
A_time,l14_mean,17,rank1,1,1,0.004759637486093657,0.004633460259000621,[0.004759637486093657]
A_time,l14_mean,17,rank1,1,10,0.005631465093643209,0.005532504514549487,[0.005631465093643209]
A_time,l14_mean,17,lowrank,1,0.01,0.004717602901980602,0.0045848533151829195,[0.004717602901980602]
A_time,l14_mean,17,lowrank,2,0.01,0.003960448473943862,0.0036021158104612553,[0.003960448473943862]
A_time,l14_mean,17,lowrank,4,0.01,0.003078919624719286,0.0025771888396531606,[0.003078919624719286]
A_time,l14_mean,17,lowrank,8,0.01,0.0019597121985990185,0.001441482171775165,[0.0019597121985990185]
A_time,l14_mean,17,lowrank,16,0.01,0.0016368284634679896,0.0007567955336598176,[0.0016368284634679896]
A_time,l14_mean,17,lowrank,32,0.01,0.0014329268054081906,0.00032461738330389006,[0.0014329268054081906]
A_time,l14_mean,17,lowrank,1,0.1,0.004724858674119766,0.004595157761754746,[0.004724858674119766]
A_time,l14_mean,17,lowrank,2,0.1,0.003989519136092317,0.003637906988488019,[0.003989519136092317]
A_time,l14_mean,17,lowrank,4,0.1,0.00317205397965668,0.0026622954838575025,[0.00317205397965668]
A_time,l14_mean,17,lowrank,8,0.1,0.002144040523394333,0.0016310426944873308,[0.002144040523394333]
A_time,l14_mean,17,lowrank,16,0.1,0.0018558084192731759,0.001119237181086243,[0.0018558084192731759]
A_time,l14_mean,17,lowrank,32,0.1,0.0017173716666127941,0.0008838910207343546,[0.0017173716666127941]
A_time,l14_mean,17,lowrank,1,1,0.004759637486093657,0.004633460259000621,[0.004759637486093657]
A_time,l14_mean,17,lowrank,2,1,0.004292041431374807,0.004020157804674885,[0.004292041431374807]
A_time,l14_mean,17,lowrank,4,1,0.0038048373579837977,0.0034256415137504485,[0.0038048373579837977]
A_time,l14_mean,17,lowrank,8,1,0.003366131620896983,0.002978937631305876,[0.003366131620896983]
A_time,l14_mean,17,lowrank,16,1,0.0032732340122703014,0.002842546453212529,[0.0032732340122703014]
A_time,l14_mean,17,lowrank,32,1,0.00324777225958967,0.0028028131674820364,[0.00324777225958967]
A_time,l14_mean,17,lowrank,1,10,0.005631465093643209,0.005532504514549487,[0.005631465093643209]
A_time,l14_mean,17,lowrank,2,10,0.0055424629734248275,0.005416073510026406,[0.0055424629734248275]
A_time,l14_mean,17,lowrank,4,10,0.005452797453559816,0.005305922947869336,[0.005452797453559816]
A_time,l14_mean,17,lowrank,8,10,0.005389649227011059,0.00524127309781722,[0.005389649227011059]
A_time,l14_mean,17,lowrank,16,10,0.005378297602698691,0.005225068960631507,[0.005378297602698691]
A_time,l14_mean,17,lowrank,32,10,0.00537553506287318,0.005220809815495799,[0.00537553506287318]
A_time,l14_mean,17,full_delta,0,0.01,0.0011969895108566542,0.00016526026892961144,[0.0011969895108566542]
A_time,l14_mean,17,full_delta,0,0.1,0.0016467523032576935,0.0008349845976603133,[0.0016467523032576935]
A_time,l14_mean,17,full_delta,0,1,0.0032390064818211706,0.0027965592160633912,[0.0032390064818211706]
A_time,l14_mean,17,full_delta,0,10,0.005374641295870261,0.00522016678233516,[0.005374641295870261]
A_time,l14_mean,17,full_affine,0,0.01,0.0065616467374845465,0.0009483375610716969,[0.0065616467374845465]
A_time,l14_mean,17,full_affine,0,0.1,0.01609501412829176,0.00927362664912062,[0.01609501412829176]
A_time,l14_mean,17,full_affine,0,1,0.03875792541256098,0.03418593156566387,[0.03875792541256098]
A_time,l14_mean,17,full_affine,0,10,0.07032910537086895,0.06925682975350438,[0.07032910537086895]
A_time,l14_mean,17,length_shift,0,0.01,0.0048445417521569,0.004379694072779087,[0.0048445417521569]
A_time,l14_mean,17,length_shift,0,0.1,0.0048770453276677115,0.00444633664581758,[0.0048770453276677115]
A_time,l14_mean,17,length_shift,0,1,0.00500481820254237,0.004619178094265868,[0.00500481820254237]
A_time,l14_mean,17,length_shift,0,10,0.00666548366902324,0.006458405577646512,[0.00666548366902324]
A_time,l14_mean,17,source_token_ridge,0,0.01,0.004684479708209232,0.00020792986355991846,[0.004684479708209232]
A_time,l14_mean,17,source_token_ridge,0,0.1,0.004741493820291002,0.000285156312299471,[0.004741493820291002]
A_time,l14_mean,17,source_token_ridge,0,1,0.009049390163898042,0.0043550521605703685,[0.009049390163898042]
A_time,l14_mean,17,source_token_ridge,0,10,0.04841205246387494,0.04752377467779197,[0.04841205246387494]
A_time,l14_mean,17,shuffled,1,0.01,1.6994317730759712,1.6984182371436436,[1.6994317730759712]
A_time,l14_mean,17,shuffled,2,0.01,1.7099127053035852,1.7106794545854271,[1.7099127053035852]
A_time,l14_mean,17,shuffled,4,0.01,1.723250940443587,1.7252078407579317,[1.723250940443587]
A_time,l14_mean,17,shuffled,8,0.01,1.7405943365572145,1.7434391707425412,[1.7405943365572145]
A_time,l14_mean,17,shuffled,16,0.01,1.7515469295606227,1.7549078307683021,[1.7515469295606227]
A_time,l14_mean,17,shuffled,32,0.01,1.75807626885849,1.7600817347972886,[1.75807626885849]
A_time,l14_mean,17,shuffled,1,0.1,1.2271503884311368,1.3700029395140823,[1.2271503884311368]
A_time,l14_mean,17,shuffled,2,0.1,1.2341305894089833,1.3781573341045281,[1.2341305894089833]
A_time,l14_mean,17,shuffled,4,0.1,1.2413608609168145,1.3869059270742239,[1.2413608609168145]
A_time,l14_mean,17,shuffled,8,0.1,1.2495577767503432,1.396021514320779,[1.2495577767503432]
A_time,l14_mean,17,shuffled,16,0.1,1.2522167921581058,1.3990352810689812,[1.2522167921581058]
A_time,l14_mean,17,shuffled,32,0.1,1.2527932267800441,1.3994664736345497,[1.2527932267800441]
A_time,l14_mean,17,shuffled,1,1,1.1461502072254193,1.2306630118424517,[1.1461502072254193]
A_time,l14_mean,17,shuffled,2,1,1.1474187157388367,1.2320905762555159,[1.1474187157388367]
A_time,l14_mean,17,shuffled,4,1,1.148359471394827,1.2332290614011256,[1.148359471394827]
A_time,l14_mean,17,shuffled,8,1,1.1489674359752289,1.2339142830327419,[1.1489674359752289]
A_time,l14_mean,17,shuffled,16,1,1.1488757521371995,1.2338401497900262,[1.1488757521371995]
A_time,l14_mean,17,shuffled,32,1,1.1488088560604541,1.2337510116791046,[1.1488088560604541]
A_time,l14_mean,17,shuffled,1,10,1.0101859856325721,1.0664336737431475,[1.0101859856325721]
A_time,l14_mean,17,shuffled,2,10,1.0101663605426374,1.0663977599751304,[1.0101663605426374]
A_time,l14_mean,17,shuffled,4,10,1.0101039104152,1.066313032859015,[1.0101039104152]
A_time,l14_mean,17,shuffled,8,10,1.0100742271507988,1.0662806894904755,[1.0100742271507988]
A_time,l14_mean,17,shuffled,16,10,1.0100465376897876,1.0662532725408302,[1.0100465376897876]
A_time,l14_mean,17,shuffled,32,10,1.0100370669821417,1.0662413131339248,[1.0100370669821417]
A_time,l14_mean,17,random_subspace,32,0.01,0.08988453995227236,0.0941410290563562,[0.08988453995227236]
A_time,l14_mean,17,random_subspace,32,0.1,0.08988812630820064,0.09414659180773975,[0.08988812630820064]
A_time,l14_mean,17,random_subspace,32,1,0.0899003415344403,0.09416235884209889,[0.0899003415344403]
A_time,l14_mean,17,random_subspace,32,10,0.08991743479095304,0.0941815508685115,[0.08991743479095304]
A_time,l14_mean,29,rank1,1,0.01,0.004770354689489754,0.0045092467134757175,[0.004770354689489754]
A_time,l14_mean,29,rank1,1,0.1,0.0047807665086131304,0.004519396356300044,[0.0047807665086131304]
A_time,l14_mean,29,rank1,1,1,0.004808325083200879,0.004559924560353842,[0.004808325083200879]
A_time,l14_mean,29,rank1,1,10,0.00564382968009781,0.005389827623335674,[0.00564382968009781]
A_time,l14_mean,29,lowrank,1,0.01,0.004770354689489754,0.0045092467134757175,[0.004770354689489754]
A_time,l14_mean,29,lowrank,2,0.01,0.004002201448138508,0.003615277164225413,[0.004002201448138508]
A_time,l14_mean,29,lowrank,4,0.01,0.003088161310025509,0.0025769422882493515,[0.003088161310025509]
A_time,l14_mean,29,lowrank,8,0.01,0.0019551229420101735,0.0013775485495165097,[0.0019551229420101735]
A_time,l14_mean,29,lowrank,16,0.01,0.001643758911174302,0.0007535316956241714,[0.001643758911174302]
A_time,l14_mean,29,lowrank,32,0.01,0.0014022454110488643,0.0003192331109857509,[0.0014022454110488643]
A_time,l14_mean,29,lowrank,1,0.1,0.0047807665086131304,0.004519396356300044,[0.0047807665086131304]
A_time,l14_mean,29,lowrank,2,0.1,0.004041402855806139,0.0036450687822445634,[0.004041402855806139]
A_time,l14_mean,29,lowrank,4,0.1,0.0032043607536911566,0.002660541863233916,[0.0032043607536911566]
A_time,l14_mean,29,lowrank,8,0.1,0.0021286570146470305,0.0015407798701855661,[0.0021286570146470305]
A_time,l14_mean,29,lowrank,16,0.1,0.00183580001112182,0.0010651167438400803,[0.00183580001112182]
A_time,l14_mean,29,lowrank,32,0.1,0.0016786631959547708,0.0008120727603907067,[0.0016786631959547708]
A_time,l14_mean,29,lowrank,1,1,0.004808325083200879,0.004559924560353842,[0.004808325083200879]
A_time,l14_mean,29,lowrank,2,1,0.004323218964920003,0.0039658611575172364,[0.004323218964920003]
A_time,l14_mean,29,lowrank,4,1,0.0038927089861074374,0.003404028273199525,[0.0038927089861074374]
A_time,l14_mean,29,lowrank,8,1,0.003333195121216291,0.002847597741687875,[0.003333195121216291]
A_time,l14_mean,29,lowrank,16,1,0.003237712907392635,0.0027115568630137928,[0.003237712907392635]
A_time,l14_mean,29,lowrank,32,1,0.0032067585342643637,0.0026648548076404002,[0.0032067585342643637]
A_time,l14_mean,29,lowrank,1,10,0.00564382968009781,0.005389827623335674,[0.00564382968009781]
A_time,l14_mean,29,lowrank,2,10,0.00554534477234888,0.005268323725881357,[0.00554534477234888]
A_time,l14_mean,29,lowrank,4,10,0.005466363378178399,0.005165326475514913,[0.005466363378178399]
A_time,l14_mean,29,lowrank,8,10,0.005381556775093829,0.005080520562850502,[0.005381556775093829]
A_time,l14_mean,29,lowrank,16,10,0.00536977353319748,0.005064016069576547,[0.00536977353319748]
A_time,l14_mean,29,lowrank,32,10,0.005366368572943676,0.005058922955003786,[0.005366368572943676]
A_time,l14_mean,29,full_delta,0,0.01,0.0011838314306052164,0.0001515695389546492,[0.0011838314306052164]
A_time,l14_mean,29,full_delta,0,0.1,0.0016069924087198071,0.0007599307085540872,[0.0016069924087198071]
A_time,l14_mean,29,full_delta,0,1,0.0031976293166599543,0.002658180397323311,[0.0031976293166599543]
A_time,l14_mean,29,full_delta,0,10,0.005365430199802522,0.005058236271137889,[0.005365430199802522]
A_time,l14_mean,29,full_affine,0,0.01,0.006645280069364712,0.0008054828092356354,[0.006645280069364712]
A_time,l14_mean,29,full_affine,0,0.1,0.015316313879713198,0.008293581520069914,[0.015316313879713198]
A_time,l14_mean,29,full_affine,0,1,0.03799731551503244,0.033264941548795,[0.03799731551503244]
A_time,l14_mean,29,full_affine,0,10,0.07053087203963426,0.06787613060022421,[0.07053087203963426]
A_time,l14_mean,29,length_shift,0,0.01,0.005037059771825634,0.004243009363010281,[0.005037059771825634]
A_time,l14_mean,29,length_shift,0,0.1,0.005028413632234273,0.004311133267391145,[0.005028413632234273]
A_time,l14_mean,29,length_shift,0,1,0.005124875022092986,0.004495415091961112,[0.005124875022092986]
A_time,l14_mean,29,length_shift,0,10,0.006709356324803334,0.006146812794054502,[0.006709356324803334]
A_time,l14_mean,29,source_token_ridge,0,0.01,0.004075032230358635,0.00020713213330964266,[0.004075032230358635]
A_time,l14_mean,29,source_token_ridge,0,0.1,0.004218245902444784,0.00028391569689231554,[0.004218245902444784]
A_time,l14_mean,29,source_token_ridge,0,1,0.009078906598676932,0.003953797508906942,[0.009078906598676932]
A_time,l14_mean,29,source_token_ridge,0,10,0.04908432999972565,0.04260741510908878,[0.04908432999972565]
A_time,l14_mean,29,shuffled,1,0.01,2.018461610321825,1.8592491068474537,[2.018461610321825]
A_time,l14_mean,29,shuffled,2,0.01,2.0306530678144514,1.8718742494263825,[2.0306530678144514]
A_time,l14_mean,29,shuffled,4,0.01,2.045583995062228,1.8899052335812563,[2.045583995062228]
A_time,l14_mean,29,shuffled,8,0.01,2.0617550938669846,1.9063885276206232,[2.0617550938669846]
A_time,l14_mean,29,shuffled,16,0.01,2.0741480250870246,1.919084956335147,[2.0741480250870246]
A_time,l14_mean,29,shuffled,32,0.01,2.0809894379818004,1.924641838908567,[2.0809894379818004]
A_time,l14_mean,29,shuffled,1,0.1,1.6809714064696617,1.518197473253047,[1.6809714064696617]
A_time,l14_mean,29,shuffled,2,0.1,1.6895940952113468,1.5269500197402437,[1.6895940952113468]
A_time,l14_mean,29,shuffled,4,0.1,1.6986008510675525,1.5385309182682363,[1.6986008510675525]
A_time,l14_mean,29,shuffled,8,0.1,1.7059667960463425,1.5467479742401171,[1.7059667960463425]
A_time,l14_mean,29,shuffled,16,0.1,1.7094741204122308,1.5507577048287826,[1.7094741204122308]
A_time,l14_mean,29,shuffled,32,0.1,1.7102516852772363,1.5514203356180356,[1.7102516852772363]
A_time,l14_mean,29,shuffled,1,1,1.4372145192884573,1.324606620219905,[1.4372145192884573]
A_time,l14_mean,29,shuffled,2,1,1.4388935315353386,1.3263661527084614,[1.4388935315353386]
A_time,l14_mean,29,shuffled,4,1,1.4402923594545074,1.3283064619045524,[1.4402923594545074]
A_time,l14_mean,29,shuffled,8,1,1.4408243959492506,1.3288416793779765,[1.4408243959492506]
A_time,l14_mean,29,shuffled,16,1,1.440827329373419,1.3288642753988436,[1.440827329373419]
A_time,l14_mean,29,shuffled,32,1,1.4407631889278818,1.3287791063493,[1.4407631889278818]
A_time,l14_mean,29,shuffled,1,10,1.2031078250447624,1.1350908685161374,[1.2031078250447624]
A_time,l14_mean,29,shuffled,2,10,1.2030829813326667,1.1350603448759535,[1.2030829813326667]
A_time,l14_mean,29,shuffled,4,10,1.203047673848639,1.1350424089044573,[1.203047673848639]
A_time,l14_mean,29,shuffled,8,10,1.2030017870868404,1.1349740891596871,[1.2030017870868404]
A_time,l14_mean,29,shuffled,16,10,1.2029812897192158,1.1349521879979714,[1.2029812897192158]
A_time,l14_mean,29,shuffled,32,10,1.2029710166828445,1.1349394470934635,[1.2029710166828445]
A_time,l14_mean,29,random_subspace,32,0.01,0.08988909854247902,0.08543718781582264,[0.08988909854247902]
A_time,l14_mean,29,random_subspace,32,0.1,0.08989334055992593,0.08544266895710813,[0.08989334055992593]
A_time,l14_mean,29,random_subspace,32,1,0.0899062913353071,0.08545789912907432,[0.0899062913353071]
A_time,l14_mean,29,random_subspace,32,10,0.0899218142095471,0.08547523019475749,[0.0899218142095471]
A_time,l14_mean,43,rank1,1,0.01,0.00478336021943298,0.004551633182183598,[0.00478336021943298]
A_time,l14_mean,43,rank1,1,0.1,0.004789607828529247,0.004559865526626827,[0.004789607828529247]
A_time,l14_mean,43,rank1,1,1,0.004815138569570773,0.004594832601379747,[0.004815138569570773]
A_time,l14_mean,43,rank1,1,10,0.00563291658834128,0.005384325741447933,[0.00563291658834128]
A_time,l14_mean,43,lowrank,1,0.01,0.00478336021943298,0.004551633182183598,[0.00478336021943298]
A_time,l14_mean,43,lowrank,2,0.01,0.004049338065806867,0.003707086864742705,[0.004049338065806867]
A_time,l14_mean,43,lowrank,4,0.01,0.0030460993494761273,0.0025585796395836812,[0.0030460993494761273]
A_time,l14_mean,43,lowrank,8,0.01,0.001999906311357011,0.0013831487690871799,[0.001999906311357011]
A_time,l14_mean,43,lowrank,16,0.01,0.0016763088933705646,0.0007227626922335327,[0.0016763088933705646]
A_time,l14_mean,43,lowrank,32,0.01,0.0014344168337606805,0.0002708923994934522,[0.0014344168337606805]
A_time,l14_mean,43,lowrank,1,0.1,0.004789607828529247,0.004559865526626827,[0.004789607828529247]
A_time,l14_mean,43,lowrank,2,0.1,0.004081182057686484,0.003736860942976114,[0.004081182057686484]
A_time,l14_mean,43,lowrank,4,0.1,0.00312557527583163,0.0026306575360598877,[0.00312557527583163]
A_time,l14_mean,43,lowrank,8,0.1,0.0021645977241655638,0.0015318805729180463,[0.0021645977241655638]
A_time,l14_mean,43,lowrank,16,0.1,0.0018515926618386535,0.0010122098357196157,[0.0018515926618386535]
A_time,l14_mean,43,lowrank,32,0.1,0.0016887282961948868,0.0007491643267205824,[0.0016887282961948868]
A_time,l14_mean,43,lowrank,1,1,0.004815138569570773,0.004594832601379747,[0.004815138569570773]
A_time,l14_mean,43,lowrank,2,1,0.004380996308376738,0.00406542607403898,[0.004380996308376738]
A_time,l14_mean,43,lowrank,4,1,0.0037787306662733083,0.0033687921226597164,[0.0037787306662733083]
A_time,l14_mean,43,lowrank,8,1,0.0033177761508698055,0.002836167114239696,[0.0033177761508698055]
A_time,l14_mean,43,lowrank,16,1,0.0032007243824840894,0.0026800942420363984,[0.0032007243824840894]
A_time,l14_mean,43,lowrank,32,1,0.003168497778975571,0.002631487787885396,[0.003168497778975571]
A_time,l14_mean,43,lowrank,1,10,0.00563291658834128,0.005384325741447933,[0.00563291658834128]
A_time,l14_mean,43,lowrank,2,10,0.00555392050612457,0.005282350825185009,[0.00555392050612457]
A_time,l14_mean,43,lowrank,4,10,0.0054337139130096156,0.005146031942848223,[0.0054337139130096156]
A_time,l14_mean,43,lowrank,8,10,0.005363544040404659,0.005065234344052597,[0.005363544040404659]
A_time,l14_mean,43,lowrank,16,10,0.005348580365171385,0.0050459656449351594,[0.005348580365171385]
A_time,l14_mean,43,lowrank,32,10,0.005345029031847925,0.005040661343115141,[0.005345029031847925]
A_time,l14_mean,43,full_delta,0,0.01,0.001216740331039915,0.00013213878793287903,[0.001216740331039915]
A_time,l14_mean,43,full_delta,0,0.1,0.0016190127018944095,0.0007049577516130525,[0.0016190127018944095]
A_time,l14_mean,43,full_delta,0,1,0.003159713977230262,0.0026257960970169866,[0.003159713977230262]
A_time,l14_mean,43,full_delta,0,10,0.005344127661062253,0.005040076195418895,[0.005344127661062253]
A_time,l14_mean,43,full_affine,0,0.01,0.0072469415514214005,0.0007328002755599387,[0.0072469415514214005]
A_time,l14_mean,43,full_affine,0,0.1,0.015749159639061264,0.007840873182251046,[0.015749159639061264]
A_time,l14_mean,43,full_affine,0,1,0.03795990616704601,0.032445026915639115,[0.03795990616704601]
A_time,l14_mean,43,full_affine,0,10,0.07075151941367437,0.06667875861131063,[0.07075151941367437]
A_time,l14_mean,43,length_shift,0,0.01,0.004880437359167238,0.004381199046879921,[0.004880437359167238]
A_time,l14_mean,43,length_shift,0,0.1,0.004894131580720572,0.004435539301608773,[0.004894131580720572]
A_time,l14_mean,43,length_shift,0,1,0.004983010789564109,0.004574263208489217,[0.004983010789564109]
A_time,l14_mean,43,length_shift,0,10,0.00654588421952493,0.006176208304174354,[0.00654588421952493]
A_time,l14_mean,43,source_token_ridge,0,0.01,0.005351843447075463,0.00017316811333201748,[0.005351843447075463]
A_time,l14_mean,43,source_token_ridge,0,0.1,0.005550055314155582,0.00025419543609736967,[0.005550055314155582]
A_time,l14_mean,43,source_token_ridge,0,1,0.010887380759553894,0.003973790764938316,[0.010887380759553894]
A_time,l14_mean,43,source_token_ridge,0,10,0.05028328157121451,0.04118845931567695,[0.05028328157121451]
A_time,l14_mean,43,shuffled,1,0.01,3.020894007420344,2.19328375918867,[3.020894007420344]
A_time,l14_mean,43,shuffled,2,0.01,3.029949906133705,2.2063872451144504,[3.029949906133705]
A_time,l14_mean,43,shuffled,4,0.01,3.04484483110047,2.220945270009983,[3.04484483110047]
A_time,l14_mean,43,shuffled,8,0.01,3.0596381133669124,2.2339051888175048,[3.0596381133669124]
A_time,l14_mean,43,shuffled,16,0.01,3.070446586414795,2.2438874267233526,[3.070446586414795]
A_time,l14_mean,43,shuffled,32,0.01,3.0757188956232855,2.2479827640921495,[3.0757188956232855]
A_time,l14_mean,43,shuffled,1,0.1,2.344080423195812,1.8811113064264682,[2.344080423195812]
A_time,l14_mean,43,shuffled,2,0.1,2.350182135500599,1.8901917823320342,[2.350182135500599]
A_time,l14_mean,43,shuffled,4,0.1,2.358518718135361,1.8993164194514918,[2.358518718135361]
A_time,l14_mean,43,shuffled,8,0.1,2.3649652848485663,1.9054699645456925,[2.3649652848485663]
A_time,l14_mean,43,shuffled,16,0.1,2.367716402583692,1.9084029919532053,[2.367716402583692]
A_time,l14_mean,43,shuffled,32,0.1,2.368275820905853,1.908748885697636,[2.368275820905853]
A_time,l14_mean,43,shuffled,1,1,1.9330559639063154,1.6680302338004716,[1.9330559639063154]
A_time,l14_mean,43,shuffled,2,1,1.934566168703478,1.670170449835284,[1.934566168703478]
A_time,l14_mean,43,shuffled,4,1,1.9357140993645576,1.6715542217346406,[1.9357140993645576]
A_time,l14_mean,43,shuffled,8,1,1.9361356378194428,1.671828336998044,[1.9361356378194428]
A_time,l14_mean,43,shuffled,16,1,1.9361116867378534,1.6717904511611739,[1.9361116867378534]
A_time,l14_mean,43,shuffled,32,1,1.936050084889209,1.6716869894110626,[1.936050084889209]
A_time,l14_mean,43,shuffled,1,10,1.5830479295084683,1.4132687982301624,[1.5830479295084683]
A_time,l14_mean,43,shuffled,2,10,1.5830664822870697,1.4132934745715513,[1.5830664822870697]
A_time,l14_mean,43,shuffled,4,10,1.5830372734933411,1.4132684318816509,[1.5830372734933411]
A_time,l14_mean,43,shuffled,8,10,1.5829902059855818,1.4131947515163528,[1.5829902059855818]
A_time,l14_mean,43,shuffled,16,10,1.5829673828826472,1.4131693304508717,[1.5829673828826472]
A_time,l14_mean,43,shuffled,32,10,1.582958063635319,1.4131552572047468,[1.582958063635319]
A_time,l14_mean,43,random_subspace,32,0.01,0.09039685673559798,0.08199917396508254,[0.09039685673559798]
A_time,l14_mean,43,random_subspace,32,0.1,0.09040015145744211,0.08200426530585318,[0.09040015145744211]
A_time,l14_mean,43,random_subspace,32,1,0.09041266626717592,0.08202046684410562,[0.09041266626717592]
A_time,l14_mean,43,random_subspace,32,10,0.09042908089941269,0.08203936244269822,[0.09042908089941269]
A_emphasis,l14_mean,17,rank1,1,0.01,0.0075448002282411915,0.007175458796284273,[0.0075448002282411915]
A_emphasis,l14_mean,17,rank1,1,0.1,0.007561684607588048,0.007192324901318808,[0.007561684607588048]
A_emphasis,l14_mean,17,rank1,1,1,0.007599799834527975,0.007244547997518891,[0.007599799834527975]
A_emphasis,l14_mean,17,rank1,1,10,0.007840575743552514,0.007534404454607481,[0.007840575743552514]
A_emphasis,l14_mean,17,lowrank,1,0.01,0.0075448002282411915,0.007175458796284273,[0.0075448002282411915]
A_emphasis,l14_mean,17,lowrank,2,0.01,0.005892716857367795,0.0055915171702552195,[0.005892716857367795]
A_emphasis,l14_mean,17,lowrank,4,0.01,0.00427706525599145,0.00380419983352964,[0.00427706525599145]
A_emphasis,l14_mean,17,lowrank,8,0.01,0.002686235641276236,0.001996780732933645,[0.002686235641276236]
A_emphasis,l14_mean,17,lowrank,16,0.01,0.0023462424966371404,0.001110263533804499,[0.0023462424966371404]
A_emphasis,l14_mean,17,lowrank,32,0.01,0.0020024770330438744,0.00047651706157225546,[0.0020024770330438744]
A_emphasis,l14_mean,17,lowrank,1,0.1,0.007561684607588048,0.007192324901318808,[0.007561684607588048]
A_emphasis,l14_mean,17,lowrank,2,0.1,0.006004531890217245,0.005667201246054197,[0.006004531890217245]
A_emphasis,l14_mean,17,lowrank,4,0.1,0.0044613596796531435,0.003964644911435921,[0.0044613596796531435]
A_emphasis,l14_mean,17,lowrank,8,0.1,0.0029666979833958065,0.002289184437448785,[0.0029666979833958065]
A_emphasis,l14_mean,17,lowrank,16,0.1,0.002685530601629682,0.0016553727971696155,[0.002685530601629682]
A_emphasis,l14_mean,17,lowrank,32,0.1,0.0024717903840716263,0.0013037724404497107,[0.0024717903840716263]
A_emphasis,l14_mean,17,lowrank,1,1,0.007599799834527975,0.007244547997518891,[0.007599799834527975]
A_emphasis,l14_mean,17,lowrank,2,1,0.006710431926575511,0.006313617254866119,[0.006710431926575511]
A_emphasis,l14_mean,17,lowrank,4,1,0.005843572491042157,0.005318780363330537,[0.005843572491042157]
A_emphasis,l14_mean,17,lowrank,8,1,0.005112728340789322,0.004517846226423386,[0.005112728340789322]
A_emphasis,l14_mean,17,lowrank,16,1,0.005028443592173666,0.0043592094303517475,[0.005028443592173666]
A_emphasis,l14_mean,17,lowrank,32,1,0.004988767473203504,0.004298914087199704,[0.004988767473203504]
A_emphasis,l14_mean,17,lowrank,1,10,0.007840575743552514,0.007534404454607481,[0.007840575743552514]
A_emphasis,l14_mean,17,lowrank,2,10,0.007679118683756638,0.007360467715406452,[0.007679118683756638]
A_emphasis,l14_mean,17,lowrank,4,10,0.007523935017006676,0.007177590549272372,[0.007523935017006676]
A_emphasis,l14_mean,17,lowrank,8,10,0.00741293452581802,0.007057335782267878,[0.00741293452581802]
A_emphasis,l14_mean,17,lowrank,16,10,0.007402727736427271,0.0070387282767253164,[0.007402727736427271]
A_emphasis,l14_mean,17,lowrank,32,10,0.007398419699140878,0.007032250528114031,[0.007398419699140878]
A_emphasis,l14_mean,17,full_delta,0,0.01,0.0016229531206850892,0.00023381033560093112,[0.0016229531206850892]
A_emphasis,l14_mean,17,full_delta,0,0.1,0.0023616917983650745,0.0012297952743080714,[0.0023616917983650745]
A_emphasis,l14_mean,17,full_delta,0,1,0.004975335910577616,0.004289522653931791,[0.004975335910577616]
A_emphasis,l14_mean,17,full_delta,0,10,0.007397049315543455,0.007031285633061155,[0.007397049315543455]
A_emphasis,l14_mean,17,full_affine,0,0.01,0.004849370071670283,0.0006975905436609108,[0.004849370071670283]
A_emphasis,l14_mean,17,full_affine,0,0.1,0.012654367034690599,0.007312442493368483,[0.012654367034690599]
A_emphasis,l14_mean,17,full_affine,0,1,0.030987507491865133,0.0275699690873827,[0.030987507491865133]
A_emphasis,l14_mean,17,full_affine,0,10,0.05058009157831141,0.04995507964237642,[0.05058009157831141]
A_emphasis,l14_mean,17,length_shift,0,0.01,0.007650024712799297,0.0069776664553425185,[0.007650024712799297]
A_emphasis,l14_mean,17,length_shift,0,0.1,0.007660247707911259,0.0070451268136557015,[0.007660247707911259]
A_emphasis,l14_mean,17,length_shift,0,1,0.007753653084478723,0.007201583346529439,[0.007753653084478723]
A_emphasis,l14_mean,17,length_shift,0,10,0.008220834903029215,0.007759945561602092,[0.008220834903029215]
A_emphasis,l14_mean,17,source_token_ridge,0,0.01,0.003866939520425988,0.00031760095756032766,[0.003866939520425988]
A_emphasis,l14_mean,17,source_token_ridge,0,0.1,0.0037171725665507624,0.0003540722049737174,[0.0037171725665507624]
A_emphasis,l14_mean,17,source_token_ridge,0,1,0.004917663820027714,0.0020144533349769956,[0.004917663820027714]
A_emphasis,l14_mean,17,source_token_ridge,0,10,0.018054131225870237,0.01722324064390674,[0.018054131225870237]
A_emphasis,l14_mean,17,shuffled,1,0.01,0.7251479679941989,0.7251565617284524,[0.7251479679941989]
A_emphasis,l14_mean,17,shuffled,2,0.01,0.7335337213120016,0.7355625485866066,[0.7335337213120016]
A_emphasis,l14_mean,17,shuffled,4,0.01,0.7432456392401469,0.7466046527366194,[0.7432456392401469]
A_emphasis,l14_mean,17,shuffled,8,0.01,0.7565663339026747,0.7605235458566101,[0.7565663339026747]
A_emphasis,l14_mean,17,shuffled,16,0.01,0.7651669973854979,0.7693648600001953,[0.7651669973854979]
A_emphasis,l14_mean,17,shuffled,32,0.01,0.7699121191669632,0.7728924016524784,[0.7699121191669632]
A_emphasis,l14_mean,17,shuffled,1,0.1,0.5254206862662102,0.5855564170697485,[0.5254206862662102]
A_emphasis,l14_mean,17,shuffled,2,0.1,0.5308291413375886,0.5922325742250754,[0.5308291413375886]
A_emphasis,l14_mean,17,shuffled,4,0.1,0.5352157965403169,0.5981236369908098,[0.5352157965403169]
A_emphasis,l14_mean,17,shuffled,8,0.1,0.5409072284342694,0.6044976429555754,[0.5409072284342694]
A_emphasis,l14_mean,17,shuffled,16,0.1,0.5426994757294975,0.6064543165296513,[0.5426994757294975]
A_emphasis,l14_mean,17,shuffled,32,0.1,0.5428049859329545,0.6063127645476407,[0.5428049859329545]
A_emphasis,l14_mean,17,shuffled,1,1,0.4861466034754187,0.5208852356598941,[0.4861466034754187]
A_emphasis,l14_mean,17,shuffled,2,1,0.4867824772105644,0.5217235842232109,[0.4867824772105644]
A_emphasis,l14_mean,17,shuffled,4,1,0.48650142795838264,0.5215878753650335,[0.48650142795838264]
A_emphasis,l14_mean,17,shuffled,8,1,0.48641085076261326,0.5215367591352295,[0.48641085076261326]
A_emphasis,l14_mean,17,shuffled,16,1,0.48623322923626705,0.5213266462092102,[0.48623322923626705]
A_emphasis,l14_mean,17,shuffled,32,1,0.48611227863328016,0.5211688047756186,[0.48611227863328016]
A_emphasis,l14_mean,17,shuffled,1,10,0.39026267564931755,0.4108116304850877,[0.39026267564931755]
A_emphasis,l14_mean,17,shuffled,2,10,0.39015366125083023,0.41069518092875973,[0.39015366125083023]
A_emphasis,l14_mean,17,shuffled,4,10,0.3899116370093274,0.4104198008960524,[0.3899116370093274]
A_emphasis,l14_mean,17,shuffled,8,10,0.38979543900500396,0.41029658404043823,[0.38979543900500396]
A_emphasis,l14_mean,17,shuffled,16,10,0.3897615080450536,0.41025702839058836,[0.3897615080450536]
A_emphasis,l14_mean,17,shuffled,32,10,0.3897465439715912,0.41023811656925807,[0.3897465439715912]
A_emphasis,l14_mean,17,random_subspace,32,0.01,0.03128139096747829,0.03252069692055419,[0.03128139096747829]
A_emphasis,l14_mean,17,random_subspace,32,0.1,0.03128724294812254,0.032528718974753186,[0.03128724294812254]
A_emphasis,l14_mean,17,random_subspace,32,1,0.031306858851909244,0.032552639268767634,[0.031306858851909244]
A_emphasis,l14_mean,17,random_subspace,32,10,0.03132452721734278,0.03257351747094745,[0.03132452721734278]
A_emphasis,l14_mean,29,rank1,1,0.01,0.007614805747129732,0.007548319989500553,[0.007614805747129732]
A_emphasis,l14_mean,29,rank1,1,0.1,0.007626381338880526,0.00756513093525456,[0.007626381338880526]
A_emphasis,l14_mean,29,rank1,1,1,0.007660868761004869,0.007619701666166409,[0.007660868761004869]
A_emphasis,l14_mean,29,rank1,1,10,0.007892739562553389,0.007887558265709754,[0.007892739562553389]
A_emphasis,l14_mean,29,lowrank,1,0.01,0.007614805747129732,0.007548319989500553,[0.007614805747129732]
A_emphasis,l14_mean,29,lowrank,2,0.01,0.005981980118920244,0.005564094503681095,[0.005981980118920244]
A_emphasis,l14_mean,29,lowrank,4,0.01,0.004420763345774688,0.0037644604135411244,[0.004420763345774688]
A_emphasis,l14_mean,29,lowrank,8,0.01,0.0027773280192253335,0.0020961454077112348,[0.0027773280192253335]
A_emphasis,l14_mean,29,lowrank,16,0.01,0.0023832518065215074,0.001148632200029525,[0.0023832518065215074]
A_emphasis,l14_mean,29,lowrank,32,0.01,0.001956356197902158,0.0004403646470333617,[0.001956356197902158]
A_emphasis,l14_mean,29,lowrank,1,0.1,0.007626381338880526,0.00756513093525456,[0.007626381338880526]
A_emphasis,l14_mean,29,lowrank,2,0.1,0.006040491305743302,0.00563163272137241,[0.006040491305743302]
A_emphasis,l14_mean,29,lowrank,4,0.1,0.004545621233353178,0.0038796200449779292,[0.004545621233353178]
A_emphasis,l14_mean,29,lowrank,8,0.1,0.0030059728623704524,0.002336956214564472,[0.0030059728623704524]
A_emphasis,l14_mean,29,lowrank,16,0.1,0.0026767998426623237,0.0016379759027062915,[0.0026767998426623237]
A_emphasis,l14_mean,29,lowrank,32,0.1,0.0023912511294684096,0.0012142263928069611,[0.0023912511294684096]
A_emphasis,l14_mean,29,lowrank,1,1,0.007660868761004869,0.007619701666166409,[0.007660868761004869]
A_emphasis,l14_mean,29,lowrank,2,1,0.006666623610663366,0.006398676435039766,[0.006666623610663366]
A_emphasis,l14_mean,29,lowrank,4,1,0.005723848771522026,0.005253530548913231,[0.005723848771522026]
A_emphasis,l14_mean,29,lowrank,8,1,0.005001051430499638,0.004531969889376308,[0.005001051430499638]
A_emphasis,l14_mean,29,lowrank,16,1,0.00489240573844886,0.00434117209125565,[0.00489240573844886]
A_emphasis,l14_mean,29,lowrank,32,1,0.004836680545271809,0.00426164761454678,[0.004836680545271809]
A_emphasis,l14_mean,29,lowrank,1,10,0.007892739562553389,0.007887558265709754,[0.007892739562553389]
A_emphasis,l14_mean,29,lowrank,2,10,0.007705600434423149,0.00765916938050874,[0.007705600434423149]
A_emphasis,l14_mean,29,lowrank,4,10,0.0075227466866859835,0.007433803534425851,[0.0075227466866859835]
A_emphasis,l14_mean,29,lowrank,8,10,0.007414061406881218,0.007324761535834786,[0.007414061406881218]
A_emphasis,l14_mean,29,lowrank,16,10,0.007400580156612511,0.007301809928989561,[0.007400580156612511]
A_emphasis,l14_mean,29,lowrank,32,10,0.007394461739615919,0.007293122538034588,[0.007394461739615919]
A_emphasis,l14_mean,29,full_delta,0,0.01,0.0016325290960198813,0.00021110685291418597,[0.0016325290960198813]
A_emphasis,l14_mean,29,full_delta,0,0.1,0.002290217779239111,0.0011438371280140921,[0.002290217779239111]
A_emphasis,l14_mean,29,full_delta,0,1,0.004823756926819339,0.004252650670062631,[0.004823756926819339]
A_emphasis,l14_mean,29,full_delta,0,10,0.007393132188722457,0.00729219695442989,[0.007393132188722457]
A_emphasis,l14_mean,29,full_affine,0,0.01,0.004968029823570482,0.0005828216494578897,[0.004968029823570482]
A_emphasis,l14_mean,29,full_affine,0,0.1,0.012192402761616766,0.006523027182191353,[0.012192402761616766]
A_emphasis,l14_mean,29,full_affine,0,1,0.03071529309207442,0.026543722518692636,[0.03071529309207442]
A_emphasis,l14_mean,29,full_affine,0,10,0.0510428471931633,0.04865453545259233,[0.0510428471931633]
A_emphasis,l14_mean,29,length_shift,0,0.01,0.007820816954485802,0.007266372310986671,[0.007820816954485802]
A_emphasis,l14_mean,29,length_shift,0,0.1,0.007794479277497306,0.007339131160346175,[0.007794479277497306]
A_emphasis,l14_mean,29,length_shift,0,1,0.007864689236380182,0.0075185620341348194,[0.007864689236380182]
A_emphasis,l14_mean,29,length_shift,0,10,0.008289559678621926,0.008036361467354307,[0.008289559678621926]
A_emphasis,l14_mean,29,source_token_ridge,0,0.01,0.003569984751143278,0.00031331035993501015,[0.003569984751143278]
A_emphasis,l14_mean,29,source_token_ridge,0,0.1,0.003401526301509326,0.00035224412739457605,[0.003401526301509326]
A_emphasis,l14_mean,29,source_token_ridge,0,1,0.004701341827007203,0.0019036504303753272,[0.004701341827007203]
A_emphasis,l14_mean,29,source_token_ridge,0,10,0.018080476257617665,0.015994333552962772,[0.018080476257617665]
A_emphasis,l14_mean,29,shuffled,1,0.01,0.858649013501942,0.7884776311443747,[0.858649013501942]
A_emphasis,l14_mean,29,shuffled,2,0.01,0.8668234527649634,0.7980270542809814,[0.8668234527649634]
A_emphasis,l14_mean,29,shuffled,4,0.01,0.877688842854305,0.8107259434333001,[0.877688842854305]
A_emphasis,l14_mean,29,shuffled,8,0.01,0.8906622718663239,0.8235381623941067,[0.8906622718663239]
A_emphasis,l14_mean,29,shuffled,16,0.01,0.9006217696395019,0.833292705942836,[0.9006217696395019]
A_emphasis,l14_mean,29,shuffled,32,0.01,0.905593243918717,0.837183273977629,[0.905593243918717]
A_emphasis,l14_mean,29,shuffled,1,0.1,0.7153067571914486,0.6440616416475198,[0.7153067571914486]
A_emphasis,l14_mean,29,shuffled,2,0.1,0.7209575650193264,0.6502399697649842,[0.7209575650193264]
A_emphasis,l14_mean,29,shuffled,4,0.1,0.7270080379151723,0.6577421117370758,[0.7270080379151723]
A_emphasis,l14_mean,29,shuffled,8,0.1,0.7323462134150706,0.6635492859595143,[0.7323462134150706]
A_emphasis,l14_mean,29,shuffled,16,0.1,0.7348056964236515,0.6661021269510944,[0.7348056964236515]
A_emphasis,l14_mean,29,shuffled,32,0.1,0.7349699858276103,0.6661046660013888,[0.7349699858276103]
A_emphasis,l14_mean,29,shuffled,1,1,0.6067701906176194,0.5577544742690067,[0.6067701906176194]
A_emphasis,l14_mean,29,shuffled,2,1,0.6073374366540097,0.5584513332927434,[0.6073374366540097]
A_emphasis,l14_mean,29,shuffled,4,1,0.6075071353822926,0.5586031861527037,[0.6075071353822926]
A_emphasis,l14_mean,29,shuffled,8,1,0.6073776620289109,0.5584589354127228,[0.6073776620289109]
A_emphasis,l14_mean,29,shuffled,16,1,0.6072293594918238,0.5582391071728264,[0.6072293594918238]
A_emphasis,l14_mean,29,shuffled,32,1,0.6070778876516342,0.5580555065490587,[0.6070778876516342]
A_emphasis,l14_mean,29,shuffled,1,10,0.4665040538270402,0.43886133335754046,[0.4665040538270402]
A_emphasis,l14_mean,29,shuffled,2,10,0.46632380190331674,0.4386817650181984,[0.46632380190331674]
A_emphasis,l14_mean,29,shuffled,4,10,0.46611062481447957,0.43839334715103195,[0.46611062481447957]
A_emphasis,l14_mean,29,shuffled,8,10,0.4659793592545323,0.43824526277028225,[0.4659793592545323]
A_emphasis,l14_mean,29,shuffled,16,10,0.4659441743921118,0.4381984328358182,[0.4659441743921118]
A_emphasis,l14_mean,29,shuffled,32,10,0.4659248447190298,0.4381754000255477,[0.4659248447190298]
A_emphasis,l14_mean,29,random_subspace,32,0.01,0.03129276705083586,0.030413491212390707,[0.03129276705083586]
A_emphasis,l14_mean,29,random_subspace,32,0.1,0.03129897801148231,0.030421524810647322,[0.03129897801148231]
A_emphasis,l14_mean,29,random_subspace,32,1,0.031322558323373044,0.03044832641793906,[0.031322558323373044]
A_emphasis,l14_mean,29,random_subspace,32,10,0.031345370261255286,0.030473524556455356,[0.031345370261255286]
A_emphasis,l14_mean,43,rank1,1,0.01,0.007691873570191664,0.007521972800154219,[0.007691873570191664]
A_emphasis,l14_mean,43,rank1,1,0.1,0.007711604883276009,0.007536173518425958,[0.007711604883276009]
A_emphasis,l14_mean,43,rank1,1,1,0.007756235199376536,0.007569220819964417,[0.007756235199376536]
A_emphasis,l14_mean,43,rank1,1,10,0.008028245493735243,0.007799766586440308,[0.008028245493735243]
A_emphasis,l14_mean,43,lowrank,1,0.01,0.007691873570191664,0.007521972800154219,[0.007691873570191664]
A_emphasis,l14_mean,43,lowrank,2,0.01,0.005995863023371781,0.0056751601677027955,[0.005995863023371781]
A_emphasis,l14_mean,43,lowrank,4,0.01,0.004433280579476764,0.0038148643810437485,[0.004433280579476764]
A_emphasis,l14_mean,43,lowrank,8,0.01,0.0027392871086000976,0.002078369874154801,[0.0027392871086000976]
A_emphasis,l14_mean,43,lowrank,16,0.01,0.002442029647996438,0.0011146259289502014,[0.002442029647996438]
A_emphasis,l14_mean,43,lowrank,32,0.01,0.002051401470989604,0.0004025348818714784,[0.002051401470989604]
A_emphasis,l14_mean,43,lowrank,1,0.1,0.007711604883276009,0.007536173518425958,[0.007711604883276009]
A_emphasis,l14_mean,43,lowrank,2,0.1,0.006072464802245255,0.0057399409382064325,[0.006072464802245255]
A_emphasis,l14_mean,43,lowrank,4,0.1,0.004573898373338923,0.003951570439906502,[0.004573898373338923]
A_emphasis,l14_mean,43,lowrank,8,0.1,0.002972594207657355,0.0023197333071686677,[0.002972594207657355]
A_emphasis,l14_mean,43,lowrank,16,0.1,0.0026879242017291,0.0015641343114482901,[0.0026879242017291]
A_emphasis,l14_mean,43,lowrank,32,0.1,0.0024172748499956104,0.0011432940160037437,[0.0024172748499956104]
A_emphasis,l14_mean,43,lowrank,1,1,0.007756235199376536,0.007569220819964417,[0.007756235199376536]
A_emphasis,l14_mean,43,lowrank,2,1,0.006721390997198144,0.006403025501048804,[0.006721390997198144]
A_emphasis,l14_mean,43,lowrank,4,1,0.005851214500631571,0.005320248139412983,[0.005851214500631571]
A_emphasis,l14_mean,43,lowrank,8,1,0.005026351026566067,0.004502633383539659,[0.005026351026566067]
A_emphasis,l14_mean,43,lowrank,16,1,0.00491533544261368,0.004280705788817295,[0.00491533544261368]
A_emphasis,l14_mean,43,lowrank,32,1,0.004863642467771922,0.004202373933603623,[0.004863642467771922]
A_emphasis,l14_mean,43,lowrank,1,10,0.008028245493735243,0.007799766586440308,[0.008028245493735243]
A_emphasis,l14_mean,43,lowrank,2,10,0.007823999048447466,0.007566842035775112,[0.007823999048447466]
A_emphasis,l14_mean,43,lowrank,4,10,0.007665840101404301,0.007365886234373099,[0.007665840101404301]
A_emphasis,l14_mean,43,lowrank,8,10,0.0075364218065524105,0.007238928350020205,[0.0075364218065524105]
A_emphasis,l14_mean,43,lowrank,16,10,0.00752199194653785,0.007211588290380498,[0.00752199194653785]
A_emphasis,l14_mean,43,lowrank,32,10,0.007516333427601246,0.007203040357493117,[0.007516333427601246]
A_emphasis,l14_mean,43,full_delta,0,0.01,0.0016899456752249408,0.00018778569631728082,[0.0016899456752249408]
A_emphasis,l14_mean,43,full_delta,0,0.1,0.0023103598167778434,0.0010742521259126463,[0.0023103598167778434]
A_emphasis,l14_mean,43,full_delta,0,1,0.0048501889918432,0.004193551088645993,[0.0048501889918432]
A_emphasis,l14_mean,43,full_delta,0,10,0.007514952197348364,0.007202133064692672,[0.007514952197348364]
A_emphasis,l14_mean,43,full_affine,0,0.01,0.005479933993212275,0.0005412939359260605,[0.005479933993212275]
A_emphasis,l14_mean,43,full_affine,0,0.1,0.012563325378994796,0.006161678814230122,[0.012563325378994796]
A_emphasis,l14_mean,43,full_affine,0,1,0.030702857516012688,0.025670827613384208,[0.030702857516012688]
A_emphasis,l14_mean,43,full_affine,0,10,0.05078767806181628,0.047424666675983725,[0.05078767806181628]
A_emphasis,l14_mean,43,length_shift,0,0.01,0.007808185819754735,0.0072429676843721175,[0.007808185819754735]
A_emphasis,l14_mean,43,length_shift,0,0.1,0.007787547941126305,0.00729830000893534,[0.007787547941126305]
A_emphasis,l14_mean,43,length_shift,0,1,0.007849123897844078,0.007422973383980975,[0.007849123897844078]
A_emphasis,l14_mean,43,length_shift,0,10,0.008336080296412382,0.007902547907394664,[0.008336080296412382]
A_emphasis,l14_mean,43,source_token_ridge,0,0.01,0.004270486879071135,0.00025607713563900096,[0.004270486879071135]
A_emphasis,l14_mean,43,source_token_ridge,0,0.1,0.004141600266398457,0.0002945388809253788,[0.004141600266398457]
A_emphasis,l14_mean,43,source_token_ridge,0,1,0.005635258771286078,0.0018601409462399568,[0.005635258771286078]
A_emphasis,l14_mean,43,source_token_ridge,0,10,0.018716532066924595,0.015299112009466431,[0.018716532066924595]
A_emphasis,l14_mean,43,shuffled,1,0.01,1.2855213250048958,0.9348882516267798,[1.2855213250048958]
A_emphasis,l14_mean,43,shuffled,2,0.01,1.2920474105938737,0.9450081395509851,[1.2920474105938737]
A_emphasis,l14_mean,43,shuffled,4,0.01,1.3026022092690843,0.9544996794028573,[1.3026022092690843]
A_emphasis,l14_mean,43,shuffled,8,0.01,1.3135905843105478,0.9641274838433582,[1.3135905843105478]
A_emphasis,l14_mean,43,shuffled,16,0.01,1.3221536885076817,0.9715176621359066,[1.3221536885076817]
A_emphasis,l14_mean,43,shuffled,32,0.01,1.3259664542188982,0.9740883068026703,[1.3259664542188982]
A_emphasis,l14_mean,43,shuffled,1,0.1,0.9978560721169535,0.8027634699444395,[0.9978560721169535]
A_emphasis,l14_mean,43,shuffled,2,0.1,1.0021586125822632,0.80955054323995,[1.0021586125822632]
A_emphasis,l14_mean,43,shuffled,4,0.1,1.0071886347778178,0.8147079484271845,[1.0071886347778178]
A_emphasis,l14_mean,43,shuffled,8,0.1,1.0112216918295216,0.8187520905260509,[1.0112216918295216]
A_emphasis,l14_mean,43,shuffled,16,0.1,1.0130094077955805,0.8203133392698588,[1.0130094077955805]
A_emphasis,l14_mean,43,shuffled,32,0.1,1.0130578287090348,0.8200655085992702,[1.0130578287090348]
A_emphasis,l14_mean,43,shuffled,1,1,0.8174930544447513,0.7073989765865178,[0.8174930544447513]
A_emphasis,l14_mean,43,shuffled,2,1,0.8181098872875614,0.7084238007439363,[0.8181098872875614]
A_emphasis,l14_mean,43,shuffled,4,1,0.8180617949452952,0.7082593513338898,[0.8180617949452952]
A_emphasis,l14_mean,43,shuffled,8,1,0.817663629954574,0.7078188152687762,[0.817663629954574]
A_emphasis,l14_mean,43,shuffled,16,1,0.8174306106569128,0.7075029877426188,[0.8174306106569128]
A_emphasis,l14_mean,43,shuffled,32,1,0.8172935903910142,0.7073105110525314,[0.8172935903910142]
A_emphasis,l14_mean,43,shuffled,1,10,0.6207413530830032,0.5560232146137883,[0.6207413530830032]
A_emphasis,l14_mean,43,shuffled,2,10,0.6206212779735013,0.555878725953129,[0.6206212779735013]
A_emphasis,l14_mean,43,shuffled,4,10,0.6204153407250721,0.555621851467445,[0.6204153407250721]
A_emphasis,l14_mean,43,shuffled,8,10,0.6202611250980835,0.5554549134163311,[0.6202611250980835]
A_emphasis,l14_mean,43,shuffled,16,10,0.6202147064748228,0.5553986408113003,[0.6202147064748228]
A_emphasis,l14_mean,43,shuffled,32,10,0.6201975132305119,0.5553752741518118,[0.6201975132305119]
A_emphasis,l14_mean,43,random_subspace,32,0.01,0.031439563398059235,0.02868914995596611,[0.031439563398059235]
A_emphasis,l14_mean,43,random_subspace,32,0.1,0.03144579421130745,0.028697072868389614,[0.03144579421130745]
A_emphasis,l14_mean,43,random_subspace,32,1,0.03146886997642434,0.02872513587619982,[0.03146886997642434]
A_emphasis,l14_mean,43,random_subspace,32,10,0.031491171038319984,0.028751116325341736,[0.031491171038319984]
B_shared,l14_last,17,rank1,1,0.01,0.17804903997723395,0.16605660138548306,"[-0.6458333333333334, -0.8211805555555555, 0.17804903997723395]"
B_shared,l14_last,17,rank1,1,0.1,0.1780480206946716,0.16605912032834377,"[-0.6458333333333334, -0.8211805555555555, 0.1780480206946716]"
B_shared,l14_last,17,rank1,1,1,0.17808484491094964,0.16611331359330725,"[-0.6458333333333334, -0.8229166666666666, 0.17808484491094964]"
B_shared,l14_last,17,rank1,1,10,0.18052645097185438,0.1686527982784225,"[-0.5208333333333334, -0.7604166666666666, 0.18052645097185438]"
B_shared,l14_last,17,lowrank,1,0.01,0.17804903997723395,0.16605660138548306,"[-0.6458333333333334, -0.8211805555555555, 0.17804903997723395]"
B_shared,l14_last,17,lowrank,2,0.01,0.15721231045706133,0.14458776732963458,"[-0.8020833333333334, -0.9010416666666666, 0.15721231045706133]"
B_shared,l14_last,17,lowrank,4,0.01,0.12688225406171982,0.11460825239502133,"[-0.8958333333333334, -0.9479166666666666, 0.12688225406171982]"
B_shared,l14_last,17,lowrank,8,0.01,0.09079975263194275,0.0756816572080877,"[-0.9791666666666666, -0.9895833333333334, 0.09079975263194275]"
B_shared,l14_last,17,lowrank,16,0.01,0.06651291098621985,0.048142488144848734,"[-0.9895833333333334, -0.9947916666666666, 0.06651291098621985]"
B_shared,l14_last,17,lowrank,32,0.01,0.051509565322074485,0.026206856962648992,"[-1.0, -1.0, 0.051509565322074485]"
B_shared,l14_last,17,lowrank,1,0.1,0.1780480206946716,0.16605912032834377,"[-0.6458333333333334, -0.8211805555555555, 0.1780480206946716]"
B_shared,l14_last,17,lowrank,2,0.1,0.15723189230609969,0.14460043455244562,"[-0.8020833333333334, -0.9010416666666666, 0.15723189230609969]"
B_shared,l14_last,17,lowrank,4,0.1,0.1268610318285697,0.11463727086215462,"[-0.8958333333333334, -0.9479166666666666, 0.1268610318285697]"
B_shared,l14_last,17,lowrank,8,0.1,0.09084561551534946,0.07573551135610827,"[-0.9791666666666666, -0.9895833333333334, 0.09084561551534946]"
B_shared,l14_last,17,lowrank,16,0.1,0.06653485989260687,0.048307556126288564,"[-0.9895833333333334, -0.9947916666666666, 0.06653485989260687]"
B_shared,l14_last,17,lowrank,32,0.1,0.051514424005977257,0.026599365039314062,"[-1.0, -1.0, 0.051514424005977257]"
B_shared,l14_last,17,lowrank,1,1,0.17808484491094964,0.16611331359330725,"[-0.6458333333333334, -0.8229166666666666, 0.17808484491094964]"
B_shared,l14_last,17,lowrank,2,1,0.15750694252563727,0.14480852243604125,"[-0.78125, -0.890625, 0.15750694252563727]"
B_shared,l14_last,17,lowrank,4,1,0.127201218313214,0.11514697718526028,"[-0.8958333333333334, -0.9479166666666666, 0.127201218313214]"
B_shared,l14_last,17,lowrank,8,1,0.09190859728779745,0.07676905973995686,"[-0.96875, -0.984375, 0.09190859728779745]"
B_shared,l14_last,17,lowrank,16,1,0.06919907603644308,0.051547884200357254,"[-0.9895833333333334, -0.9947916666666666, 0.06919907603644308]"
B_shared,l14_last,17,lowrank,32,1,0.05674049787177907,0.03418393493580971,"[-1.0, -1.0, 0.05674049787177907]"
B_shared,l14_last,17,lowrank,1,10,0.18052645097185438,0.1686527982784225,"[-0.5208333333333334, -0.7604166666666666, 0.18052645097185438]"
B_shared,l14_last,17,lowrank,2,10,0.16333252607508197,0.15047452224771093,"[-0.6458333333333334, -0.8229166666666666, 0.16333252607508197]"
B_shared,l14_last,17,lowrank,4,10,0.13916064292206512,0.12666763776761344,"[-0.7708333333333334, -0.8854166666666666, 0.13916064292206512]"
B_shared,l14_last,17,lowrank,8,10,0.11327005054037513,0.09816193221293577,"[-0.9583333333333334, -0.9791666666666666, 0.11327005054037513]"
B_shared,l14_last,17,lowrank,16,10,0.10218176100124732,0.0860976920742107,"[-0.9583333333333334, -0.9791666666666666, 0.10218176100124732]"
B_shared,l14_last,17,lowrank,32,10,0.09872642114884045,0.08137062375883058,"[-0.9583333333333334, -0.9791666666666666, 0.09872642114884045]"
B_shared,l14_last,17,full_delta,0,0.01,0.03072587505624161,0.0001456739974552131,"[-1.0, -1.0, 0.03072587505624161]"
B_shared,l14_last,17,full_delta,0,0.1,0.03260570061531049,0.0032728156928430955,"[-1.0, -1.0, 0.03260570061531049]"
B_shared,l14_last,17,full_delta,0,1,0.04770923002848296,0.023139261763733748,"[-1.0, -1.0, 0.04770923002848296]"
B_shared,l14_last,17,full_delta,0,10,0.0972452942265369,0.0795701906900369,"[-0.9583333333333334, -0.9791666666666666, 0.0972452942265369]"
B_shared,l14_last,17,full_affine,0,0.01,0.015632919073806678,4.853280815956853e-05,"[-1.0, -1.0, 0.015632919073806678]"
B_shared,l14_last,17,full_affine,0,0.1,0.01620828403606313,0.0011482530392648309,"[-1.0, -1.0, 0.01620828403606313]"
B_shared,l14_last,17,full_affine,0,1,0.02362330886319274,0.010247751951357317,"[-0.9895833333333334, -0.9947916666666666, 0.02362330886319274]"
B_shared,l14_last,17,full_affine,0,10,0.047210716042563224,0.03940877139998073,"[-0.6458333333333334, -0.7903645833333334, 0.047210716042563224]"
B_shared,l14_last,17,length_shift,0,0.01,0.23540946418877218,0.2146292697922664,"[-0.13541666666666666, -0.5677083333333334, 0.23540946418877218]"
B_shared,l14_last,17,length_shift,0,0.1,0.23492601216067768,0.2150091911889691,"[-0.10416666666666667, -0.5520833333333334, 0.23492601216067768]"
B_shared,l14_last,17,length_shift,0,1,0.23522228326055208,0.21687574840194304,"[-0.09375, -0.546875, 0.23522228326055208]"
B_shared,l14_last,17,length_shift,0,10,0.2348084015029365,0.2177969093589757,"[-0.09375, -0.5451388888888888, 0.2348084015029365]"
B_shared,l14_last,17,source_token_ridge,0,0.01,0.09172954502718365,0.05644806051886894,"[-0.9791666666666666, -0.9895833333333334, 0.09172954502718365]"
B_shared,l14_last,17,source_token_ridge,0,0.1,0.09039916582363376,0.05657611344249497,"[-0.9791666666666666, -0.9895833333333334, 0.09039916582363376]"
B_shared,l14_last,17,source_token_ridge,0,1,0.09426718170470656,0.062424453930409775,"[-0.96875, -0.984375, 0.09426718170470656]"
B_shared,l14_last,17,source_token_ridge,0,10,0.15389364744352302,0.12854857257523178,"[-0.5625, -0.78125, 0.15389364744352302]"
B_shared,l14_last,17,shuffled,1,0.01,0.17911966897097198,0.16729244500215865,"[-0.6458333333333334, -0.8229166666666666, 0.17911966897097198]"
B_shared,l14_last,17,shuffled,2,0.01,0.18705452018272425,0.17977987243704782,"[-0.65625, -0.8111111111111112, 0.18705452018272425]"
B_shared,l14_last,17,shuffled,4,0.01,0.18254933316589275,0.17666448456274106,"[-0.7395833333333334, -0.8324900793650793, 0.18254933316589275]"
B_shared,l14_last,17,shuffled,8,0.01,0.17077010359670433,0.1643679803274982,"[-0.6979166666666666, -0.7906340187590187, 0.17077010359670433]"
B_shared,l14_last,17,shuffled,16,0.01,0.16758724015933532,0.1642524394096472,"[-0.4479166666666667, -0.6123361592111592, 0.16758724015933532]"
B_shared,l14_last,17,shuffled,32,0.01,0.16852183546306773,0.16053662422060896,"[-0.2604166666666667, -0.4710247218059718, 0.16852183546306773]"
B_shared,l14_last,17,shuffled,1,0.1,0.1788848217435344,0.1670352113912922,"[-0.6458333333333334, -0.8229166666666666, 0.1788848217435344]"
B_shared,l14_last,17,shuffled,2,0.1,0.18360468167473762,0.1762100380282149,"[-0.65625, -0.8180555555555555, 0.18360468167473762]"
B_shared,l14_last,17,shuffled,4,0.1,0.17451521533801548,0.16905372242206626,"[-0.7604166666666666, -0.8522569444444444, 0.17451521533801548]"
B_shared,l14_last,17,shuffled,8,0.1,0.15898927726176515,0.1534077939951258,"[-0.7604166666666666, -0.8317877435064934, 0.15898927726176515]"
B_shared,l14_last,17,shuffled,16,0.1,0.15026168647398666,0.14862293382525835,"[-0.5833333333333334, -0.6982360810485809, 0.15026168647398666]"
B_shared,l14_last,17,shuffled,32,0.1,0.1438078686695157,0.14089595459354207,"[-0.4270833333333333, -0.5779483826358826, 0.1438078686695157]"
B_shared,l14_last,17,shuffled,1,1,0.17864565810179242,0.16674961164669014,"[-0.6354166666666666, -0.8177083333333334, 0.17864565810179242]"
B_shared,l14_last,17,shuffled,2,1,0.17792488376856408,0.16882281896950324,"[-0.71875, -0.859375, 0.17792488376856408]"
B_shared,l14_last,17,shuffled,4,1,0.1638964690519529,0.1552178771894063,"[-0.8125, -0.8975694444444443, 0.1638964690519529]"
B_shared,l14_last,17,shuffled,8,1,0.14082882035379032,0.13201185595380022,"[-0.8854166666666666, -0.9217261904761904, 0.14082882035379032]"
B_shared,l14_last,17,shuffled,16,1,0.12533988517077432,0.11930975768199283,"[-0.7916666666666666, -0.8525421626984127, 0.12533988517077432]"
B_shared,l14_last,17,shuffled,32,1,0.11345651224115054,0.10560036022543888,"[-0.6770833333333334, -0.7705109126984127, 0.11345651224115054]"
B_shared,l14_last,17,shuffled,1,10,0.18075159497062368,0.16889165280721205,"[-0.5416666666666666, -0.7708333333333334, 0.18075159497062368]"
B_shared,l14_last,17,shuffled,2,10,0.17203345667070877,0.16076590352910936,"[-0.6458333333333334, -0.8229166666666666, 0.17203345667070877]"
B_shared,l14_last,17,shuffled,4,10,0.15477430577704496,0.1422751162386585,"[-0.7291666666666666, -0.8645833333333334, 0.15477430577704496]"
B_shared,l14_last,17,shuffled,8,10,0.12915184945493166,0.11619894477634436,"[-0.90625, -0.953125, 0.12915184945493166]"
B_shared,l14_last,17,shuffled,16,10,0.11750571012338691,0.1050799199538812,"[-0.9583333333333334, -0.9791666666666666, 0.11750571012338691]"
B_shared,l14_last,17,shuffled,32,10,0.11346283537832974,0.10029411655318055,"[-0.9583333333333334, -0.9791666666666666, 0.11346283537832974]"
B_shared,l14_last,17,random_subspace,32,0.01,0.23426841046322822,0.22346127610357783,"[-0.03125, -0.515625, 0.23426841046322822]"
B_shared,l14_last,17,random_subspace,32,0.1,0.23428823593242673,0.223489641763979,"[-0.03125, -0.515625, 0.23428823593242673]"
B_shared,l14_last,17,random_subspace,32,1,0.23442105423071713,0.22366660822209497,"[-0.03125, -0.515625, 0.23442105423071713]"
B_shared,l14_last,17,random_subspace,32,10,0.23484774853551826,0.22416414465120438,"[-0.03125, -0.515625, 0.23484774853551826]"
B_conditional_f0,l14_last,17,rank1,1,0.01,0.20410987102523334,0.19384128640318998,[0.20410987102523334]
B_conditional_f0,l14_last,17,rank1,1,0.1,0.2041135812233773,0.19384811324209683,[0.2041135812233773]
B_conditional_f0,l14_last,17,rank1,1,1,0.2041597870757906,0.1939361482866646,[0.2041597870757906]
B_conditional_f0,l14_last,17,rank1,1,10,0.20664896981888511,0.19658515262233486,[0.20664896981888511]
B_conditional_f0,l14_last,17,lowrank,1,0.01,0.20410987102523334,0.19384128640318998,[0.20410987102523334]
B_conditional_f0,l14_last,17,lowrank,2,0.01,0.18705986185827017,0.171084868394605,[0.18705986185827017]
B_conditional_f0,l14_last,17,lowrank,4,0.01,0.14913583908396172,0.13623147551030063,[0.14913583908396172]
B_conditional_f0,l14_last,17,lowrank,8,0.01,0.11401746681184849,0.0940916887423325,[0.11401746681184849]
B_conditional_f0,l14_last,17,lowrank,16,0.01,0.08675059871058732,0.05947549953397749,[0.08675059871058732]
B_conditional_f0,l14_last,17,lowrank,32,0.01,0.07100356322015451,0.03155693945185476,[0.07100356322015451]
B_conditional_f0,l14_last,17,lowrank,1,0.1,0.2041135812233773,0.19384811324209683,[0.2041135812233773]
B_conditional_f0,l14_last,17,lowrank,2,0.1,0.18694893077079197,0.1711144562784214,[0.18694893077079197]
B_conditional_f0,l14_last,17,lowrank,4,0.1,0.14916091828833408,0.13634200239598948,[0.14916091828833408]
B_conditional_f0,l14_last,17,lowrank,8,0.1,0.11289512558236087,0.09435555354209235,[0.11289512558236087]
B_conditional_f0,l14_last,17,lowrank,16,0.1,0.08658080443406428,0.05997058075580616,[0.08658080443406428]
B_conditional_f0,l14_last,17,lowrank,32,0.1,0.07073347122669359,0.03247657678153098,[0.07073347122669359]
B_conditional_f0,l14_last,17,lowrank,1,1,0.2041597870757906,0.1939361482866646,[0.2041597870757906]
B_conditional_f0,l14_last,17,lowrank,2,1,0.18675155392834783,0.1714066102213522,[0.18675155392834783]
B_conditional_f0,l14_last,17,lowrank,4,1,0.1500144062333498,0.13741136274985877,[0.1500144062333498]
B_conditional_f0,l14_last,17,lowrank,8,1,0.11389533330889527,0.0964410047663673,[0.11389533330889527]
B_conditional_f0,l14_last,17,lowrank,16,1,0.08898326635033715,0.06539199549817375,[0.08898326635033715]
B_conditional_f0,l14_last,17,lowrank,32,1,0.0755625029958442,0.043851349418585796,[0.0755625029958442]
B_conditional_f0,l14_last,17,lowrank,1,10,0.20664896981888511,0.19658515262233486,[0.20664896981888511]
B_conditional_f0,l14_last,17,lowrank,2,10,0.19123178591843415,0.17740416209263207,[0.19123178591843415]
B_conditional_f0,l14_last,17,lowrank,4,10,0.16332059307370447,0.15081490571215858,[0.16332059307370447]
B_conditional_f0,l14_last,17,lowrank,8,10,0.13654569283712537,0.12076745044548576,[0.13654569283712537]
B_conditional_f0,l14_last,17,lowrank,16,10,0.12400621628104787,0.10605464261358756,[0.12400621628104787]
B_conditional_f0,l14_last,17,lowrank,32,10,0.12017788715977691,0.10026395629607841,[0.12017788715977691]
B_conditional_f0,l14_last,17,full_delta,0,0.01,0.04840969752829036,0.00020123350014302727,[0.04840969752829036]
B_conditional_f0,l14_last,17,full_delta,0,0.1,0.049554527923208615,0.004460357872232757,[0.049554527923208615]
B_conditional_f0,l14_last,17,full_delta,0,1,0.06508722097983279,0.030439247261390856,[0.06508722097983279]
B_conditional_f0,l14_last,17,full_delta,0,10,0.11843719419867339,0.09805261878021276,[0.11843719419867339]
B_conditional_f0,l14_last,17,full_affine,0,0.01,0.040965469410326305,0.00012425880295889266,[0.040965469410326305]
B_conditional_f0,l14_last,17,full_affine,0,0.1,0.042086803458773026,0.002877791533471374,[0.042086803458773026]
B_conditional_f0,l14_last,17,full_affine,0,1,0.05706187401835855,0.024226390413372906,[0.05706187401835855]
B_conditional_f0,l14_last,17,full_affine,0,10,0.10729724855355478,0.09072201753519711,[0.10729724855355478]
B_conditional_f0,l14_last,17,length_shift,0,0.01,0.26137059087115816,0.24016731956586046,[0.26137059087115816]
B_conditional_f0,l14_last,17,length_shift,0,0.1,0.2607802306018124,0.24062305429037867,[0.2607802306018124]
B_conditional_f0,l14_last,17,length_shift,0,1,0.2611166633691392,0.24286201940508023,[0.2611166633691392]
B_conditional_f0,l14_last,17,length_shift,0,10,0.26059364741147256,0.24396240524173507,[0.26059364741147256]
B_conditional_f0,l14_last,17,source_token_ridge,0,0.01,0.11009675882012465,0.058264925948968156,[0.11009675882012465]
B_conditional_f0,l14_last,17,source_token_ridge,0,0.1,0.10791656888620789,0.058421137021408075,[0.10791656888620789]
B_conditional_f0,l14_last,17,source_token_ridge,0,1,0.10910150910905377,0.06550261741030293,[0.10910150910905377]
B_conditional_f0,l14_last,17,source_token_ridge,0,10,0.17158868321746193,0.14261395976433147,[0.17158868321746193]
B_conditional_f0,l14_last,17,shuffled,1,0.01,0.21635056670666244,0.20916248845616803,[0.21635056670666244]
B_conditional_f0,l14_last,17,shuffled,2,0.01,0.24900675265927955,0.2498163473544501,[0.24900675265927955]
B_conditional_f0,l14_last,17,shuffled,4,0.01,0.2735966638797153,0.28100411661420105,[0.2735966638797153]
B_conditional_f0,l14_last,17,shuffled,8,0.01,0.302011735406178,0.3072175458151913,[0.302011735406178]
B_conditional_f0,l14_last,17,shuffled,16,0.01,0.3141972766743489,0.32264520500225347,[0.3141972766743489]
B_conditional_f0,l14_last,17,shuffled,32,0.01,0.3381702494940055,0.33792657314588564,[0.3381702494940055]
B_conditional_f0,l14_last,17,shuffled,1,0.1,0.20980544339045895,0.200978875956089,[0.20980544339045895]
B_conditional_f0,l14_last,17,shuffled,2,0.1,0.24001540825694115,0.24100098400493475,[0.24001540825694115]
B_conditional_f0,l14_last,17,shuffled,4,0.1,0.2530679994341653,0.2620368765180205,[0.2530679994341653]
B_conditional_f0,l14_last,17,shuffled,8,0.1,0.2706534717141027,0.2799790154977127,[0.2706534717141027]
B_conditional_f0,l14_last,17,shuffled,16,0.1,0.2721691146453622,0.28912018258876876,[0.2721691146453622]
B_conditional_f0,l14_last,17,shuffled,32,0.1,0.2803761551342674,0.295833959983879,[0.2803761551342674]
B_conditional_f0,l14_last,17,shuffled,1,1,0.2062427701651842,0.19639124873640443,[0.2062427701651842]
B_conditional_f0,l14_last,17,shuffled,2,1,0.22692428991194968,0.22422925280635017,[0.22692428991194968]
B_conditional_f0,l14_last,17,shuffled,4,1,0.22744247471205306,0.22928241041247124,[0.22744247471205306]
B_conditional_f0,l14_last,17,shuffled,8,1,0.2275048864136218,0.22996813154266071,[0.2275048864136218]
B_conditional_f0,l14_last,17,shuffled,16,1,0.21844502340782687,0.22670741938348357,[0.21844502340782687]
B_conditional_f0,l14_last,17,shuffled,32,1,0.21146647071237598,0.21882370550546124,[0.21146647071237598]
B_conditional_f0,l14_last,17,shuffled,1,10,0.2074326602580048,0.19743096754340198,[0.2074326602580048]
B_conditional_f0,l14_last,17,shuffled,2,10,0.21003663047252366,0.20327056232754245,[0.21003663047252366]
B_conditional_f0,l14_last,17,shuffled,4,10,0.19959551506381001,0.19299911498060007,[0.19959551506381001]
B_conditional_f0,l14_last,17,shuffled,8,10,0.18378436290507047,0.17708305087700316,[0.18378436290507047]
B_conditional_f0,l14_last,17,shuffled,16,10,0.17483292710503154,0.16976593391402375,[0.17483292710503154]
B_conditional_f0,l14_last,17,shuffled,32,10,0.17124661545193542,0.16561434903679717,[0.17124661545193542]
B_conditional_f0,l14_last,17,random_subspace,32,0.01,0.2600292504202497,0.2508943434693938,[0.2600292504202497]
B_conditional_f0,l14_last,17,random_subspace,32,0.1,0.26004447789894847,0.25093229286549906,[0.26004447789894847]
B_conditional_f0,l14_last,17,random_subspace,32,1,0.26019053575088363,0.2511629586571245,[0.26019053575088363]
B_conditional_f0,l14_last,17,random_subspace,32,10,0.2606655635805027,0.2517667552242788,[0.2606655635805027]
B_conditional_f1,l14_last,17,rank1,1,0.01,0.2168111497530727,0.20226562902845469,[0.2168111497530727]
B_conditional_f1,l14_last,17,rank1,1,0.1,0.21678899817214428,0.20227283793212,[0.21678899817214428]
B_conditional_f1,l14_last,17,rank1,1,1,0.21681622910043144,0.20235108395210277,[0.21681622910043144]
B_conditional_f1,l14_last,17,rank1,1,10,0.2192982550322923,0.20496210471363605,[0.2192982550322923]
B_conditional_f1,l14_last,17,lowrank,1,0.01,0.2168111497530727,0.20226562902845469,[0.2168111497530727]
B_conditional_f1,l14_last,17,lowrank,2,0.01,0.19840305253748314,0.1803047408374073,[0.19840305253748314]
B_conditional_f1,l14_last,17,lowrank,4,0.01,0.16306654825104172,0.1450718486415585,[0.16306654825104172]
B_conditional_f1,l14_last,17,lowrank,8,0.01,0.11977616301235579,0.09832388484430656,[0.11977616301235579]
B_conditional_f1,l14_last,17,lowrank,16,0.01,0.0911759909732333,0.06276115086170798,[0.0911759909732333]
B_conditional_f1,l14_last,17,lowrank,32,0.01,0.07265873247429822,0.0338441398414786,[0.07265873247429822]
B_conditional_f1,l14_last,17,lowrank,1,0.1,0.21678899817214428,0.20227283793212,[0.21678899817214428]
B_conditional_f1,l14_last,17,lowrank,2,0.1,0.19834109753300733,0.18033016748245614,[0.19834109753300733]
B_conditional_f1,l14_last,17,lowrank,4,0.1,0.1628766064602685,0.14516450430063152,[0.1628766064602685]
B_conditional_f1,l14_last,17,lowrank,8,0.1,0.11973054076797256,0.09852336176507503,[0.11973054076797256]
B_conditional_f1,l14_last,17,lowrank,16,0.1,0.09076404341311907,0.06322007876542977,[0.09076404341311907]
B_conditional_f1,l14_last,17,lowrank,32,0.1,0.07215289582484351,0.03471220979639488,[0.07215289582484351]
B_conditional_f1,l14_last,17,lowrank,1,1,0.21681622910043144,0.20235108395210277,[0.21681622910043144]
B_conditional_f1,l14_last,17,lowrank,2,1,0.1984326655849321,0.18056176344453748,[0.1984326655849321]
B_conditional_f1,l14_last,17,lowrank,4,1,0.16298641943699718,0.14605711922488143,[0.16298641943699718]
B_conditional_f1,l14_last,17,lowrank,8,1,0.12138091426671933,0.1005622037691254,[0.12138091426671933]
B_conditional_f1,l14_last,17,lowrank,16,1,0.09380794802515673,0.0684121916546041,[0.09380794802515673]
B_conditional_f1,l14_last,17,lowrank,32,1,0.07827927559375199,0.04592609205623277,[0.07827927559375199]
B_conditional_f1,l14_last,17,lowrank,1,10,0.2192982550322923,0.20496210471363605,[0.2192982550322923]
B_conditional_f1,l14_last,17,lowrank,2,10,0.20329698301169352,0.18613623828021356,[0.20329698301169352]
B_conditional_f1,l14_last,17,lowrank,4,10,0.1751050146309617,0.15899678636923123,[0.1751050146309617]
B_conditional_f1,l14_last,17,lowrank,8,10,0.14537260545238503,0.12575589297938564,[0.14537260545238503]
B_conditional_f1,l14_last,17,lowrank,16,10,0.13149186665679066,0.11028493176423305,[0.13149186665679066]
B_conditional_f1,l14_last,17,lowrank,32,10,0.12713141702333663,0.1041821447123698,[0.12713141702333663]
B_conditional_f1,l14_last,17,full_delta,0,0.01,0.04830964927292056,0.0002153669542070051,[0.04830964927292056]
B_conditional_f1,l14_last,17,full_delta,0,0.1,0.04886628194128708,0.004566428104941465,[0.04886628194128708]
B_conditional_f1,l14_last,17,full_delta,0,1,0.06660844442089069,0.03134620374498038,[0.06660844442089069]
B_conditional_f1,l14_last,17,full_delta,0,10,0.12518967873639097,0.10177298220112214,[0.12518967873639097]
B_conditional_f1,l14_last,17,full_affine,0,0.01,0.03752276376644998,0.00012919549441500817,[0.03752276376644998]
B_conditional_f1,l14_last,17,full_affine,0,0.1,0.03773173859922931,0.0027915915446544252,[0.03773173859922931]
B_conditional_f1,l14_last,17,full_affine,0,1,0.05301699628673447,0.023164405927610307,[0.05301699628673447]
B_conditional_f1,l14_last,17,full_affine,0,10,0.10176405855688075,0.08471246096446354,[0.10176405855688075]
B_conditional_f1,l14_last,17,length_shift,0,0.01,0.27312917221865424,0.24856358344316976,[0.27312917221865424]
B_conditional_f1,l14_last,17,length_shift,0,0.1,0.2727413246540639,0.2489921627636196,[0.2727413246540639]
B_conditional_f1,l14_last,17,length_shift,0,1,0.2733314412850665,0.2510980191220655,[0.2733314412850665]
B_conditional_f1,l14_last,17,length_shift,0,10,0.2729097080313387,0.2521557243258785,[0.2729097080313387]
B_conditional_f1,l14_last,17,source_token_ridge,0,0.01,0.110716803812423,0.058427279987053916,[0.110716803812423]
B_conditional_f1,l14_last,17,source_token_ridge,0,0.1,0.10845319773999311,0.058592689024264476,[0.10845319773999311]
B_conditional_f1,l14_last,17,source_token_ridge,0,1,0.11042237710320668,0.06608623345438873,[0.11042237710320668]
B_conditional_f1,l14_last,17,source_token_ridge,0,10,0.17878476225902795,0.14690432622498323,[0.17878476225902795]
B_conditional_f1,l14_last,17,shuffled,1,0.01,0.21912353259589254,0.20519044023386077,[0.21912353259589254]
B_conditional_f1,l14_last,17,shuffled,2,0.01,0.25917103693052085,0.25633774292055994,[0.25917103693052085]
B_conditional_f1,l14_last,17,shuffled,4,0.01,0.28329656723813873,0.28441373630272704,[0.28329656723813873]
B_conditional_f1,l14_last,17,shuffled,8,0.01,0.29108843692349706,0.296016314774469,[0.29108843692349706]
B_conditional_f1,l14_last,17,shuffled,16,0.01,0.3014255066065755,0.3059104684780425,[0.3014255066065755]
B_conditional_f1,l14_last,17,shuffled,32,0.01,0.3213721672922923,0.3184146556669269,[0.3213721672922923]
B_conditional_f1,l14_last,17,shuffled,1,0.1,0.21828302531607022,0.20418549520574036,[0.21828302531607022]
B_conditional_f1,l14_last,17,shuffled,2,0.1,0.25047058226816626,0.2473688438806799,[0.25047058226816626]
B_conditional_f1,l14_last,17,shuffled,4,0.1,0.2597529646821545,0.26339193431744246,[0.2597529646821545]
B_conditional_f1,l14_last,17,shuffled,8,0.1,0.26388460857687085,0.27079590224598465,[0.26388460857687085]
B_conditional_f1,l14_last,17,shuffled,16,0.1,0.26269780392823133,0.27517612092269667,[0.26269780392823133]
B_conditional_f1,l14_last,17,shuffled,32,0.1,0.26801194372583537,0.27875056054142805,[0.26801194372583537]
B_conditional_f1,l14_last,17,shuffled,1,1,0.21770606326106798,0.20351937720221067,[0.21770606326106798]
B_conditional_f1,l14_last,17,shuffled,2,1,0.23767354101913543,0.23050416737081605,[0.23767354101913543]
B_conditional_f1,l14_last,17,shuffled,4,1,0.23398122406173405,0.23123234419879912,[0.23398122406173405]
B_conditional_f1,l14_last,17,shuffled,8,1,0.2264285944366297,0.2252523137626999,[0.2264285944366297]
B_conditional_f1,l14_last,17,shuffled,16,1,0.21667319900566828,0.21936318999615065,[0.21667319900566828]
B_conditional_f1,l14_last,17,shuffled,32,1,0.20660834444004936,0.20879640631536214,[0.20660834444004936]
B_conditional_f1,l14_last,17,shuffled,1,10,0.2196327016982119,0.20546218086342596,[0.2196327016982119]
B_conditional_f1,l14_last,17,shuffled,2,10,0.22171145962574104,0.2105447334163527,[0.22171145962574104]
B_conditional_f1,l14_last,17,shuffled,4,10,0.2092043913818544,0.1986170285421852,[0.2092043913818544]
B_conditional_f1,l14_last,17,shuffled,8,10,0.1901157195292671,0.179501654347356,[0.1901157195292671]
B_conditional_f1,l14_last,17,shuffled,16,10,0.18029908998831176,0.1705675839027795,[0.18029908998831176]
B_conditional_f1,l14_last,17,shuffled,32,10,0.17611778298547884,0.1659156518530259,[0.17611778298547884]
B_conditional_f1,l14_last,17,random_subspace,32,0.01,0.2727757462441132,0.25951885459410123,[0.2727757462441132]
B_conditional_f1,l14_last,17,random_subspace,32,0.1,0.2727877568011705,0.25955914717376666,[0.2727877568011705]
B_conditional_f1,l14_last,17,random_subspace,32,1,0.27294305666568636,0.2597944979169236,[0.27294305666568636]
B_conditional_f1,l14_last,17,random_subspace,32,10,0.27345160712135086,0.2604115992280223,[0.27345160712135086]
B_conditional_f2,l14_last,17,rank1,1,0.01,0.27075038914923916,0.2610093710431138,[0.27075038914923916]
B_conditional_f2,l14_last,17,rank1,1,0.1,0.2707536984367305,0.26101077553037855,[0.2707536984367305]
B_conditional_f2,l14_last,17,rank1,1,1,0.2708069388815384,0.2610581519625029,[0.2708069388815384]
B_conditional_f2,l14_last,17,rank1,1,10,0.2733073231856776,0.263594089995692,[0.2733073231856776]
B_conditional_f2,l14_last,17,lowrank,1,0.01,0.27075038914923916,0.2610093710431138,[0.27075038914923916]
B_conditional_f2,l14_last,17,lowrank,2,0.01,0.23856475037284586,0.22464370563988126,[0.23856475037284586]
B_conditional_f2,l14_last,17,lowrank,4,0.01,0.1979305304800717,0.17685258680350646,[0.1979305304800717]
B_conditional_f2,l14_last,17,lowrank,8,0.01,0.13743186118142667,0.11369270069811528,[0.13743186118142667]
B_conditional_f2,l14_last,17,lowrank,16,0.01,0.09487367145045139,0.06746172275217081,[0.09487367145045139]
B_conditional_f2,l14_last,17,lowrank,32,0.01,0.06749811451772766,0.03292677544956876,[0.06749811451772766]
B_conditional_f2,l14_last,17,lowrank,1,0.1,0.2707536984367305,0.26101077553037855,[0.2707536984367305]
B_conditional_f2,l14_last,17,lowrank,2,0.1,0.23861557599805697,0.22467164622889915,[0.23861557599805697]
B_conditional_f2,l14_last,17,lowrank,4,0.1,0.19801907750414408,0.17690431449891705,[0.19801907750414408]
B_conditional_f2,l14_last,17,lowrank,8,0.1,0.13754309889381516,0.11376224773460082,[0.13754309889381516]
B_conditional_f2,l14_last,17,lowrank,16,0.1,0.09511144616738071,0.06762422131393857,[0.09511144616738071]
B_conditional_f2,l14_last,17,lowrank,32,0.1,0.06794970069170557,0.03331720974657177,[0.06794970069170557]
B_conditional_f2,l14_last,17,lowrank,1,1,0.2708069388815384,0.2610581519625029,[0.2708069388815384]
B_conditional_f2,l14_last,17,lowrank,2,1,0.23902545772981712,0.22507457184259794,[0.23902545772981712]
B_conditional_f2,l14_last,17,lowrank,4,1,0.19872416191087328,0.1777273694033746,[0.19872416191087328]
B_conditional_f2,l14_last,17,lowrank,8,1,0.1388712618620663,0.11525482112087676,[0.1388712618620663]
B_conditional_f2,l14_last,17,lowrank,16,1,0.09886312978630629,0.07190874073378309,[0.09886312978630629]
B_conditional_f2,l14_last,17,lowrank,32,1,0.07690285320124918,0.044091633363655736,[0.07690285320124918]
B_conditional_f2,l14_last,17,lowrank,1,10,0.2733073231856776,0.263594089995692,[0.2733073231856776]
B_conditional_f2,l14_last,17,lowrank,2,10,0.2456808855096663,0.23217047091436552,[0.2456808855096663]
B_conditional_f2,l14_last,17,lowrank,4,10,0.21239448189154594,0.19357203356357341,[0.21239448189154594]
B_conditional_f2,l14_last,17,lowrank,8,10,0.167783308306346,0.14695446335672738,[0.167783308306346]
B_conditional_f2,l14_last,17,lowrank,16,10,0.14774879479538064,0.12557790944832073,[0.14774879479538064]
B_conditional_f2,l14_last,17,lowrank,32,10,0.14173413243177976,0.11792803067477431,[0.14173413243177976]
B_conditional_f2,l14_last,17,full_delta,0,0.01,0.033958899448261866,0.00015035007112384593,[0.033958899448261866]
B_conditional_f2,l14_last,17,full_delta,0,0.1,0.03823831329180663,0.0035737881634810933,[0.03823831329180663]
B_conditional_f2,l14_last,17,full_delta,0,1,0.06274986626183053,0.029477730038391523,[0.06274986626183053]
B_conditional_f2,l14_last,17,full_delta,0,10,0.13941354601468112,0.1155103240281141,[0.13941354601468112]
B_conditional_f2,l14_last,17,full_affine,0,0.01,0.006911145125391694,2.2072660213043918e-05,[0.006911145125391694]
B_conditional_f2,l14_last,17,full_affine,0,0.1,0.007648331360557886,0.0005575031017947218,[0.007648331360557886]
B_conditional_f2,l14_last,17,full_affine,0,1,0.012108897861590329,0.005197855266650253,[0.012108897861590329]
B_conditional_f2,l14_last,17,full_affine,0,10,0.02387537728738884,0.01941718863961979,[0.02387537728738884]
B_conditional_f2,l14_last,17,length_shift,0,0.01,0.3247303405501552,0.30062011284537316,[0.3247303405501552]
B_conditional_f2,l14_last,17,length_shift,0,0.1,0.323984034136676,0.3012934807654915,[0.323984034136676]
B_conditional_f2,l14_last,17,length_shift,0,1,0.32472634859656174,0.30460190339935966,[0.32472634859656174]
B_conditional_f2,l14_last,17,length_shift,0,10,0.324398265447683,0.3062472511436513,[0.324398265447683]
B_conditional_f2,l14_last,17,source_token_ridge,0,0.01,0.1063516181065637,0.05713273097227443,[0.1063516181065637]
B_conditional_f2,l14_last,17,source_token_ridge,0,0.1,0.10484647216302945,0.05732971641180007,[0.10484647216302945]
B_conditional_f2,l14_last,17,source_token_ridge,0,1,0.11232348612453287,0.06661746272746928,[0.11232348612453287]
B_conditional_f2,l14_last,17,source_token_ridge,0,10,0.20504592864170035,0.17032667076996347,[0.20504592864170035]
B_conditional_f2,l14_last,17,shuffled,1,0.01,0.2711376734105255,0.2612735198271368,[0.2711376734105255]
B_conditional_f2,l14_last,17,shuffled,2,0.01,0.2451883597230907,0.2312268040965316,[0.2451883597230907]
B_conditional_f2,l14_last,17,shuffled,4,0.01,0.21508020904717595,0.19690486904334104,[0.21508020904717595]
B_conditional_f2,l14_last,17,shuffled,8,0.01,0.16476300544914613,0.14437709559884357,[0.16476300544914613]
B_conditional_f2,l14_last,17,shuffled,16,0.01,0.14112228150238948,0.11813786798968891,[0.14112228150238948]
B_conditional_f2,l14_last,17,shuffled,32,0.01,0.12326293469561585,0.09443040486390149,[0.12326293469561585]
B_conditional_f2,l14_last,17,shuffled,1,0.1,0.2710992321171685,0.26125041699042023,[0.2710992321171685]
B_conditional_f2,l14_last,17,shuffled,2,0.1,0.24514787577931055,0.2312029687487501,[0.24514787577931055]
B_conditional_f2,l14_last,17,shuffled,4,0.1,0.21320216066022465,0.1950873779200301,[0.21320216066022465]
B_conditional_f2,l14_last,17,shuffled,8,0.1,0.16112783856620638,0.14102868593253962,[0.16112783856620638]
B_conditional_f2,l14_last,17,shuffled,16,0.1,0.1333344793919373,0.1125050579959271,[0.1333344793919373]
B_conditional_f2,l14_last,17,shuffled,32,0.1,0.11260161217660748,0.08679607627658442,[0.11260161217660748]
B_conditional_f2,l14_last,17,shuffled,1,1,0.271107148499118,0.2612606586428405,[0.271107148499118]
B_conditional_f2,l14_last,17,shuffled,2,1,0.24522539940410884,0.23122344593203162,[0.24522539940410884]
B_conditional_f2,l14_last,17,shuffled,4,1,0.21166352876351668,0.19322864807642146,[0.21166352876351668]
B_conditional_f2,l14_last,17,shuffled,8,1,0.1588709690643211,0.13866044138970426,[0.1588709690643211]
B_conditional_f2,l14_last,17,shuffled,16,1,0.12636706310967416,0.10552025211304572,[0.12636706310967416]
B_conditional_f2,l14_last,17,shuffled,32,1,0.10728230155004108,0.0820435392435052,[0.10728230155004108]
B_conditional_f2,l14_last,17,shuffled,1,10,0.273509833139093,0.2637177352883911,[0.273509833139093]
B_conditional_f2,l14_last,17,shuffled,2,10,0.25002812575907457,0.23639647964743235,[0.25002812575907457]
B_conditional_f2,l14_last,17,shuffled,4,10,0.22133081474472563,0.20398449019484943,[0.22133081474472563]
B_conditional_f2,l14_last,17,shuffled,8,10,0.1810503361436906,0.16229760432711415,[0.1810503361436906]
B_conditional_f2,l14_last,17,shuffled,16,10,0.16293372621558075,0.14357801201886625,[0.16293372621558075]
B_conditional_f2,l14_last,17,shuffled,32,10,0.15743355372048765,0.1367710672828477,[0.15743355372048765]
B_conditional_f2,l14_last,17,random_subspace,32,0.01,0.32712587503825813,0.3183807036390149,[0.32712587503825813]
B_conditional_f2,l14_last,17,random_subspace,32,0.1,0.32716612990835997,0.31841142771636144,[0.32716612990835997]
B_conditional_f2,l14_last,17,random_subspace,32,1,0.3273823047232425,0.31864115687246625,[0.3273823047232425]
B_conditional_f2,l14_last,17,random_subspace,32,10,0.32801678151380004,0.3193650669247832,[0.32801678151380004]
B_shared,l14_last,29,rank1,1,0.01,0.17786947719890747,0.17296186680517026,"[-0.7083333333333334, -0.8506944444444443, 0.17786947719890747]"
B_shared,l14_last,29,rank1,1,0.1,0.17787095157013108,0.17296419123979712,"[-0.7083333333333334, -0.8506944444444443, 0.17787095157013108]"
B_shared,l14_last,29,rank1,1,1,0.17792035553317118,0.1730179702668069,"[-0.6875, -0.8402777777777777, 0.17792035553317118]"
B_shared,l14_last,29,rank1,1,10,0.18051124576155028,0.17566470099412065,"[-0.5416666666666666, -0.7708333333333334, 0.18051124576155028]"
B_shared,l14_last,29,lowrank,1,0.01,0.17786947719890747,0.17296186680517026,"[-0.7083333333333334, -0.8506944444444443, 0.17786947719890747]"
B_shared,l14_last,29,lowrank,2,0.01,0.1543776563099787,0.1460972895167587,"[-0.7916666666666666, -0.8958333333333334, 0.1543776563099787]"
B_shared,l14_last,29,lowrank,4,0.01,0.12960062753691648,0.11660368288180445,"[-0.875, -0.9375, 0.12960062753691648]"
B_shared,l14_last,29,lowrank,8,0.01,0.09229845396919607,0.07733426538823272,"[-1.0, -1.0, 0.09229845396919607]"
B_shared,l14_last,29,lowrank,16,0.01,0.0678513713537258,0.049058090151483734,"[-1.0, -1.0, 0.0678513713537258]"
B_shared,l14_last,29,lowrank,32,0.01,0.05250440563712599,0.02594337493603473,"[-1.0, -1.0, 0.05250440563712599]"
B_shared,l14_last,29,lowrank,1,0.1,0.17787095157013108,0.17296419123979712,"[-0.7083333333333334, -0.8506944444444443, 0.17787095157013108]"
B_shared,l14_last,29,lowrank,2,0.1,0.15438257962873544,0.1461102670719401,"[-0.7916666666666666, -0.8958333333333334, 0.15438257962873544]"
B_shared,l14_last,29,lowrank,4,0.1,0.1296249172216569,0.11662773570988015,"[-0.8645833333333334, -0.9322916666666666, 0.1296249172216569]"
B_shared,l14_last,29,lowrank,8,0.1,0.0923584293125592,0.07739264761886033,"[-1.0, -1.0, 0.0923584293125592]"
B_shared,l14_last,29,lowrank,16,0.1,0.06800860399832406,0.04922645661553274,"[-1.0, -1.0, 0.06800860399832406]"
B_shared,l14_last,29,lowrank,32,0.1,0.05259716256134372,0.026362206869067747,"[-1.0, -1.0, 0.05259716256134372]"
B_shared,l14_last,29,lowrank,1,1,0.17792035553317118,0.1730179702668069,"[-0.6875, -0.8402777777777777, 0.17792035553317118]"
B_shared,l14_last,29,lowrank,2,1,0.15459173401024426,0.14632033844265016,"[-0.7916666666666666, -0.8958333333333334, 0.15459173401024426]"
B_shared,l14_last,29,lowrank,4,1,0.13017473625613002,0.11715573663853061,"[-0.8541666666666666, -0.9270833333333334, 0.13017473625613002]"
B_shared,l14_last,29,lowrank,8,1,0.0934454163146499,0.07847469121146104,"[-0.9791666666666666, -0.9895833333333334, 0.0934454163146499]"
B_shared,l14_last,29,lowrank,16,1,0.07082115457133147,0.052465512113406616,"[-1.0, -1.0, 0.07082115457133147]"
B_shared,l14_last,29,lowrank,32,1,0.05816834919063788,0.03449941410038906,"[-1.0, -1.0, 0.05816834919063788]"
B_shared,l14_last,29,lowrank,1,10,0.18051124576155028,0.17566470099412065,"[-0.5416666666666666, -0.7708333333333334, 0.18051124576155028]"
B_shared,l14_last,29,lowrank,2,10,0.1603217838854152,0.15219509101980871,"[-0.6666666666666666, -0.8333333333333334, 0.1603217838854152]"
B_shared,l14_last,29,lowrank,4,10,0.14093589388353536,0.12923012701525963,"[-0.8125, -0.90625, 0.14093589388353536]"
B_shared,l14_last,29,lowrank,8,10,0.11402768203176461,0.10028729250146873,"[-0.9375, -0.96875, 0.11402768203176461]"
B_shared,l14_last,29,lowrank,16,10,0.10299540690560342,0.08783125484753225,"[-0.96875, -0.984375, 0.10299540690560342]"
B_shared,l14_last,29,lowrank,32,10,0.09955051442911449,0.08304559086588774,"[-0.96875, -0.984375, 0.09955051442911449]"
B_shared,l14_last,29,full_delta,0,0.01,0.03135616401506019,0.00013587342417821266,"[-1.0, -1.0, 0.03135616401506019]"
B_shared,l14_last,29,full_delta,0,0.1,0.032931494814250985,0.003206685185021167,"[-1.0, -1.0, 0.032931494814250985]"
B_shared,l14_last,29,full_delta,0,1,0.04834699473888032,0.02335288568150128,"[-1.0, -1.0, 0.04834699473888032]"
B_shared,l14_last,29,full_delta,0,10,0.09791311142153214,0.08120759501805071,"[-0.96875, -0.984375, 0.09791311142153214]"
B_shared,l14_last,29,full_affine,0,0.01,0.016623129826197586,4.751108251688021e-05,"[-0.9791666666666666, -0.9895833333333334, 0.016623129826197586]"
B_shared,l14_last,29,full_affine,0,0.1,0.017179164284332946,0.0011488541994524421,"[-0.9791666666666666, -0.9895833333333334, 0.017179164284332946]"
B_shared,l14_last,29,full_affine,0,1,0.025019302504201663,0.010303248232314809,"[-0.9479166666666666, -0.9696180555555555, 0.025019302504201663]"
B_shared,l14_last,29,full_affine,0,10,0.04900818224578488,0.039345945703882834,"[-0.6770833333333334, -0.7957589285714285, 0.04900818224578488]"
B_shared,l14_last,29,length_shift,0,0.01,0.23740654906851835,0.2207211997167835,"[-0.125, -0.5607638888888888, 0.23740654906851835]"
B_shared,l14_last,29,length_shift,0,0.1,0.2365390443090246,0.22115103527524846,"[-0.11458333333333333, -0.5555555555555555, 0.2365390443090246]"
B_shared,l14_last,29,length_shift,0,1,0.2364287232143534,0.22340968977177122,"[-0.09375, -0.546875, 0.2364287232143534]"
B_shared,l14_last,29,length_shift,0,10,0.23587152671963627,0.22453326028664486,"[-0.09375, -0.546875, 0.23587152671963627]"
B_shared,l14_last,29,source_token_ridge,0,0.01,0.09139918244940737,0.05827366743505924,"[-1.0, -1.0, 0.09139918244940737]"
B_shared,l14_last,29,source_token_ridge,0,0.1,0.09016232368589305,0.058435259400499685,"[-1.0, -1.0, 0.09016232368589305]"
B_shared,l14_last,29,source_token_ridge,0,1,0.09486193531682845,0.06450551015123923,"[-1.0, -1.0, 0.09486193531682845]"
B_shared,l14_last,29,source_token_ridge,0,10,0.15290252234480178,0.13066859262274458,"[-0.5625, -0.78125, 0.15290252234480178]"
B_shared,l14_last,29,shuffled,1,0.01,0.17849681665994033,0.17390613993029355,"[-0.6666666666666666, -0.829861111111111, 0.17849681665994033]"
B_shared,l14_last,29,shuffled,2,0.01,0.173511268530815,0.16954173521990942,"[-0.8229166666666666, -0.9114583333333334, 0.173511268530815]"
B_shared,l14_last,29,shuffled,4,0.01,0.18953367149073894,0.17878796675387376,"[-0.78125, -0.8709201388888889, 0.18953367149073894]"
B_shared,l14_last,29,shuffled,8,0.01,0.17671655226795072,0.16262106905238827,"[-0.6145833333333334, -0.7339203042328042, 0.17671655226795072]"
B_shared,l14_last,29,shuffled,16,0.01,0.17929335218882192,0.1651981832118636,"[-0.3645833333333333, -0.5431262025012026, 0.17929335218882192]"
B_shared,l14_last,29,shuffled,32,0.01,0.17861934951896039,0.16050804833139498,"[-0.21875, -0.4159684644059644, 0.17861934951896039]"
B_shared,l14_last,29,shuffled,1,0.1,0.1784096516957564,0.17379184588716057,"[-0.6666666666666666, -0.829861111111111, 0.1784096516957564]"
B_shared,l14_last,29,shuffled,2,0.1,0.1704537386159557,0.16717594388507054,"[-0.8125, -0.90625, 0.1704537386159557]"
B_shared,l14_last,29,shuffled,4,0.1,0.1792717321543199,0.17229242313082205,"[-0.8125, -0.8921130952380952, 0.1792717321543199]"
B_shared,l14_last,29,shuffled,8,0.1,0.16140645230483747,0.1522431686721248,"[-0.6875, -0.7932539682539682, 0.16140645230483747]"
B_shared,l14_last,29,shuffled,16,0.1,0.16035989271101317,0.15189025511348095,"[-0.4583333333333333, -0.622941844035594, 0.16035989271101317]"
B_shared,l14_last,29,shuffled,32,0.1,0.15301773347095957,0.14255784467648838,"[-0.2916666666666667, -0.48354903198653193, 0.15301773347095957]"
B_shared,l14_last,29,shuffled,1,1,0.17827624067405493,0.17360402833888114,"[-0.6666666666666666, -0.829861111111111, 0.17827624067405493]"
B_shared,l14_last,29,shuffled,2,1,0.16644918954273008,0.1625783397132736,"[-0.8125, -0.90625, 0.16644918954273008]"
B_shared,l14_last,29,shuffled,4,1,0.16547798307220998,0.15998068498359433,"[-0.8854166666666666, -0.9409722222222222, 0.16547798307220998]"
B_shared,l14_last,29,shuffled,8,1,0.13978873006006606,0.13246613395907605,"[-0.8333333333333334, -0.8979414682539683, 0.13978873006006606]"
B_shared,l14_last,29,shuffled,16,1,0.1294497978358562,0.12199508022453298,"[-0.7395833333333334, -0.835875496031746, 0.1294497978358562]"
B_shared,l14_last,29,shuffled,32,1,0.11712718178803194,0.10773590828561545,"[-0.6875, -0.7937834445646944, 0.11712718178803194]"
B_shared,l14_last,29,shuffled,1,10,0.1805924035707073,0.17587272112520447,"[-0.5520833333333334, -0.7760416666666666, 0.1805924035707073]"
B_shared,l14_last,29,shuffled,2,10,0.1649803752175856,0.15872686742326095,"[-0.6458333333333334, -0.8229166666666666, 0.1649803752175856]"
B_shared,l14_last,29,shuffled,4,10,0.15416337960868987,0.14571239629831792,"[-0.7916666666666666, -0.8958333333333334, 0.15416337960868987]"
B_shared,l14_last,29,shuffled,8,10,0.12821713854725048,0.11773360735309736,"[-0.9166666666666666, -0.9583333333333334, 0.12821713854725048]"
B_shared,l14_last,29,shuffled,16,10,0.11768753083437984,0.1065599654971986,"[-0.9479166666666666, -0.9739583333333334, 0.11768753083437984]"
B_shared,l14_last,29,shuffled,32,10,0.11385529272687293,0.1019113933380301,"[-0.96875, -0.984375, 0.11385529272687293]"
B_shared,l14_last,29,random_subspace,32,0.01,0.23372529483501348,0.22968221883164455,"[-0.041666666666666664, -0.5208333333333334, 0.23372529483501348]"
B_shared,l14_last,29,random_subspace,32,0.1,0.23373539930558496,0.22970881217617287,"[-0.041666666666666664, -0.5208333333333334, 0.23373539930558496]"
B_shared,l14_last,29,random_subspace,32,1,0.2338683159886201,0.22988742889314415,"[-0.041666666666666664, -0.5208333333333334, 0.2338683159886201]"
B_shared,l14_last,29,random_subspace,32,10,0.23434422921147266,0.23042251486489632,"[-0.041666666666666664, -0.5208333333333334, 0.23434422921147266]"
B_conditional_f0,l14_last,29,rank1,1,0.01,0.2037293697652547,0.19880650070522563,[0.2037293697652547]
B_conditional_f0,l14_last,29,rank1,1,0.1,0.20374091924222656,0.19881182194034683,[0.20374091924222656]
B_conditional_f0,l14_last,29,rank1,1,1,0.20381522895761053,0.19889055840896153,[0.20381522895761053]
B_conditional_f0,l14_last,29,rank1,1,10,0.2064606772115687,0.20161699735066194,[0.2064606772115687]
B_conditional_f0,l14_last,29,lowrank,1,0.01,0.2037293697652547,0.19880650070522563,[0.2037293697652547]
B_conditional_f0,l14_last,29,lowrank,2,0.01,0.18231551499165155,0.17257115989424957,[0.18231551499165155]
B_conditional_f0,l14_last,29,lowrank,4,0.01,0.1542386122662755,0.13944523700131137,[0.1542386122662755]
B_conditional_f0,l14_last,29,lowrank,8,0.01,0.11602703478825538,0.09557062766985704,[0.11602703478825538]
B_conditional_f0,l14_last,29,lowrank,16,0.01,0.08810452051024144,0.060245613574144076,[0.08810452051024144]
B_conditional_f0,l14_last,29,lowrank,32,0.01,0.07116166920404178,0.03152112527909917,[0.07116166920404178]
B_conditional_f0,l14_last,29,lowrank,1,0.1,0.20374091924222656,0.19881182194034683,[0.20374091924222656]
B_conditional_f0,l14_last,29,lowrank,2,0.1,0.1823325273834392,0.17258651627172253,[0.1823325273834392]
B_conditional_f0,l14_last,29,lowrank,4,0.1,0.15471457254971052,0.13953299300936414,[0.15471457254971052]
B_conditional_f0,l14_last,29,lowrank,8,0.1,0.11612876207767124,0.09575150196852811,[0.11612876207767124]
B_conditional_f0,l14_last,29,lowrank,16,0.1,0.08812866367318394,0.06073242151350894,[0.08812866367318394]
B_conditional_f0,l14_last,29,lowrank,32,0.1,0.07108890689776813,0.03247088768711586,[0.07108890689776813]
B_conditional_f0,l14_last,29,lowrank,1,1,0.20381522895761053,0.19889055840896153,[0.20381522895761053]
B_conditional_f0,l14_last,29,lowrank,2,1,0.18254310232044765,0.17280874951406888,[0.18254310232044765]
B_conditional_f0,l14_last,29,lowrank,4,1,0.15631477582666703,0.14047881762245112,[0.15631477582666703]
B_conditional_f0,l14_last,29,lowrank,8,1,0.11749187541168148,0.0976293239246072,[0.11749187541168148]
B_conditional_f0,l14_last,29,lowrank,16,1,0.0915375354373491,0.065948961390191,[0.0915375354373491]
B_conditional_f0,l14_last,29,lowrank,32,1,0.07749579125336692,0.044200525426706334,[0.07749579125336692]
B_conditional_f0,l14_last,29,lowrank,1,10,0.2064606772115687,0.20161699735066194,[0.2064606772115687]
B_conditional_f0,l14_last,29,lowrank,2,10,0.18802617548484898,0.17871044226297092,[0.18802617548484898]
B_conditional_f0,l14_last,29,lowrank,4,10,0.166801448398594,0.15279802682113144,[0.166801448398594]
B_conditional_f0,l14_last,29,lowrank,8,10,0.13856075510659308,0.12175972743716319,[0.13856075510659308]
B_conditional_f0,l14_last,29,lowrank,16,10,0.12588483783317808,0.10683660428229332,[0.12588483783317808]
B_conditional_f0,l14_last,29,lowrank,32,10,0.12205020426558406,0.10112504530411548,[0.12205020426558406]
B_conditional_f0,l14_last,29,full_delta,0,0.01,0.04984102629903072,0.00019538553270324332,[0.04984102629903072]
B_conditional_f0,l14_last,29,full_delta,0,0.1,0.050428958667575664,0.004459067256734293,[0.050428958667575664]
B_conditional_f0,l14_last,29,full_delta,0,1,0.0666997755944606,0.030634791837545052,[0.0666997755944606]
B_conditional_f0,l14_last,29,full_delta,0,10,0.12019496112580692,0.09886181280298255,[0.12019496112580692]
B_conditional_f0,l14_last,29,full_affine,0,0.01,0.043660784839306764,0.0001264392791308407,[0.043660784839306764]
B_conditional_f0,l14_last,29,full_affine,0,0.1,0.044440402468776674,0.0029517303948702715,[0.044440402468776674]
B_conditional_f0,l14_last,29,full_affine,0,1,0.06033991592888025,0.024317154035957977,[0.06033991592888025]
B_conditional_f0,l14_last,29,full_affine,0,10,0.11089816927500007,0.08990051286839829,[0.11089816927500007]
B_conditional_f0,l14_last,29,length_shift,0,0.01,0.2632150131325261,0.24442026206939968,[0.2632150131325261]
B_conditional_f0,l14_last,29,length_shift,0,0.1,0.2622842493032496,0.24489862624970393,[0.2622842493032496]
B_conditional_f0,l14_last,29,length_shift,0,1,0.2622115187410618,0.2474124136695941,[0.2622115187410618]
B_conditional_f0,l14_last,29,length_shift,0,10,0.2615181922884029,0.24867304626728015,[0.2615181922884029]
B_conditional_f0,l14_last,29,source_token_ridge,0,0.01,0.1108836072427239,0.06025801442930422,[0.1108836072427239]
B_conditional_f0,l14_last,29,source_token_ridge,0,0.1,0.10884868421676626,0.06045522630566189,[0.10884868421676626]
B_conditional_f0,l14_last,29,source_token_ridge,0,1,0.11138842560361696,0.06770049351027463,[0.11138842560361696]
B_conditional_f0,l14_last,29,source_token_ridge,0,10,0.17195642148111748,0.14371739214575582,[0.17195642148111748]
B_conditional_f0,l14_last,29,shuffled,1,0.01,0.21438041242484238,0.21280361857718025,[0.21438041242484238]
B_conditional_f0,l14_last,29,shuffled,2,0.01,0.23222009155205536,0.23822116422246742,[0.23222009155205536]
B_conditional_f0,l14_last,29,shuffled,4,0.01,0.29499300076383433,0.2886332042983147,[0.29499300076383433]
B_conditional_f0,l14_last,29,shuffled,8,0.01,0.32065475610433536,0.31031902238079506,[0.32065475610433536]
B_conditional_f0,l14_last,29,shuffled,16,0.01,0.3356111687766697,0.32927485739675877,[0.3356111687766697]
B_conditional_f0,l14_last,29,shuffled,32,0.01,0.3517480311044657,0.3394823920195189,[0.3517480311044657]
B_conditional_f0,l14_last,29,shuffled,1,0.1,0.20982681510241707,0.2073795540031006,[0.20982681510241707]
B_conditional_f0,l14_last,29,shuffled,2,0.1,0.22297291871705527,0.23082454264320437,[0.22297291871705527]
B_conditional_f0,l14_last,29,shuffled,4,0.1,0.26850950463359086,0.27148060382464895,[0.26850950463359086]
B_conditional_f0,l14_last,29,shuffled,8,0.1,0.28292170649538356,0.2848763526596285,[0.28292170649538356]
B_conditional_f0,l14_last,29,shuffled,16,0.1,0.2922348143706002,0.2994785714525216,[0.2922348143706002]
B_conditional_f0,l14_last,29,shuffled,32,0.1,0.295830956094641,0.3012872022690774,[0.295830956094641]
B_conditional_f0,l14_last,29,shuffled,1,1,0.206045108992589,0.20240302191513337,[0.206045108992589]
B_conditional_f0,l14_last,29,shuffled,2,1,0.2112653725067591,0.2162908366924967,[0.2112653725067591]
B_conditional_f0,l14_last,29,shuffled,4,1,0.2340275561883379,0.23941489839076877,[0.2340275561883379]
B_conditional_f0,l14_last,29,shuffled,8,1,0.22527248305099715,0.2312335809704236,[0.22527248305099715]
B_conditional_f0,l14_last,29,shuffled,16,1,0.2273261499752992,0.236180265353362,[0.2273261499752992]
B_conditional_f0,l14_last,29,shuffled,32,1,0.2179027216279754,0.2258724285863325,[0.2179027216279754]
B_conditional_f0,l14_last,29,shuffled,1,10,0.20697435184139393,0.20270453796001442,[0.20697435184139393]
B_conditional_f0,l14_last,29,shuffled,2,10,0.19988459541481696,0.19821641180163233,[0.19988459541481696]
B_conditional_f0,l14_last,29,shuffled,4,10,0.2010429907822332,0.19887617585448528,[0.2010429907822332]
B_conditional_f0,l14_last,29,shuffled,8,10,0.18153517724485266,0.17840499461444737,[0.18153517724485266]
B_conditional_f0,l14_last,29,shuffled,16,10,0.17579950052999002,0.1729581299967866,[0.17579950052999002]
B_conditional_f0,l14_last,29,shuffled,32,10,0.17179734818225825,0.1683548190731079,[0.17179734818225825]
B_conditional_f0,l14_last,29,random_subspace,32,0.01,0.2594145258288436,0.2551721467740336,[0.2594145258288436]
B_conditional_f0,l14_last,29,random_subspace,32,0.1,0.25941642086383926,0.2552087925782635,[0.25941642086383926]
B_conditional_f0,l14_last,29,random_subspace,32,1,0.259555885944055,0.25543914542137,[0.259555885944055]
B_conditional_f0,l14_last,29,random_subspace,32,10,0.26006193659789956,0.256068876343463,[0.26006193659789956]
B_conditional_f1,l14_last,29,rank1,1,0.01,0.21639378521995925,0.20984857944048216,[0.21639378521995925]
B_conditional_f1,l14_last,29,rank1,1,0.1,0.2163781052948205,0.2098544271941022,[0.2163781052948205]
B_conditional_f1,l14_last,29,rank1,1,1,0.21642493293463838,0.2099283023292368,[0.21642493293463838]
B_conditional_f1,l14_last,29,rank1,1,10,0.21907015837690658,0.21264385949353123,[0.21907015837690658]
B_conditional_f1,l14_last,29,lowrank,1,0.01,0.21639378521995925,0.20984857944048216,[0.21639378521995925]
B_conditional_f1,l14_last,29,lowrank,2,0.01,0.19337829492126765,0.18308252733536945,[0.19337829492126765]
B_conditional_f1,l14_last,29,lowrank,4,0.01,0.16411791471650786,0.14739792778787988,[0.16411791471650786]
B_conditional_f1,l14_last,29,lowrank,8,0.01,0.1227895100434336,0.09945302494204226,[0.1227895100434336]
B_conditional_f1,l14_last,29,lowrank,16,0.01,0.09302126233492225,0.06295131995414281,[0.09302126233492225]
B_conditional_f1,l14_last,29,lowrank,32,0.01,0.07290975185019567,0.032769176131808596,[0.07290975185019567]
B_conditional_f1,l14_last,29,lowrank,1,0.1,0.2163781052948205,0.2098544271941022,[0.2163781052948205]
B_conditional_f1,l14_last,29,lowrank,2,0.1,0.193361877782825,0.18310899509737552,[0.193361877782825]
B_conditional_f1,l14_last,29,lowrank,4,0.1,0.16407693135698534,0.1474913149944266,[0.16407693135698534]
B_conditional_f1,l14_last,29,lowrank,8,0.1,0.12277638629285263,0.09965696382550505,[0.12277638629285263]
B_conditional_f1,l14_last,29,lowrank,16,0.1,0.092950887281697,0.063379692341628,[0.092950887281697]
B_conditional_f1,l14_last,29,lowrank,32,0.1,0.07277967956383907,0.033620771938949266,[0.07277967956383907]
B_conditional_f1,l14_last,29,lowrank,1,1,0.21642493293463838,0.2099283023292368,[0.21642493293463838]
B_conditional_f1,l14_last,29,lowrank,2,1,0.1936750682268844,0.18336848201735934,[0.1936750682268844]
B_conditional_f1,l14_last,29,lowrank,4,1,0.1647338449347192,0.14844134424691618,[0.1647338449347192]
B_conditional_f1,l14_last,29,lowrank,8,1,0.12414672767275821,0.10174120325709846,[0.12414672767275821]
B_conditional_f1,l14_last,29,lowrank,16,1,0.09633876137094459,0.06858148755794935,[0.09633876137094459]
B_conditional_f1,l14_last,29,lowrank,32,1,0.08013240720776531,0.04547475785169278,[0.08013240720776531]
B_conditional_f1,l14_last,29,lowrank,1,10,0.21907015837690658,0.21264385949353123,[0.21907015837690658]
B_conditional_f1,l14_last,29,lowrank,2,10,0.19957423328184634,0.18931103647524697,[0.19957423328184634]
B_conditional_f1,l14_last,29,lowrank,4,10,0.17662128679515232,0.1616436044298453,[0.17662128679515232]
B_conditional_f1,l14_last,29,lowrank,8,10,0.14640834467358943,0.12750499832842083,[0.14640834467358943]
B_conditional_f1,l14_last,29,lowrank,16,10,0.13272816045587552,0.11173280786469299,[0.13272816045587552]
B_conditional_f1,l14_last,29,lowrank,32,10,0.1283248220794072,0.1055784246617741,[0.1283248220794072]
B_conditional_f1,l14_last,29,full_delta,0,0.01,0.04879461677695903,0.00019703004926098348,[0.04879461677695903]
B_conditional_f1,l14_last,29,full_delta,0,0.1,0.04945741632629972,0.004394591079115214,[0.04945741632629972]
B_conditional_f1,l14_last,29,full_delta,0,1,0.06786434513148863,0.03117542083670245,[0.06786434513148863]
B_conditional_f1,l14_last,29,full_delta,0,10,0.12621796374672153,0.10318802932640785,[0.12621796374672153]
B_conditional_f1,l14_last,29,full_affine,0,0.01,0.038671751161816266,0.00011862990871044122,[0.038671751161816266]
B_conditional_f1,l14_last,29,full_affine,0,0.1,0.03922615897432511,0.0026769724596333306,[0.03922615897432511]
B_conditional_f1,l14_last,29,full_affine,0,1,0.0555925736794153,0.022880186803189772,[0.0555925736794153]
B_conditional_f1,l14_last,29,full_affine,0,10,0.10509545332458314,0.08474783725829017,[0.10509545332458314]
B_conditional_f1,l14_last,29,length_shift,0,0.01,0.2755203967128516,0.25449557801660805,[0.2755203967128516]
B_conditional_f1,l14_last,29,length_shift,0,0.1,0.2745715675475568,0.25505097196416127,[0.2745715675475568]
B_conditional_f1,l14_last,29,length_shift,0,1,0.2747341624394208,0.25796940075969615,[0.2747341624394208]
B_conditional_f1,l14_last,29,length_shift,0,10,0.274180206935515,0.2594213163587902,[0.274180206935515]
B_conditional_f1,l14_last,29,source_token_ridge,0,0.01,0.11160717153655096,0.060223455390293314,[0.11160717153655096]
B_conditional_f1,l14_last,29,source_token_ridge,0,0.1,0.10923733967429212,0.060432628250280285,[0.10923733967429212]
B_conditional_f1,l14_last,29,source_token_ridge,0,1,0.11182594952728908,0.06812025831090357,[0.11182594952728908]
B_conditional_f1,l14_last,29,source_token_ridge,0,10,0.17808553195860824,0.14861713238832963,[0.17808553195860824]
B_conditional_f1,l14_last,29,shuffled,1,0.01,0.2182416750374715,0.2123595498231986,[0.2182416750374715]
B_conditional_f1,l14_last,29,shuffled,2,0.01,0.23397831474798117,0.23145412610821192,[0.23397831474798117]
B_conditional_f1,l14_last,29,shuffled,4,0.01,0.290604263037792,0.2743948070453988,[0.290604263037792]
B_conditional_f1,l14_last,29,shuffled,8,0.01,0.31086934388093684,0.2893501784127886,[0.31086934388093684]
B_conditional_f1,l14_last,29,shuffled,16,0.01,0.3292135998372152,0.30467554877176156,[0.3292135998372152]
B_conditional_f1,l14_last,29,shuffled,32,0.01,0.3438662793357077,0.3129605411528361,[0.3438662793357077]
B_conditional_f1,l14_last,29,shuffled,1,0.1,0.2177917247906497,0.21187806205260581,[0.2177917247906497]
B_conditional_f1,l14_last,29,shuffled,2,0.1,0.22512045735264286,0.22562015313341308,[0.22512045735264286]
B_conditional_f1,l14_last,29,shuffled,4,0.1,0.2647482981383473,0.25881610670645355,[0.2647482981383473]
B_conditional_f1,l14_last,29,shuffled,8,0.1,0.27394546389199687,0.2651162717508792,[0.27394546389199687]
B_conditional_f1,l14_last,29,shuffled,16,0.1,0.28554697484699837,0.277432574024506,[0.28554697484699837]
B_conditional_f1,l14_last,29,shuffled,32,0.1,0.28910597836593827,0.27731971318243054,[0.28910597836593827]
B_conditional_f1,l14_last,29,shuffled,1,1,0.21723153435974152,0.21121049280645632,[0.21723153435974152]
B_conditional_f1,l14_last,29,shuffled,2,1,0.21546504725059148,0.21578827592400418,[0.21546504725059148]
B_conditional_f1,l14_last,29,shuffled,4,1,0.23309475650123712,0.23297315994358195,[0.23309475650123712]
B_conditional_f1,l14_last,29,shuffled,8,1,0.2241345369139752,0.22204819242105298,[0.2241345369139752]
B_conditional_f1,l14_last,29,shuffled,16,1,0.22309494707519004,0.22164325557148823,[0.22309494707519004]
B_conditional_f1,l14_last,29,shuffled,32,1,0.21339460003914235,0.21013541037049452,[0.21339460003914235]
B_conditional_f1,l14_last,29,shuffled,1,10,0.21933200924111695,0.21315239771992098,[0.21933200924111695]
B_conditional_f1,l14_last,29,shuffled,2,10,0.20851291304001843,0.2042224180862389,[0.20851291304001843]
B_conditional_f1,l14_last,29,shuffled,4,10,0.20657406584834936,0.20155315998169085,[0.20657406584834936]
B_conditional_f1,l14_last,29,shuffled,8,10,0.18660407658836223,0.17942219753511587,[0.18660407658836223]
B_conditional_f1,l14_last,29,shuffled,16,10,0.17919830752088375,0.17164518840677703,[0.17919830752088375]
B_conditional_f1,l14_last,29,shuffled,32,10,0.1753771364867032,0.16701837532288533,[0.1753771364867032]
B_conditional_f1,l14_last,29,random_subspace,32,0.01,0.272132843645095,0.26638359616615787,[0.272132843645095]
B_conditional_f1,l14_last,29,random_subspace,32,0.1,0.27212996474769263,0.26641928180952484,[0.27212996474769263]
B_conditional_f1,l14_last,29,random_subspace,32,1,0.27227995959824164,0.2666517288787718,[0.27227995959824164]
B_conditional_f1,l14_last,29,random_subspace,32,10,0.2728143863557793,0.2672925434141582,[0.2728143863557793]
B_conditional_f2,l14_last,29,rank1,1,0.01,0.2720469715011317,0.26793901087692157,[0.2720469715011317]
B_conditional_f2,l14_last,29,rank1,1,0.1,0.27204744222984706,0.26794070035386663,[0.27204744222984706]
B_conditional_f2,l14_last,29,rank1,1,1,0.2720964509443686,0.2679947184844346,[0.2720964509443686]
B_conditional_f2,l14_last,29,rank1,1,10,0.2746959194205758,0.2706651081133257,[0.2746959194205758]
B_conditional_f2,l14_last,29,lowrank,1,0.01,0.2720469715011317,0.26793901087692157,[0.2720469715011317]
B_conditional_f2,l14_last,29,lowrank,2,0.01,0.24134973343663843,0.22980187034181218,[0.24134973343663843]
B_conditional_f2,l14_last,29,lowrank,4,0.01,0.19759271393130462,0.1796500611406827,[0.19759271393130462]
B_conditional_f2,l14_last,29,lowrank,8,0.01,0.14053371950296412,0.11644860941102354,[0.14053371950296412]
B_conditional_f2,l14_last,29,lowrank,16,0.01,0.09708098235149948,0.06773112212506092,[0.09708098235149948]
B_conditional_f2,l14_last,29,lowrank,32,0.01,0.06993122929458283,0.033470264646929856,[0.06993122929458283]
B_conditional_f2,l14_last,29,lowrank,1,0.1,0.27204744222984706,0.26794070035386663,[0.27204744222984706]
B_conditional_f2,l14_last,29,lowrank,2,0.1,0.24140495678615426,0.22982492577082078,[0.24140495678615426]
B_conditional_f2,l14_last,29,lowrank,4,0.1,0.19768762953825916,0.17969115688520199,[0.19768762953825916]
B_conditional_f2,l14_last,29,lowrank,8,0.1,0.1406560352846467,0.11650758012932765,[0.1406560352846467]
B_conditional_f2,l14_last,29,lowrank,16,0.1,0.09728268600490593,0.06789904508810919,[0.09728268600490593]
B_conditional_f2,l14_last,29,lowrank,32,0.1,0.07037605361199634,0.03388278270686977,[0.07037605361199634]
B_conditional_f2,l14_last,29,lowrank,1,1,0.2720964509443686,0.2679947184844346,[0.2720964509443686]
B_conditional_f2,l14_last,29,lowrank,2,1,0.24183716833056232,0.23016323339702507,[0.24183716833056232]
B_conditional_f2,l14_last,29,lowrank,4,1,0.19858289275723906,0.18038894960772192,[0.19858289275723906]
B_conditional_f2,l14_last,29,lowrank,8,1,0.1422079597492689,0.11788833629500366,[0.1422079597492689]
B_conditional_f2,l14_last,29,lowrank,16,1,0.10120894947878606,0.07227354321256134,[0.10120894947878606]
B_conditional_f2,l14_last,29,lowrank,32,1,0.07979354567359428,0.044971526464490354,[0.07979354567359428]
B_conditional_f2,l14_last,29,lowrank,1,10,0.2746959194205758,0.2706651081133257,[0.2746959194205758]
B_conditional_f2,l14_last,29,lowrank,2,10,0.24796249356357256,0.2370012825508229,[0.24796249356357256]
B_conditional_f2,l14_last,29,lowrank,4,10,0.21252988105763415,0.19582886517919232,[0.21252988105763415]
B_conditional_f2,l14_last,29,lowrank,8,10,0.1708610346954992,0.14938109366705069,[0.1708610346954992]
B_conditional_f2,l14_last,29,lowrank,16,10,0.15028157425884403,0.12678624837698857,[0.15028157425884403]
B_conditional_f2,l14_last,29,lowrank,32,10,0.14457854058693592,0.11940721232575129,[0.14457854058693592]
B_conditional_f2,l14_last,29,full_delta,0,0.01,0.035165027754714945,0.00013924267771325987,[0.035165027754714945]
B_conditional_f2,l14_last,29,full_delta,0,0.1,0.039006483332216464,0.0035039745835846385,[0.039006483332216464]
B_conditional_f2,l14_last,29,full_delta,0,1,0.06422712329984055,0.029751102151096786,[0.06422712329984055]
B_conditional_f2,l14_last,29,full_delta,0,10,0.14197761934992933,0.11685777935419643,[0.14197761934992933]
B_conditional_f2,l14_last,29,full_affine,0,0.01,0.007269032262993872,2.1502046852207334e-05,[0.007269032262993872]
B_conditional_f2,l14_last,29,full_affine,0,0.1,0.007969305293235961,0.0005554371082243685,[0.007969305293235961]
B_conditional_f2,l14_last,29,full_affine,0,1,0.012875677713458248,0.005215061638637122,[0.012875677713458248]
B_conditional_f2,l14_last,29,full_affine,0,10,0.025682134095632875,0.018674323414394758,[0.025682134095632875]
B_conditional_f2,l14_last,29,length_shift,0,0.01,0.3304043694101803,0.3067779559588755,[0.3304043694101803]
B_conditional_f2,l14_last,29,length_shift,0,0.1,0.3289522132798907,0.3075147978300083,[0.3289522132798907]
B_conditional_f2,l14_last,29,length_shift,0,1,0.32884286750457953,0.3113868734346979,[0.32884286750457953]
B_conditional_f2,l14_last,29,length_shift,0,10,0.3281127926031684,0.31332874581638226,[0.3281127926031684]
B_conditional_f2,l14_last,29,source_token_ridge,0,0.01,0.10576335843340556,0.05904134656103579,[0.10576335843340556]
B_conditional_f2,l14_last,29,source_token_ridge,0,0.1,0.10442618021962403,0.05928960512201,[0.10442618021962403]
B_conditional_f2,l14_last,29,source_token_ridge,0,1,0.11312988019798138,0.06881858887793833,[0.11312988019798138]
B_conditional_f2,l14_last,29,source_token_ridge,0,10,0.2037824414382782,0.17210158030830622,[0.2037824414382782]
B_conditional_f2,l14_last,29,shuffled,1,0.01,0.2724571249816306,0.2682426644573774,[0.2724571249816306]
B_conditional_f2,l14_last,29,shuffled,2,0.01,0.2451576896347246,0.23401447871353587,[0.2451576896347246]
B_conditional_f2,l14_last,29,shuffled,4,0.01,0.21600075599096832,0.1982596307070712,[0.21600075599096832]
B_conditional_f2,l14_last,29,shuffled,8,0.01,0.1689816162350101,0.1465868275340054,[0.1689816162350101]
B_conditional_f2,l14_last,29,shuffled,16,0.01,0.1426891140823802,0.1171188862057529,[0.1426891140823802]
B_conditional_f2,l14_last,29,shuffled,32,0.01,0.12379942857475294,0.09185452699065554,[0.12379942857475294]
B_conditional_f2,l14_last,29,shuffled,1,0.1,0.2724114735826056,0.26821896299800935,[0.2724114735826056]
B_conditional_f2,l14_last,29,shuffled,2,0.1,0.24495925778472016,0.2338471384432169,[0.24495925778472016]
B_conditional_f2,l14_last,29,shuffled,4,0.1,0.21516283316131993,0.1974283254650179,[0.21516283316131993]
B_conditional_f2,l14_last,29,shuffled,8,0.1,0.1668580478865643,0.14449880081768837,[0.1668580478865643]
B_conditional_f2,l14_last,29,shuffled,16,0.1,0.1375940876054195,0.11261833903599001,[0.1375940876054195]
B_conditional_f2,l14_last,29,shuffled,32,0.1,0.11672378768950341,0.08599929734219858,[0.11672378768950341]
B_conditional_f2,l14_last,29,shuffled,1,1,0.2724009379575251,0.26823003824971625,[0.2724009379575251]
B_conditional_f2,l14_last,29,shuffled,2,1,0.2447660867553144,0.23365867249279537,[0.2447660867553144]
B_conditional_f2,l14_last,29,shuffled,4,1,0.21390133524915123,0.19601233847799301,[0.21390133524915123]
B_conditional_f2,l14_last,29,shuffled,8,1,0.16401103065466724,0.14146344017120246,[0.16401103065466724]
B_conditional_f2,l14_last,29,shuffled,16,1,0.1317311278702493,0.10600600398753451,[0.1317311278702493]
B_conditional_f2,l14_last,29,shuffled,32,1,0.1129051336224685,0.08289442119357958,[0.1129051336224685]
B_conditional_f2,l14_last,29,shuffled,1,10,0.2748939923021602,0.2708083790635683,[0.2748939923021602]
B_conditional_f2,l14_last,29,shuffled,2,10,0.24969292876475055,0.23919771980221297,[0.24969292876475055]
B_conditional_f2,l14_last,29,shuffled,4,10,0.22231774168175086,0.20595441522567673,[0.22231774168175086]
B_conditional_f2,l14_last,29,shuffled,8,10,0.18401909573938072,0.16384683172083217,[0.18401909573938072]
B_conditional_f2,l14_last,29,shuffled,16,10,0.16607157563545635,0.14414068890985918,[0.16607157563545635]
B_conditional_f2,l14_last,29,shuffled,32,10,0.1610349220499416,0.1378391561240574,[0.1610349220499416]
B_conditional_f2,l14_last,29,random_subspace,32,0.01,0.32744409103767874,0.32446230533896464,[0.32744409103767874]
B_conditional_f2,l14_last,29,random_subspace,32,0.1,0.327478447234359,0.32449301023658383,[0.327478447234359]
B_conditional_f2,l14_last,29,random_subspace,32,1,0.32772489151631107,0.32473890985198534,[0.32772489151631107]
B_conditional_f2,l14_last,29,random_subspace,32,10,0.3285533164421917,0.3255839796554671,[0.3285533164421917]
B_shared,l14_last,43,rank1,1,0.01,0.17825178595778124,0.18158832303405795,"[-0.7395833333333334, -0.8697916666666666, 0.17825178595778124]"
B_shared,l14_last,43,rank1,1,0.1,0.17825393033819,0.18159105029572853,"[-0.75, -0.875, 0.17825393033819]"
B_shared,l14_last,43,rank1,1,1,0.17830547698612262,0.181651643997097,"[-0.7395833333333334, -0.8697916666666666, 0.17830547698612262]"
B_shared,l14_last,43,rank1,1,10,0.18106005803211986,0.1844220163870398,"[-0.59375, -0.796875, 0.18106005803211986]"
B_shared,l14_last,43,lowrank,1,0.01,0.17825178595778124,0.18158832303405795,"[-0.7395833333333334, -0.8697916666666666, 0.17825178595778124]"
B_shared,l14_last,43,lowrank,2,0.01,0.1549239278782773,0.15418249890571922,"[-0.8541666666666666, -0.9270833333333334, 0.1549239278782773]"
B_shared,l14_last,43,lowrank,4,0.01,0.12907187083441796,0.12203379079139849,"[-0.9270833333333334, -0.9635416666666666, 0.12907187083441796]"
B_shared,l14_last,43,lowrank,8,0.01,0.09474358695530481,0.08001011315066957,"[-0.9895833333333334, -0.9947916666666666, 0.09474358695530481]"
B_shared,l14_last,43,lowrank,16,0.01,0.0696891290957701,0.0487942091126057,"[-1.0, -1.0, 0.0696891290957701]"
B_shared,l14_last,43,lowrank,32,0.01,0.05363835090592326,0.024656510020623898,"[-1.0, -1.0, 0.05363835090592326]"
B_shared,l14_last,43,lowrank,1,0.1,0.17825393033819,0.18159105029572853,"[-0.75, -0.875, 0.17825393033819]"
B_shared,l14_last,43,lowrank,2,0.1,0.1549363527591088,0.15419458812238052,"[-0.84375, -0.921875, 0.1549363527591088]"
B_shared,l14_last,43,lowrank,4,0.1,0.12909163127892886,0.1220620895558537,"[-0.9270833333333334, -0.9635416666666666, 0.12909163127892886]"
B_shared,l14_last,43,lowrank,8,0.1,0.09479586177380162,0.08005722898357086,"[-0.9895833333333334, -0.9947916666666666, 0.09479586177380162]"
B_shared,l14_last,43,lowrank,16,0.1,0.06973255858473992,0.048938558319329896,"[-1.0, -1.0, 0.06973255858473992]"
B_shared,l14_last,43,lowrank,32,0.1,0.05367886121735831,0.0250364043054488,"[-1.0, -1.0, 0.05367886121735831]"
B_shared,l14_last,43,lowrank,1,1,0.17830547698612262,0.181651643997097,"[-0.7395833333333334, -0.8697916666666666, 0.17830547698612262]"
B_shared,l14_last,43,lowrank,2,1,0.15513694653112733,0.15441392154557324,"[-0.8333333333333334, -0.9166666666666666, 0.15513694653112733]"
B_shared,l14_last,43,lowrank,4,1,0.1294860164900903,0.12261119264332293,"[-0.9270833333333334, -0.9635416666666666, 0.1294860164900903]"
B_shared,l14_last,43,lowrank,8,1,0.09575873378578052,0.08110989284488816,"[-0.9895833333333334, -0.9947916666666666, 0.09575873378578052]"
B_shared,l14_last,43,lowrank,16,1,0.07183774492186171,0.05218292475181493,"[-1.0, -1.0, 0.07183774492186171]"
B_shared,l14_last,43,lowrank,32,1,0.058393461951437554,0.03316929779416771,"[-1.0, -1.0, 0.058393461951437554]"
B_shared,l14_last,43,lowrank,1,10,0.18106005803211986,0.1844220163870398,"[-0.59375, -0.796875, 0.18106005803211986]"
B_shared,l14_last,43,lowrank,2,10,0.16097469950658386,0.16051191778970475,"[-0.7395833333333334, -0.8697916666666666, 0.16097469950658386]"
B_shared,l14_last,43,lowrank,4,10,0.14113173010437616,0.13496534833894025,"[-0.8958333333333334, -0.9479166666666666, 0.14113173010437616]"
B_shared,l14_last,43,lowrank,8,10,0.11526159029914722,0.10348353118326499,"[-0.9479166666666666, -0.9739583333333334, 0.11526159029914722]"
B_shared,l14_last,43,lowrank,16,10,0.10334536238266234,0.08974849319647422,"[-0.96875, -0.984375, 0.10334536238266234]"
B_shared,l14_last,43,lowrank,32,10,0.09958706612108383,0.08454246046742535,"[-0.96875, -0.984375, 0.09958706612108383]"
B_shared,l14_last,43,full_delta,0,0.01,0.03298413537271719,0.00011949087256751187,"[-1.0, -1.0, 0.03298413537271719]"
B_shared,l14_last,43,full_delta,0,0.1,0.034837239865163544,0.00296102270228725,"[-1.0, -1.0, 0.034837239865163544]"
B_shared,l14_last,43,full_delta,0,1,0.049582347534979636,0.02268104357059515,"[-1.0, -1.0, 0.049582347534979636]"
B_shared,l14_last,43,full_delta,0,10,0.09816196780972979,0.08284505125023572,"[-0.96875, -0.984375, 0.09816196780972979]"
B_shared,l14_last,43,full_affine,0,0.01,0.01660150641010769,3.966955825529011e-05,"[-0.9791666666666666, -0.9895833333333334, 0.01660150641010769]"
B_shared,l14_last,43,full_affine,0,0.1,0.017438002425808362,0.0010301128352486423,"[-0.9791666666666666, -0.9895833333333334, 0.017438002425808362]"
B_shared,l14_last,43,full_affine,0,1,0.025019649439891673,0.00967870691545693,"[-0.9479166666666666, -0.9739583333333334, 0.025019649439891673]"
B_shared,l14_last,43,full_affine,0,10,0.048440587981556434,0.039519496876644855,"[-0.6666666666666666, -0.781650958994709, 0.048440587981556434]"
B_shared,l14_last,43,length_shift,0,0.01,0.2355573392694971,0.22820373732844743,"[-0.14583333333333334, -0.5729166666666666, 0.2355573392694971]"
B_shared,l14_last,43,length_shift,0,0.1,0.23484969564746896,0.2285530335398455,"[-0.11458333333333333, -0.5572916666666666, 0.23484969564746896]"
B_shared,l14_last,43,length_shift,0,1,0.23486006266391554,0.23017646010786216,"[-0.125, -0.5625, 0.23486006266391554]"
B_shared,l14_last,43,length_shift,0,10,0.23432691354718327,0.23097516458104458,"[-0.125, -0.5625, 0.23432691354718327]"
B_shared,l14_last,43,source_token_ridge,0,0.01,0.09521392725781475,0.05768821142227278,"[-1.0, -1.0, 0.09521392725781475]"
B_shared,l14_last,43,source_token_ridge,0,0.1,0.09329793523063797,0.05784061887756886,"[-1.0, -1.0, 0.09329793523063797]"
B_shared,l14_last,43,source_token_ridge,0,1,0.09728502574780529,0.06399541724363293,"[-1.0, -1.0, 0.09728502574780529]"
B_shared,l14_last,43,source_token_ridge,0,10,0.15353635279668484,0.13401217511575392,"[-0.5625, -0.78125, 0.15353635279668484]"
B_shared,l14_last,43,shuffled,1,0.01,0.1791582315155873,0.18252398107707393,"[-0.7395833333333334, -0.8697916666666666, 0.1791582315155873]"
B_shared,l14_last,43,shuffled,2,0.01,0.17481070087759298,0.17788957661548688,"[-0.78125, -0.8871527777777778, 0.17481070087759298]"
B_shared,l14_last,43,shuffled,4,0.01,0.1828231786325029,0.18638885513918987,"[-0.7708333333333334, -0.85380291005291, 0.1828231786325029]"
B_shared,l14_last,43,shuffled,8,0.01,0.15924166393680778,0.1575018452468632,"[-0.7604166666666666, -0.8296709656084656, 0.15924166393680778]"
B_shared,l14_last,43,shuffled,16,0.01,0.16301429271095888,0.15703087747062447,"[-0.53125, -0.6549528018278018, 0.16301429271095888]"
B_shared,l14_last,43,shuffled,32,0.01,0.15899375978481614,0.14699954259854497,"[-0.4583333333333333, -0.5913359788359789, 0.15899375978481614]"
B_shared,l14_last,43,shuffled,1,0.1,0.17899552510474667,0.18238741618588003,"[-0.7395833333333334, -0.8697916666666666, 0.17899552510474667]"
B_shared,l14_last,43,shuffled,2,0.1,0.17167239198349873,0.1747435978975016,"[-0.8020833333333334, -0.8975694444444445, 0.17167239198349873]"
B_shared,l14_last,43,shuffled,4,0.1,0.17476135603737197,0.17964799564442077,"[-0.78125, -0.8710069444444445, 0.17476135603737197]"
B_shared,l14_last,43,shuffled,8,0.1,0.14850139940426346,0.14843833122304065,"[-0.7916666666666666, -0.8603711970899471, 0.14850139940426346]"
B_shared,l14_last,43,shuffled,16,0.1,0.14471836205246727,0.14352214214410852,"[-0.6666666666666666, -0.7499669312169311, 0.14471836205246727]"
B_shared,l14_last,43,shuffled,32,0.1,0.13603436032248276,0.13033849579109735,"[-0.5416666666666666, -0.6529604076479076, 0.13603436032248276]"
B_shared,l14_last,43,shuffled,1,1,0.17886073997362092,0.1822305598330942,"[-0.75, -0.875, 0.17886073997362092]"
B_shared,l14_last,43,shuffled,2,1,0.16863301541463713,0.17017681849348243,"[-0.7916666666666666, -0.8927083333333333, 0.16863301541463713]"
B_shared,l14_last,43,shuffled,4,1,0.16470514042951742,0.16780378356491757,"[-0.8541666666666666, -0.9210069444444443, 0.16470514042951742]"
B_shared,l14_last,43,shuffled,8,1,0.13446927361400157,0.13206235071375064,"[-0.8958333333333334, -0.9363839285714285, 0.13446927361400157]"
B_shared,l14_last,43,shuffled,16,1,0.12075989801622698,0.11761161050529474,"[-0.8125, -0.8708543771043771, 0.12075989801622698]"
B_shared,l14_last,43,shuffled,32,1,0.1086809430185303,0.10174079732493901,"[-0.75, -0.8223011363636363, 0.1086809430185303]"
B_shared,l14_last,43,shuffled,1,10,0.18127328189656347,0.1846371459075479,"[-0.59375, -0.796875, 0.18127328189656347]"
B_shared,l14_last,43,shuffled,2,10,0.1672008282017937,0.16700584589915043,"[-0.6875, -0.84375, 0.1672008282017937]"
B_shared,l14_last,43,shuffled,4,10,0.15535785037503855,0.15409021822672597,"[-0.8229166666666666, -0.9114583333333334, 0.15535785037503855]"
B_shared,l14_last,43,shuffled,8,10,0.12824302263879953,0.1212864656998236,"[-0.9166666666666666, -0.9583333333333334, 0.12824302263879953]"
B_shared,l14_last,43,shuffled,16,10,0.11745366867657002,0.10977002000339532,"[-0.9375, -0.96875, 0.11745366867657002]"
B_shared,l14_last,43,shuffled,32,10,0.11329665720845117,0.10449072842796152,"[-0.9479166666666666, -0.9739583333333334, 0.11329665720845117]"
B_shared,l14_last,43,random_subspace,32,0.01,0.234661733786234,0.23767463357251706,"[-0.041666666666666664, -0.5208333333333334, 0.234661733786234]"
B_shared,l14_last,43,random_subspace,32,0.1,0.23468293324072223,0.23769973630994978,"[-0.041666666666666664, -0.5208333333333334, 0.23468293324072223]"
B_shared,l14_last,43,random_subspace,32,1,0.2348148323788101,0.2378742678736893,"[-0.041666666666666664, -0.5208333333333334, 0.2348148323788101]"
B_shared,l14_last,43,random_subspace,32,10,0.23522972704634007,0.23840770161178446,"[-0.041666666666666664, -0.5208333333333334, 0.23522972704634007]"
B_conditional_f0,l14_last,43,rank1,1,0.01,0.20398480287034548,0.20906529591280498,[0.20398480287034548]
B_conditional_f0,l14_last,43,rank1,1,0.1,0.20399643191626818,0.2090715787594616,[0.20399643191626818]
B_conditional_f0,l14_last,43,rank1,1,1,0.20408521825787207,0.20915843247844398,[0.20408521825787207]
B_conditional_f0,l14_last,43,rank1,1,10,0.20690314708639315,0.21198527604906833,[0.20690314708639315]
B_conditional_f0,l14_last,43,lowrank,1,0.01,0.20398480287034548,0.20906529591280498,[0.20398480287034548]
B_conditional_f0,l14_last,43,lowrank,2,0.01,0.1824362601586562,0.18273631626439177,[0.1824362601586562]
B_conditional_f0,l14_last,43,lowrank,4,0.01,0.15276461670698122,0.14494901410439642,[0.15276461670698122]
B_conditional_f0,l14_last,43,lowrank,8,0.01,0.11793750263578155,0.0977802135497885,[0.11793750263578155]
B_conditional_f0,l14_last,43,lowrank,16,0.01,0.08906846483875352,0.05965920508549614,[0.08906846483875352]
B_conditional_f0,l14_last,43,lowrank,32,0.01,0.07312637484083882,0.02980188695143626,[0.07312637484083882]
B_conditional_f0,l14_last,43,lowrank,1,0.1,0.20399643191626818,0.2090715787594616,[0.20399643191626818]
B_conditional_f0,l14_last,43,lowrank,2,0.1,0.18244936337999781,0.18275136984744855,[0.18244936337999781]
B_conditional_f0,l14_last,43,lowrank,4,0.1,0.15281445523633824,0.14503712608572053,[0.15281445523633824]
B_conditional_f0,l14_last,43,lowrank,8,0.1,0.11762388401675411,0.0980166689519308,[0.11762388401675411]
B_conditional_f0,l14_last,43,lowrank,16,0.1,0.08897460490862912,0.060063451678449974,[0.08897460490862912]
B_conditional_f0,l14_last,43,lowrank,32,0.1,0.07270054212212525,0.030643287752394905,[0.07270054212212525]
B_conditional_f0,l14_last,43,lowrank,1,1,0.20408521825787207,0.20915843247844398,[0.20408521825787207]
B_conditional_f0,l14_last,43,lowrank,2,1,0.18266737985635087,0.18299334586425117,[0.18266737985635087]
B_conditional_f0,l14_last,43,lowrank,4,1,0.1535401196898696,0.14601668849826754,[0.1535401196898696]
B_conditional_f0,l14_last,43,lowrank,8,1,0.11797283890714598,0.10055733526221482,[0.11797283890714598]
B_conditional_f0,l14_last,43,lowrank,16,1,0.09126068188148123,0.06539043569932206,[0.09126068188148123]
B_conditional_f0,l14_last,43,lowrank,32,1,0.07710403828210015,0.04232401852567852,[0.07710403828210015]
B_conditional_f0,l14_last,43,lowrank,1,10,0.20690314708639315,0.21198527604906833,[0.20690314708639315]
B_conditional_f0,l14_last,43,lowrank,2,10,0.18830319846710356,0.18907672686219512,[0.18830319846710356]
B_conditional_f0,l14_last,43,lowrank,4,10,0.1650290235087353,0.1598973919361885,[0.1650290235087353]
B_conditional_f0,l14_last,43,lowrank,8,10,0.1390433623414917,0.12615595259455556,[0.1390433623414917]
B_conditional_f0,l14_last,43,lowrank,16,10,0.12521522724283865,0.10949435248205142,[0.12521522724283865]
B_conditional_f0,l14_last,43,lowrank,32,10,0.12111570939929528,0.10318075699678746,[0.12111570939929528]
B_conditional_f0,l14_last,43,full_delta,0,0.01,0.05152492673830512,0.0001663980833094125,[0.05152492673830512]
B_conditional_f0,l14_last,43,full_delta,0,0.1,0.05229780039896061,0.004055304187363366,[0.05229780039896061]
B_conditional_f0,l14_last,43,full_delta,0,1,0.06723903399461466,0.029691206783050535,[0.06723903399461466]
B_conditional_f0,l14_last,43,full_delta,0,10,0.11950221101541708,0.10112696190028718,[0.11950221101541708]
B_conditional_f0,l14_last,43,full_affine,0,0.01,0.04343110484435982,0.00010350289728047366,[0.04343110484435982]
B_conditional_f0,l14_last,43,full_affine,0,0.1,0.04440668881799779,0.0026482587167919653,[0.04440668881799779]
B_conditional_f0,l14_last,43,full_affine,0,1,0.05967838625516891,0.023199829704943612,[0.05967838625516891]
B_conditional_f0,l14_last,43,full_affine,0,10,0.1102968163211725,0.09007577560656947,[0.1102968163211725]
B_conditional_f0,l14_last,43,length_shift,0,0.01,0.26108532501589093,0.2537588075828077,[0.26108532501589093]
B_conditional_f0,l14_last,43,length_shift,0,0.1,0.2602163333641538,0.2541940960241462,[0.2602163333641538]
B_conditional_f0,l14_last,43,length_shift,0,1,0.26025655159698374,0.25621693969719794,[0.26025655159698374]
B_conditional_f0,l14_last,43,length_shift,0,10,0.25965006331675183,0.25719346154102285,[0.25965006331675183]
B_conditional_f0,l14_last,43,source_token_ridge,0,0.01,0.11485997014995038,0.05919739499707107,[0.11485997014995038]
B_conditional_f0,l14_last,43,source_token_ridge,0,0.1,0.11172336206526956,0.05938427500863164,[0.11172336206526956]
B_conditional_f0,l14_last,43,source_token_ridge,0,1,0.11261332235933293,0.06685315484607335,[0.11261332235933293]
B_conditional_f0,l14_last,43,source_token_ridge,0,10,0.1715014889725368,0.1480070794024999,[0.1715014889725368]
B_conditional_f0,l14_last,43,shuffled,1,0.01,0.21169365737734894,0.2177657141645338,[0.21169365737734894]
B_conditional_f0,l14_last,43,shuffled,2,0.01,0.2212778045701099,0.23549559425877722,[0.2212778045701099]
B_conditional_f0,l14_last,43,shuffled,4,0.01,0.2776651419952045,0.2912441431563893,[0.2776651419952045]
B_conditional_f0,l14_last,43,shuffled,8,0.01,0.28612023688614313,0.2971857519384935,[0.28612023688614313]
B_conditional_f0,l14_last,43,shuffled,16,0.01,0.30035875778670884,0.3049324413282267,[0.30035875778670884]
B_conditional_f0,l14_last,43,shuffled,32,0.01,0.31029875432870946,0.3057989131551036,[0.31029875432870946]
B_conditional_f0,l14_last,43,shuffled,1,0.1,0.20853891175544684,0.21438052384424067,[0.20853891175544684]
B_conditional_f0,l14_last,43,shuffled,2,0.1,0.21385806105970492,0.22669611275390725,[0.21385806105970492]
B_conditional_f0,l14_last,43,shuffled,4,0.1,0.2563389173690324,0.2745365172683858,[0.2563389173690324]
B_conditional_f0,l14_last,43,shuffled,8,0.1,0.24924978878080314,0.26670728477117844,[0.24924978878080314]
B_conditional_f0,l14_last,43,shuffled,16,0.1,0.2597380461877033,0.27508850627756204,[0.2597380461877033]
B_conditional_f0,l14_last,43,shuffled,32,0.1,0.2589577697491985,0.26894472136058717,[0.2589577697491985]
B_conditional_f0,l14_last,43,shuffled,1,1,0.20649758327665504,0.2118920442634711,[0.20649758327665504]
B_conditional_f0,l14_last,43,shuffled,2,1,0.20707935782606982,0.21557582484657514,[0.20707935782606982]
B_conditional_f0,l14_last,43,shuffled,4,1,0.22986856291970859,0.245169823608223,[0.22986856291970859]
B_conditional_f0,l14_last,43,shuffled,8,1,0.209173642723577,0.22211621809433404,[0.209173642723577]
B_conditional_f0,l14_last,43,shuffled,16,1,0.20686033976817417,0.2196888132993328,[0.20686033976817417]
B_conditional_f0,l14_last,43,shuffled,32,1,0.19748271783949325,0.20623077258720804,[0.19748271783949325]
B_conditional_f0,l14_last,43,shuffled,1,10,0.20776042057237254,0.2129624207473615,[0.20776042057237254]
B_conditional_f0,l14_last,43,shuffled,2,10,0.1999746430073955,0.2040873167126822,[0.1999746430073955]
B_conditional_f0,l14_last,43,shuffled,4,10,0.20064122086719147,0.207054402339379,[0.20064122086719147]
B_conditional_f0,l14_last,43,shuffled,8,10,0.17813088683291323,0.18058978078614865,[0.17813088683291323]
B_conditional_f0,l14_last,43,shuffled,16,10,0.17087021908629685,0.1727736964647447,[0.17087021908629685]
B_conditional_f0,l14_last,43,shuffled,32,10,0.16709314385831442,0.1676607291898143,[0.16709314385831442]
B_conditional_f0,l14_last,43,random_subspace,32,0.01,0.26021699793761793,0.2647975680377504,[0.26021699793761793]
B_conditional_f0,l14_last,43,random_subspace,32,0.1,0.2602225400111718,0.2648321417460733,[0.2602225400111718]
B_conditional_f0,l14_last,43,random_subspace,32,1,0.2603471222866332,0.26505799985474415,[0.2603471222866332]
B_conditional_f0,l14_last,43,random_subspace,32,10,0.2607921160176021,0.2656907861853655,[0.2607921160176021]
B_conditional_f1,l14_last,43,rank1,1,0.01,0.21715370408449566,0.21673880085719419,[0.21715370408449566]
B_conditional_f1,l14_last,43,rank1,1,0.1,0.2171391450090443,0.21674669922876907,[0.2171391450090443]
B_conditional_f1,l14_last,43,rank1,1,1,0.217181282112238,0.21684345299833338,[0.217181282112238]
B_conditional_f1,l14_last,43,rank1,1,10,0.2200078848800789,0.21972366464722906,[0.2200078848800789]
B_conditional_f1,l14_last,43,lowrank,1,0.01,0.21715370408449566,0.21673880085719419,[0.21715370408449566]
B_conditional_f1,l14_last,43,lowrank,2,0.01,0.1940529526261218,0.18885769067957414,[0.1940529526261218]
B_conditional_f1,l14_last,43,lowrank,4,0.01,0.16737290324897192,0.1524628180379328,[0.16737290324897192]
B_conditional_f1,l14_last,43,lowrank,8,0.01,0.12669296700787383,0.10121819406677401,[0.12669296700787383]
B_conditional_f1,l14_last,43,lowrank,16,0.01,0.09517407653136227,0.06155570727997293,[0.09517407653136227]
B_conditional_f1,l14_last,43,lowrank,32,0.01,0.07563056721486414,0.03049477384827681,[0.07563056721486414]
B_conditional_f1,l14_last,43,lowrank,1,0.1,0.2171391450090443,0.21674669922876907,[0.2171391450090443]
B_conditional_f1,l14_last,43,lowrank,2,0.1,0.19406581145426674,0.18888953753881602,[0.19406581145426674]
B_conditional_f1,l14_last,43,lowrank,4,0.1,0.16742083720899623,0.15255489060354696,[0.16742083720899623]
B_conditional_f1,l14_last,43,lowrank,8,0.1,0.126712554503742,0.10139898617557362,[0.126712554503742]
B_conditional_f1,l14_last,43,lowrank,16,0.1,0.09523647001914136,0.06191980911672656,[0.09523647001914136]
B_conditional_f1,l14_last,43,lowrank,32,0.1,0.07565004807136926,0.031216596187436798,[0.07565004807136926]
B_conditional_f1,l14_last,43,lowrank,1,1,0.217181282112238,0.21684345299833338,[0.217181282112238]
B_conditional_f1,l14_last,43,lowrank,2,1,0.1943080076437372,0.18923254952083635,[0.1943080076437372]
B_conditional_f1,l14_last,43,lowrank,4,1,0.1680699464221448,0.1534958180813811,[0.1680699464221448]
B_conditional_f1,l14_last,43,lowrank,8,1,0.12800717617152435,0.10348241701096957,[0.12800717617152435]
B_conditional_f1,l14_last,43,lowrank,16,1,0.09804968427687966,0.06711925986750034,[0.09804968427687966]
B_conditional_f1,l14_last,43,lowrank,32,1,0.08177071811736371,0.04271992884760518,[0.08177071811736371]
B_conditional_f1,l14_last,43,lowrank,1,10,0.2200078848800789,0.21972366464722906,[0.2200078848800789]
B_conditional_f1,l14_last,43,lowrank,2,10,0.20025442203704358,0.19566985672445494,[0.20025442203704358]
B_conditional_f1,l14_last,43,lowrank,4,10,0.1786700047790354,0.1665940657177841,[0.1786700047790354]
B_conditional_f1,l14_last,43,lowrank,8,10,0.14910968017793194,0.12997974198205117,[0.14910968017793194]
B_conditional_f1,l14_last,43,lowrank,16,10,0.13404999988474,0.11249833067997765,[0.13404999988474]
B_conditional_f1,l14_last,43,lowrank,32,10,0.1294228576878543,0.10581393801898914,[0.1294228576878543]
B_conditional_f1,l14_last,43,full_delta,0,0.01,0.050881204821688675,0.00016815767455922537,[0.050881204821688675]
B_conditional_f1,l14_last,43,full_delta,0,0.1,0.052535020043107596,0.00394595768560866,[0.052535020043107596]
B_conditional_f1,l14_last,43,full_delta,0,1,0.07056187273280788,0.029670509602190327,[0.07056187273280788]
B_conditional_f1,l14_last,43,full_delta,0,10,0.12759172465809945,0.10368400441781549,[0.12759172465809945]
B_conditional_f1,l14_last,43,full_affine,0,0.01,0.03945321473972066,9.717998355534547e-05,[0.03945321473972066]
B_conditional_f1,l14_last,43,full_affine,0,0.1,0.041071436111839485,0.002326021917119323,[0.041071436111839485]
B_conditional_f1,l14_last,43,full_affine,0,1,0.0573763775621961,0.02105785477964593,[0.0573763775621961]
B_conditional_f1,l14_last,43,full_affine,0,10,0.10526437492942177,0.08305253876181865,[0.10526437492942177]
B_conditional_f1,l14_last,43,length_shift,0,0.01,0.27418046925789996,0.2609114454120633,[0.27418046925789996]
B_conditional_f1,l14_last,43,length_shift,0,0.1,0.2734096139157283,0.2613768660198332,[0.2734096139157283]
B_conditional_f1,l14_last,43,length_shift,0,1,0.273706574058221,0.26353979038833214,[0.273706574058221]
B_conditional_f1,l14_last,43,length_shift,0,10,0.27314981754586204,0.26458761733951525,[0.27314981754586204]
B_conditional_f1,l14_last,43,source_token_ridge,0,0.01,0.11746611775243214,0.05902713058125635,[0.11746611775243214]
B_conditional_f1,l14_last,43,source_token_ridge,0,0.1,0.1143073208352798,0.05922047111289702,[0.1143073208352798]
B_conditional_f1,l14_last,43,source_token_ridge,0,1,0.1164974973298664,0.06689135402839293,[0.1164974973298664]
B_conditional_f1,l14_last,43,source_token_ridge,0,10,0.18006902873345484,0.1511900616828228,[0.18006902873345484]
B_conditional_f1,l14_last,43,shuffled,1,0.01,0.22091679295168962,0.22058613356375142,[0.22091679295168962]
B_conditional_f1,l14_last,43,shuffled,2,0.01,0.23899656000410727,0.24497315711284948,[0.23899656000410727]
B_conditional_f1,l14_last,43,shuffled,4,0.01,0.27107953326913053,0.2814323803368178,[0.27107953326913053]
B_conditional_f1,l14_last,43,shuffled,8,0.01,0.2682833323875731,0.27352106562622763,[0.2682833323875731]
B_conditional_f1,l14_last,43,shuffled,16,0.01,0.2861995293871075,0.2860428033844844,[0.2861995293871075]
B_conditional_f1,l14_last,43,shuffled,32,0.01,0.2966334546720906,0.28530563717267104,[0.2966334546720906]
B_conditional_f1,l14_last,43,shuffled,1,0.1,0.21966207692438278,0.21942275518368523,[0.21966207692438278]
B_conditional_f1,l14_last,43,shuffled,2,0.1,0.23016959574047244,0.23672512399028603,[0.23016959574047244]
B_conditional_f1,l14_last,43,shuffled,4,0.1,0.2527571971415726,0.2657409763264913,[0.2527571971415726]
B_conditional_f1,l14_last,43,shuffled,8,0.1,0.24014410920315732,0.2512263789553936,[0.24014410920315732]
B_conditional_f1,l14_last,43,shuffled,16,0.1,0.2504864348596095,0.25941385085895824,[0.2504864348596095]
B_conditional_f1,l14_last,43,shuffled,32,0.1,0.24876488632503704,0.2512350238251318,[0.24876488632503704]
B_conditional_f1,l14_last,43,shuffled,1,1,0.21877455159864914,0.21846522105549648,[0.21877455159864914]
B_conditional_f1,l14_last,43,shuffled,2,1,0.2217269112918254,0.22460259224371948,[0.2217269112918254]
B_conditional_f1,l14_last,43,shuffled,4,1,0.23152656884986111,0.2401139694682531,[0.23152656884986111]
B_conditional_f1,l14_last,43,shuffled,8,1,0.2101769023370217,0.2161646065716605,[0.2101769023370217]
B_conditional_f1,l14_last,43,shuffled,16,1,0.20455742949678338,0.209867018897662,[0.20455742949678338]
B_conditional_f1,l14_last,43,shuffled,32,1,0.19440830896862119,0.19532042672200708,[0.19440830896862119]
B_conditional_f1,l14_last,43,shuffled,1,10,0.22069123300992408,0.22036625201626772,[0.22069123300992408]
B_conditional_f1,l14_last,43,shuffled,2,10,0.2132527048582242,0.2116860537566018,[0.2132527048582242]
B_conditional_f1,l14_last,43,shuffled,4,10,0.2088070246696662,0.20900138881624822,[0.2088070246696662]
B_conditional_f1,l14_last,43,shuffled,8,10,0.1858115649606057,0.1815537175032134,[0.1858115649606057]
B_conditional_f1,l14_last,43,shuffled,16,10,0.17726036778149246,0.17213985539408616,[0.17726036778149246]
B_conditional_f1,l14_last,43,shuffled,32,10,0.17331288801121228,0.16695699719295676,[0.17331288801121228]
B_conditional_f1,l14_last,43,random_subspace,32,0.01,0.27340284125347586,0.2726800646766767,[0.27340284125347586]
B_conditional_f1,l14_last,43,random_subspace,32,0.1,0.27342411874948286,0.2727131762496946,[0.27342411874948286]
B_conditional_f1,l14_last,43,random_subspace,32,1,0.2735799330854477,0.27293990568953713,[0.2735799330854477]
B_conditional_f1,l14_last,43,random_subspace,32,10,0.2740556863494206,0.273611169974775,[0.2740556863494206]
B_conditional_f2,l14_last,43,rank1,1,0.01,0.27212831190598336,0.28020693364425614,[0.27212831190598336]
B_conditional_f2,l14_last,43,rank1,1,0.1,0.2721296587933241,0.2802084757769329,[0.2721296587933241]
B_conditional_f2,l14_last,43,rank1,1,1,0.27218161480562014,0.28026227023690575,[0.27218161480562014]
B_conditional_f2,l14_last,43,rank1,1,10,0.27496091893608315,0.28305686640831457,[0.27496091893608315]
B_conditional_f2,l14_last,43,lowrank,1,0.01,0.27212831190598336,0.28020693364425614,[0.27212831190598336]
B_conditional_f2,l14_last,43,lowrank,2,0.01,0.2416294241366993,0.24244878674347628,[0.2416294241366993]
B_conditional_f2,l14_last,43,lowrank,4,0.01,0.19746127169886818,0.18322069695642304,[0.19746127169886818]
B_conditional_f2,l14_last,43,lowrank,8,0.01,0.14207888680981307,0.11694867731746765,[0.14207888680981307]
B_conditional_f2,l14_last,43,lowrank,16,0.01,0.09885095531263279,0.06784759647368592,[0.09885095531263279]
B_conditional_f2,l14_last,43,lowrank,32,0.01,0.06920473120451438,0.0312484031862121,[0.06920473120451438]
B_conditional_f2,l14_last,43,lowrank,1,0.1,0.2721296587933241,0.2802084757769329,[0.2721296587933241]
B_conditional_f2,l14_last,43,lowrank,2,0.1,0.24168378256197906,0.24247421713311315,[0.24168378256197906]
B_conditional_f2,l14_last,43,lowrank,4,0.1,0.19754776410333308,0.18327221083080092,[0.19754776410333308]
B_conditional_f2,l14_last,43,lowrank,8,0.1,0.14219635810469847,0.11702393484181156,[0.14219635810469847]
B_conditional_f2,l14_last,43,lowrank,16,0.1,0.09906239345426432,0.06799885077432255,[0.09906239345426432]
B_conditional_f2,l14_last,43,lowrank,32,0.1,0.06959747443984272,0.03164435755520651,[0.06959747443984272]
B_conditional_f2,l14_last,43,lowrank,1,1,0.27218161480562014,0.28026227023690575,[0.27218161480562014]
B_conditional_f2,l14_last,43,lowrank,2,1,0.24210838150760075,0.24281543151830073,[0.24210838150760075]
B_conditional_f2,l14_last,43,lowrank,4,1,0.19831299715168346,0.18403720474633323,[0.19831299715168346]
B_conditional_f2,l14_last,43,lowrank,8,1,0.14363248398890213,0.11857360951169077,[0.14363248398890213]
B_conditional_f2,l14_last,43,lowrank,16,1,0.1027413364943246,0.07222761709602814,[0.1027413364943246]
B_conditional_f2,l14_last,43,lowrank,32,1,0.07882643458078002,0.042780160013530244,[0.07882643458078002]
B_conditional_f2,l14_last,43,lowrank,1,10,0.27496091893608315,0.28305686640831457,[0.27496091893608315]
B_conditional_f2,l14_last,43,lowrank,2,10,0.24852350661173847,0.24985943002816466,[0.24852350661173847]
B_conditional_f2,l14_last,43,lowrank,4,10,0.21144559363350313,0.20044369902229028,[0.21144559363350313]
B_conditional_f2,l14_last,43,lowrank,8,10,0.171107977016863,0.15175937246303092,[0.171107977016863]
B_conditional_f2,l14_last,43,lowrank,16,10,0.15067465015489645,0.1289739619335791,[0.15067465015489645]
B_conditional_f2,l14_last,43,lowrank,32,10,0.1440701805556928,0.12081675044604345,[0.1440701805556928]
B_conditional_f2,l14_last,43,full_delta,0,0.01,0.03708605799650073,0.00012500920769286102,[0.03708605799650073]
B_conditional_f2,l14_last,43,full_delta,0,0.1,0.04094962830547786,0.003294963384188998,[0.04094962830547786]
B_conditional_f2,l14_last,43,full_delta,0,1,0.06534942399503638,0.02893891772322003,[0.06534942399503638]
B_conditional_f2,l14_last,43,full_delta,0,10,0.14189244372883864,0.11855409351751768,[0.14189244372883864]
B_conditional_f2,l14_last,43,full_affine,0,0.01,0.007459983084585525,1.941814178901439e-05,[0.007459983084585525]
B_conditional_f2,l14_last,43,full_affine,0,0.1,0.008106611499643264,0.000529215022133912,[0.008106611499643264]
B_conditional_f2,l14_last,43,full_affine,0,1,0.012407472619830025,0.005035939658456688,[0.012407472619830025]
B_conditional_f2,l14_last,43,full_affine,0,10,0.024261048667240853,0.02026008234645957,[0.024261048667240853]
B_conditional_f2,l14_last,43,length_shift,0,0.01,0.3265291724021939,0.31560944320129863,[0.3265291724021939]
B_conditional_f2,l14_last,43,length_shift,0,0.1,0.325159408501506,0.3162530214394389,[0.325159408501506]
B_conditional_f2,l14_last,43,length_shift,0,1,0.32509286591625935,0.3192446030823635,[0.32509286591625935]
B_conditional_f2,l14_last,43,length_shift,0,10,0.3242988012461195,0.3207482236889956,[0.3242988012461195]
B_conditional_f2,l14_last,43,source_token_ridge,0,0.01,0.11029806490363364,0.05818862785420683,[0.11029806490363364]
B_conditional_f2,l14_last,43,source_token_ridge,0,0.1,0.10793451177095244,0.05841549097544993,[0.10793451177095244]
B_conditional_f2,l14_last,43,source_token_ridge,0,1,0.11569097091280295,0.06786360425892979,[0.11569097091280295]
B_conditional_f2,l14_last,43,source_token_ridge,0,10,0.20408818875791543,0.17634323708491736,[0.20408818875791543]
B_conditional_f2,l14_last,43,shuffled,1,0.01,0.2723120177863482,0.2804960343656033,[0.2723120177863482]
B_conditional_f2,l14_last,43,shuffled,2,0.01,0.24643472742763306,0.2473961980369566,[0.24643472742763306]
B_conditional_f2,l14_last,43,shuffled,4,0.01,0.20980542329054316,0.19881897726072953,[0.20980542329054316]
B_conditional_f2,l14_last,43,shuffled,8,0.01,0.17114832850195438,0.1478218210129533,[0.17114832850195438]
B_conditional_f2,l14_last,43,shuffled,16,0.01,0.14657389735948625,0.11722617456609734,[0.14657389735948625]
B_conditional_f2,l14_last,43,shuffled,32,0.01,0.12636890250774727,0.09022623983729892,[0.12636890250774727]
B_conditional_f2,l14_last,43,shuffled,1,0.1,0.27230454831150014,0.2804864985587002,[0.27230454831150014]
B_conditional_f2,l14_last,43,shuffled,2,0.1,0.24626560415682838,0.24727922130623803,[0.24626560415682838]
B_conditional_f2,l14_last,43,shuffled,4,0.1,0.20956150408465934,0.19881077284097037,[0.20956150408465934]
B_conditional_f2,l14_last,43,shuffled,8,0.1,0.16466236279932514,0.14463558909454882,[0.16466236279932514]
B_conditional_f2,l14_last,43,shuffled,16,0.1,0.13614257406354222,0.11180727835936262,[0.13614257406354222]
B_conditional_f2,l14_last,43,shuffled,32,0.1,0.11359061495693988,0.08332177950202564,[0.11359061495693988]
B_conditional_f2,l14_last,43,shuffled,1,1,0.2723424708471435,0.28051535001308986,[0.2723424708471435]
B_conditional_f2,l14_last,43,shuffled,2,1,0.2461827466297893,0.24720354988012075,[0.2461827466297893]
B_conditional_f2,l14_last,43,shuffled,4,1,0.20963651354401455,0.19912052398400062,[0.20963651354401455]
B_conditional_f2,l14_last,43,shuffled,8,1,0.1618876386752709,0.1429050250064342,[0.1618876386752709]
B_conditional_f2,l14_last,43,shuffled,16,1,0.12871893996292286,0.10690867044300938,[0.12871893996292286]
B_conditional_f2,l14_last,43,shuffled,32,1,0.10810975434821568,0.08136090936582296,[0.10810975434821568]
B_conditional_f2,l14_last,43,shuffled,1,10,0.2751063010113297,0.28326416474857535,[0.2751063010113297]
B_conditional_f2,l14_last,43,shuffled,2,10,0.2512017310447225,0.2528211849576558,[0.2512017310447225]
B_conditional_f2,l14_last,43,shuffled,4,10,0.21993743192999324,0.21195965828685304,[0.21993743192999324]
B_conditional_f2,l14_last,43,shuffled,8,10,0.18316339722860434,0.1680478595610193,[0.18316339722860434]
B_conditional_f2,l14_last,43,shuffled,16,10,0.1650404757190805,0.14844539143478405,[0.1650404757190805]
B_conditional_f2,l14_last,43,shuffled,32,10,0.15900398526140258,0.14101447567516529,[0.15900398526140258]
B_conditional_f2,l14_last,43,random_subspace,32,0.01,0.32840407686156325,0.336173257881302,[0.32840407686156325]
B_conditional_f2,l14_last,43,random_subspace,32,0.1,0.32844933461583353,0.3362006049256024,[0.32844933461583353]
B_conditional_f2,l14_last,43,random_subspace,32,1,0.3286806222835951,0.3364187601744261,[0.3286806222835951]
B_conditional_f2,l14_last,43,random_subspace,32,10,0.32936536106100994,0.33718115916797814,[0.32936536106100994]
A_negation,l14_last,17,rank1,1,0.01,0.1344164515477737,0.1274858331125103,[0.1344164515477737]
A_negation,l14_last,17,rank1,1,0.1,0.1345105750895519,0.1275212882898291,[0.1345105750895519]
A_negation,l14_last,17,rank1,1,1,0.13510279941268336,0.12793004569926325,[0.13510279941268336]
A_negation,l14_last,17,rank1,1,10,0.13923748120875643,0.13150651322804274,[0.13923748120875643]
A_negation,l14_last,17,lowrank,1,0.01,0.1344164515477737,0.1274858331125103,[0.1344164515477737]
A_negation,l14_last,17,lowrank,2,0.01,0.12004550427379464,0.10965102439170271,[0.12004550427379464]
A_negation,l14_last,17,lowrank,4,0.01,0.09935611246172604,0.08439886848254585,[0.09935611246172604]
A_negation,l14_last,17,lowrank,8,0.01,0.07724777056079085,0.05555928213012917,[0.07724777056079085]
A_negation,l14_last,17,lowrank,16,0.01,0.06474547429803142,0.03306233922244892,[0.06474547429803142]
A_negation,l14_last,17,lowrank,32,0.01,0.05180612667838372,0.010645739935872221,[0.05180612667838372]
A_negation,l14_last,17,lowrank,1,0.1,0.1345105750895519,0.1275212882898291,[0.1345105750895519]
A_negation,l14_last,17,lowrank,2,0.1,0.12007577852288935,0.10972680319450234,[0.12007577852288935]
A_negation,l14_last,17,lowrank,4,0.1,0.09932850086338778,0.08452212392244922,[0.09932850086338778]
A_negation,l14_last,17,lowrank,8,0.1,0.07761801486995104,0.055774198849512645,[0.07761801486995104]
A_negation,l14_last,17,lowrank,16,0.1,0.06490843098282754,0.033468617566552665,[0.06490843098282754]
A_negation,l14_last,17,lowrank,32,0.1,0.05212672931743906,0.011521176123526428,[0.05212672931743906]
A_negation,l14_last,17,lowrank,1,1,0.13510279941268336,0.12793004569926325,[0.13510279941268336]
A_negation,l14_last,17,lowrank,2,1,0.12043544249520606,0.11064336136844327,[0.12043544249520606]
A_negation,l14_last,17,lowrank,4,1,0.10007694788929943,0.0860676121768222,[0.10007694788929943]
A_negation,l14_last,17,lowrank,8,1,0.07984743739741954,0.05890699106094351,[0.07984743739741954]
A_negation,l14_last,17,lowrank,16,1,0.06833182279591749,0.04022185040194317,[0.06833182279591749]
A_negation,l14_last,17,lowrank,32,1,0.05880617201572006,0.025143264977280356,[0.05880617201572006]
A_negation,l14_last,17,lowrank,1,10,0.13923748120875643,0.13150651322804274,[0.13923748120875643]
A_negation,l14_last,17,lowrank,2,10,0.12735187113671323,0.11814856249283945,[0.12735187113671323]
A_negation,l14_last,17,lowrank,4,10,0.11284483569765229,0.10086117821665813,[0.11284483569765229]
A_negation,l14_last,17,lowrank,8,10,0.10190366098307398,0.086565292761477,[0.10190366098307398]
A_negation,l14_last,17,lowrank,16,10,0.09800472969365955,0.08066913722419568,[0.09800472969365955]
A_negation,l14_last,17,lowrank,32,10,0.09588996923096027,0.07745756229006862,[0.09588996923096027]
A_negation,l14_last,17,full_delta,0,0.01,0.04068845973273467,0.00010293187749210068,[0.04068845973273467]
A_negation,l14_last,17,full_delta,0,0.1,0.04162758759664514,0.002568040269094681,[0.04162758759664514]
A_negation,l14_last,17,full_delta,0,1,0.05471247644132143,0.02175345187234889,[0.05471247644132143]
A_negation,l14_last,17,full_delta,0,10,0.09532435068028733,0.07698902433840511,[0.09532435068028733]
A_negation,l14_last,17,full_affine,0,0.01,0.03814682083164098,9.620010439769861e-05,[0.03814682083164098]
A_negation,l14_last,17,full_affine,0,0.1,0.04012158670160195,0.0025481507341101263,[0.04012158670160195]
A_negation,l14_last,17,full_affine,0,1,0.05769789452221502,0.02456057881414772,[0.05769789452221502]
A_negation,l14_last,17,full_affine,0,10,0.11121721479134224,0.09629137033177902,[0.11121721479134224]
A_negation,l14_last,17,length_shift,0,0.01,0.1500778660339597,0.1336290367964606,[0.1500778660339597]
A_negation,l14_last,17,length_shift,0,0.1,0.1498563387559191,0.1347178140197036,[0.1498563387559191]
A_negation,l14_last,17,length_shift,0,1,0.1508076118884858,0.13713142291289285,[0.1508076118884858]
A_negation,l14_last,17,length_shift,0,10,0.15041487760190864,0.13826794696363887,[0.15041487760190864]
A_negation,l14_last,17,source_token_ridge,0,0.01,0.060676545352603105,0.005028815958897642,[0.060676545352603105]
A_negation,l14_last,17,source_token_ridge,0,0.1,0.05708187932881087,0.005449779074722584,[0.05708187932881087]
A_negation,l14_last,17,source_token_ridge,0,1,0.05911435328401824,0.019544103259393004,[0.05911435328401824]
A_negation,l14_last,17,source_token_ridge,0,10,0.11421340019860082,0.09528853016120348,[0.11421340019860082]
A_negation,l14_last,17,shuffled,1,0.01,0.1956716030115496,0.19899876698746713,[0.1956716030115496]
A_negation,l14_last,17,shuffled,2,0.01,0.21841828327496038,0.22497109106602478,[0.21841828327496038]
A_negation,l14_last,17,shuffled,4,0.01,0.24301279866385248,0.2497867072271016,[0.24301279866385248]
A_negation,l14_last,17,shuffled,8,0.01,0.27910390555939546,0.2928162295314376,[0.27910390555939546]
A_negation,l14_last,17,shuffled,16,0.01,0.29550965535354434,0.30880551306153486,[0.29550965535354434]
A_negation,l14_last,17,shuffled,32,0.01,0.318281837051543,0.322856196561461,[0.318281837051543]
A_negation,l14_last,17,shuffled,1,0.1,0.1878915051367386,0.19123282219580937,[0.1878915051367386]
A_negation,l14_last,17,shuffled,2,0.1,0.20266020700282203,0.21030027899622714,[0.20266020700282203]
A_negation,l14_last,17,shuffled,4,0.1,0.21772302949890618,0.22746188550530352,[0.21772302949890618]
A_negation,l14_last,17,shuffled,8,0.1,0.24432986050237235,0.262561557703971,[0.24432986050237235]
A_negation,l14_last,17,shuffled,16,0.1,0.25057871120552894,0.2718588081286162,[0.25057871120552894]
A_negation,l14_last,17,shuffled,32,0.1,0.25768140809073165,0.27575700377201523,[0.25768140809073165]
A_negation,l14_last,17,shuffled,1,1,0.17635391408940818,0.17619226492513876,[0.17635391408940818]
A_negation,l14_last,17,shuffled,2,1,0.1829109452680747,0.1848614587576046,[0.1829109452680747]
A_negation,l14_last,17,shuffled,4,1,0.18602093583882492,0.18903775774181045,[0.18602093583882492]
A_negation,l14_last,17,shuffled,8,1,0.19499175389206522,0.2036393257453363,[0.19499175389206522]
A_negation,l14_last,17,shuffled,16,1,0.1916682630567902,0.20077483592509737,[0.1916682630567902]
A_negation,l14_last,17,shuffled,32,1,0.18683102257650544,0.1942787866155311,[0.18683102257650544]
A_negation,l14_last,17,shuffled,1,10,0.15837334701724667,0.1538292749027732,[0.15837334701724667]
A_negation,l14_last,17,shuffled,2,10,0.15567466810702368,0.15095102336849783,[0.15567466810702368]
A_negation,l14_last,17,shuffled,4,10,0.14857828461015124,0.1430654073409308,[0.14857828461015124]
A_negation,l14_last,17,shuffled,8,10,0.14454878852227995,0.1398915202533454,[0.14454878852227995]
A_negation,l14_last,17,shuffled,16,10,0.14195695499635583,0.13651088604733166,[0.14195695499635583]
A_negation,l14_last,17,shuffled,32,10,0.14021522035945844,0.13426954922204756,[0.14021522035945844]
A_negation,l14_last,17,random_subspace,32,0.01,0.15518364864338052,0.14793859263473574,[0.15518364864338052]
A_negation,l14_last,17,random_subspace,32,0.1,0.1551897684910809,0.1479595934933153,[0.1551897684910809]
A_negation,l14_last,17,random_subspace,32,1,0.15530555334872917,0.14812120709360735,[0.15530555334872917]
A_negation,l14_last,17,random_subspace,32,10,0.15567342752587918,0.14859331664487607,[0.15567342752587918]
A_negation,l14_last,29,rank1,1,0.01,0.13694481916996445,0.13098687990078708,[0.13694481916996445]
A_negation,l14_last,29,rank1,1,0.1,0.13705751621357798,0.1310000365714996,[0.13705751621357798]
A_negation,l14_last,29,rank1,1,1,0.13761774367506108,0.13122216232340475,[0.13761774367506108]
A_negation,l14_last,29,rank1,1,10,0.14122587180777332,0.13476377583130375,[0.14122587180777332]
A_negation,l14_last,29,lowrank,1,0.01,0.13694481916996445,0.13098687990078708,[0.13694481916996445]
A_negation,l14_last,29,lowrank,2,0.01,0.1251666199449236,0.11485938857135365,[0.1251666199449236]
A_negation,l14_last,29,lowrank,4,0.01,0.10312952198567954,0.08757749343030528,[0.10312952198567954]
A_negation,l14_last,29,lowrank,8,0.01,0.07948770079942864,0.05769430398301125,[0.07948770079942864]
A_negation,l14_last,29,lowrank,16,0.01,0.0662737061190218,0.03291953807658524,[0.0662737061190218]
A_negation,l14_last,29,lowrank,32,0.01,0.050215187814759164,0.010212619297387506,[0.050215187814759164]
A_negation,l14_last,29,lowrank,1,0.1,0.13705751621357798,0.1310000365714996,[0.13705751621357798]
A_negation,l14_last,29,lowrank,2,0.1,0.125151013081825,0.11492535841707642,[0.125151013081825]
A_negation,l14_last,29,lowrank,4,0.1,0.10322633829895154,0.08768082112170413,[0.10322633829895154]
A_negation,l14_last,29,lowrank,8,0.1,0.07968067937184946,0.05790843485742381,[0.07968067937184946]
A_negation,l14_last,29,lowrank,16,0.1,0.0664068766386252,0.033353475392267413,[0.0664068766386252]
A_negation,l14_last,29,lowrank,32,0.1,0.05030693304430434,0.011098287109384986,[0.05030693304430434]
A_negation,l14_last,29,lowrank,1,1,0.13761774367506108,0.13122216232340475,[0.13761774367506108]
A_negation,l14_last,29,lowrank,2,1,0.12502967522374422,0.11568353633200897,[0.12502967522374422]
A_negation,l14_last,29,lowrank,4,1,0.10391956872012546,0.08896037268967967,[0.10391956872012546]
A_negation,l14_last,29,lowrank,8,1,0.08175784807312303,0.060943776299538975,[0.08175784807312303]
A_negation,l14_last,29,lowrank,16,1,0.07010474731654025,0.040276889681471105,[0.07010474731654025]
A_negation,l14_last,29,lowrank,32,1,0.05843373534408632,0.025098438383459754,[0.05843373534408632]
A_negation,l14_last,29,lowrank,1,10,0.14122587180777332,0.13476377583130375,[0.14122587180777332]
A_negation,l14_last,29,lowrank,2,10,0.13050966053112698,0.12293949706557171,[0.13050966053112698]
A_negation,l14_last,29,lowrank,4,10,0.11529082773075768,0.10312383673796581,[0.11529082773075768]
A_negation,l14_last,29,lowrank,8,10,0.10361912838626146,0.08845950990508038,[0.10361912838626146]
A_negation,l14_last,29,lowrank,16,10,0.09958054219954969,0.08164209697039736,[0.09958054219954969]
A_negation,l14_last,29,lowrank,32,10,0.09711548600902024,0.07847285792182633,[0.09711548600902024]
A_negation,l14_last,29,full_delta,0,0.01,0.04128160769695599,9.79534606077648e-05,[0.04128160769695599]
A_negation,l14_last,29,full_delta,0,0.1,0.04176839071431555,0.0025039614245752715,[0.04176839071431555]
A_negation,l14_last,29,full_delta,0,1,0.054825579026468084,0.021731674169332332,[0.054825579026468084]
A_negation,l14_last,29,full_delta,0,10,0.09659241996978492,0.07799651144819796,[0.09659241996978492]
A_negation,l14_last,29,full_affine,0,0.01,0.04092205513992267,9.333049578277404e-05,[0.04092205513992267]
A_negation,l14_last,29,full_affine,0,0.1,0.042708456793621376,0.0025293895015801246,[0.042708456793621376]
A_negation,l14_last,29,full_affine,0,1,0.060315485936798106,0.024275687999099283,[0.060315485936798106]
A_negation,l14_last,29,full_affine,0,10,0.11367058771401417,0.0954072237442556,[0.11367058771401417]
A_negation,l14_last,29,length_shift,0,0.01,0.15266902507611838,0.13563473080137686,[0.15266902507611838]
A_negation,l14_last,29,length_shift,0,0.1,0.15200335671879647,0.1368125940693221,[0.15200335671879647]
A_negation,l14_last,29,length_shift,0,1,0.15277053246134184,0.1396161284709966,[0.15277053246134184]
A_negation,l14_last,29,length_shift,0,10,0.15215250481847364,0.14080217102441278,[0.15215250481847364]
A_negation,l14_last,29,source_token_ridge,0,0.01,0.059146004870074174,0.005342109179935606,[0.059146004870074174]
A_negation,l14_last,29,source_token_ridge,0,0.1,0.05569895739443679,0.0059029587126864375,[0.05569895739443679]
A_negation,l14_last,29,source_token_ridge,0,1,0.05879846673138663,0.019903254452598745,[0.05879846673138663]
A_negation,l14_last,29,source_token_ridge,0,10,0.11403350564572456,0.09576852921804058,[0.11403350564572456]
A_negation,l14_last,29,shuffled,1,0.01,0.19752101562457777,0.1962400766081908,[0.19752101562457777]
A_negation,l14_last,29,shuffled,2,0.01,0.23255864691545888,0.22404690836317964,[0.23255864691545888]
A_negation,l14_last,29,shuffled,4,0.01,0.25822140017976686,0.2561614477407574,[0.25822140017976686]
A_negation,l14_last,29,shuffled,8,0.01,0.29734457152286603,0.297143825494326,[0.29734457152286603]
A_negation,l14_last,29,shuffled,16,0.01,0.31668528872035334,0.31592369740033577,[0.31668528872035334]
A_negation,l14_last,29,shuffled,32,0.01,0.3310499598956302,0.3233858217685241,[0.3310499598956302]
A_negation,l14_last,29,shuffled,1,0.1,0.1858287053141685,0.18981534032549494,[0.1858287053141685]
A_negation,l14_last,29,shuffled,2,0.1,0.21226529455317378,0.2124566947712164,[0.21226529455317378]
A_negation,l14_last,29,shuffled,4,0.1,0.2296566120541742,0.23688442964869172,[0.2296566120541742]
A_negation,l14_last,29,shuffled,8,0.1,0.2579174840894856,0.2697377961550644,[0.2579174840894856]
A_negation,l14_last,29,shuffled,16,0.1,0.2673449788896665,0.28222858346233654,[0.2673449788896665]
A_negation,l14_last,29,shuffled,32,0.1,0.27166302907025414,0.2824424689233416,[0.27166302907025414]
A_negation,l14_last,29,shuffled,1,1,0.1733886175253959,0.1766129729271235,[0.1733886175253959]
A_negation,l14_last,29,shuffled,2,1,0.18821103196159025,0.19070218754874366,[0.18821103196159025]
A_negation,l14_last,29,shuffled,4,1,0.19308503816116174,0.1996588283323836,[0.19308503816116174]
A_negation,l14_last,29,shuffled,8,1,0.2019391189012035,0.21182848345532324,[0.2019391189012035]
A_negation,l14_last,29,shuffled,16,1,0.1976698010104735,0.20894076795068653,[0.1976698010104735]
A_negation,l14_last,29,shuffled,32,1,0.19249200917199868,0.20168813484653492,[0.19249200917199868]
A_negation,l14_last,29,shuffled,1,10,0.15537983401709335,0.15425043851304143,[0.15537983401709335]
A_negation,l14_last,29,shuffled,2,10,0.15625168064753162,0.15444683535525042,[0.15625168064753162]
A_negation,l14_last,29,shuffled,4,10,0.14995116388817198,0.14734410682207008,[0.14995116388817198]
A_negation,l14_last,29,shuffled,8,10,0.14544468332458302,0.14290527771498285,[0.14544468332458302]
A_negation,l14_last,29,shuffled,16,10,0.14202054477277684,0.13883248530425019,[0.14202054477277684]
A_negation,l14_last,29,shuffled,32,10,0.14023968916812737,0.13658238281728188,[0.14023968916812737]
A_negation,l14_last,29,random_subspace,32,0.01,0.15592600493937164,0.15009112415395173,[0.15592600493937164]
A_negation,l14_last,29,random_subspace,32,0.1,0.15592676230651983,0.15011188089347968,[0.15592676230651983]
A_negation,l14_last,29,random_subspace,32,1,0.1560338965408666,0.1502791552300703,[0.1560338965408666]
A_negation,l14_last,29,random_subspace,32,10,0.15641011168812718,0.15077137685719297,[0.15641011168812718]
A_negation,l14_last,43,rank1,1,0.01,0.13543758858751717,0.13385987644527939,[0.13543758858751717]
A_negation,l14_last,43,rank1,1,0.1,0.1354941331881462,0.1338855114470704,[0.1354941331881462]
A_negation,l14_last,43,rank1,1,1,0.13601593493617958,0.1342537437988964,[0.13601593493617958]
A_negation,l14_last,43,rank1,1,10,0.1397690307383371,0.13802780314395036,[0.1397690307383371]
A_negation,l14_last,43,lowrank,1,0.01,0.13543758858751717,0.13385987644527939,[0.13543758858751717]
A_negation,l14_last,43,lowrank,2,0.01,0.12057257784581255,0.11351103091250869,[0.12057257784581255]
A_negation,l14_last,43,lowrank,4,0.01,0.10352150958716162,0.08646376910353036,[0.10352150958716162]
A_negation,l14_last,43,lowrank,8,0.01,0.08214910393995904,0.05743365080398983,[0.08214910393995904]
A_negation,l14_last,43,lowrank,16,0.01,0.06647595017211921,0.03140677168294078,[0.06647595017211921]
A_negation,l14_last,43,lowrank,32,0.01,0.05256254359645929,0.008978113402291802,[0.05256254359645929]
A_negation,l14_last,43,lowrank,1,0.1,0.1354941331881462,0.1338855114470704,[0.1354941331881462]
A_negation,l14_last,43,lowrank,2,0.1,0.12061174887753899,0.11355425187472547,[0.12061174887753899]
A_negation,l14_last,43,lowrank,4,0.1,0.1034165735294167,0.08657499791842153,[0.1034165735294167]
A_negation,l14_last,43,lowrank,8,0.1,0.08211283095985705,0.057620163776514854,[0.08211283095985705]
A_negation,l14_last,43,lowrank,16,0.1,0.06625810863312412,0.03182094063036366,[0.06625810863312412]
A_negation,l14_last,43,lowrank,32,0.1,0.052116403026189834,0.009846183308384287,[0.052116403026189834]
A_negation,l14_last,43,lowrank,1,1,0.13601593493617958,0.1342537437988964,[0.13601593493617958]
A_negation,l14_last,43,lowrank,2,1,0.12122448758052289,0.11413597695904558,[0.12122448758052289]
A_negation,l14_last,43,lowrank,4,1,0.10388955725583915,0.08825422587365833,[0.10388955725583915]
A_negation,l14_last,43,lowrank,8,1,0.08371889401303949,0.060801034051600256,[0.08371889401303949]
A_negation,l14_last,43,lowrank,16,1,0.06929808775949649,0.03883901050879313,[0.06929808775949649]
A_negation,l14_last,43,lowrank,32,1,0.058876682517093056,0.02400976330633875,[0.058876682517093056]
A_negation,l14_last,43,lowrank,1,10,0.1397690307383371,0.13802780314395036,[0.1397690307383371]
A_negation,l14_last,43,lowrank,2,10,0.12732262114924797,0.12137231876526605,[0.12732262114924797]
A_negation,l14_last,43,lowrank,4,10,0.11489367566497073,0.10417935311421206,[0.11489367566497073]
A_negation,l14_last,43,lowrank,8,10,0.10399375368055154,0.0898656710723359,[0.10399375368055154]
A_negation,l14_last,43,lowrank,16,10,0.09883885486659343,0.08250229760909045,[0.09883885486659343]
A_negation,l14_last,43,lowrank,32,10,0.09656252229472827,0.07939291622525853,[0.09656252229472827]
A_negation,l14_last,43,full_delta,0,0.01,0.042762184743813124,8.810140306747545e-05,[0.042762184743813124]
A_negation,l14_last,43,full_delta,0,0.1,0.04304053816056766,0.0023764601461464894,[0.04304053816056766]
A_negation,l14_last,43,full_delta,0,1,0.055367056021210066,0.02128145804095895,[0.055367056021210066]
A_negation,l14_last,43,full_delta,0,10,0.09607956641903177,0.07902135506316521,[0.09607956641903177]
A_negation,l14_last,43,full_affine,0,0.01,0.04092570216431696,8.342614192976384e-05,[0.04092570216431696]
A_negation,l14_last,43,full_affine,0,0.1,0.04234188383211047,0.002419062054872432,[0.04234188383211047]
A_negation,l14_last,43,full_affine,0,1,0.05972509063333478,0.023862613556640586,[0.05972509063333478]
A_negation,l14_last,43,full_affine,0,10,0.11383968470416511,0.09635251805243228,[0.11383968470416511]
A_negation,l14_last,43,length_shift,0,0.01,0.1521879357631483,0.14277014737142413,[0.1521879357631483]
A_negation,l14_last,43,length_shift,0,0.1,0.15171073506859084,0.14376693597833878,[0.15171073506859084]
A_negation,l14_last,43,length_shift,0,1,0.15245079211373438,0.14590248874576353,[0.15245079211373438]
A_negation,l14_last,43,length_shift,0,10,0.15155294649461273,0.14693696787375718,[0.15155294649461273]
A_negation,l14_last,43,source_token_ridge,0,0.01,0.06288277301242828,0.0039095500928336005,[0.06288277301242828]
A_negation,l14_last,43,source_token_ridge,0,0.1,0.05781314078997005,0.004381762225657125,[0.05781314078997005]
A_negation,l14_last,43,source_token_ridge,0,1,0.059053823550019736,0.01877429209771698,[0.059053823550019736]
A_negation,l14_last,43,source_token_ridge,0,10,0.11350488837489364,0.09962652063659888,[0.11350488837489364]
A_negation,l14_last,43,shuffled,1,0.01,0.19417897655119784,0.18945904666138016,[0.19417897655119784]
A_negation,l14_last,43,shuffled,2,0.01,0.2211977547636023,0.22491285569525452,[0.2211977547636023]
A_negation,l14_last,43,shuffled,4,0.01,0.25050972342092254,0.2558468481894493,[0.25050972342092254]
A_negation,l14_last,43,shuffled,8,0.01,0.27287360001738215,0.281214784845619,[0.27287360001738215]
A_negation,l14_last,43,shuffled,16,0.01,0.28892229161689187,0.287915242812611,[0.28892229161689187]
A_negation,l14_last,43,shuffled,32,0.01,0.2996900854283198,0.29019128200972283,[0.2996900854283198]
A_negation,l14_last,43,shuffled,1,0.1,0.18079303727331628,0.18293328042790657,[0.18079303727331628]
A_negation,l14_last,43,shuffled,2,0.1,0.20129581132026228,0.21110293540631883,[0.20129581132026228]
A_negation,l14_last,43,shuffled,4,0.1,0.22209050359032922,0.23529233338430675,[0.22209050359032922]
A_negation,l14_last,43,shuffled,8,0.1,0.23506915234712009,0.254054277225323,[0.23506915234712009]
A_negation,l14_last,43,shuffled,16,0.1,0.24206307515976463,0.25531410069710736,[0.24206307515976463]
A_negation,l14_last,43,shuffled,32,0.1,0.2421164969469467,0.2503619430038873,[0.2421164969469467]
A_negation,l14_last,43,shuffled,1,1,0.16634213670968706,0.17051825922844074,[0.16634213670968706]
A_negation,l14_last,43,shuffled,2,1,0.17915533583410123,0.187598036951767,[0.17915533583410123]
A_negation,l14_last,43,shuffled,4,1,0.18691091309861987,0.19787598110577265,[0.18691091309861987]
A_negation,l14_last,43,shuffled,8,1,0.18340900058764162,0.19635573692006977,[0.18340900058764162]
A_negation,l14_last,43,shuffled,16,1,0.18179592747961268,0.19155334418636927,[0.18179592747961268]
A_negation,l14_last,43,shuffled,32,1,0.17444757512905418,0.1815820090365646,[0.17444757512905418]
A_negation,l14_last,43,shuffled,1,10,0.1525653825425556,0.15336664352989618,[0.1525653825425556]
A_negation,l14_last,43,shuffled,2,10,0.15271341760454388,0.15383130577107956,[0.15271341760454388]
A_negation,l14_last,43,shuffled,4,10,0.14844130626387253,0.14934009631050008,[0.14844130626387253]
A_negation,l14_last,43,shuffled,8,10,0.1418890414246918,0.14181069609728378,[0.1418890414246918]
A_negation,l14_last,43,shuffled,16,10,0.13906166772055661,0.1375494027312778,[0.13906166772055661]
A_negation,l14_last,43,shuffled,32,10,0.13686145851376116,0.13480542262663528,[0.13686145851376116]
A_negation,l14_last,43,random_subspace,32,0.01,0.15603680002025136,0.15700172375299765,[0.15603680002025136]
A_negation,l14_last,43,random_subspace,32,0.1,0.15603814126922144,0.15702217552943798,[0.15603814126922144]
A_negation,l14_last,43,random_subspace,32,1,0.15614845735237518,0.1571922250221334,[0.15614845735237518]
A_negation,l14_last,43,random_subspace,32,10,0.15650620849065935,0.15769873501230738,[0.15650620849065935]
A_time,l14_last,17,rank1,1,0.01,0.03716778355429139,0.03543801561741231,[0.03716778355429139]
A_time,l14_last,17,rank1,1,0.1,0.037091467696012244,0.03545494141836033,[0.037091467696012244]
A_time,l14_last,17,rank1,1,1,0.037006009819144446,0.03560135603857182,[0.037006009819144446]
A_time,l14_last,17,rank1,1,10,0.03769594973246773,0.036542179141442706,[0.03769594973246773]
A_time,l14_last,17,lowrank,1,0.01,0.03716778355429139,0.03543801561741231,[0.03716778355429139]
A_time,l14_last,17,lowrank,2,0.01,0.03451363845305829,0.031149277241243615,[0.03451363845305829]
A_time,l14_last,17,lowrank,4,0.01,0.029923964974468743,0.024972423139423033,[0.029923964974468743]
A_time,l14_last,17,lowrank,8,0.01,0.025521364637344345,0.017959186166643867,[0.025521364637344345]
A_time,l14_last,17,lowrank,16,0.01,0.02159980793118588,0.010537381918583555,[0.02159980793118588]
A_time,l14_last,17,lowrank,32,0.01,0.017517834061606303,0.003581019924423594,[0.017517834061606303]
A_time,l14_last,17,lowrank,1,0.1,0.037091467696012244,0.03545494141836033,[0.037091467696012244]
A_time,l14_last,17,lowrank,2,0.1,0.03432635055704699,0.031206692853498214,[0.03432635055704699]
A_time,l14_last,17,lowrank,4,0.1,0.029845979114863714,0.02506382640053445,[0.029845979114863714]
A_time,l14_last,17,lowrank,8,0.1,0.025459803817233544,0.018091012848320834,[0.025459803817233544]
A_time,l14_last,17,lowrank,16,0.1,0.021499226101282798,0.010734546996774,[0.021499226101282798]
A_time,l14_last,17,lowrank,32,0.1,0.01737393415758711,0.00394255308102427,[0.01737393415758711]
A_time,l14_last,17,lowrank,1,1,0.037006009819144446,0.03560135603857182,[0.037006009819144446]
A_time,l14_last,17,lowrank,2,1,0.034026012100748744,0.03157715936895223,[0.034026012100748744]
A_time,l14_last,17,lowrank,4,1,0.029917370464145818,0.02580802412673544,[0.029917370464145818]
A_time,l14_last,17,lowrank,8,1,0.025600032730562865,0.019360475514579627,[0.025600032730562865]
A_time,l14_last,17,lowrank,16,1,0.02210350138584718,0.013129000101642549,[0.02210350138584718]
A_time,l14_last,17,lowrank,32,1,0.019096945656698037,0.008516775499435943,[0.019096945656698037]
A_time,l14_last,17,lowrank,1,10,0.03769594973246773,0.036542179141442706,[0.03769594973246773]
A_time,l14_last,17,lowrank,2,10,0.03518124965858718,0.033432370861805165,[0.03518124965858718]
A_time,l14_last,17,lowrank,4,10,0.032355682018202346,0.0296557046795604,[0.032355682018202346]
A_time,l14_last,17,lowrank,8,10,0.029881533852452135,0.026303199063068345,[0.029881533852452135]
A_time,l14_last,17,lowrank,16,10,0.028697927254849844,0.024343728567123607,[0.028697927254849844]
A_time,l14_last,17,lowrank,32,10,0.028041810600088812,0.023365050972207018,[0.028041810600088812]
A_time,l14_last,17,full_delta,0,0.01,0.01446232972933685,4.737994808957246e-05,[0.01446232972933685]
A_time,l14_last,17,full_delta,0,0.1,0.014360802586049845,0.0010189603737695053,[0.014360802586049845]
A_time,l14_last,17,full_delta,0,1,0.017906111327246794,0.0074315806083714775,[0.017906111327246794]
A_time,l14_last,17,full_delta,0,10,0.027877171636468467,0.02321575715306178,[0.027877171636468467]
A_time,l14_last,17,full_affine,0,0.01,0.030362827785123874,8.427306270050487e-05,[0.030362827785123874]
A_time,l14_last,17,full_affine,0,0.1,0.032842476143692366,0.002203324664180466,[0.032842476143692366]
A_time,l14_last,17,full_affine,0,1,0.052588042695194515,0.022710361250798655,[0.052588042695194515]
A_time,l14_last,17,full_affine,0,10,0.11470310072314488,0.09686558425058378,[0.11470310072314488]
A_time,l14_last,17,length_shift,0,0.01,0.04031851000626096,0.03730670379092702,[0.04031851000626096]
A_time,l14_last,17,length_shift,0,0.1,0.04023781281731564,0.03760396377082,[0.04023781281731564]
A_time,l14_last,17,length_shift,0,1,0.04048958859358241,0.038262781316012816,[0.04048958859358241]
A_time,l14_last,17,length_shift,0,10,0.040454788230070544,0.038564185063081194,[0.040454788230070544]
A_time,l14_last,17,source_token_ridge,0,0.01,0.02063911890623674,0.0019770706942090384,[0.02063911890623674]
A_time,l14_last,17,source_token_ridge,0,0.1,0.019139251960057297,0.0021056187054045747,[0.019139251960057297]
A_time,l14_last,17,source_token_ridge,0,1,0.0186376293806592,0.006095214371194976,[0.0186376293806592]
A_time,l14_last,17,source_token_ridge,0,10,0.03171165401556068,0.02688290759444878,[0.03171165401556068]
A_time,l14_last,17,shuffled,1,0.01,0.10584769112952867,0.11851404404820987,[0.10584769112952867]
A_time,l14_last,17,shuffled,2,0.01,0.15108508209664578,0.1608646302976896,[0.15108508209664578]
A_time,l14_last,17,shuffled,4,0.01,0.2058458144375945,0.21414212474047392,[0.2058458144375945]
A_time,l14_last,17,shuffled,8,0.01,0.2616184949955834,0.27338980470669294,[0.2616184949955834]
A_time,l14_last,17,shuffled,16,0.01,0.30771865227710876,0.31770502945576956,[0.30771865227710876]
A_time,l14_last,17,shuffled,32,0.01,0.3388514181411742,0.3455841936398061,[0.3388514181411742]
A_time,l14_last,17,shuffled,1,0.1,0.09765809922104778,0.10936454752986768,[0.09765809922104778]
A_time,l14_last,17,shuffled,2,0.1,0.13180264165757352,0.14530109388430346,[0.13180264165757352]
A_time,l14_last,17,shuffled,4,0.1,0.17434627066351882,0.19040107065200282,[0.17434627066351882]
A_time,l14_last,17,shuffled,8,0.1,0.21817240638660032,0.2401833913285771,[0.21817240638660032]
A_time,l14_last,17,shuffled,16,0.1,0.24784672537058605,0.27363538882215277,[0.24784672537058605]
A_time,l14_last,17,shuffled,32,0.1,0.2659949916404305,0.2909447764015821,[0.2659949916404305]
A_time,l14_last,17,shuffled,1,1,0.08557476182410706,0.09199656843782099,[0.08557476182410706]
A_time,l14_last,17,shuffled,2,1,0.10807185979537533,0.11731366626411233,[0.10807185979537533]
A_time,l14_last,17,shuffled,4,1,0.13587864027117347,0.14732247118256822,[0.13587864027117347]
A_time,l14_last,17,shuffled,8,1,0.15799725207512352,0.17428101204134272,[0.15799725207512352]
A_time,l14_last,17,shuffled,16,1,0.16628754729789974,0.18452694288077112,[0.16628754729789974]
A_time,l14_last,17,shuffled,32,1,0.1683294539525959,0.18555613343692193,[0.1683294539525959]
A_time,l14_last,17,shuffled,1,10,0.06037288540856278,0.061770250262811806,[0.06037288540856278]
A_time,l14_last,17,shuffled,2,10,0.06648178680583705,0.0684991188107329,[0.06648178680583705]
A_time,l14_last,17,shuffled,4,10,0.07205332085710478,0.07438008877741135,[0.07205332085710478]
A_time,l14_last,17,shuffled,8,10,0.07357358128561275,0.07615834324567643,[0.07357358128561275]
A_time,l14_last,17,shuffled,16,10,0.07329759017920244,0.07558583578355921,[0.07329759017920244]
A_time,l14_last,17,shuffled,32,10,0.072852778785622,0.07480097056433456,[0.072852778785622]
A_time,l14_last,17,random_subspace,32,0.01,0.04171506529151153,0.040978637777788506,[0.04171506529151153]
A_time,l14_last,17,random_subspace,32,0.1,0.041715440861875785,0.04098747440554144,[0.041715440861875785]
A_time,l14_last,17,random_subspace,32,1,0.04175231175393368,0.04104723693076247,[0.04175231175393368]
A_time,l14_last,17,random_subspace,32,10,0.04184149390828571,0.041189757424319066,[0.04184149390828571]
A_time,l14_last,29,rank1,1,0.01,0.03733178027602805,0.03676406233341935,[0.03733178027602805]
A_time,l14_last,29,rank1,1,0.1,0.03728563886843805,0.03676853266582839,[0.03728563886843805]
A_time,l14_last,29,rank1,1,1,0.03725026365503236,0.036826691839979823,[0.03725026365503236]
A_time,l14_last,29,rank1,1,10,0.03810172004174528,0.0376269762778577,[0.03810172004174528]
A_time,l14_last,29,lowrank,1,0.01,0.03733178027602805,0.03676406233341935,[0.03733178027602805]
A_time,l14_last,29,lowrank,2,0.01,0.03475584183276634,0.032417659860169194,[0.03475584183276634]
A_time,l14_last,29,lowrank,4,0.01,0.030839269411293183,0.026008044724600582,[0.030839269411293183]
A_time,l14_last,29,lowrank,8,0.01,0.026067624724302612,0.01804972945610202,[0.026067624724302612]
A_time,l14_last,29,lowrank,16,0.01,0.02158824091347257,0.010310395302719455,[0.02158824091347257]
A_time,l14_last,29,lowrank,32,0.01,0.017425554915444123,0.0035253664096424188,[0.017425554915444123]
A_time,l14_last,29,lowrank,1,0.1,0.03728563886843805,0.03676853266582839,[0.03728563886843805]
A_time,l14_last,29,lowrank,2,0.1,0.03463902299247213,0.03246879013309913,[0.03463902299247213]
A_time,l14_last,29,lowrank,4,0.1,0.030803583108366627,0.02609402890549382,[0.030803583108366627]
A_time,l14_last,29,lowrank,8,0.1,0.0259983624717738,0.018169210720404113,[0.0259983624717738]
A_time,l14_last,29,lowrank,16,0.1,0.021495164281509743,0.010514567360627725,[0.021495164281509743]
A_time,l14_last,29,lowrank,32,0.1,0.01721035630205839,0.003897250222487639,[0.01721035630205839]
A_time,l14_last,29,lowrank,1,1,0.03725026365503236,0.036826691839979823,[0.03725026365503236]
A_time,l14_last,29,lowrank,2,1,0.03448587881390509,0.03277383979914611,[0.03448587881390509]
A_time,l14_last,29,lowrank,4,1,0.030789098532054405,0.02671395947843616,[0.030789098532054405]
A_time,l14_last,29,lowrank,8,1,0.026243972139205308,0.019242404814212202,[0.026243972139205308]
A_time,l14_last,29,lowrank,16,1,0.022376644285291538,0.012839238890434264,[0.022376644285291538]
A_time,l14_last,29,lowrank,32,1,0.01917088507576968,0.00844197822309239,[0.01917088507576968]
A_time,l14_last,29,lowrank,1,10,0.03810172004174528,0.0376269762778577,[0.03810172004174528]
A_time,l14_last,29,lowrank,2,10,0.035777877829059807,0.0345353220681609,[0.035777877829059807]
A_time,l14_last,29,lowrank,4,10,0.03295332428901613,0.03030656977377591,[0.03295332428901613]
A_time,l14_last,29,lowrank,8,10,0.030439056234524947,0.026398255554652444,[0.030439056234524947]
A_time,l14_last,29,lowrank,16,10,0.029105014007188474,0.02426959709835862,[0.029105014007188474]
A_time,l14_last,29,lowrank,32,10,0.028405022662154066,0.023363030994600156,[0.028405022662154066]
A_time,l14_last,29,full_delta,0,0.01,0.014731143722612161,3.972153322322556e-05,[0.014731143722612161]
A_time,l14_last,29,full_delta,0,0.1,0.014489548477109856,0.0009605541945469119,[0.014489548477109856]
A_time,l14_last,29,full_delta,0,1,0.017944629140006912,0.007301106283683166,[0.017944629140006912]
A_time,l14_last,29,full_delta,0,10,0.028226266828767086,0.023201091224955613,[0.028226266828767086]
A_time,l14_last,29,full_affine,0,0.01,0.03129760141335728,7.173730264803135e-05,[0.03129760141335728]
A_time,l14_last,29,full_affine,0,0.1,0.03327673679869169,0.00205265727168039,[0.03327673679869169]
A_time,l14_last,29,full_affine,0,1,0.052530017255390034,0.022265300243109003,[0.052530017255390034]
A_time,l14_last,29,full_affine,0,10,0.11601541515415185,0.09748092467518489,[0.11601541515415185]
A_time,l14_last,29,length_shift,0,0.01,0.041027662756814395,0.03757310294875922,[0.041027662756814395]
A_time,l14_last,29,length_shift,0,0.1,0.04088443844298236,0.0378606514288557,[0.04088443844298236]
A_time,l14_last,29,length_shift,0,1,0.04109315283356683,0.038545152410526196,[0.04109315283356683]
A_time,l14_last,29,length_shift,0,10,0.04096707844851056,0.03883847389093993,[0.04096707844851056]
A_time,l14_last,29,source_token_ridge,0,0.01,0.01982193199613545,0.0021555433220845723,[0.01982193199613545]
A_time,l14_last,29,source_token_ridge,0,0.1,0.01835330426433317,0.0023138975394235172,[0.01835330426433317]
A_time,l14_last,29,source_token_ridge,0,1,0.01794662563731108,0.006202941804314699,[0.01794662563731108]
A_time,l14_last,29,source_token_ridge,0,10,0.03144454146148723,0.02670973297858394,[0.03144454146148723]
A_time,l14_last,29,shuffled,1,0.01,0.12451592211256161,0.11053158283089635,[0.12451592211256161]
A_time,l14_last,29,shuffled,2,0.01,0.17633877988776744,0.15501817782765462,[0.17633877988776744]
A_time,l14_last,29,shuffled,4,0.01,0.23120375947392993,0.21823705023641438,[0.23120375947392993]
A_time,l14_last,29,shuffled,8,0.01,0.2893647685834053,0.2817187009455116,[0.2893647685834053]
A_time,l14_last,29,shuffled,16,0.01,0.3287781190985784,0.32400165107678935,[0.3287781190985784]
A_time,l14_last,29,shuffled,32,0.01,0.35948147162791794,0.34966914239254887,[0.35948147162791794]
A_time,l14_last,29,shuffled,1,0.1,0.10676753970502954,0.1036314697439611,[0.10676753970502954]
A_time,l14_last,29,shuffled,2,0.1,0.1467865049887802,0.14247207625748617,[0.1467865049887802]
A_time,l14_last,29,shuffled,4,0.1,0.19318403863997294,0.19691671276564912,[0.19318403863997294]
A_time,l14_last,29,shuffled,8,0.1,0.23681686153188863,0.25061168476891504,[0.23681686153188863]
A_time,l14_last,29,shuffled,16,0.1,0.26534665358062615,0.2833775504528195,[0.26534665358062615]
A_time,l14_last,29,shuffled,32,0.1,0.2843158066211982,0.29972944123408446,[0.2843158066211982]
A_time,l14_last,29,shuffled,1,1,0.08946440090830902,0.08966556457376722,[0.08946440090830902]
A_time,l14_last,29,shuffled,2,1,0.11520697598606257,0.11852485283632856,[0.11520697598606257]
A_time,l14_last,29,shuffled,4,1,0.14565492200820337,0.15440775910906218,[0.14565492200820337]
A_time,l14_last,29,shuffled,8,1,0.1686236957121459,0.1842153499485185,[0.1686236957121459]
A_time,l14_last,29,shuffled,16,1,0.1763773136814916,0.19419113486903075,[0.1763773136814916]
A_time,l14_last,29,shuffled,32,1,0.1786017596247403,0.195183969727984,[0.1786017596247403]
A_time,l14_last,29,shuffled,1,10,0.05942441298973502,0.058724419440092566,[0.05942441298973502]
A_time,l14_last,29,shuffled,2,10,0.06631581014328443,0.06656350773634136,[0.06631581014328443]
A_time,l14_last,29,shuffled,4,10,0.07374965282800593,0.07513636815109108,[0.07374965282800593]
A_time,l14_last,29,shuffled,8,10,0.07610767938578669,0.07820781999443084,[0.07610767938578669]
A_time,l14_last,29,shuffled,16,10,0.07561286006152636,0.07750372408856439,[0.07561286006152636]
A_time,l14_last,29,shuffled,32,10,0.07516615646033688,0.07673837191395398,[0.07516615646033688]
A_time,l14_last,29,random_subspace,32,0.01,0.04185335296847035,0.04096650104655083,[0.04185335296847035]
A_time,l14_last,29,random_subspace,32,0.1,0.04185137291260799,0.04097457303171417,[0.04185137291260799]
A_time,l14_last,29,random_subspace,32,1,0.04188304395547615,0.04103092158343465,[0.04188304395547615]
A_time,l14_last,29,random_subspace,32,10,0.041970908760294634,0.04117026343159568,[0.041970908760294634]
A_time,l14_last,43,rank1,1,0.01,0.03741834613944132,0.03346122444154533,[0.03741834613944132]
A_time,l14_last,43,rank1,1,0.1,0.03738867141563353,0.033472151231626994,[0.03738867141563353]
A_time,l14_last,43,rank1,1,1,0.03734542120442041,0.03360772281253845,[0.03734542120442041]
A_time,l14_last,43,rank1,1,10,0.037924392248524,0.03462406595656892,[0.037924392248524]
A_time,l14_last,43,lowrank,1,0.01,0.03741834613944132,0.03346122444154533,[0.03741834613944132]
A_time,l14_last,43,lowrank,2,0.01,0.03419418620257913,0.02937703088554056,[0.03419418620257913]
A_time,l14_last,43,lowrank,4,0.01,0.031027492695569838,0.02399598969824804,[0.031027492695569838]
A_time,l14_last,43,lowrank,8,0.01,0.027340742313231182,0.017219911838682076,[0.027340742313231182]
A_time,l14_last,43,lowrank,16,0.01,0.022790727223677382,0.009484829060653092,[0.022790727223677382]
A_time,l14_last,43,lowrank,32,0.01,0.01871429034485173,0.002832986276155422,[0.01871429034485173]
A_time,l14_last,43,lowrank,1,0.1,0.03738867141563353,0.033472151231626994,[0.03738867141563353]
A_time,l14_last,43,lowrank,2,0.1,0.0341655323496296,0.029391207316056562,[0.0341655323496296]
A_time,l14_last,43,lowrank,4,0.1,0.031017211691332026,0.024049528059876906,[0.031017211691332026]
A_time,l14_last,43,lowrank,8,0.1,0.02731506985077754,0.01730252251418482,[0.02731506985077754]
A_time,l14_last,43,lowrank,16,0.1,0.02278140982127444,0.0096269194654172,[0.02278140982127444]
A_time,l14_last,43,lowrank,32,0.1,0.018609509776363883,0.003138052214892334,[0.018609509776363883]
A_time,l14_last,43,lowrank,1,1,0.03734542120442041,0.03360772281253845,[0.03734542120442041]
A_time,l14_last,43,lowrank,2,1,0.034157541582835495,0.02957405717048366,[0.034157541582835495]
A_time,l14_last,43,lowrank,4,1,0.031012447755298923,0.02463448723185764,[0.031012447755298923]
A_time,l14_last,43,lowrank,8,1,0.02740918237781889,0.018395588012663677,[0.02740918237781889]
A_time,l14_last,43,lowrank,16,1,0.023468547027427334,0.011835159513752745,[0.023468547027427334]
A_time,l14_last,43,lowrank,32,1,0.02032926481178722,0.0074549549648814046,[0.02032926481178722]
A_time,l14_last,43,lowrank,1,10,0.037924392248524,0.03462406595656892,[0.037924392248524]
A_time,l14_last,43,lowrank,2,10,0.03535134978416438,0.03133843440637434,[0.03535134978416438]
A_time,l14_last,43,lowrank,4,10,0.033194172039438335,0.02818357626573161,[0.033194172039438335]
A_time,l14_last,43,lowrank,8,10,0.03111175524985778,0.02508565159158253,[0.03111175524985778]
A_time,l14_last,43,lowrank,16,10,0.02968801278082278,0.022831623820988023,[0.02968801278082278]
A_time,l14_last,43,lowrank,32,10,0.028987748704859734,0.0219000806897288,[0.028987748704859734]
A_time,l14_last,43,full_delta,0,0.01,0.016082039782496924,3.054912524173387e-05,[0.016082039782496924]
A_time,l14_last,43,full_delta,0,0.1,0.016041636051813166,0.0007914527485345296,[0.016041636051813166]
A_time,l14_last,43,full_delta,0,1,0.019325542961087367,0.006596933890026553,[0.019325542961087367]
A_time,l14_last,43,full_delta,0,10,0.028848885807963697,0.021782871642896478,[0.028848885807963697]
A_time,l14_last,43,full_affine,0,0.01,0.032220312150594184,6.600694025646734e-05,[0.032220312150594184]
A_time,l14_last,43,full_affine,0,0.1,0.03432880249762227,0.0019473275809608847,[0.03432880249762227]
A_time,l14_last,43,full_affine,0,1,0.0537513993085832,0.021874496764866146,[0.0537513993085832]
A_time,l14_last,43,full_affine,0,10,0.11661375342074504,0.0979944159049591,[0.11661375342074504]
A_time,l14_last,43,length_shift,0,0.01,0.04084816313224706,0.036392563498842324,[0.04084816313224706]
A_time,l14_last,43,length_shift,0,0.1,0.04075732349689553,0.036638837745616853,[0.04075732349689553]
A_time,l14_last,43,length_shift,0,1,0.04097499059960668,0.03716654939089914,[0.04097499059960668]
A_time,l14_last,43,length_shift,0,10,0.04083654774643068,0.037425902360042965,[0.04083654774643068]
A_time,l14_last,43,source_token_ridge,0,0.01,0.021749969533167046,0.0012282950064538658,[0.021749969533167046]
A_time,l14_last,43,source_token_ridge,0,0.1,0.020150633058444504,0.0013523691654455858,[0.020150633058444504]
A_time,l14_last,43,source_token_ridge,0,1,0.019624222761308274,0.005101016315265011,[0.019624222761308274]
A_time,l14_last,43,source_token_ridge,0,10,0.03207490605078082,0.02561053485759965,[0.03207490605078082]
A_time,l14_last,43,shuffled,1,0.01,0.11125284757814917,0.10802744311443559,[0.11125284757814917]
A_time,l14_last,43,shuffled,2,0.01,0.1525698733107681,0.15861266171694194,[0.1525698733107681]
A_time,l14_last,43,shuffled,4,0.01,0.207453642082537,0.21529059488373195,[0.207453642082537]
A_time,l14_last,43,shuffled,8,0.01,0.2503629742193515,0.2682723233606929,[0.2503629742193515]
A_time,l14_last,43,shuffled,16,0.01,0.2864012736502147,0.3050685773846979,[0.2864012736502147]
A_time,l14_last,43,shuffled,32,0.01,0.31101570609901563,0.3231360204422416,[0.31101570609901563]
A_time,l14_last,43,shuffled,1,0.1,0.09241606329316383,0.10024170967856001,[0.09241606329316383]
A_time,l14_last,43,shuffled,2,0.1,0.1255968363639545,0.14356445747958638,[0.1255968363639545]
A_time,l14_last,43,shuffled,4,0.1,0.17105347079653152,0.19236052085089148,[0.17105347079653152]
A_time,l14_last,43,shuffled,8,0.1,0.20407386921039214,0.23637038999079127,[0.20407386921039214]
A_time,l14_last,43,shuffled,16,0.1,0.22825564153295433,0.2640081549305432,[0.22825564153295433]
A_time,l14_last,43,shuffled,32,0.1,0.24097997630067547,0.27420310899250505,[0.24097997630067547]
A_time,l14_last,43,shuffled,1,1,0.07649930439192393,0.08537703161096567,[0.07649930439192393]
A_time,l14_last,43,shuffled,2,1,0.10158919846427643,0.11702594338186724,[0.10158919846427643]
A_time,l14_last,43,shuffled,4,1,0.13070703969520936,0.14921580698831938,[0.13070703969520936]
A_time,l14_last,43,shuffled,8,1,0.1470896519239457,0.17149290565494568,[0.1470896519239457]
A_time,l14_last,43,shuffled,16,1,0.15351557944011066,0.17908509505076586,[0.15351557944011066]
A_time,l14_last,43,shuffled,32,1,0.15365975140584973,0.17814932969168348,[0.15365975140584973]
A_time,l14_last,43,shuffled,1,10,0.054750348045530695,0.057244643055834654,[0.054750348045530695]
A_time,l14_last,43,shuffled,2,10,0.06288380023645429,0.06673991329647001,[0.06288380023645429]
A_time,l14_last,43,shuffled,4,10,0.06937533928884704,0.07404925206196172,[0.06937533928884704]
A_time,l14_last,43,shuffled,8,10,0.07042412063330912,0.07564048794314153,[0.07042412063330912]
A_time,l14_last,43,shuffled,16,10,0.0699259791206224,0.07459936789672733,[0.0699259791206224]
A_time,l14_last,43,shuffled,32,10,0.069193122343794,0.07363920613269381,[0.069193122343794]
A_time,l14_last,43,random_subspace,32,0.01,0.041982253685984496,0.039773451455855355,[0.041982253685984496]
A_time,l14_last,43,random_subspace,32,0.1,0.041981928617307984,0.03978025492142548,[0.041981928617307984]
A_time,l14_last,43,random_subspace,32,1,0.04200932579035962,0.0398323808136916,[0.04200932579035962]
A_time,l14_last,43,random_subspace,32,10,0.04209015280788141,0.039965670568367834,[0.04209015280788141]
A_emphasis,l14_last,17,rank1,1,0.01,0.06301627500066433,0.06077342482014033,[0.06301627500066433]
A_emphasis,l14_last,17,rank1,1,0.1,0.06298381444607458,0.06079817946253437,[0.06298381444607458]
A_emphasis,l14_last,17,rank1,1,1,0.06291020655941554,0.06102248509807123,[0.06291020655941554]
A_emphasis,l14_last,17,rank1,1,10,0.06429894871532155,0.06290168365094571,[0.06429894871532155]
A_emphasis,l14_last,17,lowrank,1,0.01,0.06301627500066433,0.06077342482014033,[0.06301627500066433]
A_emphasis,l14_last,17,lowrank,2,0.01,0.055917021783427855,0.05200418408227258,[0.055917021783427855]
A_emphasis,l14_last,17,lowrank,4,0.01,0.046337164952056635,0.0418405070995709,[0.046337164952056635]
A_emphasis,l14_last,17,lowrank,8,0.01,0.037214705483512016,0.028796353399710473,[0.037214705483512016]
A_emphasis,l14_last,17,lowrank,16,0.01,0.03075390210712156,0.016784918065957385,[0.03075390210712156]
A_emphasis,l14_last,17,lowrank,32,0.01,0.02398765806421259,0.005367526126881162,[0.02398765806421259]
A_emphasis,l14_last,17,lowrank,1,0.1,0.06298381444607458,0.06079817946253437,[0.06298381444607458]
A_emphasis,l14_last,17,lowrank,2,0.1,0.05591621670890005,0.05203801449253939,[0.05591621670890005]
A_emphasis,l14_last,17,lowrank,4,0.1,0.04637481475898445,0.04188954727506756,[0.04637481475898445]
A_emphasis,l14_last,17,lowrank,8,0.1,0.03729140335674715,0.028892310597796234,[0.03729140335674715]
A_emphasis,l14_last,17,lowrank,16,0.1,0.030728584141485087,0.017001998782935415,[0.030728584141485087]
A_emphasis,l14_last,17,lowrank,32,0.1,0.023988451788055563,0.005794673092652328,[0.023988451788055563]
A_emphasis,l14_last,17,lowrank,1,1,0.06291020655941554,0.06102248509807123,[0.06291020655941554]
A_emphasis,l14_last,17,lowrank,2,1,0.056021364041483855,0.05239678089384325,[0.056021364041483855]
A_emphasis,l14_last,17,lowrank,4,1,0.04683351616518675,0.04247958132311117,[0.04683351616518675]
A_emphasis,l14_last,17,lowrank,8,1,0.03794843903195847,0.03024986170229517,[0.03794843903195847]
A_emphasis,l14_last,17,lowrank,16,1,0.03207572792920689,0.020416643045217127,[0.03207572792920689]
A_emphasis,l14_last,17,lowrank,32,1,0.0271463373087738,0.012629627011455454,[0.0271463373087738]
A_emphasis,l14_last,17,lowrank,1,10,0.06429894871532155,0.06290168365094571,[0.06429894871532155]
A_emphasis,l14_last,17,lowrank,2,10,0.05884110024318889,0.056066808299384874,[0.05884110024318889]
A_emphasis,l14_last,17,lowrank,4,10,0.052458991290656065,0.04896364210816038,[0.052458991290656065]
A_emphasis,l14_last,17,lowrank,8,10,0.04744782332937266,0.042508957970436634,[0.04744782332937266]
A_emphasis,l14_last,17,lowrank,16,10,0.04549166180613264,0.03942324810520426,[0.04549166180613264]
A_emphasis,l14_last,17,lowrank,32,10,0.044387804889555356,0.03775754424568545,[0.044387804889555356]
A_emphasis,l14_last,17,full_delta,0,0.01,0.018935177637638002,5.3383910729747984e-05,[0.018935177637638002]
A_emphasis,l14_last,17,full_delta,0,0.1,0.019166232420900677,0.0013213075920568338,[0.019166232420900677]
A_emphasis,l14_last,17,full_delta,0,1,0.025235085720128152,0.010960894789251774,[0.025235085720128152]
A_emphasis,l14_last,17,full_delta,0,10,0.044122775511166445,0.037527887979275164,[0.044122775511166445]
A_emphasis,l14_last,17,full_affine,0,0.01,0.024482654158427555,6.710263118522848e-05,[0.024482654158427555]
A_emphasis,l14_last,17,full_affine,0,0.1,0.02708518402070445,0.0019405127769550636,[0.02708518402070445]
A_emphasis,l14_last,17,full_affine,0,1,0.04611831734670563,0.021059628538187228,[0.04611831734670563]
A_emphasis,l14_last,17,full_affine,0,10,0.10195852491460837,0.08799355007023456,[0.10195852491460837]
A_emphasis,l14_last,17,length_shift,0,0.01,0.06981593884239778,0.06390642638093835,[0.06981593884239778]
A_emphasis,l14_last,17,length_shift,0,0.1,0.06955498947387664,0.06451972205077847,[0.06955498947387664]
A_emphasis,l14_last,17,length_shift,0,1,0.06997690859819473,0.06587854535104366,[0.06997690859819473]
A_emphasis,l14_last,17,length_shift,0,10,0.06981085418307988,0.06647486692130311,[0.06981085418307988]
A_emphasis,l14_last,17,source_token_ridge,0,0.01,0.029571827144941765,0.002824172338971562,[0.029571827144941765]
A_emphasis,l14_last,17,source_token_ridge,0,0.1,0.027711097627093447,0.003034118541665739,[0.027711097627093447]
A_emphasis,l14_last,17,source_token_ridge,0,1,0.028286999830230867,0.009977325969404779,[0.028286999830230867]
A_emphasis,l14_last,17,source_token_ridge,0,10,0.05327730278913156,0.046254396146990895,[0.05327730278913156]
A_emphasis,l14_last,17,shuffled,1,0.01,0.11999209777401841,0.12833928023348726,[0.11999209777401841]
A_emphasis,l14_last,17,shuffled,2,0.01,0.144541409822282,0.15364972835651416,[0.144541409822282]
A_emphasis,l14_last,17,shuffled,4,0.01,0.18951131031785906,0.19713570716593684,[0.18951131031785906]
A_emphasis,l14_last,17,shuffled,8,0.01,0.23351480609264605,0.24313573797668356,[0.23351480609264605]
A_emphasis,l14_last,17,shuffled,16,0.01,0.26932822278735485,0.2795916513067017,[0.26932822278735485]
A_emphasis,l14_last,17,shuffled,32,0.01,0.2930904819422988,0.2984445726263418,[0.2930904819422988]
A_emphasis,l14_last,17,shuffled,1,0.1,0.11251524055131401,0.12167235611033493,[0.11251524055131401]
A_emphasis,l14_last,17,shuffled,2,0.1,0.131179960428032,0.14215479141903423,[0.131179960428032]
A_emphasis,l14_last,17,shuffled,4,0.1,0.16445263754853134,0.17850567889177704,[0.16445263754853134]
A_emphasis,l14_last,17,shuffled,8,0.1,0.19870252980982292,0.21609724357812396,[0.19870252980982292]
A_emphasis,l14_last,17,shuffled,16,0.1,0.22104779992743517,0.24238608453893132,[0.22104779992743517]
A_emphasis,l14_last,17,shuffled,32,0.1,0.23298283051251825,0.2528429558807121,[0.23298283051251825]
A_emphasis,l14_last,17,shuffled,1,1,0.10127919461953223,0.10738435557089836,[0.10127919461953223]
A_emphasis,l14_last,17,shuffled,2,1,0.11199911381040921,0.11909612290884419,[0.11199911381040921]
A_emphasis,l14_last,17,shuffled,4,1,0.13138849563440158,0.1412394869411567,[0.13138849563440158]
A_emphasis,l14_last,17,shuffled,8,1,0.14747020530660607,0.15967706984982274,[0.14747020530660607]
A_emphasis,l14_last,17,shuffled,16,1,0.15196918737892418,0.16530423773772804,[0.15196918737892418]
A_emphasis,l14_last,17,shuffled,32,1,0.15092177302904097,0.16308272707222404,[0.15092177302904097]
A_emphasis,l14_last,17,shuffled,1,10,0.08081701754716392,0.08233253452659574,[0.08081701754716392]
A_emphasis,l14_last,17,shuffled,2,10,0.08065161414136227,0.08172940914856121,[0.08065161414136227]
A_emphasis,l14_last,17,shuffled,4,10,0.08194893132932139,0.08343998509887653,[0.08194893132932139]
A_emphasis,l14_last,17,shuffled,8,10,0.0815393495239014,0.08274021023779153,[0.0815393495239014]
A_emphasis,l14_last,17,shuffled,16,10,0.08036784439222248,0.08101380598953098,[0.08036784439222248]
A_emphasis,l14_last,17,shuffled,32,10,0.07936750804035252,0.07963045951376356,[0.07936750804035252]
A_emphasis,l14_last,17,random_subspace,32,0.01,0.07186899792751791,0.0708974913642295,[0.07186899792751791]
A_emphasis,l14_last,17,random_subspace,32,0.1,0.07186693557978735,0.07090886250738267,[0.07186693557978735]
A_emphasis,l14_last,17,random_subspace,32,1,0.07191393947178727,0.07099462649650363,[0.07191393947178727]
A_emphasis,l14_last,17,random_subspace,32,10,0.07207860132220918,0.07123478725172716,[0.07207860132220918]
A_emphasis,l14_last,29,rank1,1,0.01,0.0655018607482682,0.06278844089220402,[0.0655018607482682]
A_emphasis,l14_last,29,rank1,1,0.1,0.06544535675474032,0.06281179131508235,[0.06544535675474032]
A_emphasis,l14_last,29,rank1,1,1,0.0651503415290836,0.0631232110702591,[0.0651503415290836]
A_emphasis,l14_last,29,rank1,1,10,0.0657894493394955,0.06538680345867154,[0.0657894493394955]
A_emphasis,l14_last,29,lowrank,1,0.01,0.0655018607482682,0.06278844089220402,[0.0655018607482682]
A_emphasis,l14_last,29,lowrank,2,0.01,0.05743633244007843,0.05420703280065819,[0.05743633244007843]
A_emphasis,l14_last,29,lowrank,4,0.01,0.04730287037157548,0.04183621105298707,[0.04730287037157548]
A_emphasis,l14_last,29,lowrank,8,0.01,0.03823263320905603,0.028783736123889552,[0.03823263320905603]
A_emphasis,l14_last,29,lowrank,16,0.01,0.03146994786846837,0.016279049780993038,[0.03146994786846837]
A_emphasis,l14_last,29,lowrank,32,0.01,0.02385453526900419,0.005265307609800113,[0.02385453526900419]
A_emphasis,l14_last,29,lowrank,1,0.1,0.06544535675474032,0.06281179131508235,[0.06544535675474032]
A_emphasis,l14_last,29,lowrank,2,0.1,0.05739794273076488,0.05423924567036773,[0.05739794273076488]
A_emphasis,l14_last,29,lowrank,4,0.1,0.04725579608898343,0.04188244268941793,[0.04725579608898343]
A_emphasis,l14_last,29,lowrank,8,0.1,0.038162223234747945,0.028869288459932436,[0.038162223234747945]
A_emphasis,l14_last,29,lowrank,16,0.1,0.031390143362398204,0.016469010832108822,[0.031390143362398204]
A_emphasis,l14_last,29,lowrank,32,0.1,0.023661863475041785,0.005694121253636081,[0.023661863475041785]
A_emphasis,l14_last,29,lowrank,1,1,0.0651503415290836,0.0631232110702591,[0.0651503415290836]
A_emphasis,l14_last,29,lowrank,2,1,0.05743892093031291,0.05466631247945528,[0.05743892093031291]
A_emphasis,l14_last,29,lowrank,4,1,0.04740185185066969,0.042541846161818726,[0.04740185185066969]
A_emphasis,l14_last,29,lowrank,8,1,0.038521768690205356,0.03022393524326636,[0.038521768690205356]
A_emphasis,l14_last,29,lowrank,16,1,0.03230267727943127,0.019816283568246915,[0.03230267727943127]
A_emphasis,l14_last,29,lowrank,32,1,0.026969482149765026,0.012510773863098538,[0.026969482149765026]
A_emphasis,l14_last,29,lowrank,1,10,0.0657894493394955,0.06538680345867154,[0.0657894493394955]
A_emphasis,l14_last,29,lowrank,2,10,0.06028836652010996,0.05872471577273841,[0.06028836652010996]
A_emphasis,l14_last,29,lowrank,4,10,0.05294409774004108,0.04972964169600704,[0.05294409774004108]
A_emphasis,l14_last,29,lowrank,8,10,0.047909679811172196,0.04316281936463027,[0.047909679811172196]
A_emphasis,l14_last,29,lowrank,16,10,0.04587209455722027,0.03978737683350777,[0.04587209455722027]
A_emphasis,l14_last,29,lowrank,32,10,0.04472580263348631,0.03826100793921188,[0.04472580263348631]
A_emphasis,l14_last,29,full_delta,0,0.01,0.01912180751544641,4.899917458382706e-05,[0.01912180751544641]
A_emphasis,l14_last,29,full_delta,0,0.1,0.0191389164196854,0.0012516378206043515,[0.0191389164196854]
A_emphasis,l14_last,29,full_delta,0,1,0.02502571820338828,0.010755748054966784,[0.02502571820338828]
A_emphasis,l14_last,29,full_delta,0,10,0.044441075135086106,0.03801057462104055,[0.044441075135086106]
A_emphasis,l14_last,29,full_affine,0,0.01,0.026376322972055905,5.946325705997153e-05,[0.026376322972055905]
A_emphasis,l14_last,29,full_affine,0,0.1,0.028469190409866573,0.001802455346707028,[0.028469190409866573]
A_emphasis,l14_last,29,full_affine,0,1,0.04711224031401434,0.020530968018660268,[0.04711224031401434]
A_emphasis,l14_last,29,full_affine,0,10,0.10355320308282724,0.08739840772107237,[0.10355320308282724]
A_emphasis,l14_last,29,length_shift,0,0.01,0.07229583770763796,0.064268502317683,[0.07229583770763796]
A_emphasis,l14_last,29,length_shift,0,0.1,0.07159554184460486,0.0650211228484424,[0.07159554184460486]
A_emphasis,l14_last,29,length_shift,0,1,0.07179102449164232,0.06681235147053433,[0.07179102449164232]
A_emphasis,l14_last,29,length_shift,0,10,0.0711791957379787,0.0675547042337409,[0.0711791957379787]
A_emphasis,l14_last,29,source_token_ridge,0,0.01,0.029848582373671842,0.0028615320356730942,[0.029848582373671842]
A_emphasis,l14_last,29,source_token_ridge,0,0.1,0.027857112552657774,0.0031576576138221094,[0.027857112552657774]
A_emphasis,l14_last,29,source_token_ridge,0,1,0.02839860473565257,0.01019679648597623,[0.02839860473565257]
A_emphasis,l14_last,29,source_token_ridge,0,10,0.05325835645323732,0.04673360227027288,[0.05325835645323732]
A_emphasis,l14_last,29,shuffled,1,0.01,0.13291935504850597,0.11969812133865453,[0.13291935504850597]
A_emphasis,l14_last,29,shuffled,2,0.01,0.16515404903063033,0.1501126066852366,[0.16515404903063033]
A_emphasis,l14_last,29,shuffled,4,0.01,0.20451649901843572,0.1998709434222706,[0.20451649901843572]
A_emphasis,l14_last,29,shuffled,8,0.01,0.2547316325436763,0.2506888912671148,[0.2547316325436763]
A_emphasis,l14_last,29,shuffled,16,0.01,0.28931969747765796,0.28350634450997697,[0.28931969747765796]
A_emphasis,l14_last,29,shuffled,32,0.01,0.30905165016799935,0.3005568176989048,[0.30905165016799935]
A_emphasis,l14_last,29,shuffled,1,0.1,0.11698942523905968,0.11377866823675209,[0.11698942523905968]
A_emphasis,l14_last,29,shuffled,2,0.1,0.14314236867407623,0.14022824433274067,[0.14314236867407623]
A_emphasis,l14_last,29,shuffled,4,0.1,0.17583167962603896,0.18220352976770768,[0.17583167962603896]
A_emphasis,l14_last,29,shuffled,8,0.1,0.2139018990705793,0.22440103264229602,[0.2139018990705793]
A_emphasis,l14_last,29,shuffled,16,0.1,0.23717679196863473,0.24833252613419995,[0.23717679196863473]
A_emphasis,l14_last,29,shuffled,32,0.1,0.2479952796141154,0.2580471966370123,[0.2479952796141154]
A_emphasis,l14_last,29,shuffled,1,1,0.10187257570898454,0.10268406359528208,[0.10187257570898454]
A_emphasis,l14_last,29,shuffled,2,1,0.11882916916750592,0.12159254827230448,[0.11882916916750592]
A_emphasis,l14_last,29,shuffled,4,1,0.13774641392971285,0.14686594156179378,[0.13774641392971285]
A_emphasis,l14_last,29,shuffled,8,1,0.15613274179297532,0.16721661108478403,[0.15613274179297532]
A_emphasis,l14_last,29,shuffled,16,1,0.16058213387896933,0.17155060228429245,[0.16058213387896933]
A_emphasis,l14_last,29,shuffled,32,1,0.15924911514254014,0.16969526691442227,[0.15924911514254014]
A_emphasis,l14_last,29,shuffled,1,10,0.07883939464154759,0.07950011427407483,[0.07883939464154759]
A_emphasis,l14_last,29,shuffled,2,10,0.08153823421422851,0.08270700567452562,[0.08153823421422851]
A_emphasis,l14_last,29,shuffled,4,10,0.08269838785782127,0.08507169097057798,[0.08269838785782127]
A_emphasis,l14_last,29,shuffled,8,10,0.08286369984088243,0.0842923399895373,[0.08286369984088243]
A_emphasis,l14_last,29,shuffled,16,10,0.08159112687154123,0.08222005872910428,[0.08159112687154123]
A_emphasis,l14_last,29,shuffled,32,10,0.08050538365229262,0.08094971785402594,[0.08050538365229262]
A_emphasis,l14_last,29,random_subspace,32,0.01,0.07224113299656422,0.07219780568074824,[0.07224113299656422]
A_emphasis,l14_last,29,random_subspace,32,0.1,0.0722408609200574,0.07220826997977517,[0.0722408609200574]
A_emphasis,l14_last,29,random_subspace,32,1,0.07228868614213423,0.07229671760013574,[0.07228868614213423]
A_emphasis,l14_last,29,random_subspace,32,10,0.07245383849206999,0.07254925990013845,[0.07245383849206999]
A_emphasis,l14_last,43,rank1,1,0.01,0.06322503418711074,0.05915773393884501,[0.06322503418711074]
A_emphasis,l14_last,43,rank1,1,0.1,0.06320853571404661,0.059174852431581416,[0.06320853571404661]
A_emphasis,l14_last,43,rank1,1,1,0.06323774241580471,0.059334624426878306,[0.06323774241580471]
A_emphasis,l14_last,43,rank1,1,10,0.06450140012165032,0.06113228642132992,[0.06450140012165032]
A_emphasis,l14_last,43,lowrank,1,0.01,0.06322503418711074,0.05915773393884501,[0.06322503418711074]
A_emphasis,l14_last,43,lowrank,2,0.01,0.05692515630374192,0.05123929188912949,[0.05692515630374192]
A_emphasis,l14_last,43,lowrank,4,0.01,0.04963994111265926,0.04008310174775616,[0.04963994111265926]
A_emphasis,l14_last,43,lowrank,8,0.01,0.03921911004391845,0.028177404584916188,[0.03921911004391845]
A_emphasis,l14_last,43,lowrank,16,0.01,0.03263286097256176,0.015862385912063556,[0.03263286097256176]
A_emphasis,l14_last,43,lowrank,32,0.01,0.025058981471306033,0.004418762412076785,[0.025058981471306033]
A_emphasis,l14_last,43,lowrank,1,0.1,0.06320853571404661,0.059174852431581416,[0.06320853571404661]
A_emphasis,l14_last,43,lowrank,2,0.1,0.05692398701830542,0.051262051829178666,[0.05692398701830542]
A_emphasis,l14_last,43,lowrank,4,0.1,0.04962167077228005,0.04012615482204681,[0.04962167077228005]
A_emphasis,l14_last,43,lowrank,8,0.1,0.03915534947262056,0.028268373947693316,[0.03915534947262056]
A_emphasis,l14_last,43,lowrank,16,0.1,0.032574210622722345,0.01607126485941133,[0.032574210622722345]
A_emphasis,l14_last,43,lowrank,32,0.1,0.024802301850750757,0.00485759651441102,[0.024802301850750757]
A_emphasis,l14_last,43,lowrank,1,1,0.06323774241580471,0.059334624426878306,[0.06323774241580471]
A_emphasis,l14_last,43,lowrank,2,1,0.057028945246785444,0.051507664215524884,[0.057028945246785444]
A_emphasis,l14_last,43,lowrank,4,1,0.04992742451238085,0.04067958181279447,[0.04992742451238085]
A_emphasis,l14_last,43,lowrank,8,1,0.039859011450655485,0.02949473723233213,[0.039859011450655485]
A_emphasis,l14_last,43,lowrank,16,1,0.034089000116021374,0.019373331602597504,[0.034089000116021374]
A_emphasis,l14_last,43,lowrank,32,1,0.028239121622943297,0.011703417275240319,[0.028239121622943297]
A_emphasis,l14_last,43,lowrank,1,10,0.06450140012165032,0.06113228642132992,[0.06450140012165032]
A_emphasis,l14_last,43,lowrank,2,10,0.05948628460009539,0.05481063994766731,[0.05948628460009539]
A_emphasis,l14_last,43,lowrank,4,10,0.054633827497069694,0.04741874203718205,[0.054633827497069694]
A_emphasis,l14_last,43,lowrank,8,10,0.04912001003530899,0.04151739280817668,[0.04912001003530899]
A_emphasis,l14_last,43,lowrank,16,10,0.04703237302272622,0.03823083113458751,[0.04703237302272622]
A_emphasis,l14_last,43,lowrank,32,10,0.045777560447516685,0.036602041019628516,[0.045777560447516685]
A_emphasis,l14_last,43,full_delta,0,0.01,0.02088320017928291,4.4756091728211476e-05,[0.02088320017928291]
A_emphasis,l14_last,43,full_delta,0,0.1,0.020752256816556878,0.0011853871454786875,[0.020752256816556878]
A_emphasis,l14_last,43,full_delta,0,1,0.02662868188556255,0.01035503748121268,[0.02662868188556255]
A_emphasis,l14_last,43,full_delta,0,10,0.045553915845840814,0.03641756166170958,[0.045553915845840814]
A_emphasis,l14_last,43,full_affine,0,0.01,0.027959105197693294,5.8873082630796435e-05,[0.027959105197693294]
A_emphasis,l14_last,43,full_affine,0,0.1,0.029888228078189194,0.0018285776785098634,[0.029888228078189194]
A_emphasis,l14_last,43,full_affine,0,1,0.04849003990624876,0.020212202376743742,[0.04849003990624876]
A_emphasis,l14_last,43,full_affine,0,10,0.10457732514734996,0.08706892820582206,[0.10457732514734996]
A_emphasis,l14_last,43,length_shift,0,0.01,0.07120475264931109,0.06446111712082815,[0.07120475264931109]
A_emphasis,l14_last,43,length_shift,0,0.1,0.07086329587004181,0.06495582279202368,[0.07086329587004181]
A_emphasis,l14_last,43,length_shift,0,1,0.07113628231099499,0.06601560421295598,[0.07113628231099499]
A_emphasis,l14_last,43,length_shift,0,10,0.07067757634869697,0.06652275299936418,[0.07067757634869697]
A_emphasis,l14_last,43,source_token_ridge,0,0.01,0.03222988043347807,0.0019138434766153914,[0.03222988043347807]
A_emphasis,l14_last,43,source_token_ridge,0,0.1,0.02966434740326517,0.0021249437996279327,[0.02966434740326517]
A_emphasis,l14_last,43,source_token_ridge,0,1,0.029533397218951846,0.008706671383059522,[0.029533397218951846]
A_emphasis,l14_last,43,source_token_ridge,0,10,0.05351964357410519,0.04538387189311696,[0.05351964357410519]
A_emphasis,l14_last,43,shuffled,1,0.01,0.11850080514043164,0.11348770808717494,[0.11850080514043164]
A_emphasis,l14_last,43,shuffled,2,0.01,0.15753632176301938,0.15793516939987295,[0.15753632176301938]
A_emphasis,l14_last,43,shuffled,4,0.01,0.19719343218665997,0.1963941501260149,[0.19719343218665997]
A_emphasis,l14_last,43,shuffled,8,0.01,0.23442237945115085,0.23669808355361854,[0.23442237945115085]
A_emphasis,l14_last,43,shuffled,16,0.01,0.2670758959983924,0.26591074824094957,[0.2670758959983924]
A_emphasis,l14_last,43,shuffled,32,0.01,0.28252386917674627,0.2738239429195055,[0.28252386917674627]
A_emphasis,l14_last,43,shuffled,1,0.1,0.10379938902697762,0.10760471007135758,[0.10379938902697762]
A_emphasis,l14_last,43,shuffled,2,0.1,0.13378587775831544,0.14523868107703292,[0.13378587775831544]
A_emphasis,l14_last,43,shuffled,4,0.1,0.16473540200174638,0.17758565781881622,[0.16473540200174638]
A_emphasis,l14_last,43,shuffled,8,0.1,0.1909416104193479,0.20933820981360052,[0.1909416104193479]
A_emphasis,l14_last,43,shuffled,16,0.1,0.21162171411704586,0.23048826116549034,[0.21162171411704586]
A_emphasis,l14_last,43,shuffled,32,0.1,0.21665756756006269,0.23203928886150751,[0.21665756756006269]
A_emphasis,l14_last,43,shuffled,1,1,0.0919593389233316,0.09626740755798963,[0.0919593389233316]
A_emphasis,l14_last,43,shuffled,2,1,0.11257345508688554,0.12296390825130932,[0.11257345508688554]
A_emphasis,l14_last,43,shuffled,4,1,0.12996262766337818,0.14232396561398228,[0.12996262766337818]
A_emphasis,l14_last,43,shuffled,8,1,0.14006502394802767,0.15495785522789227,[0.14006502394802767]
A_emphasis,l14_last,43,shuffled,16,1,0.14399873828130227,0.1590393782429427,[0.14399873828130227]
A_emphasis,l14_last,43,shuffled,32,1,0.14054304613710017,0.15369745160341705,[0.14054304613710017]
A_emphasis,l14_last,43,shuffled,1,10,0.07615994858304496,0.07548296301097827,[0.07615994858304496]
A_emphasis,l14_last,43,shuffled,2,10,0.08125224976402824,0.08211639300093353,[0.08125224976402824]
A_emphasis,l14_last,43,shuffled,4,10,0.08246947354881914,0.08335142693725876,[0.08246947354881914]
A_emphasis,l14_last,43,shuffled,8,10,0.08110689838149762,0.08156140519246485,[0.08110689838149762]
A_emphasis,l14_last,43,shuffled,16,10,0.07981914967193528,0.0795449385091596,[0.07981914967193528]
A_emphasis,l14_last,43,shuffled,32,10,0.07847666327301965,0.07783308815569688,[0.07847666327301965]
A_emphasis,l14_last,43,random_subspace,32,0.01,0.07252489350625446,0.07134914313257412,[0.07252489350625446]
A_emphasis,l14_last,43,random_subspace,32,0.1,0.07252686979603819,0.07135895770031159,[0.07252686979603819]
A_emphasis,l14_last,43,random_subspace,32,1,0.07257686577554413,0.07143977970656955,[0.07257686577554413]
A_emphasis,l14_last,43,random_subspace,32,10,0.07272756415416792,0.07165191563714214,[0.07272756415416792]
B_shared,l28_last,17,rank1,1,0.01,1.5176008981749936,1.3781817984380222,"[-0.46875, -0.7208333333333332, 1.5176008981749936]"
B_shared,l28_last,17,rank1,1,0.1,1.5221834332768838,1.3812789220656352,"[-0.5208333333333334, -0.7477430555555555, 1.5221834332768838]"
B_shared,l28_last,17,rank1,1,1,1.5273911940745777,1.3937691088283024,"[-0.5, -0.7373263888888889, 1.5273911940745777]"
B_shared,l28_last,17,rank1,1,10,1.5697463782185406,1.4462101976245634,"[-0.3125, -0.6435763888888889, 1.5697463782185406]"
B_shared,l28_last,17,lowrank,1,0.01,1.5176008981749936,1.3781817984380222,"[-0.46875, -0.7208333333333332, 1.5176008981749936]"
B_shared,l28_last,17,lowrank,2,0.01,1.2728493486535457,1.1290760745179391,"[-0.5833333333333334, -0.7789930555555555, 1.2728493486535457]"
B_shared,l28_last,17,lowrank,4,0.01,1.1059761856658017,0.9188324362134074,"[-0.6875, -0.8328124999999998, 1.1059761856658017]"
B_shared,l28_last,17,lowrank,8,0.01,0.8722114928602432,0.6453640250571494,"[-0.8645833333333334, -0.923611111111111, 0.8722114928602432]"
B_shared,l28_last,17,lowrank,16,0.01,0.697786885496713,0.3942196593681783,"[-0.9270833333333334, -0.9592013888888888, 0.697786885496713]"
B_shared,l28_last,17,lowrank,32,0.01,0.5682978517131563,0.19267924733325362,"[-0.9479166666666666, -0.970486111111111, 0.5682978517131563]"
B_shared,l28_last,17,lowrank,1,0.1,1.5221834332768838,1.3812789220656352,"[-0.5208333333333334, -0.7477430555555555, 1.5221834332768838]"
B_shared,l28_last,17,lowrank,2,0.1,1.275963593555037,1.1343969377244856,"[-0.6145833333333334, -0.7937500000000001, 1.275963593555037]"
B_shared,l28_last,17,lowrank,4,0.1,1.1092718466159013,0.9264309964412449,"[-0.6770833333333334, -0.8256944444444443, 1.1092718466159013]"
B_shared,l28_last,17,lowrank,8,0.1,0.8769765146507025,0.6564870971274324,"[-0.8645833333333334, -0.923611111111111, 0.8769765146507025]"
B_shared,l28_last,17,lowrank,16,0.1,0.7051269528285277,0.4094374274087465,"[-0.9166666666666666, -0.953125, 0.7051269528285277]"
B_shared,l28_last,17,lowrank,32,0.1,0.5775444976348497,0.21365738427758277,"[-0.9375, -0.9644097222222222, 0.5775444976348497]"
B_shared,l28_last,17,lowrank,1,1,1.5273911940745777,1.3937691088283024,"[-0.5, -0.7373263888888889, 1.5273911940745777]"
B_shared,l28_last,17,lowrank,2,1,1.2863598817460398,1.159372833336954,"[-0.6041666666666666, -0.7870949074074073, 1.2863598817460398]"
B_shared,l28_last,17,lowrank,4,1,1.124032669813808,0.9653143183239714,"[-0.625, -0.7992476851851852, 1.124032669813808]"
B_shared,l28_last,17,lowrank,8,1,0.9208731713619889,0.7223222779379181,"[-0.8125, -0.8948784722222222, 0.9208731713619889]"
B_shared,l28_last,17,lowrank,16,1,0.7719198045045483,0.5123931506595567,"[-0.8541666666666666, -0.9204282407407408, 0.7719198045045483]"
B_shared,l28_last,17,lowrank,32,1,0.6726217570452914,0.3683473333520233,"[-0.8854166666666666, -0.9361979166666666, 0.6726217570452914]"
B_shared,l28_last,17,lowrank,1,10,1.5697463782185406,1.4462101976245634,"[-0.3125, -0.6435763888888889, 1.5697463782185406]"
B_shared,l28_last,17,lowrank,2,10,1.3744012401531875,1.2512077624915368,"[-0.375, -0.6699652777777777, 1.3744012401531875]"
B_shared,l28_last,17,lowrank,4,10,1.2626734296401032,1.1195532461335966,"[-0.4270833333333333, -0.6977430555555554, 1.2626734296401032]"
B_shared,l28_last,17,lowrank,8,10,1.1600915873069553,0.9870321599089328,"[-0.53125, -0.7498263888888888, 1.1600915873069553]"
B_shared,l28_last,17,lowrank,16,10,1.0932304514184372,0.8975046773193869,"[-0.59375, -0.7793402777777777, 1.0932304514184372]"
B_shared,l28_last,17,lowrank,32,10,1.0624074283042912,0.8584825633295946,"[-0.6145833333333334, -0.7914930555555554, 1.0624074283042912]"
B_shared,l28_last,17,full_delta,0,0.01,0.43723952067525035,0.004182035496351128,"[-0.9479166666666666, -0.970486111111111, 0.43723952067525035]"
B_shared,l28_last,17,full_delta,0,0.1,0.45846579471662485,0.05342198141760174,"[-0.9479166666666666, -0.970486111111111, 0.45846579471662485]"
B_shared,l28_last,17,full_delta,0,1,0.6167030706556565,0.2985917228942995,"[-0.90625, -0.9466145833333334, 0.6167030706556565]"
B_shared,l28_last,17,full_delta,0,10,1.053227848433923,0.8475359484437321,"[-0.625, -0.7967013888888888, 1.053227848433923]"
B_shared,l28_last,17,full_affine,0,0.01,0.32501483503733997,0.002905895304198274,"[-0.9166666666666666, -0.9448164682539683, 0.32501483503733997]"
B_shared,l28_last,17,full_affine,0,0.1,0.34919065223977475,0.03570355146506319,"[-0.9270833333333334, -0.949751984126984, 0.34919065223977475]"
B_shared,l28_last,17,full_affine,0,1,0.5137214900025212,0.23349793722672604,"[-0.8854166666666666, -0.920180224867725, 0.5137214900025212]"
B_shared,l28_last,17,full_affine,0,10,0.9883093004571281,0.8087541577003895,"[-0.4166666666666667, -0.6217631327006327, 0.9883093004571281]"
B_shared,l28_last,17,length_shift,0,0.01,2.2157178018994017,1.98361176551295,"[-0.041666666666666664, -0.4749999999999999, 2.2157178018994017]"
B_shared,l28_last,17,length_shift,0,0.1,2.2055773122990385,1.9884495471750867,"[-0.052083333333333336, -0.48194444444444445, 2.2055773122990385]"
B_shared,l28_last,17,length_shift,0,1,2.2034163183346327,2.012209772094522,"[-0.020833333333333332, -0.46450892857142856, 2.2034163183346327]"
B_shared,l28_last,17,length_shift,0,10,2.2022441311682748,2.023326320422011,"[-0.020833333333333332, -0.46364087301587303, 2.2022441311682748]"
B_shared,l28_last,17,source_token_ridge,0,0.01,1.1609472640964122,0.5781136219681539,"[-0.8229166666666666, -0.90625, 1.1609472640964122]"
B_shared,l28_last,17,source_token_ridge,0,0.1,1.124921768194511,0.579399800393709,"[-0.8229166666666666, -0.90625, 1.124921768194511]"
B_shared,l28_last,17,source_token_ridge,0,1,1.0762177761534157,0.6359827136296555,"[-0.75, -0.8671875, 1.0762177761534157]"
B_shared,l28_last,17,source_token_ridge,0,10,1.5229392080346222,1.24081834848705,"[-0.28125, -0.6232638888888888, 1.5229392080346222]"
B_shared,l28_last,17,shuffled,1,0.01,2.195412618395539,2.128464989942927,"[-0.2708333333333333, -0.5905267662620604, 2.195412618395539]"
B_shared,l28_last,17,shuffled,2,0.01,2.0761147410903305,2.0728929577336586,"[-0.40625, -0.6496108058608058, 2.0761147410903305]"
B_shared,l28_last,17,shuffled,4,0.01,2.6988775039820108,2.5877491298983215,"[-0.3958333333333333, -0.5984712812378253, 2.6988775039820108]"
B_shared,l28_last,17,shuffled,8,0.01,3.069822859324352,2.9426382428701885,"[-0.2916666666666667, -0.4990413810726311, 3.069822859324352]"
B_shared,l28_last,17,shuffled,16,0.01,3.2792546408198455,3.139945513056613,"[-0.25, -0.44334750897250896, 3.2792546408198455]"
B_shared,l28_last,17,shuffled,32,0.01,3.3393509922388023,3.1477813849507044,"[-0.21875, -0.40541736406206513, 3.3393509922388023]"
B_shared,l28_last,17,shuffled,1,0.1,2.0321318600144376,2.006054882642574,"[-0.2604166666666667, -0.5874131944444444, 2.0321318600144376]"
B_shared,l28_last,17,shuffled,2,0.1,1.8994913839463912,1.9310533245340906,"[-0.46875, -0.6881400717338217, 1.8994913839463912]"
B_shared,l28_last,17,shuffled,4,0.1,2.300857546775827,2.286925556372633,"[-0.40625, -0.61286763005513, 2.300857546775827]"
B_shared,l28_last,17,shuffled,8,0.1,2.601987652101094,2.6370859855293673,"[-0.3645833333333333, -0.556340043058793, 2.601987652101094]"
B_shared,l28_last,17,shuffled,16,0.1,2.6972245898912655,2.7566830672752083,"[-0.3333333333333333, -0.49626090055777555, 2.6972245898912655]"
B_shared,l28_last,17,shuffled,32,0.1,2.680491120320017,2.721197025814908,"[-0.25, -0.4374142916593216, 2.680491120320017]"
B_shared,l28_last,17,shuffled,1,1,1.9051363063103721,1.8474640296718932,"[-0.3229166666666667, -0.6321180555555556, 1.9051363063103721]"
B_shared,l28_last,17,shuffled,2,1,1.7524927067856668,1.724117406712525,"[-0.46875, -0.6950644841269842, 1.7524927067856668]"
B_shared,l28_last,17,shuffled,4,1,1.9987834940043936,1.9473951029142167,"[-0.46875, -0.6683821097883597, 1.9987834940043936]"
B_shared,l28_last,17,shuffled,8,1,2.1418916269580532,2.1387999767505783,"[-0.4791666666666667, -0.6561842382154882, 2.1418916269580532]"
B_shared,l28_last,17,shuffled,16,1,2.0970437035481333,2.103123710141064,"[-0.4166666666666667, -0.5885331393143893, 2.0970437035481333]"
B_shared,l28_last,17,shuffled,32,1,2.0044139187581442,2.005106917654136,"[-0.3541666666666667, -0.542134099900644, 2.0044139187581442]"
B_shared,l28_last,17,shuffled,1,10,1.7618450094730536,1.6878715030426192,"[-0.3020833333333333, -0.6314236111111111, 1.7618450094730536]"
B_shared,l28_last,17,shuffled,2,10,1.572725993517568,1.4991658327928665,"[-0.4375, -0.6956597222222222, 1.572725993517568]"
B_shared,l28_last,17,shuffled,4,10,1.608147559450994,1.523365349804888,"[-0.5, -0.7219742063492065, 1.608147559450994]"
B_shared,l28_last,17,shuffled,8,10,1.569673613166443,1.4821765946534597,"[-0.5625, -0.7499131944444445, 1.569673613166443]"
B_shared,l28_last,17,shuffled,16,10,1.5017450423006897,1.4077586103270037,"[-0.5520833333333334, -0.7404637896825396, 1.5017450423006897]"
B_shared,l28_last,17,shuffled,32,10,1.4624703807259227,1.3675387968693513,"[-0.5625, -0.7408234126984127, 1.4624703807259227]"
B_shared,l28_last,17,random_subspace,32,0.01,2.2011511609710923,2.0540199536812715,"[-0.010416666666666666, -0.45520833333333327, 2.2011511609710923]"
B_shared,l28_last,17,random_subspace,32,0.1,2.201362163940306,2.054484188439645,"[-0.010416666666666666, -0.45520833333333327, 2.201362163940306]"
B_shared,l28_last,17,random_subspace,32,1,2.2027395814028323,2.0567943719419888,"[-0.010416666666666666, -0.45607638888888885, 2.2027395814028323]"
B_shared,l28_last,17,random_subspace,32,10,2.2065715639934864,2.0618902949768327,"[-0.010416666666666666, -0.45607638888888885, 2.2065715639934864]"
B_conditional_f0,l28_last,17,rank1,1,0.01,1.9269737202248454,1.7806030459316002,[1.9269737202248454]
B_conditional_f0,l28_last,17,rank1,1,0.1,1.935061774565197,1.788942685719548,[1.935061774565197]
B_conditional_f0,l28_last,17,rank1,1,1,1.9374112570808588,1.8209470655763509,[1.9374112570808588]
B_conditional_f0,l28_last,17,rank1,1,10,1.9884438679886858,1.914124538335254,[1.9884438679886858]
B_conditional_f0,l28_last,17,lowrank,1,0.01,1.9269737202248454,1.7806030459316002,[1.9269737202248454]
B_conditional_f0,l28_last,17,lowrank,2,0.01,1.724557324315328,1.5495073207168923,[1.724557324315328]
B_conditional_f0,l28_last,17,lowrank,4,0.01,1.561326697589995,1.2197681815492565,[1.561326697589995]
B_conditional_f0,l28_last,17,lowrank,8,0.01,1.2929208231917326,0.8128713200003578,[1.2929208231917326]
B_conditional_f0,l28_last,17,lowrank,16,0.01,1.119219663508782,0.4838509223828149,[1.119219663508782]
B_conditional_f0,l28_last,17,lowrank,32,0.01,0.9878784940804094,0.2343826297123995,[0.9878784940804094]
B_conditional_f0,l28_last,17,lowrank,1,0.1,1.935061774565197,1.788942685719548,[1.935061774565197]
B_conditional_f0,l28_last,17,lowrank,2,0.1,1.7240278225916459,1.5638856300847503,[1.7240278225916459]
B_conditional_f0,l28_last,17,lowrank,4,0.1,1.5541123162743036,1.2431279946065468,[1.5541123162743036]
B_conditional_f0,l28_last,17,lowrank,8,0.1,1.3010378948779249,0.8438300832336894,[1.3010378948779249]
B_conditional_f0,l28_last,17,lowrank,16,0.1,1.126498624609191,0.5228486163355193,[1.126498624609191]
B_conditional_f0,l28_last,17,lowrank,32,0.1,0.9936117921122709,0.28262593315095264,[0.9936117921122709]
B_conditional_f0,l28_last,17,lowrank,1,1,1.9374112570808588,1.8209470655763509,[1.9374112570808588]
B_conditional_f0,l28_last,17,lowrank,2,1,1.729497750095504,1.6212153276828796,[1.729497750095504]
B_conditional_f0,l28_last,17,lowrank,4,1,1.5564762127124787,1.3349810011395409,[1.5564762127124787]
B_conditional_f0,l28_last,17,lowrank,8,1,1.337578939014507,0.9900915154718944,[1.337578939014507]
B_conditional_f0,l28_last,17,lowrank,16,1,1.1734183018529238,0.7206991543092967,[1.1734183018529238]
B_conditional_f0,l28_last,17,lowrank,32,1,1.0678347017876402,0.5468639580215507,[1.0678347017876402]
B_conditional_f0,l28_last,17,lowrank,1,10,1.9884438679886858,1.914124538335254,[1.9884438679886858]
B_conditional_f0,l28_last,17,lowrank,2,10,1.82421143214207,1.7527427970286578,[1.82421143214207]
B_conditional_f0,l28_last,17,lowrank,4,10,1.7151059264389732,1.5805682310871063,[1.7151059264389732]
B_conditional_f0,l28_last,17,lowrank,8,10,1.5886311307907943,1.3991643825251094,[1.5886311307907943]
B_conditional_f0,l28_last,17,lowrank,16,10,1.5050357004736539,1.2798203400878327,[1.5050357004736539]
B_conditional_f0,l28_last,17,lowrank,32,10,1.4741432828227368,1.2334545209593628,[1.4741432828227368]
B_conditional_f0,l28_last,17,full_delta,0,0.01,0.8566128723833275,0.007881407660443257,[0.8566128723833275]
B_conditional_f0,l28_last,17,full_delta,0,0.1,0.8657077748474915,0.08977069718591774,[0.8657077748474915]
B_conditional_f0,l28_last,17,full_delta,0,1,1.006276443018327,0.46188107957431157,[1.006276443018327]
B_conditional_f0,l28_last,17,full_delta,0,10,1.4641092254036714,1.2200242474994576,[1.4641092254036714]
B_conditional_f0,l28_last,17,full_affine,0,0.01,0.7684430422701144,0.0067550831419330255,[0.7684430422701144]
B_conditional_f0,l28_last,17,full_affine,0,0.1,0.7867417890785138,0.07350308752185496,[0.7867417890785138]
B_conditional_f0,l28_last,17,full_affine,0,1,0.9464906729640582,0.4091586455260523,[0.9464906729640582]
B_conditional_f0,l28_last,17,full_affine,0,10,1.5023833243979066,1.278435389060825,[1.5023833243979066]
B_conditional_f0,l28_last,17,length_shift,0,0.01,2.619368893693312,2.381919809068233,[2.619368893693312]
B_conditional_f0,l28_last,17,length_shift,0,0.1,2.6081373156102643,2.3876548391928023,[2.6081373156102643]
B_conditional_f0,l28_last,17,length_shift,0,1,2.6063395331346206,2.4158233457426435,[2.6063395331346206]
B_conditional_f0,l28_last,17,length_shift,0,10,2.5999503409684217,2.4291240063760298,[2.5999503409684217]
B_conditional_f0,l28_last,17,source_token_ridge,0,0.01,1.5502039775700125,0.6198400957257042,[1.5502039775700125]
B_conditional_f0,l28_last,17,source_token_ridge,0,0.1,1.5025701326397878,0.6215186230138666,[1.5025701326397878]
B_conditional_f0,l28_last,17,source_token_ridge,0,1,1.391921939050939,0.6975419023764172,[1.391921939050939]
B_conditional_f0,l28_last,17,source_token_ridge,0,10,1.8141321066875726,1.4712364238909217,[1.8141321066875726]
B_conditional_f0,l28_last,17,shuffled,1,0.01,2.7647163796399234,2.9109702007346683,[2.7647163796399234]
B_conditional_f0,l28_last,17,shuffled,2,0.01,2.713434787571513,2.9532010643660844,[2.713434787571513]
B_conditional_f0,l28_last,17,shuffled,4,0.01,3.6637305586092013,3.819523363556554,[3.6637305586092013]
B_conditional_f0,l28_last,17,shuffled,8,0.01,4.220227622756879,4.34894044810837,[4.220227622756879]
B_conditional_f0,l28_last,17,shuffled,16,0.01,4.534239171363012,4.632912242549504,[4.534239171363012]
B_conditional_f0,l28_last,17,shuffled,32,0.01,4.6887220520096315,4.680011447416912,[4.6887220520096315]
B_conditional_f0,l28_last,17,shuffled,1,0.1,2.5911306416772004,2.742590414532803,[2.5911306416772004]
B_conditional_f0,l28_last,17,shuffled,2,0.1,2.508067686381191,2.754304971241177,[2.508067686381191]
B_conditional_f0,l28_last,17,shuffled,4,0.1,3.1784136948860677,3.4572117780842753,[3.1784136948860677]
B_conditional_f0,l28_last,17,shuffled,8,0.1,3.556913019821627,3.889990506533618,[3.556913019821627]
B_conditional_f0,l28_last,17,shuffled,16,0.1,3.7229665069569093,4.075571263564259,[3.7229665069569093]
B_conditional_f0,l28_last,17,shuffled,32,0.1,3.756635371252692,4.05909932277348,[3.756635371252692]
B_conditional_f0,l28_last,17,shuffled,1,1,2.4466232286423546,2.5026541988265434,[2.4466232286423546]
B_conditional_f0,l28_last,17,shuffled,2,1,2.3401443017849024,2.458764780712123,[2.3401443017849024]
B_conditional_f0,l28_last,17,shuffled,4,1,2.7414865312967964,2.9177784599103362,[2.7414865312967964]
B_conditional_f0,l28_last,17,shuffled,8,1,2.94412002113456,3.1642062046949633,[2.94412002113456]
B_conditional_f0,l28_last,17,shuffled,16,1,2.9294617908265828,3.1624985348551657,[2.9294617908265828]
B_conditional_f0,l28_last,17,shuffled,32,1,2.8513369517124416,3.067151383179185,[2.8513369517124416]
B_conditional_f0,l28_last,17,shuffled,1,10,2.2495282433969384,2.264571974002208,[2.2495282433969384]
B_conditional_f0,l28_last,17,shuffled,2,10,2.0940496043968078,2.133886687971487,[2.0940496043968078]
B_conditional_f0,l28_last,17,shuffled,4,10,2.193373201538304,2.2609574349955968,[2.193373201538304]
B_conditional_f0,l28_last,17,shuffled,8,10,2.182337985333197,2.247627155448868,[2.182337985333197]
B_conditional_f0,l28_last,17,shuffled,16,10,2.1191456622461327,2.1774993664821896,[2.1191456622461327]
B_conditional_f0,l28_last,17,shuffled,32,10,2.082018017522015,2.138617644610848,[2.082018017522015]
B_conditional_f0,l28_last,17,random_subspace,32,0.01,2.570950551138328,2.476185449397648,[2.570950551138328]
B_conditional_f0,l28_last,17,random_subspace,32,0.1,2.571168556073908,2.4770058325156885,[2.571168556073908]
B_conditional_f0,l28_last,17,random_subspace,32,1,2.572445897837522,2.4806577322756818,[2.572445897837522]
B_conditional_f0,l28_last,17,random_subspace,32,10,2.576457260601387,2.487837287602715,[2.576457260601387]
B_conditional_f1,l28_last,17,rank1,1,0.01,2.040582440597541,1.7937625607687064,[2.040582440597541]
B_conditional_f1,l28_last,17,rank1,1,0.1,2.0412289698388464,1.8003888722701784,[2.0412289698388464]
B_conditional_f1,l28_last,17,rank1,1,1,2.051292808659937,1.8220482916060041,[2.051292808659937]
B_conditional_f1,l28_last,17,rank1,1,10,2.0970929436838603,1.8828505984429622,[2.0970929436838603]
B_conditional_f1,l28_last,17,lowrank,1,0.01,2.040582440597541,1.7937625607687064,[2.040582440597541]
B_conditional_f1,l28_last,17,lowrank,2,0.01,1.8115616514860235,1.5237746373121632,[1.8115616514860235]
B_conditional_f1,l28_last,17,lowrank,4,0.01,1.5185868869991992,1.164250125193716,[1.5185868869991992]
B_conditional_f1,l28_last,17,lowrank,8,0.01,1.2216751423478807,0.831122657236446,[1.2216751423478807]
B_conditional_f1,l28_last,17,lowrank,16,0.01,1.007156981525243,0.4980609280681712,[1.007156981525243]
B_conditional_f1,l28_last,17,lowrank,32,0.01,0.8356983484941215,0.23950975054226742,[0.8356983484941215]
B_conditional_f1,l28_last,17,lowrank,1,0.1,2.0412289698388464,1.8003888722701784,[2.0412289698388464]
B_conditional_f1,l28_last,17,lowrank,2,0.1,1.8066882288796233,1.5360968541885043,[1.8066882288796233]
B_conditional_f1,l28_last,17,lowrank,4,0.1,1.5146771684741573,1.1806761274819162,[1.5146771684741573]
B_conditional_f1,l28_last,17,lowrank,8,0.1,1.2197887374832135,0.8522483610707051,[1.2197887374832135]
B_conditional_f1,l28_last,17,lowrank,16,0.1,1.000805139420159,0.5261876889251331,[1.000805139420159]
B_conditional_f1,l28_last,17,lowrank,32,0.1,0.8305809007418908,0.27587746808959274,[0.8305809007418908]
B_conditional_f1,l28_last,17,lowrank,1,1,2.051292808659937,1.8220482916060041,[2.051292808659937]
B_conditional_f1,l28_last,17,lowrank,2,1,1.8137817643274925,1.5920144933079527,[1.8137817643274925]
B_conditional_f1,l28_last,17,lowrank,4,1,1.5528137659253318,1.2561274990086768,[1.5528137659253318]
B_conditional_f1,l28_last,17,lowrank,8,1,1.2993069316926735,0.9605442126761993,[1.2993069316926735]
B_conditional_f1,l28_last,17,lowrank,16,1,1.1001716528755854,0.6876980756942226,[1.1001716528755854]
B_conditional_f1,l28_last,17,lowrank,32,1,0.9660039024306926,0.5016202766035467,[0.9660039024306926]
B_conditional_f1,l28_last,17,lowrank,1,10,2.0970929436838603,1.8828505984429622,[2.0970929436838603]
B_conditional_f1,l28_last,17,lowrank,2,10,1.9329398348464608,1.7074695020833766,[1.9329398348464608]
B_conditional_f1,l28_last,17,lowrank,4,10,1.7356768135719822,1.4726866564681627,[1.7356768135719822]
B_conditional_f1,l28_last,17,lowrank,8,10,1.5887149292320093,1.3028305130850475,[1.5887149292320093]
B_conditional_f1,l28_last,17,lowrank,16,10,1.5073650952642044,1.1888863657018758,[1.5073650952642044]
B_conditional_f1,l28_last,17,lowrank,32,10,1.4666144870768185,1.1387983178902095,[1.4666144870768185]
B_conditional_f1,l28_last,17,full_delta,0,0.01,0.6793468064653282,0.007418522635420341,[0.6793468064653282]
B_conditional_f1,l28_last,17,full_delta,0,0.1,0.6829662045272834,0.07762240769770563,[0.6829662045272834]
B_conditional_f1,l28_last,17,full_delta,0,1,0.893821829580994,0.41329888082259486,[0.893821829580994]
B_conditional_f1,l28_last,17,full_delta,0,10,1.454742557286508,1.12479247169907,[1.454742557286508]
B_conditional_f1,l28_last,17,full_affine,0,0.01,0.566469691170647,0.006146324828700682,[0.566469691170647]
B_conditional_f1,l28_last,17,full_affine,0,0.1,0.5715383414882294,0.06036206704748532,[0.5715383414882294]
B_conditional_f1,l28_last,17,full_affine,0,1,0.7886777950716349,0.35676585786893256,[0.7886777950716349]
B_conditional_f1,l28_last,17,full_affine,0,10,1.404497019961365,1.127654691135889,[1.404497019961365]
B_conditional_f1,l28_last,17,length_shift,0,0.01,2.7624559599969483,2.41547969191266,[2.7624559599969483]
B_conditional_f1,l28_last,17,length_shift,0,0.1,2.7479902036191075,2.4227171685381164,[2.7479902036191075]
B_conditional_f1,l28_last,17,length_shift,0,1,2.745855196536041,2.4582657761523934,[2.745855196536041]
B_conditional_f1,l28_last,17,length_shift,0,10,2.743942804735683,2.475091418033445,[2.743942804735683]
B_conditional_f1,l28_last,17,source_token_ridge,0,0.01,1.4271894286081093,0.6061789038544658,[1.4271894286081093]
B_conditional_f1,l28_last,17,source_token_ridge,0,0.1,1.377310470107906,0.6080310850153792,[1.377310470107906]
B_conditional_f1,l28_last,17,source_token_ridge,0,1,1.3128691473099174,0.688091656948601,[1.3128691473099174]
B_conditional_f1,l28_last,17,source_token_ridge,0,10,1.8939356772689084,1.4912251143327093,[1.8939356772689084]
B_conditional_f1,l28_last,17,shuffled,1,0.01,2.9862432279050597,2.9152968681370446,[2.9862432279050597]
B_conditional_f1,l28_last,17,shuffled,2,0.01,2.952914423859235,2.9198783578900254,[2.952914423859235]
B_conditional_f1,l28_last,17,shuffled,4,0.01,3.7178152080087603,3.6338386986103886,[3.7178152080087603]
B_conditional_f1,l28_last,17,shuffled,8,0.01,4.146833271958434,4.0431019658799014,[4.146833271958434]
B_conditional_f1,l28_last,17,shuffled,16,0.01,4.357928045456067,4.247614488416973,[4.357928045456067]
B_conditional_f1,l28_last,17,shuffled,32,0.01,4.459471631377492,4.278133047171032,[4.459471631377492]
B_conditional_f1,l28_last,17,shuffled,1,0.1,2.7544905230481436,2.7210223008217227,[2.7544905230481436]
B_conditional_f1,l28_last,17,shuffled,2,0.1,2.697396755344892,2.7082206051158693,[2.697396755344892]
B_conditional_f1,l28_last,17,shuffled,4,0.1,3.30782675140829,3.3362002648936113,[3.30782675140829]
B_conditional_f1,l28_last,17,shuffled,8,0.1,3.5056831322309994,3.5911735008859735,[3.5056831322309994]
B_conditional_f1,l28_last,17,shuffled,16,0.1,3.637889816133322,3.7622523237411336,[3.637889816133322]
B_conditional_f1,l28_last,17,shuffled,32,0.1,3.6290759084052016,3.7298178510409326,[3.6290759084052016]
B_conditional_f1,l28_last,17,shuffled,1,1,2.5447677118820486,2.4478273007688682,[2.5447677118820486]
B_conditional_f1,l28_last,17,shuffled,2,1,2.4493244274170767,2.379101510464151,[2.4493244274170767]
B_conditional_f1,l28_last,17,shuffled,4,1,2.874606814645721,2.8317020773718826,[2.874606814645721]
B_conditional_f1,l28_last,17,shuffled,8,1,2.935516410017081,2.9323998518576495,[2.935516410017081]
B_conditional_f1,l28_last,17,shuffled,16,1,2.893824338816097,2.918449119564547,[2.893824338816097]
B_conditional_f1,l28_last,17,shuffled,32,1,2.795947770776678,2.8138516591943254,[2.795947770776678]
B_conditional_f1,l28_last,17,shuffled,1,10,2.354193283535574,2.2194076681394153,[2.354193283535574]
B_conditional_f1,l28_last,17,shuffled,2,10,2.194782585559992,2.065357402822323,[2.194782585559992]
B_conditional_f1,l28_last,17,shuffled,4,10,2.2827798534039725,2.14018000927015,[2.2827798534039725]
B_conditional_f1,l28_last,17,shuffled,8,10,2.246850620085575,2.110629943993327,[2.246850620085575]
B_conditional_f1,l28_last,17,shuffled,16,10,2.1728215375353663,2.0377206580623906,[2.1728215375353663]
B_conditional_f1,l28_last,17,shuffled,32,10,2.132008176505248,1.994863189041243,[2.132008176505248]
B_conditional_f1,l28_last,17,random_subspace,32,0.01,2.754133197043172,2.537367675895668,[2.754133197043172]
B_conditional_f1,l28_last,17,random_subspace,32,0.1,2.7541763547853324,2.53801052806627,[2.7541763547853324]
B_conditional_f1,l28_last,17,random_subspace,32,1,2.7560329999020134,2.5410823301124856,[2.7560329999020134]
B_conditional_f1,l28_last,17,random_subspace,32,10,2.760818250081934,2.54750635464033,[2.760818250081934]
B_conditional_f2,l28_last,17,rank1,1,0.01,2.0950039738573873,2.011617807301483,[2.0950039738573873]
B_conditional_f2,l28_last,17,rank1,1,0.1,2.0948066030632004,2.0139103385746586,[2.0948066030632004]
B_conditional_f2,l28_last,17,rank1,1,1,2.101440039152281,2.0269001352381015,[2.101440039152281]
B_conditional_f2,l28_last,17,rank1,1,10,2.1506815227032887,2.080550803232402,[2.1506815227032887]
B_conditional_f2,l28_last,17,lowrank,1,0.01,2.0950039738573873,2.011617807301483,[2.0950039738573873]
B_conditional_f2,l28_last,17,lowrank,2,0.01,1.733289484836772,1.5866967781840708,[1.733289484836772]
B_conditional_f2,l28_last,17,lowrank,4,0.01,1.4944502348517419,1.2742716115810424,[1.4944502348517419]
B_conditional_f2,l28_last,17,lowrank,8,0.01,1.1993362167141244,0.8974699945840205,[1.1993362167141244]
B_conditional_f2,l28_last,17,lowrank,16,0.01,0.9417527539033719,0.5397709824232492,[0.9417527539033719]
B_conditional_f2,l28_last,17,lowrank,32,0.01,0.7350785347164819,0.2503855895675124,[0.7350785347164819]
B_conditional_f2,l28_last,17,lowrank,1,0.1,2.0948066030632004,2.0139103385746586,[2.0948066030632004]
B_conditional_f2,l28_last,17,lowrank,2,0.1,1.7340639198093895,1.5914381918920093,[1.7340639198093895]
B_conditional_f2,l28_last,17,lowrank,4,0.1,1.5000818081216085,1.2825272825550795,[1.5000818081216085]
B_conditional_f2,l28_last,17,lowrank,8,0.1,1.203055783818645,0.9098149567887691,[1.203055783818645]
B_conditional_f2,l28_last,17,lowrank,16,0.1,0.9490249170696096,0.5566800954051868,[0.9490249170696096]
B_conditional_f2,l28_last,17,lowrank,32,0.1,0.7441806583534318,0.2739543951619105,[0.7441806583534318]
B_conditional_f2,l28_last,17,lowrank,1,1,2.101440039152281,2.0269001352381015,[2.101440039152281]
B_conditional_f2,l28_last,17,lowrank,2,1,1.7494633410530664,1.6182897613514282,[1.7494633410530664]
B_conditional_f2,l28_last,17,lowrank,4,1,1.5362881421134968,1.3325491718692855,[1.5362881421134968]
B_conditional_f2,l28_last,17,lowrank,8,1,1.2604356146721998,0.9880973708392841,[1.2604356146721998]
B_conditional_f2,l28_last,17,lowrank,16,1,1.0391057041682243,0.6791487254427997,[1.0391057041682243]
B_conditional_f2,l28_last,17,lowrank,32,1,0.8728389809880207,0.46235380416596455,[0.8728389809880207]
B_conditional_f2,l28_last,17,lowrank,1,10,2.1506815227032887,2.080550803232402,[2.1506815227032887]
B_conditional_f2,l28_last,17,lowrank,2,10,1.8469755333801452,1.7297044028978104,[1.8469755333801452]
B_conditional_f2,l28_last,17,lowrank,4,10,1.693337499996147,1.5308550815491149,[1.693337499996147]
B_conditional_f2,l28_last,17,lowrank,8,10,1.5357919978987453,1.3287547565394389,[1.5357919978987453]
B_conditional_f2,l28_last,17,lowrank,16,10,1.4329905556904283,1.1896527623737867,[1.4329905556904283]
B_conditional_f2,l28_last,17,lowrank,32,10,1.3855849096230448,1.1314060218852953,[1.3855849096230448]
B_conditional_f2,l28_last,17,full_delta,0,0.01,0.5392943521652299,0.0048480904345479464,[0.5392943521652299]
B_conditional_f2,l28_last,17,full_delta,0,0.1,0.5681583189968907,0.0632789156144153,[0.5681583189968907]
B_conditional_f2,l28_last,17,full_delta,0,1,0.7932524975989507,0.3707871154491767,[0.7932524975989507]
B_conditional_f2,l28_last,17,full_delta,0,10,1.3731443067082012,1.1173657411312838,[1.3731443067082012]
B_conditional_f2,l28_last,17,full_affine,0,0.01,0.40366724065939313,0.0034181921833193,[0.40366724065939313]
B_conditional_f2,l28_last,17,full_affine,0,0.1,0.43072674037437153,0.04365157607108283,[0.43072674037437153]
B_conditional_f2,l28_last,17,full_affine,0,1,0.6492375602031731,0.28476121544837785,[0.6492375602031731]
B_conditional_f2,l28_last,17,full_affine,0,10,1.1903601011087253,0.9397470079030699,[1.1903601011087253]
B_conditional_f2,l28_last,17,length_shift,0,0.01,2.867202652527077,2.646270471917218,[2.867202652527077]
B_conditional_f2,l28_last,17,length_shift,0,0.1,2.855146610835136,2.6517630214700145,[2.855146610835136]
B_conditional_f2,l28_last,17,length_shift,0,1,2.851702249661802,2.67874283500151,[2.851702249661802]
B_conditional_f2,l28_last,17,length_shift,0,10,2.8492875267962776,2.691665507049405,[2.8492875267962776]
B_conditional_f2,l28_last,17,source_token_ridge,0,0.01,1.3489130606012925,0.597030956889148,[1.3489130606012925]
B_conditional_f2,l28_last,17,source_token_ridge,0,0.1,1.3010726045901377,0.5990615477812279,[1.3010726045901377]
B_conditional_f2,l28_last,17,source_token_ridge,0,1,1.2635222790043332,0.6855692860010345,[1.2635222790043332]
B_conditional_f2,l28_last,17,source_token_ridge,0,10,1.9293884748366137,1.5683781979074272,[1.9293884748366137]
B_conditional_f2,l28_last,17,shuffled,1,0.01,2.7734901038502557,2.61624067422818,[2.7734901038502557]
B_conditional_f2,l28_last,17,shuffled,2,0.01,2.5670275350985787,2.4306767065073154,[2.5670275350985787]
B_conditional_f2,l28_last,17,shuffled,4,0.01,2.9712537365638876,2.633016621699712,[2.9712537365638876]
B_conditional_f2,l28_last,17,shuffled,8,0.01,3.2774327308565745,2.9868301220750486,[3.2774327308565745]
B_conditional_f2,l28_last,17,shuffled,16,0.01,3.4744993457372466,3.14298264059752,[3.4744993457372466]
B_conditional_f2,l28_last,17,shuffled,32,0.01,3.513607304023374,3.091770893072203,[3.513607304023374]
B_conditional_f2,l28_last,17,shuffled,1,0.1,2.5944603261928396,2.505773264777058,[2.5944603261928396]
B_conditional_f2,l28_last,17,shuffled,2,0.1,2.375922654124787,2.294404618526419,[2.375922654124787]
B_conditional_f2,l28_last,17,shuffled,4,0.1,2.6544530352718234,2.44963955067391,[2.6544530352718234]
B_conditional_f2,l28_last,17,shuffled,8,0.1,2.810976477017545,2.686894111472679,[2.810976477017545]
B_conditional_f2,l28_last,17,shuffled,16,0.1,2.8816857023579203,2.76609510333456,[2.8816857023579203]
B_conditional_f2,l28_last,17,shuffled,32,0.1,2.8369845983083493,2.6719919750765926,[2.8369845983083493]
B_conditional_f2,l28_last,17,shuffled,1,1,2.447318425230376,2.3834620309012626,[2.447318425230376]
B_conditional_f2,l28_last,17,shuffled,2,1,2.208351815360882,2.1272991418683898,[2.208351815360882]
B_conditional_f2,l28_last,17,shuffled,4,1,2.352939767757101,2.2064726483088033,[2.352939767757101]
B_conditional_f2,l28_last,17,shuffled,8,1,2.3653863478103,2.25355875452162,[2.3653863478103]
B_conditional_f2,l28_last,17,shuffled,16,1,2.293917436884622,2.183789712137356,[2.293917436884622]
B_conditional_f2,l28_last,17,shuffled,32,1,2.1823761784658107,2.046988598736545,[2.1823761784658107]
B_conditional_f2,l28_last,17,shuffled,1,10,2.316242100339629,2.263348267670626,[2.316242100339629]
B_conditional_f2,l28_last,17,shuffled,2,10,2.0683454477499086,1.9818739639385885,[2.0683454477499086]
B_conditional_f2,l28_last,17,shuffled,4,10,2.029939378585014,1.9075739079061755,[2.029939378585014]
B_conditional_f2,l28_last,17,shuffled,8,10,1.9358341450779637,1.8007068193552058,[1.9358341450779637]
B_conditional_f2,l28_last,17,shuffled,16,10,1.8546626632392471,1.7097958136606881,[1.8546626632392471]
B_conditional_f2,l28_last,17,shuffled,32,10,1.8105005340796172,1.660382836875579,[1.8105005340796172]
B_conditional_f2,l28_last,17,random_subspace,32,0.01,2.8534398508203385,2.752920864466754,[2.8534398508203385]
B_conditional_f2,l28_last,17,random_subspace,32,0.1,2.853649300506119,2.7534327046708227,[2.853649300506119]
B_conditional_f2,l28_last,17,random_subspace,32,1,2.8556165493021486,2.7562274921113747,[2.8556165493021486]
B_conditional_f2,l28_last,17,random_subspace,32,10,2.8611819045207816,2.7631251853320293,[2.8611819045207816]
B_shared,l28_last,29,rank1,1,0.01,1.5199193172321195,1.4054481499135327,"[-0.46875, -0.7225694444444444, 1.5199193172321195]"
B_shared,l28_last,29,rank1,1,0.1,1.5218774975876153,1.4081124761836146,"[-0.4791666666666667, -0.7260416666666666, 1.5218774975876153]"
B_shared,l28_last,29,rank1,1,1,1.5263645166659092,1.4193731148181483,"[-0.4791666666666667, -0.7269097222222222, 1.5263645166659092]"
B_shared,l28_last,29,rank1,1,10,1.5717306397870168,1.4742905187577577,"[-0.2916666666666667, -0.6348958333333333, 1.5717306397870168]"
B_shared,l28_last,29,lowrank,1,0.01,1.5199193172321195,1.4054481499135327,"[-0.46875, -0.7225694444444444, 1.5199193172321195]"
B_shared,l28_last,29,lowrank,2,0.01,1.2776579087660958,1.141799911261652,"[-0.5625, -0.7703124999999998, 1.2776579087660958]"
B_shared,l28_last,29,lowrank,4,0.01,1.1097227561460647,0.9184211086012869,"[-0.65625, -0.8201388888888889, 1.1097227561460647]"
B_shared,l28_last,29,lowrank,8,0.01,0.8936259237464016,0.6460672507022258,"[-0.875, -0.9331597222222223, 0.8936259237464016]"
B_shared,l28_last,29,lowrank,16,0.01,0.710991689182158,0.394822206556491,"[-0.9270833333333334, -0.9600694444444445, 0.710991689182158]"
B_shared,l28_last,29,lowrank,32,0.01,0.5799936010431886,0.18835018441174545,"[-0.9375, -0.9635416666666666, 0.5799936010431886]"
B_shared,l28_last,29,lowrank,1,0.1,1.5218774975876153,1.4081124761836146,"[-0.4791666666666667, -0.7260416666666666, 1.5218774975876153]"
B_shared,l28_last,29,lowrank,2,0.1,1.2787882959392016,1.1463732977033931,"[-0.5625, -0.7677083333333333, 1.2787882959392016]"
B_shared,l28_last,29,lowrank,4,0.1,1.1112413815286182,0.9250835112032311,"[-0.6666666666666666, -0.8258680555555555, 1.1112413815286182]"
B_shared,l28_last,29,lowrank,8,0.1,0.8970116182343442,0.655520676329613,"[-0.8645833333333334, -0.9262152777777778, 0.8970116182343442]"
B_shared,l28_last,29,lowrank,16,0.1,0.7196673138632302,0.4084455184467659,"[-0.9270833333333334, -0.9600694444444445, 0.7196673138632302]"
B_shared,l28_last,29,lowrank,32,0.1,0.5905534277755828,0.20826399896297199,"[-0.9375, -0.9652777777777777, 0.5905534277755828]"
B_shared,l28_last,29,lowrank,1,1,1.5263645166659092,1.4193731148181483,"[-0.4791666666666667, -0.7269097222222222, 1.5263645166659092]"
B_shared,l28_last,29,lowrank,2,1,1.2862373367738338,1.1699322586535583,"[-0.59375, -0.7824652777777779, 1.2862373367738338]"
B_shared,l28_last,29,lowrank,4,1,1.1292462761263045,0.9618995236012483,"[-0.6041666666666666, -0.7920138888888889, 1.1292462761263045]"
B_shared,l28_last,29,lowrank,8,1,0.9314572813105548,0.7157513617924144,"[-0.7708333333333334, -0.8776041666666666, 0.9314572813105548]"
B_shared,l28_last,29,lowrank,16,1,0.7781903592233154,0.5037371238353807,"[-0.8958333333333334, -0.9404513888888889, 0.7781903592233154]"
B_shared,l28_last,29,lowrank,32,1,0.6787959048633799,0.35867517285134,"[-0.9166666666666666, -0.9539930555555557, 0.6787959048633799]"
B_shared,l28_last,29,lowrank,1,10,1.5717306397870168,1.4742905187577577,"[-0.2916666666666667, -0.6348958333333333, 1.5717306397870168]"
B_shared,l28_last,29,lowrank,2,10,1.3708116761044102,1.2676589482367484,"[-0.3645833333333333, -0.6661458333333333, 1.3708116761044102]"
B_shared,l28_last,29,lowrank,4,10,1.2661220126528967,1.1318298193494027,"[-0.4375, -0.7069444444444444, 1.2661220126528967]"
B_shared,l28_last,29,lowrank,8,10,1.157560808534976,0.9903183401554237,"[-0.4791666666666667, -0.7281249999999999, 1.157560808534976]"
B_shared,l28_last,29,lowrank,16,10,1.086525401124985,0.8990776916452458,"[-0.5208333333333334, -0.7489583333333333, 1.086525401124985]"
B_shared,l28_last,29,lowrank,32,10,1.057501352839376,0.8603634540687967,"[-0.5520833333333334, -0.7663194444444444, 1.057501352839376]"
B_shared,l28_last,29,full_delta,0,0.01,0.44982793349570344,0.003830957638164272,"[-0.96875, -0.9809027777777777, 0.44982793349570344]"
B_shared,l28_last,29,full_delta,0,0.1,0.4731039951005127,0.052237794661675885,"[-0.9479166666666666, -0.970486111111111, 0.4731039951005127]"
B_shared,l28_last,29,full_delta,0,1,0.6257109048932762,0.29207905717112775,"[-0.9166666666666666, -0.9539930555555557, 0.6257109048932762]"
B_shared,l28_last,29,full_delta,0,10,1.04913073723295,0.8500798673806349,"[-0.5520833333333334, -0.7663194444444444, 1.04913073723295]"
B_shared,l28_last,29,full_affine,0,0.01,0.3481149312606037,0.002579180596753501,"[-0.9479166666666666, -0.9644097222222222, 0.3481149312606037]"
B_shared,l28_last,29,full_affine,0,0.1,0.3732949026957865,0.03407627220778931,"[-0.9166666666666666, -0.9465277777777779, 0.3732949026957865]"
B_shared,l28_last,29,full_affine,0,1,0.5409071517377387,0.22501784848942763,"[-0.8229166666666666, -0.8930555555555556, 0.5409071517377387]"
B_shared,l28_last,29,full_affine,0,10,1.0138501211115267,0.7893159519598992,"[-0.4895833333333333, -0.6458388977920227, 1.0138501211115267]"
B_shared,l28_last,29,length_shift,0,0.01,2.2649402360910877,2.007666075729654,"[-0.0625, -0.4850694444444444, 2.2649402360910877]"
B_shared,l28_last,29,length_shift,0,0.1,2.2446882172795704,2.014490504029682,"[-0.03125, -0.47256944444444443, 2.2446882172795704]"
B_shared,l28_last,29,length_shift,0,1,2.2325098647505826,2.050339805166753,"[-0.010416666666666666, -0.4543402777777778, 2.2325098647505826]"
B_shared,l28_last,29,length_shift,0,10,2.2274571244521955,2.067307172050603,"[-0.020833333333333332, -0.45868055555555554, 2.2274571244521955]"
B_shared,l28_last,29,source_token_ridge,0,0.01,1.1542515495921126,0.6242762963189266,"[-0.78125, -0.8828125, 1.1542515495921126]"
B_shared,l28_last,29,source_token_ridge,0,0.1,1.1323927611614593,0.6255832149750034,"[-0.7916666666666666, -0.8871527777777778, 1.1323927611614593]"
B_shared,l28_last,29,source_token_ridge,0,1,1.107964615870298,0.6804763033105194,"[-0.75, -0.8619791666666666, 1.107964615870298]"
B_shared,l28_last,29,source_token_ridge,0,10,1.5362519276926079,1.2724154337431663,"[-0.25, -0.5993055555555555, 1.5362519276926079]"
B_shared,l28_last,29,shuffled,1,0.01,2.1334270479717863,2.109476291408507,"[-0.22916666666666666, -0.5601107804232804, 2.1334270479717863]"
B_shared,l28_last,29,shuffled,2,0.01,2.685405039254863,2.5888965738611063,"[-0.3333333333333333, -0.5865699404761905, 2.685405039254863]"
B_shared,l28_last,29,shuffled,4,0.01,2.8433726515686177,2.7014356616421384,"[-0.4166666666666667, -0.59485818001443, 2.8433726515686177]"
B_shared,l28_last,29,shuffled,8,0.01,3.127725612932416,2.9940647961912616,"[-0.3958333333333333, -0.5542393413027604, 3.127725612932416]"
B_shared,l28_last,29,shuffled,16,0.01,3.339599036525653,3.124400969461106,"[-0.2708333333333333, -0.4454687469393352, 3.339599036525653]"
B_shared,l28_last,29,shuffled,32,0.01,3.4262107727429476,3.1174952670889486,"[-0.1875, -0.3583191301481743, 3.4262107727429476]"
B_shared,l28_last,29,shuffled,1,0.1,1.9918102047171498,1.9954438541959523,"[-0.3020833333333333, -0.6091269841269842, 1.9918102047171498]"
B_shared,l28_last,29,shuffled,2,0.1,2.4020126317365498,2.3788554582179615,"[-0.3854166666666667, -0.629265873015873, 2.4020126317365498]"
B_shared,l28_last,29,shuffled,4,0.1,2.489317370313823,2.471195251750204,"[-0.4791666666666667, -0.6500124007936509, 2.489317370313823]"
B_shared,l28_last,29,shuffled,8,0.1,2.6739956540478524,2.6963044353740493,"[-0.4375, -0.5848287996725497, 2.6739956540478524]"
B_shared,l28_last,29,shuffled,16,0.1,2.7876107791508873,2.7562560409908685,"[-0.3229166666666667, -0.49180783898155217, 2.7876107791508873]"
B_shared,l28_last,29,shuffled,32,0.1,2.788117520785381,2.7032882261997635,"[-0.21875, -0.3959413314422506, 2.788117520785381]"
B_shared,l28_last,29,shuffled,1,1,1.8565145314388756,1.8452764997802191,"[-0.3541666666666667, -0.6553819444444445, 1.8565145314388756]"
B_shared,l28_last,29,shuffled,2,1,1.7998985258619637,1.7947888055786372,"[-0.5, -0.7263144841269842, 1.7998985258619637]"
B_shared,l28_last,29,shuffled,4,1,2.0740308158096217,2.0989863219615876,"[-0.5208333333333334, -0.6998263888888889, 2.0740308158096217]"
B_shared,l28_last,29,shuffled,8,1,2.118599424411874,2.1597307730145907,"[-0.4791666666666667, -0.6463913690476191, 2.118599424411874]"
B_shared,l28_last,29,shuffled,16,1,2.0881440266209483,2.0825523958200907,"[-0.4166666666666667, -0.5938950517075517, 2.0881440266209483]"
B_shared,l28_last,29,shuffled,32,1,2.003871070275595,1.9763907309670383,"[-0.3645833333333333, -0.5426874051874052, 2.003871070275595]"
B_shared,l28_last,29,shuffled,1,10,1.7589836834554378,1.7171736077078903,"[-0.3125, -0.6401041666666667, 1.7589836834554378]"
B_shared,l28_last,29,shuffled,2,10,1.5756556862677362,1.526200007291835,"[-0.4270833333333333, -0.6930555555555555, 1.5756556862677362]"
B_shared,l28_last,29,shuffled,4,10,1.6247696970923595,1.6119913396722312,"[-0.4791666666666667, -0.7157242063492063, 1.6247696970923595]"
B_shared,l28_last,29,shuffled,8,10,1.5363284120691736,1.5096683663657438,"[-0.5, -0.7207465277777777, 1.5363284120691736]"
B_shared,l28_last,29,shuffled,16,10,1.4772430605688507,1.4242105320924072,"[-0.5208333333333334, -0.7250868055555556, 1.4772430605688507]"
B_shared,l28_last,29,shuffled,32,10,1.440778210313806,1.3835414485759367,"[-0.5416666666666666, -0.7351562500000001, 1.440778210313806]"
B_shared,l28_last,29,random_subspace,32,0.01,2.2037026392008,2.099886572927273,"[-0.010416666666666666, -0.45954861111111106, 2.2037026392008]"
B_shared,l28_last,29,random_subspace,32,0.1,2.2038388772860853,2.100314230948928,"[-0.010416666666666666, -0.45954861111111106, 2.2038388772860853]"
B_shared,l28_last,29,random_subspace,32,1,2.2052290744368297,2.1024374546889706,"[-0.010416666666666666, -0.45954861111111106, 2.2052290744368297]"
B_shared,l28_last,29,random_subspace,32,10,2.208870476500246,2.107105196933195,"[-0.010416666666666666, -0.45607638888888885, 2.208870476500246]"
B_conditional_f0,l28_last,29,rank1,1,0.01,1.9139233153652746,1.7792775834373875,[1.9139233153652746]
B_conditional_f0,l28_last,29,rank1,1,0.1,1.9137591957003377,1.786693717563282,[1.9137591957003377]
B_conditional_f0,l28_last,29,rank1,1,1,1.9226097012155055,1.8184094776731259,[1.9226097012155055]
B_conditional_f0,l28_last,29,rank1,1,10,1.9856970710422004,1.9082289479434846,[1.9856970710422004]
B_conditional_f0,l28_last,29,lowrank,1,0.01,1.9139233153652746,1.7792775834373875,[1.9139233153652746]
B_conditional_f0,l28_last,29,lowrank,2,0.01,1.7228013222311453,1.5297157585281027,[1.7228013222311453]
B_conditional_f0,l28_last,29,lowrank,4,0.01,1.5304782020942749,1.2107598166856621,[1.5304782020942749]
B_conditional_f0,l28_last,29,lowrank,8,0.01,1.264387940189146,0.8249482042990269,[1.264387940189146]
B_conditional_f0,l28_last,29,lowrank,16,0.01,1.0906975026023304,0.4814048971448277,[1.0906975026023304]
B_conditional_f0,l28_last,29,lowrank,32,0.01,0.9623956045445343,0.23239425494240193,[0.9623956045445343]
B_conditional_f0,l28_last,29,lowrank,1,0.1,1.9137591957003377,1.786693717563282,[1.9137591957003377]
B_conditional_f0,l28_last,29,lowrank,2,0.1,1.7156498181994266,1.5424139887479995,[1.7156498181994266]
B_conditional_f0,l28_last,29,lowrank,4,0.1,1.5245658690600514,1.232082560199791,[1.5245658690600514]
B_conditional_f0,l28_last,29,lowrank,8,0.1,1.2617655143569542,0.8550913316855713,[1.2617655143569542]
B_conditional_f0,l28_last,29,lowrank,16,0.1,1.0895698737257522,0.520992161940717,[1.0895698737257522]
B_conditional_f0,l28_last,29,lowrank,32,0.1,0.9607812929242296,0.28118006164662795,[0.9607812929242296]
B_conditional_f0,l28_last,29,lowrank,1,1,1.9226097012155055,1.8184094776731259,[1.9226097012155055]
B_conditional_f0,l28_last,29,lowrank,2,1,1.7160153857119227,1.601769162909121,[1.7160153857119227]
B_conditional_f0,l28_last,29,lowrank,4,1,1.54555540738857,1.324638058701766,[1.54555540738857]
B_conditional_f0,l28_last,29,lowrank,8,1,1.3179320906378373,0.9997184204268857,[1.3179320906378373]
B_conditional_f0,l28_last,29,lowrank,16,1,1.1562560512531208,0.7191467201780712,[1.1562560512531208]
B_conditional_f0,l28_last,29,lowrank,32,1,1.0556203391965469,0.5432249734947815,[1.0556203391965469]
B_conditional_f0,l28_last,29,lowrank,1,10,1.9856970710422004,1.9082289479434846,[1.9856970710422004]
B_conditional_f0,l28_last,29,lowrank,2,10,1.8156547465104698,1.7417640127900225,[1.8156547465104698]
B_conditional_f0,l28_last,29,lowrank,4,10,1.6947033075507931,1.5604578040079506,[1.6947033075507931]
B_conditional_f0,l28_last,29,lowrank,8,10,1.575217356457659,1.3830420092497782,[1.575217356457659]
B_conditional_f0,l28_last,29,lowrank,16,10,1.5001534331562212,1.2707070407131977,[1.5001534331562212]
B_conditional_f0,l28_last,29,lowrank,32,10,1.4691822028451968,1.2225139227934119,[1.4691822028451968]
B_conditional_f0,l28_last,29,full_delta,0,0.01,0.8415843386984306,0.007705696890415235,[0.8415843386984306]
B_conditional_f0,l28_last,29,full_delta,0,0.1,0.8391034672264451,0.09188478877621777,[0.8391034672264451]
B_conditional_f0,l28_last,29,full_delta,0,1,0.9956488088050736,0.46181862415102715,[0.9956488088050736]
B_conditional_f0,l28_last,29,full_delta,0,10,1.4594283873081852,1.2098583420580102,[1.4594283873081852]
B_conditional_f0,l28_last,29,full_affine,0,0.01,0.7607279583103083,0.006609408006683717,[0.7607279583103083]
B_conditional_f0,l28_last,29,full_affine,0,0.1,0.7663269892031525,0.0755771679203,[0.7663269892031525]
B_conditional_f0,l28_last,29,full_affine,0,1,0.9599570268179325,0.4113127270750418,[0.9599570268179325]
B_conditional_f0,l28_last,29,full_affine,0,10,1.5422277231760617,1.2482326943060265,[1.5422277231760617]
B_conditional_f0,l28_last,29,length_shift,0,0.01,2.6455046649408476,2.373215408642324,[2.6455046649408476]
B_conditional_f0,l28_last,29,length_shift,0,0.1,2.6280545160523143,2.379735003274287,[2.6280545160523143]
B_conditional_f0,l28_last,29,length_shift,0,1,2.619069682989767,2.413989566755658,[2.619069682989767]
B_conditional_f0,l28_last,29,length_shift,0,10,2.609269318414744,2.4307071074703432,[2.609269318414744]
B_conditional_f0,l28_last,29,source_token_ridge,0,0.01,1.5308670457869207,0.6659001354436397,[1.5308670457869207]
B_conditional_f0,l28_last,29,source_token_ridge,0,0.1,1.4911167103841916,0.6678497573706795,[1.4911167103841916]
B_conditional_f0,l28_last,29,source_token_ridge,0,1,1.4120140230284235,0.7431894209433182,[1.4120140230284235]
B_conditional_f0,l28_last,29,source_token_ridge,0,10,1.838862460926608,1.487589178633873,[1.838862460926608]
B_conditional_f0,l28_last,29,shuffled,1,0.01,2.7809778793800377,3.025778843479314,[2.7809778793800377]
B_conditional_f0,l28_last,29,shuffled,2,0.01,3.601801615189929,3.7893234112428367,[3.601801615189929]
B_conditional_f0,l28_last,29,shuffled,4,0.01,3.911931446244376,4.015777647517129,[3.911931446244376]
B_conditional_f0,l28_last,29,shuffled,8,0.01,4.317440646450314,4.416808518266908,[4.317440646450314]
B_conditional_f0,l28_last,29,shuffled,16,0.01,4.63134614389459,4.620482024230415,[4.63134614389459]
B_conditional_f0,l28_last,29,shuffled,32,0.01,4.804308872214761,4.672450538168644,[4.804308872214761]
B_conditional_f0,l28_last,29,shuffled,1,0.1,2.6303221005388457,2.8616680888425923,[2.6303221005388457]
B_conditional_f0,l28_last,29,shuffled,2,0.1,3.2548412565293656,3.4933180814417333,[3.2548412565293656]
B_conditional_f0,l28_last,29,shuffled,4,0.1,3.445719856589663,3.6748960762042646,[3.445719856589663]
B_conditional_f0,l28_last,29,shuffled,8,0.1,3.7183649686785643,3.9898433655140075,[3.7183649686785643]
B_conditional_f0,l28_last,29,shuffled,16,0.1,3.8989664534983484,4.107725666167865,[3.8989664534983484]
B_conditional_f0,l28_last,29,shuffled,32,0.1,3.9545153179744355,4.097464674331106,[3.9545153179744355]
B_conditional_f0,l28_last,29,shuffled,1,1,2.4485467135755203,2.5967866759645926,[2.4485467135755203]
B_conditional_f0,l28_last,29,shuffled,2,1,2.70957663574802,2.916729627744791,[2.70957663574802]
B_conditional_f0,l28_last,29,shuffled,4,1,2.863711914948226,3.1012842005440007,[2.863711914948226]
B_conditional_f0,l28_last,29,shuffled,8,1,2.966140782115053,3.2194422823504887,[2.966140782115053]
B_conditional_f0,l28_last,29,shuffled,16,1,2.9727969866616006,3.1827151513258998,[2.9727969866616006]
B_conditional_f0,l28_last,29,shuffled,32,1,2.899256181749877,3.0795270256671956,[2.899256181749877]
B_conditional_f0,l28_last,29,shuffled,1,10,2.2788497852233327,2.3458053929080784,[2.2788497852233327]
B_conditional_f0,l28_last,29,shuffled,2,10,2.1601457829924207,2.2510354869312326,[2.1601457829924207]
B_conditional_f0,l28_last,29,shuffled,4,10,2.2427107157175996,2.379680547984917,[2.2427107157175996]
B_conditional_f0,l28_last,29,shuffled,8,10,2.179185190619044,2.2994870925930564,[2.179185190619044]
B_conditional_f0,l28_last,29,shuffled,16,10,2.1258324359031495,2.221845061272334,[2.1258324359031495]
B_conditional_f0,l28_last,29,shuffled,32,10,2.0896523303507597,2.1806859149700357,[2.0896523303507597]
B_conditional_f0,l28_last,29,random_subspace,32,0.01,2.5699245482082564,2.4850039562270476,[2.5699245482082564]
B_conditional_f0,l28_last,29,random_subspace,32,0.1,2.5699482109605363,2.4857786710418366,[2.5699482109605363]
B_conditional_f0,l28_last,29,random_subspace,32,1,2.571654690653602,2.489254649019658,[2.571654690653602]
B_conditional_f0,l28_last,29,random_subspace,32,10,2.5759069941397117,2.4960836622084086,[2.5759069941397117]
B_conditional_f1,l28_last,29,rank1,1,0.01,2.047521503883653,1.8477545747933746,[2.047521503883653]
B_conditional_f1,l28_last,29,rank1,1,0.1,2.0488711228752945,1.8533559862287072,[2.0488711228752945]
B_conditional_f1,l28_last,29,rank1,1,1,2.0635303889189114,1.87196306712867,[2.0635303889189114]
B_conditional_f1,l28_last,29,rank1,1,10,2.1099898065224942,1.93870119937024,[2.1099898065224942]
B_conditional_f1,l28_last,29,lowrank,1,0.01,2.047521503883653,1.8477545747933746,[2.047521503883653]
B_conditional_f1,l28_last,29,lowrank,2,0.01,1.813512447584099,1.5247864014745078,[1.813512447584099]
B_conditional_f1,l28_last,29,lowrank,4,0.01,1.5355729090739796,1.1638056303424051,[1.5355729090739796]
B_conditional_f1,l28_last,29,lowrank,8,0.01,1.266197040848663,0.8170816960048253,[1.266197040848663]
B_conditional_f1,l28_last,29,lowrank,16,0.01,1.0365995047192769,0.4879227627532769,[1.0365995047192769]
B_conditional_f1,l28_last,29,lowrank,32,0.01,0.8530277556465192,0.22707414337262552,[0.8530277556465192]
B_conditional_f1,l28_last,29,lowrank,1,0.1,2.0488711228752945,1.8533559862287072,[2.0488711228752945]
B_conditional_f1,l28_last,29,lowrank,2,0.1,1.8137798119547215,1.5348771812292255,[1.8137798119547215]
B_conditional_f1,l28_last,29,lowrank,4,0.1,1.5372765283891645,1.1778895431238394,[1.5372765283891645]
B_conditional_f1,l28_last,29,lowrank,8,0.1,1.2697888748618233,0.8344873388168775,[1.2697888748618233]
B_conditional_f1,l28_last,29,lowrank,16,0.1,1.0412706882940916,0.5124436075248492,[1.0412706882940916]
B_conditional_f1,l28_last,29,lowrank,32,0.1,0.8609211028718026,0.2594039452289287,[0.8609211028718026]
B_conditional_f1,l28_last,29,lowrank,1,1,2.0635303889189114,1.87196306712867,[2.0635303889189114]
B_conditional_f1,l28_last,29,lowrank,2,1,1.8349393426228435,1.5803327186770082,[1.8349393426228435]
B_conditional_f1,l28_last,29,lowrank,4,1,1.5790183732794345,1.2472715604547322,[1.5790183732794345]
B_conditional_f1,l28_last,29,lowrank,8,1,1.3368613833676422,0.9307492180318522,[1.3368613833676422]
B_conditional_f1,l28_last,29,lowrank,16,1,1.137202834386052,0.6599032489993939,[1.137202834386052]
B_conditional_f1,l28_last,29,lowrank,32,1,0.9985705043255756,0.4735594549823043,[0.9985705043255756]
B_conditional_f1,l28_last,29,lowrank,1,10,2.1099898065224942,1.93870119937024,[2.1099898065224942]
B_conditional_f1,l28_last,29,lowrank,2,10,1.9234880688324612,1.719657158963426,[1.9234880688324612]
B_conditional_f1,l28_last,29,lowrank,4,10,1.745174906226403,1.492653267442756,[1.745174906226403]
B_conditional_f1,l28_last,29,lowrank,8,10,1.601548045778814,1.304747400367266,[1.601548045778814]
B_conditional_f1,l28_last,29,lowrank,16,10,1.5174057783558117,1.19366975591061,[1.5174057783558117]
B_conditional_f1,l28_last,29,lowrank,32,10,1.4775919009313838,1.143186262746679,[1.4775919009313838]
B_conditional_f1,l28_last,29,full_delta,0,0.01,0.6954536591484602,0.006120182558867942,[0.6954536591484602]
B_conditional_f1,l28_last,29,full_delta,0,0.1,0.714184113428778,0.07180026948074486,[0.714184113428778]
B_conditional_f1,l28_last,29,full_delta,0,1,0.9313793078140797,0.3925678463981607,[0.9313793078140797]
B_conditional_f1,l28_last,29,full_delta,0,10,1.4670500956603538,1.1307153926011264,[1.4670500956603538]
B_conditional_f1,l28_last,29,full_affine,0,0.01,0.5963218313694736,0.004872763639184229,[0.5963218313694736]
B_conditional_f1,l28_last,29,full_affine,0,0.1,0.615115400234548,0.054106651080389256,[0.615115400234548]
B_conditional_f1,l28_last,29,full_affine,0,1,0.8505942495833647,0.332902518737968,[0.8505942495833647]
B_conditional_f1,l28_last,29,full_affine,0,10,1.456775960706862,1.1019838428393978,[1.456775960706862]
B_conditional_f1,l28_last,29,length_shift,0,0.01,2.8288074384544224,2.44163557436915,[2.8288074384544224]
B_conditional_f1,l28_last,29,length_shift,0,0.1,2.8004598236861598,2.4518335555662913,[2.8004598236861598]
B_conditional_f1,l28_last,29,length_shift,0,1,2.785784824790973,2.505403624913239,[2.785784824790973]
B_conditional_f1,l28_last,29,length_shift,0,10,2.7813124025415648,2.530698107196215,[2.7813124025415648]
B_conditional_f1,l28_last,29,source_token_ridge,0,0.01,1.4994727603625329,0.6455088804884292,[1.4994727603625329]
B_conditional_f1,l28_last,29,source_token_ridge,0,0.1,1.4514267265134981,0.6475315075020106,[1.4514267265134981]
B_conditional_f1,l28_last,29,source_token_ridge,0,1,1.3789172430304342,0.7266570603532948,[1.3789172430304342]
B_conditional_f1,l28_last,29,source_token_ridge,0,10,1.9264745655586222,1.5162399913315234,[1.9264745655586222]
B_conditional_f1,l28_last,29,shuffled,1,0.01,2.831062517832008,2.7955231701051724,[2.831062517832008]
B_conditional_f1,l28_last,29,shuffled,2,0.01,3.580478375108394,3.4420013029232273,[3.580478375108394]
B_conditional_f1,l28_last,29,shuffled,4,0.01,3.8135267044989045,3.6014368378375132,[3.8135267044989045]
B_conditional_f1,l28_last,29,shuffled,8,0.01,4.177608887293455,3.9421193626589193,[4.177608887293455]
B_conditional_f1,l28_last,29,shuffled,16,0.01,4.439392224599217,4.090323527551529,[4.439392224599217]
B_conditional_f1,l28_last,29,shuffled,32,0.01,4.60569761688062,4.136149296625813,[4.60569761688062]
B_conditional_f1,l28_last,29,shuffled,1,0.1,2.6279791438589624,2.6235735730034775,[2.6279791438589624]
B_conditional_f1,l28_last,29,shuffled,2,0.1,3.234558400265358,3.1764774875470096,[3.234558400265358]
B_conditional_f1,l28_last,29,shuffled,4,0.1,3.3378885871850272,3.272734515119741,[3.3378885871850272]
B_conditional_f1,l28_last,29,shuffled,8,0.1,3.580630466025447,3.5410768165415636,[3.580630466025447]
B_conditional_f1,l28_last,29,shuffled,16,0.1,3.7105038922674574,3.6062437601347903,[3.7105038922674574]
B_conditional_f1,l28_last,29,shuffled,32,0.1,3.756264950190657,3.586231524202017,[3.756264950190657]
B_conditional_f1,l28_last,29,shuffled,1,1,2.440300693413513,2.4136330777528836,[2.440300693413513]
B_conditional_f1,l28_last,29,shuffled,2,1,2.5918661924962305,2.5736909339003624,[2.5918661924962305]
B_conditional_f1,l28_last,29,shuffled,4,1,2.797039459832243,2.7897667019718875,[2.797039459832243]
B_conditional_f1,l28_last,29,shuffled,8,1,2.870583390797274,2.872688652331328,[2.870583390797274]
B_conditional_f1,l28_last,29,shuffled,16,1,2.844097460955059,2.7903409460660913,[2.844097460955059]
B_conditional_f1,l28_last,29,shuffled,32,1,2.7702497146043297,2.6886562820716695,[2.7702497146043297]
B_conditional_f1,l28_last,29,shuffled,1,10,2.32695602228481,2.2581364838079154,[2.32695602228481]
B_conditional_f1,l28_last,29,shuffled,2,10,2.1277560807384415,2.0517772689059384,[2.1277560807384415]
B_conditional_f1,l28_last,29,shuffled,4,10,2.2584113079550034,2.2218526205082667,[2.2584113079550034]
B_conditional_f1,l28_last,29,shuffled,8,10,2.1737829305750846,2.1200556564062807,[2.1737829305750846]
B_conditional_f1,l28_last,29,shuffled,16,10,2.113943401536296,2.028995977658744,[2.113943401536296]
B_conditional_f1,l28_last,29,shuffled,32,10,2.077471789291557,1.987209460979906,[2.077471789291557]
B_conditional_f1,l28_last,29,random_subspace,32,0.01,2.7585529444057744,2.579849342144539,[2.7585529444057744]
B_conditional_f1,l28_last,29,random_subspace,32,0.1,2.758652472306828,2.5804825292690006,[2.758652472306828]
B_conditional_f1,l28_last,29,random_subspace,32,1,2.7606624178884736,2.5834620890136923,[2.7606624178884736]
B_conditional_f1,l28_last,29,random_subspace,32,10,2.7654144041487485,2.5899831154452957,[2.7654144041487485]
B_conditional_f2,l28_last,29,rank1,1,0.01,2.1196494024969295,1.9806769737921768,[2.1196494024969295]
B_conditional_f2,l28_last,29,rank1,1,0.1,2.121154836494037,1.9829236600662228,[2.121154836494037]
B_conditional_f2,l28_last,29,rank1,1,1,2.124108879028722,1.9920274968832583,[2.124108879028722]
B_conditional_f2,l28_last,29,rank1,1,10,2.1663821265918854,2.0401480117642152,[2.1663821265918854]
B_conditional_f2,l28_last,29,lowrank,1,0.01,2.1196494024969295,1.9806769737921768,[2.1196494024969295]
B_conditional_f2,l28_last,29,lowrank,2,0.01,1.7553192380613432,1.5727753557608988,[1.7553192380613432]
B_conditional_f2,l28_last,29,lowrank,4,0.01,1.5341393703097654,1.2870783105748071,[1.5341393703097654]
B_conditional_f2,l28_last,29,lowrank,8,0.01,1.2349901614249321,0.9061520458040618,[1.2349901614249321]
B_conditional_f2,l28_last,29,lowrank,16,0.01,0.9585189677210547,0.5298864325978494,[0.9585189677210547]
B_conditional_f2,l28_last,29,lowrank,32,0.01,0.7484554597177896,0.24289462536253545,[0.7484554597177896]
B_conditional_f2,l28_last,29,lowrank,1,0.1,2.121154836494037,1.9829236600662228,[2.121154836494037]
B_conditional_f2,l28_last,29,lowrank,2,0.1,1.7581054474882454,1.5767767941468354,[1.7581054474882454]
B_conditional_f2,l28_last,29,lowrank,4,0.1,1.546774437267209,1.2934139228180868,[1.546774437267209]
B_conditional_f2,l28_last,29,lowrank,8,0.1,1.2437192142129723,0.9165224584874144,[1.2437192142129723]
B_conditional_f2,l28_last,29,lowrank,16,0.1,0.9740966404053283,0.5462008072366477,[0.9740966404053283]
B_conditional_f2,l28_last,29,lowrank,32,0.1,0.7662527723334569,0.26636343597789036,[0.7662527723334569]
B_conditional_f2,l28_last,29,lowrank,1,1,2.124108879028722,1.9920274968832583,[2.124108879028722]
B_conditional_f2,l28_last,29,lowrank,2,1,1.7715928201138542,1.5970872434218375,[1.7715928201138542]
B_conditional_f2,l28_last,29,lowrank,4,1,1.5798452258562374,1.3257947033976165,[1.5798452258562374]
B_conditional_f2,l28_last,29,lowrank,8,1,1.2900511033058295,0.9821871569079693,[1.2900511033058295]
B_conditional_f2,l28_last,29,lowrank,16,1,1.0551476335946912,0.6627001988799825,[1.0551476335946912]
B_conditional_f2,l28_last,29,lowrank,32,1,0.8901028437547248,0.45061194560867185,[0.8901028437547248]
B_conditional_f2,l28_last,29,lowrank,1,10,2.1663821265918854,2.0401480117642152,[2.1663821265918854]
B_conditional_f2,l28_last,29,lowrank,2,10,1.863505803745263,1.6996729335965377,[1.863505803745263]
B_conditional_f2,l28_last,29,lowrank,4,10,1.7223726065476705,1.499929966507304,[1.7223726065476705]
B_conditional_f2,l28_last,29,lowrank,8,10,1.549985351908296,1.299390614571444,[1.549985351908296]
B_conditional_f2,l28_last,29,lowrank,16,10,1.4433149203248705,1.1654005260776703,[1.4433149203248705]
B_conditional_f2,l28_last,29,lowrank,32,10,1.3962788806411937,1.1072210275903804,[1.3962788806411937]
B_conditional_f2,l28_last,29,full_delta,0,0.01,0.560594617958652,0.004484890896592346,[0.560594617958652]
B_conditional_f2,l28_last,29,full_delta,0,0.1,0.5981408374980114,0.062453424160202185,[0.5981408374980114]
B_conditional_f2,l28_last,29,full_delta,0,1,0.8139765095870802,0.3628655114262848,[0.8139765095870802]
B_conditional_f2,l28_last,29,full_delta,0,10,1.3843330331532455,1.0937965245912167,[1.3843330331532455]
B_conditional_f2,l28_last,29,full_affine,0,0.01,0.4354438194204642,0.0030732675757752484,[0.4354438194204642]
B_conditional_f2,l28_last,29,full_affine,0,0.1,0.4705587515013557,0.04197009605481584,[0.4705587515013557]
B_conditional_f2,l28_last,29,full_affine,0,1,0.6760420903383245,0.27185311011736263,[0.6760420903383245]
B_conditional_f2,l28_last,29,full_affine,0,10,1.2059659838745915,0.9018619758427223,[1.2059659838745915]
B_conditional_f2,l28_last,29,length_shift,0,0.01,2.969105753323793,2.6586111694124166,[2.969105753323793]
B_conditional_f2,l28_last,29,length_shift,0,0.1,2.9426923498226643,2.667187530914177,[2.9426923498226643]
B_conditional_f2,l28_last,29,length_shift,0,1,2.9250055368063586,2.7122462376541585,[2.9250055368063586]
B_conditional_f2,l28_last,29,length_shift,0,10,2.9113492380983153,2.7340596451235477,[2.9113492380983153]
B_conditional_f2,l28_last,29,source_token_ridge,0,0.01,1.340708839872755,0.6449327234418286,[1.340708839872755]
B_conditional_f2,l28_last,29,source_token_ridge,0,0.1,1.3151222397959728,0.6469772406951327,[1.3151222397959728]
B_conditional_f2,l28_last,29,source_token_ridge,0,1,1.3098056846865347,0.7299738099566753,[1.3098056846865347]
B_conditional_f2,l28_last,29,source_token_ridge,0,10,1.9365273745610272,1.591855166454286,[1.9365273745610272]
B_conditional_f2,l28_last,29,shuffled,1,0.01,2.7800110837792342,2.5868883578467057,[2.7800110837792342]
B_conditional_f2,l28_last,29,shuffled,2,0.01,2.8939440686018334,2.660735044948852,[2.8939440686018334]
B_conditional_f2,l28_last,29,shuffled,4,0.01,3.039703181459062,2.7653766085028266,[3.039703181459062]
B_conditional_f2,l28_last,29,shuffled,8,0.01,3.2951666006528186,3.0561835407447346,[3.2951666006528186]
B_conditional_f2,l28_last,29,shuffled,16,0.01,3.5135848071766986,3.1693708323858956,[3.5135848071766986]
B_conditional_f2,l28_last,29,shuffled,32,0.01,3.5761660946116103,3.128519732999346,[3.5761660946116103]
B_conditional_f2,l28_last,29,shuffled,1,0.1,2.5785763389557306,2.462147693960384,[2.5785763389557306]
B_conditional_f2,l28_last,29,shuffled,2,0.1,2.600131629078937,2.4658658501420967,[2.600131629078937]
B_conditional_f2,l28_last,29,shuffled,4,0.1,2.692996050479478,2.572299355784828,[2.692996050479478]
B_conditional_f2,l28_last,29,shuffled,8,0.1,2.8416629831318225,2.7782858274133204,[2.8416629831318225]
B_conditional_f2,l28_last,29,shuffled,16,0.1,2.92585258300986,2.7833531002224436,[2.92585258300986]
B_conditional_f2,l28_last,29,shuffled,32,0.1,2.9025282957599265,2.7244027007827043,[2.9025282957599265]
B_conditional_f2,l28_last,29,shuffled,1,1,2.410717333979146,2.3171821642623254,[2.410717333979146]
B_conditional_f2,l28_last,29,shuffled,2,1,2.2900442286104963,2.1778585037090066,[2.2900442286104963]
B_conditional_f2,l28_last,29,shuffled,4,1,2.3565066844031426,2.2732735318957307,[2.3565066844031426]
B_conditional_f2,l28_last,29,shuffled,8,1,2.3543575894483446,2.2958719585842435,[2.3543575894483446]
B_conditional_f2,l28_last,29,shuffled,16,1,2.310422888713953,2.199150595746262,[2.310422888713953]
B_conditional_f2,l28_last,29,shuffled,32,1,2.1883088067482954,2.0605968529108063,[2.1883088067482954]
B_conditional_f2,l28_last,29,shuffled,1,10,2.3199520137439977,2.2230660932618136,[2.3199520137439977]
B_conditional_f2,l28_last,29,shuffled,2,10,2.1141967657892766,1.9930165165233458,[2.1141967657892766]
B_conditional_f2,l28_last,29,shuffled,4,10,2.037937112000813,1.9319182463384295,[2.037937112000813]
B_conditional_f2,l28_last,29,shuffled,8,10,1.9217094845773708,1.8048717832968293,[1.9217094845773708]
B_conditional_f2,l28_last,29,shuffled,16,10,1.856394200305094,1.7121189764318234,[1.856394200305094]
B_conditional_f2,l28_last,29,shuffled,32,10,1.8109436389308258,1.6639084617923128,[1.8109436389308258]
B_conditional_f2,l28_last,29,random_subspace,32,0.01,2.8647830744323706,2.7991190101799823,[2.8647830744323706]
B_conditional_f2,l28_last,29,random_subspace,32,0.1,2.864975719307111,2.799591775858822,[2.864975719307111]
B_conditional_f2,l28_last,29,random_subspace,32,1,2.866785644007907,2.80204556697794,[2.866785644007907]
B_conditional_f2,l28_last,29,random_subspace,32,10,2.8715057950334937,2.80785385726551,[2.8715057950334937]
B_shared,l28_last,43,rank1,1,0.01,1.5418012491451154,1.4029004651594998,"[-0.4479166666666667, -0.7118055555555555, 1.5418012491451154]"
B_shared,l28_last,43,rank1,1,0.1,1.5435508409127554,1.405160549932966,"[-0.4791666666666667, -0.7256944444444443, 1.5435508409127554]"
B_shared,l28_last,43,rank1,1,1,1.5454772415447877,1.4163674416596894,"[-0.4583333333333333, -0.7144097222222222, 1.5454772415447877]"
B_shared,l28_last,43,rank1,1,10,1.587156327479434,1.469141020698973,"[-0.3333333333333333, -0.6493055555555555, 1.587156327479434]"
B_shared,l28_last,43,lowrank,1,0.01,1.5418012491451154,1.4029004651594998,"[-0.4479166666666667, -0.7118055555555555, 1.5418012491451154]"
B_shared,l28_last,43,lowrank,2,0.01,1.304735597583158,1.1247433861926408,"[-0.5625, -0.7737847222222222, 1.304735597583158]"
B_shared,l28_last,43,lowrank,4,0.01,1.1440267534302142,0.8937867744728197,"[-0.6979166666666666, -0.842361111111111, 1.1440267534302142]"
B_shared,l28_last,43,lowrank,8,0.01,0.9178478523201937,0.6174269556480453,"[-0.8645833333333334, -0.9296875, 0.9178478523201937]"
B_shared,l28_last,43,lowrank,16,0.01,0.744078921420535,0.37207694639837446,"[-0.9583333333333334, -0.9774305555555555, 0.744078921420535]"
B_shared,l28_last,43,lowrank,32,0.01,0.6062210066909192,0.17288586133436853,"[-0.9583333333333334, -0.9774305555555555, 0.6062210066909192]"
B_shared,l28_last,43,lowrank,1,0.1,1.5435508409127554,1.405160549932966,"[-0.4791666666666667, -0.7256944444444443, 1.5435508409127554]"
B_shared,l28_last,43,lowrank,2,0.1,1.3055604630961566,1.1286029174982655,"[-0.5520833333333334, -0.7668402777777777, 1.3055604630961566]"
B_shared,l28_last,43,lowrank,4,0.1,1.1334622418541296,0.9010753063418139,"[-0.6979166666666666, -0.842361111111111, 1.1334622418541296]"
B_shared,l28_last,43,lowrank,8,0.1,0.9180049098477644,0.6269112943199874,"[-0.84375, -0.9175347222222223, 0.9180049098477644]"
B_shared,l28_last,43,lowrank,16,0.1,0.745214619766173,0.3856753237556103,"[-0.9479166666666666, -0.970486111111111, 0.745214619766173]"
B_shared,l28_last,43,lowrank,32,0.1,0.6130070202618527,0.19165088246508968,"[-0.9479166666666666, -0.9722222222222222, 0.6130070202618527]"
B_shared,l28_last,43,lowrank,1,1,1.5454772415447877,1.4163674416596894,"[-0.4583333333333333, -0.7144097222222222, 1.5454772415447877]"
B_shared,l28_last,43,lowrank,2,1,1.3120290896052031,1.14949282832665,"[-0.5625, -0.772048611111111, 1.3120290896052031]"
B_shared,l28_last,43,lowrank,4,1,1.1372303386027764,0.940230519983846,"[-0.6458333333333334, -0.8151041666666666, 1.1372303386027764]"
B_shared,l28_last,43,lowrank,8,1,0.9483126786513397,0.6913564431016385,"[-0.8020833333333334, -0.8958333333333334, 0.9483126786513397]"
B_shared,l28_last,43,lowrank,16,1,0.7924944989046981,0.48435063363877157,"[-0.8645833333333334, -0.927951388888889, 0.7924944989046981]"
B_shared,l28_last,43,lowrank,32,1,0.6938404350514761,0.3398471172748536,"[-0.90625, -0.9487847222222223, 0.6938404350514761]"
B_shared,l28_last,43,lowrank,1,10,1.587156327479434,1.469141020698973,"[-0.3333333333333333, -0.6493055555555555, 1.587156327479434]"
B_shared,l28_last,43,lowrank,2,10,1.3844308190744716,1.2396496646440365,"[-0.375, -0.67578125, 1.3844308190744716]"
B_shared,l28_last,43,lowrank,4,10,1.272093047840537,1.0899809321751681,"[-0.4791666666666667, -0.7297867063492062, 1.272093047840537]"
B_shared,l28_last,43,lowrank,8,10,1.1642037633266584,0.9559236013890003,"[-0.53125, -0.755642361111111, 1.1642037633266584]"
B_shared,l28_last,43,lowrank,16,10,1.0963605761301467,0.8669412033139792,"[-0.6041666666666666, -0.7921006944444443, 1.0963605761301467]"
B_shared,l28_last,43,lowrank,32,10,1.0663102158848248,0.8268731566381557,"[-0.625, -0.802517361111111, 1.0663102158848248]"
B_shared,l28_last,43,full_delta,0,0.01,0.4840209924554397,0.0032327171025816974,"[-0.96875, -0.9826388888888888, 0.4840209924554397]"
B_shared,l28_last,43,full_delta,0,0.1,0.5013197635339545,0.047254697861809504,"[-0.9583333333333334, -0.9774305555555555, 0.5013197635339545]"
B_shared,l28_last,43,full_delta,0,1,0.6407217911399637,0.27776173720210956,"[-0.9270833333333334, -0.959201388888889, 0.6407217911399637]"
B_shared,l28_last,43,full_delta,0,10,1.0578846482308144,0.817287422811171,"[-0.625, -0.802517361111111, 1.0578846482308144]"
B_shared,l28_last,43,full_affine,0,0.01,0.35371265563337095,0.0022240402963206473,"[-0.9791666666666666, -0.9878472222222222, 0.35371265563337095]"
B_shared,l28_last,43,full_affine,0,0.1,0.37481828331463135,0.03154543535484871,"[-0.96875, -0.9826388888888888, 0.37481828331463135]"
B_shared,l28_last,43,full_affine,0,1,0.524886769942874,0.22078814740346545,"[-0.875, -0.931423611111111, 0.524886769942874]"
B_shared,l28_last,43,full_affine,0,10,0.9835891684060721,0.7790499828700185,"[-0.4375, -0.6329117063492063, 0.9835891684060721]"
B_shared,l28_last,43,length_shift,0,0.01,2.2312041021517994,1.9591511075217933,"[-0.052083333333333336, -0.484375, 2.2312041021517994]"
B_shared,l28_last,43,length_shift,0,0.1,2.2190838815862963,1.9631177684018848,"[-0.052083333333333336, -0.4829861111111111, 2.2190838815862963]"
B_shared,l28_last,43,length_shift,0,1,2.2131555280442714,1.9815463202874468,"[-0.041666666666666664, -0.47839781746031745, 2.2131555280442714]"
B_shared,l28_last,43,length_shift,0,10,2.2092101354460705,1.9900536836559268,"[-0.041666666666666664, -0.4786458333333334, 2.2092101354460705]"
B_shared,l28_last,43,source_token_ridge,0,0.01,1.2575535558408646,0.5558879100304258,"[-0.8333333333333334, -0.9114583333333334, 1.2575535558408646]"
B_shared,l28_last,43,source_token_ridge,0,0.1,1.2060284089755178,0.5574349563305655,"[-0.8229166666666666, -0.904513888888889, 1.2060284089755178]"
B_shared,l28_last,43,source_token_ridge,0,1,1.1454972889172137,0.6143676651886097,"[-0.7708333333333334, -0.8758680555555557, 1.1454972889172137]"
B_shared,l28_last,43,source_token_ridge,0,10,1.5544613061052504,1.2045200750596783,"[-0.2708333333333333, -0.6135416666666667, 1.5544613061052504]"
B_shared,l28_last,43,shuffled,1,0.01,1.8193405118958743,1.7449395597440154,"[-0.3958333333333333, -0.6822916666666666, 1.8193405118958743]"
B_shared,l28_last,43,shuffled,2,0.01,2.212679112436828,2.0472492064580123,"[-0.3854166666666667, -0.6466269841269842, 2.212679112436828]"
B_shared,l28_last,43,shuffled,4,0.01,2.4576872014740663,2.2951389624755874,"[-0.46875, -0.6588955026455027, 2.4576872014740663]"
B_shared,l28_last,43,shuffled,8,0.01,2.8772177075833993,2.6408530555600715,"[-0.4583333333333333, -0.6226977016039515, 2.8772177075833993]"
B_shared,l28_last,43,shuffled,16,0.01,3.018866559689039,2.7032338471001816,"[-0.375, -0.5264906968031967, 3.018866559689039]"
B_shared,l28_last,43,shuffled,32,0.01,3.0660923833473226,2.6643014830043312,"[-0.2916666666666667, -0.4602337477337477, 3.0660923833473226]"
B_shared,l28_last,43,shuffled,1,0.1,1.7751467182427085,1.711399178623991,"[-0.3958333333333333, -0.6822916666666666, 1.7751467182427085]"
B_shared,l28_last,43,shuffled,2,0.1,1.9430909921160435,1.8824781830226769,"[-0.3854166666666667, -0.6546875, 1.9430909921160435]"
B_shared,l28_last,43,shuffled,4,0.1,2.157385518637138,2.1254039062015035,"[-0.4791666666666667, -0.6802083333333334, 2.157385518637138]"
B_shared,l28_last,43,shuffled,8,0.1,2.396223401105084,2.3842272789887664,"[-0.46875, -0.6423453282828282, 2.396223401105084]"
B_shared,l28_last,43,shuffled,16,0.1,2.438288719709878,2.402689329938616,"[-0.375, -0.5439323697136197, 2.438288719709878]"
B_shared,l28_last,43,shuffled,32,0.1,2.394970311560653,2.3166704876796156,"[-0.3229166666666667, -0.4909107096607097, 2.394970311560653]"
B_shared,l28_last,43,shuffled,1,1,1.7219246021819952,1.6518897816338634,"[-0.4166666666666667, -0.693923611111111, 1.7219246021819952]"
B_shared,l28_last,43,shuffled,2,1,1.7230503057780353,1.6681650340377816,"[-0.4791666666666667, -0.7182291666666666, 1.7230503057780353]"
B_shared,l28_last,43,shuffled,4,1,1.8752376650318194,1.8575130449903547,"[-0.5, -0.7087797619047619, 1.8752376650318194]"
B_shared,l28_last,43,shuffled,8,1,1.933081081289753,1.9445957469139736,"[-0.5104166666666666, -0.6867724867724867, 1.933081081289753]"
B_shared,l28_last,43,shuffled,16,1,1.8627035087007517,1.8609255934640565,"[-0.4375, -0.6230282738095239, 1.8627035087007517]"
B_shared,l28_last,43,shuffled,32,1,1.7624636186338984,1.7360251505781907,"[-0.375, -0.5751326509139009, 1.7624636186338984]"
B_shared,l28_last,43,shuffled,1,10,1.6719623375858415,1.5921667306491092,"[-0.375, -0.6791666666666666, 1.6719623375858415]"
B_shared,l28_last,43,shuffled,2,10,1.5515881976700043,1.472268742459576,"[-0.4166666666666667, -0.6956597222222222, 1.5515881976700043]"
B_shared,l28_last,43,shuffled,4,10,1.5645221637932751,1.4843357048745587,"[-0.5, -0.7274305555555555, 1.5645221637932751]"
B_shared,l28_last,43,shuffled,8,10,1.497293175381022,1.414545255143573,"[-0.5, -0.7179811507936508, 1.497293175381022]"
B_shared,l28_last,43,shuffled,16,10,1.426442533335046,1.3301411473502516,"[-0.5416666666666666, -0.7370783730158731, 1.426442533335046]"
B_shared,l28_last,43,shuffled,32,10,1.3879940935335426,1.2865658595134597,"[-0.5416666666666666, -0.7339533730158729, 1.3879940935335426]"
B_shared,l28_last,43,random_subspace,32,0.01,2.2072228627531234,2.0314392331720676,"[-0.010416666666666666, -0.4621527777777777, 2.2072228627531234]"
B_shared,l28_last,43,random_subspace,32,0.1,2.2072268535969237,2.0318246294908615,"[-0.010416666666666666, -0.4621527777777777, 2.2072268535969237]"
B_shared,l28_last,43,random_subspace,32,1,2.2083606174311115,2.033883165481313,"[-0.010416666666666666, -0.4621527777777777, 2.2083606174311115]"
B_shared,l28_last,43,random_subspace,32,10,2.2122518490100638,2.038729323219611,"[-0.010416666666666666, -0.4621527777777777, 2.2122518490100638]"
B_conditional_f0,l28_last,43,rank1,1,0.01,1.9326722910568073,1.7722655477218048,[1.9326722910568073]
B_conditional_f0,l28_last,43,rank1,1,0.1,1.936444030800016,1.7783908429976687,[1.936444030800016]
B_conditional_f0,l28_last,43,rank1,1,1,1.9343209516329523,1.8069448922181737,[1.9343209516329523]
B_conditional_f0,l28_last,43,rank1,1,10,1.990510625189878,1.8912569421540033,[1.990510625189878]
B_conditional_f0,l28_last,43,lowrank,1,0.01,1.9326722910568073,1.7722655477218048,[1.9326722910568073]
B_conditional_f0,l28_last,43,lowrank,2,0.01,1.7180868177163513,1.4971193682455493,[1.7180868177163513]
B_conditional_f0,l28_last,43,lowrank,4,0.01,1.5577573764134767,1.1572608101098603,[1.5577573764134767]
B_conditional_f0,l28_last,43,lowrank,8,0.01,1.3006365299214846,0.7793171322080106,[1.3006365299214846]
B_conditional_f0,l28_last,43,lowrank,16,0.01,1.1188121218319524,0.4577940937748332,[1.1188121218319524]
B_conditional_f0,l28_last,43,lowrank,32,0.01,1.0025627359147566,0.21051948577001398,[1.0025627359147566]
B_conditional_f0,l28_last,43,lowrank,1,0.1,1.936444030800016,1.7783908429976687,[1.936444030800016]
B_conditional_f0,l28_last,43,lowrank,2,0.1,1.7251142632185987,1.5061761786240357,[1.7251142632185987]
B_conditional_f0,l28_last,43,lowrank,4,0.1,1.5471310155535747,1.175086603473521,[1.5471310155535747]
B_conditional_f0,l28_last,43,lowrank,8,0.1,1.2962727917936379,0.8034721516629743,[1.2962727917936379]
B_conditional_f0,l28_last,43,lowrank,16,0.1,1.1127246373390867,0.4881740086310737,[1.1127246373390867]
B_conditional_f0,l28_last,43,lowrank,32,0.1,0.9945114546703495,0.2497322041309267,[0.9945114546703495]
B_conditional_f0,l28_last,43,lowrank,1,1,1.9343209516329523,1.8069448922181737,[1.9343209516329523]
B_conditional_f0,l28_last,43,lowrank,2,1,1.729400697115412,1.5480901459871157,[1.729400697115412]
B_conditional_f0,l28_last,43,lowrank,4,1,1.5518507362112164,1.2671847402371095,[1.5518507362112164]
B_conditional_f0,l28_last,43,lowrank,8,1,1.3205699796052923,0.9407597272149935,[1.3205699796052923]
B_conditional_f0,l28_last,43,lowrank,16,1,1.151259716507477,0.674032695449279,[1.151259716507477]
B_conditional_f0,l28_last,43,lowrank,32,1,1.0529169375953382,0.5023229767630876,[1.0529169375953382]
B_conditional_f0,l28_last,43,lowrank,1,10,1.990510625189878,1.8912569421540033,[1.990510625189878]
B_conditional_f0,l28_last,43,lowrank,2,10,1.809474968282034,1.6732268336401344,[1.809474968282034]
B_conditional_f0,l28_last,43,lowrank,4,10,1.6889888541866422,1.4819530252239133,[1.6889888541866422]
B_conditional_f0,l28_last,43,lowrank,8,10,1.5680422007266763,1.3208681969715805,[1.5680422007266763]
B_conditional_f0,l28_last,43,lowrank,16,10,1.4882599870590563,1.2070862861151441,[1.4882599870590563]
B_conditional_f0,l28_last,43,lowrank,32,10,1.4567128248487557,1.1601502713203498,[1.4567128248487557]
B_conditional_f0,l28_last,43,full_delta,0,0.01,0.8895590789235134,0.005947843359465206,[0.8895590789235134]
B_conditional_f0,l28_last,43,full_delta,0,0.1,0.8800420577010971,0.07461008541098565,[0.8800420577010971]
B_conditional_f0,l28_last,43,full_delta,0,1,0.993033932657883,0.42402008736585156,[0.993033932657883]
B_conditional_f0,l28_last,43,full_delta,0,10,1.4468321743563692,1.1477041399217747,[1.4468321743563692]
B_conditional_f0,l28_last,43,full_affine,0,0.01,0.7867773950852239,0.0050477132326116215,[0.7867773950852239]
B_conditional_f0,l28_last,43,full_affine,0,0.1,0.7835483255785197,0.060182805601028976,[0.7835483255785197]
B_conditional_f0,l28_last,43,full_affine,0,1,0.9173526919578281,0.38184510184115944,[0.9173526919578281]
B_conditional_f0,l28_last,43,full_affine,0,10,1.4859403592450704,1.2141066022145268,[1.4859403592450704]
B_conditional_f0,l28_last,43,length_shift,0,0.01,2.5894713317808487,2.34983583141048,[2.5894713317808487]
B_conditional_f0,l28_last,43,length_shift,0,0.1,2.581223152278313,2.3537569560876954,[2.581223152278313]
B_conditional_f0,l28_last,43,length_shift,0,1,2.58105363695308,2.371974696090322,[2.58105363695308]
B_conditional_f0,l28_last,43,length_shift,0,10,2.576388395025198,2.3804476845751057,[2.576388395025198]
B_conditional_f0,l28_last,43,source_token_ridge,0,0.01,1.566300808757479,0.5762945236897714,[1.566300808757479]
B_conditional_f0,l28_last,43,source_token_ridge,0,0.1,1.505394813978695,0.5781924094071277,[1.505394813978695]
B_conditional_f0,l28_last,43,source_token_ridge,0,1,1.3946661020662325,0.6537594726006332,[1.3946661020662325]
B_conditional_f0,l28_last,43,source_token_ridge,0,10,1.8151681511146347,1.4137127120277961,[1.8151681511146347]
B_conditional_f0,l28_last,43,shuffled,1,0.01,2.3595396479343953,2.373895783871902,[2.3595396479343953]
B_conditional_f0,l28_last,43,shuffled,2,0.01,3.047104565096477,2.8626468706076964,[3.047104565096477]
B_conditional_f0,l28_last,43,shuffled,4,0.01,3.3978942678500865,3.2582551198473753,[3.3978942678500865]
B_conditional_f0,l28_last,43,shuffled,8,0.01,3.97074270371337,3.7389517002235073,[3.97074270371337]
B_conditional_f0,l28_last,43,shuffled,16,0.01,4.22988580489675,3.88896174722318,[4.22988580489675]
B_conditional_f0,l28_last,43,shuffled,32,0.01,4.282777452898319,3.8303755031024593,[4.282777452898319]
B_conditional_f0,l28_last,43,shuffled,1,0.1,2.2724634763502953,2.261074177703637,[2.2724634763502953]
B_conditional_f0,l28_last,43,shuffled,2,0.1,2.7320600051179267,2.6941785364209476,[2.7320600051179267]
B_conditional_f0,l28_last,43,shuffled,4,0.1,2.9787112016277675,3.0020496556827703,[2.9787112016277675]
B_conditional_f0,l28_last,43,shuffled,8,0.1,3.334580581301322,3.382031734968127,[3.334580581301322]
B_conditional_f0,l28_last,43,shuffled,16,0.1,3.4522634961062586,3.45745651333617,[3.4522634961062586]
B_conditional_f0,l28_last,43,shuffled,32,0.1,3.4132194232773343,3.353524542261022,[3.4132194232773343]
B_conditional_f0,l28_last,43,shuffled,1,1,2.180336608069107,2.1346228291298153,[2.180336608069107]
B_conditional_f0,l28_last,43,shuffled,2,1,2.434351616401623,2.4252985676916436,[2.434351616401623]
B_conditional_f0,l28_last,43,shuffled,4,1,2.547519372475511,2.608658215965673,[2.547519372475511]
B_conditional_f0,l28_last,43,shuffled,8,1,2.6809885753551193,2.7883864435304773,[2.6809885753551193]
B_conditional_f0,l28_last,43,shuffled,16,1,2.6495021249439064,2.7299708421127775,[2.6495021249439064]
B_conditional_f0,l28_last,43,shuffled,32,1,2.5438794489344643,2.5893967066770585,[2.5438794489344643]
B_conditional_f0,l28_last,43,shuffled,1,10,2.1155612868935694,2.049257369177981,[2.1155612868935694]
B_conditional_f0,l28_last,43,shuffled,2,10,2.11739131919574,2.0774541460218754,[2.11739131919574]
B_conditional_f0,l28_last,43,shuffled,4,10,2.107883543803004,2.097213733510834,[2.107883543803004]
B_conditional_f0,l28_last,43,shuffled,8,10,2.0758171502887874,2.063309686328607,[2.0758171502887874]
B_conditional_f0,l28_last,43,shuffled,16,10,2.013918404927414,1.98637131726837,[2.013918404927414]
B_conditional_f0,l28_last,43,shuffled,32,10,1.9725547368802736,1.938579820515626,[1.9725547368802736]
B_conditional_f0,l28_last,43,random_subspace,32,0.01,2.566613773034562,2.428370580747538,[2.566613773034562]
B_conditional_f0,l28_last,43,random_subspace,32,0.1,2.566385927114778,2.4289588645431373,[2.566385927114778]
B_conditional_f0,l28_last,43,random_subspace,32,1,2.5673901700889092,2.431970075279068,[2.5673901700889092]
B_conditional_f0,l28_last,43,random_subspace,32,10,2.5716940367623935,2.4383776976178932,[2.5716940367623935]
B_conditional_f1,l28_last,43,rank1,1,0.01,2.073051199822409,1.8242673110238592,[2.073051199822409]
B_conditional_f1,l28_last,43,rank1,1,0.1,2.077138214386713,1.8288977915150706,[2.077138214386713]
B_conditional_f1,l28_last,43,rank1,1,1,2.0891269785416604,1.845491690226667,[2.0891269785416604]
B_conditional_f1,l28_last,43,rank1,1,10,2.1334455784696424,1.9000959443113805,[2.1334455784696424]
B_conditional_f1,l28_last,43,lowrank,1,0.01,2.073051199822409,1.8242673110238592,[2.073051199822409]
B_conditional_f1,l28_last,43,lowrank,2,0.01,1.86264108752885,1.5273041373652692,[1.86264108752885]
B_conditional_f1,l28_last,43,lowrank,4,0.01,1.5946706230524068,1.1318439743801134,[1.5946706230524068]
B_conditional_f1,l28_last,43,lowrank,8,0.01,1.312513837814031,0.7883861771083357,[1.312513837814031]
B_conditional_f1,l28_last,43,lowrank,16,0.01,1.094794667553818,0.4676589144443017,[1.094794667553818]
B_conditional_f1,l28_last,43,lowrank,32,0.01,0.9176827922161989,0.2108951029995605,[0.9176827922161989]
B_conditional_f1,l28_last,43,lowrank,1,0.1,2.077138214386713,1.8288977915150706,[2.077138214386713]
B_conditional_f1,l28_last,43,lowrank,2,0.1,1.8639459996794532,1.5354392806519783,[1.8639459996794532]
B_conditional_f1,l28_last,43,lowrank,4,0.1,1.5910374844651252,1.1457477792681552,[1.5910374844651252]
B_conditional_f1,l28_last,43,lowrank,8,0.1,1.3119241423658494,0.8076386723263255,[1.3119241423658494]
B_conditional_f1,l28_last,43,lowrank,16,0.1,1.0949179478316207,0.4930442403027504,[1.0949179478316207]
B_conditional_f1,l28_last,43,lowrank,32,0.1,0.9237206653257729,0.24370773137902113,[0.9237206653257729]
B_conditional_f1,l28_last,43,lowrank,1,1,2.0891269785416604,1.845491690226667,[2.0891269785416604]
B_conditional_f1,l28_last,43,lowrank,2,1,1.8776602650336078,1.5685594886815883,[1.8776602650336078]
B_conditional_f1,l28_last,43,lowrank,4,1,1.6147256510096266,1.2167330714690061,[1.6147256510096266]
B_conditional_f1,l28_last,43,lowrank,8,1,1.3590725523120133,0.9118814077799359,[1.3590725523120133]
B_conditional_f1,l28_last,43,lowrank,16,1,1.1772106269997953,0.6423817010913218,[1.1772106269997953]
B_conditional_f1,l28_last,43,lowrank,32,1,1.0393636843179186,0.4569193258262665,[1.0393636843179186]
B_conditional_f1,l28_last,43,lowrank,1,10,2.1334455784696424,1.9000959443113805,[2.1334455784696424]
B_conditional_f1,l28_last,43,lowrank,2,10,1.9475661581145987,1.6696723585917848,[1.9475661581145987]
B_conditional_f1,l28_last,43,lowrank,4,10,1.7713966337753424,1.4286064403811285,[1.7713966337753424]
B_conditional_f1,l28_last,43,lowrank,8,10,1.6234304793176024,1.257685689933669,[1.6234304793176024]
B_conditional_f1,l28_last,43,lowrank,16,10,1.5422587488296375,1.1395337614857304,[1.5422587488296375]
B_conditional_f1,l28_last,43,lowrank,32,10,1.5019907169793154,1.0892137502561559,[1.5019907169793154]
B_conditional_f1,l28_last,43,full_delta,0,0.01,0.7729402451052797,0.0051977844700507835,[0.7729402451052797]
B_conditional_f1,l28_last,43,full_delta,0,0.1,0.78373378884291,0.0674470151709834,[0.78373378884291]
B_conditional_f1,l28_last,43,full_delta,0,1,0.971814013152747,0.3793555620788522,[0.971814013152747]
B_conditional_f1,l28_last,43,full_delta,0,10,1.4910461486679758,1.0771174423346987,[1.4910461486679758]
B_conditional_f1,l28_last,43,full_affine,0,0.01,0.6408122711652692,0.004168634995770141,[0.6408122711652692]
B_conditional_f1,l28_last,43,full_affine,0,0.1,0.6564403916212816,0.052043863527707075,[0.6564403916212816]
B_conditional_f1,l28_last,43,full_affine,0,1,0.8639479132910334,0.32809153024579946,[0.8639479132910334]
B_conditional_f1,l28_last,43,full_affine,0,10,1.4435055302454298,1.0563009746620968,[1.4435055302454298]
B_conditional_f1,l28_last,43,length_shift,0,0.01,2.812041250796676,2.3772316958243334,[2.812041250796676]
B_conditional_f1,l28_last,43,length_shift,0,0.1,2.792151067105967,2.384086204785603,[2.792151067105967]
B_conditional_f1,l28_last,43,length_shift,0,1,2.7837442555742555,2.4159260083113026,[2.7837442555742555]
B_conditional_f1,l28_last,43,length_shift,0,10,2.778664336506731,2.430217522348252,[2.778664336506731]
B_conditional_f1,l28_last,43,source_token_ridge,0,0.01,1.6337682491040084,0.5778178124826049,[1.6337682491040084]
B_conditional_f1,l28_last,43,source_token_ridge,0,0.1,1.5611437357709732,0.5799054386350706,[1.5611437357709732]
B_conditional_f1,l28_last,43,source_token_ridge,0,1,1.469311752703315,0.6558501471094064,[1.469311752703315]
B_conditional_f1,l28_last,43,source_token_ridge,0,10,1.9692157758688855,1.4245500824793516,[1.9692157758688855]
B_conditional_f1,l28_last,43,shuffled,1,0.01,2.472001296763299,2.294541574319984,[2.472001296763299]
B_conditional_f1,l28_last,43,shuffled,2,0.01,2.9916658933072795,2.7030259641859105,[2.9916658933072795]
B_conditional_f1,l28_last,43,shuffled,4,0.01,3.417282108591408,3.115547830809676,[3.417282108591408]
B_conditional_f1,l28_last,43,shuffled,8,0.01,3.8796206208182866,3.4767730105994317,[3.8796206208182866]
B_conditional_f1,l28_last,43,shuffled,16,0.01,4.042588120488191,3.5283570011619303,[4.042588120488191]
B_conditional_f1,l28_last,43,shuffled,32,0.01,4.149888081241321,3.496877718682363,[4.149888081241321]
B_conditional_f1,l28_last,43,shuffled,1,0.1,2.3977272339324496,2.236716995291207,[2.3977272339324496]
B_conditional_f1,l28_last,43,shuffled,2,0.1,2.6586321301011964,2.502690183513294,[2.6586321301011964]
B_conditional_f1,l28_last,43,shuffled,4,0.1,3.020561932928372,2.887196277201184,[3.020561932928372]
B_conditional_f1,l28_last,43,shuffled,8,0.1,3.244780398382989,3.1347208078349262,[3.244780398382989]
B_conditional_f1,l28_last,43,shuffled,16,0.1,3.290653253722598,3.1401914541704916,[3.290653253722598]
B_conditional_f1,l28_last,43,shuffled,32,0.1,3.276039775736894,3.0561264287498173,[3.276039775736894]
B_conditional_f1,l28_last,43,shuffled,1,1,2.2932000218767863,2.129655420408051,[2.2932000218767863]
B_conditional_f1,l28_last,43,shuffled,2,1,2.3798693993981637,2.2343109137503956,[2.3798693993981637]
B_conditional_f1,l28_last,43,shuffled,4,1,2.628439986957167,2.510994133621581,[2.628439986957167]
B_conditional_f1,l28_last,43,shuffled,8,1,2.642512777463257,2.5609257995756587,[2.642512777463257]
B_conditional_f1,l28_last,43,shuffled,16,1,2.5824509430346256,2.4801354032465714,[2.5824509430346256]
B_conditional_f1,l28_last,43,shuffled,32,1,2.4801700916669245,2.343478220797245,[2.4801700916669245]
B_conditional_f1,l28_last,43,shuffled,1,10,2.2219496589635925,2.042980213643551,[2.2219496589635925]
B_conditional_f1,l28_last,43,shuffled,2,10,2.1647527881712008,1.987967253712873,[2.1647527881712008]
B_conditional_f1,l28_last,43,shuffled,4,10,2.2268493536785647,2.037163815934555,[2.2268493536785647]
B_conditional_f1,l28_last,43,shuffled,8,10,2.1385092834358983,1.948851181256589,[2.1385092834358983]
B_conditional_f1,l28_last,43,shuffled,16,10,2.0683839726563362,1.8637270600387066,[2.0683839726563362]
B_conditional_f1,l28_last,43,shuffled,32,10,2.027932823565276,1.8153991244419279,[2.027932823565276]
B_conditional_f1,l28_last,43,random_subspace,32,0.01,2.7691078597243144,2.4789842280379175,[2.7691078597243144]
B_conditional_f1,l28_last,43,random_subspace,32,0.1,2.7690386442782557,2.4795228893549752,[2.7690386442782557]
B_conditional_f1,l28_last,43,random_subspace,32,1,2.770396697209884,2.4821897616601913,[2.770396697209884]
B_conditional_f1,l28_last,43,random_subspace,32,10,2.7749138052577336,2.488147299836887,[2.7749138052577336]
B_conditional_f2,l28_last,43,rank1,1,0.01,2.1213743639784934,1.9815277896056862,[2.1213743639784934]
B_conditional_f2,l28_last,43,rank1,1,0.1,2.121190696264342,1.9831422200320474,[2.121190696264342]
B_conditional_f2,l28_last,43,rank1,1,1,2.1291430192739877,1.993202807183043,[2.1291430192739877]
B_conditional_f2,l28_last,43,rank1,1,10,2.1754225956384,2.0455297824374057,[2.1754225956384]
B_conditional_f2,l28_last,43,lowrank,1,0.01,2.1213743639784934,1.9815277896056862,[2.1213743639784934]
B_conditional_f2,l28_last,43,lowrank,2,0.01,1.7666147083752994,1.5866251535243678,[1.7666147083752994]
B_conditional_f2,l28_last,43,lowrank,4,0.01,1.5122121854421788,1.2352857274849347,[1.5122121854421788]
B_conditional_f2,l28_last,43,lowrank,8,0.01,1.248383066567492,0.8698741477657199,[1.248383066567492]
B_conditional_f2,l28_last,43,lowrank,16,0.01,0.960116312870888,0.5078373053916684,[0.960116312870888]
B_conditional_f2,l28_last,43,lowrank,32,0.01,0.7448518324968667,0.22369130852197006,[0.7448518324968667]
B_conditional_f2,l28_last,43,lowrank,1,0.1,2.121190696264342,1.9831422200320474,[2.121190696264342]
B_conditional_f2,l28_last,43,lowrank,2,0.1,1.7685919772983727,1.5899304093847861,[1.7685919772983727]
B_conditional_f2,l28_last,43,lowrank,4,0.1,1.5189557345252798,1.241208454006541,[1.5189557345252798]
B_conditional_f2,l28_last,43,lowrank,8,0.1,1.2573371885518438,0.8808906267616767,[1.2573371885518438]
B_conditional_f2,l28_last,43,lowrank,16,0.1,0.9723369455510079,0.5226935440500916,[0.9723369455510079]
B_conditional_f2,l28_last,43,lowrank,32,0.1,0.7589544475475929,0.245703619469012,[0.7589544475475929]
B_conditional_f2,l28_last,43,lowrank,1,1,2.1291430192739877,1.993202807183043,[2.1291430192739877]
B_conditional_f2,l28_last,43,lowrank,2,1,1.7874944207456849,1.6103139909518713,[1.7874944207456849]
B_conditional_f2,l28_last,43,lowrank,4,1,1.562232276428113,1.2777757213262493,[1.562232276428113]
B_conditional_f2,l28_last,43,lowrank,8,1,1.3175081446927852,0.9524720056842252,[1.3175081446927852]
B_conditional_f2,l28_last,43,lowrank,16,1,1.0660671413689489,0.6357230917458505,[1.0660671413689489]
B_conditional_f2,l28_last,43,lowrank,32,1,0.8978492023335072,0.4255626337411414,[0.8978492023335072]
B_conditional_f2,l28_last,43,lowrank,1,10,2.1754225956384,2.0455297824374057,[2.1754225956384]
B_conditional_f2,l28_last,43,lowrank,2,10,1.8783320182899361,1.7132181558871118,[1.8783320182899361]
B_conditional_f2,l28_last,43,lowrank,4,10,1.7114513601347074,1.4516167811842795,[1.7114513601347074]
B_conditional_f2,l28_last,43,lowrank,8,10,1.5633723316182522,1.2645364900414877,[1.5633723316182522]
B_conditional_f2,l28_last,43,lowrank,16,10,1.4557170771933015,1.1276527540685097,[1.4557170771933015]
B_conditional_f2,l28_last,43,lowrank,32,10,1.4079135100753544,1.070223155604886,[1.4079135100753544]
B_conditional_f2,l28_last,43,full_delta,0,0.01,0.559887694346977,0.0038770731097789324,[0.559887694346977]
B_conditional_f2,l28_last,43,full_delta,0,0.1,0.5902606637244311,0.0567643857911328,[0.5902606637244311]
B_conditional_f2,l28_last,43,full_delta,0,1,0.82050126278228,0.3429633983343923,[0.82050126278228]
B_conditional_f2,l28_last,43,full_delta,0,10,1.395542208887388,1.0574647167601803,[1.395542208887388]
B_conditional_f2,l28_last,43,full_affine,0,0.01,0.40387234165907077,0.0027803222921299795,[0.40387234165907077]
B_conditional_f2,l28_last,43,full_affine,0,0.1,0.4345433524106672,0.03946702972348332,[0.4345433524106672]
B_conditional_f2,l28_last,43,full_affine,0,1,0.656543539752779,0.26548164629620485,[0.656543539752779]
B_conditional_f2,l28_last,43,full_affine,0,10,1.181088202947007,0.8971664023165724,[1.181088202947007]
B_conditional_f2,l28_last,43,length_shift,0,0.01,2.8843442946815934,2.539208502083668,[2.8843442946815934]
B_conditional_f2,l28_last,43,length_shift,0,0.1,2.865804828463396,2.54449537068836,[2.865804828463396]
B_conditional_f2,l28_last,43,length_shift,0,1,2.85422860450023,2.569062292603036,[2.85422860450023]
B_conditional_f2,l28_last,43,length_shift,0,10,2.8492147807577504,2.580782597587296,[2.8492147807577504]
B_conditional_f2,l28_last,43,source_token_ridge,0,0.01,1.4838304690757191,0.5748587762138897,[1.4838304690757191]
B_conditional_f2,l28_last,43,source_token_ridge,0,0.1,1.41948072918197,0.5772160090703339,[1.41948072918197]
B_conditional_f2,l28_last,43,source_token_ridge,0,1,1.3800671682565724,0.660819798510674,[1.3800671682565724]
B_conditional_f2,l28_last,43,source_token_ridge,0,10,1.9786534446726263,1.5023935537577033,[1.9786534446726263]
B_conditional_f2,l28_last,43,shuffled,1,0.01,2.5185243368446515,2.395595051788427,[2.5185243368446515]
B_conditional_f2,l28_last,43,shuffled,2,0.01,2.610193694625593,2.490107313825248,[2.610193694625593]
B_conditional_f2,l28_last,43,shuffled,4,0.01,2.7422798226274203,2.6138655401185265,[2.7422798226274203]
B_conditional_f2,l28_last,43,shuffled,8,0.01,3.0962943602782684,2.934673689740015,[3.0962943602782684]
B_conditional_f2,l28_last,43,shuffled,16,0.01,3.212721868961532,2.933893317357109,[3.212721868961532]
B_conditional_f2,l28_last,43,shuffled,32,0.01,3.294737564119231,2.8793930330573705,[3.294737564119231]
B_conditional_f2,l28_last,43,shuffled,1,0.1,2.4221255584721684,2.3393796832839624,[2.4221255584721684]
B_conditional_f2,l28_last,43,shuffled,2,0.1,2.335945616798306,2.2976583112574414,[2.335945616798306]
B_conditional_f2,l28_last,43,shuffled,4,0.1,2.4524012986295074,2.4371767019389687,[2.4524012986295074]
B_conditional_f2,l28_last,43,shuffled,8,0.1,2.6488948981220775,2.673056448123637,[2.6488948981220775]
B_conditional_f2,l28_last,43,shuffled,16,0.1,2.640229098585283,2.619895006974979,[2.640229098585283]
B_conditional_f2,l28_last,43,shuffled,32,0.1,2.6055612596916635,2.5184319745611377,[2.6055612596916635]
B_conditional_f2,l28_last,43,shuffled,1,1,2.3313310406826333,2.251554473916104,[2.3313310406826333]
B_conditional_f2,l28_last,43,shuffled,2,1,2.152947604028746,2.099998823442069,[2.152947604028746]
B_conditional_f2,l28_last,43,shuffled,4,1,2.204976777535037,2.1706092084689836,[2.204976777535037]
B_conditional_f2,l28_last,43,shuffled,8,1,2.2141889830944095,2.2091054220681103,[2.2141889830944095]
B_conditional_f2,l28_last,43,shuffled,16,1,2.106933685830943,2.0776956099088877,[2.106933685830943]
B_conditional_f2,l28_last,43,shuffled,32,1,1.9898879672107916,1.9342909879090016,[1.9898879672107916]
B_conditional_f2,l28_last,43,shuffled,1,10,2.268154420546829,2.181754630833105,[2.268154420546829]
B_conditional_f2,l28_last,43,shuffled,2,10,2.0417477585724075,1.9502284695303855,[2.0417477585724075]
B_conditional_f2,l28_last,43,shuffled,4,10,1.98356115762517,1.8676408960855924,[1.98356115762517]
B_conditional_f2,l28_last,43,shuffled,8,10,1.8778363631750554,1.7563177051713748,[1.8778363631750554]
B_conditional_f2,l28_last,43,shuffled,16,10,1.7965230728123753,1.6576466661452913,[1.7965230728123753]
B_conditional_f2,l28_last,43,shuffled,32,10,1.7522358951663588,1.6090039815130004,[1.7522358951663588]
B_conditional_f2,l28_last,43,random_subspace,32,0.01,2.8634357615805883,2.66908704557694,[2.8634357615805883]
B_conditional_f2,l28_last,43,random_subspace,32,0.1,2.863589201358071,2.669611245296844,[2.863589201358071]
B_conditional_f2,l28_last,43,random_subspace,32,1,2.8658121261864338,2.6723837467891705,[2.8658121261864338]
B_conditional_f2,l28_last,43,random_subspace,32,10,2.871480572318498,2.6791644262703436,[2.871480572318498]
A_negation,l28_last,17,rank1,1,0.01,1.4322357179584968,1.320095634298773,[1.4322357179584968]
A_negation,l28_last,17,rank1,1,0.1,1.4401143403578542,1.3262700448722242,[1.4401143403578542]
A_negation,l28_last,17,rank1,1,1,1.4342549954015504,1.3704906114439428,[1.4342549954015504]
A_negation,l28_last,17,rank1,1,10,1.4760405460046504,1.474799352804477,[1.4760405460046504]
A_negation,l28_last,17,lowrank,1,0.01,1.4322357179584968,1.320095634298773,[1.4322357179584968]
A_negation,l28_last,17,lowrank,2,0.01,1.3130233063247825,1.106773982010458,[1.3130233063247825]
A_negation,l28_last,17,lowrank,4,0.01,1.129996382280447,0.79976597748447,[1.129996382280447]
A_negation,l28_last,17,lowrank,8,0.01,0.9821995527321642,0.49209930970962096,[0.9821995527321642]
A_negation,l28_last,17,lowrank,16,0.01,0.8793595366470416,0.25203387865941346,[0.8793595366470416]
A_negation,l28_last,17,lowrank,32,0.01,0.7879449381322639,0.07342016679984374,[0.7879449381322639]
A_negation,l28_last,17,lowrank,1,0.1,1.4401143403578542,1.3262700448722242,[1.4401143403578542]
A_negation,l28_last,17,lowrank,2,0.1,1.3317322294480414,1.1177798123348752,[1.3317322294480414]
A_negation,l28_last,17,lowrank,4,0.1,1.1301255540305482,0.8176861979211023,[1.1301255540305482]
A_negation,l28_last,17,lowrank,8,0.1,0.9824768616534234,0.517388156267835,[0.9824768616534234]
A_negation,l28_last,17,lowrank,16,0.1,0.8742041382651614,0.2843001862402971,[0.8742041382651614]
A_negation,l28_last,17,lowrank,32,0.1,0.7793945839487776,0.11474133695392175,[0.7793945839487776]
A_negation,l28_last,17,lowrank,1,1,1.4342549954015504,1.3704906114439428,[1.4342549954015504]
A_negation,l28_last,17,lowrank,2,1,1.344936734351007,1.189142852148654,[1.344936734351007]
A_negation,l28_last,17,lowrank,4,1,1.1600716163070126,0.9279624810490651,[1.1600716163070126]
A_negation,l28_last,17,lowrank,8,1,1.0226059187035914,0.67022018250525,[1.0226059187035914]
A_negation,l28_last,17,lowrank,16,1,0.9290721267856888,0.49162421288259095,[0.9290721267856888]
A_negation,l28_last,17,lowrank,32,1,0.8579733450531405,0.38470085668522486,[0.8579733450531405]
A_negation,l28_last,17,lowrank,1,10,1.4760405460046504,1.474799352804477,[1.4760405460046504]
A_negation,l28_last,17,lowrank,2,10,1.416986738376594,1.3806363177843013,[1.416986738376594]
A_negation,l28_last,17,lowrank,4,10,1.3252846732224397,1.2403353952388108,[1.3252846732224397]
A_negation,l28_last,17,lowrank,8,10,1.2372633745529977,1.109759765113633,[1.2372633745529977]
A_negation,l28_last,17,lowrank,16,10,1.206113813660687,1.053206873792291,[1.206113813660687]
A_negation,l28_last,17,lowrank,32,10,1.1905782825328721,1.0314271668270656,[1.1905782825328721]
A_negation,l28_last,17,full_delta,0,0.01,0.7448263498893765,0.006260930948608675,[0.7448263498893765]
A_negation,l28_last,17,full_delta,0,0.1,0.7288663883436518,0.0633929622729813,[0.7288663883436518]
A_negation,l28_last,17,full_delta,0,1,0.8399104780466039,0.3676796589487507,[0.8399104780466039]
A_negation,l28_last,17,full_delta,0,10,1.1882418464301858,1.0292229355740374,[1.1882418464301858]
A_negation,l28_last,17,full_affine,0,0.01,0.7399507130497955,0.0061691720486747184,[0.7399507130497955]
A_negation,l28_last,17,full_affine,0,0.1,0.746087483303393,0.06569287848568002,[0.746087483303393]
A_negation,l28_last,17,full_affine,0,1,0.9314585040922921,0.42032984340713025,[0.9314585040922921]
A_negation,l28_last,17,full_affine,0,10,1.5911550707704816,1.4136508347508279,[1.5911550707704816]
A_negation,l28_last,17,length_shift,0,0.01,1.7085488445990957,1.514605368896105,[1.7085488445990957]
A_negation,l28_last,17,length_shift,0,0.1,1.6988987311070929,1.5305230077848193,[1.6988987311070929]
A_negation,l28_last,17,length_shift,0,1,1.704687966880061,1.5657835896444563,[1.704687966880061]
A_negation,l28_last,17,length_shift,0,10,1.679876798967778,1.5807623938521298,[1.679876798967778]
A_negation,l28_last,17,source_token_ridge,0,0.01,1.0270772252113176,0.09494703181310714,[1.0270772252113176]
A_negation,l28_last,17,source_token_ridge,0,0.1,0.956686259255477,0.10035926178175193,[0.956686259255477]
A_negation,l28_last,17,source_token_ridge,0,1,0.8686510891430105,0.2688673495076473,[0.8686510891430105]
A_negation,l28_last,17,source_token_ridge,0,10,1.2894251260300773,1.113649393836675,[1.2894251260300773]
A_negation,l28_last,17,shuffled,1,0.01,2.1415845677496903,2.413142696063622,[2.1415845677496903]
A_negation,l28_last,17,shuffled,2,0.01,2.9156622404097967,2.9813143945692473,[2.9156622404097967]
A_negation,l28_last,17,shuffled,4,0.01,3.5633256779717164,3.566647529313172,[3.5633256779717164]
A_negation,l28_last,17,shuffled,8,0.01,4.158350300488318,4.132854991345462,[4.158350300488318]
A_negation,l28_last,17,shuffled,16,0.01,4.556392568639274,4.411495449976545,[4.556392568639274]
A_negation,l28_last,17,shuffled,32,0.01,4.781609498258772,4.502444742610876,[4.781609498258772]
A_negation,l28_last,17,shuffled,1,0.1,2.0096750176999993,2.2631619406658197,[2.0096750176999993]
A_negation,l28_last,17,shuffled,2,0.1,2.602404627125511,2.7337470802548816,[2.602404627125511]
A_negation,l28_last,17,shuffled,4,0.1,2.986011477365133,3.2031640488401742,[2.986011477365133]
A_negation,l28_last,17,shuffled,8,0.1,3.342785212930732,3.6507257781746554,[3.342785212930732]
A_negation,l28_last,17,shuffled,16,0.1,3.533096691206611,3.817654514673801,[3.533096691206611]
A_negation,l28_last,17,shuffled,32,0.1,3.6047540962540823,3.832102731072292,[3.6047540962540823]
A_negation,l28_last,17,shuffled,1,1,1.9056729785700697,2.058111500317741,[1.9056729785700697]
A_negation,l28_last,17,shuffled,2,1,2.2873967689682932,2.3621877315065425,[2.2873967689682932]
A_negation,l28_last,17,shuffled,4,1,2.488878127161378,2.662642504950955,[2.488878127161378]
A_negation,l28_last,17,shuffled,8,1,2.631050520788296,2.851908684147208,[2.631050520788296]
A_negation,l28_last,17,shuffled,16,1,2.6251127212653547,2.835929277802738,[2.6251127212653547]
A_negation,l28_last,17,shuffled,32,1,2.5916089648662366,2.779514915439544,[2.5916089648662366]
A_negation,l28_last,17,shuffled,1,10,1.6647624223782511,1.7571824723629994,[1.6647624223782511]
A_negation,l28_last,17,shuffled,2,10,1.7833392727228385,1.8354151254005509,[1.7833392727228385]
A_negation,l28_last,17,shuffled,4,10,1.7897688356840236,1.8680759749344908,[1.7897688356840236]
A_negation,l28_last,17,shuffled,8,10,1.766712677568031,1.839726759440299,[1.766712677568031]
A_negation,l28_last,17,shuffled,16,10,1.7307559472739105,1.7978541043326153,[1.7307559472739105]
A_negation,l28_last,17,shuffled,32,10,1.718591583547866,1.78192482431182,[1.718591583547866]
A_negation,l28_last,17,random_subspace,32,0.01,1.642420582454794,1.6678073614914528,[1.642420582454794]
A_negation,l28_last,17,random_subspace,32,0.1,1.6425350884669445,1.6683733528454827,[1.6425350884669445]
A_negation,l28_last,17,random_subspace,32,1,1.6438063005599144,1.6712593116587662,[1.6438063005599144]
A_negation,l28_last,17,random_subspace,32,10,1.6469666403801693,1.6775591778901295,[1.6469666403801693]
A_negation,l28_last,29,rank1,1,0.01,1.4477649070397718,1.3305396132447485,[1.4477649070397718]
A_negation,l28_last,29,rank1,1,0.1,1.440540531747832,1.336932166311642,[1.440540531747832]
A_negation,l28_last,29,rank1,1,1,1.4426008495860854,1.3790816630851088,[1.4426008495860854]
A_negation,l28_last,29,rank1,1,10,1.4771595943896765,1.483564290740614,[1.4771595943896765]
A_negation,l28_last,29,lowrank,1,0.01,1.4477649070397718,1.3305396132447485,[1.4477649070397718]
A_negation,l28_last,29,lowrank,2,0.01,1.3140524337582955,1.1131950694337531,[1.3140524337582955]
A_negation,l28_last,29,lowrank,4,0.01,1.1429621162863466,0.8127302993846374,[1.1429621162863466]
A_negation,l28_last,29,lowrank,8,0.01,1.0047740350224332,0.5040325495280705,[1.0047740350224332]
A_negation,l28_last,29,lowrank,16,0.01,0.8732668351749205,0.24813665165713314,[0.8732668351749205]
A_negation,l28_last,29,lowrank,32,0.01,0.7759744652001404,0.07297106759490653,[0.7759744652001404]
A_negation,l28_last,29,lowrank,1,0.1,1.440540531747832,1.336932166311642,[1.440540531747832]
A_negation,l28_last,29,lowrank,2,0.1,1.3219561557297548,1.1272289235372404,[1.3219561557297548]
A_negation,l28_last,29,lowrank,4,0.1,1.1439121669931966,0.8328700208630684,[1.1439121669931966]
A_negation,l28_last,29,lowrank,8,0.1,0.9996696364103448,0.5318000352158838,[0.9996696364103448]
A_negation,l28_last,29,lowrank,16,0.1,0.8710490811639406,0.2831192628022386,[0.8710490811639406]
A_negation,l28_last,29,lowrank,32,0.1,0.764907571746297,0.11939671023965581,[0.764907571746297]
A_negation,l28_last,29,lowrank,1,1,1.4426008495860854,1.3790816630851088,[1.4426008495860854]
A_negation,l28_last,29,lowrank,2,1,1.3526275303868822,1.2018878917843874,[1.3526275303868822]
A_negation,l28_last,29,lowrank,4,1,1.168029606394821,0.940727016025242,[1.168029606394821]
A_negation,l28_last,29,lowrank,8,1,1.0366893804287298,0.6816331902787099,[1.0366893804287298]
A_negation,l28_last,29,lowrank,16,1,0.9268608167276938,0.48208511319297864,[0.9268608167276938]
A_negation,l28_last,29,lowrank,32,1,0.8562918129043915,0.38713844991744967,[0.8562918129043915]
A_negation,l28_last,29,lowrank,1,10,1.4771595943896765,1.483564290740614,[1.4771595943896765]
A_negation,l28_last,29,lowrank,2,10,1.422944996676252,1.3900122471377998,[1.422944996676252]
A_negation,l28_last,29,lowrank,4,10,1.3392907291775942,1.2367624310675602,[1.3392907291775942]
A_negation,l28_last,29,lowrank,8,10,1.2459770257319607,1.1116636692113293,[1.2459770257319607]
A_negation,l28_last,29,lowrank,16,10,1.2082142682133765,1.0496245650382783,[1.2082142682133765]
A_negation,l28_last,29,lowrank,32,10,1.193935990801349,1.03172787739779,[1.193935990801349]
A_negation,l28_last,29,full_delta,0,0.01,0.7442819763318487,0.006545876326131063,[0.7442819763318487]
A_negation,l28_last,29,full_delta,0,0.1,0.7239430469627925,0.06993986956311479,[0.7239430469627925]
A_negation,l28_last,29,full_delta,0,1,0.8400732630534974,0.37123526486539005,[0.8400732630534974]
A_negation,l28_last,29,full_delta,0,10,1.1918076360620882,1.0297020285078586,[1.1918076360620882]
A_negation,l28_last,29,full_affine,0,0.01,0.740853304295662,0.006466396131713276,[0.740853304295662]
A_negation,l28_last,29,full_affine,0,0.1,0.7423073160653214,0.07314707026028577,[0.7423073160653214]
A_negation,l28_last,29,full_affine,0,1,0.967459882034526,0.427888435640686,[0.967459882034526]
A_negation,l28_last,29,full_affine,0,10,1.6436940356956573,1.3800847426682583,[1.6436940356956573]
A_negation,l28_last,29,length_shift,0,0.01,1.7245448152447693,1.5608991508392573,[1.7245448152447693]
A_negation,l28_last,29,length_shift,0,0.1,1.695510942573326,1.5838780322416464,[1.695510942573326]
A_negation,l28_last,29,length_shift,0,1,1.694297082472293,1.63850861986779,[1.694297082472293]
A_negation,l28_last,29,length_shift,0,10,1.6746787914282304,1.6576960509014507,[1.6746787914282304]
A_negation,l28_last,29,source_token_ridge,0,0.01,1.0087676636192346,0.09353600579511874,[1.0087676636192346]
A_negation,l28_last,29,source_token_ridge,0,0.1,0.9366731365406785,0.10012222908766773,[0.9366731365406785]
A_negation,l28_last,29,source_token_ridge,0,1,0.8535684428847077,0.272920026983751,[0.8535684428847077]
A_negation,l28_last,29,source_token_ridge,0,10,1.290772022573955,1.1473152382168295,[1.290772022573955]
A_negation,l28_last,29,shuffled,1,0.01,2.221101730650275,2.4928944016796226,[2.221101730650275]
A_negation,l28_last,29,shuffled,2,0.01,3.0643568130149674,3.3310693974864556,[3.0643568130149674]
A_negation,l28_last,29,shuffled,4,0.01,3.761891757743154,3.790130114744081,[3.761891757743154]
A_negation,l28_last,29,shuffled,8,0.01,4.260018655298911,4.258670457278699,[4.260018655298911]
A_negation,l28_last,29,shuffled,16,0.01,4.604472932781651,4.415081596732819,[4.604472932781651]
A_negation,l28_last,29,shuffled,32,0.01,4.8330406327820175,4.508840449851992,[4.8330406327820175]
A_negation,l28_last,29,shuffled,1,0.1,2.049716847490148,2.3485676932884547,[2.049716847490148]
A_negation,l28_last,29,shuffled,2,0.1,2.718092918568386,3.0634573830980316,[2.718092918568386]
A_negation,l28_last,29,shuffled,4,0.1,3.202612203212474,3.4294511124528904,[3.202612203212474]
A_negation,l28_last,29,shuffled,8,0.1,3.5271937033989444,3.78568100919572,[3.5271937033989444]
A_negation,l28_last,29,shuffled,16,0.1,3.701612006027641,3.87034647573282,[3.701612006027641]
A_negation,l28_last,29,shuffled,32,0.1,3.770378700072414,3.8833555920924074,[3.770378700072414]
A_negation,l28_last,29,shuffled,1,1,1.864026342487568,2.1273559666106814,[1.864026342487568]
A_negation,l28_last,29,shuffled,2,1,2.2680762203976728,2.6137493332228687,[2.2680762203976728]
A_negation,l28_last,29,shuffled,4,1,2.508832931086888,2.7899328909156087,[2.508832931086888]
A_negation,l28_last,29,shuffled,8,1,2.620372505816428,2.911241468917487,[2.620372505816428]
A_negation,l28_last,29,shuffled,16,1,2.610670162974381,2.858923037710998,[2.610670162974381]
A_negation,l28_last,29,shuffled,32,1,2.572841056405743,2.8015248354229603,[2.572841056405743]
A_negation,l28_last,29,shuffled,1,10,1.6495015522356027,1.8043374179548992,[1.6495015522356027]
A_negation,l28_last,29,shuffled,2,10,1.7694468142390682,1.9587228889307517,[1.7694468142390682]
A_negation,l28_last,29,shuffled,4,10,1.763123099908932,1.9093882589211655,[1.763123099908932]
A_negation,l28_last,29,shuffled,8,10,1.7413841397875662,1.8732252712329107,[1.7413841397875662]
A_negation,l28_last,29,shuffled,16,10,1.708978191982845,1.8305151200402214,[1.708978191982845]
A_negation,l28_last,29,shuffled,32,10,1.6974773673700536,1.8158101934326467,[1.6974773673700536]
A_negation,l28_last,29,random_subspace,32,0.01,1.6501903041830566,1.7298971888615615,[1.6501903041830566]
A_negation,l28_last,29,random_subspace,32,0.1,1.650151000686918,1.7305121438460025,[1.650151000686918]
A_negation,l28_last,29,random_subspace,32,1,1.6516389916683742,1.7335018553915529,[1.6516389916683742]
A_negation,l28_last,29,random_subspace,32,10,1.6554389709691655,1.740268681214631,[1.6554389709691655]
A_negation,l28_last,43,rank1,1,0.01,1.4127201262471925,1.2230761772674221,[1.4127201262471925]
A_negation,l28_last,43,rank1,1,0.1,1.4105216435996795,1.2298773796447657,[1.4105216435996795]
A_negation,l28_last,43,rank1,1,1,1.4093401901597258,1.2631201214506194,[1.4093401901597258]
A_negation,l28_last,43,rank1,1,10,1.459453689681898,1.3521582719578344,[1.459453689681898]
A_negation,l28_last,43,lowrank,1,0.01,1.4127201262471925,1.2230761772674221,[1.4127201262471925]
A_negation,l28_last,43,lowrank,2,0.01,1.2873136403924537,1.0415996190097785,[1.2873136403924537]
A_negation,l28_last,43,lowrank,4,0.01,1.074394124971685,0.7399895173420497,[1.074394124971685]
A_negation,l28_last,43,lowrank,8,0.01,0.9399348529975274,0.4675562449128217,[0.9399348529975274]
A_negation,l28_last,43,lowrank,16,0.01,0.85116078871389,0.23732308376748734,[0.85116078871389]
A_negation,l28_last,43,lowrank,32,0.01,0.7781387972534066,0.06081266371430197,[0.7781387972534066]
A_negation,l28_last,43,lowrank,1,0.1,1.4105216435996795,1.2298773796447657,[1.4105216435996795]
A_negation,l28_last,43,lowrank,2,0.1,1.2991821240871477,1.0523215095363012,[1.2991821240871477]
A_negation,l28_last,43,lowrank,4,0.1,1.079173346271345,0.7577880247944401,[1.079173346271345]
A_negation,l28_last,43,lowrank,8,0.1,0.932815411040596,0.49179471381312073,[0.932815411040596]
A_negation,l28_last,43,lowrank,16,0.1,0.8373650325494845,0.2682445220542845,[0.8373650325494845]
A_negation,l28_last,43,lowrank,32,0.1,0.7550110939305145,0.1000839874919754,[0.7550110939305145]
A_negation,l28_last,43,lowrank,1,1,1.4093401901597258,1.2631201214506194,[1.4093401901597258]
A_negation,l28_last,43,lowrank,2,1,1.316042646802728,1.1048722189075713,[1.316042646802728]
A_negation,l28_last,43,lowrank,4,1,1.1327546918907936,0.8507048952201512,[1.1327546918907936]
A_negation,l28_last,43,lowrank,8,1,0.9796868513048347,0.6279541012596609,[0.9796868513048347]
A_negation,l28_last,43,lowrank,16,1,0.8946732763292632,0.45068648352542384,[0.8946732763292632]
A_negation,l28_last,43,lowrank,32,1,0.8250481633036738,0.3466954616634201,[0.8250481633036738]
A_negation,l28_last,43,lowrank,1,10,1.459453689681898,1.3521582719578344,[1.459453689681898]
A_negation,l28_last,43,lowrank,2,10,1.3978719279683502,1.2478136357348355,[1.3978719279683502]
A_negation,l28_last,43,lowrank,4,10,1.297141182680764,1.1143051412048457,[1.297141182680764]
A_negation,l28_last,43,lowrank,8,10,1.2167068058933572,1.0062226712509188,[1.2167068058933572]
A_negation,l28_last,43,lowrank,16,10,1.1826381700256963,0.9456853157975326,[1.1826381700256963]
A_negation,l28_last,43,lowrank,32,10,1.1676248438603807,0.9254367042513874,[1.1676248438603807]
A_negation,l28_last,43,full_delta,0,0.01,0.7535572329397665,0.004813592635367956,[0.7535572329397665]
A_negation,l28_last,43,full_delta,0,0.1,0.7182392618204835,0.057237209738513935,[0.7182392618204835]
A_negation,l28_last,43,full_delta,0,1,0.8097097758545576,0.33273214448021166,[0.8097097758545576]
A_negation,l28_last,43,full_delta,0,10,1.1655603752912207,0.9236358444376248,[1.1655603752912207]
A_negation,l28_last,43,full_affine,0,0.01,0.7238666016774102,0.00479876980810142,[0.7238666016774102]
A_negation,l28_last,43,full_affine,0,0.1,0.7082470547233166,0.06093865484401186,[0.7082470547233166]
A_negation,l28_last,43,full_affine,0,1,0.8988975565998114,0.3945082074834214,[0.8988975565998114]
A_negation,l28_last,43,full_affine,0,10,1.5629026186726065,1.3152440675667918,[1.5629026186726065]
A_negation,l28_last,43,length_shift,0,0.01,1.6581538086556662,1.4330815433352146,[1.6581538086556662]
A_negation,l28_last,43,length_shift,0,0.1,1.6500089692182034,1.4442397635662025,[1.6500089692182034]
A_negation,l28_last,43,length_shift,0,1,1.6558433630842035,1.4681036109959724,[1.6558433630842035]
A_negation,l28_last,43,length_shift,0,10,1.6438356385220823,1.4772581170566097,[1.6438356385220823]
A_negation,l28_last,43,source_token_ridge,0,0.01,1.0068946919472137,0.05881420094715071,[1.0068946919472137]
A_negation,l28_last,43,source_token_ridge,0,0.1,0.912590578677216,0.06455956767865044,[0.912590578677216]
A_negation,l28_last,43,source_token_ridge,0,1,0.8368958261681306,0.21740468316226122,[0.8368958261681306]
A_negation,l28_last,43,source_token_ridge,0,10,1.2764409865213426,1.0083257445698945,[1.2764409865213426]
A_negation,l28_last,43,shuffled,1,0.01,2.0241289864575696,2.0242650678979146,[2.0241289864575696]
A_negation,l28_last,43,shuffled,2,0.01,2.8053276621179357,2.529034916537713,[2.8053276621179357]
A_negation,l28_last,43,shuffled,4,0.01,3.3365316521022588,3.0782422486654943,[3.3365316521022588]
A_negation,l28_last,43,shuffled,8,0.01,3.9315512033418316,3.5142209426454425,[3.9315512033418316]
A_negation,l28_last,43,shuffled,16,0.01,4.191223571751832,3.6473761419984143,[4.191223571751832]
A_negation,l28_last,43,shuffled,32,0.01,4.407684428801359,3.672083889029532,[4.407684428801359]
A_negation,l28_last,43,shuffled,1,0.1,1.882283198356866,1.9034646232357202,[1.882283198356866]
A_negation,l28_last,43,shuffled,2,0.1,2.351363879265429,2.343563925134219,[2.351363879265429]
A_negation,l28_last,43,shuffled,4,0.1,2.7695370788525167,2.7886288125280294,[2.7695370788525167]
A_negation,l28_last,43,shuffled,8,0.1,3.0746040143361686,3.1097359312372155,[3.0746040143361686]
A_negation,l28_last,43,shuffled,16,0.1,3.1675734316634796,3.168500461196223,[3.1675734316634796]
A_negation,l28_last,43,shuffled,32,0.1,3.191262010963783,3.1347359306750113,[3.191262010963783]
A_negation,l28_last,43,shuffled,1,1,1.7342214172123962,1.7418760109675828,[1.7342214172123962]
A_negation,l28_last,43,shuffled,2,1,2.039297080733315,2.0683894215617733,[2.039297080733315]
A_negation,l28_last,43,shuffled,4,1,2.2383968723483623,2.327095963139564,[2.2383968723483623]
A_negation,l28_last,43,shuffled,8,1,2.322917892880625,2.434375516999428,[2.322917892880625]
A_negation,l28_last,43,shuffled,16,1,2.2859641948550666,2.3724334951060713,[2.2859641948550666]
A_negation,l28_last,43,shuffled,32,1,2.2224746439640026,2.3010740232279967,[2.2224746439640026]
A_negation,l28_last,43,shuffled,1,10,1.5611320450255641,1.5184136885878579,[1.5611320450255641]
A_negation,l28_last,43,shuffled,2,10,1.682340969719857,1.646694791924214,[1.682340969719857]
A_negation,l28_last,43,shuffled,4,10,1.6928656475364843,1.6703155526368336,[1.6928656475364843]
A_negation,l28_last,43,shuffled,8,10,1.6465834391764753,1.6169622079008088,[1.6465834391764753]
A_negation,l28_last,43,shuffled,16,10,1.6146152754243615,1.5753738788021838,[1.6146152754243615]
A_negation,l28_last,43,shuffled,32,10,1.5978519708315035,1.5581111608564513,[1.5978519708315035]
A_negation,l28_last,43,random_subspace,32,0.01,1.6393368764220522,1.5369304992004753,[1.6393368764220522]
A_negation,l28_last,43,random_subspace,32,0.1,1.6390579210967209,1.5373819292891036,[1.6390579210967209]
A_negation,l28_last,43,random_subspace,32,1,1.6400852927879868,1.5398082184687023,[1.6400852927879868]
A_negation,l28_last,43,random_subspace,32,10,1.6433218394595503,1.5449894311247128,[1.6433218394595503]
A_time,l28_last,17,rank1,1,0.01,0.4402453954454198,0.3321200677209028,[0.4402453954454198]
A_time,l28_last,17,rank1,1,0.1,0.4265026804828859,0.33670658779506607,[0.4265026804828859]
A_time,l28_last,17,rank1,1,1,0.41693149660589496,0.36120156779889556,[0.41693149660589496]
A_time,l28_last,17,rank1,1,10,0.42591448149339534,0.40920265281837326,[0.42591448149339534]
A_time,l28_last,17,lowrank,1,0.01,0.4402453954454198,0.3321200677209028,[0.4402453954454198]
A_time,l28_last,17,lowrank,2,0.01,0.4165032590987397,0.2709550218995015,[0.4165032590987397]
A_time,l28_last,17,lowrank,4,0.01,0.37745486471987694,0.20615148754122833,[0.37745486471987694]
A_time,l28_last,17,lowrank,8,0.01,0.335341768511719,0.13344023529495208,[0.335341768511719]
A_time,l28_last,17,lowrank,16,0.01,0.3029277566563214,0.06803213796204098,[0.3029277566563214]
A_time,l28_last,17,lowrank,32,0.01,0.28415129379392723,0.021275702584099544,[0.28415129379392723]
A_time,l28_last,17,lowrank,1,0.1,0.4265026804828859,0.33670658779506607,[0.4265026804828859]
A_time,l28_last,17,lowrank,2,0.1,0.40357350743612885,0.2776347173853262,[0.40357350743612885]
A_time,l28_last,17,lowrank,4,0.1,0.36471044112781376,0.21407188598597113,[0.36471044112781376]
A_time,l28_last,17,lowrank,8,0.1,0.32380720431055016,0.143360625781168,[0.32380720431055016]
A_time,l28_last,17,lowrank,16,0.1,0.29112099741631847,0.08011360225867131,[0.29112099741631847]
A_time,l28_last,17,lowrank,32,0.1,0.2710608047754198,0.036160314890622346,[0.2710608047754198]
A_time,l28_last,17,lowrank,1,1,0.41693149660589496,0.36120156779889556,[0.41693149660589496]
A_time,l28_last,17,lowrank,2,1,0.3945983230193539,0.30834987622008675,[0.3945983230193539]
A_time,l28_last,17,lowrank,4,1,0.3583983073372301,0.250726726881825,[0.3583983073372301]
A_time,l28_last,17,lowrank,8,1,0.3209400276719425,0.19079259810600013,[0.3209400276719425]
A_time,l28_last,17,lowrank,16,1,0.2941212844707794,0.14199557930407214,[0.2941212844707794]
A_time,l28_last,17,lowrank,32,1,0.2771569492926254,0.11443798017289582,[0.2771569492926254]
A_time,l28_last,17,lowrank,1,10,0.42591448149339534,0.40920265281837326,[0.42591448149339534]
A_time,l28_last,17,lowrank,2,10,0.40601490308677324,0.37187441961243123,[0.40601490308677324]
A_time,l28_last,17,lowrank,4,10,0.38414586276979296,0.33869616618337045,[0.38414586276979296]
A_time,l28_last,17,lowrank,8,10,0.36488777338204037,0.3106379303112969,[0.36488777338204037]
A_time,l28_last,17,lowrank,16,10,0.35436931838280844,0.2941514183254692,[0.35436931838280844]
A_time,l28_last,17,lowrank,32,10,0.35063215751833415,0.2887614189569603,[0.35063215751833415]
A_time,l28_last,17,full_delta,0,0.01,0.2713149898174925,0.0020800101717921874,[0.2713149898174925]
A_time,l28_last,17,full_delta,0,0.1,0.2572296192402182,0.021631235411341935,[0.2572296192402182]
A_time,l28_last,17,full_delta,0,1,0.2725382075635223,0.10969599762773914,[0.2725382075635223]
A_time,l28_last,17,full_delta,0,10,0.3500283607630262,0.2881516409567689,[0.3500283607630262]
A_time,l28_last,17,full_affine,0,0.01,0.36851577783302014,0.002877189795686741,[0.36851577783302014]
A_time,l28_last,17,full_affine,0,0.1,0.40174273503427466,0.03816965501495378,[0.40174273503427466]
A_time,l28_last,17,full_affine,0,1,0.6487822738352508,0.2994342798724036,[0.6487822738352508]
A_time,l28_last,17,full_affine,0,10,1.4265286078724901,1.1720933382514467,[1.4265286078724901]
A_time,l28_last,17,length_shift,0,0.01,0.4460094181096597,0.42775706029385435,[0.4460094181096597]
A_time,l28_last,17,length_shift,0,0.1,0.44408083606089344,0.42993692099285497,[0.44408083606089344]
A_time,l28_last,17,length_shift,0,1,0.44424003574486565,0.43478287444025776,[0.44424003574486565]
A_time,l28_last,17,length_shift,0,10,0.441053538423483,0.43778257613312305,[0.441053538423483]
A_time,l28_last,17,source_token_ridge,0,0.01,0.3635818362528436,0.02837587750073022,[0.3635818362528436]
A_time,l28_last,17,source_token_ridge,0,0.1,0.3282318488775611,0.030058364344092797,[0.3282318488775611]
A_time,l28_last,17,source_token_ridge,0,1,0.27845041313608837,0.07724342716295503,[0.27845041313608837]
A_time,l28_last,17,source_token_ridge,0,10,0.3647378910583676,0.30952334445119856,[0.3647378910583676]
A_time,l28_last,17,shuffled,1,0.01,1.7463450140648116,1.6256283893401697,[1.7463450140648116]
A_time,l28_last,17,shuffled,2,0.01,2.3162387931869284,2.190733607161168,[2.3162387931869284]
A_time,l28_last,17,shuffled,4,0.01,3.114397821007467,2.8542458045699703,[3.114397821007467]
A_time,l28_last,17,shuffled,8,0.01,3.9562310164268895,3.5563783856044773,[3.9562310164268895]
A_time,l28_last,17,shuffled,16,0.01,4.676549223816765,4.1166891968597765,[4.676549223816765]
A_time,l28_last,17,shuffled,32,0.01,5.079573626434971,4.386179180323266,[5.079573626434971]
A_time,l28_last,17,shuffled,1,0.1,1.3749512851031769,1.4574929626525435,[1.3749512851031769]
A_time,l28_last,17,shuffled,2,0.1,1.8753593819271266,1.962554286909671,[1.8753593819271266]
A_time,l28_last,17,shuffled,4,0.1,2.4089875108950114,2.5231979107251004,[2.4089875108950114]
A_time,l28_last,17,shuffled,8,0.1,2.9667319098448135,3.1041717660565573,[2.9667319098448135]
A_time,l28_last,17,shuffled,16,0.1,3.4356661846163843,3.531406610841248,[3.4356661846163843]
A_time,l28_last,17,shuffled,32,0.1,3.6366430342512017,3.6934597319631712,[3.6366430342512017]
A_time,l28_last,17,shuffled,1,1,1.160804658921999,1.2592264261629544,[1.160804658921999]
A_time,l28_last,17,shuffled,2,1,1.517054335556507,1.622374542748694,[1.517054335556507]
A_time,l28_last,17,shuffled,4,1,1.8483994977016893,1.9951429667503955,[1.8483994977016893]
A_time,l28_last,17,shuffled,8,1,2.155476604521439,2.3202305074345517,[2.155476604521439]
A_time,l28_last,17,shuffled,16,1,2.3134985769077523,2.4700519884824534,[2.3134985769077523]
A_time,l28_last,17,shuffled,32,1,2.335791177924684,2.4818374485810355,[2.335791177924684]
A_time,l28_last,17,shuffled,1,10,0.795871113113891,0.8638384214183018,[0.795871113113891]
A_time,l28_last,17,shuffled,2,10,0.9056114934648706,0.9723922149493363,[0.9056114934648706]
A_time,l28_last,17,shuffled,4,10,0.9735811957504144,1.0316047762842688,[0.9735811957504144]
A_time,l28_last,17,shuffled,8,10,1.0141871263445343,1.0634262580141447,[1.0141871263445343]
A_time,l28_last,17,shuffled,16,10,1.0179108674543118,1.0645302954767561,[1.0179108674543118]
A_time,l28_last,17,shuffled,32,10,1.0153153901686294,1.0596553354113585,[1.0153153901686294]
A_time,l28_last,17,random_subspace,32,0.01,0.4452199786470798,0.45938766915296636,[0.4452199786470798]
A_time,l28_last,17,random_subspace,32,0.1,0.4451654033503442,0.4595754295333248,[0.4451654033503442]
A_time,l28_last,17,random_subspace,32,1,0.44533997235970846,0.4604023129555935,[0.44533997235970846]
A_time,l28_last,17,random_subspace,32,10,0.44598033239636165,0.4619836015148004,[0.44598033239636165]
A_time,l28_last,29,rank1,1,0.01,0.4173431552677139,0.3977822457774272,[0.4173431552677139]
A_time,l28_last,29,rank1,1,0.1,0.40078804189642186,0.40380940189616127,[0.40078804189642186]
A_time,l28_last,29,rank1,1,1,0.41407746302450893,0.416406935764281,[0.41407746302450893]
A_time,l28_last,29,rank1,1,10,0.4276332568320865,0.43948238868587636,[0.4276332568320865]
A_time,l28_last,29,lowrank,1,0.01,0.4173431552677139,0.3977822457774272,[0.4173431552677139]
A_time,l28_last,29,lowrank,2,0.01,0.4315913375570947,0.3130367447414273,[0.4315913375570947]
A_time,l28_last,29,lowrank,4,0.01,0.40198961114162174,0.22316595725389546,[0.40198961114162174]
A_time,l28_last,29,lowrank,8,0.01,0.35049921616177304,0.14019893942696934,[0.35049921616177304]
A_time,l28_last,29,lowrank,16,0.01,0.3197249153518716,0.06964515749815402,[0.3197249153518716]
A_time,l28_last,29,lowrank,32,0.01,0.29933017538241885,0.02255484203625717,[0.29933017538241885]
A_time,l28_last,29,lowrank,1,0.1,0.40078804189642186,0.40380940189616127,[0.40078804189642186]
A_time,l28_last,29,lowrank,2,0.1,0.3905007240635355,0.3232428009366499,[0.3905007240635355]
A_time,l28_last,29,lowrank,4,0.1,0.3572761000256716,0.23679813618365067,[0.3572761000256716]
A_time,l28_last,29,lowrank,8,0.1,0.30125632432729343,0.15663262929500402,[0.30125632432729343]
A_time,l28_last,29,lowrank,16,0.1,0.26840345981445,0.08890554937765636,[0.26840345981445]
A_time,l28_last,29,lowrank,32,0.1,0.24341250160886715,0.04524613464547427,[0.24341250160886715]
A_time,l28_last,29,lowrank,1,1,0.41407746302450893,0.416406935764281,[0.41407746302450893]
A_time,l28_last,29,lowrank,2,1,0.37538958277229106,0.35512675926456455,[0.37538958277229106]
A_time,l28_last,29,lowrank,4,1,0.34388706453715945,0.2841360676328612,[0.34388706453715945]
A_time,l28_last,29,lowrank,8,1,0.29957921359548556,0.21797498796343384,[0.29957921359548556]
A_time,l28_last,29,lowrank,16,1,0.2675504767587812,0.16583858194414583,[0.2675504767587812]
A_time,l28_last,29,lowrank,32,1,0.24949620705749542,0.14027055423660034,[0.24949620705749542]
A_time,l28_last,29,lowrank,1,10,0.4276332568320865,0.43948238868587636,[0.4276332568320865]
A_time,l28_last,29,lowrank,2,10,0.4017074848875188,0.41046148920334397,[0.4017074848875188]
A_time,l28_last,29,lowrank,4,10,0.38311537888511377,0.3748110571860051,[0.38311537888511377]
A_time,l28_last,29,lowrank,8,10,0.3607740779877639,0.3425959026280976,[0.3607740779877639]
A_time,l28_last,29,lowrank,16,10,0.3499481478998679,0.32663400741712406,[0.3499481478998679]
A_time,l28_last,29,lowrank,32,10,0.34626058826024936,0.32168069610427136,[0.34626058826024936]
A_time,l28_last,29,full_delta,0,0.01,0.29005912963738933,0.0023734148274223454,[0.29005912963738933]
A_time,l28_last,29,full_delta,0,0.1,0.2319269975962863,0.029978054646119842,[0.2319269975962863]
A_time,l28_last,29,full_delta,0,1,0.24485060749653018,0.13536177828786108,[0.24485060749653018]
A_time,l28_last,29,full_delta,0,10,0.3456357182960376,0.32104658829729854,[0.3456357182960376]
A_time,l28_last,29,full_affine,0,0.01,0.4011571096753961,0.0030228543662045595,[0.4011571096753961]
A_time,l28_last,29,full_affine,0,0.1,0.386766653273346,0.04720770048847544,[0.386766653273346]
A_time,l28_last,29,full_affine,0,1,0.6358196558182487,0.3310879803555587,[0.6358196558182487]
A_time,l28_last,29,full_affine,0,10,1.431357518538647,1.2378930262149508,[1.431357518538647]
A_time,l28_last,29,length_shift,0,0.01,0.46709568084608905,0.46676042535058726,[0.46709568084608905]
A_time,l28_last,29,length_shift,0,0.1,0.45870758586683197,0.471804697805229,[0.45870758586683197]
A_time,l28_last,29,length_shift,0,1,0.45639732527529336,0.48380153054344527,[0.45639732527529336]
A_time,l28_last,29,length_shift,0,10,0.4516490673685671,0.48825190582307193,[0.4516490673685671]
A_time,l28_last,29,source_token_ridge,0,0.01,0.3406613092117628,0.050884882724963616,[0.3406613092117628]
A_time,l28_last,29,source_token_ridge,0,0.1,0.3076295840601851,0.05301974234675635,[0.3076295840601851]
A_time,l28_last,29,source_token_ridge,0,1,0.2548798091983828,0.10347164551936176,[0.2548798091983828]
A_time,l28_last,29,source_token_ridge,0,10,0.3556739139297476,0.34609763423818923,[0.3556739139297476]
A_time,l28_last,29,shuffled,1,0.01,1.731127402595467,2.0081721707089026,[1.731127402595467]
A_time,l28_last,29,shuffled,2,0.01,2.307143251979253,2.531562248572733,[2.307143251979253]
A_time,l28_last,29,shuffled,4,0.01,3.313973428399498,3.345286101715274,[3.313973428399498]
A_time,l28_last,29,shuffled,8,0.01,4.040658319502819,4.079351590560616,[4.040658319502819]
A_time,l28_last,29,shuffled,16,0.01,4.626557353960958,4.557482232862131,[4.626557353960958]
A_time,l28_last,29,shuffled,32,0.01,4.989999163453157,4.782220840658908,[4.989999163453157]
A_time,l28_last,29,shuffled,1,0.1,1.4451545361356992,1.8214781573815857,[1.4451545361356992]
A_time,l28_last,29,shuffled,2,0.1,1.8794387381946347,2.266639421485864,[1.8794387381946347]
A_time,l28_last,29,shuffled,4,0.1,2.617473255862843,2.9684780015432963,[2.617473255862843]
A_time,l28_last,29,shuffled,8,0.1,3.1458512666725085,3.574841456745115,[3.1458512666725085]
A_time,l28_last,29,shuffled,16,0.1,3.5390992097291005,3.931482627038603,[3.5390992097291005]
A_time,l28_last,29,shuffled,32,0.1,3.720914507469731,4.061175966831318,[3.720914507469731]
A_time,l28_last,29,shuffled,1,1,1.2048173108784301,1.5527314722708592,[1.2048173108784301]
A_time,l28_last,29,shuffled,2,1,1.4880381948388346,1.8698415873561363,[1.4880381948388346]
A_time,l28_last,29,shuffled,4,1,1.9451413535180802,2.33522542877261,[1.9451413535180802]
A_time,l28_last,29,shuffled,8,1,2.197197410622765,2.6373536382517453,[2.197197410622765]
A_time,l28_last,29,shuffled,16,1,2.308512700272146,2.7444066499122344,[2.308512700272146]
A_time,l28_last,29,shuffled,32,1,2.3251848584803194,2.748440397990463,[2.3251848584803194]
A_time,l28_last,29,shuffled,1,10,0.8401619750826091,1.0538455130479922,[0.8401619750826091]
A_time,l28_last,29,shuffled,2,10,0.9169426039275915,1.1371614420873528,[0.9169426039275915]
A_time,l28_last,29,shuffled,4,10,1.017626795008603,1.2404146560492977,[1.017626795008603]
A_time,l28_last,29,shuffled,8,10,1.0410284761408664,1.2612699023837826,[1.0410284761408664]
A_time,l28_last,29,shuffled,16,10,1.0395990055464754,1.2586788262670747,[1.0395990055464754]
A_time,l28_last,29,shuffled,32,10,1.0358600422501574,1.2529733794397486,[1.0358600422501574]
A_time,l28_last,29,random_subspace,32,0.01,0.4479885759379338,0.5044561162974627,[0.4479885759379338]
A_time,l28_last,29,random_subspace,32,0.1,0.4475242008750205,0.5046928373022138,[0.4475242008750205]
A_time,l28_last,29,random_subspace,32,1,0.4476524661782119,0.5055855749819326,[0.4476524661782119]
A_time,l28_last,29,random_subspace,32,10,0.4484714105278181,0.5071505628155556,[0.4484714105278181]
A_time,l28_last,43,rank1,1,0.01,0.40377496774944,0.294058586169095,[0.40377496774944]
A_time,l28_last,43,rank1,1,0.1,0.39261442002931163,0.29950895652956305,[0.39261442002931163]
A_time,l28_last,43,rank1,1,1,0.38629018556645933,0.31861972600147903,[0.38629018556645933]
A_time,l28_last,43,rank1,1,10,0.4102848247647251,0.36414655539761015,[0.4102848247647251]
A_time,l28_last,43,lowrank,1,0.01,0.40377496774944,0.294058586169095,[0.40377496774944]
A_time,l28_last,43,lowrank,2,0.01,0.3883874053656496,0.25289292743911296,[0.3883874053656496]
A_time,l28_last,43,lowrank,4,0.01,0.34935689998901903,0.18849160207851023,[0.34935689998901903]
A_time,l28_last,43,lowrank,8,0.01,0.3269852564625289,0.1248098849389964,[0.3269852564625289]
A_time,l28_last,43,lowrank,16,0.01,0.3006259898640002,0.061835418081029436,[0.3006259898640002]
A_time,l28_last,43,lowrank,32,0.01,0.28013450869285383,0.017653250609109248,[0.28013450869285383]
A_time,l28_last,43,lowrank,1,0.1,0.39261442002931163,0.29950895652956305,[0.39261442002931163]
A_time,l28_last,43,lowrank,2,0.1,0.3721491265377357,0.2592248521218791,[0.3721491265377357]
A_time,l28_last,43,lowrank,4,0.1,0.33338711305814933,0.19647073840242987,[0.33338711305814933]
A_time,l28_last,43,lowrank,8,0.1,0.3030182058896169,0.13482953544340248,[0.3030182058896169]
A_time,l28_last,43,lowrank,16,0.1,0.273239609268807,0.07435631557009016,[0.273239609268807]
A_time,l28_last,43,lowrank,32,0.1,0.24824014562873983,0.032997710669059724,[0.24824014562873983]
A_time,l28_last,43,lowrank,1,1,0.38629018556645933,0.31861972600147903,[0.38629018556645933]
A_time,l28_last,43,lowrank,2,1,0.3625527962330044,0.2812622373552311,[0.3625527962330044]
A_time,l28_last,43,lowrank,4,1,0.3292969182442083,0.22845260955366106,[0.3292969182442083]
A_time,l28_last,43,lowrank,8,1,0.29784482102361326,0.17581916232164066,[0.29784482102361326]
A_time,l28_last,43,lowrank,16,1,0.2725766268402538,0.13019517024248198,[0.2725766268402538]
A_time,l28_last,43,lowrank,32,1,0.2541179582416444,0.10566227219491627,[0.2541179582416444]
A_time,l28_last,43,lowrank,1,10,0.4102848247647251,0.36414655539761015,[0.4102848247647251]
A_time,l28_last,43,lowrank,2,10,0.38821913346948206,0.33397970365604995,[0.38821913346948206]
A_time,l28_last,43,lowrank,4,10,0.3694962501959849,0.3036725064750365,[0.3694962501959849]
A_time,l28_last,43,lowrank,8,10,0.3534988791034917,0.27892472938457397,[0.3534988791034917]
A_time,l28_last,43,lowrank,16,10,0.3439815527653833,0.26412271696484724,[0.3439815527653833]
A_time,l28_last,43,lowrank,32,10,0.3400705660846733,0.2592278968039639,[0.3400705660846733]
A_time,l28_last,43,full_delta,0,0.01,0.2715271361179579,0.0018384470804027116,[0.2715271361179579]
A_time,l28_last,43,full_delta,0,0.1,0.2369878883170462,0.020766421830361575,[0.2369878883170462]
A_time,l28_last,43,full_delta,0,1,0.2496303766117395,0.10161667727289421,[0.2496303766117395]
A_time,l28_last,43,full_delta,0,10,0.33946283574917513,0.25870573666852087,[0.33946283574917513]
A_time,l28_last,43,full_affine,0,0.01,0.40297367447263893,0.0024915764830186655,[0.40297367447263893]
A_time,l28_last,43,full_affine,0,0.1,0.41046319674767995,0.03598898693019429,[0.41046319674767995]
A_time,l28_last,43,full_affine,0,1,0.6455427804376176,0.28549125398569974,[0.6455427804376176]
A_time,l28_last,43,full_affine,0,10,1.4147644863092814,1.164813623149361,[1.4147644863092814]
A_time,l28_last,43,length_shift,0,0.01,0.4478632361833263,0.3783477825811777,[0.4478632361833263]
A_time,l28_last,43,length_shift,0,0.1,0.44702944834217445,0.38018476445152105,[0.44702944834217445]
A_time,l28_last,43,length_shift,0,1,0.4478180954454849,0.3841378562100755,[0.4478180954454849]
A_time,l28_last,43,length_shift,0,10,0.4425280702824747,0.386953311875883,[0.4425280702824747]
A_time,l28_last,43,source_token_ridge,0,0.01,0.38881893420013897,0.02602357869074246,[0.38881893420013897]
A_time,l28_last,43,source_token_ridge,0,0.1,0.3285290789925244,0.027903057148577142,[0.3285290789925244]
A_time,l28_last,43,source_token_ridge,0,1,0.2663929018024564,0.06949106076162544,[0.2663929018024564]
A_time,l28_last,43,source_token_ridge,0,10,0.35916453399008913,0.27442992776185676,[0.35916453399008913]
A_time,l28_last,43,shuffled,1,0.01,1.064019329059708,1.1493875668583347,[1.064019329059708]
A_time,l28_last,43,shuffled,2,0.01,1.83887856831163,1.7357100290203615,[1.83887856831163]
A_time,l28_last,43,shuffled,4,0.01,2.605008827945835,2.3561192412713114,[2.605008827945835]
A_time,l28_last,43,shuffled,8,0.01,3.3042352906615178,2.938923760837254,[3.3042352906615178]
A_time,l28_last,43,shuffled,16,0.01,3.8385245393418086,3.380372951535456,[3.8385245393418086]
A_time,l28_last,43,shuffled,32,0.01,4.1818680508655675,3.565792601006796,[4.1818680508655675]
A_time,l28_last,43,shuffled,1,0.1,0.9052686210151837,1.0426723176317128,[0.9052686210151837]
A_time,l28_last,43,shuffled,2,0.1,1.4043376489609323,1.5548413935484813,[1.4043376489609323]
A_time,l28_last,43,shuffled,4,0.1,1.9879178704315386,2.066714158283382,[1.9879178704315386]
A_time,l28_last,43,shuffled,8,0.1,2.4141824570331036,2.5365825849832633,[2.4141824570331036]
A_time,l28_last,43,shuffled,16,0.1,2.750956390022987,2.8694541791918824,[2.750956390022987]
A_time,l28_last,43,shuffled,32,0.1,2.908935901097338,2.970441960217458,[2.908935901097338]
A_time,l28_last,43,shuffled,1,1,0.8109476983482442,0.8805906881637419,[0.8109476983482442]
A_time,l28_last,43,shuffled,2,1,1.1484788276704843,1.2736869329890235,[1.1484788276704843]
A_time,l28_last,43,shuffled,4,1,1.4522942551804554,1.5783217551464386,[1.4522942551804554]
A_time,l28_last,43,shuffled,8,1,1.652468937165369,1.8319539780042196,[1.652468937165369]
A_time,l28_last,43,shuffled,16,1,1.7652665225630244,1.945963044242627,[1.7652665225630244]
A_time,l28_last,43,shuffled,32,1,1.7757764602320207,1.9455941482597556,[1.7757764602320207]
A_time,l28_last,43,shuffled,1,10,0.6171906316107324,0.6075036121702749,[0.6171906316107324]
A_time,l28_last,43,shuffled,2,10,0.755479566555878,0.7635445293314906,[0.755479566555878]
A_time,l28_last,43,shuffled,4,10,0.8019784464189712,0.8047516956940641,[0.8019784464189712]
A_time,l28_last,43,shuffled,8,10,0.825536928210583,0.83617494977576,[0.825536928210583]
A_time,l28_last,43,shuffled,16,10,0.8268451054432021,0.8335580166901169,[0.8268451054432021]
A_time,l28_last,43,shuffled,32,10,0.8233826309331462,0.8289633906530492,[0.8233826309331462]
A_time,l28_last,43,random_subspace,32,0.01,0.4461628172366354,0.4079387338418308,[0.4461628172366354]
A_time,l28_last,43,random_subspace,32,0.1,0.445901998206837,0.40812739746788046,[0.445901998206837]
A_time,l28_last,43,random_subspace,32,1,0.44609297561228933,0.4089249894164237,[0.44609297561228933]
A_time,l28_last,43,random_subspace,32,10,0.4469356066853951,0.4103543511356397,[0.4469356066853951]
A_emphasis,l28_last,17,rank1,1,0.01,0.5732966055732821,0.47153444056734145,[0.5732966055732821]
A_emphasis,l28_last,17,rank1,1,0.1,0.5778254425529386,0.474670983661059,[0.5778254425529386]
A_emphasis,l28_last,17,rank1,1,1,0.5872436967964494,0.49298500032722586,[0.5872436967964494]
A_emphasis,l28_last,17,rank1,1,10,0.623610635822343,0.5546303486645452,[0.623610635822343]
A_emphasis,l28_last,17,lowrank,1,0.01,0.5732966055732821,0.47153444056734145,[0.5732966055732821]
A_emphasis,l28_last,17,lowrank,2,0.01,0.5144937762168538,0.38221616187361823,[0.5144937762168538]
A_emphasis,l28_last,17,lowrank,4,0.01,0.4202563145237115,0.2767821366008809,[0.4202563145237115]
A_emphasis,l28_last,17,lowrank,8,0.01,0.3505656794045217,0.17810240440488714,[0.3505656794045217]
A_emphasis,l28_last,17,lowrank,16,0.01,0.3091879759155665,0.09422037628122064,[0.3091879759155665]
A_emphasis,l28_last,17,lowrank,32,0.01,0.2716568741997208,0.02712569384618195,[0.2716568741997208]
A_emphasis,l28_last,17,lowrank,1,0.1,0.5778254425529386,0.474670983661059,[0.5778254425529386]
A_emphasis,l28_last,17,lowrank,2,0.1,0.5137878700851944,0.38772577778447276,[0.5137878700851944]
A_emphasis,l28_last,17,lowrank,4,0.1,0.42339196844985266,0.2842163562834669,[0.42339196844985266]
A_emphasis,l28_last,17,lowrank,8,0.1,0.35813832644530774,0.18787489788234488,[0.35813832644530774]
A_emphasis,l28_last,17,lowrank,16,0.1,0.3171963658687467,0.10717517421504918,[0.3171963658687467]
A_emphasis,l28_last,17,lowrank,32,0.1,0.2791374435080694,0.043360174121522856,[0.2791374435080694]
A_emphasis,l28_last,17,lowrank,1,1,0.5872436967964494,0.49298500032722586,[0.5872436967964494]
A_emphasis,l28_last,17,lowrank,2,1,0.5262116583871289,0.4165679616186102,[0.5262116583871289]
A_emphasis,l28_last,17,lowrank,4,1,0.4506614218841645,0.32619744523349586,[0.4506614218841645]
A_emphasis,l28_last,17,lowrank,8,1,0.39647549274608807,0.24749683457856844,[0.39647549274608807]
A_emphasis,l28_last,17,lowrank,16,1,0.3614851714568215,0.18568692356360292,[0.3614851714568215]
A_emphasis,l28_last,17,lowrank,32,1,0.3351874157191495,0.14640860967863215,[0.3351874157191495]
A_emphasis,l28_last,17,lowrank,1,10,0.623610635822343,0.5546303486645452,[0.623610635822343]
A_emphasis,l28_last,17,lowrank,2,10,0.5856940343121967,0.5049427570878394,[0.5856940343121967]
A_emphasis,l28_last,17,lowrank,4,10,0.5447094586727464,0.4540212221981709,[0.5447094586727464]
A_emphasis,l28_last,17,lowrank,8,10,0.5195082476288905,0.4197048310491933,[0.5195082476288905]
A_emphasis,l28_last,17,lowrank,16,10,0.5072046882301504,0.4001054234999959,[0.5072046882301504]
A_emphasis,l28_last,17,lowrank,32,10,0.5016608576647746,0.39212522776899467,[0.5016608576647746]
A_emphasis,l28_last,17,full_delta,0,0.01,0.2546265146695818,0.002174661177424305,[0.2546265146695818]
A_emphasis,l28_last,17,full_delta,0,0.1,0.2617192512705054,0.024349804565837244,[0.2617192512705054]
A_emphasis,l28_last,17,full_delta,0,1,0.3286368945935987,0.14001666837863605,[0.3286368945935987]
A_emphasis,l28_last,17,full_delta,0,10,0.5007601797190847,0.39128871128345427,[0.5007601797190847]
A_emphasis,l28_last,17,full_affine,0,0.01,0.27082870238719614,0.0025410605262427186,[0.27082870238719614]
A_emphasis,l28_last,17,full_affine,0,0.1,0.30515848129996326,0.035465473737879255,[0.30515848129996326]
A_emphasis,l28_last,17,full_affine,0,1,0.5394928393447259,0.29112797217958103,[0.5394928393447259]
A_emphasis,l28_last,17,full_affine,0,10,1.2877522465869538,1.1910225251701774,[1.2877522465869538]
A_emphasis,l28_last,17,length_shift,0,0.01,0.7243377809771246,0.6065624430074232,[0.7243377809771246]
A_emphasis,l28_last,17,length_shift,0,0.1,0.716713864213523,0.6131903132280034,[0.716713864213523]
A_emphasis,l28_last,17,length_shift,0,1,0.7166660594684823,0.6278672921058924,[0.7166660594684823]
A_emphasis,l28_last,17,length_shift,0,10,0.7132182390314369,0.6338195239466634,[0.7132182390314369]
A_emphasis,l28_last,17,source_token_ridge,0,0.01,0.41687475871405627,0.04269833664498788,[0.41687475871405627]
A_emphasis,l28_last,17,source_token_ridge,0,0.1,0.39043644293298335,0.04472576890063159,[0.39043644293298335]
A_emphasis,l28_last,17,source_token_ridge,0,1,0.3730417611158681,0.1098984997804534,[0.3730417611158681]
A_emphasis,l28_last,17,source_token_ridge,0,10,0.5704641649992702,0.4459015026678517,[0.5704641649992702]
A_emphasis,l28_last,17,shuffled,1,0.01,1.4782141041785961,1.4430726923121158,[1.4782141041785961]
A_emphasis,l28_last,17,shuffled,2,0.01,2.0881620766966686,1.9801243794960728,[2.0881620766966686]
A_emphasis,l28_last,17,shuffled,4,0.01,2.9593905346035076,2.7945821876328227,[2.9593905346035076]
A_emphasis,l28_last,17,shuffled,8,0.01,3.764642635171042,3.5294585909825673,[3.764642635171042]
A_emphasis,l28_last,17,shuffled,16,0.01,4.352090935651215,3.9980497282257574,[4.352090935651215]
A_emphasis,l28_last,17,shuffled,32,0.01,4.645257877994204,4.200663885560939,[4.645257877994204]
A_emphasis,l28_last,17,shuffled,1,0.1,1.2286773213682078,1.3055438145176754,[1.2286773213682078]
A_emphasis,l28_last,17,shuffled,2,0.1,1.7209228682542779,1.7720955474178879,[1.7209228682542779]
A_emphasis,l28_last,17,shuffled,4,0.1,2.3016098120698856,2.4776173479204666,[2.3016098120698856]
A_emphasis,l28_last,17,shuffled,8,0.1,2.841933768220535,3.0890432600576396,[2.841933768220535]
A_emphasis,l28_last,17,shuffled,16,0.1,3.1796491331296974,3.4271157082654202,[3.1796491331296974]
A_emphasis,l28_last,17,shuffled,32,0.1,3.323138164666437,3.542302530464409,[3.323138164666437]
A_emphasis,l28_last,17,shuffled,1,1,1.0385797776264791,1.1300930069897661,[1.0385797776264791]
A_emphasis,l28_last,17,shuffled,2,1,1.3709659602476183,1.458007305550222,[1.3709659602476183]
A_emphasis,l28_last,17,shuffled,4,1,1.7619199080089187,1.9676387371583075,[1.7619199080089187]
A_emphasis,l28_last,17,shuffled,8,1,2.046497927410272,2.3084147503846992,[2.046497927410272]
A_emphasis,l28_last,17,shuffled,16,1,2.1249474621780635,2.4001024623254152,[2.1249474621780635]
A_emphasis,l28_last,17,shuffled,32,1,2.1276391275242896,2.396702563679193,[2.1276391275242896]
A_emphasis,l28_last,17,shuffled,1,10,0.8008711584023201,0.8381736930388025,[0.8008711584023201]
A_emphasis,l28_last,17,shuffled,2,10,0.9033678273425143,0.9370757273911496,[0.9033678273425143]
A_emphasis,l28_last,17,shuffled,4,10,1.0001857804014949,1.0688061257377113,[1.0001857804014949]
A_emphasis,l28_last,17,shuffled,8,10,1.0304557574104112,1.104412974670865,[1.0304557574104112]
A_emphasis,l28_last,17,shuffled,16,10,1.0160175943618024,1.0916944513962374,[1.0160175943618024]
A_emphasis,l28_last,17,shuffled,32,10,1.010550723288251,1.0846996019288082,[1.010550723288251]
A_emphasis,l28_last,17,random_subspace,32,0.01,0.7218018613752902,0.6653063258118366,[0.7218018613752902]
A_emphasis,l28_last,17,random_subspace,32,0.1,0.7218811397289234,0.6655061555788762,[0.7218811397289234]
A_emphasis,l28_last,17,random_subspace,32,1,0.7224343795472015,0.6665935302652124,[0.7224343795472015]
A_emphasis,l28_last,17,random_subspace,32,10,0.7241603390003868,0.6691524068693037,[0.7241603390003868]
A_emphasis,l28_last,29,rank1,1,0.01,0.5901588762290049,0.48317572433776607,[0.5901588762290049]
A_emphasis,l28_last,29,rank1,1,0.1,0.589981336862629,0.48549892058580424,[0.589981336862629]
A_emphasis,l28_last,29,rank1,1,1,0.595197141819718,0.5018925865119671,[0.595197141819718]
A_emphasis,l28_last,29,rank1,1,10,0.620773396660072,0.5742990521719709,[0.620773396660072]
A_emphasis,l28_last,29,lowrank,1,0.01,0.5901588762290049,0.48317572433776607,[0.5901588762290049]
A_emphasis,l28_last,29,lowrank,2,0.01,0.512829867108585,0.38971378688939845,[0.512829867108585]
A_emphasis,l28_last,29,lowrank,4,0.01,0.44523185911821117,0.2787467187682316,[0.44523185911821117]
A_emphasis,l28_last,29,lowrank,8,0.01,0.3658407222005815,0.16963938520236244,[0.3658407222005815]
A_emphasis,l28_last,29,lowrank,16,0.01,0.3173515037666214,0.08787569713188843,[0.3173515037666214]
A_emphasis,l28_last,29,lowrank,32,0.01,0.2743024658608928,0.026371304548396535,[0.2743024658608928]
A_emphasis,l28_last,29,lowrank,1,0.1,0.589981336862629,0.48549892058580424,[0.589981336862629]
A_emphasis,l28_last,29,lowrank,2,0.1,0.5095807602987027,0.39451537719262,[0.5095807602987027]
A_emphasis,l28_last,29,lowrank,4,0.1,0.4456686011772309,0.2861312523095096,[0.4456686011772309]
A_emphasis,l28_last,29,lowrank,8,0.1,0.36842486882153064,0.1792680253078811,[0.36842486882153064]
A_emphasis,l28_last,29,lowrank,16,0.1,0.3194654376073281,0.10062384308985155,[0.3194654376073281]
A_emphasis,l28_last,29,lowrank,32,0.1,0.2792426248711543,0.04357847895206433,[0.2792426248711543]
A_emphasis,l28_last,29,lowrank,1,1,0.595197141819718,0.5018925865119671,[0.595197141819718]
A_emphasis,l28_last,29,lowrank,2,1,0.5190037065613445,0.4222564730977396,[0.5190037065613445]
A_emphasis,l28_last,29,lowrank,4,1,0.46762717568397383,0.32881644848663666,[0.46762717568397383]
A_emphasis,l28_last,29,lowrank,8,1,0.4075695677741464,0.24064852165399178,[0.4075695677741464]
A_emphasis,l28_last,29,lowrank,16,1,0.3677375617899253,0.18095784441869,[0.3677375617899253]
A_emphasis,l28_last,29,lowrank,32,1,0.3421381177889069,0.1477567762052205,[0.3421381177889069]
A_emphasis,l28_last,29,lowrank,1,10,0.620773396660072,0.5742990521719709,[0.620773396660072]
A_emphasis,l28_last,29,lowrank,2,10,0.576279826443803,0.5278480142646235,[0.576279826443803]
A_emphasis,l28_last,29,lowrank,4,10,0.5467247726731741,0.47565461628379396,[0.5467247726731741]
A_emphasis,l28_last,29,lowrank,8,10,0.5180020111345724,0.4373337153015899,[0.5180020111345724]
A_emphasis,l28_last,29,lowrank,16,10,0.5054707731145736,0.41843706632577393,[0.5054707731145736]
A_emphasis,l28_last,29,lowrank,32,10,0.5002883943778819,0.41213667086442446,[0.5002883943778819]
A_emphasis,l28_last,29,full_delta,0,0.01,0.2608952181029482,0.001984162291750475,[0.2608952181029482]
A_emphasis,l28_last,29,full_delta,0,0.1,0.2625784557813326,0.025241883016020105,[0.2625784557813326]
A_emphasis,l28_last,29,full_delta,0,1,0.3356508803616194,0.14194239709206716,[0.3356508803616194]
A_emphasis,l28_last,29,full_delta,0,10,0.49942051226308837,0.41139180055905306,[0.49942051226308837]
A_emphasis,l28_last,29,full_affine,0,0.01,0.3042406958852133,0.002255213868079812,[0.3042406958852133]
A_emphasis,l28_last,29,full_affine,0,0.1,0.32848696174653846,0.03559026549320545,[0.32848696174653846]
A_emphasis,l28_last,29,full_affine,0,1,0.5745364954721809,0.29154554021596896,[0.5745364954721809]
A_emphasis,l28_last,29,full_affine,0,10,1.3319470844552577,1.1923520637410903,[1.3319470844552577]
A_emphasis,l28_last,29,length_shift,0,0.01,0.7994733036490591,0.6513320630928138,[0.7994733036490591]
A_emphasis,l28_last,29,length_shift,0,0.1,0.7717126449491586,0.6674903152838016,[0.7717126449491586]
A_emphasis,l28_last,29,length_shift,0,1,0.7632129972290477,0.7059155681608921,[0.7632129972290477]
A_emphasis,l28_last,29,length_shift,0,10,0.7461332322599844,0.7199300319816828,[0.7461332322599844]
A_emphasis,l28_last,29,source_token_ridge,0,0.01,0.4732802883623763,0.041804156383160984,[0.4732802883623763]
A_emphasis,l28_last,29,source_token_ridge,0,0.1,0.44772102884635895,0.04486263823220632,[0.44772102884635895]
A_emphasis,l28_last,29,source_token_ridge,0,1,0.40977777618279604,0.12019323381533148,[0.40977777618279604]
A_emphasis,l28_last,29,source_token_ridge,0,10,0.5770801479684576,0.5088810579769746,[0.5770801479684576]
A_emphasis,l28_last,29,shuffled,1,0.01,1.4794249145005995,1.5642724908167718,[1.4794249145005995]
A_emphasis,l28_last,29,shuffled,2,0.01,2.305519653667093,2.3303781218627777,[2.305519653667093]
A_emphasis,l28_last,29,shuffled,4,0.01,3.144503384029408,3.072319925367013,[3.144503384029408]
A_emphasis,l28_last,29,shuffled,8,0.01,3.813855416612521,3.6976374033326516,[3.813855416612521]
A_emphasis,l28_last,29,shuffled,16,0.01,4.375388354323555,4.135762158938052,[4.375388354323555]
A_emphasis,l28_last,29,shuffled,32,0.01,4.662244450802187,4.310404309605507,[4.662244450802187]
A_emphasis,l28_last,29,shuffled,1,0.1,1.2071900958480282,1.4206970859440045,[1.2071900958480282]
A_emphasis,l28_last,29,shuffled,2,0.1,1.8409425561066275,2.0937425394148583,[1.8409425561066275]
A_emphasis,l28_last,29,shuffled,4,0.1,2.4526672749829452,2.708094536624831,[2.4526672749829452]
A_emphasis,l28_last,29,shuffled,8,0.1,2.9289113804856712,3.2231501707818446,[2.9289113804856712]
A_emphasis,l28_last,29,shuffled,16,0.1,3.297078721026848,3.553867022770975,[3.297078721026848]
A_emphasis,l28_last,29,shuffled,32,0.1,3.4317794290296084,3.6386123563684514,[3.4317794290296084]
A_emphasis,l28_last,29,shuffled,1,1,1.007823626807004,1.2384801094300582,[1.007823626807004]
A_emphasis,l28_last,29,shuffled,2,1,1.4311304142639287,1.729022831556356,[1.4311304142639287]
A_emphasis,l28_last,29,shuffled,4,1,1.7852791942350628,2.125414862110953,[1.7852791942350628]
A_emphasis,l28_last,29,shuffled,8,1,2.0038025080586324,2.3745906790824507,[2.0038025080586324]
A_emphasis,l28_last,29,shuffled,16,1,2.1132704151651294,2.47073290630785,[2.1132704151651294]
A_emphasis,l28_last,29,shuffled,32,1,2.113475914382148,2.456070035966418,[2.113475914382148]
A_emphasis,l28_last,29,shuffled,1,10,0.798993979403089,0.941619090245596,[0.798993979403089]
A_emphasis,l28_last,29,shuffled,2,10,0.9372474933773649,1.0956593481485564,[0.9372474933773649]
A_emphasis,l28_last,29,shuffled,4,10,0.9938305058035709,1.1772426968389074,[0.9938305058035709]
A_emphasis,l28_last,29,shuffled,8,10,1.011343640904906,1.1867663305701408,[1.011343640904906]
A_emphasis,l28_last,29,shuffled,16,10,1.008173959904,1.1788484175569174,[1.008173959904]
A_emphasis,l28_last,29,shuffled,32,10,1.0027990969151086,1.171000004315945,[1.0027990969151086]
A_emphasis,l28_last,29,random_subspace,32,0.01,0.7295145195946017,0.7726043822329696,[0.7295145195946017]
A_emphasis,l28_last,29,random_subspace,32,0.1,0.7294954445313602,0.7727943833253811,[0.7294954445313602]
A_emphasis,l28_last,29,random_subspace,32,1,0.730090191135672,0.7737665717057607,[0.730090191135672]
A_emphasis,l28_last,29,random_subspace,32,10,0.7317440642280784,0.7763588840246912,[0.7317440642280784]
A_emphasis,l28_last,43,rank1,1,0.01,0.6034382832957111,0.39086665652060043,[0.6034382832957111]
A_emphasis,l28_last,43,rank1,1,0.1,0.6030789381524174,0.39303170943017607,[0.6030789381524174]
A_emphasis,l28_last,43,rank1,1,1,0.6059216032013516,0.40374233108196567,[0.6059216032013516]
A_emphasis,l28_last,43,rank1,1,10,0.6343503225596054,0.4424060259119244,[0.6343503225596054]
A_emphasis,l28_last,43,lowrank,1,0.01,0.6034382832957111,0.39086665652060043,[0.6034382832957111]
A_emphasis,l28_last,43,lowrank,2,0.01,0.5560705107393654,0.32364335278689693,[0.5560705107393654]
A_emphasis,l28_last,43,lowrank,4,0.01,0.4804157645932916,0.2368375350957883,[0.4804157645932916]
A_emphasis,l28_last,43,lowrank,8,0.01,0.42474520799472054,0.15642640610801736,[0.42474520799472054]
A_emphasis,l28_last,43,lowrank,16,0.01,0.3875716070311248,0.08086995149366166,[0.3875716070311248]
A_emphasis,l28_last,43,lowrank,32,0.01,0.3456977771936403,0.020771016881653784,[0.3456977771936403]
A_emphasis,l28_last,43,lowrank,1,0.1,0.6030789381524174,0.39303170943017607,[0.6030789381524174]
A_emphasis,l28_last,43,lowrank,2,0.1,0.555299386669938,0.3267614455582074,[0.555299386669938]
A_emphasis,l28_last,43,lowrank,4,0.1,0.4799721652161278,0.24137150344200053,[0.4799721652161278]
A_emphasis,l28_last,43,lowrank,8,0.1,0.4247409527386423,0.16312965834883794,[0.4247409527386423]
A_emphasis,l28_last,43,lowrank,16,0.1,0.385890517007236,0.08988997507386115,[0.385890517007236]
A_emphasis,l28_last,43,lowrank,32,0.1,0.3459775528782488,0.03385324753209912,[0.3459775528782488]
A_emphasis,l28_last,43,lowrank,1,1,0.6059216032013516,0.40374233108196567,[0.6059216032013516]
A_emphasis,l28_last,43,lowrank,2,1,0.5594687586848544,0.34366574869097216,[0.5594687586848544]
A_emphasis,l28_last,43,lowrank,4,1,0.49785658592765775,0.26760866726825266,[0.49785658592765775]
A_emphasis,l28_last,43,lowrank,8,1,0.44729696730988167,0.2021320935850223,[0.44729696730988167]
A_emphasis,l28_last,43,lowrank,16,1,0.4151625795916882,0.1462744498437821,[0.4151625795916882]
A_emphasis,l28_last,43,lowrank,32,1,0.38987237114776513,0.11215373165874075,[0.38987237114776513]
A_emphasis,l28_last,43,lowrank,1,10,0.6343503225596054,0.4424060259119244,[0.6343503225596054]
A_emphasis,l28_last,43,lowrank,2,10,0.6080716723124514,0.4069576628982426,[0.6080716723124514]
A_emphasis,l28_last,43,lowrank,4,10,0.573174690034354,0.36200889386946683,[0.573174690034354]
A_emphasis,l28_last,43,lowrank,8,10,0.5491315147600293,0.3316260192897402,[0.5491315147600293]
A_emphasis,l28_last,43,lowrank,16,10,0.5378822324345157,0.31344528627659796,[0.5378822324345157]
A_emphasis,l28_last,43,lowrank,32,10,0.5326701978158135,0.30668854194798084,[0.5326701978158135]
A_emphasis,l28_last,43,full_delta,0,0.01,0.33242728170681424,0.0015422787546017613,[0.33242728170681424]
A_emphasis,l28_last,43,full_delta,0,0.1,0.3306331680618899,0.01883705756641943,[0.3306331680618899]
A_emphasis,l28_last,43,full_delta,0,1,0.38352814306943017,0.10718046265247881,[0.38352814306943017]
A_emphasis,l28_last,43,full_delta,0,10,0.5318472875574778,0.3060502425822383,[0.5318472875574778]
A_emphasis,l28_last,43,full_affine,0,0.01,0.33319049641107745,0.0018919365200376862,[0.33319049641107745]
A_emphasis,l28_last,43,full_affine,0,0.1,0.35134422289754363,0.030166066744418064,[0.35134422289754363]
A_emphasis,l28_last,43,full_affine,0,1,0.5802887627534365,0.2552419619624841,[0.5802887627534365]
A_emphasis,l28_last,43,full_affine,0,10,1.3065569651623257,1.0923326835726386,[1.3065569651623257]
A_emphasis,l28_last,43,length_shift,0,0.01,0.7225266656282298,0.49325366035829044,[0.7225266656282298]
A_emphasis,l28_last,43,length_shift,0,0.1,0.7180436888911897,0.496837733954411,[0.7180436888911897]
A_emphasis,l28_last,43,length_shift,0,1,0.7181743576231246,0.5045156173852692,[0.7181743576231246]
A_emphasis,l28_last,43,length_shift,0,10,0.7147017864224621,0.508149925885197,[0.7147017864224621]
A_emphasis,l28_last,43,source_token_ridge,0,0.01,0.5094536497822895,0.025654557117286148,[0.5094536497822895]
A_emphasis,l28_last,43,source_token_ridge,0,0.1,0.46415623064944106,0.027592979515598432,[0.46415623064944106]
A_emphasis,l28_last,43,source_token_ridge,0,1,0.43704908498532063,0.07707657693961396,[0.43704908498532063]
A_emphasis,l28_last,43,source_token_ridge,0,10,0.5941573170630411,0.34661807557351126,[0.5941573170630411]
A_emphasis,l28_last,43,shuffled,1,0.01,1.2158035158021958,1.17082403792299,[1.2158035158021958]
A_emphasis,l28_last,43,shuffled,2,0.01,2.1194504732365425,1.7721237978140225,[2.1194504732365425]
A_emphasis,l28_last,43,shuffled,4,0.01,2.7297512293817667,2.3562948001634494,[2.7297512293817667]
A_emphasis,l28_last,43,shuffled,8,0.01,3.350519135205108,2.8374231708119457,[3.350519135205108]
A_emphasis,l28_last,43,shuffled,16,0.01,3.8077493457223888,3.211098305657062,[3.8077493457223888]
A_emphasis,l28_last,43,shuffled,32,0.01,4.097039196850503,3.3537982106836153,[4.097039196850503]
A_emphasis,l28_last,43,shuffled,1,0.1,1.0703622978859346,1.0833032636876014,[1.0703622978859346]
A_emphasis,l28_last,43,shuffled,2,0.1,1.5870088872393848,1.5943970981544082,[1.5870088872393848]
A_emphasis,l28_last,43,shuffled,4,0.1,2.040948165383998,2.0734614955803736,[2.040948165383998]
A_emphasis,l28_last,43,shuffled,8,0.1,2.389693723680734,2.4508317146390186,[2.389693723680734]
A_emphasis,l28_last,43,shuffled,16,0.1,2.6611978631879754,2.726677145689783,[2.6611978631879754]
A_emphasis,l28_last,43,shuffled,32,0.1,2.783787784885842,2.7979705210605608,[2.783787784885842]
A_emphasis,l28_last,43,shuffled,1,1,0.92069284544298,0.910553009958266,[0.92069284544298]
A_emphasis,l28_last,43,shuffled,2,1,1.2358126053561647,1.3040940999773876,[1.2358126053561647]
A_emphasis,l28_last,43,shuffled,4,1,1.4788307979346005,1.6004477412945288,[1.4788307979346005]
A_emphasis,l28_last,43,shuffled,8,1,1.633202138654399,1.7820929104502883,[1.633202138654399]
A_emphasis,l28_last,43,shuffled,16,1,1.712916127934873,1.8626163520940207,[1.712916127934873]
A_emphasis,l28_last,43,shuffled,32,1,1.7101518785305405,1.8509791021333992,[1.7101518785305405]
A_emphasis,l28_last,43,shuffled,1,10,0.745491488877847,0.6357215560457674,[0.745491488877847]
A_emphasis,l28_last,43,shuffled,2,10,0.8689119479805817,0.7950682148604269,[0.8689119479805817]
A_emphasis,l28_last,43,shuffled,4,10,0.920475329721976,0.8548086389977495,[0.920475329721976]
A_emphasis,l28_last,43,shuffled,8,10,0.9161971795067458,0.854168559416775,[0.9161971795067458]
A_emphasis,l28_last,43,shuffled,16,10,0.9102926574057161,0.8423010983728485,[0.9102926574057161]
A_emphasis,l28_last,43,shuffled,32,10,0.9046097669957819,0.8358251966052821,[0.9046097669957819]
A_emphasis,l28_last,43,random_subspace,32,0.01,0.7252689932889994,0.5350239267107512,[0.7252689932889994]
A_emphasis,l28_last,43,random_subspace,32,0.1,0.7251987960653267,0.5351767570977252,[0.7251987960653267]
A_emphasis,l28_last,43,random_subspace,32,1,0.7255705879709714,0.5359937891822418,[0.7255705879709714]
A_emphasis,l28_last,43,random_subspace,32,10,0.7267962077675122,0.5379905643763693,[0.7267962077675122]
