layer,pool,seed,method,rank,parameters,split,variant,n,mse,relative_improvement,cosine,recall1,mrr,neg_over_pos
0,last,17,identity,0,0,dev,canonical,48,0.0,nan,1.0,0.0,0.19999999999999998,0.0
0,last,17,identity,0,0,expression,canonical,24,0.0,nan,1.0,0.0,0.20000000000000004,0.0
0,last,17,identity,0,0,iid,canonical,24,0.0,nan,1.0,0.0,0.20000000000000004,0.0
0,last,17,identity,0,0,joint,canonical,96,0.0,nan,1.0,0.0,0.19999999999999998,0.0
0,last,17,identity,0,0,template,canonical,24,0.0,nan,1.0,0.0,0.20000000000000004,0.0
0,last,17,identity,0,0,topic,canonical,96,0.0,nan,1.0,0.0,0.19999999999999998,0.0
0,last,17,identity,0,0,train,canonical,168,0.0,nan,1.0,0.0,0.19999999999999996,0.0
0,last,17,identity,0,0,iid,paraphrase,24,0.0,nan,1.0,0.0,0.20000000000000004,0.0
0,last,17,identity,0,0,topic,paraphrase,96,0.0,nan,1.0,0.0,0.19999999999999998,0.0
0,last,17,identity,0,0,template,paraphrase,24,0.0,nan,1.0,0.0,0.20000000000000004,0.0
0,last,17,identity,0,0,expression,paraphrase,24,0.0,nan,1.0,0.0,0.20000000000000004,0.0
0,last,17,identity,0,0,joint,paraphrase,96,0.0,nan,1.0,0.0,0.19999999999999998,0.0
0,last,17,shift,0,3584,dev,canonical,48,0.0,nan,1.0,0.0,0.19999999999999998,0.0
0,last,17,shift,0,3584,expression,canonical,24,0.0,nan,1.0,0.0,0.20000000000000004,0.0
0,last,17,shift,0,3584,iid,canonical,24,0.0,nan,1.0,0.0,0.20000000000000004,0.0
0,last,17,shift,0,3584,joint,canonical,96,0.0,nan,1.0,0.0,0.19999999999999998,0.0
0,last,17,shift,0,3584,template,canonical,24,0.0,nan,1.0,0.0,0.20000000000000004,0.0
0,last,17,shift,0,3584,topic,canonical,96,0.0,nan,1.0,0.0,0.19999999999999998,0.0
0,last,17,shift,0,3584,train,canonical,168,0.0,nan,1.0,0.0,0.19999999999999996,0.0
0,last,17,shift,0,3584,iid,paraphrase,24,0.0,nan,1.0,0.0,0.20000000000000004,0.0
0,last,17,shift,0,3584,topic,paraphrase,96,0.0,nan,1.0,0.0,0.19999999999999998,0.0
0,last,17,shift,0,3584,template,paraphrase,24,0.0,nan,1.0,0.0,0.20000000000000004,0.0
0,last,17,shift,0,3584,expression,paraphrase,24,0.0,nan,1.0,0.0,0.20000000000000004,0.0
0,last,17,shift,0,3584,joint,paraphrase,96,0.0,nan,1.0,0.0,0.19999999999999998,0.0
0,last,17,lowrank,1,10752,dev,canonical,48,0.0,nan,1.0,0.0,0.19999999999999998,0.0
0,last,17,lowrank,1,10752,expression,canonical,24,0.0,nan,1.0,0.0,0.20000000000000004,0.0
0,last,17,lowrank,1,10752,iid,canonical,24,0.0,nan,1.0,0.0,0.20000000000000004,0.0
0,last,17,lowrank,1,10752,joint,canonical,96,0.0,nan,1.0,0.0,0.19999999999999998,0.0
0,last,17,lowrank,1,10752,template,canonical,24,0.0,nan,1.0,0.0,0.20000000000000004,0.0
0,last,17,lowrank,1,10752,topic,canonical,96,0.0,nan,1.0,0.0,0.19999999999999998,0.0
0,last,17,lowrank,1,10752,train,canonical,168,0.0,nan,1.0,0.0,0.19999999999999996,0.0
0,last,17,lowrank,1,10752,iid,paraphrase,24,0.0,nan,1.0,0.0,0.20000000000000004,0.0
0,last,17,lowrank,1,10752,topic,paraphrase,96,0.0,nan,1.0,0.0,0.19999999999999998,0.0
0,last,17,lowrank,1,10752,template,paraphrase,24,0.0,nan,1.0,0.0,0.20000000000000004,0.0
0,last,17,lowrank,1,10752,expression,paraphrase,24,0.0,nan,1.0,0.0,0.20000000000000004,0.0
0,last,17,lowrank,1,10752,joint,paraphrase,96,0.0,nan,1.0,0.0,0.19999999999999998,0.0
0,last,17,full_delta,0,12848640,dev,canonical,48,0.0,nan,1.0,0.0,0.19999999999999998,0.0
0,last,17,full_delta,0,12848640,expression,canonical,24,0.0,nan,1.0,0.0,0.20000000000000004,0.0
0,last,17,full_delta,0,12848640,iid,canonical,24,0.0,nan,1.0,0.0,0.20000000000000004,0.0
0,last,17,full_delta,0,12848640,joint,canonical,96,0.0,nan,1.0,0.0,0.19999999999999998,0.0
0,last,17,full_delta,0,12848640,template,canonical,24,0.0,nan,1.0,0.0,0.20000000000000004,0.0
0,last,17,full_delta,0,12848640,topic,canonical,96,0.0,nan,1.0,0.0,0.19999999999999998,0.0
0,last,17,full_delta,0,12848640,train,canonical,168,0.0,nan,1.0,0.0,0.19999999999999996,0.0
0,last,17,full_delta,0,12848640,iid,paraphrase,24,0.0,nan,1.0,0.0,0.20000000000000004,0.0
0,last,17,full_delta,0,12848640,topic,paraphrase,96,0.0,nan,1.0,0.0,0.19999999999999998,0.0
0,last,17,full_delta,0,12848640,template,paraphrase,24,0.0,nan,1.0,0.0,0.20000000000000004,0.0
0,last,17,full_delta,0,12848640,expression,paraphrase,24,0.0,nan,1.0,0.0,0.20000000000000004,0.0
0,last,17,full_delta,0,12848640,joint,paraphrase,96,0.0,nan,1.0,0.0,0.19999999999999998,0.0
0,last,17,full_affine,0,12848640,dev,canonical,48,0.0,nan,1.0,0.0,0.19999999999999998,0.0
0,last,17,full_affine,0,12848640,expression,canonical,24,0.0,nan,1.0,0.0,0.20000000000000004,0.0
0,last,17,full_affine,0,12848640,iid,canonical,24,0.0,nan,1.0,0.0,0.20000000000000004,0.0
0,last,17,full_affine,0,12848640,joint,canonical,96,0.0,nan,1.0,0.0,0.19999999999999998,0.0
0,last,17,full_affine,0,12848640,template,canonical,24,0.0,nan,1.0,0.0,0.20000000000000004,0.0
0,last,17,full_affine,0,12848640,topic,canonical,96,0.0,nan,1.0,0.0,0.19999999999999998,0.0
0,last,17,full_affine,0,12848640,train,canonical,168,0.0,nan,1.0,0.0,0.19999999999999996,0.0
0,last,17,full_affine,0,12848640,iid,paraphrase,24,0.0,nan,1.0,0.0,0.20000000000000004,0.0
0,last,17,full_affine,0,12848640,topic,paraphrase,96,0.0,nan,1.0,0.0,0.19999999999999998,0.0
0,last,17,full_affine,0,12848640,template,paraphrase,24,0.0,nan,1.0,0.0,0.20000000000000004,0.0
0,last,17,full_affine,0,12848640,expression,paraphrase,24,0.0,nan,1.0,0.0,0.20000000000000004,0.0
0,last,17,full_affine,0,12848640,joint,paraphrase,96,0.0,nan,1.0,0.0,0.19999999999999998,0.0
0,last,17,shuffled,1,10752,dev,canonical,48,0.0,nan,1.0,0.0,0.19999999999999998,0.0
0,last,17,shuffled,1,10752,expression,canonical,24,0.0,nan,1.0,0.0,0.20000000000000004,0.0
0,last,17,shuffled,1,10752,iid,canonical,24,0.0,nan,1.0,0.0,0.20000000000000004,0.0
0,last,17,shuffled,1,10752,joint,canonical,96,0.0,nan,1.0,0.0,0.19999999999999998,0.0
0,last,17,shuffled,1,10752,template,canonical,24,0.0,nan,1.0,0.0,0.20000000000000004,0.0
0,last,17,shuffled,1,10752,topic,canonical,96,0.0,nan,1.0,0.0,0.19999999999999998,0.0
0,last,17,shuffled,1,10752,train,canonical,168,0.0,nan,1.0,0.0,0.19999999999999996,0.0
0,last,17,shuffled,1,10752,iid,paraphrase,24,0.0,nan,1.0,0.0,0.20000000000000004,0.0
0,last,17,shuffled,1,10752,topic,paraphrase,96,0.0,nan,1.0,0.0,0.19999999999999998,0.0
0,last,17,shuffled,1,10752,template,paraphrase,24,0.0,nan,1.0,0.0,0.20000000000000004,0.0
0,last,17,shuffled,1,10752,expression,paraphrase,24,0.0,nan,1.0,0.0,0.20000000000000004,0.0
0,last,17,shuffled,1,10752,joint,paraphrase,96,0.0,nan,1.0,0.0,0.19999999999999998,0.0
0,last,17,random_subspace,1,7168,dev,canonical,48,0.0,nan,1.0,0.0,0.19999999999999998,0.0
0,last,17,random_subspace,1,7168,expression,canonical,24,0.0,nan,1.0,0.0,0.20000000000000004,0.0
0,last,17,random_subspace,1,7168,iid,canonical,24,0.0,nan,1.0,0.0,0.20000000000000004,0.0
0,last,17,random_subspace,1,7168,joint,canonical,96,0.0,nan,1.0,0.0,0.19999999999999998,0.0
0,last,17,random_subspace,1,7168,template,canonical,24,0.0,nan,1.0,0.0,0.20000000000000004,0.0
0,last,17,random_subspace,1,7168,topic,canonical,96,0.0,nan,1.0,0.0,0.19999999999999998,0.0
0,last,17,random_subspace,1,7168,train,canonical,168,0.0,nan,1.0,0.0,0.19999999999999996,0.0
0,last,17,random_subspace,1,7168,iid,paraphrase,24,0.0,nan,1.0,0.0,0.20000000000000004,0.0
0,last,17,random_subspace,1,7168,topic,paraphrase,96,0.0,nan,1.0,0.0,0.19999999999999998,0.0
0,last,17,random_subspace,1,7168,template,paraphrase,24,0.0,nan,1.0,0.0,0.20000000000000004,0.0
0,last,17,random_subspace,1,7168,expression,paraphrase,24,0.0,nan,1.0,0.0,0.20000000000000004,0.0
0,last,17,random_subspace,1,7168,joint,paraphrase,96,0.0,nan,1.0,0.0,0.19999999999999998,0.0
0,last,17,rank1,1,10752,dev,canonical,48,0.0,nan,1.0,0.0,0.19999999999999998,0.0
0,last,17,rank1,1,10752,expression,canonical,24,0.0,nan,1.0,0.0,0.20000000000000004,0.0
0,last,17,rank1,1,10752,iid,canonical,24,0.0,nan,1.0,0.0,0.20000000000000004,0.0
0,last,17,rank1,1,10752,joint,canonical,96,0.0,nan,1.0,0.0,0.19999999999999998,0.0
0,last,17,rank1,1,10752,template,canonical,24,0.0,nan,1.0,0.0,0.20000000000000004,0.0
0,last,17,rank1,1,10752,topic,canonical,96,0.0,nan,1.0,0.0,0.19999999999999998,0.0
0,last,17,rank1,1,10752,train,canonical,168,0.0,nan,1.0,0.0,0.19999999999999996,0.0
0,last,17,rank1,1,10752,iid,paraphrase,24,0.0,nan,1.0,0.0,0.20000000000000004,0.0
0,last,17,rank1,1,10752,topic,paraphrase,96,0.0,nan,1.0,0.0,0.19999999999999998,0.0
0,last,17,rank1,1,10752,template,paraphrase,24,0.0,nan,1.0,0.0,0.20000000000000004,0.0
0,last,17,rank1,1,10752,expression,paraphrase,24,0.0,nan,1.0,0.0,0.20000000000000004,0.0
0,last,17,rank1,1,10752,joint,paraphrase,96,0.0,nan,1.0,0.0,0.19999999999999998,0.0
0,last,17,rank2,2,17920,dev,canonical,48,0.0,nan,1.0,0.0,0.19999999999999998,0.0
0,last,17,rank2,2,17920,expression,canonical,24,0.0,nan,1.0,0.0,0.20000000000000004,0.0
0,last,17,rank2,2,17920,iid,canonical,24,0.0,nan,1.0,0.0,0.20000000000000004,0.0
0,last,17,rank2,2,17920,joint,canonical,96,0.0,nan,1.0,0.0,0.19999999999999998,0.0
0,last,17,rank2,2,17920,template,canonical,24,0.0,nan,1.0,0.0,0.20000000000000004,0.0
0,last,17,rank2,2,17920,topic,canonical,96,0.0,nan,1.0,0.0,0.19999999999999998,0.0
0,last,17,rank2,2,17920,train,canonical,168,0.0,nan,1.0,0.0,0.19999999999999996,0.0
0,last,17,rank2,2,17920,iid,paraphrase,24,0.0,nan,1.0,0.0,0.20000000000000004,0.0
0,last,17,rank2,2,17920,topic,paraphrase,96,0.0,nan,1.0,0.0,0.19999999999999998,0.0
0,last,17,rank2,2,17920,template,paraphrase,24,0.0,nan,1.0,0.0,0.20000000000000004,0.0
0,last,17,rank2,2,17920,expression,paraphrase,24,0.0,nan,1.0,0.0,0.20000000000000004,0.0
0,last,17,rank2,2,17920,joint,paraphrase,96,0.0,nan,1.0,0.0,0.19999999999999998,0.0
0,last,17,rank4,4,32256,dev,canonical,48,0.0,nan,1.0,0.0,0.19999999999999998,0.0
0,last,17,rank4,4,32256,expression,canonical,24,0.0,nan,1.0,0.0,0.20000000000000004,0.0
0,last,17,rank4,4,32256,iid,canonical,24,0.0,nan,1.0,0.0,0.20000000000000004,0.0
0,last,17,rank4,4,32256,joint,canonical,96,0.0,nan,1.0,0.0,0.19999999999999998,0.0
0,last,17,rank4,4,32256,template,canonical,24,0.0,nan,1.0,0.0,0.20000000000000004,0.0
0,last,17,rank4,4,32256,topic,canonical,96,0.0,nan,1.0,0.0,0.19999999999999998,0.0
0,last,17,rank4,4,32256,train,canonical,168,0.0,nan,1.0,0.0,0.19999999999999996,0.0
0,last,17,rank4,4,32256,iid,paraphrase,24,0.0,nan,1.0,0.0,0.20000000000000004,0.0
0,last,17,rank4,4,32256,topic,paraphrase,96,0.0,nan,1.0,0.0,0.19999999999999998,0.0
0,last,17,rank4,4,32256,template,paraphrase,24,0.0,nan,1.0,0.0,0.20000000000000004,0.0
0,last,17,rank4,4,32256,expression,paraphrase,24,0.0,nan,1.0,0.0,0.20000000000000004,0.0
0,last,17,rank4,4,32256,joint,paraphrase,96,0.0,nan,1.0,0.0,0.19999999999999998,0.0
0,last,17,rank8,8,60928,dev,canonical,48,0.0,nan,1.0,0.0,0.19999999999999998,0.0
0,last,17,rank8,8,60928,expression,canonical,24,0.0,nan,1.0,0.0,0.20000000000000004,0.0
0,last,17,rank8,8,60928,iid,canonical,24,0.0,nan,1.0,0.0,0.20000000000000004,0.0
0,last,17,rank8,8,60928,joint,canonical,96,0.0,nan,1.0,0.0,0.19999999999999998,0.0
0,last,17,rank8,8,60928,template,canonical,24,0.0,nan,1.0,0.0,0.20000000000000004,0.0
0,last,17,rank8,8,60928,topic,canonical,96,0.0,nan,1.0,0.0,0.19999999999999998,0.0
0,last,17,rank8,8,60928,train,canonical,168,0.0,nan,1.0,0.0,0.19999999999999996,0.0
0,last,17,rank8,8,60928,iid,paraphrase,24,0.0,nan,1.0,0.0,0.20000000000000004,0.0
0,last,17,rank8,8,60928,topic,paraphrase,96,0.0,nan,1.0,0.0,0.19999999999999998,0.0
0,last,17,rank8,8,60928,template,paraphrase,24,0.0,nan,1.0,0.0,0.20000000000000004,0.0
0,last,17,rank8,8,60928,expression,paraphrase,24,0.0,nan,1.0,0.0,0.20000000000000004,0.0
0,last,17,rank8,8,60928,joint,paraphrase,96,0.0,nan,1.0,0.0,0.19999999999999998,0.0
0,last,17,rank16,16,118272,dev,canonical,48,0.0,nan,1.0,0.0,0.19999999999999998,0.0
0,last,17,rank16,16,118272,expression,canonical,24,0.0,nan,1.0,0.0,0.20000000000000004,0.0
0,last,17,rank16,16,118272,iid,canonical,24,0.0,nan,1.0,0.0,0.20000000000000004,0.0
0,last,17,rank16,16,118272,joint,canonical,96,0.0,nan,1.0,0.0,0.19999999999999998,0.0
0,last,17,rank16,16,118272,template,canonical,24,0.0,nan,1.0,0.0,0.20000000000000004,0.0
0,last,17,rank16,16,118272,topic,canonical,96,0.0,nan,1.0,0.0,0.19999999999999998,0.0
0,last,17,rank16,16,118272,train,canonical,168,0.0,nan,1.0,0.0,0.19999999999999996,0.0
0,last,17,rank16,16,118272,iid,paraphrase,24,0.0,nan,1.0,0.0,0.20000000000000004,0.0
0,last,17,rank16,16,118272,topic,paraphrase,96,0.0,nan,1.0,0.0,0.19999999999999998,0.0
0,last,17,rank16,16,118272,template,paraphrase,24,0.0,nan,1.0,0.0,0.20000000000000004,0.0
0,last,17,rank16,16,118272,expression,paraphrase,24,0.0,nan,1.0,0.0,0.20000000000000004,0.0
0,last,17,rank16,16,118272,joint,paraphrase,96,0.0,nan,1.0,0.0,0.19999999999999998,0.0
0,last,17,rank32,32,232960,dev,canonical,48,0.0,nan,1.0,0.0,0.19999999999999998,0.0
0,last,17,rank32,32,232960,expression,canonical,24,0.0,nan,1.0,0.0,0.20000000000000004,0.0
0,last,17,rank32,32,232960,iid,canonical,24,0.0,nan,1.0,0.0,0.20000000000000004,0.0
0,last,17,rank32,32,232960,joint,canonical,96,0.0,nan,1.0,0.0,0.19999999999999998,0.0
0,last,17,rank32,32,232960,template,canonical,24,0.0,nan,1.0,0.0,0.20000000000000004,0.0
0,last,17,rank32,32,232960,topic,canonical,96,0.0,nan,1.0,0.0,0.19999999999999998,0.0
0,last,17,rank32,32,232960,train,canonical,168,0.0,nan,1.0,0.0,0.19999999999999996,0.0
0,last,17,rank32,32,232960,iid,paraphrase,24,0.0,nan,1.0,0.0,0.20000000000000004,0.0
0,last,17,rank32,32,232960,topic,paraphrase,96,0.0,nan,1.0,0.0,0.19999999999999998,0.0
0,last,17,rank32,32,232960,template,paraphrase,24,0.0,nan,1.0,0.0,0.20000000000000004,0.0
0,last,17,rank32,32,232960,expression,paraphrase,24,0.0,nan,1.0,0.0,0.20000000000000004,0.0
0,last,17,rank32,32,232960,joint,paraphrase,96,0.0,nan,1.0,0.0,0.19999999999999998,0.0
0,last,29,identity,0,0,dev,canonical,48,0.0,nan,1.0,0.0,0.19999999999999998,0.0
0,last,29,identity,0,0,expression,canonical,24,0.0,nan,1.0,0.0,0.20000000000000004,0.0
0,last,29,identity,0,0,iid,canonical,24,0.0,nan,1.0,0.0,0.20000000000000004,0.0
0,last,29,identity,0,0,joint,canonical,96,0.0,nan,1.0,0.0,0.19999999999999998,0.0
0,last,29,identity,0,0,template,canonical,24,0.0,nan,1.0,0.0,0.20000000000000004,0.0
0,last,29,identity,0,0,topic,canonical,96,0.0,nan,1.0,0.0,0.19999999999999998,0.0
0,last,29,identity,0,0,train,canonical,168,0.0,nan,1.0,0.0,0.19999999999999996,0.0
0,last,29,identity,0,0,iid,paraphrase,24,0.0,nan,1.0,0.0,0.20000000000000004,0.0
0,last,29,identity,0,0,topic,paraphrase,96,0.0,nan,1.0,0.0,0.19999999999999998,0.0
0,last,29,identity,0,0,template,paraphrase,24,0.0,nan,1.0,0.0,0.20000000000000004,0.0
0,last,29,identity,0,0,expression,paraphrase,24,0.0,nan,1.0,0.0,0.20000000000000004,0.0
0,last,29,identity,0,0,joint,paraphrase,96,0.0,nan,1.0,0.0,0.19999999999999998,0.0
0,last,29,shift,0,3584,dev,canonical,48,0.0,nan,1.0,0.0,0.19999999999999998,0.0
0,last,29,shift,0,3584,expression,canonical,24,0.0,nan,1.0,0.0,0.20000000000000004,0.0
0,last,29,shift,0,3584,iid,canonical,24,0.0,nan,1.0,0.0,0.20000000000000004,0.0
0,last,29,shift,0,3584,joint,canonical,96,0.0,nan,1.0,0.0,0.19999999999999998,0.0
0,last,29,shift,0,3584,template,canonical,24,0.0,nan,1.0,0.0,0.20000000000000004,0.0
0,last,29,shift,0,3584,topic,canonical,96,0.0,nan,1.0,0.0,0.19999999999999998,0.0
0,last,29,shift,0,3584,train,canonical,168,0.0,nan,1.0,0.0,0.19999999999999996,0.0
0,last,29,shift,0,3584,iid,paraphrase,24,0.0,nan,1.0,0.0,0.20000000000000004,0.0
0,last,29,shift,0,3584,topic,paraphrase,96,0.0,nan,1.0,0.0,0.19999999999999998,0.0
0,last,29,shift,0,3584,template,paraphrase,24,0.0,nan,1.0,0.0,0.20000000000000004,0.0
0,last,29,shift,0,3584,expression,paraphrase,24,0.0,nan,1.0,0.0,0.20000000000000004,0.0
0,last,29,shift,0,3584,joint,paraphrase,96,0.0,nan,1.0,0.0,0.19999999999999998,0.0
0,last,29,lowrank,1,10752,dev,canonical,48,0.0,nan,1.0,0.0,0.19999999999999998,0.0
0,last,29,lowrank,1,10752,expression,canonical,24,0.0,nan,1.0,0.0,0.20000000000000004,0.0
0,last,29,lowrank,1,10752,iid,canonical,24,0.0,nan,1.0,0.0,0.20000000000000004,0.0
0,last,29,lowrank,1,10752,joint,canonical,96,0.0,nan,1.0,0.0,0.19999999999999998,0.0
0,last,29,lowrank,1,10752,template,canonical,24,0.0,nan,1.0,0.0,0.20000000000000004,0.0
0,last,29,lowrank,1,10752,topic,canonical,96,0.0,nan,1.0,0.0,0.19999999999999998,0.0
0,last,29,lowrank,1,10752,train,canonical,168,0.0,nan,1.0,0.0,0.19999999999999996,0.0
0,last,29,lowrank,1,10752,iid,paraphrase,24,0.0,nan,1.0,0.0,0.20000000000000004,0.0
0,last,29,lowrank,1,10752,topic,paraphrase,96,0.0,nan,1.0,0.0,0.19999999999999998,0.0
0,last,29,lowrank,1,10752,template,paraphrase,24,0.0,nan,1.0,0.0,0.20000000000000004,0.0
0,last,29,lowrank,1,10752,expression,paraphrase,24,0.0,nan,1.0,0.0,0.20000000000000004,0.0
0,last,29,lowrank,1,10752,joint,paraphrase,96,0.0,nan,1.0,0.0,0.19999999999999998,0.0
0,last,29,full_delta,0,12848640,dev,canonical,48,0.0,nan,1.0,0.0,0.19999999999999998,0.0
0,last,29,full_delta,0,12848640,expression,canonical,24,0.0,nan,1.0,0.0,0.20000000000000004,0.0
0,last,29,full_delta,0,12848640,iid,canonical,24,0.0,nan,1.0,0.0,0.20000000000000004,0.0
0,last,29,full_delta,0,12848640,joint,canonical,96,0.0,nan,1.0,0.0,0.19999999999999998,0.0
0,last,29,full_delta,0,12848640,template,canonical,24,0.0,nan,1.0,0.0,0.20000000000000004,0.0
0,last,29,full_delta,0,12848640,topic,canonical,96,0.0,nan,1.0,0.0,0.19999999999999998,0.0
0,last,29,full_delta,0,12848640,train,canonical,168,0.0,nan,1.0,0.0,0.19999999999999996,0.0
0,last,29,full_delta,0,12848640,iid,paraphrase,24,0.0,nan,1.0,0.0,0.20000000000000004,0.0
0,last,29,full_delta,0,12848640,topic,paraphrase,96,0.0,nan,1.0,0.0,0.19999999999999998,0.0
0,last,29,full_delta,0,12848640,template,paraphrase,24,0.0,nan,1.0,0.0,0.20000000000000004,0.0
0,last,29,full_delta,0,12848640,expression,paraphrase,24,0.0,nan,1.0,0.0,0.20000000000000004,0.0
0,last,29,full_delta,0,12848640,joint,paraphrase,96,0.0,nan,1.0,0.0,0.19999999999999998,0.0
0,last,29,full_affine,0,12848640,dev,canonical,48,0.0,nan,1.0,0.0,0.19999999999999998,0.0
0,last,29,full_affine,0,12848640,expression,canonical,24,0.0,nan,1.0,0.0,0.20000000000000004,0.0
0,last,29,full_affine,0,12848640,iid,canonical,24,0.0,nan,1.0,0.0,0.20000000000000004,0.0
0,last,29,full_affine,0,12848640,joint,canonical,96,0.0,nan,1.0,0.0,0.19999999999999998,0.0
0,last,29,full_affine,0,12848640,template,canonical,24,0.0,nan,1.0,0.0,0.20000000000000004,0.0
0,last,29,full_affine,0,12848640,topic,canonical,96,0.0,nan,1.0,0.0,0.19999999999999998,0.0
0,last,29,full_affine,0,12848640,train,canonical,168,0.0,nan,1.0,0.0,0.19999999999999996,0.0
0,last,29,full_affine,0,12848640,iid,paraphrase,24,0.0,nan,1.0,0.0,0.20000000000000004,0.0
0,last,29,full_affine,0,12848640,topic,paraphrase,96,0.0,nan,1.0,0.0,0.19999999999999998,0.0
0,last,29,full_affine,0,12848640,template,paraphrase,24,0.0,nan,1.0,0.0,0.20000000000000004,0.0
0,last,29,full_affine,0,12848640,expression,paraphrase,24,0.0,nan,1.0,0.0,0.20000000000000004,0.0
0,last,29,full_affine,0,12848640,joint,paraphrase,96,0.0,nan,1.0,0.0,0.19999999999999998,0.0
0,last,29,shuffled,1,10752,dev,canonical,48,0.0,nan,1.0,0.0,0.19999999999999998,0.0
0,last,29,shuffled,1,10752,expression,canonical,24,0.0,nan,1.0,0.0,0.20000000000000004,0.0
0,last,29,shuffled,1,10752,iid,canonical,24,0.0,nan,1.0,0.0,0.20000000000000004,0.0
0,last,29,shuffled,1,10752,joint,canonical,96,0.0,nan,1.0,0.0,0.19999999999999998,0.0
0,last,29,shuffled,1,10752,template,canonical,24,0.0,nan,1.0,0.0,0.20000000000000004,0.0
0,last,29,shuffled,1,10752,topic,canonical,96,0.0,nan,1.0,0.0,0.19999999999999998,0.0
0,last,29,shuffled,1,10752,train,canonical,168,0.0,nan,1.0,0.0,0.19999999999999996,0.0
0,last,29,shuffled,1,10752,iid,paraphrase,24,0.0,nan,1.0,0.0,0.20000000000000004,0.0
0,last,29,shuffled,1,10752,topic,paraphrase,96,0.0,nan,1.0,0.0,0.19999999999999998,0.0
0,last,29,shuffled,1,10752,template,paraphrase,24,0.0,nan,1.0,0.0,0.20000000000000004,0.0
0,last,29,shuffled,1,10752,expression,paraphrase,24,0.0,nan,1.0,0.0,0.20000000000000004,0.0
0,last,29,shuffled,1,10752,joint,paraphrase,96,0.0,nan,1.0,0.0,0.19999999999999998,0.0
0,last,29,random_subspace,1,7168,dev,canonical,48,0.0,nan,1.0,0.0,0.19999999999999998,0.0
0,last,29,random_subspace,1,7168,expression,canonical,24,0.0,nan,1.0,0.0,0.20000000000000004,0.0
0,last,29,random_subspace,1,7168,iid,canonical,24,0.0,nan,1.0,0.0,0.20000000000000004,0.0
0,last,29,random_subspace,1,7168,joint,canonical,96,0.0,nan,1.0,0.0,0.19999999999999998,0.0
0,last,29,random_subspace,1,7168,template,canonical,24,0.0,nan,1.0,0.0,0.20000000000000004,0.0
0,last,29,random_subspace,1,7168,topic,canonical,96,0.0,nan,1.0,0.0,0.19999999999999998,0.0
0,last,29,random_subspace,1,7168,train,canonical,168,0.0,nan,1.0,0.0,0.19999999999999996,0.0
0,last,29,random_subspace,1,7168,iid,paraphrase,24,0.0,nan,1.0,0.0,0.20000000000000004,0.0
0,last,29,random_subspace,1,7168,topic,paraphrase,96,0.0,nan,1.0,0.0,0.19999999999999998,0.0
0,last,29,random_subspace,1,7168,template,paraphrase,24,0.0,nan,1.0,0.0,0.20000000000000004,0.0
0,last,29,random_subspace,1,7168,expression,paraphrase,24,0.0,nan,1.0,0.0,0.20000000000000004,0.0
0,last,29,random_subspace,1,7168,joint,paraphrase,96,0.0,nan,1.0,0.0,0.19999999999999998,0.0
0,last,29,rank1,1,10752,dev,canonical,48,0.0,nan,1.0,0.0,0.19999999999999998,0.0
0,last,29,rank1,1,10752,expression,canonical,24,0.0,nan,1.0,0.0,0.20000000000000004,0.0
0,last,29,rank1,1,10752,iid,canonical,24,0.0,nan,1.0,0.0,0.20000000000000004,0.0
0,last,29,rank1,1,10752,joint,canonical,96,0.0,nan,1.0,0.0,0.19999999999999998,0.0
0,last,29,rank1,1,10752,template,canonical,24,0.0,nan,1.0,0.0,0.20000000000000004,0.0
0,last,29,rank1,1,10752,topic,canonical,96,0.0,nan,1.0,0.0,0.19999999999999998,0.0
0,last,29,rank1,1,10752,train,canonical,168,0.0,nan,1.0,0.0,0.19999999999999996,0.0
0,last,29,rank1,1,10752,iid,paraphrase,24,0.0,nan,1.0,0.0,0.20000000000000004,0.0
0,last,29,rank1,1,10752,topic,paraphrase,96,0.0,nan,1.0,0.0,0.19999999999999998,0.0
0,last,29,rank1,1,10752,template,paraphrase,24,0.0,nan,1.0,0.0,0.20000000000000004,0.0
0,last,29,rank1,1,10752,expression,paraphrase,24,0.0,nan,1.0,0.0,0.20000000000000004,0.0
0,last,29,rank1,1,10752,joint,paraphrase,96,0.0,nan,1.0,0.0,0.19999999999999998,0.0
0,last,29,rank2,2,17920,dev,canonical,48,0.0,nan,1.0,0.0,0.19999999999999998,0.0
0,last,29,rank2,2,17920,expression,canonical,24,0.0,nan,1.0,0.0,0.20000000000000004,0.0
0,last,29,rank2,2,17920,iid,canonical,24,0.0,nan,1.0,0.0,0.20000000000000004,0.0
0,last,29,rank2,2,17920,joint,canonical,96,0.0,nan,1.0,0.0,0.19999999999999998,0.0
0,last,29,rank2,2,17920,template,canonical,24,0.0,nan,1.0,0.0,0.20000000000000004,0.0
0,last,29,rank2,2,17920,topic,canonical,96,0.0,nan,1.0,0.0,0.19999999999999998,0.0
0,last,29,rank2,2,17920,train,canonical,168,0.0,nan,1.0,0.0,0.19999999999999996,0.0
0,last,29,rank2,2,17920,iid,paraphrase,24,0.0,nan,1.0,0.0,0.20000000000000004,0.0
0,last,29,rank2,2,17920,topic,paraphrase,96,0.0,nan,1.0,0.0,0.19999999999999998,0.0
0,last,29,rank2,2,17920,template,paraphrase,24,0.0,nan,1.0,0.0,0.20000000000000004,0.0
0,last,29,rank2,2,17920,expression,paraphrase,24,0.0,nan,1.0,0.0,0.20000000000000004,0.0
0,last,29,rank2,2,17920,joint,paraphrase,96,0.0,nan,1.0,0.0,0.19999999999999998,0.0
0,last,29,rank4,4,32256,dev,canonical,48,0.0,nan,1.0,0.0,0.19999999999999998,0.0
0,last,29,rank4,4,32256,expression,canonical,24,0.0,nan,1.0,0.0,0.20000000000000004,0.0
0,last,29,rank4,4,32256,iid,canonical,24,0.0,nan,1.0,0.0,0.20000000000000004,0.0
0,last,29,rank4,4,32256,joint,canonical,96,0.0,nan,1.0,0.0,0.19999999999999998,0.0
0,last,29,rank4,4,32256,template,canonical,24,0.0,nan,1.0,0.0,0.20000000000000004,0.0
0,last,29,rank4,4,32256,topic,canonical,96,0.0,nan,1.0,0.0,0.19999999999999998,0.0
0,last,29,rank4,4,32256,train,canonical,168,0.0,nan,1.0,0.0,0.19999999999999996,0.0
0,last,29,rank4,4,32256,iid,paraphrase,24,0.0,nan,1.0,0.0,0.20000000000000004,0.0
0,last,29,rank4,4,32256,topic,paraphrase,96,0.0,nan,1.0,0.0,0.19999999999999998,0.0
0,last,29,rank4,4,32256,template,paraphrase,24,0.0,nan,1.0,0.0,0.20000000000000004,0.0
0,last,29,rank4,4,32256,expression,paraphrase,24,0.0,nan,1.0,0.0,0.20000000000000004,0.0
0,last,29,rank4,4,32256,joint,paraphrase,96,0.0,nan,1.0,0.0,0.19999999999999998,0.0
0,last,29,rank8,8,60928,dev,canonical,48,0.0,nan,1.0,0.0,0.19999999999999998,0.0
0,last,29,rank8,8,60928,expression,canonical,24,0.0,nan,1.0,0.0,0.20000000000000004,0.0
0,last,29,rank8,8,60928,iid,canonical,24,0.0,nan,1.0,0.0,0.20000000000000004,0.0
0,last,29,rank8,8,60928,joint,canonical,96,0.0,nan,1.0,0.0,0.19999999999999998,0.0
0,last,29,rank8,8,60928,template,canonical,24,0.0,nan,1.0,0.0,0.20000000000000004,0.0
0,last,29,rank8,8,60928,topic,canonical,96,0.0,nan,1.0,0.0,0.19999999999999998,0.0
0,last,29,rank8,8,60928,train,canonical,168,0.0,nan,1.0,0.0,0.19999999999999996,0.0
0,last,29,rank8,8,60928,iid,paraphrase,24,0.0,nan,1.0,0.0,0.20000000000000004,0.0
0,last,29,rank8,8,60928,topic,paraphrase,96,0.0,nan,1.0,0.0,0.19999999999999998,0.0
0,last,29,rank8,8,60928,template,paraphrase,24,0.0,nan,1.0,0.0,0.20000000000000004,0.0
0,last,29,rank8,8,60928,expression,paraphrase,24,0.0,nan,1.0,0.0,0.20000000000000004,0.0
0,last,29,rank8,8,60928,joint,paraphrase,96,0.0,nan,1.0,0.0,0.19999999999999998,0.0
0,last,29,rank16,16,118272,dev,canonical,48,0.0,nan,1.0,0.0,0.19999999999999998,0.0
0,last,29,rank16,16,118272,expression,canonical,24,0.0,nan,1.0,0.0,0.20000000000000004,0.0
0,last,29,rank16,16,118272,iid,canonical,24,0.0,nan,1.0,0.0,0.20000000000000004,0.0
0,last,29,rank16,16,118272,joint,canonical,96,0.0,nan,1.0,0.0,0.19999999999999998,0.0
0,last,29,rank16,16,118272,template,canonical,24,0.0,nan,1.0,0.0,0.20000000000000004,0.0
0,last,29,rank16,16,118272,topic,canonical,96,0.0,nan,1.0,0.0,0.19999999999999998,0.0
0,last,29,rank16,16,118272,train,canonical,168,0.0,nan,1.0,0.0,0.19999999999999996,0.0
0,last,29,rank16,16,118272,iid,paraphrase,24,0.0,nan,1.0,0.0,0.20000000000000004,0.0
0,last,29,rank16,16,118272,topic,paraphrase,96,0.0,nan,1.0,0.0,0.19999999999999998,0.0
0,last,29,rank16,16,118272,template,paraphrase,24,0.0,nan,1.0,0.0,0.20000000000000004,0.0
0,last,29,rank16,16,118272,expression,paraphrase,24,0.0,nan,1.0,0.0,0.20000000000000004,0.0
0,last,29,rank16,16,118272,joint,paraphrase,96,0.0,nan,1.0,0.0,0.19999999999999998,0.0
0,last,29,rank32,32,232960,dev,canonical,48,0.0,nan,1.0,0.0,0.19999999999999998,0.0
0,last,29,rank32,32,232960,expression,canonical,24,0.0,nan,1.0,0.0,0.20000000000000004,0.0
0,last,29,rank32,32,232960,iid,canonical,24,0.0,nan,1.0,0.0,0.20000000000000004,0.0
0,last,29,rank32,32,232960,joint,canonical,96,0.0,nan,1.0,0.0,0.19999999999999998,0.0
0,last,29,rank32,32,232960,template,canonical,24,0.0,nan,1.0,0.0,0.20000000000000004,0.0
0,last,29,rank32,32,232960,topic,canonical,96,0.0,nan,1.0,0.0,0.19999999999999998,0.0
0,last,29,rank32,32,232960,train,canonical,168,0.0,nan,1.0,0.0,0.19999999999999996,0.0
0,last,29,rank32,32,232960,iid,paraphrase,24,0.0,nan,1.0,0.0,0.20000000000000004,0.0
0,last,29,rank32,32,232960,topic,paraphrase,96,0.0,nan,1.0,0.0,0.19999999999999998,0.0
0,last,29,rank32,32,232960,template,paraphrase,24,0.0,nan,1.0,0.0,0.20000000000000004,0.0
0,last,29,rank32,32,232960,expression,paraphrase,24,0.0,nan,1.0,0.0,0.20000000000000004,0.0
0,last,29,rank32,32,232960,joint,paraphrase,96,0.0,nan,1.0,0.0,0.19999999999999998,0.0
0,last,43,identity,0,0,dev,canonical,48,0.0,nan,1.0,0.0,0.19999999999999998,0.0
0,last,43,identity,0,0,expression,canonical,24,0.0,nan,1.0,0.0,0.20000000000000004,0.0
0,last,43,identity,0,0,iid,canonical,24,0.0,nan,1.0,0.0,0.20000000000000004,0.0
0,last,43,identity,0,0,joint,canonical,96,0.0,nan,1.0,0.0,0.19999999999999998,0.0
0,last,43,identity,0,0,template,canonical,24,0.0,nan,1.0,0.0,0.20000000000000004,0.0
0,last,43,identity,0,0,topic,canonical,96,0.0,nan,1.0,0.0,0.19999999999999998,0.0
0,last,43,identity,0,0,train,canonical,168,0.0,nan,1.0,0.0,0.19999999999999996,0.0
0,last,43,identity,0,0,iid,paraphrase,24,0.0,nan,1.0,0.0,0.20000000000000004,0.0
0,last,43,identity,0,0,topic,paraphrase,96,0.0,nan,1.0,0.0,0.19999999999999998,0.0
0,last,43,identity,0,0,template,paraphrase,24,0.0,nan,1.0,0.0,0.20000000000000004,0.0
0,last,43,identity,0,0,expression,paraphrase,24,0.0,nan,1.0,0.0,0.20000000000000004,0.0
0,last,43,identity,0,0,joint,paraphrase,96,0.0,nan,1.0,0.0,0.19999999999999998,0.0
0,last,43,shift,0,3584,dev,canonical,48,0.0,nan,1.0,0.0,0.19999999999999998,0.0
0,last,43,shift,0,3584,expression,canonical,24,0.0,nan,1.0,0.0,0.20000000000000004,0.0
0,last,43,shift,0,3584,iid,canonical,24,0.0,nan,1.0,0.0,0.20000000000000004,0.0
0,last,43,shift,0,3584,joint,canonical,96,0.0,nan,1.0,0.0,0.19999999999999998,0.0
0,last,43,shift,0,3584,template,canonical,24,0.0,nan,1.0,0.0,0.20000000000000004,0.0
0,last,43,shift,0,3584,topic,canonical,96,0.0,nan,1.0,0.0,0.19999999999999998,0.0
0,last,43,shift,0,3584,train,canonical,168,0.0,nan,1.0,0.0,0.19999999999999996,0.0
0,last,43,shift,0,3584,iid,paraphrase,24,0.0,nan,1.0,0.0,0.20000000000000004,0.0
0,last,43,shift,0,3584,topic,paraphrase,96,0.0,nan,1.0,0.0,0.19999999999999998,0.0
0,last,43,shift,0,3584,template,paraphrase,24,0.0,nan,1.0,0.0,0.20000000000000004,0.0
0,last,43,shift,0,3584,expression,paraphrase,24,0.0,nan,1.0,0.0,0.20000000000000004,0.0
0,last,43,shift,0,3584,joint,paraphrase,96,0.0,nan,1.0,0.0,0.19999999999999998,0.0
0,last,43,lowrank,1,10752,dev,canonical,48,0.0,nan,1.0,0.0,0.19999999999999998,0.0
0,last,43,lowrank,1,10752,expression,canonical,24,0.0,nan,1.0,0.0,0.20000000000000004,0.0
0,last,43,lowrank,1,10752,iid,canonical,24,0.0,nan,1.0,0.0,0.20000000000000004,0.0
0,last,43,lowrank,1,10752,joint,canonical,96,0.0,nan,1.0,0.0,0.19999999999999998,0.0
0,last,43,lowrank,1,10752,template,canonical,24,0.0,nan,1.0,0.0,0.20000000000000004,0.0
0,last,43,lowrank,1,10752,topic,canonical,96,0.0,nan,1.0,0.0,0.19999999999999998,0.0
0,last,43,lowrank,1,10752,train,canonical,168,0.0,nan,1.0,0.0,0.19999999999999996,0.0
0,last,43,lowrank,1,10752,iid,paraphrase,24,0.0,nan,1.0,0.0,0.20000000000000004,0.0
0,last,43,lowrank,1,10752,topic,paraphrase,96,0.0,nan,1.0,0.0,0.19999999999999998,0.0
0,last,43,lowrank,1,10752,template,paraphrase,24,0.0,nan,1.0,0.0,0.20000000000000004,0.0
0,last,43,lowrank,1,10752,expression,paraphrase,24,0.0,nan,1.0,0.0,0.20000000000000004,0.0
0,last,43,lowrank,1,10752,joint,paraphrase,96,0.0,nan,1.0,0.0,0.19999999999999998,0.0
0,last,43,full_delta,0,12848640,dev,canonical,48,0.0,nan,1.0,0.0,0.19999999999999998,0.0
0,last,43,full_delta,0,12848640,expression,canonical,24,0.0,nan,1.0,0.0,0.20000000000000004,0.0
0,last,43,full_delta,0,12848640,iid,canonical,24,0.0,nan,1.0,0.0,0.20000000000000004,0.0
0,last,43,full_delta,0,12848640,joint,canonical,96,0.0,nan,1.0,0.0,0.19999999999999998,0.0
0,last,43,full_delta,0,12848640,template,canonical,24,0.0,nan,1.0,0.0,0.20000000000000004,0.0
0,last,43,full_delta,0,12848640,topic,canonical,96,0.0,nan,1.0,0.0,0.19999999999999998,0.0
0,last,43,full_delta,0,12848640,train,canonical,168,0.0,nan,1.0,0.0,0.19999999999999996,0.0
0,last,43,full_delta,0,12848640,iid,paraphrase,24,0.0,nan,1.0,0.0,0.20000000000000004,0.0
0,last,43,full_delta,0,12848640,topic,paraphrase,96,0.0,nan,1.0,0.0,0.19999999999999998,0.0
0,last,43,full_delta,0,12848640,template,paraphrase,24,0.0,nan,1.0,0.0,0.20000000000000004,0.0
0,last,43,full_delta,0,12848640,expression,paraphrase,24,0.0,nan,1.0,0.0,0.20000000000000004,0.0
0,last,43,full_delta,0,12848640,joint,paraphrase,96,0.0,nan,1.0,0.0,0.19999999999999998,0.0
0,last,43,full_affine,0,12848640,dev,canonical,48,0.0,nan,1.0,0.0,0.19999999999999998,0.0
0,last,43,full_affine,0,12848640,expression,canonical,24,0.0,nan,1.0,0.0,0.20000000000000004,0.0
0,last,43,full_affine,0,12848640,iid,canonical,24,0.0,nan,1.0,0.0,0.20000000000000004,0.0
0,last,43,full_affine,0,12848640,joint,canonical,96,0.0,nan,1.0,0.0,0.19999999999999998,0.0
0,last,43,full_affine,0,12848640,template,canonical,24,0.0,nan,1.0,0.0,0.20000000000000004,0.0
0,last,43,full_affine,0,12848640,topic,canonical,96,0.0,nan,1.0,0.0,0.19999999999999998,0.0
0,last,43,full_affine,0,12848640,train,canonical,168,0.0,nan,1.0,0.0,0.19999999999999996,0.0
0,last,43,full_affine,0,12848640,iid,paraphrase,24,0.0,nan,1.0,0.0,0.20000000000000004,0.0
0,last,43,full_affine,0,12848640,topic,paraphrase,96,0.0,nan,1.0,0.0,0.19999999999999998,0.0
0,last,43,full_affine,0,12848640,template,paraphrase,24,0.0,nan,1.0,0.0,0.20000000000000004,0.0
0,last,43,full_affine,0,12848640,expression,paraphrase,24,0.0,nan,1.0,0.0,0.20000000000000004,0.0
0,last,43,full_affine,0,12848640,joint,paraphrase,96,0.0,nan,1.0,0.0,0.19999999999999998,0.0
0,last,43,shuffled,1,10752,dev,canonical,48,0.0,nan,1.0,0.0,0.19999999999999998,0.0
0,last,43,shuffled,1,10752,expression,canonical,24,0.0,nan,1.0,0.0,0.20000000000000004,0.0
0,last,43,shuffled,1,10752,iid,canonical,24,0.0,nan,1.0,0.0,0.20000000000000004,0.0
0,last,43,shuffled,1,10752,joint,canonical,96,0.0,nan,1.0,0.0,0.19999999999999998,0.0
0,last,43,shuffled,1,10752,template,canonical,24,0.0,nan,1.0,0.0,0.20000000000000004,0.0
0,last,43,shuffled,1,10752,topic,canonical,96,0.0,nan,1.0,0.0,0.19999999999999998,0.0
0,last,43,shuffled,1,10752,train,canonical,168,0.0,nan,1.0,0.0,0.19999999999999996,0.0
0,last,43,shuffled,1,10752,iid,paraphrase,24,0.0,nan,1.0,0.0,0.20000000000000004,0.0
0,last,43,shuffled,1,10752,topic,paraphrase,96,0.0,nan,1.0,0.0,0.19999999999999998,0.0
0,last,43,shuffled,1,10752,template,paraphrase,24,0.0,nan,1.0,0.0,0.20000000000000004,0.0
0,last,43,shuffled,1,10752,expression,paraphrase,24,0.0,nan,1.0,0.0,0.20000000000000004,0.0
0,last,43,shuffled,1,10752,joint,paraphrase,96,0.0,nan,1.0,0.0,0.19999999999999998,0.0
0,last,43,random_subspace,1,7168,dev,canonical,48,0.0,nan,1.0,0.0,0.19999999999999998,0.0
0,last,43,random_subspace,1,7168,expression,canonical,24,0.0,nan,1.0,0.0,0.20000000000000004,0.0
0,last,43,random_subspace,1,7168,iid,canonical,24,0.0,nan,1.0,0.0,0.20000000000000004,0.0
0,last,43,random_subspace,1,7168,joint,canonical,96,0.0,nan,1.0,0.0,0.19999999999999998,0.0
0,last,43,random_subspace,1,7168,template,canonical,24,0.0,nan,1.0,0.0,0.20000000000000004,0.0
0,last,43,random_subspace,1,7168,topic,canonical,96,0.0,nan,1.0,0.0,0.19999999999999998,0.0
0,last,43,random_subspace,1,7168,train,canonical,168,0.0,nan,1.0,0.0,0.19999999999999996,0.0
0,last,43,random_subspace,1,7168,iid,paraphrase,24,0.0,nan,1.0,0.0,0.20000000000000004,0.0
0,last,43,random_subspace,1,7168,topic,paraphrase,96,0.0,nan,1.0,0.0,0.19999999999999998,0.0
0,last,43,random_subspace,1,7168,template,paraphrase,24,0.0,nan,1.0,0.0,0.20000000000000004,0.0
0,last,43,random_subspace,1,7168,expression,paraphrase,24,0.0,nan,1.0,0.0,0.20000000000000004,0.0
0,last,43,random_subspace,1,7168,joint,paraphrase,96,0.0,nan,1.0,0.0,0.19999999999999998,0.0
0,last,43,rank1,1,10752,dev,canonical,48,0.0,nan,1.0,0.0,0.19999999999999998,0.0
0,last,43,rank1,1,10752,expression,canonical,24,0.0,nan,1.0,0.0,0.20000000000000004,0.0
0,last,43,rank1,1,10752,iid,canonical,24,0.0,nan,1.0,0.0,0.20000000000000004,0.0
0,last,43,rank1,1,10752,joint,canonical,96,0.0,nan,1.0,0.0,0.19999999999999998,0.0
0,last,43,rank1,1,10752,template,canonical,24,0.0,nan,1.0,0.0,0.20000000000000004,0.0
0,last,43,rank1,1,10752,topic,canonical,96,0.0,nan,1.0,0.0,0.19999999999999998,0.0
0,last,43,rank1,1,10752,train,canonical,168,0.0,nan,1.0,0.0,0.19999999999999996,0.0
0,last,43,rank1,1,10752,iid,paraphrase,24,0.0,nan,1.0,0.0,0.20000000000000004,0.0
0,last,43,rank1,1,10752,topic,paraphrase,96,0.0,nan,1.0,0.0,0.19999999999999998,0.0
0,last,43,rank1,1,10752,template,paraphrase,24,0.0,nan,1.0,0.0,0.20000000000000004,0.0
0,last,43,rank1,1,10752,expression,paraphrase,24,0.0,nan,1.0,0.0,0.20000000000000004,0.0
0,last,43,rank1,1,10752,joint,paraphrase,96,0.0,nan,1.0,0.0,0.19999999999999998,0.0
0,last,43,rank2,2,17920,dev,canonical,48,0.0,nan,1.0,0.0,0.19999999999999998,0.0
0,last,43,rank2,2,17920,expression,canonical,24,0.0,nan,1.0,0.0,0.20000000000000004,0.0
0,last,43,rank2,2,17920,iid,canonical,24,0.0,nan,1.0,0.0,0.20000000000000004,0.0
0,last,43,rank2,2,17920,joint,canonical,96,0.0,nan,1.0,0.0,0.19999999999999998,0.0
0,last,43,rank2,2,17920,template,canonical,24,0.0,nan,1.0,0.0,0.20000000000000004,0.0
0,last,43,rank2,2,17920,topic,canonical,96,0.0,nan,1.0,0.0,0.19999999999999998,0.0
0,last,43,rank2,2,17920,train,canonical,168,0.0,nan,1.0,0.0,0.19999999999999996,0.0
0,last,43,rank2,2,17920,iid,paraphrase,24,0.0,nan,1.0,0.0,0.20000000000000004,0.0
0,last,43,rank2,2,17920,topic,paraphrase,96,0.0,nan,1.0,0.0,0.19999999999999998,0.0
0,last,43,rank2,2,17920,template,paraphrase,24,0.0,nan,1.0,0.0,0.20000000000000004,0.0
0,last,43,rank2,2,17920,expression,paraphrase,24,0.0,nan,1.0,0.0,0.20000000000000004,0.0
0,last,43,rank2,2,17920,joint,paraphrase,96,0.0,nan,1.0,0.0,0.19999999999999998,0.0
0,last,43,rank4,4,32256,dev,canonical,48,0.0,nan,1.0,0.0,0.19999999999999998,0.0
0,last,43,rank4,4,32256,expression,canonical,24,0.0,nan,1.0,0.0,0.20000000000000004,0.0
0,last,43,rank4,4,32256,iid,canonical,24,0.0,nan,1.0,0.0,0.20000000000000004,0.0
0,last,43,rank4,4,32256,joint,canonical,96,0.0,nan,1.0,0.0,0.19999999999999998,0.0
0,last,43,rank4,4,32256,template,canonical,24,0.0,nan,1.0,0.0,0.20000000000000004,0.0
0,last,43,rank4,4,32256,topic,canonical,96,0.0,nan,1.0,0.0,0.19999999999999998,0.0
0,last,43,rank4,4,32256,train,canonical,168,0.0,nan,1.0,0.0,0.19999999999999996,0.0
0,last,43,rank4,4,32256,iid,paraphrase,24,0.0,nan,1.0,0.0,0.20000000000000004,0.0
0,last,43,rank4,4,32256,topic,paraphrase,96,0.0,nan,1.0,0.0,0.19999999999999998,0.0
0,last,43,rank4,4,32256,template,paraphrase,24,0.0,nan,1.0,0.0,0.20000000000000004,0.0
0,last,43,rank4,4,32256,expression,paraphrase,24,0.0,nan,1.0,0.0,0.20000000000000004,0.0
0,last,43,rank4,4,32256,joint,paraphrase,96,0.0,nan,1.0,0.0,0.19999999999999998,0.0
0,last,43,rank8,8,60928,dev,canonical,48,0.0,nan,1.0,0.0,0.19999999999999998,0.0
0,last,43,rank8,8,60928,expression,canonical,24,0.0,nan,1.0,0.0,0.20000000000000004,0.0
0,last,43,rank8,8,60928,iid,canonical,24,0.0,nan,1.0,0.0,0.20000000000000004,0.0
0,last,43,rank8,8,60928,joint,canonical,96,0.0,nan,1.0,0.0,0.19999999999999998,0.0
0,last,43,rank8,8,60928,template,canonical,24,0.0,nan,1.0,0.0,0.20000000000000004,0.0
0,last,43,rank8,8,60928,topic,canonical,96,0.0,nan,1.0,0.0,0.19999999999999998,0.0
0,last,43,rank8,8,60928,train,canonical,168,0.0,nan,1.0,0.0,0.19999999999999996,0.0
0,last,43,rank8,8,60928,iid,paraphrase,24,0.0,nan,1.0,0.0,0.20000000000000004,0.0
0,last,43,rank8,8,60928,topic,paraphrase,96,0.0,nan,1.0,0.0,0.19999999999999998,0.0
0,last,43,rank8,8,60928,template,paraphrase,24,0.0,nan,1.0,0.0,0.20000000000000004,0.0
0,last,43,rank8,8,60928,expression,paraphrase,24,0.0,nan,1.0,0.0,0.20000000000000004,0.0
0,last,43,rank8,8,60928,joint,paraphrase,96,0.0,nan,1.0,0.0,0.19999999999999998,0.0
0,last,43,rank16,16,118272,dev,canonical,48,0.0,nan,1.0,0.0,0.19999999999999998,0.0
0,last,43,rank16,16,118272,expression,canonical,24,0.0,nan,1.0,0.0,0.20000000000000004,0.0
0,last,43,rank16,16,118272,iid,canonical,24,0.0,nan,1.0,0.0,0.20000000000000004,0.0
0,last,43,rank16,16,118272,joint,canonical,96,0.0,nan,1.0,0.0,0.19999999999999998,0.0
0,last,43,rank16,16,118272,template,canonical,24,0.0,nan,1.0,0.0,0.20000000000000004,0.0
0,last,43,rank16,16,118272,topic,canonical,96,0.0,nan,1.0,0.0,0.19999999999999998,0.0
0,last,43,rank16,16,118272,train,canonical,168,0.0,nan,1.0,0.0,0.19999999999999996,0.0
0,last,43,rank16,16,118272,iid,paraphrase,24,0.0,nan,1.0,0.0,0.20000000000000004,0.0
0,last,43,rank16,16,118272,topic,paraphrase,96,0.0,nan,1.0,0.0,0.19999999999999998,0.0
0,last,43,rank16,16,118272,template,paraphrase,24,0.0,nan,1.0,0.0,0.20000000000000004,0.0
0,last,43,rank16,16,118272,expression,paraphrase,24,0.0,nan,1.0,0.0,0.20000000000000004,0.0
0,last,43,rank16,16,118272,joint,paraphrase,96,0.0,nan,1.0,0.0,0.19999999999999998,0.0
0,last,43,rank32,32,232960,dev,canonical,48,0.0,nan,1.0,0.0,0.19999999999999998,0.0
0,last,43,rank32,32,232960,expression,canonical,24,0.0,nan,1.0,0.0,0.20000000000000004,0.0
0,last,43,rank32,32,232960,iid,canonical,24,0.0,nan,1.0,0.0,0.20000000000000004,0.0
0,last,43,rank32,32,232960,joint,canonical,96,0.0,nan,1.0,0.0,0.19999999999999998,0.0
0,last,43,rank32,32,232960,template,canonical,24,0.0,nan,1.0,0.0,0.20000000000000004,0.0
0,last,43,rank32,32,232960,topic,canonical,96,0.0,nan,1.0,0.0,0.19999999999999998,0.0
0,last,43,rank32,32,232960,train,canonical,168,0.0,nan,1.0,0.0,0.19999999999999996,0.0
0,last,43,rank32,32,232960,iid,paraphrase,24,0.0,nan,1.0,0.0,0.20000000000000004,0.0
0,last,43,rank32,32,232960,topic,paraphrase,96,0.0,nan,1.0,0.0,0.19999999999999998,0.0
0,last,43,rank32,32,232960,template,paraphrase,24,0.0,nan,1.0,0.0,0.20000000000000004,0.0
0,last,43,rank32,32,232960,expression,paraphrase,24,0.0,nan,1.0,0.0,0.20000000000000004,0.0
0,last,43,rank32,32,232960,joint,paraphrase,96,0.0,nan,1.0,0.0,0.19999999999999998,0.0
0,mean,17,identity,0,0,dev,canonical,48,6.699968855527166e-06,0.0,0.9044011521617478,0.0,0.5,0.0
0,mean,17,identity,0,0,expression,canonical,24,6.617515117095302e-06,0.0,0.8992706384392223,0.0,0.5,0.0
0,mean,17,identity,0,0,iid,canonical,24,7.4662002014447134e-06,0.0,0.8957512207583344,0.0,0.5,0.0
0,mean,17,identity,0,0,joint,canonical,96,5.72854210309506e-06,0.0,0.9103309691933347,0.0,0.5,0.0
0,mean,17,identity,0,0,template,canonical,24,5.693099051431195e-06,0.0,0.918118254224242,0.0,0.5,0.0
0,mean,17,identity,0,0,topic,canonical,96,6.592156399361127e-06,0.0,0.9031461211683635,0.0,0.5,0.0
0,mean,17,identity,0,0,train,canonical,168,7.272638090467472e-06,0.0,0.8985889792388871,0.0,0.49900793650793657,0.0
0,mean,17,identity,0,0,iid,paraphrase,24,7.657324668042698e-06,0.0,0.8898298909144389,0.0,0.5,0.0
0,mean,17,identity,0,0,topic,paraphrase,96,6.751323492569548e-06,0.0,0.8977548332246199,0.0,0.5,0.0
0,mean,17,identity,0,0,template,paraphrase,24,8.785975012773465e-06,0.0,0.8727594858468065,0.0,0.5,0.0
0,mean,17,identity,0,0,expression,paraphrase,24,8.762943251808297e-06,0.0,0.8611705805995716,0.0,0.4930555555555555,0.0
0,mean,17,identity,0,0,joint,paraphrase,96,7.596417004700389e-06,0.0,0.8759862778080821,0.0,0.5,0.0
0,mean,17,shift,0,3584,dev,canonical,48,5.97973912789048e-07,0.9107497473968484,0.9919445214320808,1.0,1.0,1.0
0,mean,17,shift,0,3584,expression,canonical,24,1.1980992401897127e-05,-0.8104971715056808,0.8094738705872061,0.0,0.4861111111111111,0.0
0,mean,17,shift,0,3584,iid,canonical,24,5.633459065226164e-07,0.9245471737533091,0.9933429909602425,1.0,1.0,1.0
0,mean,17,shift,0,3584,joint,canonical,96,1.1381855604587212e-05,-0.9868677579305452,0.8177956318123977,0.0,0.5,0.0
0,mean,17,shift,0,3584,template,canonical,24,4.256670222429775e-07,0.9252310528242138,0.9940582376723266,1.0,1.0,1.0
0,mean,17,shift,0,3584,topic,canonical,96,7.147332411700514e-07,0.8915782336051191,0.9898633924728107,1.0,1.0,1.0
0,mean,17,shift,0,3584,train,canonical,168,6.363504179542985e-07,0.912500744566351,0.9918589214315909,0.9880952380952381,0.9940476190476191,0.9880952380952381
0,mean,17,shift,0,3584,iid,paraphrase,24,8.064245357465071e-06,-0.05314136556343607,0.885910660079281,0.20833333333333334,0.6041666666666666,0.20833333333333334
0,mean,17,shift,0,3584,topic,paraphrase,96,7.700731257837267e-06,-0.1406254294158218,0.8855889222939228,0.3854166666666667,0.6927083333333334,0.3854166666666667
0,mean,17,shift,0,3584,template,paraphrase,24,6.221239322836248e-06,0.291912472572308,0.9088900196934736,0.75,0.875,0.75
0,mean,17,shift,0,3584,expression,paraphrase,24,1.4355604316134202e-05,-0.6382171952524991,0.7774458807621066,0.0,0.4930555555555555,0.0
0,mean,17,shift,0,3584,joint,paraphrase,96,1.2256860906244364e-05,-0.6135055380267118,0.7918472276537395,0.0,0.5,0.0
0,mean,17,lowrank,32,232960,dev,canonical,48,2.606803134353139e-07,0.9610923096724152,0.9963373866195072,0.9583333333333334,0.9791666666666666,0.9583333333333334
0,mean,17,lowrank,32,232960,expression,canonical,24,1.224065139231872e-05,-0.8497353123828817,0.8144531491392818,0.0,0.4791666666666667,0.0
0,mean,17,lowrank,32,232960,iid,canonical,24,6.822873004483951e-08,0.9908616527545515,0.9991879032934613,1.0,1.0,1.0
0,mean,17,lowrank,32,232960,joint,canonical,96,1.1366952931318633e-05,-0.9842662804515672,0.8206175398960074,0.0,0.5,0.0
0,mean,17,lowrank,32,232960,template,canonical,24,8.137349976342814e-08,0.9857066425459484,0.9989290836009879,1.0,1.0,1.0
0,mean,17,lowrank,32,232960,topic,canonical,96,1.6771351306499657e-07,0.9745586265093391,0.997772079638211,1.0,1.0,1.0
0,mean,17,lowrank,32,232960,train,canonical,168,7.511512406893176e-08,0.9896715437872003,0.9990469169062305,0.9940476190476191,0.9970238095238095,0.9940476190476191
0,mean,17,lowrank,32,232960,iid,paraphrase,24,7.386749986951255e-06,0.035335406662416524,0.8995318738270134,0.0,0.5,0.0
0,mean,17,lowrank,32,232960,topic,paraphrase,96,6.729950973285919e-06,0.0031656784491441714,0.9018030189883164,0.052083333333333336,0.5260416666666666,0.052083333333333336
0,mean,17,lowrank,32,232960,template,paraphrase,24,5.6009761441425845e-06,0.3625094385085752,0.9194423435587139,1.0,1.0,1.0
0,mean,17,lowrank,32,232960,expression,paraphrase,24,1.4214466819542999e-05,-0.6221110203594826,0.788671845214561,0.0,0.4930555555555555,0.0
0,mean,17,lowrank,32,232960,joint,paraphrase,96,1.2391786432308302e-05,-0.6312672704303504,0.792966611752442,0.0,0.5,0.0
0,mean,17,full_delta,0,12848640,dev,canonical,48,2.395726835471662e-07,0.9642427168374775,0.9966017105457269,0.9583333333333334,0.9791666666666666,0.9583333333333334
0,mean,17,full_delta,0,12848640,expression,canonical,24,1.239143121604061e-05,-0.8725202733620223,0.8139424297291157,0.0,0.4791666666666667,0.0
0,mean,17,full_delta,0,12848640,iid,canonical,24,3.27421572391249e-08,0.995614615687269,0.9995960767745512,1.0,1.0,1.0
0,mean,17,full_delta,0,12848640,joint,canonical,96,1.1418805679623057e-05,-0.9933179287368104,0.8203496574429296,0.0,0.5,0.0
0,mean,17,full_delta,0,12848640,template,canonical,24,6.166490716434194e-08,0.9891684815937218,0.9991578644115195,1.0,1.0,1.0
0,mean,17,full_delta,0,12848640,topic,canonical,96,1.5945648452465457e-07,0.9758111800047541,0.9978510601232312,1.0,1.0,1.0
0,mean,17,full_delta,0,12848640,train,canonical,168,5.711267741725706e-08,0.992146910556141,0.9992735787466377,0.9940476190476191,0.9970238095238095,0.9940476190476191
0,mean,17,full_delta,0,12848640,iid,paraphrase,24,7.368695266259838e-06,0.03769324330564616,0.9010152719444324,0.0,0.5,0.0
0,mean,17,full_delta,0,12848640,topic,paraphrase,96,6.735971993667186e-06,0.0022738502930955695,0.901997758732258,0.052083333333333336,0.5260416666666666,0.052083333333333336
0,mean,17,full_delta,0,12848640,template,paraphrase,24,5.537592089803439e-06,0.369723669626578,0.9206970779473039,1.0,1.0,1.0
0,mean,17,full_delta,0,12848640,expression,paraphrase,24,1.4397460926095075e-05,-0.6429937422137311,0.7881792608554211,0.0,0.4930555555555555,0.0
0,mean,17,full_delta,0,12848640,joint,paraphrase,96,1.2438664220504353e-05,-0.6374383097725884,0.7928509079753902,0.0,0.5,0.0
0,mean,17,full_affine,0,12848640,dev,canonical,48,1.2885912341112072e-06,0.8076720561099058,0.9801707547341043,1.0,1.0,1.0
0,mean,17,full_affine,0,12848640,expression,canonical,24,1.2827896967103866e-05,-0.9384764129914909,0.801805692807538,0.0,0.4791666666666667,0.0
0,mean,17,full_affine,0,12848640,iid,canonical,24,5.51074631091968e-07,0.9261907508205667,0.9915971897502575,1.0,1.0,1.0
0,mean,17,full_affine,0,12848640,joint,canonical,96,1.608517103989364e-05,-1.8078995930226331,0.7036009907392119,0.0,0.4947916666666667,0.0
0,mean,17,full_affine,0,12848640,template,canonical,24,4.058932454322599e-06,0.2870434156064403,0.939831918141956,1.0,1.0,1.0
0,mean,17,full_affine,0,12848640,topic,canonical,96,9.344637456724737e-06,-0.417538797718811,0.851518904815595,1.0,1.0,1.0
0,mean,17,full_affine,0,12848640,train,canonical,168,4.839492939368178e-07,0.9334561560857608,0.9927181610146745,1.0,1.0,1.0
0,mean,17,full_affine,0,12848640,iid,paraphrase,24,4.74758360545357e-06,0.37999447440601886,0.9321303144466201,1.0,1.0,1.0
0,mean,17,full_affine,0,12848640,topic,paraphrase,96,1.2991160584581385e-05,-0.9242390916209766,0.7850763548961822,0.9895833333333334,0.9947916666666666,1.0
0,mean,17,full_affine,0,12848640,template,paraphrase,24,5.832748289245611e-06,0.33612965200041134,0.9130253043670274,1.0,1.0,1.0
0,mean,17,full_affine,0,12848640,expression,paraphrase,24,1.4041960930843492e-05,-0.6024251815103141,0.7765518303267592,0.0,0.4791666666666667,0.0
0,mean,17,full_affine,0,12848640,joint,paraphrase,96,1.559141712381214e-05,-1.052469883389068,0.6957504304619778,0.0,0.4913194444444445,0.0
0,mean,17,shuffled,32,232960,dev,canonical,48,2.1347309249943525e-05,-2.1861803704255993,0.6873827953988147,0.75,0.861111111111111,0.9791666666666666
0,mean,17,shuffled,32,232960,expression,canonical,24,2.591318713902089e-05,-2.9158485746527845,0.5817200579856959,0.0,0.3958333333333333,0.125
0,mean,17,shuffled,32,232960,iid,canonical,24,2.6159215459875135e-05,-2.50368524203427,0.6433713332043846,0.8333333333333334,0.9027777777777777,1.0
0,mean,17,shuffled,32,232960,joint,canonical,96,1.6854647576868585e-05,-1.9422228681468936,0.7295344188735968,0.0,0.4835069444444444,0.0
0,mean,17,shuffled,32,232960,template,canonical,24,1.952860255046958e-05,-2.4302235696321253,0.7264456639029876,0.8333333333333334,0.9166666666666666,1.0
0,mean,17,shuffled,32,232960,topic,canonical,96,1.1330059326700951e-05,-0.7187182221281938,0.8275171153776598,1.0,1.0,1.0
0,mean,17,shuffled,32,232960,train,canonical,168,2.2494876132806833e-05,-2.09308339738392,0.6669345623798196,0.7916666666666666,0.8839285714285714,1.0
0,mean,17,shuffled,32,232960,iid,paraphrase,24,3.434651525381906e-05,-3.485445862986823,0.5393327457667266,0.0,0.425,0.0
0,mean,17,shuffled,32,232960,topic,paraphrase,96,1.8792180533090666e-05,-1.7834809802512335,0.7192728585753443,0.07291666666666667,0.53125,0.07291666666666667
0,mean,17,shuffled,32,232960,template,paraphrase,24,2.6759262475153085e-05,-2.0456793282759405,0.6163187154920782,0.041666666666666664,0.4354166666666666,0.041666666666666664
0,mean,17,shuffled,32,232960,expression,paraphrase,24,2.6922795025565862e-05,-2.0723461572126634,0.5743614555434983,0.0,0.4756944444444444,0.041666666666666664
0,mean,17,shuffled,32,232960,joint,paraphrase,96,1.7414556290829722e-05,-1.2924697630546378,0.708325461118115,0.0,0.4869791666666667,0.0
0,mean,17,random_subspace,32,118272,dev,canonical,48,5.955081936172496e-07,0.9111177668943964,0.991970970746817,1.0,1.0,1.0
0,mean,17,random_subspace,32,118272,expression,canonical,24,1.1987860713565883e-05,-0.811535070406888,0.8094543984024306,0.0,0.4861111111111111,0.0
0,mean,17,random_subspace,32,118272,iid,canonical,24,5.595181008497835e-07,0.9250598583277319,0.9933789779645569,1.0,1.0,1.0
0,mean,17,random_subspace,32,118272,joint,canonical,96,1.1383934434527784e-05,-0.9872306478077879,0.8177915553189422,0.0,0.5,0.0
0,mean,17,random_subspace,32,118272,template,canonical,24,4.231536383356194e-07,0.9256725318648299,0.9940886302444348,1.0,1.0,1.0
0,mean,17,random_subspace,32,118272,topic,canonical,96,7.110887901842817e-07,0.8921310801647249,0.9899126736303264,1.0,1.0,1.0
0,mean,17,random_subspace,32,118272,train,canonical,168,6.323714350112828e-07,0.9130478614300694,0.9919014274654772,0.9880952380952381,0.9940476190476191,0.9880952380952381
0,mean,17,random_subspace,32,118272,iid,paraphrase,24,8.060868637748482e-06,-0.052700386518798936,0.8859994276150073,0.20833333333333334,0.6041666666666666,0.20833333333333334
0,mean,17,random_subspace,32,118272,topic,paraphrase,96,7.696177362744341e-06,-0.13995091054586428,0.8856733569976968,0.3854166666666667,0.6927083333333334,0.3854166666666667
0,mean,17,random_subspace,32,118272,template,paraphrase,24,6.216452032511811e-06,0.2924573512360279,0.9089761417354358,0.75,0.875,0.75
0,mean,17,random_subspace,32,118272,expression,paraphrase,24,1.4361376478776682e-05,-0.6388758966130594,0.7774596919071864,0.0,0.4930555555555555,0.0
0,mean,17,random_subspace,32,118272,joint,paraphrase,96,1.2260256537279592e-05,-0.6139525423227012,0.7918294009560486,0.0,0.5,0.0
0,mean,17,rank1,1,10752,dev,canonical,48,4.4098668084925875e-07,0.9341807864546318,0.9942358567932722,1.0,1.0,1.0
0,mean,17,rank1,1,10752,expression,canonical,24,1.1802822544300495e-05,-0.7835731895511313,0.8129591151232778,0.0,0.4861111111111111,0.0
0,mean,17,rank1,1,10752,iid,canonical,24,3.1381791742010293e-07,0.9579681887770195,0.9966107137246266,1.0,1.0,1.0
0,mean,17,rank1,1,10752,joint,canonical,96,1.121366879877631e-05,-0.9575083148498993,0.8205172966307847,0.0,0.5,0.0
0,mean,17,rank1,1,10752,template,canonical,24,2.2176434195450424e-07,0.9610468147574642,0.9971355672937925,1.0,1.0,1.0
0,mean,17,rank1,1,10752,topic,canonical,96,3.1810280668312e-07,0.9517452579380627,0.9958798628232174,1.0,1.0,1.0
0,mean,17,rank1,1,10752,train,canonical,168,3.3899851183249485e-07,0.9533871330299203,0.996052462297529,0.9940476190476191,0.9970238095238095,0.9940476190476191
0,mean,17,rank1,1,10752,iid,paraphrase,24,7.778871834337236e-06,-0.01587332019521215,0.8898473276733284,0.0,0.5,0.0
0,mean,17,rank1,1,10752,topic,paraphrase,96,7.127767457961763e-06,-0.055758543610971545,0.8941859387731846,0.07291666666666667,0.5364583333333334,0.07291666666666667
0,mean,17,rank1,1,10752,template,paraphrase,24,5.947540846836309e-06,0.32306422017027214,0.9132170359193811,0.9583333333333334,0.9791666666666666,0.9583333333333334
0,mean,17,rank1,1,10752,expression,paraphrase,24,1.392623621492228e-05,-0.5892190346032995,0.7842228564871628,0.0,0.4930555555555555,0.0
0,mean,17,rank1,1,10752,joint,paraphrase,96,1.2047005392834001e-05,-0.5858799464773654,0.7952374537699013,0.0,0.5,0.0
0,mean,17,rank2,2,17920,dev,canonical,48,3.4139019865687097e-07,0.949046002150407,0.995773764913257,1.0,1.0,1.0
0,mean,17,rank2,2,17920,expression,canonical,24,1.1608148533484482e-05,-0.754155196940415,0.8163321997359253,0.0,0.4791666666666667,0.0
0,mean,17,rank2,2,17920,iid,canonical,24,1.7986924108947586e-07,0.9759088644509331,0.998413555976735,1.0,1.0,1.0
0,mean,17,rank2,2,17920,joint,canonical,96,1.1095824265295898e-05,-0.936936844594537,0.8219698682105975,0.0,0.5,0.0
0,mean,17,rank2,2,17920,template,canonical,24,1.396663846003134e-07,0.9754674240973898,0.998507109284939,1.0,1.0,1.0
0,mean,17,rank2,2,17920,topic,canonical,96,2.092554309631697e-07,0.968256907408409,0.9975673245591125,1.0,1.0,1.0
0,mean,17,rank2,2,17920,train,canonical,168,1.9308312229908037e-07,0.9734507451220263,0.9981502607220972,0.9940476190476191,0.9970238095238095,0.9940476190476191
0,mean,17,rank2,2,17920,iid,paraphrase,24,7.487173947634802e-06,0.02222064856646444,0.8943219251868366,0.0,0.5,0.0
0,mean,17,rank2,2,17920,topic,paraphrase,96,6.765780092709939e-06,-0.0021412986885167573,0.8994677001633301,0.03125,0.515625,0.03125
0,mean,17,rank2,2,17920,template,paraphrase,24,5.812727006388661e-06,0.3384084295780668,0.915338978267283,1.0,1.0,1.0
0,mean,17,rank2,2,17920,expression,paraphrase,24,1.3401690486508056e-05,-0.5293594973061728,0.7909000194573026,0.0,0.4930555555555555,0.0
0,mean,17,rank2,2,17920,joint,paraphrase,96,1.2073340974795436e-05,-0.5893467890618549,0.7947522545976561,0.0,0.5,0.0
0,mean,17,rank4,4,32256,dev,canonical,48,3.26731614462332e-07,0.9512338607077564,0.9958432056242025,1.0,1.0,1.0
0,mean,17,rank4,4,32256,expression,canonical,24,1.1703185132826944e-05,-0.7685165693983258,0.8159637621442947,0.0,0.4791666666666667,0.0
0,mean,17,rank4,4,32256,iid,canonical,24,1.6529595357130968e-07,0.977860765970443,0.998443629231236,1.0,1.0,1.0
0,mean,17,rank4,4,32256,joint,canonical,96,1.1143978199971833e-05,-0.9453428113849212,0.8217742500902738,0.0,0.5,0.0
0,mean,17,rank4,4,32256,template,canonical,24,1.2970094464045862e-07,0.977217866144828,0.9985544003448439,1.0,1.0,1.0
0,mean,17,rank4,4,32256,topic,canonical,96,2.0224314576603832e-07,0.9693206390270658,0.9975891010281911,1.0,1.0,1.0
0,mean,17,rank4,4,32256,train,canonical,168,1.7358002959501592e-07,0.976132453253444,0.9982297726085811,1.0,1.0,1.0
0,mean,17,rank4,4,32256,iid,paraphrase,24,7.471978989015532e-06,0.024205017687273123,0.8950568914959655,0.0,0.5,0.0
0,mean,17,rank4,4,32256,topic,paraphrase,96,6.757894831232921e-06,-0.0009733408080068173,0.8998987591783753,0.03125,0.515625,0.03125
0,mean,17,rank4,4,32256,template,paraphrase,24,5.774230850604039e-06,0.3427899758183708,0.9160465222845481,1.0,1.0,1.0
0,mean,17,rank4,4,32256,expression,paraphrase,24,1.352164764713008e-05,-0.5430486377210977,0.7904650263368347,0.0,0.4930555555555555,0.0
0,mean,17,rank4,4,32256,joint,paraphrase,96,1.2136213082858282e-05,-0.597623336811135,0.7944059872232323,0.0,0.5,0.0
0,mean,17,rank8,8,60928,dev,canonical,48,3.0763060576469735e-07,0.9540847707805513,0.9959344401242581,1.0,1.0,1.0
0,mean,17,rank8,8,60928,expression,canonical,24,1.1864847516492811e-05,-0.7929460388903167,0.8154830380239505,0.0,0.4791666666666667,0.0
0,mean,17,rank8,8,60928,iid,canonical,24,1.4568381371169167e-07,0.980487555948004,0.9985308267641116,1.0,1.0,1.0
0,mean,17,rank8,8,60928,joint,canonical,96,1.120631923635242e-05,-0.9562253422729989,0.8213791730732561,0.0,0.5,0.0
0,mean,17,rank8,8,60928,template,canonical,24,1.192370371332694e-07,0.9790558646431253,0.9985965147888257,1.0,1.0,1.0
0,mean,17,rank8,8,60928,topic,canonical,96,1.945850852301506e-07,0.970482331813455,0.9976121216223891,1.0,1.0,1.0
0,mean,17,rank8,8,60928,train,canonical,168,1.420299934990937e-07,0.9804706364138678,0.9984217137501177,1.0,1.0,1.0
0,mean,17,rank8,8,60928,iid,paraphrase,24,7.432584060103287e-06,0.029349755649953013,0.8963428631838865,0.0,0.5,0.0
0,mean,17,rank8,8,60928,topic,paraphrase,96,6.751102481350325e-06,3.2735984206055946e-05,0.9003433637622761,0.03125,0.515625,0.03125
0,mean,17,rank8,8,60928,template,paraphrase,24,5.729454265335033e-06,0.347886346477735,0.9168724368282479,1.0,1.0,1.0
0,mean,17,rank8,8,60928,expression,paraphrase,24,1.3731009104374787e-05,-0.5669403201420131,0.7898631288970658,0.0,0.4930555555555555,0.0
0,mean,17,rank8,8,60928,joint,paraphrase,96,1.2202463645365137e-05,-0.6063446277126037,0.7939372498122871,0.0,0.5,0.0
0,mean,17,rank16,16,118272,dev,canonical,48,2.841664409034974e-07,0.9575869012183432,0.996083127795902,1.0,1.0,1.0
0,mean,17,rank16,16,118272,expression,canonical,24,1.2098829385359517e-05,-0.8283040040368188,0.8146743340294021,0.0,0.4791666666666667,0.0
0,mean,17,rank16,16,118272,iid,canonical,24,1.072209643990677e-07,0.9856391522452987,0.9988155813408913,1.0,1.0,1.0
0,mean,17,rank16,16,118272,joint,canonical,96,1.1296523323875059e-05,-0.9719717723243559,0.8209169138498756,0.0,0.5,0.0
0,mean,17,rank16,16,118272,template,canonical,24,1.0011743634468966e-07,0.9824142465394975,0.9987457738697465,1.0,1.0,1.0
0,mean,17,rank16,16,118272,topic,canonical,96,1.796207431309029e-07,0.9727523541237112,0.9976855472540852,1.0,1.0,1.0
0,mean,17,rank16,16,118272,train,canonical,168,1.0593173029110672e-07,0.9854342084710698,0.9987151589545472,0.9940476190476191,0.9970238095238095,0.9940476190476191
0,mean,17,rank16,16,118272,iid,paraphrase,24,7.403125053817981e-06,0.033196922586500865,0.8979237320648967,0.0,0.5,0.0
0,mean,17,rank16,16,118272,topic,paraphrase,96,6.737543568867141e-06,0.002041069979474841,0.9011669998479027,0.03125,0.515625,0.03125
0,mean,17,rank16,16,118272,template,paraphrase,24,5.660950556852197e-06,0.35568328516504544,0.9182207154788141,1.0,1.0,1.0
0,mean,17,rank16,16,118272,expression,paraphrase,24,1.4025757086517725e-05,-0.6005760488775742,0.7889653313683045,0.0,0.4930555555555555,0.0
0,mean,17,rank16,16,118272,joint,paraphrase,96,1.229508295027742e-05,-0.6185371264728707,0.7935640050623421,0.0,0.5,0.0
0,mean,17,rank32,32,232960,dev,canonical,48,2.606803134353139e-07,0.9610923096724152,0.9963373866195072,0.9583333333333334,0.9791666666666666,0.9583333333333334
0,mean,17,rank32,32,232960,expression,canonical,24,1.224065139231872e-05,-0.8497353123828817,0.8144531491392818,0.0,0.4791666666666667,0.0
0,mean,17,rank32,32,232960,iid,canonical,24,6.822873004483951e-08,0.9908616527545515,0.9991879032934613,1.0,1.0,1.0
0,mean,17,rank32,32,232960,joint,canonical,96,1.1366952931318633e-05,-0.9842662804515672,0.8206175398960074,0.0,0.5,0.0
0,mean,17,rank32,32,232960,template,canonical,24,8.137349976342814e-08,0.9857066425459484,0.9989290836009879,1.0,1.0,1.0
0,mean,17,rank32,32,232960,topic,canonical,96,1.6771351306499657e-07,0.9745586265093391,0.997772079638211,1.0,1.0,1.0
0,mean,17,rank32,32,232960,train,canonical,168,7.511512406893176e-08,0.9896715437872003,0.9990469169062305,0.9940476190476191,0.9970238095238095,0.9940476190476191
0,mean,17,rank32,32,232960,iid,paraphrase,24,7.386749986951255e-06,0.035335406662416524,0.8995318738270134,0.0,0.5,0.0
0,mean,17,rank32,32,232960,topic,paraphrase,96,6.729950973285919e-06,0.0031656784491441714,0.9018030189883164,0.052083333333333336,0.5260416666666666,0.052083333333333336
0,mean,17,rank32,32,232960,template,paraphrase,24,5.6009761441425845e-06,0.3625094385085752,0.9194423435587139,1.0,1.0,1.0
0,mean,17,rank32,32,232960,expression,paraphrase,24,1.4214466819542999e-05,-0.6221110203594826,0.788671845214561,0.0,0.4930555555555555,0.0
0,mean,17,rank32,32,232960,joint,paraphrase,96,1.2391786432308302e-05,-0.6312672704303504,0.792966611752442,0.0,0.5,0.0
0,mean,29,identity,0,0,dev,canonical,48,6.699968855527166e-06,0.0,0.9044011521617478,0.0,0.5,0.0
0,mean,29,identity,0,0,expression,canonical,24,6.617515117095302e-06,0.0,0.8992706384392223,0.0,0.5,0.0
0,mean,29,identity,0,0,iid,canonical,24,7.4662002014447134e-06,0.0,0.8957512207583344,0.0,0.5,0.0
0,mean,29,identity,0,0,joint,canonical,96,5.72854210309506e-06,0.0,0.9103309691933347,0.0,0.5,0.0
0,mean,29,identity,0,0,template,canonical,24,5.693099051431195e-06,0.0,0.918118254224242,0.0,0.5,0.0
0,mean,29,identity,0,0,topic,canonical,96,6.592156399361127e-06,0.0,0.9031461211683635,0.0,0.5,0.0
0,mean,29,identity,0,0,train,canonical,168,7.272638090467472e-06,0.0,0.8985889792388871,0.0,0.49900793650793657,0.0
0,mean,29,identity,0,0,iid,paraphrase,24,7.657324668042698e-06,0.0,0.8898298909144389,0.0,0.5,0.0
0,mean,29,identity,0,0,topic,paraphrase,96,6.751323492569548e-06,0.0,0.8977548332246199,0.0,0.5,0.0
0,mean,29,identity,0,0,template,paraphrase,24,8.785975012773465e-06,0.0,0.8727594858468065,0.0,0.5,0.0
0,mean,29,identity,0,0,expression,paraphrase,24,8.762943251808297e-06,0.0,0.8611705805995716,0.0,0.4930555555555555,0.0
0,mean,29,identity,0,0,joint,paraphrase,96,7.596417004700389e-06,0.0,0.8759862778080821,0.0,0.5,0.0
0,mean,29,shift,0,3584,dev,canonical,48,5.868126849227204e-07,0.9124156100459143,0.9921769908902173,1.0,1.0,1.0
0,mean,29,shift,0,3584,expression,canonical,24,1.1837882913890382e-05,-0.7888713065889472,0.8113511595230051,0.0,0.4861111111111111,0.0
0,mean,29,shift,0,3584,iid,canonical,24,5.66875780892117e-07,0.9240743931856493,0.9933774625921458,1.0,1.0,1.0
0,mean,29,shift,0,3584,joint,canonical,96,1.1233785882155902e-05,-0.9610200431426394,0.8197065267130794,0.0,0.5,0.0
0,mean,29,shift,0,3584,template,canonical,24,4.108725533145927e-07,0.9278297198761537,0.9943281242044094,1.0,1.0,1.0
0,mean,29,shift,0,3584,topic,canonical,96,7.124534270307909e-07,0.8919240709914228,0.9899709864287023,1.0,1.0,1.0
0,mean,29,shift,0,3584,train,canonical,168,6.374737181458003e-07,0.9123462888959974,0.9919221960705258,0.9880952380952381,0.9940476190476191,0.9880952380952381
0,mean,29,shift,0,3584,iid,paraphrase,24,7.945656474600626e-06,-0.037654379180402486,0.8873439235805268,0.20833333333333334,0.6041666666666666,0.20833333333333334
0,mean,29,shift,0,3584,topic,paraphrase,96,7.5843919334241924e-06,-0.12339335269173723,0.8870162320943379,0.3854166666666667,0.6927083333333334,0.3854166666666667
0,mean,29,shift,0,3584,template,paraphrase,24,6.1589050367658614e-06,0.2990072214168883,0.9097479379006823,0.75,0.875,0.75
0,mean,29,shift,0,3584,expression,paraphrase,24,1.4209022271248536e-05,-0.6214897053357502,0.7789583902928024,0.0,0.4930555555555555,0.0
0,mean,29,shift,0,3584,joint,paraphrase,96,1.2127928026455791e-05,-0.5965326836259077,0.7935460033334509,0.0,0.5,0.0
0,mean,29,lowrank,32,232960,dev,canonical,48,5.0896608894052974e-08,0.9924034558978486,0.9993698500251718,1.0,1.0,1.0
0,mean,29,lowrank,32,232960,expression,canonical,24,1.2495504161444214e-05,-0.8882471653391557,0.8108360322358464,0.0,0.4791666666666667,0.0
0,mean,29,lowrank,32,232960,iid,canonical,24,6.231342276870718e-08,0.9916539309036142,0.9992600837337644,1.0,1.0,1.0
0,mean,29,lowrank,32,232960,joint,canonical,96,1.1384533155699932e-05,-0.9873351632606506,0.8200524643818734,0.0,0.5,0.0
0,mean,29,lowrank,32,232960,template,canonical,24,8.665225439182248e-08,0.9847794226643503,0.998855444245894,1.0,1.0,1.0
0,mean,29,lowrank,32,232960,topic,canonical,96,2.5182433682817227e-07,0.9617993989261878,0.9965539242716046,1.0,1.0,1.0
0,mean,29,lowrank,32,232960,train,canonical,168,3.400265192155222e-08,0.9953245780281408,0.9995837427876803,1.0,1.0,1.0
0,mean,29,lowrank,32,232960,iid,paraphrase,24,7.39998456244436e-06,0.03360705164720623,0.8993081028234098,0.041666666666666664,0.5208333333333334,0.041666666666666664
0,mean,29,lowrank,32,232960,topic,paraphrase,96,6.8580213767716e-06,-0.015803995219527467,0.8999293472557799,0.0625,0.53125,0.0625
0,mean,29,lowrank,32,232960,template,paraphrase,24,5.619551731781741e-06,0.3603952067230135,0.9190871637771089,1.0,1.0,1.0
0,mean,29,lowrank,32,232960,expression,paraphrase,24,1.4481617190729697e-05,-0.6525973950294965,0.7851194838514924,0.0,0.4930555555555555,0.0
0,mean,29,lowrank,32,232960,joint,paraphrase,96,1.2358271187403275e-05,-0.6268552897710096,0.7930421363079289,0.0,0.5,0.0
0,mean,29,full_delta,0,12848640,dev,canonical,48,2.745273368331986e-08,0.9959025580155239,0.9996538159773865,1.0,1.0,1.0
0,mean,29,full_delta,0,12848640,expression,canonical,24,1.2634190847783106e-05,-0.9092046824562101,0.8104236473965302,0.0,0.4791666666666667,0.0
0,mean,29,full_delta,0,12848640,iid,canonical,24,2.637445550274034e-08,0.9964674861655013,0.9996781356347841,1.0,1.0,1.0
0,mean,29,full_delta,0,12848640,joint,canonical,96,1.143483533000436e-05,-0.9961161363946789,0.8198858184276099,0.0,0.5,0.0
0,mean,29,full_delta,0,12848640,template,canonical,24,6.678938727660585e-08,0.9882683602246801,0.9990818557030602,1.0,1.0,1.0
0,mean,29,full_delta,0,12848640,topic,canonical,96,2.4293845620827173e-07,0.9631473464082533,0.99663162219841,1.0,1.0,1.0
0,mean,29,full_delta,0,12848640,train,canonical,168,1.25982655688915e-08,0.9982677172420549,0.9998429048748354,1.0,1.0,1.0
0,mean,29,full_delta,0,12848640,iid,paraphrase,24,7.376628893978251e-06,0.03665715980881812,0.9007785504677858,0.041666666666666664,0.5208333333333334,0.041666666666666664
0,mean,29,full_delta,0,12848640,topic,paraphrase,96,6.861948825975122e-06,-0.016385725484392433,0.900215796748359,0.0625,0.53125,0.0625
0,mean,29,full_delta,0,12848640,template,paraphrase,24,5.55544460118456e-06,0.3676917367613962,0.9203658364331441,1.0,1.0,1.0
0,mean,29,full_delta,0,12848640,expression,paraphrase,24,1.4658019438939742e-05,-0.6727278743834102,0.7847090568905403,0.0,0.4930555555555555,0.0
0,mean,29,full_delta,0,12848640,joint,paraphrase,96,1.241393328862185e-05,-0.634182704943733,0.7928979482786951,0.0,0.5,0.0
0,mean,29,full_affine,0,12848640,dev,canonical,48,1.1383479598819356e-06,0.830096529636425,0.9831228428736912,1.0,1.0,1.0
0,mean,29,full_affine,0,12848640,expression,canonical,24,1.2791148782539357e-05,-0.9329232432723049,0.8055304714193735,0.0,0.4791666666666667,0.0
0,mean,29,full_affine,0,12848640,iid,canonical,24,7.824580251395909e-07,0.8951999673156119,0.9879741573672886,1.0,1.0,1.0
0,mean,29,full_affine,0,12848640,joint,canonical,96,1.6125142127815582e-05,-1.8148771253864693,0.7027563450054425,0.0,0.4947916666666667,0.0
0,mean,29,full_affine,0,12848640,template,canonical,24,4.227320480536869e-06,0.2574658472744896,0.9376149033821016,1.0,1.0,1.0
0,mean,29,full_affine,0,12848640,topic,canonical,96,9.369674055952687e-06,-0.42133673540584415,0.8511827113146401,1.0,1.0,1.0
0,mean,29,full_affine,0,12848640,train,canonical,168,4.69099910782973e-07,0.9354979713072976,0.9930191196762004,0.9940476190476191,0.9970238095238095,1.0
0,mean,29,full_affine,0,12848640,iid,paraphrase,24,4.936527813512376e-06,0.3553195107274705,0.9288687437902174,1.0,1.0,1.0
0,mean,29,full_affine,0,12848640,topic,paraphrase,96,1.2993184719896386e-05,-0.9245389047342467,0.7851812442552099,0.9895833333333334,0.9947916666666666,1.0
0,mean,29,full_affine,0,12848640,template,paraphrase,24,6.084983637465474e-06,0.30742078954028007,0.9093539586238296,1.0,1.0,1.0
0,mean,29,full_affine,0,12848640,expression,paraphrase,24,1.4005109164667693e-05,-0.5982197718532112,0.7812364390697231,0.0,0.4791666666666667,0.0
0,mean,29,full_affine,0,12848640,joint,paraphrase,96,1.5550026520266833e-05,-1.0470211825713407,0.6959324744279076,0.0,0.4913194444444445,0.0
0,mean,29,shuffled,32,232960,dev,canonical,48,2.142768328641158e-05,-2.198176551034969,0.6843710960620575,0.75,0.8680555555555557,1.0
0,mean,29,shuffled,32,232960,expression,canonical,24,2.502789275365726e-05,-2.7820680891233125,0.586602388562247,0.041666666666666664,0.4305555555555555,0.20833333333333334
0,mean,29,shuffled,32,232960,iid,canonical,24,2.475191041955636e-05,-2.315195112872389,0.6481624465720027,0.75,0.8680555555555555,1.0
0,mean,29,shuffled,32,232960,joint,canonical,96,1.7181574769934884e-05,-1.9992927451212923,0.7289872720475845,0.0,0.4913194444444444,0.0
0,mean,29,shuffled,32,232960,template,canonical,24,1.6854324718985365e-05,-1.9604833091299083,0.7557434744188919,0.9166666666666666,0.9583333333333334,1.0
0,mean,29,shuffled,32,232960,topic,canonical,96,1.1453597240582361e-05,-0.7374583591027024,0.8295854828222083,1.0,1.0,1.0
0,mean,29,shuffled,32,232960,train,canonical,168,2.1894864187234388e-05,-2.010580743173902,0.6731999645217973,0.8809523809523809,0.9375,1.0
0,mean,29,shuffled,32,232960,iid,paraphrase,24,3.291593572500223e-05,-3.298620882875001,0.5484460554381622,0.08333333333333333,0.4576388888888889,0.08333333333333333
0,mean,29,shuffled,32,232960,topic,paraphrase,96,1.9429902136505584e-05,-1.8779397340225183,0.7231722556059982,0.11458333333333333,0.546875,0.11458333333333333
0,mean,29,shuffled,32,232960,template,paraphrase,24,2.4389937092578986e-05,-1.7760080192715941,0.6457036537778589,0.08333333333333333,0.4861111111111111,0.125
0,mean,29,shuffled,32,232960,expression,paraphrase,24,2.6798703317392518e-05,-2.058185195009954,0.5802841979456502,0.125,0.5381944444444444,0.20833333333333334
0,mean,29,shuffled,32,232960,joint,paraphrase,96,1.8362167072005798e-05,-1.4172142025173118,0.7035166366426914,0.0,0.5,0.0
0,mean,29,random_subspace,32,118272,dev,canonical,48,5.816215411607232e-07,0.91319041122394,0.9922419208778325,1.0,1.0,1.0
0,mean,29,random_subspace,32,118272,expression,canonical,24,1.184643447430812e-05,-0.790163568150337,0.8113231185737174,0.0,0.4861111111111111,0.0
0,mean,29,random_subspace,32,118272,iid,canonical,24,5.622315098749637e-07,0.9246964326289868,0.9934264356963216,1.0,1.0,1.0
0,mean,29,random_subspace,32,118272,joint,canonical,96,1.1233045291642945e-05,-0.9608907623414114,0.8197427977001769,0.0,0.5,0.0
0,mean,29,random_subspace,32,118272,template,canonical,24,4.076155623134903e-07,0.9284018144368981,0.9943705336918267,1.0,1.0,1.0
0,mean,29,random_subspace,32,118272,topic,canonical,96,7.084171217913523e-07,0.8925363600505583,0.9900309765595571,1.0,1.0,1.0
0,mean,29,random_subspace,32,118272,train,canonical,168,6.318184473247987e-07,0.9131238981693661,0.991990688599534,0.9880952380952381,0.9940476190476191,0.9880952380952381
0,mean,29,random_subspace,32,118272,iid,paraphrase,24,7.939512467905412e-06,-0.03685200929776489,0.8874714952538177,0.20833333333333334,0.6041666666666666,0.20833333333333334
0,mean,29,random_subspace,32,118272,topic,paraphrase,96,7.578223522114799e-06,-0.12247969312318263,0.8871402529461769,0.3854166666666667,0.6927083333333334,0.3854166666666667
0,mean,29,random_subspace,32,118272,template,paraphrase,24,6.151261436276651e-06,0.2998771989069333,0.9098755847176658,0.75,0.875,0.75
0,mean,29,random_subspace,32,118272,expression,paraphrase,24,1.4213305068494954e-05,-0.621978444920539,0.7790371887925701,0.0,0.4930555555555555,0.0
0,mean,29,random_subspace,32,118272,joint,paraphrase,96,1.2124774052340815e-05,-0.596117491290755,0.7936185589732521,0.0,0.5,0.0
0,mean,29,rank1,1,10752,dev,canonical,48,4.1788500433909617e-07,0.9376288139019691,0.9946252004233198,0.9791666666666666,0.9895833333333334,0.9791666666666666
0,mean,29,rank1,1,10752,expression,canonical,24,1.1616980188166871e-05,-0.7554897847012458,0.8161211082071264,0.0,0.4861111111111111,0.0
0,mean,29,rank1,1,10752,iid,canonical,24,3.4298600294892935e-07,0.954061504688481,0.9962187692025263,0.9583333333333334,0.9791666666666666,0.9583333333333334
0,mean,29,rank1,1,10752,joint,canonical,96,1.0968625209417468e-05,-0.9147324069576543,0.8240176884983175,0.0,0.5,0.0
0,mean,29,rank1,1,10752,template,canonical,24,2.1643838102802456e-07,0.9619823264846211,0.9972522226480246,1.0,1.0,1.0
0,mean,29,rank1,1,10752,topic,canonical,96,3.730783980832679e-07,0.9434057119580136,0.9949383706095852,0.9895833333333334,0.9947916666666666,0.9895833333333334
0,mean,29,rank1,1,10752,train,canonical,168,3.60924462343123e-07,0.9503722778648643,0.9956480406568845,0.9583333333333334,0.9791666666666666,0.9583333333333334
0,mean,29,rank1,1,10752,iid,paraphrase,24,7.62311440876096e-06,0.004467651662272143,0.891999674206457,0.0,0.5,0.0
0,mean,29,rank1,1,10752,topic,paraphrase,96,6.987361962880547e-06,-0.03496180720280706,0.8960593040316126,0.041666666666666664,0.5208333333333334,0.041666666666666664
0,mean,29,rank1,1,10752,template,paraphrase,24,5.879982614339281e-06,0.3307535468982459,0.91418075423735,0.9583333333333334,0.9791666666666666,0.9583333333333334
0,mean,29,rank1,1,10752,expression,paraphrase,24,1.3584065100377074e-05,-0.5501715245701155,0.7889123607636997,0.0,0.4930555555555555,0.0
0,mean,29,rank1,1,10752,joint,paraphrase,96,1.1889226667069514e-05,-0.5651097958041127,0.7975178328223435,0.0,0.5,0.0
0,mean,29,rank2,2,17920,dev,canonical,48,3.3033316834838685e-07,0.9506963128528758,0.995952836842565,1.0,1.0,1.0
0,mean,29,rank2,2,17920,expression,canonical,24,1.1687615932810675e-05,-0.7661638433764317,0.8151401977580753,0.0,0.4791666666666667,0.0
0,mean,29,rank2,2,17920,iid,canonical,24,1.724130506058783e-07,0.9769075237799656,0.9985225831571164,1.0,1.0,1.0
0,mean,29,rank2,2,17920,joint,canonical,96,1.1095630010868842e-05,-0.9369029346705875,0.8218559303774994,0.0,0.5,0.0
0,mean,29,rank2,2,17920,template,canonical,24,1.3944372663230824e-07,0.9755065342491708,0.9985069072188525,1.0,1.0,1.0
0,mean,29,rank2,2,17920,topic,canonical,96,2.0782958646421692e-07,0.9684732015028711,0.9976044382790965,1.0,1.0,1.0
0,mean,29,rank2,2,17920,train,canonical,168,1.9116209441333027e-07,0.9737148896954059,0.9981867030335282,1.0,1.0,1.0
0,mean,29,rank2,2,17920,iid,paraphrase,24,7.49562706570706e-06,0.021116722790986198,0.8942687887953774,0.041666666666666664,0.5208333333333334,0.041666666666666664
0,mean,29,rank2,2,17920,topic,paraphrase,96,6.798336772738777e-06,-0.006963565028541785,0.8989856786951925,0.041666666666666664,0.5208333333333334,0.041666666666666664
0,mean,29,rank2,2,17920,template,paraphrase,24,5.8179530213661145e-06,0.3378136162568526,0.9152660029876595,1.0,1.0,1.0
0,mean,29,rank2,2,17920,expression,paraphrase,24,1.3485673597865344e-05,-0.5389433904050991,0.7896832042921256,0.0,0.4930555555555555,0.0
0,mean,29,rank2,2,17920,joint,paraphrase,96,1.2070066144652841e-05,-0.5889156871172712,0.7946569114594687,0.0,0.5,0.0
0,mean,29,rank4,4,32256,dev,canonical,48,1.4912416363924056e-07,0.9777425586812661,0.9985220557567738,1.0,1.0,1.0
0,mean,29,rank4,4,32256,expression,canonical,24,1.1905428259548589e-05,-0.7990783623286031,0.812526990908073,0.0,0.4791666666666667,0.0
0,mean,29,rank4,4,32256,iid,canonical,24,1.648351451085014e-07,0.9779224852453587,0.9985419356870416,1.0,1.0,1.0
0,mean,29,rank4,4,32256,joint,canonical,96,1.1149429888573277e-05,-0.9462944825960831,0.8213762795473882,0.0,0.5,0.0
0,mean,29,rank4,4,32256,template,canonical,24,1.3712670265439128e-07,0.9759135224215151,0.9984834605449198,1.0,1.0,1.0
0,mean,29,rank4,4,32256,topic,canonical,96,2.883215907411762e-07,0.9562629322979779,0.996347627145898,1.0,1.0,1.0
0,mean,29,rank4,4,32256,train,canonical,168,1.3801917482668688e-07,0.9810221307440564,0.9987763494345633,1.0,1.0,1.0
0,mean,29,rank4,4,32256,iid,paraphrase,24,7.460281034496637e-06,0.02573269935495981,0.8950796898647378,0.041666666666666664,0.5208333333333334,0.041666666666666664
0,mean,29,rank4,4,32256,topic,paraphrase,96,6.887516266414021e-06,-0.02017275190477341,0.8978422590274575,0.03125,0.515625,0.03125
0,mean,29,rank4,4,32256,template,paraphrase,24,5.782920906400629e-06,0.3418008931287483,0.915863151964591,1.0,1.0,1.0
0,mean,29,rank4,4,32256,expression,paraphrase,24,1.3723830723809597e-05,-0.5661211455383537,0.7871244134228483,0.0,0.4930555555555555,0.0
0,mean,29,rank4,4,32256,joint,paraphrase,96,1.2092158671103021e-05,-0.5918239695926157,0.7946137125634468,0.0,0.5,0.0
0,mean,29,rank8,8,60928,dev,canonical,48,1.104455871280559e-07,0.983515507383748,0.998839481012867,1.0,1.0,1.0
0,mean,29,rank8,8,60928,expression,canonical,24,1.2085061531183694e-05,-0.8262234868136309,0.8119342877607213,0.0,0.4791666666666667,0.0
0,mean,29,rank8,8,60928,iid,canonical,24,1.403057594828062e-07,0.9812078760685178,0.998637509250741,1.0,1.0,1.0
0,mean,29,rank8,8,60928,joint,canonical,96,1.123363405484465e-05,-0.9609935394862956,0.8208214908755199,0.0,0.5,0.0
0,mean,29,rank8,8,60928,template,canonical,24,1.225721960260796e-07,0.9784700397940088,0.9985547771588844,1.0,1.0,1.0
0,mean,29,rank8,8,60928,topic,canonical,96,2.7682931995225883e-07,0.958006257257627,0.9963819254966234,1.0,1.0,1.0
0,mean,29,rank8,8,60928,train,canonical,168,1.0682157275727441e-07,0.985311853631588,0.9989381102739083,1.0,1.0,1.0
0,mean,29,rank8,8,60928,iid,paraphrase,24,7.444612278121086e-06,0.027778943579257143,0.8962549628042887,0.041666666666666664,0.5208333333333334,0.041666666666666664
0,mean,29,rank8,8,60928,topic,paraphrase,96,6.880563841420614e-06,-0.019142964930255024,0.8985705726794868,0.052083333333333336,0.5260416666666666,0.052083333333333336
0,mean,29,rank8,8,60928,template,paraphrase,24,5.733850085664351e-06,0.347386024052173,0.9168336740568094,1.0,1.0,1.0
0,mean,29,rank8,8,60928,expression,paraphrase,24,1.3962631222422264e-05,-0.5933723203720362,0.7862961313288265,0.0,0.4930555555555555,0.0
0,mean,29,rank8,8,60928,joint,paraphrase,96,1.2186932745647643e-05,-0.6043001244016499,0.7939513501687235,0.0,0.5,0.0
0,mean,29,rank16,16,118272,dev,canonical,48,7.805285777137525e-08,0.9883502655826548,0.9990911306966203,1.0,1.0,1.0
0,mean,29,rank16,16,118272,expression,canonical,24,1.2314142157147549e-05,-0.8608408049323399,0.8112160776079372,0.0,0.4791666666666667,0.0
0,mean,29,rank16,16,118272,iid,canonical,24,1.0381607369657239e-07,0.9860951928831906,0.9988752628476533,1.0,1.0,1.0
0,mean,29,rank16,16,118272,joint,canonical,96,1.1293684740755149e-05,-0.9714762565249038,0.8206662124238471,0.0,0.5,0.0
0,mean,29,rank16,16,118272,template,canonical,24,1.0401557425323937e-07,0.9817295337190575,0.9986951747171746,1.0,1.0,1.0
0,mean,29,rank16,16,118272,topic,canonical,96,2.637319160409666e-07,0.9599930735765726,0.996464508484455,1.0,1.0,1.0
0,mean,29,rank16,16,118272,train,canonical,168,6.602450071346367e-08,0.9909215198264844,0.999244687024542,1.0,1.0,1.0
0,mean,29,rank16,16,118272,iid,paraphrase,24,7.419024319325054e-06,0.031120575272480355,0.8977606253473902,0.041666666666666664,0.5208333333333334,0.041666666666666664
0,mean,29,rank16,16,118272,topic,paraphrase,96,6.8700341593381095e-06,-0.01758331783378675,0.8992775564436748,0.052083333333333336,0.5260416666666666,0.052083333333333336
0,mean,29,rank16,16,118272,template,paraphrase,24,5.673322608409654e-06,0.3542751259636512,0.9179960469611691,1.0,1.0,1.0
0,mean,29,rank16,16,118272,expression,paraphrase,24,1.4255941833893238e-05,-0.6268440208090382,0.7854521556670678,0.0,0.4930555555555555,0.0
0,mean,29,rank16,16,118272,joint,paraphrase,96,1.2264473212362807e-05,-0.6145076296856786,0.7937010323004251,0.0,0.5,0.0
0,mean,29,rank32,32,232960,dev,canonical,48,5.0896608894052974e-08,0.9924034558978486,0.9993698500251718,1.0,1.0,1.0
0,mean,29,rank32,32,232960,expression,canonical,24,1.2495504161444214e-05,-0.8882471653391557,0.8108360322358464,0.0,0.4791666666666667,0.0
0,mean,29,rank32,32,232960,iid,canonical,24,6.231342276870718e-08,0.9916539309036142,0.9992600837337644,1.0,1.0,1.0
0,mean,29,rank32,32,232960,joint,canonical,96,1.1384533155699932e-05,-0.9873351632606506,0.8200524643818734,0.0,0.5,0.0
0,mean,29,rank32,32,232960,template,canonical,24,8.665225439182248e-08,0.9847794226643503,0.998855444245894,1.0,1.0,1.0
0,mean,29,rank32,32,232960,topic,canonical,96,2.5182433682817227e-07,0.9617993989261878,0.9965539242716046,1.0,1.0,1.0
0,mean,29,rank32,32,232960,train,canonical,168,3.400265192155222e-08,0.9953245780281408,0.9995837427876803,1.0,1.0,1.0
0,mean,29,rank32,32,232960,iid,paraphrase,24,7.39998456244436e-06,0.03360705164720623,0.8993081028234098,0.041666666666666664,0.5208333333333334,0.041666666666666664
0,mean,29,rank32,32,232960,topic,paraphrase,96,6.8580213767716e-06,-0.015803995219527467,0.8999293472557799,0.0625,0.53125,0.0625
0,mean,29,rank32,32,232960,template,paraphrase,24,5.619551731781741e-06,0.3603952067230135,0.9190871637771089,1.0,1.0,1.0
0,mean,29,rank32,32,232960,expression,paraphrase,24,1.4481617190729697e-05,-0.6525973950294965,0.7851194838514924,0.0,0.4930555555555555,0.0
0,mean,29,rank32,32,232960,joint,paraphrase,96,1.2358271187403275e-05,-0.6268552897710096,0.7930421363079289,0.0,0.5,0.0
0,mean,43,identity,0,0,dev,canonical,48,6.699968855527166e-06,0.0,0.9044011521617478,0.0,0.5,0.0
0,mean,43,identity,0,0,expression,canonical,24,6.617515117095302e-06,0.0,0.8992706384392223,0.0,0.5,0.0
0,mean,43,identity,0,0,iid,canonical,24,7.4662002014447134e-06,0.0,0.8957512207583344,0.0,0.5,0.0
0,mean,43,identity,0,0,joint,canonical,96,5.72854210309506e-06,0.0,0.9103309691933347,0.0,0.5,0.0
0,mean,43,identity,0,0,template,canonical,24,5.693099051431195e-06,0.0,0.918118254224242,0.0,0.5,0.0
0,mean,43,identity,0,0,topic,canonical,96,6.592156399361127e-06,0.0,0.9031461211683635,0.0,0.5,0.0
0,mean,43,identity,0,0,train,canonical,168,7.272638090467472e-06,0.0,0.8985889792388871,0.0,0.49900793650793657,0.0
0,mean,43,identity,0,0,iid,paraphrase,24,7.657324668042698e-06,0.0,0.8898298909144389,0.0,0.5,0.0
0,mean,43,identity,0,0,topic,paraphrase,96,6.751323492569548e-06,0.0,0.8977548332246199,0.0,0.5,0.0
0,mean,43,identity,0,0,template,paraphrase,24,8.785975012773465e-06,0.0,0.8727594858468065,0.0,0.5,0.0
0,mean,43,identity,0,0,expression,paraphrase,24,8.762943251808297e-06,0.0,0.8611705805995716,0.0,0.4930555555555555,0.0
0,mean,43,identity,0,0,joint,paraphrase,96,7.596417004700389e-06,0.0,0.8759862778080821,0.0,0.5,0.0
0,mean,43,shift,0,3584,dev,canonical,48,5.86868702159069e-07,0.9124072492255051,0.9921958050003369,1.0,1.0,1.0
0,mean,43,shift,0,3584,expression,canonical,24,1.1746711286710897e-05,-0.7750939860137425,0.8127934877169197,0.0,0.4861111111111111,0.0
0,mean,43,shift,0,3584,iid,canonical,24,5.665446772358558e-07,0.9241187401958189,0.9933800553435197,1.0,1.0,1.0
0,mean,43,shift,0,3584,joint,canonical,96,1.1141799599640088e-05,-0.9449625051407604,0.8211763161771352,0.0,0.5,0.0
0,mean,43,shift,0,3584,template,canonical,24,3.969319410422296e-07,0.930278405933857,0.9945380705972693,1.0,1.0,1.0
0,mean,43,shift,0,3584,topic,canonical,96,6.970762057079511e-07,0.8942567251930631,0.9902219873631157,1.0,1.0,1.0
0,mean,43,shift,0,3584,train,canonical,168,6.350134411241081e-07,0.9126845811348093,0.9919722654940841,0.9880952380952381,0.9940476190476191,0.9880952380952381
0,mean,43,shift,0,3584,iid,paraphrase,24,7.93752195685547e-06,-0.03659206066867671,0.8874546947114365,0.20833333333333334,0.6041666666666666,0.20833333333333334
0,mean,43,shift,0,3584,topic,paraphrase,96,7.561767752687597e-06,-0.12004227926717159,0.8873376790160105,0.3854166666666667,0.6927083333333334,0.3854166666666667
0,mean,43,shift,0,3584,template,paraphrase,24,6.13592414922735e-06,0.30162285457144444,0.9101000268416399,0.75,0.875,0.75
0,mean,43,shift,0,3584,expression,paraphrase,24,1.4114277096931855e-05,-0.6106776788745347,0.7804757845357134,0.0,0.4930555555555555,0.0
0,mean,43,shift,0,3584,joint,paraphrase,96,1.2028794915451044e-05,-0.5834827008585837,0.7951835553351355,0.0,0.5,0.0
0,mean,43,lowrank,32,232960,dev,canonical,48,2.5996895306945144e-07,0.9611984833548907,0.9963787582219062,0.9791666666666666,0.9895833333333334,0.9791666666666666
0,mean,43,lowrank,32,232960,expression,canonical,24,1.2256750609774014e-05,-0.8521681315257807,0.8135492242483423,0.0,0.4791666666666667,0.0
0,mean,43,lowrank,32,232960,iid,canonical,24,6.544207353670133e-08,0.9912348889969441,0.9992825811193216,1.0,1.0,1.0
0,mean,43,lowrank,32,232960,joint,canonical,96,1.1353214100843931e-05,-0.9818679685901113,0.8206601516150996,0.0,0.5,0.0
0,mean,43,lowrank,32,232960,template,canonical,24,8.054908847343904e-08,0.9858514514246525,0.9989416403896886,1.0,1.0,1.0
0,mean,43,lowrank,32,232960,topic,canonical,96,1.640166104474367e-07,0.9751194297417864,0.9978528266990372,1.0,1.0,1.0
0,mean,43,lowrank,32,232960,train,canonical,168,7.656748740055853e-08,0.9894718413802388,0.9990544739106364,0.9940476190476191,0.9970238095238095,0.9940476190476191
0,mean,43,lowrank,32,232960,iid,paraphrase,24,7.417517287111692e-06,0.031317384507911106,0.8986764302825844,0.0,0.5,0.0
0,mean,43,lowrank,32,232960,topic,paraphrase,96,6.761820711757399e-06,-0.0015548387215342796,0.9011949109551827,0.08333333333333333,0.5416666666666666,0.08333333333333333
0,mean,43,lowrank,32,232960,template,paraphrase,24,5.6186775758676215e-06,0.36049470119151006,0.919060005775512,1.0,1.0,1.0
0,mean,43,lowrank,32,232960,expression,paraphrase,24,1.4243746859553624e-05,-0.6254523680287811,0.7875655377991864,0.0,0.4930555555555555,0.0
0,mean,43,lowrank,32,232960,joint,paraphrase,96,1.2400450683214989e-05,-0.6324078411627532,0.7925636590776576,0.0,0.5,0.0
0,mean,43,full_delta,0,12848640,dev,canonical,48,2.3688691810898367e-07,0.9646435792140193,0.9966587010123945,0.9583333333333334,0.9791666666666666,0.9583333333333334
0,mean,43,full_delta,0,12848640,expression,canonical,24,1.2410445285555034e-05,-0.875393567820437,0.8130152158474195,0.0,0.4791666666666667,0.0
0,mean,43,full_delta,0,12848640,iid,canonical,24,3.286571557578947e-08,0.9955980666618838,0.9996458757262389,1.0,1.0,1.0
0,mean,43,full_delta,0,12848640,joint,canonical,96,1.1402017760761464e-05,-0.9903873543324566,0.8204820612084722,0.0,0.5,0.0
0,mean,43,full_delta,0,12848640,template,canonical,24,6.440840574060117e-08,0.9886865826224455,0.999131324497701,1.0,1.0,1.0
0,mean,43,full_delta,0,12848640,topic,canonical,96,1.5069363731965239e-07,0.9771404638800353,0.9980074826511011,1.0,1.0,1.0
0,mean,43,full_delta,0,12848640,train,canonical,168,5.672643505377963e-08,0.9922000195323711,0.9992881176775664,0.9940476190476191,0.9970238095238095,0.9940476190476191
0,mean,43,full_delta,0,12848640,iid,paraphrase,24,7.386541521613069e-06,0.03536263096688619,0.9001925536565724,0.041666666666666664,0.5208333333333334,0.041666666666666664
0,mean,43,full_delta,0,12848640,topic,paraphrase,96,6.737184899931081e-06,0.002094195701632051,0.9018773362078442,0.07291666666666667,0.5364583333333334,0.07291666666666667
0,mean,43,full_delta,0,12848640,template,paraphrase,24,5.557749970892067e-06,0.36742934474410094,0.920314264694297,1.0,1.0,1.0
0,mean,43,full_delta,0,12848640,expression,paraphrase,24,1.4409262739354425e-05,-0.6443405286666632,0.7872685082175949,0.0,0.4861111111111111,0.0
0,mean,43,full_delta,0,12848640,joint,paraphrase,96,1.2461413459352702e-05,-0.6404330425307128,0.7923074065188862,0.0,0.5,0.0
0,mean,43,full_affine,0,12848640,dev,canonical,48,1.1644298560296962e-06,0.8262036912202815,0.9827703733448243,1.0,1.0,1.0
0,mean,43,full_affine,0,12848640,expression,canonical,24,1.2924472858493713e-05,-0.953070394218728,0.7980686663402187,0.0,0.4861111111111111,0.0
0,mean,43,full_affine,0,12848640,iid,canonical,24,1.3644801689502493e-06,0.8172457030168812,0.9805062648906051,1.0,1.0,1.0
0,mean,43,full_affine,0,12848640,joint,canonical,96,1.606104011489233e-05,-1.8036871905357468,0.7040310382130704,0.0,0.4947916666666667,0.0
0,mean,43,full_affine,0,12848640,template,canonical,24,4.408394271639425e-06,0.22566000840417588,0.9350691011050108,1.0,1.0,1.0
0,mean,43,full_affine,0,12848640,topic,canonical,96,9.415616909031789e-06,-0.4283060562616954,0.8502201009114673,1.0,1.0,1.0
0,mean,43,full_affine,0,12848640,train,canonical,168,6.181912479760693e-07,0.9149976610569476,0.9910313526863233,1.0,1.0,1.0
0,mean,43,full_affine,0,12848640,iid,paraphrase,24,5.6343026731695475e-06,0.2641943606382643,0.9186528838200161,1.0,1.0,1.0
0,mean,43,full_affine,0,12848640,topic,paraphrase,96,1.3092556393566942e-05,-0.9392577481995203,0.7828816216053057,0.9895833333333334,0.9947916666666666,1.0
0,mean,43,full_affine,0,12848640,template,paraphrase,24,6.359395834387875e-06,0.27618780782527996,0.9055270387983648,0.9583333333333334,0.9791666666666666,1.0
0,mean,43,full_affine,0,12848640,expression,paraphrase,24,1.414876416020451e-05,-0.6146132359449903,0.7719316903350694,0.0,0.4791666666666667,0.0
0,mean,43,full_affine,0,12848640,joint,paraphrase,96,1.5607520706652067e-05,-1.0545897752841498,0.6949664249002598,0.0,0.4895833333333333,0.0
0,mean,43,shuffled,32,232960,dev,canonical,48,1.9359731909260428e-05,-1.8895256570169785,0.7044815916742664,0.8541666666666666,0.9236111111111112,0.9791666666666666
0,mean,43,shuffled,32,232960,expression,canonical,24,2.3677550657898562e-05,-2.5780123262176406,0.5977149088648788,0.041666666666666664,0.4583333333333333,0.125
0,mean,43,shuffled,32,232960,iid,canonical,24,2.3767169829338815e-05,-2.1833019726339318,0.6523632895345128,0.7916666666666666,0.8819444444444443,1.0
0,mean,43,shuffled,32,232960,joint,canonical,96,1.630182179334833e-05,-1.84571912014763,0.7302892351977679,0.0,0.4782986111111111,0.0
0,mean,43,shuffled,32,232960,template,canonical,24,1.557891302748746e-05,-1.7364556433584375,0.7683720813201672,0.9166666666666666,0.9583333333333334,1.0
0,mean,43,shuffled,32,232960,topic,canonical,96,1.0871864030924377e-05,-0.6492120896855564,0.8328554391608062,0.9895833333333334,0.9947916666666666,1.0
0,mean,43,shuffled,32,232960,train,canonical,168,2.1478268299321318e-05,-1.95329810615404,0.671072362728095,0.8095238095238095,0.8928571428571429,1.0
0,mean,43,shuffled,32,232960,iid,paraphrase,24,3.092379639489738e-05,-3.0384596103069326,0.5516445422003123,0.0,0.44722222222222224,0.0
0,mean,43,shuffled,32,232960,topic,paraphrase,96,1.7665537297858726e-05,-1.6166035914737718,0.7298505383489683,0.09375,0.5399305555555555,0.09375
0,mean,43,shuffled,32,232960,template,paraphrase,24,2.2796578611983064e-05,-1.594655525293473,0.6528986805916905,0.041666666666666664,0.4618055555555555,0.08333333333333333
0,mean,43,shuffled,32,232960,expression,paraphrase,24,2.4461856338895646e-05,-1.791511440388224,0.5876349278468121,0.08333333333333333,0.5291666666666667,0.08333333333333333
0,mean,43,shuffled,32,232960,joint,paraphrase,96,1.6291372132361452e-05,-1.1446126670351218,0.7141893533218119,0.0,0.49826388888888884,0.0
0,mean,43,random_subspace,32,118272,dev,canonical,48,5.831573530240628e-07,0.9129611845071511,0.9922389213407589,1.0,1.0,1.0
0,mean,43,random_subspace,32,118272,expression,canonical,24,1.1752694116864118e-05,-0.7759980761514085,0.8128063539528435,0.0,0.4861111111111111,0.0
0,mean,43,random_subspace,32,118272,iid,canonical,24,5.615266635726688e-07,0.9247908375850927,0.9934371184081007,1.0,1.0,1.0
0,mean,43,random_subspace,32,118272,joint,canonical,96,1.1142422569987624e-05,-0.9450712536384276,0.8211949575130592,0.0,0.5,0.0
0,mean,43,random_subspace,32,118272,template,canonical,24,3.937644516224608e-07,0.9308347794294091,0.9945790384523777,1.0,1.0,1.0
0,mean,43,random_subspace,32,118272,topic,canonical,96,6.91965421995009e-07,0.895032007726323,0.9902923515151133,1.0,1.0,1.0
0,mean,43,random_subspace,32,118272,train,canonical,168,6.295572343504878e-07,0.9134348187660166,0.9920350397918921,0.9880952380952381,0.9940476190476191,0.9880952380952381
0,mean,43,random_subspace,32,118272,iid,paraphrase,24,7.932734739733457e-06,-0.03596687924702513,0.8875760737721831,0.20833333333333334,0.6041666666666666,0.20833333333333334
0,mean,43,random_subspace,32,118272,topic,paraphrase,96,7.552719230785247e-06,-0.1187020202924225,0.8874971896564722,0.3854166666666667,0.6927083333333334,0.3854166666666667
0,mean,43,random_subspace,32,118272,template,paraphrase,24,6.129981611168691e-06,0.3022992209451274,0.9102011700359948,0.75,0.875,0.75
0,mean,43,random_subspace,32,118272,expression,paraphrase,24,1.4113788927712394e-05,-0.6106219705120093,0.7805981079959435,0.0,0.4930555555555555,0.0
0,mean,43,random_subspace,32,118272,joint,paraphrase,96,1.2031798130424668e-05,-0.5838780471082388,0.7951712516956219,0.0,0.5,0.0
0,mean,43,rank1,1,10752,dev,canonical,48,4.434520491974091e-07,0.9338128193190657,0.9942916069424191,1.0,1.0,1.0
0,mean,43,rank1,1,10752,expression,canonical,24,1.17885496614405e-05,-0.7814163553607381,0.812463066954824,0.0,0.4861111111111111,0.0
0,mean,43,rank1,1,10752,iid,canonical,24,3.000328973051029e-07,0.9598145121735355,0.9969672096866499,1.0,1.0,1.0
0,mean,43,rank1,1,10752,joint,canonical,96,1.1189299488433013e-05,-0.9532542987486421,0.8204281190926398,0.0,0.5,0.0
0,mean,43,rank1,1,10752,template,canonical,24,2.1095651053528257e-07,0.962945223922944,0.9973463920079846,1.0,1.0,1.0
0,mean,43,rank1,1,10752,topic,canonical,96,3.006848782110772e-07,0.9543874780883206,0.9963176540562065,1.0,1.0,1.0
0,mean,43,rank1,1,10752,train,canonical,168,3.3617194901555454e-07,0.9537757901831815,0.9962846575248806,0.9940476190476191,0.9970238095238095,0.9940476190476191
0,mean,43,rank1,1,10752,iid,paraphrase,24,7.670286019958604e-06,-0.0016926736788371866,0.8910051439773164,0.08333333333333333,0.5416666666666666,0.08333333333333333
0,mean,43,rank1,1,10752,topic,paraphrase,96,7.112302154099872e-06,-0.053467836629012666,0.8941206321092009,0.20833333333333334,0.6041666666666666,0.20833333333333334
0,mean,43,rank1,1,10752,template,paraphrase,24,5.923565658167592e-06,0.32579302245275765,0.9134828283906903,1.0,1.0,1.0
0,mean,43,rank1,1,10752,expression,paraphrase,24,1.4022317772168954e-05,-0.6001835649540863,0.7820057123836737,0.0,0.4930555555555555,0.0
0,mean,43,rank1,1,10752,joint,paraphrase,96,1.2052129024187189e-05,-0.5865544264789264,0.7946830471127918,0.0,0.5,0.0
0,mean,43,rank2,2,17920,dev,canonical,48,3.3720207130076496e-07,0.9496710986913635,0.9958489721242257,1.0,1.0,1.0
0,mean,43,rank2,2,17920,expression,canonical,24,1.1704862683364748e-05,-0.7687700709783178,0.8148581985810007,0.0,0.4791666666666667,0.0
0,mean,43,rank2,2,17920,iid,canonical,24,1.716198867500529e-07,0.9770137577188401,0.9985493939764409,1.0,1.0,1.0
0,mean,43,rank2,2,17920,joint,canonical,96,1.111004762350883e-05,-0.9394197377909137,0.8216370617077048,0.0,0.5,0.0
0,mean,43,rank2,2,17920,template,canonical,24,1.3765263565124125e-07,0.9758211416299464,0.9985394664407599,1.0,1.0,1.0
0,mean,43,rank2,2,17920,topic,canonical,96,2.0258575403966832e-07,0.9692686669176566,0.9977050046329708,1.0,1.0,1.0
0,mean,43,rank2,2,17920,train,canonical,168,1.9240638716871836e-07,0.9735437973435097,0.9981834331012251,0.9940476190476191,0.9970238095238095,0.9940476190476191
0,mean,43,rank2,2,17920,iid,paraphrase,24,7.473901688283861e-06,0.023953924864168252,0.8945049289395349,0.041666666666666664,0.5208333333333334,0.041666666666666664
0,mean,43,rank2,2,17920,topic,paraphrase,96,6.761416367000984e-06,-0.0014949475377006305,0.8994532259315822,0.03125,0.515625,0.03125
0,mean,43,rank2,2,17920,template,paraphrase,24,5.810994303146057e-06,0.3386056419807979,0.9153408627555558,1.0,1.0,1.0
0,mean,43,rank2,2,17920,expression,paraphrase,24,1.3491876499446145e-05,-0.5396512463620027,0.7895120144641595,0.0,0.4930555555555555,0.0
0,mean,43,rank2,2,17920,joint,paraphrase,96,1.2116182151974709e-05,-0.5949864448565227,0.7939115069456438,0.0,0.5,0.0
0,mean,43,rank4,4,32256,dev,canonical,48,3.238351246411524e-07,0.9516661746309457,0.9959071630259461,1.0,1.0,1.0
0,mean,43,rank4,4,32256,expression,canonical,24,1.179494265099934e-05,-0.7823824263776857,0.8145631991099579,0.0,0.4791666666666667,0.0
0,mean,43,rank4,4,32256,iid,canonical,24,1.6053309446095998e-07,0.9784986887399701,0.9985806529255759,1.0,1.0,1.0
0,mean,43,rank4,4,32256,joint,canonical,96,1.1165643861259892e-05,-0.949124866382187,0.8214567011408397,0.0,0.5,0.0
0,mean,43,rank4,4,32256,template,canonical,24,1.2908841572931352e-07,0.9773254576175234,0.9985712847827962,1.0,1.0,1.0
0,mean,43,rank4,4,32256,topic,canonical,96,1.934181264847146e-07,0.9706593541222021,0.9977344941393022,1.0,1.0,1.0
0,mean,43,rank4,4,32256,train,canonical,168,1.7287818666262102e-07,0.9762289578400417,0.9982674906740607,1.0,1.0,1.0
0,mean,43,rank4,4,32256,iid,paraphrase,24,7.473571918655421e-06,0.023996990770700277,0.8949738491261919,0.041666666666666664,0.5208333333333334,0.041666666666666664
0,mean,43,rank4,4,32256,topic,paraphrase,96,6.757277818184899e-06,-0.0008819493869467454,0.8999145863900718,0.052083333333333336,0.5260416666666666,0.052083333333333336
0,mean,43,rank4,4,32256,template,paraphrase,24,5.778095157871783e-06,0.34235014901916794,0.9159563095758688,1.0,1.0,1.0
0,mean,43,rank4,4,32256,expression,paraphrase,24,1.3611087218876199e-05,-0.5532552052151487,0.7891298549736233,0.0,0.4930555555555555,0.0
0,mean,43,rank4,4,32256,joint,paraphrase,96,1.2186839356519803e-05,-0.6042878305626227,0.7935839020596284,0.0,0.5,0.0
0,mean,43,rank8,8,60928,dev,canonical,48,2.993841110171256e-07,0.9553155966135354,0.9960577142215189,1.0,1.0,1.0
0,mean,43,rank8,8,60928,expression,canonical,24,1.194985562638448e-05,-0.8057919649497924,0.8140445677064202,0.0,0.4791666666666667,0.0
0,mean,43,rank8,8,60928,iid,canonical,24,1.3426004666382636e-07,0.9820176203368017,0.998715880609669,1.0,1.0,1.0
0,mean,43,rank8,8,60928,joint,canonical,96,1.120903293937555e-05,-0.9566990584427142,0.8212703170873223,0.0,0.5,0.0
0,mean,43,rank8,8,60928,template,canonical,24,1.13431577934304e-07,0.9800756008441855,0.9986464641791709,1.0,1.0,1.0
0,mean,43,rank8,8,60928,topic,canonical,96,1.9121826271179165e-07,0.970993063403301,0.9976659280138565,1.0,1.0,1.0
0,mean,43,rank8,8,60928,train,canonical,168,1.428159943050705e-07,0.9803625599777521,0.9984505316004657,1.0,1.0,1.0
0,mean,43,rank8,8,60928,iid,paraphrase,24,7.460653443200933e-06,0.025684065044617732,0.8959684065658173,0.0,0.5,0.0
0,mean,43,rank8,8,60928,topic,paraphrase,96,6.7797098010496894e-06,-0.004204554634566593,0.8999478358656811,0.0625,0.53125,0.0625
0,mean,43,rank8,8,60928,template,paraphrase,24,5.719802038290455e-06,0.348984941344047,0.9170804368668038,1.0,1.0,1.0
0,mean,43,rank8,8,60928,expression,paraphrase,24,1.3837324811204048e-05,-0.579072740012166,0.7882913650787579,0.0,0.4930555555555555,0.0
0,mean,43,rank8,8,60928,joint,paraphrase,96,1.2229154657951804e-05,-0.6098582595432616,0.7934379835660396,0.0,0.5,0.0
0,mean,43,rank16,16,118272,dev,canonical,48,2.823757518363547e-07,0.9578541694856675,0.9961541371680424,1.0,1.0,1.0
0,mean,43,rank16,16,118272,expression,canonical,24,1.2127536135864273e-05,-0.8326419994923329,0.813573068724998,0.0,0.4791666666666667,0.0
0,mean,43,rank16,16,118272,iid,canonical,24,1.030109752193494e-07,0.9862030253087217,0.9989395789531793,1.0,1.0,1.0
0,mean,43,rank16,16,118272,joint,canonical,96,1.128219119191544e-05,-0.9694698910949457,0.8210115487219655,0.0,0.5,0.0
0,mean,43,rank16,16,118272,template,canonical,24,9.769715301763236e-08,0.9828393723462316,0.9987834852874461,1.0,1.0,1.0
0,mean,43,rank16,16,118272,topic,canonical,96,1.760155276576693e-07,0.9732992488353693,0.9977608187891512,1.0,1.0,1.0
0,mean,43,rank16,16,118272,train,canonical,168,1.0864606960064633e-07,0.9850609822392987,0.9987265307348336,0.9940476190476191,0.9970238095238095,0.9940476190476191
0,mean,43,rank16,16,118272,iid,paraphrase,24,7.440147034199733e-06,0.02836207726039619,0.8972389232050814,0.0,0.5,0.0
0,mean,43,rank16,16,118272,topic,paraphrase,96,6.77471369762656e-06,-0.00346453626207599,0.9005723743295571,0.07291666666666667,0.5364583333333334,0.07291666666666667
0,mean,43,rank16,16,118272,template,paraphrase,24,5.674965874810234e-06,0.35408809306198796,0.9179645969976392,1.0,1.0,1.0
0,mean,43,rank16,16,118272,expression,paraphrase,24,1.4069923007074097e-05,-0.6056161272265077,0.7876424059330782,0.0,0.4930555555555555,0.0
0,mean,43,rank16,16,118272,joint,paraphrase,96,1.2317809036960876e-05,-0.621528811456646,0.7930158011498349,0.0,0.5,0.0
0,mean,43,rank32,32,232960,dev,canonical,48,2.5996895306945144e-07,0.9611984833548907,0.9963787582219062,0.9791666666666666,0.9895833333333334,0.9791666666666666
0,mean,43,rank32,32,232960,expression,canonical,24,1.2256750609774014e-05,-0.8521681315257807,0.8135492242483423,0.0,0.4791666666666667,0.0
0,mean,43,rank32,32,232960,iid,canonical,24,6.544207353670133e-08,0.9912348889969441,0.9992825811193216,1.0,1.0,1.0
0,mean,43,rank32,32,232960,joint,canonical,96,1.1353214100843931e-05,-0.9818679685901113,0.8206601516150996,0.0,0.5,0.0
0,mean,43,rank32,32,232960,template,canonical,24,8.054908847343904e-08,0.9858514514246525,0.9989416403896886,1.0,1.0,1.0
0,mean,43,rank32,32,232960,topic,canonical,96,1.640166104474367e-07,0.9751194297417864,0.9978528266990372,1.0,1.0,1.0
0,mean,43,rank32,32,232960,train,canonical,168,7.656748740055853e-08,0.9894718413802388,0.9990544739106364,0.9940476190476191,0.9970238095238095,0.9940476190476191
0,mean,43,rank32,32,232960,iid,paraphrase,24,7.417517287111692e-06,0.031317384507911106,0.8986764302825844,0.0,0.5,0.0
0,mean,43,rank32,32,232960,topic,paraphrase,96,6.761820711757399e-06,-0.0015548387215342796,0.9011949109551827,0.08333333333333333,0.5416666666666666,0.08333333333333333
0,mean,43,rank32,32,232960,template,paraphrase,24,5.6186775758676215e-06,0.36049470119151006,0.919060005775512,1.0,1.0,1.0
0,mean,43,rank32,32,232960,expression,paraphrase,24,1.4243746859553624e-05,-0.6254523680287811,0.7875655377991864,0.0,0.4930555555555555,0.0
0,mean,43,rank32,32,232960,joint,paraphrase,96,1.2400450683214989e-05,-0.6324078411627532,0.7925636590776576,0.0,0.5,0.0
5,last,17,identity,0,0,dev,canonical,48,0.01720915791012118,0.0,0.9558571442829779,0.0,0.4930555555555555,0.0
5,last,17,identity,0,0,expression,canonical,24,0.06709222392295776,0.0,0.8156378978523442,0.0,0.29513888888888884,0.0
5,last,17,identity,0,0,iid,canonical,24,0.019575633499057,0.0,0.952209265612929,0.0,0.5,0.0
5,last,17,identity,0,0,joint,canonical,96,0.06099718204302932,0.0,0.8192674195873871,0.0,0.32812500000000006,0.0
5,last,17,identity,0,0,template,canonical,24,0.019140768484531733,0.0,0.9448066454422767,0.0,0.4791666666666667,0.0
5,last,17,identity,0,0,topic,canonical,96,0.017739304331347367,0.0,0.9548453904347033,0.0,0.49652777777777773,0.0
5,last,17,identity,0,0,train,canonical,168,0.01847690180842842,0.0,0.953955954513114,0.0,0.4920634920634921,0.0
5,last,17,identity,0,0,iid,paraphrase,24,0.016635437670145255,0.0,0.9588171556312967,0.0,0.5,0.0
5,last,17,identity,0,0,topic,paraphrase,96,0.01534750415447409,0.0,0.9607128423166701,0.0,0.5,0.0
5,last,17,identity,0,0,template,paraphrase,24,0.018593237711482,0.0,0.9463284926492038,0.0,0.5,0.0
5,last,17,identity,0,0,expression,paraphrase,24,0.06770020469623994,0.0,0.8143991837647245,0.0,0.25416666666666665,0.0
5,last,17,identity,0,0,joint,paraphrase,96,0.061693636318545374,0.0,0.821897167629318,0.0,0.29861111111111116,0.0
5,last,17,shift,0,3584,dev,canonical,48,0.004089910842180379,0.7623410242650519,0.989840045842216,1.0,1.0,1.0
5,last,17,shift,0,3584,expression,canonical,24,0.0630168582430272,0.06074274247653966,0.8342787165057782,0.0,0.31249999999999994,0.0
5,last,17,shift,0,3584,iid,canonical,24,0.005070466580460688,0.7409807156072399,0.9880703109128136,1.0,1.0,1.0
5,last,17,shift,0,3584,joint,canonical,96,0.058641208289760126,0.03862430483439738,0.8333803064091292,0.0,0.3272569444444445,0.0
5,last,17,shift,0,3584,template,canonical,24,0.010763245986756825,0.4376795270547811,0.9698499717921379,0.9166666666666666,0.9583333333333334,0.9166666666666666
5,last,17,shift,0,3584,topic,canonical,96,0.00435723404947696,0.7543740178256465,0.9892421270940842,1.0,1.0,1.0
5,last,17,shift,0,3584,train,canonical,168,0.0046435281268242,0.748684699687801,0.9888450572289277,1.0,1.0,1.0
5,last,17,shift,0,3584,iid,paraphrase,24,0.011453488487131009,0.31150062209147755,0.9726530047708687,0.875,0.9375,0.875
5,last,17,shift,0,3584,topic,paraphrase,96,0.010513675829283002,0.3149585936930296,0.974070373808897,0.9166666666666666,0.9583333333333334,0.9166666666666666
5,last,17,shift,0,3584,template,paraphrase,24,0.01390431985803371,0.25218404272606665,0.9614582239549773,0.6666666666666666,0.8333333333333334,0.6666666666666666
5,last,17,shift,0,3584,expression,paraphrase,24,0.0698666478645798,-0.032000540885516404,0.819293503111687,0.0,0.27291666666666664,0.0
5,last,17,shift,0,3584,joint,paraphrase,96,0.06163532861570159,0.0009451169735354981,0.8291847478933937,0.0,0.29357638888888893,0.0
5,last,17,lowrank,32,232960,dev,canonical,48,0.0014981978719628714,0.9129418255217625,0.9962563297591395,1.0,1.0,1.0
5,last,17,lowrank,32,232960,expression,canonical,24,0.06293028931474028,0.06203303996893361,0.8351580084988482,0.0,0.31249999999999994,0.0
5,last,17,lowrank,32,232960,iid,canonical,24,0.0018135607997812348,0.9073562140469886,0.9957306578258734,1.0,1.0,1.0
5,last,17,lowrank,32,232960,joint,canonical,96,0.057972271267388846,0.04959099214627005,0.8363246951681204,0.0,0.3272569444444445,0.0
5,last,17,lowrank,32,232960,template,canonical,24,0.009768404683965327,0.48965451978276175,0.9727970318315794,1.0,1.0,1.0
5,last,17,lowrank,32,232960,topic,canonical,96,0.002242353726363061,0.8735940437979539,0.9944646326635986,1.0,1.0,1.0
5,last,17,lowrank,32,232960,train,canonical,168,0.0010389629278038932,0.9437696352680751,0.9974708415219737,1.0,1.0,1.0
5,last,17,lowrank,32,232960,iid,paraphrase,24,0.010456379520517665,0.3714394698924466,0.9753144523338612,1.0,1.0,1.0
5,last,17,lowrank,32,232960,topic,paraphrase,96,0.009546254088877543,0.3779930604485532,0.9766288628830185,1.0,1.0,1.0
5,last,17,lowrank,32,232960,template,paraphrase,24,0.013129821542028818,0.29383888133045943,0.9638044150231346,0.8333333333333334,0.9166666666666666,0.8333333333333334
5,last,17,lowrank,32,232960,expression,paraphrase,24,0.07027328268617945,-0.03800694549572636,0.8192394249871212,0.0,0.2798611111111111,0.0
5,last,17,lowrank,32,232960,joint,paraphrase,96,0.06103091851908977,0.010742077125001415,0.8317084492880239,0.0,0.28802083333333334,0.0
5,last,17,full_delta,0,12848640,dev,canonical,48,0.001183843934576565,0.931208491388163,0.9970462476947485,1.0,1.0,1.0
5,last,17,full_delta,0,12848640,expression,canonical,24,0.06276215448815083,0.06453906550748956,0.8355769342000253,0.0,0.31249999999999994,0.0
5,last,17,full_delta,0,12848640,iid,canonical,24,0.0014392282132769786,0.9264785881209765,0.9966106118973227,1.0,1.0,1.0
5,last,17,full_delta,0,12848640,joint,canonical,96,0.057924447754123976,0.050375020385986735,0.8371362645180763,0.0,0.3272569444444445,0.0
5,last,17,full_delta,0,12848640,template,canonical,24,0.00959554208568957,0.4986856408903313,0.9733808252251057,1.0,1.0,1.0
5,last,17,full_delta,0,12848640,topic,canonical,96,0.0020734533055825496,0.8831152977110539,0.9948834206781237,1.0,1.0,1.0
5,last,17,full_delta,0,12848640,train,canonical,168,0.0005569679444633648,0.9698559882907806,0.998644417265834,1.0,1.0,1.0
5,last,17,full_delta,0,12848640,iid,paraphrase,24,0.01036154259756112,0.3771403672680981,0.9755395233248204,1.0,1.0,1.0
5,last,17,full_delta,0,12848640,topic,paraphrase,96,0.009538685080366675,0.3784862356537648,0.9766634276026464,0.9895833333333334,0.9947916666666666,0.9895833333333334
5,last,17,full_delta,0,12848640,template,paraphrase,24,0.01309609575976732,0.29565275488948306,0.9640154192663136,0.8333333333333334,0.9166666666666666,0.8333333333333334
5,last,17,full_delta,0,12848640,expression,paraphrase,24,0.07015227282896057,-0.03621950840064181,0.8197101936057966,0.0,0.2798611111111111,0.0
5,last,17,full_delta,0,12848640,joint,paraphrase,96,0.06116456980634605,0.008575706406209749,0.8318864449829214,0.0,0.28628472222222223,0.0
5,last,17,full_affine,0,12848640,dev,canonical,48,0.002340509077697627,0.8639963041816758,0.9941011140891467,1.0,1.0,1.0
5,last,17,full_affine,0,12848640,expression,canonical,24,0.06116112489365061,0.08840218258553856,0.8384147337434585,0.0,0.32638888888888884,0.0
5,last,17,full_affine,0,12848640,iid,canonical,24,0.002804266808564682,0.8567470723897763,0.9932937707593291,1.0,1.0,1.0
5,last,17,full_affine,0,12848640,joint,canonical,96,0.05413459767178746,0.11250658049089513,0.8459468594860287,0.0,0.31597222222222227,0.0
5,last,17,full_affine,0,12848640,template,canonical,24,0.02337887000875956,-0.22141752185408703,0.9349138972366657,1.0,1.0,1.0
5,last,17,full_affine,0,12848640,topic,canonical,96,0.007187158941172657,0.5948455020035859,0.9820339846916056,1.0,1.0,1.0
5,last,17,full_affine,0,12848640,train,canonical,168,0.0009959765177775446,0.9460961297459934,0.9975350772609614,1.0,1.0,1.0
5,last,17,full_affine,0,12848640,iid,paraphrase,24,0.00779858000756446,0.5312068030791783,0.980996486354142,1.0,1.0,1.0
5,last,17,full_affine,0,12848640,topic,paraphrase,96,0.0119996769459035,0.21813496024333268,0.9696775609729288,1.0,1.0,1.0
5,last,17,full_affine,0,12848640,template,paraphrase,24,0.022187228191850827,-0.1932955699345147,0.9381878363125232,1.0,1.0,1.0
5,last,17,full_affine,0,12848640,expression,paraphrase,24,0.06698557445349446,0.010555806233554454,0.8220797428963534,0.0,0.24513888888888888,0.0
5,last,17,full_affine,0,12848640,joint,paraphrase,96,0.05940198631355179,0.037145646483877304,0.8338972955636749,0.0,0.25451388888888893,0.0
5,last,17,shuffled,32,232960,dev,canonical,48,0.020821876135044316,-0.20992998284932907,0.9476438870664369,0.8333333333333334,0.9131944444444443,1.0
5,last,17,shuffled,32,232960,expression,canonical,24,0.06133430105354693,0.08582101669520847,0.8330062399324089,0.0,0.29583333333333334,0.0
5,last,17,shuffled,32,232960,iid,canonical,24,0.02535489114282735,-0.29522710690556964,0.9386787771115918,0.875,0.9375,1.0
5,last,17,shuffled,32,232960,joint,canonical,96,0.06840903838435247,-0.12151145500614424,0.810725169396978,0.0,0.32204861111111116,0.0
5,last,17,shuffled,32,232960,template,canonical,24,0.022927602229559325,-0.19784125951305742,0.937708948378715,0.9583333333333334,0.9791666666666666,0.9583333333333334
5,last,17,shuffled,32,232960,topic,canonical,96,0.02139130846538787,-0.205870763916429,0.9468137657975242,0.9583333333333334,0.9791666666666666,1.0
5,last,17,shuffled,32,232960,train,canonical,168,0.02832121479419555,-0.5327902419915742,0.9305874503681407,0.8154761904761905,0.9017857142857143,1.0
5,last,17,shuffled,32,232960,iid,paraphrase,24,0.03027327203387588,-0.8198061652568198,0.9268084268479851,0.7916666666666666,0.8958333333333334,0.875
5,last,17,shuffled,32,232960,topic,paraphrase,96,0.02584442916859109,-0.6839499705270937,0.9358137360624538,0.8541666666666666,0.9270833333333334,0.875
5,last,17,shuffled,32,232960,template,paraphrase,24,0.03003708854510072,-0.6154845654746686,0.9210951343844308,0.75,0.875,0.75
5,last,17,shuffled,32,232960,expression,paraphrase,24,0.0699836443210496,-0.03372869602174888,0.8171306610876479,0.0,0.22013888888888888,0.0
5,last,17,shuffled,32,232960,joint,paraphrase,96,0.07536630992737475,-0.2216221060180774,0.8011596423918448,0.0,0.26163194444444443,0.0
5,last,17,random_subspace,32,118272,dev,canonical,48,0.004063307276950006,0.7638869200822277,0.989905003611795,1.0,1.0,1.0
5,last,17,random_subspace,32,118272,expression,canonical,24,0.06300975660822912,0.06084859132731313,0.8343011154173242,0.0,0.31249999999999994,0.0
5,last,17,random_subspace,32,118272,iid,canonical,24,0.005038994014950947,0.7425884574722097,0.9881454177558533,1.0,1.0,1.0
5,last,17,random_subspace,32,118272,joint,canonical,96,0.05866661885803979,0.03820771889667751,0.8333188503373642,0.0,0.3272569444444445,0.0
5,last,17,random_subspace,32,118272,template,canonical,24,0.010761538602141995,0.43776872852107596,0.969858089020379,0.9166666666666666,0.9583333333333334,0.9166666666666666
5,last,17,random_subspace,32,118272,topic,canonical,96,0.004335772304129016,0.7555838592572532,0.9892933283541487,1.0,1.0,1.0
5,last,17,random_subspace,32,118272,train,canonical,168,0.004606154154298677,0.7507074399130305,0.9889338097563328,1.0,1.0,1.0
5,last,17,random_subspace,32,118272,iid,paraphrase,24,0.01143877107837106,0.31238532431884125,0.9726935918307006,0.9166666666666666,0.9583333333333334,0.9166666666666666
5,last,17,random_subspace,32,118272,topic,paraphrase,96,0.010497752919569253,0.315996085493226,0.9741103512573631,0.9166666666666666,0.9583333333333334,0.9166666666666666
5,last,17,random_subspace,32,118272,template,paraphrase,24,0.013907098350279418,0.25203460709313263,0.9614537451541141,0.6666666666666666,0.8333333333333334,0.6666666666666666
5,last,17,random_subspace,32,118272,expression,paraphrase,24,0.06985421993685503,-0.031816967914348515,0.8193274740825519,0.0,0.27291666666666664,0.0
5,last,17,random_subspace,32,118272,joint,paraphrase,96,0.06165941981772618,0.0005546196149393001,0.829124198714617,0.0,0.29357638888888893,0.0
5,last,17,rank1,1,10752,dev,canonical,48,0.0037006559127330334,0.7849600815995432,0.990789191732058,1.0,1.0,1.0
5,last,17,rank1,1,10752,expression,canonical,24,0.06330441359061191,0.056456771155706575,0.833669640003583,0.0,0.31249999999999994,0.0
5,last,17,rank1,1,10752,iid,canonical,24,0.004395619588270665,0.7754545420722956,0.9896177967740033,1.0,1.0,1.0
5,last,17,rank1,1,10752,joint,canonical,96,0.058757490111333736,0.036717957398681667,0.8333179987986389,0.0,0.3272569444444445,0.0
5,last,17,rank1,1,10752,template,canonical,24,0.010725897391480804,0.43963078597660565,0.9699859003873742,0.9166666666666666,0.9583333333333334,0.9166666666666666
5,last,17,rank1,1,10752,topic,canonical,96,0.0038816140275038983,0.7811856679946212,0.9903687995506228,1.0,1.0,1.0
5,last,17,rank1,1,10752,train,canonical,168,0.004009428484655553,0.7830032044210673,0.9902988973650173,1.0,1.0,1.0
5,last,17,rank1,1,10752,iid,paraphrase,24,0.011348651561655218,0.3178026459729373,0.9730163550458185,1.0,1.0,1.0
5,last,17,rank1,1,10752,topic,paraphrase,96,0.010316858643958933,0.3277826453005799,0.9745900438755438,1.0,1.0,1.0
5,last,17,rank1,1,10752,template,paraphrase,24,0.014012414187924148,0.24637040598523774,0.9612197665859652,0.6666666666666666,0.8333333333333334,0.6666666666666666
5,last,17,rank1,1,10752,expression,paraphrase,24,0.07019318145996199,-0.03682376995620085,0.8186085062305213,0.0,0.2659722222222222,0.0
5,last,17,rank1,1,10752,joint,paraphrase,96,0.06183245679430042,-0.0022501587528132028,0.8289325478863132,0.0,0.29357638888888893,0.0
5,last,17,rank2,2,17920,dev,canonical,48,0.0034722968964154724,0.798229703361992,0.991378012208154,1.0,1.0,1.0
5,last,17,rank2,2,17920,expression,canonical,24,0.06369295917104671,0.05066555486093938,0.8330395369242699,0.0,0.31249999999999994,0.0
5,last,17,rank2,2,17920,iid,canonical,24,0.004161627160095867,0.787407791410871,0.9902005088038309,1.0,1.0,1.0
5,last,17,rank2,2,17920,joint,canonical,96,0.05767594583471474,0.05444901054562934,0.8356419440937556,0.0,0.3272569444444445,0.0
5,last,17,rank2,2,17920,template,canonical,24,0.010367887791637874,0.4583348207771022,0.9708651552266739,0.8333333333333334,0.9166666666666666,0.8333333333333334
5,last,17,rank2,2,17920,topic,canonical,96,0.0036543719347691636,0.7939957584294062,0.9909601374570615,1.0,1.0,1.0
5,last,17,rank2,2,17920,train,canonical,168,0.003651523084188275,0.8023736272429289,0.9911852802611966,1.0,1.0,1.0
5,last,17,rank2,2,17920,iid,paraphrase,24,0.01084284750581962,0.34820786078392707,0.974187730736021,0.9583333333333334,0.9791666666666666,0.9583333333333334
5,last,17,rank2,2,17920,topic,paraphrase,96,0.00989436658453392,0.3553110339670751,0.9755861071073585,0.9791666666666666,0.9895833333333334,0.9791666666666666
5,last,17,rank2,2,17920,template,paraphrase,24,0.013622036528499254,0.26736608546196605,0.9620962233862173,0.4166666666666667,0.7083333333333334,0.4166666666666667
5,last,17,rank2,2,17920,expression,paraphrase,24,0.0697786200504729,-0.03070028168391037,0.8193525548687912,0.0,0.2659722222222222,0.0
5,last,17,rank2,2,17920,joint,paraphrase,96,0.060785330649415735,0.014722842149225035,0.8311130895729946,0.0,0.29305555555555557,0.0
5,last,17,rank4,4,32256,dev,canonical,48,0.002962978831833884,0.8278254608791011,0.9926256376498998,1.0,1.0,1.0
5,last,17,rank4,4,32256,expression,canonical,24,0.0636732973031595,0.050958612189159536,0.8331000185934766,0.0,0.3055555555555555,0.0
5,last,17,rank4,4,32256,iid,canonical,24,0.0037317908581106277,0.80936551257509,0.9911955630008525,1.0,1.0,1.0
5,last,17,rank4,4,32256,joint,canonical,96,0.05819210105240843,0.045987058691368765,0.8348887540976353,0.0,0.3272569444444445,0.0
5,last,17,rank4,4,32256,template,canonical,24,0.01021998679048076,0.46606183556632763,0.9713617762448862,0.9166666666666666,0.9583333333333334,0.9166666666666666
5,last,17,rank4,4,32256,topic,canonical,96,0.003278186956247204,0.8152020566863902,0.991895718396037,1.0,1.0,1.0
5,last,17,rank4,4,32256,train,canonical,168,0.003074343095808108,0.8336115476672763,0.9925584858827446,1.0,1.0,1.0
5,last,17,rank4,4,32256,iid,paraphrase,24,0.01065604190933244,0.35943723750314793,0.9746555716185124,0.9583333333333334,0.9791666666666666,0.9583333333333334
5,last,17,rank4,4,32256,topic,paraphrase,96,0.009714946334912229,0.3670015504064785,0.9761162603661417,0.9895833333333334,0.9947916666666666,0.9895833333333334
5,last,17,rank4,4,32256,template,paraphrase,24,0.01347014300415457,0.2755353740335248,0.9625171561007985,0.5,0.75,0.5
5,last,17,rank4,4,32256,expression,paraphrase,24,0.07004530866427744,-0.03463954028735383,0.8189266567622183,0.0,0.27291666666666664,0.0
5,last,17,rank4,4,32256,joint,paraphrase,96,0.06094455583967991,0.01214194078296349,0.8308668164812802,0.0,0.29444444444444445,0.0
5,last,17,rank8,8,60928,dev,canonical,48,0.0025426924920029,0.8522477098947723,0.9936524636847787,1.0,1.0,1.0
5,last,17,rank8,8,60928,expression,canonical,24,0.06340624295889041,0.05493901898825071,0.8338219452449384,0.0,0.31249999999999994,0.0
5,last,17,rank8,8,60928,iid,canonical,24,0.003066823566470091,0.8433346452559083,0.992753337335634,1.0,1.0,1.0
5,last,17,rank8,8,60928,joint,canonical,96,0.058087665509827136,0.047699195860387844,0.8353178841402534,0.0,0.3272569444444445,0.0
5,last,17,rank8,8,60928,template,canonical,24,0.010154071588918291,0.4695055427307362,0.9715922071953935,0.9583333333333334,0.9791666666666666,0.9583333333333334
5,last,17,rank8,8,60928,topic,canonical,96,0.0029392813493323137,0.8343068423411469,0.9927377290096818,1.0,1.0,1.0
5,last,17,rank8,8,60928,train,canonical,168,0.0023976988352317156,0.8702326363969752,0.9941937956139275,1.0,1.0,1.0
5,last,17,rank8,8,60928,iid,paraphrase,24,0.010635443752394577,0.3606754470018274,0.9747568837509818,0.9583333333333334,0.9791666666666666,0.9583333333333334
5,last,17,rank8,8,60928,topic,paraphrase,96,0.009674145610295296,0.3696600103232357,0.9762492901334738,0.9895833333333334,0.9947916666666666,0.9895833333333334
5,last,17,rank8,8,60928,template,paraphrase,24,0.013262812159069895,0.2866862477168446,0.9631790963842729,0.5416666666666666,0.7708333333333334,0.5416666666666666
5,last,17,rank8,8,60928,expression,paraphrase,24,0.07021371865402731,-0.03712712493359671,0.8186753770212499,0.0,0.27291666666666664,0.0
5,last,17,rank8,8,60928,joint,paraphrase,96,0.06081078070970497,0.014310318884137696,0.8314447549550305,0.0,0.29357638888888893,0.0
5,last,17,rank16,16,118272,dev,canonical,48,0.0019784691701188774,0.8850339348123893,0.9950573060770002,1.0,1.0,1.0
5,last,17,rank16,16,118272,expression,canonical,24,0.06319989304115803,0.05801463499360682,0.8346543338822396,0.0,0.31249999999999994,0.0
5,last,17,rank16,16,118272,iid,canonical,24,0.002436017248995551,0.8755587016321643,0.994264805816167,1.0,1.0,1.0
5,last,17,rank16,16,118272,joint,canonical,96,0.05812642236105198,0.047063808291212816,0.835800730082655,0.0,0.3272569444444445,0.0
5,last,17,rank16,16,118272,template,canonical,24,0.009881415195281885,0.4837503414104103,0.9725036196164024,1.0,1.0,1.0
5,last,17,rank16,16,118272,topic,canonical,96,0.002568933904087883,0.8551840671931941,0.9936499210990514,1.0,1.0,1.0
5,last,17,rank16,16,118272,train,canonical,168,0.0016709127596436727,0.909567481768969,0.9959427143835672,1.0,1.0,1.0
5,last,17,rank16,16,118272,iid,paraphrase,24,0.010519318432704379,0.36765604600936674,0.9751541813988444,1.0,1.0,1.0
5,last,17,rank16,16,118272,topic,paraphrase,96,0.00961609650942137,0.3734423256944944,0.9764702442538372,1.0,1.0,1.0
5,last,17,rank16,16,118272,template,paraphrase,24,0.013148774689587245,0.2928195243011711,0.9637479326565802,0.75,0.875,0.75
5,last,17,rank16,16,118272,expression,paraphrase,24,0.07041842651807816,-0.040150865629349886,0.8189467417614372,0.0,0.27638888888888885,0.0
5,last,17,rank16,16,118272,joint,paraphrase,96,0.06095899505503393,0.01190789370427503,0.8317178417904346,0.0,0.2911458333333334,0.0
5,last,17,rank32,32,232960,dev,canonical,48,0.0014981978719628714,0.9129418255217625,0.9962563297591395,1.0,1.0,1.0
5,last,17,rank32,32,232960,expression,canonical,24,0.06293028931474028,0.06203303996893361,0.8351580084988482,0.0,0.31249999999999994,0.0
5,last,17,rank32,32,232960,iid,canonical,24,0.0018135607997812348,0.9073562140469886,0.9957306578258734,1.0,1.0,1.0
5,last,17,rank32,32,232960,joint,canonical,96,0.057972271267388846,0.04959099214627005,0.8363246951681204,0.0,0.3272569444444445,0.0
5,last,17,rank32,32,232960,template,canonical,24,0.009768404683965327,0.48965451978276175,0.9727970318315794,1.0,1.0,1.0
5,last,17,rank32,32,232960,topic,canonical,96,0.002242353726363061,0.8735940437979539,0.9944646326635986,1.0,1.0,1.0
5,last,17,rank32,32,232960,train,canonical,168,0.0010389629278038932,0.9437696352680751,0.9974708415219737,1.0,1.0,1.0
5,last,17,rank32,32,232960,iid,paraphrase,24,0.010456379520517665,0.3714394698924466,0.9753144523338612,1.0,1.0,1.0
5,last,17,rank32,32,232960,topic,paraphrase,96,0.009546254088877543,0.3779930604485532,0.9766288628830185,1.0,1.0,1.0
5,last,17,rank32,32,232960,template,paraphrase,24,0.013129821542028818,0.29383888133045943,0.9638044150231346,0.8333333333333334,0.9166666666666666,0.8333333333333334
5,last,17,rank32,32,232960,expression,paraphrase,24,0.07027328268617945,-0.03800694549572636,0.8192394249871212,0.0,0.2798611111111111,0.0
5,last,17,rank32,32,232960,joint,paraphrase,96,0.06103091851908977,0.010742077125001415,0.8317084492880239,0.0,0.28802083333333334,0.0
5,last,29,identity,0,0,dev,canonical,48,0.01720915791012118,0.0,0.9558571442829779,0.0,0.4930555555555555,0.0
5,last,29,identity,0,0,expression,canonical,24,0.06709222392295776,0.0,0.8156378978523442,0.0,0.29513888888888884,0.0
5,last,29,identity,0,0,iid,canonical,24,0.019575633499057,0.0,0.952209265612929,0.0,0.5,0.0
5,last,29,identity,0,0,joint,canonical,96,0.06099718204302932,0.0,0.8192674195873871,0.0,0.32812500000000006,0.0
5,last,29,identity,0,0,template,canonical,24,0.019140768484531733,0.0,0.9448066454422767,0.0,0.4791666666666667,0.0
5,last,29,identity,0,0,topic,canonical,96,0.017739304331347367,0.0,0.9548453904347033,0.0,0.49652777777777773,0.0
5,last,29,identity,0,0,train,canonical,168,0.01847690180842842,0.0,0.953955954513114,0.0,0.4920634920634921,0.0
5,last,29,identity,0,0,iid,paraphrase,24,0.016635437670145255,0.0,0.9588171556312967,0.0,0.5,0.0
5,last,29,identity,0,0,topic,paraphrase,96,0.01534750415447409,0.0,0.9607128423166701,0.0,0.5,0.0
5,last,29,identity,0,0,template,paraphrase,24,0.018593237711482,0.0,0.9463284926492038,0.0,0.5,0.0
5,last,29,identity,0,0,expression,paraphrase,24,0.06770020469623994,0.0,0.8143991837647245,0.0,0.25416666666666665,0.0
5,last,29,identity,0,0,joint,paraphrase,96,0.061693636318545374,0.0,0.821897167629318,0.0,0.29861111111111116,0.0
5,last,29,shift,0,3584,dev,canonical,48,0.004090408062345652,0.762312131499475,0.9898497545166887,1.0,1.0,1.0
5,last,29,shift,0,3584,expression,canonical,24,0.06301571124750889,0.06075983828066189,0.8342590388527095,0.0,0.31249999999999994,0.0
5,last,29,shift,0,3584,iid,canonical,24,0.0050770258635556625,0.7406456417463969,0.9880617258283522,1.0,1.0,1.0
5,last,29,shift,0,3584,joint,canonical,96,0.058570651029567766,0.039781034667303206,0.8335122547841589,0.0,0.3272569444444445,0.0
5,last,29,shift,0,3584,template,canonical,24,0.010794938553198205,0.43602376456713643,0.9697466367159322,0.9166666666666666,0.9583333333333334,0.9166666666666666
5,last,29,shift,0,3584,topic,canonical,96,0.004367265210428284,0.753808541256557,0.9892302199892097,1.0,1.0,1.0
5,last,29,shift,0,3584,train,canonical,168,0.004646558804973393,0.7485206744534508,0.9888541895279369,1.0,1.0,1.0
5,last,29,shift,0,3584,iid,paraphrase,24,0.011278861996446371,0.3219978806636419,0.973067386236889,0.9166666666666666,0.9583333333333334,0.9166666666666666
5,last,29,shift,0,3584,topic,paraphrase,96,0.010358461190829482,0.3250719409116567,0.9744528399631776,0.9166666666666666,0.9583333333333334,0.9166666666666666
5,last,29,shift,0,3584,template,paraphrase,24,0.013827964190995865,0.25629067913994374,0.9616503799132124,0.6666666666666666,0.8333333333333334,0.6666666666666666
5,last,29,shift,0,3584,expression,paraphrase,24,0.06981328390874171,-0.03121230167593758,0.8193755763953776,0.0,0.2625,0.0
5,last,29,shift,0,3584,joint,paraphrase,96,0.06159046088403162,0.0016723837444274636,0.8292501678940658,0.0,0.29305555555555557,0.0
5,last,29,lowrank,32,232960,dev,canonical,48,0.0015705361053915106,0.9087383523590172,0.996085940178959,1.0,1.0,1.0
5,last,29,lowrank,32,232960,expression,canonical,24,0.06291950579167702,0.0621937668376038,0.8351460799332101,0.0,0.31249999999999994,0.0
5,last,29,lowrank,32,232960,iid,canonical,24,0.0019117764019192863,0.9023389765643405,0.9954841922500793,1.0,1.0,1.0
5,last,29,lowrank,32,232960,joint,canonical,96,0.05794250028123752,0.050079063646529254,0.8354953595104941,0.0,0.3272569444444445,0.0
5,last,29,lowrank,32,232960,template,canonical,24,0.009951453788561583,0.48009120968138397,0.9721515670167111,0.9583333333333334,0.9791666666666666,0.9583333333333334
5,last,29,lowrank,32,232960,topic,canonical,96,0.002318080929086997,0.8693251501982135,0.9942854716203956,1.0,1.0,1.0
5,last,29,lowrank,32,232960,train,canonical,168,0.0010548585435772367,0.9429093386697518,0.9974419238965199,1.0,1.0,1.0
5,last,29,lowrank,32,232960,iid,paraphrase,24,0.010429910958646864,0.3730305649027271,0.9752559710280592,1.0,1.0,1.0
5,last,29,lowrank,32,232960,topic,paraphrase,96,0.009475719185621283,0.38258891541925855,0.9767379454577382,0.9895833333333334,0.9947916666666666,0.9895833333333334
5,last,29,lowrank,32,232960,template,paraphrase,24,0.01293980390720402,0.3040585987230604,0.9643001335987927,0.8333333333333334,0.9166666666666666,0.8333333333333334
5,last,29,lowrank,32,232960,expression,paraphrase,24,0.07027237798166663,-0.03799358210167347,0.8190915936341868,0.0,0.2659722222222222,0.0
5,last,29,lowrank,32,232960,joint,paraphrase,96,0.06117382721176296,0.008425651944042656,0.830834969143256,0.0,0.28802083333333334,0.0
5,last,29,full_delta,0,12848640,dev,canonical,48,0.0011573111699818197,0.9327502730798249,0.9971336881338296,1.0,1.0,1.0
5,last,29,full_delta,0,12848640,expression,canonical,24,0.06298618954567334,0.06119985502342862,0.834978722660295,0.0,0.31249999999999994,0.0
5,last,29,full_delta,0,12848640,iid,canonical,24,0.0015106522479314127,0.9228299687974755,0.9964377301109645,1.0,1.0,1.0
5,last,29,full_delta,0,12848640,joint,canonical,96,0.05805248652692705,0.04827592714078155,0.8362968856991634,0.0,0.3272569444444445,0.0
5,last,29,full_delta,0,12848640,template,canonical,24,0.01008999079935229,0.4728534119460076,0.9719221939128225,1.0,1.0,1.0
5,last,29,full_delta,0,12848640,topic,canonical,96,0.0021958168699517627,0.8762174193002876,0.9945921147279546,1.0,1.0,1.0
5,last,29,full_delta,0,12848640,train,canonical,168,0.00048079743449203907,0.9739784602701781,0.9988463677855897,1.0,1.0,1.0
5,last,29,full_delta,0,12848640,iid,paraphrase,24,0.01039842616948463,0.37492319855544654,0.9753909212709861,1.0,1.0,1.0
5,last,29,full_delta,0,12848640,topic,paraphrase,96,0.009503530472439205,0.3807768105624688,0.9766873200280259,1.0,1.0,1.0
5,last,29,full_delta,0,12848640,template,paraphrase,24,0.013309209901703922,0.2841908381838736,0.963422553364456,0.8333333333333334,0.9166666666666666,0.8333333333333334
5,last,29,full_delta,0,12848640,expression,paraphrase,24,0.07051107138843397,-0.041519323387660956,0.8187972968851205,0.0,0.27291666666666664,0.0
5,last,29,full_delta,0,12848640,joint,paraphrase,96,0.0613659784418068,0.005311048210009273,0.831200627094017,0.0,0.28576388888888893,0.0
5,last,29,full_affine,0,12848640,dev,canonical,48,0.0022367428110530367,0.8700260162214244,0.9944116881441237,1.0,1.0,1.0
5,last,29,full_affine,0,12848640,expression,canonical,24,0.061512427960755546,0.08316606062439535,0.8374891350527566,0.0,0.32291666666666663,0.0
5,last,29,full_affine,0,12848640,iid,canonical,24,0.0027466671914857985,0.8596894863393253,0.9934229379107355,1.0,1.0,1.0
5,last,29,full_affine,0,12848640,joint,canonical,96,0.053295553873176256,0.12626203230864164,0.846970735068735,0.0,0.3142361111111111,0.0
5,last,29,full_affine,0,12848640,template,canonical,24,0.023353431283767292,-0.22008848822553517,0.9343798273627368,1.0,1.0,1.0
5,last,29,full_affine,0,12848640,topic,canonical,96,0.007113714323080263,0.5989857217506821,0.982219836440173,1.0,1.0,1.0
5,last,29,full_affine,0,12848640,train,canonical,168,0.0009109904196142891,0.9506957157071251,0.9977800623110044,0.9940476190476191,0.9970238095238095,1.0
5,last,29,full_affine,0,12848640,iid,paraphrase,24,0.007398183477987107,0.5552756936918926,0.9819283197313745,1.0,1.0,1.0
5,last,29,full_affine,0,12848640,topic,paraphrase,96,0.011580613728363602,0.24543993526220143,0.9706782648836038,0.9895833333333334,0.9947916666666666,1.0
5,last,29,full_affine,0,12848640,template,paraphrase,24,0.02153096795754227,-0.15799992941767815,0.9395938821294806,1.0,1.0,1.0
5,last,29,full_affine,0,12848640,expression,paraphrase,24,0.06710784395943263,0.008749762862093835,0.821337469392342,0.0,0.24097222222222223,0.0
5,last,29,full_affine,0,12848640,joint,paraphrase,96,0.058537616644837635,0.051156324412653054,0.8354489510006293,0.0,0.2520833333333334,0.0
5,last,29,shuffled,32,232960,dev,canonical,48,0.028755637718543853,-0.6709497273908953,0.9289532348703732,0.7916666666666666,0.8888888888888888,1.0
5,last,29,shuffled,32,232960,expression,canonical,24,0.06304285885963921,0.06035520700533703,0.8282674395369565,0.0,0.3097222222222222,0.0
5,last,29,shuffled,32,232960,iid,canonical,24,0.034854277290622196,-0.780492942529865,0.9169301625430237,0.7916666666666666,0.8680555555555555,1.0
5,last,29,shuffled,32,232960,joint,canonical,96,0.08324692830018039,-0.364766789414229,0.7789598569821049,0.0,0.32204861111111116,0.0
5,last,29,shuffled,32,232960,template,canonical,24,0.037922617014749326,-0.9812484041795817,0.900980073729165,0.9583333333333334,0.9722222222222222,0.9583333333333334
5,last,29,shuffled,32,232960,topic,canonical,96,0.030135065878720512,-0.6987738253900084,0.9261250748081507,0.8541666666666666,0.9184027777777778,1.0
5,last,29,shuffled,32,232960,train,canonical,168,0.034438027525417636,-0.8638421031013108,0.9161524261866997,0.75,0.8660714285714286,1.0
5,last,29,shuffled,32,232960,iid,paraphrase,24,0.04098161088629993,-1.4635126348282061,0.9021135990218262,0.625,0.7916666666666666,0.8333333333333334
5,last,29,shuffled,32,232960,topic,paraphrase,96,0.03802152245195147,-1.4773749574693857,0.9078151890261745,0.7395833333333334,0.8637152777777777,0.8645833333333334
5,last,29,shuffled,32,232960,template,paraphrase,24,0.04549054416103784,-1.4466176825645474,0.8884665375961512,0.9583333333333334,0.9791666666666666,0.9583333333333334
5,last,29,shuffled,32,232960,expression,paraphrase,24,0.07241044416779881,-0.0695749664671319,0.8097589725328298,0.0,0.27499999999999997,0.0
5,last,29,shuffled,32,232960,joint,paraphrase,96,0.08748891747151451,-0.41811899398795793,0.7784242581050438,0.0,0.2864583333333333,0.0
5,last,29,random_subspace,32,118272,dev,canonical,48,0.004065012047183996,0.7637878582778737,0.9899118818109978,1.0,1.0,1.0
5,last,29,random_subspace,32,118272,expression,canonical,24,0.06300795450120188,0.06087545147476203,0.8342794253484959,0.0,0.31249999999999994,0.0
5,last,29,random_subspace,32,118272,iid,canonical,24,0.0050496701555328765,0.7420430784129601,0.9881247531929535,1.0,1.0,1.0
5,last,29,random_subspace,32,118272,joint,canonical,96,0.05852927779063984,0.04045931581968065,0.8336042624758097,0.0,0.3272569444444445,0.0
5,last,29,random_subspace,32,118272,template,canonical,24,0.010791288186006878,0.4362144761989226,0.9697547006780488,0.9166666666666666,0.9583333333333334,0.9166666666666666
5,last,29,random_subspace,32,118272,topic,canonical,96,0.004348368534922316,0.7548737845802524,0.9892758610639968,1.0,1.0,1.0
5,last,29,random_subspace,32,118272,train,canonical,168,0.004611940024315422,0.7503942992102908,0.988936503767107,1.0,1.0,1.0
5,last,29,random_subspace,32,118272,iid,paraphrase,24,0.011277832589231604,0.32205976104425926,0.9730723141054621,0.9166666666666666,0.9583333333333334,0.9166666666666666
5,last,29,random_subspace,32,118272,topic,paraphrase,96,0.010355733245141231,0.32524968614376704,0.9744606033240203,0.9270833333333334,0.9635416666666666,0.9270833333333334
5,last,29,random_subspace,32,118272,template,paraphrase,24,0.013811677172457482,0.25716664376703635,0.9616918722530947,0.6666666666666666,0.8333333333333334,0.6666666666666666
5,last,29,random_subspace,32,118272,expression,paraphrase,24,0.0698113661960095,-0.031183975133339814,0.8193949890581068,0.0,0.2625,0.0
5,last,29,random_subspace,32,118272,joint,paraphrase,96,0.06157331944487343,0.001950231512545364,0.8292828181892608,0.0,0.29305555555555557,0.0
5,last,29,rank1,1,10752,dev,canonical,48,0.0037389731029900176,0.7827335234810633,0.9907029758527246,1.0,1.0,1.0
5,last,29,rank1,1,10752,expression,canonical,24,0.06331339138520244,0.05632295841161217,0.8336874993031271,0.0,0.31249999999999994,0.0
5,last,29,rank1,1,10752,iid,canonical,24,0.004416938286287612,0.7743654995124226,0.9895737477229458,1.0,1.0,1.0
5,last,29,rank1,1,10752,joint,canonical,96,0.05861553723099434,0.03904516130523694,0.8335409617311816,0.0,0.3272569444444445,0.0
5,last,29,rank1,1,10752,template,canonical,24,0.010718812278872683,0.4400009441870164,0.9699721478008033,0.9166666666666666,0.9583333333333334,0.9166666666666666
5,last,29,rank1,1,10752,topic,canonical,96,0.0039009426335847846,0.7800960758821092,0.990336852455909,1.0,1.0,1.0
5,last,29,rank1,1,10752,train,canonical,168,0.0040232342201944665,0.7822560155426475,0.990282781608802,1.0,1.0,1.0
5,last,29,rank1,1,10752,iid,paraphrase,24,0.011256127507229666,0.32336451072577155,0.9732597955205637,0.9583333333333334,0.9791666666666666,0.9583333333333334
5,last,29,rank1,1,10752,topic,paraphrase,96,0.010211972160753107,0.334616752146236,0.9748748057402224,1.0,1.0,1.0
5,last,29,rank1,1,10752,template,paraphrase,24,0.013906848301742993,0.2520480554521708,0.9614750841777203,0.6666666666666666,0.8333333333333334,0.6666666666666666
5,last,29,rank1,1,10752,expression,paraphrase,24,0.07020921221329073,-0.037060560279075894,0.8187147552006797,0.0,0.2625,0.0
5,last,29,rank1,1,10752,joint,paraphrase,96,0.06165593490079569,0.0006111070768307636,0.8292881538094052,0.0,0.29305555555555557,0.0
5,last,29,rank2,2,17920,dev,canonical,48,0.0034899559158121916,0.797203562542729,0.991337489737289,1.0,1.0,1.0
5,last,29,rank2,2,17920,expression,canonical,24,0.06363350662907906,0.051551686494255344,0.833228212038911,0.0,0.31249999999999994,0.0
5,last,29,rank2,2,17920,iid,canonical,24,0.004160146028437233,0.7874834534147956,0.9901943272206185,1.0,1.0,1.0
5,last,29,rank2,2,17920,joint,canonical,96,0.057527259602470564,0.05688660236977772,0.8357378968985493,0.0,0.3272569444444445,0.0
5,last,29,rank2,2,17920,template,canonical,24,0.010278693758624577,0.46299471899829325,0.9710609381273502,0.8333333333333334,0.9166666666666666,0.8333333333333334
5,last,29,rank2,2,17920,topic,canonical,96,0.0036809701901966765,0.7924963616700581,0.9909044225699292,1.0,1.0,1.0
5,last,29,rank2,2,17920,train,canonical,168,0.003662023256969784,0.8018053408012746,0.9911724530364129,1.0,1.0,1.0
5,last,29,rank2,2,17920,iid,paraphrase,24,0.010788123314334154,0.35149747615627613,0.974319391725761,0.9583333333333334,0.9791666666666666,0.9583333333333334
5,last,29,rank2,2,17920,topic,paraphrase,96,0.009808462740433399,0.3609082856919087,0.9758104996243137,0.9791666666666666,0.9895833333333334,0.9791666666666666
5,last,29,rank2,2,17920,template,paraphrase,24,0.013507555887022063,0.27352319716320006,0.9623667254976421,0.375,0.6875,0.375
5,last,29,rank2,2,17920,expression,paraphrase,24,0.06977722368733885,-0.03067965599835576,0.8194520107669439,0.0,0.2659722222222222,0.0
5,last,29,rank2,2,17920,joint,paraphrase,96,0.06061738252113346,0.01744513472758924,0.8314085775663244,0.0,0.29305555555555557,0.0
5,last,29,rank4,4,32256,dev,canonical,48,0.002961959433110641,0.8278846967074065,0.9926352852269821,1.0,1.0,1.0
5,last,29,rank4,4,32256,expression,canonical,24,0.06368996120441259,0.05071023912476058,0.8330699910355968,0.0,0.31249999999999994,0.0
5,last,29,rank4,4,32256,iid,canonical,24,0.003692936543140693,0.8113503431028891,0.9912869866793818,1.0,1.0,1.0
5,last,29,rank4,4,32256,joint,canonical,96,0.05777824316552941,0.05277192764788985,0.8355102660140682,0.0,0.3272569444444445,0.0
5,last,29,rank4,4,32256,template,canonical,24,0.010270862225029815,0.4634038736046556,0.9711262965657029,0.875,0.9375,0.875
5,last,29,rank4,4,32256,topic,canonical,96,0.0033018690417150735,0.8138670502495244,0.9918458392453234,1.0,1.0,1.0
5,last,29,rank4,4,32256,train,canonical,168,0.0030810235452978416,0.8332499908673865,0.992566897615723,1.0,1.0,1.0
5,last,29,rank4,4,32256,iid,paraphrase,24,0.01064354268241393,0.36018859897414446,0.9746818096442461,0.9166666666666666,0.9583333333333334,0.9166666666666666
5,last,29,rank4,4,32256,topic,paraphrase,96,0.00964410860466006,0.37161713672847463,0.9762640173728488,0.9791666666666666,0.9895833333333334,0.9791666666666666
5,last,29,rank4,4,32256,template,paraphrase,24,0.013423261030253535,0.2780568269740249,0.9626269962757764,0.5,0.75,0.5
5,last,29,rank4,4,32256,expression,paraphrase,24,0.07008922063567316,-0.035288164196140226,0.8189476921961539,0.0,0.26944444444444443,0.0
5,last,29,rank4,4,32256,joint,paraphrase,96,0.060929770151454565,0.012381603884502823,0.8307473872896711,0.0,0.29305555555555557,0.0
5,last,29,rank8,8,60928,dev,canonical,48,0.002548079716094121,0.8519346658679026,0.9936545507895037,1.0,1.0,1.0
5,last,29,rank8,8,60928,expression,canonical,24,0.06330521663178423,0.056444801941908485,0.8342277923457875,0.0,0.31249999999999994,0.0
5,last,29,rank8,8,60928,iid,canonical,24,0.003092481308822139,0.8420239473235382,0.9926984996263649,1.0,1.0,1.0
5,last,29,rank8,8,60928,joint,canonical,96,0.05778748139182934,0.05262047431856365,0.8357598833442085,0.0,0.3272569444444445,0.0
5,last,29,rank8,8,60928,template,canonical,24,0.010212567718893919,0.4664494412987117,0.9713491541158529,0.9166666666666666,0.9583333333333334,0.9166666666666666
5,last,29,rank8,8,60928,topic,canonical,96,0.003029397793562724,0.8292267984709281,0.9925320871545088,1.0,1.0,1.0
5,last,29,rank8,8,60928,train,canonical,168,0.002414088446583278,0.8693456039539016,0.9941696749768146,1.0,1.0,1.0
5,last,29,rank8,8,60928,iid,paraphrase,24,0.010478359090352482,0.3701182200239046,0.9751203805516738,0.9583333333333334,0.9791666666666666,0.9583333333333334
5,last,29,rank8,8,60928,topic,paraphrase,96,0.009607821353009626,0.3739815115014148,0.9764072091468544,0.9895833333333334,0.9947916666666666,0.9895833333333334
5,last,29,rank8,8,60928,template,paraphrase,24,0.013272859360866354,0.2861458791187357,0.9632195750161867,0.7083333333333334,0.8541666666666666,0.7083333333333334
5,last,29,rank8,8,60928,expression,paraphrase,24,0.07020206944202885,-0.03695505437560165,0.8189645971121436,0.0,0.26944444444444443,0.0
5,last,29,rank8,8,60928,joint,paraphrase,96,0.061156372959086436,0.008708570146276684,0.8306047062590816,0.0,0.2885416666666667,0.0
5,last,29,rank16,16,118272,dev,canonical,48,0.002027161643054652,0.8822044835870544,0.9949530415857031,1.0,1.0,1.0
5,last,29,rank16,16,118272,expression,canonical,24,0.06308922582501904,0.05966411401916527,0.8348406117582647,0.0,0.3194444444444444,0.0
5,last,29,rank16,16,118272,iid,canonical,24,0.002518598368592895,0.8713401347285021,0.9940483483261334,1.0,1.0,1.0
5,last,29,rank16,16,118272,joint,canonical,96,0.058012773373907,0.04892699251281851,0.835524171347063,0.0,0.3272569444444445,0.0
5,last,29,rank16,16,118272,template,canonical,24,0.009972808043227765,0.4789755671885845,0.9721143058855767,0.9166666666666666,0.9583333333333334,0.9166666666666666
5,last,29,rank16,16,118272,topic,canonical,96,0.0026194966240342984,0.8523337457261303,0.9935327235215922,1.0,1.0,1.0
5,last,29,rank16,16,118272,train,canonical,168,0.0016749656321252131,0.9093481337135666,0.9959433195671069,1.0,1.0,1.0
5,last,29,rank16,16,118272,iid,paraphrase,24,0.01037002987123087,0.3766301748801345,0.9754153592817151,1.0,1.0,1.0
5,last,29,rank16,16,118272,topic,paraphrase,96,0.009406860203416502,0.3870755721102559,0.9769581611851148,0.9895833333333334,0.9947916666666666,0.9895833333333334
5,last,29,rank16,16,118272,template,paraphrase,24,0.013031890382502223,0.2991059123363675,0.9640576457228702,0.7916666666666666,0.8958333333333334,0.7916666666666666
5,last,29,rank16,16,118272,expression,paraphrase,24,0.07024120509083123,-0.037533127203859484,0.8192470088678766,0.0,0.26944444444444443,0.0
5,last,29,rank16,16,118272,joint,paraphrase,96,0.06110217255810289,0.009587111341412213,0.8311701550260412,0.0,0.2894097222222222,0.0
5,last,29,rank32,32,232960,dev,canonical,48,0.0015705361053915106,0.9087383523590172,0.996085940178959,1.0,1.0,1.0
5,last,29,rank32,32,232960,expression,canonical,24,0.06291950579167702,0.0621937668376038,0.8351460799332101,0.0,0.31249999999999994,0.0
5,last,29,rank32,32,232960,iid,canonical,24,0.0019117764019192863,0.9023389765643405,0.9954841922500793,1.0,1.0,1.0
5,last,29,rank32,32,232960,joint,canonical,96,0.05794250028123752,0.050079063646529254,0.8354953595104941,0.0,0.3272569444444445,0.0
5,last,29,rank32,32,232960,template,canonical,24,0.009951453788561583,0.48009120968138397,0.9721515670167111,0.9583333333333334,0.9791666666666666,0.9583333333333334
5,last,29,rank32,32,232960,topic,canonical,96,0.002318080929086997,0.8693251501982135,0.9942854716203956,1.0,1.0,1.0
5,last,29,rank32,32,232960,train,canonical,168,0.0010548585435772367,0.9429093386697518,0.9974419238965199,1.0,1.0,1.0
5,last,29,rank32,32,232960,iid,paraphrase,24,0.010429910958646864,0.3730305649027271,0.9752559710280592,1.0,1.0,1.0
5,last,29,rank32,32,232960,topic,paraphrase,96,0.009475719185621283,0.38258891541925855,0.9767379454577382,0.9895833333333334,0.9947916666666666,0.9895833333333334
5,last,29,rank32,32,232960,template,paraphrase,24,0.01293980390720402,0.3040585987230604,0.9643001335987927,0.8333333333333334,0.9166666666666666,0.8333333333333334
5,last,29,rank32,32,232960,expression,paraphrase,24,0.07027237798166663,-0.03799358210167347,0.8190915936341868,0.0,0.2659722222222222,0.0
5,last,29,rank32,32,232960,joint,paraphrase,96,0.06117382721176296,0.008425651944042656,0.830834969143256,0.0,0.28802083333333334,0.0
5,last,43,identity,0,0,dev,canonical,48,0.01720915791012118,0.0,0.9558571442829779,0.0,0.4930555555555555,0.0
5,last,43,identity,0,0,expression,canonical,24,0.06709222392295776,0.0,0.8156378978523442,0.0,0.29513888888888884,0.0
5,last,43,identity,0,0,iid,canonical,24,0.019575633499057,0.0,0.952209265612929,0.0,0.5,0.0
5,last,43,identity,0,0,joint,canonical,96,0.06099718204302932,0.0,0.8192674195873871,0.0,0.32812500000000006,0.0
5,last,43,identity,0,0,template,canonical,24,0.019140768484531733,0.0,0.9448066454422767,0.0,0.4791666666666667,0.0
5,last,43,identity,0,0,topic,canonical,96,0.017739304331347367,0.0,0.9548453904347033,0.0,0.49652777777777773,0.0
5,last,43,identity,0,0,train,canonical,168,0.01847690180842842,0.0,0.953955954513114,0.0,0.4920634920634921,0.0
5,last,43,identity,0,0,iid,paraphrase,24,0.016635437670145255,0.0,0.9588171556312967,0.0,0.5,0.0
5,last,43,identity,0,0,topic,paraphrase,96,0.01534750415447409,0.0,0.9607128423166701,0.0,0.5,0.0
5,last,43,identity,0,0,template,paraphrase,24,0.018593237711482,0.0,0.9463284926492038,0.0,0.5,0.0
5,last,43,identity,0,0,expression,paraphrase,24,0.06770020469623994,0.0,0.8143991837647245,0.0,0.25416666666666665,0.0
5,last,43,identity,0,0,joint,paraphrase,96,0.061693636318545374,0.0,0.821897167629318,0.0,0.29861111111111116,0.0
5,last,43,shift,0,3584,dev,canonical,48,0.004052318561577278,0.7645254589015075,0.9899090788331844,1.0,1.0,1.0
5,last,43,shift,0,3584,expression,canonical,24,0.06233854658717314,0.07085288067426843,0.8352714362101877,0.0,0.31249999999999994,0.0
5,last,43,shift,0,3584,iid,canonical,24,0.005049210552019322,0.7420665567598335,0.9880986338026042,1.0,1.0,1.0
5,last,43,shift,0,3584,joint,canonical,96,0.058215026199875154,0.045611219239464984,0.8339956873000238,0.0,0.3272569444444445,0.0
5,last,43,shift,0,3584,template,canonical,24,0.010728539404856177,0.4394927552921267,0.969846336050986,0.9166666666666666,0.9583333333333334,0.9166666666666666
5,last,43,shift,0,3584,topic,canonical,96,0.004398760297161544,0.7520331003404437,0.9891154728089498,1.0,1.0,1.0
5,last,43,shift,0,3584,train,canonical,168,0.004647503823964999,0.7484695284874547,0.9888116146203361,1.0,1.0,1.0
5,last,43,shift,0,3584,iid,paraphrase,24,0.011457904032971521,0.31123519199411154,0.9725267601554441,0.75,0.875,0.75
5,last,43,shift,0,3584,topic,paraphrase,96,0.010540436601822844,0.31321493737793804,0.9738896426086493,0.8958333333333334,0.9479166666666666,0.8958333333333334
5,last,43,shift,0,3584,template,paraphrase,24,0.013826709670234418,0.2563581510230506,0.9614918231952784,0.625,0.8125,0.625
5,last,43,shift,0,3584,expression,paraphrase,24,0.06928758825976493,-0.023447249098393907,0.8200213914878036,0.0,0.26944444444444443,0.0
5,last,43,shift,0,3584,joint,paraphrase,96,0.0611933124863292,0.00810981264960342,0.8298287755402063,0.0,0.29357638888888893,0.0
5,last,43,lowrank,32,232960,dev,canonical,48,0.001566505087933003,0.9089725891229287,0.9960970637987908,1.0,1.0,1.0
5,last,43,lowrank,32,232960,expression,canonical,24,0.06298775240862052,0.06117656077476907,0.8350764256441847,0.0,0.31249999999999994,0.0
5,last,43,lowrank,32,232960,iid,canonical,24,0.0018059471721399805,0.9077451479551363,0.995729355721346,1.0,1.0,1.0
5,last,43,lowrank,32,232960,joint,canonical,96,0.05859311063277378,0.0394128274411043,0.8354580216040502,0.0,0.3272569444444445,0.0
5,last,43,lowrank,32,232960,template,canonical,24,0.009977785580520227,0.47871551821006586,0.972420986098995,1.0,1.0,1.0
5,last,43,lowrank,32,232960,topic,canonical,96,0.002269316319759396,0.8720741085799371,0.994396365084877,1.0,1.0,1.0
5,last,43,lowrank,32,232960,train,canonical,168,0.0010622511013224304,0.9425092414120059,0.9974385538133116,1.0,1.0,1.0
5,last,43,lowrank,32,232960,iid,paraphrase,24,0.010458862583682433,0.3712902064216559,0.9752711528226431,1.0,1.0,1.0
5,last,43,lowrank,32,232960,topic,paraphrase,96,0.009525541806252506,0.37934261425329996,0.9767070491322333,1.0,1.0,1.0
5,last,43,lowrank,32,232960,template,paraphrase,24,0.013374680437706165,0.28066963671169476,0.9636125317242432,0.8333333333333334,0.9166666666666666,0.8333333333333334
5,last,43,lowrank,32,232960,expression,paraphrase,24,0.07070764652591689,-0.04442293554607213,0.8186377797133138,0.0,0.26944444444444443,0.0
5,last,43,lowrank,32,232960,joint,paraphrase,96,0.06199160050202227,-0.004829739358179541,0.8302412278899379,0.0,0.28836805555555556,0.0
5,last,43,full_delta,0,12848640,dev,canonical,48,0.0012023679317819927,0.9301320879230908,0.9970184733364077,1.0,1.0,1.0
5,last,43,full_delta,0,12848640,expression,canonical,24,0.06278576111113919,0.06418721216878565,0.8355740202826122,0.0,0.3194444444444444,0.0
5,last,43,full_delta,0,12848640,iid,canonical,24,0.0014790590489660688,0.9244438730916515,0.9964980928112399,1.0,1.0,1.0
5,last,43,full_delta,0,12848640,joint,canonical,96,0.058328756918868074,0.043746695089600274,0.8372381648014883,0.0,0.3272569444444445,0.0
5,last,43,full_delta,0,12848640,template,canonical,24,0.010320209459930686,0.4608257516791566,0.9717032289131087,1.0,1.0,1.0
5,last,43,full_delta,0,12848640,topic,canonical,96,0.0021701098780257185,0.8776665737567347,0.9946468884103304,1.0,1.0,1.0
5,last,43,full_delta,0,12848640,train,canonical,168,0.000527990613743637,0.9714242885945961,0.9987468222367807,1.0,1.0,1.0
5,last,43,full_delta,0,12848640,iid,paraphrase,24,0.010412532420304783,0.37407523464251213,0.9754811893366973,1.0,1.0,1.0
5,last,43,full_delta,0,12848640,topic,paraphrase,96,0.009654253257305413,0.3709561398300052,0.9764334653655095,1.0,1.0,1.0
5,last,43,full_delta,0,12848640,template,paraphrase,24,0.014064128699153905,0.24358904471657483,0.9621003637228073,0.875,0.9375,0.875
5,last,43,full_delta,0,12848640,expression,paraphrase,24,0.0705569004230487,-0.04219626424508305,0.8193705790676798,0.0,0.27291666666666664,0.0
5,last,43,full_delta,0,12848640,joint,paraphrase,96,0.062305135178149396,-0.009911862812667538,0.8305996946919721,0.0,0.2840277777777778,0.0
5,last,43,full_affine,0,12848640,dev,canonical,48,0.0023388522572179104,0.8640925796931431,0.9941396516156202,1.0,1.0,1.0
5,last,43,full_affine,0,12848640,expression,canonical,24,0.06086481687903361,0.0928186111564151,0.8389848596942103,0.0,0.3333333333333333,0.0
5,last,43,full_affine,0,12848640,iid,canonical,24,0.0028728579342202284,0.8532431691491047,0.9931075569027282,1.0,1.0,1.0
5,last,43,full_affine,0,12848640,joint,canonical,96,0.0542804525079576,0.11011540714017787,0.8466165221478112,0.0,0.31250000000000006,0.0
5,last,43,full_affine,0,12848640,template,canonical,24,0.02401448392805776,-0.25462485727595685,0.9333806503602946,1.0,1.0,1.0
5,last,43,full_affine,0,12848640,topic,canonical,96,0.007311486209835967,0.5878369256614117,0.9817186813969228,1.0,1.0,1.0
5,last,43,full_affine,0,12848640,train,canonical,168,0.0010698135359296266,0.9420999501419864,0.9974329847614608,1.0,1.0,1.0
5,last,43,full_affine,0,12848640,iid,paraphrase,24,0.007759852247679853,0.5335348307904124,0.9810449695999157,1.0,1.0,1.0
5,last,43,full_affine,0,12848640,topic,paraphrase,96,0.011942711820739587,0.22184664682054767,0.9698125732128204,0.9791666666666666,0.9895833333333334,1.0
5,last,43,full_affine,0,12848640,template,paraphrase,24,0.02242034475335857,-0.20583327666021245,0.9381247561770781,1.0,1.0,1.0
5,last,43,full_affine,0,12848640,expression,paraphrase,24,0.06695668902342415,0.010982473039067298,0.8222181512700028,0.0,0.24097222222222223,0.0
5,last,43,full_affine,0,12848640,joint,paraphrase,96,0.060852690826371104,0.01363099247112265,0.8315308478350462,0.0,0.24583333333333335,0.0
5,last,43,shuffled,32,232960,dev,canonical,48,0.031139032900774466,-0.8094454745203277,0.9241334871373965,0.7083333333333334,0.8472222222222223,1.0
5,last,43,shuffled,32,232960,expression,canonical,24,0.06847949080023773,-0.020677014356730306,0.8187157798347066,0.0,0.29583333333333334,0.0
5,last,43,shuffled,32,232960,iid,canonical,24,0.04234128254142866,-1.1629584832321433,0.899963452612169,0.75,0.8541666666666666,1.0
5,last,43,shuffled,32,232960,joint,canonical,96,0.10463919333949312,-0.7154758602729772,0.76020724061869,0.0,0.29305555555555557,0.0
5,last,43,shuffled,32,232960,template,canonical,24,0.05848193713440988,-2.0553599340418853,0.87019728183013,0.7916666666666666,0.8958333333333334,0.9583333333333334
5,last,43,shuffled,32,232960,topic,canonical,96,0.029866812606878863,-0.6836518529140294,0.9277181490932475,0.8229166666666666,0.8993055555555557,1.0
5,last,43,shuffled,32,232960,train,canonical,168,0.03856599823845813,-1.087254597026969,0.9063553156516191,0.7142857142857143,0.8412698412698412,1.0
5,last,43,shuffled,32,232960,iid,paraphrase,24,0.04467618448769853,-1.68560319082416,0.8937946576059623,0.7083333333333334,0.8229166666666666,0.8333333333333334
5,last,43,shuffled,32,232960,topic,paraphrase,96,0.0359700971885375,-1.3437098844538529,0.9130744097339041,0.75,0.8588541666666667,0.8541666666666666
5,last,43,shuffled,32,232960,template,paraphrase,24,0.05524357387594523,-1.9711648252542004,0.8696214806223937,0.6666666666666666,0.8333333333333334,0.6666666666666666
5,last,43,shuffled,32,232960,expression,paraphrase,24,0.07252453527917382,-0.07126020673910638,0.8114342949953487,0.0,0.2736111111111111,0.0
5,last,43,shuffled,32,232960,joint,paraphrase,96,0.09736551729178244,-0.5782100570154582,0.7690888183168685,0.0,0.26267361111111115,0.0
5,last,43,random_subspace,32,118272,dev,canonical,48,0.0040255227264858326,0.7660825272503129,0.9899752769436175,1.0,1.0,1.0
5,last,43,random_subspace,32,118272,expression,canonical,24,0.062340249995391415,0.07082749161844826,0.8352856136680561,0.0,0.31249999999999994,0.0
5,last,43,random_subspace,32,118272,iid,canonical,24,0.005017385283704992,0.743692316064934,0.9881729817883135,1.0,1.0,1.0
5,last,43,random_subspace,32,118272,joint,canonical,96,0.058216093183279784,0.045593726900165166,0.8340199690954284,0.0,0.3272569444444445,0.0
5,last,43,random_subspace,32,118272,template,canonical,24,0.010722687478662708,0.43979848628710727,0.9698660792578065,0.9166666666666666,0.9583333333333334,0.9166666666666666
5,last,43,random_subspace,32,118272,topic,canonical,96,0.004378789121769239,0.7531589153678693,0.989164493584563,1.0,1.0,1.0
5,last,43,random_subspace,32,118272,train,canonical,168,0.00461218254191048,0.7503811737633098,0.9888956640760899,1.0,1.0,1.0
5,last,43,random_subspace,32,118272,iid,paraphrase,24,0.011453085102365488,0.3115248706128281,0.9725448832153168,0.7916666666666666,0.8958333333333334,0.7916666666666666
5,last,43,random_subspace,32,118272,topic,paraphrase,96,0.010537843673911368,0.3133838852332621,0.9739001844833384,0.8958333333333334,0.9479166666666666,0.8958333333333334
5,last,43,random_subspace,32,118272,template,paraphrase,24,0.013850253647223101,0.25509188544015304,0.9614456531241675,0.625,0.8125,0.625
5,last,43,random_subspace,32,118272,expression,paraphrase,24,0.06932939027417868,-0.024064706823984316,0.8199576499548714,0.0,0.26944444444444443,0.0
5,last,43,random_subspace,32,118272,joint,paraphrase,96,0.06123789298960444,0.007387201600304039,0.8297777404245075,0.0,0.29357638888888893,0.0
5,last,43,rank1,1,10752,dev,canonical,48,0.0036308656628849093,0.7890154950144599,0.9909437512895926,1.0,1.0,1.0
5,last,43,rank1,1,10752,expression,canonical,24,0.0624435303829378,0.06928811221637354,0.834934012319398,0.0,0.31597222222222215,0.0
5,last,43,rank1,1,10752,iid,canonical,24,0.004572422814206723,0.7664227410864131,0.9892190656199608,1.0,1.0,1.0
5,last,43,rank1,1,10752,joint,canonical,96,0.058199784009872656,0.04586110275034172,0.8340882750897564,0.0,0.3272569444444445,0.0
5,last,43,rank1,1,10752,template,canonical,24,0.01066980572685316,0.4425612673035687,0.970017165607684,0.9166666666666666,0.9583333333333334,0.9166666666666666
5,last,43,rank1,1,10752,topic,canonical,96,0.003996105702198501,0.7747315437202953,0.9901054632032222,1.0,1.0,1.0
5,last,43,rank1,1,10752,train,canonical,168,0.0040908342770752575,0.7785973904342998,0.9901286078331923,1.0,1.0,1.0
5,last,43,rank1,1,10752,iid,paraphrase,24,0.011466995092829413,0.31068870442713836,0.9725858229913009,0.9166666666666666,0.9583333333333334,0.9166666666666666
5,last,43,rank1,1,10752,topic,paraphrase,96,0.010417526671075586,0.3212234011327061,0.9742557364397145,0.9583333333333334,0.9791666666666666,0.9583333333333334
5,last,43,rank1,1,10752,template,paraphrase,24,0.014061437864979381,0.24373376583595596,0.9608837588209808,0.625,0.8125,0.625
5,last,43,rank1,1,10752,expression,paraphrase,24,0.06958864314047959,-0.027894131970690017,0.8193567977900176,0.0,0.26944444444444443,0.0
5,last,43,rank1,1,10752,joint,paraphrase,96,0.061137852129550245,0.009008776628523285,0.8301373228927554,0.0,0.29357638888888893,0.0
5,last,43,rank2,2,17920,dev,canonical,48,0.0033357836337432646,0.806162297355561,0.9917039485115925,1.0,1.0,1.0
5,last,43,rank2,2,17920,expression,canonical,24,0.06270122606251831,0.06544719497570461,0.8346428442921764,0.0,0.31249999999999994,0.0
5,last,43,rank2,2,17920,iid,canonical,24,0.004262258970444892,0.7822671245530719,0.9900048817501516,1.0,1.0,1.0
5,last,43,rank2,2,17920,joint,canonical,96,0.05743688273237555,0.05836825885074859,0.835607123228535,0.0,0.3272569444444445,0.0
5,last,43,rank2,2,17920,template,canonical,24,0.010297356702310299,0.46201968271901295,0.9709744231938725,0.8333333333333334,0.9166666666666666,0.8333333333333334
5,last,43,rank2,2,17920,topic,canonical,96,0.0037281598740934335,0.7898361849790608,0.9908013805556483,1.0,1.0,1.0
5,last,43,rank2,2,17920,train,canonical,168,0.0037206410353508804,0.7986328512254325,0.991059290258977,1.0,1.0,1.0
5,last,43,rank2,2,17920,iid,paraphrase,24,0.01109247042162686,0.33320236944929116,0.9735275600601216,0.8333333333333334,0.9166666666666666,0.8333333333333334
5,last,43,rank2,2,17920,topic,paraphrase,96,0.009989913343618533,0.3490854771519132,0.9753205319001598,0.9479166666666666,0.9739583333333334,0.9479166666666666
5,last,43,rank2,2,17920,template,paraphrase,24,0.013657550158847719,0.2654560560792656,0.9618660792559393,0.5416666666666666,0.7708333333333334,0.5416666666666666
5,last,43,rank2,2,17920,expression,paraphrase,24,0.06944607964837844,-0.025788326046752186,0.8196417598627622,0.0,0.2659722222222222,0.0
5,last,43,rank2,2,17920,joint,paraphrase,96,0.06043522891135056,0.020397685762875595,0.831550740201084,0.0,0.29357638888888893,0.0
5,last,43,rank4,4,32256,dev,canonical,48,0.0028616139418333087,0.8337156322942266,0.9928673410342989,1.0,1.0,1.0
5,last,43,rank4,4,32256,expression,canonical,24,0.06323479656249952,0.05749440300097586,0.8339599774300913,0.0,0.31249999999999994,0.0
5,last,43,rank4,4,32256,iid,canonical,24,0.0036164706248709767,0.815256521581016,0.9914605246562257,1.0,1.0,1.0
5,last,43,rank4,4,32256,joint,canonical,96,0.058297333815512685,0.04426185172967623,0.8344283796311792,0.0,0.3272569444444445,0.0
5,last,43,rank4,4,32256,template,canonical,24,0.010178529835275155,0.46822773372444526,0.9714476624816624,0.9166666666666666,0.9583333333333334,0.9166666666666666
5,last,43,rank4,4,32256,topic,canonical,96,0.0033059719045369584,0.8136357636812774,0.9918119708922623,1.0,1.0,1.0
5,last,43,rank4,4,32256,train,canonical,168,0.003095438011619098,0.832469856488219,0.9925077935626903,1.0,1.0,1.0
5,last,43,rank4,4,32256,iid,paraphrase,24,0.010756925602757247,0.35337285281876674,0.9743800473584052,1.0,1.0,1.0
5,last,43,rank4,4,32256,topic,paraphrase,96,0.009766210775172026,0.3636613043479783,0.9759448873127049,0.9791666666666666,0.9895833333333334,0.9791666666666666
5,last,43,rank4,4,32256,template,paraphrase,24,0.013754802140643898,0.2602255532854395,0.9618550284579387,0.75,0.875,0.75
5,last,43,rank4,4,32256,expression,paraphrase,24,0.07013004931888199,-0.03589124484252859,0.8187731656811811,0.0,0.26944444444444443,0.0
5,last,43,rank4,4,32256,joint,paraphrase,96,0.06138687161505285,0.004972388106750492,0.8300664470326803,0.0,0.29305555555555557,0.0
5,last,43,rank8,8,60928,dev,canonical,48,0.0024588558313150596,0.8571193405187514,0.9938578196072755,1.0,1.0,1.0
5,last,43,rank8,8,60928,expression,canonical,24,0.06305907111158758,0.06011356570921633,0.834465897147711,0.0,0.31249999999999994,0.0
5,last,43,rank8,8,60928,iid,canonical,24,0.0028869281891949245,0.8525244054383224,0.9931568683407823,1.0,1.0,1.0
5,last,43,rank8,8,60928,joint,canonical,96,0.05830579934093699,0.044123066213021866,0.8345975487004006,0.0,0.3272569444444445,0.0
5,last,43,rank8,8,60928,template,canonical,24,0.010093955791231813,0.4726462629027115,0.9717283245644303,0.9583333333333334,0.9791666666666666,0.9583333333333334
5,last,43,rank8,8,60928,topic,canonical,96,0.002969918807284283,0.8325797476716097,0.9926564814659468,1.0,1.0,1.0
5,last,43,rank8,8,60928,train,canonical,168,0.0024151007338835493,0.8692908173175506,0.9941778622230631,1.0,1.0,1.0
5,last,43,rank8,8,60928,iid,paraphrase,24,0.010635504574645764,0.3606717908160153,0.9746732988742037,1.0,1.0,1.0
5,last,43,rank8,8,60928,topic,paraphrase,96,0.009714221044929338,0.3670488082521576,0.976082765739991,0.9895833333333334,0.9947916666666666,0.9895833333333334
5,last,43,rank8,8,60928,template,paraphrase,24,0.01329013891050154,0.28521653319720663,0.963111279148019,0.75,0.875,0.75
5,last,43,rank8,8,60928,expression,paraphrase,24,0.07028803753075276,-0.03822488936516533,0.8184007118402494,0.0,0.2798611111111111,0.0
5,last,43,rank8,8,60928,joint,paraphrase,96,0.06136582243267941,0.005313576981803347,0.8299383805375898,0.0,0.29444444444444445,0.0
5,last,43,rank16,16,118272,dev,canonical,48,0.00197541144867921,0.8852116147114081,0.9950770842765753,1.0,1.0,1.0
5,last,43,rank16,16,118272,expression,canonical,24,0.06297020691869083,0.061438073792281056,0.8351051983125769,0.0,0.3194444444444444,0.0
5,last,43,rank16,16,118272,iid,canonical,24,0.002304234800220522,0.8822906650591144,0.9945551755067953,1.0,1.0,1.0
5,last,43,rank16,16,118272,joint,canonical,96,0.058484472854599616,0.04119385690075261,0.8348697705719087,0.0,0.3272569444444445,0.0
5,last,43,rank16,16,118272,template,canonical,24,0.009860333514629586,0.48485174340841974,0.9725371755040225,0.9583333333333334,0.9791666666666666,0.9583333333333334
5,last,43,rank16,16,118272,topic,canonical,96,0.0025519632567932147,0.8561407364614854,0.993691632927688,1.0,1.0,1.0
5,last,43,rank16,16,118272,train,canonical,168,0.0017096551341294114,0.9074706814023585,0.9958779519000241,1.0,1.0,1.0
5,last,43,rank16,16,118272,iid,paraphrase,24,0.010481026607537781,0.3699578685358228,0.97518226744873,1.0,1.0,1.0
5,last,43,rank16,16,118272,topic,paraphrase,96,0.009595483057957009,0.3747854399400997,0.9765160467008999,0.9895833333333334,0.9947916666666666,0.9895833333333334
5,last,43,rank16,16,118272,template,paraphrase,24,0.013254588661090411,0.2871285320627499,0.9634482390797393,0.8333333333333334,0.9166666666666666,0.8333333333333334
5,last,43,rank16,16,118272,expression,paraphrase,24,0.07065051404086398,-0.04357903137607355,0.818558375773773,0.0,0.27291666666666664,0.0
5,last,43,rank16,16,118272,joint,paraphrase,96,0.06137602696781491,0.005148170373529881,0.8305744536164683,0.0,0.29444444444444445,0.0
5,last,43,rank32,32,232960,dev,canonical,48,0.001566505087933003,0.9089725891229287,0.9960970637987908,1.0,1.0,1.0
5,last,43,rank32,32,232960,expression,canonical,24,0.06298775240862052,0.06117656077476907,0.8350764256441847,0.0,0.31249999999999994,0.0
5,last,43,rank32,32,232960,iid,canonical,24,0.0018059471721399805,0.9077451479551363,0.995729355721346,1.0,1.0,1.0
5,last,43,rank32,32,232960,joint,canonical,96,0.05859311063277378,0.0394128274411043,0.8354580216040502,0.0,0.3272569444444445,0.0
5,last,43,rank32,32,232960,template,canonical,24,0.009977785580520227,0.47871551821006586,0.972420986098995,1.0,1.0,1.0
5,last,43,rank32,32,232960,topic,canonical,96,0.002269316319759396,0.8720741085799371,0.994396365084877,1.0,1.0,1.0
5,last,43,rank32,32,232960,train,canonical,168,0.0010622511013224304,0.9425092414120059,0.9974385538133116,1.0,1.0,1.0
5,last,43,rank32,32,232960,iid,paraphrase,24,0.010458862583682433,0.3712902064216559,0.9752711528226431,1.0,1.0,1.0
5,last,43,rank32,32,232960,topic,paraphrase,96,0.009525541806252506,0.37934261425329996,0.9767070491322333,1.0,1.0,1.0
5,last,43,rank32,32,232960,template,paraphrase,24,0.013374680437706165,0.28066963671169476,0.9636125317242432,0.8333333333333334,0.9166666666666666,0.8333333333333334
5,last,43,rank32,32,232960,expression,paraphrase,24,0.07070764652591689,-0.04442293554607213,0.8186377797133138,0.0,0.26944444444444443,0.0
5,last,43,rank32,32,232960,joint,paraphrase,96,0.06199160050202227,-0.004829739358179541,0.8302412278899379,0.0,0.28836805555555556,0.0
5,mean,17,identity,0,0,dev,canonical,48,5.463886054067065,0.0,0.9999903128408055,0.0,0.5,0.0
5,mean,17,identity,0,0,expression,canonical,24,37.045235790615415,0.0,0.9996517294109669,0.0,0.4166666666666667,0.0
5,mean,17,identity,0,0,iid,canonical,24,6.180527625146023,0.0,0.9999895007361387,0.0,0.5,0.0
5,mean,17,identity,0,0,joint,canonical,96,33.89449981386603,0.0,0.9997639163398291,0.0,0.3333333333333333,0.0
5,mean,17,identity,0,0,template,canonical,24,3.818189821617445,0.0,0.9999930365293007,0.0,0.5,0.0
5,mean,17,identity,0,0,topic,canonical,96,4.893514456335834,0.0,0.9999903575181185,0.0,0.5,0.0
5,mean,17,identity,0,0,train,canonical,168,6.155985103676122,0.0,0.9999901146624625,0.0,0.5,0.0
5,mean,17,identity,0,0,iid,paraphrase,24,6.1850502193462935,0.0,0.9999894983584886,0.0,0.5,0.0
5,mean,17,identity,0,0,topic,paraphrase,96,4.896659848147043,0.0,0.9999903599934394,0.0,0.5,0.0
5,mean,17,identity,0,0,template,paraphrase,24,17.128729892653528,0.0,0.999985758595459,0.0,0.5,0.0
5,mean,17,identity,0,0,expression,paraphrase,24,62.89166783685675,0.0,0.9996328840875467,0.0,0.4166666666666667,0.0
5,mean,17,identity,0,0,joint,paraphrase,96,42.030560909863176,0.0,0.9996170139924067,0.0,0.3758680555555555,0.0
5,mean,17,shift,0,3584,dev,canonical,48,0.6831237684031123,0.8749747411195322,0.9999968800174613,1.0,1.0,1.0
5,mean,17,shift,0,3584,expression,canonical,24,70.0793454520532,-0.8917235632714273,0.9996677138799449,0.0,0.4166666666666667,0.0
5,mean,17,shift,0,3584,iid,canonical,24,0.7219756125518296,0.8831854404121732,0.9999967553592236,1.0,1.0,1.0
5,mean,17,shift,0,3584,joint,canonical,96,66.36311463004449,-0.957931670167198,0.9997724227992547,0.0,0.3333333333333333,0.0
5,mean,17,shift,0,3584,template,canonical,24,0.5437420634295641,0.8575916628473892,0.9999955031701954,1.0,1.0,1.0
5,mean,17,shift,0,3584,topic,canonical,96,1.0094950545388925,0.7937075564920713,0.9999966736016249,1.0,1.0,1.0
5,mean,17,shift,0,3584,train,canonical,168,0.9369681998858764,0.8477955706347706,0.9999968641317571,0.9940476190476191,0.9970238095238095,0.9940476190476191
5,mean,17,shift,0,3584,iid,paraphrase,24,0.7291555398052817,0.8821100049398876,0.9999889502540854,0.25,0.625,0.25
5,mean,17,shift,0,3584,topic,paraphrase,96,1.0180798569331626,0.792086873806761,0.9999889524113169,0.4270833333333333,0.7135416666666666,0.4270833333333333
5,mean,17,shift,0,3584,template,paraphrase,24,3.8366666088447374,0.7760098598734823,0.9999885808692822,0.9166666666666666,0.9583333333333334,0.9166666666666666
5,mean,17,shift,0,3584,expression,paraphrase,24,104.44558212816644,-0.6607220911854657,0.9996479427690547,0.0,0.40277777777777773,0.0
5,mean,17,shift,0,3584,joint,paraphrase,96,77.36776438994194,-0.8407502235304762,0.9996445408763276,0.0,0.3076388888888889,0.0
5,mean,17,lowrank,32,232960,dev,canonical,48,0.28969793970664254,0.9469795056412268,0.9999990223042948,1.0,1.0,1.0
5,mean,17,lowrank,32,232960,expression,canonical,24,69.13196146101073,-0.8661498566712802,0.9996450194646105,0.0,0.4166666666666667,0.0
5,mean,17,lowrank,32,232960,iid,canonical,24,0.27131319653612934,0.9561019361142781,0.9999989461707349,1.0,1.0,1.0
5,mean,17,lowrank,32,232960,joint,canonical,96,62.50899115074292,-0.8442222630224767,0.9997686256013315,0.0,0.3333333333333333,0.0
5,mean,17,lowrank,32,232960,template,canonical,24,0.08583251421232767,0.9775201029224976,0.9999970087927247,1.0,1.0,1.0
5,mean,17,lowrank,32,232960,topic,canonical,96,0.2859309956602575,0.9415693979834777,0.9999987936850868,1.0,1.0,1.0
5,mean,17,lowrank,32,232960,train,canonical,168,0.22434680681244495,0.9635563109666276,0.9999992116383074,1.0,1.0,1.0
5,mean,17,lowrank,32,232960,iid,paraphrase,24,0.2822718809183682,0.9543622329798639,0.9999904573423558,0.041666666666666664,0.5208333333333334,0.041666666666666664
5,mean,17,lowrank,32,232960,topic,paraphrase,96,0.2951139596033959,0.9397315785136534,0.9999909840749787,0.14583333333333334,0.5729166666666666,0.14583333333333334
5,mean,17,lowrank,32,232960,template,paraphrase,24,5.006793287851242,0.707696173666756,0.9999903307339596,0.9583333333333334,0.9791666666666666,0.9583333333333334
5,mean,17,lowrank,32,232960,expression,paraphrase,24,103.09166934983364,-0.6391943940373332,0.9996254791274168,0.0,0.3958333333333333,0.0
5,mean,17,lowrank,32,232960,joint,paraphrase,96,70.46164465044374,-0.6764383611618359,0.9996378076958986,0.0,0.3128472222222222,0.0
5,mean,17,full_delta,0,12848640,dev,canonical,48,0.2896730385922971,0.9469840630412346,0.9999990455719402,1.0,1.0,1.0
5,mean,17,full_delta,0,12848640,expression,canonical,24,69.13197529755963,-0.8661502301754191,0.9996450051941898,0.0,0.4166666666666667,0.0
5,mean,17,full_delta,0,12848640,iid,canonical,24,0.2712666618465078,0.9561094653565118,0.9999989828360443,1.0,1.0,1.0
5,mean,17,full_delta,0,12848640,joint,canonical,96,62.5089718970361,-0.8442216949743588,0.9997686517153354,0.0,0.3333333333333333,0.0
5,mean,17,full_delta,0,12848640,template,canonical,24,0.0858200636009188,0.9775233637900789,0.9999970205323678,1.0,1.0,1.0
5,mean,17,full_delta,0,12848640,topic,canonical,96,0.2859203353520173,0.9415715764399502,0.9999988038117991,1.0,1.0,1.0
5,mean,17,full_delta,0,12848640,train,canonical,168,0.22430926788629652,0.9635624089226033,0.9999992442633241,1.0,1.0,1.0
5,mean,17,full_delta,0,12848640,iid,paraphrase,24,0.28223306999634673,0.9543685079365166,0.9999904880143039,0.041666666666666664,0.5208333333333334,0.041666666666666664
5,mean,17,full_delta,0,12848640,topic,paraphrase,96,0.2950998092515402,0.9397344683104322,0.9999909980639848,0.14583333333333334,0.5729166666666666,0.14583333333333334
5,mean,17,full_delta,0,12848640,template,paraphrase,24,5.006776451915344,0.7076971565730196,0.999990341819637,0.9583333333333334,0.9791666666666666,0.9583333333333334
5,mean,17,full_delta,0,12848640,expression,paraphrase,24,103.09168102423111,-0.6391945796644263,0.999625483667448,0.0,0.3958333333333333,0.0
5,mean,17,full_delta,0,12848640,joint,paraphrase,96,70.46164325201299,-0.6764383278900754,0.9996377887039015,0.0,0.3128472222222222,0.0
5,mean,17,full_affine,0,12848640,dev,canonical,48,0.2975425703729683,0.9455437819477419,0.9999916207249534,0.9791666666666666,0.9895833333333334,1.0
5,mean,17,full_affine,0,12848640,expression,canonical,24,69.12803131600076,-0.8660437662408618,0.9996403364438481,0.0,0.4166666666666667,0.0
5,mean,17,full_affine,0,12848640,iid,canonical,24,0.2813963490520717,0.95447049732337,0.9999905028491606,1.0,1.0,1.0
5,mean,17,full_affine,0,12848640,joint,canonical,96,62.47881914951089,-0.8433320890592166,0.999765640595763,0.0,0.26180555555555557,0.0
5,mean,17,full_affine,0,12848640,template,canonical,24,0.25425007050634735,0.9334108353998379,0.9998284556167802,0.9583333333333334,0.9791666666666666,1.0
5,mean,17,full_affine,0,12848640,topic,canonical,96,0.30394528277629346,0.9378881404176168,0.9999812807583468,0.9895833333333334,0.9947916666666666,1.0
5,mean,17,full_affine,0,12848640,train,canonical,168,0.23155152569255738,0.9623859509415831,0.9999928431757936,0.9880952380952381,0.9940476190476191,1.0
5,mean,17,full_affine,0,12848640,iid,paraphrase,24,0.2855804038055288,0.9538273104214646,0.9999874180435002,1.0,1.0,1.0
5,mean,17,full_affine,0,12848640,topic,paraphrase,96,0.3077668017289208,0.937147604433789,0.9999782451198987,0.9791666666666666,0.9895833333333334,1.0
5,mean,17,full_affine,0,12848640,template,paraphrase,24,5.265958098643682,0.692565757552039,0.9997437986869772,0.0,0.27777777777777773,1.0
5,mean,17,full_affine,0,12848640,expression,paraphrase,24,103.08186776111954,-0.6390385452730816,0.9996182917581012,0.0,0.3368055555555555,0.0
5,mean,17,full_affine,0,12848640,joint,paraphrase,96,70.35840731334078,-0.6739821165895978,0.9997362365795928,0.0,0.2276041666666667,0.5520833333333334
5,mean,17,shuffled,32,232960,dev,canonical,48,12.748183247595707,-1.3331715049413497,0.999871408817099,0.6041666666666666,0.7604166666666666,1.0
5,mean,17,shuffled,32,232960,expression,canonical,24,84.891039258497,-1.2915507877534487,0.9997497224443349,0.0,0.3416666666666666,0.0
5,mean,17,shuffled,32,232960,iid,canonical,24,10.493807118588862,-0.6978820830593622,0.9998622573562207,0.8333333333333334,0.888888888888889,1.0
5,mean,17,shuffled,32,232960,joint,canonical,96,113.04100400491241,-2.3350839996366624,0.9997291780707727,0.0,0.31545138888888896,0.0
5,mean,17,shuffled,32,232960,template,canonical,24,13.243922418553552,-2.468639076970568,0.9999051674589433,0.9583333333333334,0.9791666666666666,1.0
5,mean,17,shuffled,32,232960,topic,canonical,96,15.736963353408086,-2.2158816518939255,0.9998733042552651,0.8020833333333334,0.8706597222222223,0.9895833333333334
5,mean,17,shuffled,32,232960,train,canonical,168,15.852822463588577,-1.5751885679713338,0.9998666747514892,0.9226190476190477,0.9533730158730158,0.9940476190476191
5,mean,17,shuffled,32,232960,iid,paraphrase,24,10.468337253321668,-0.6925225959487975,0.9998551142557442,0.4583333333333333,0.6909722222222222,0.5
5,mean,17,shuffled,32,232960,topic,paraphrase,96,15.843163059466908,-2.2355041090841055,0.9998668910620642,0.4895833333333333,0.7074652777777778,0.6145833333333334
5,mean,17,shuffled,32,232960,template,paraphrase,24,11.020658592126344,0.3565980279219022,0.9999155969120395,0.8333333333333334,0.9166666666666666,0.8333333333333334
5,mean,17,shuffled,32,232960,expression,paraphrase,24,122.01806299241765,-0.9401308184247381,0.9997280972026799,0.0,0.29375,0.0
5,mean,17,shuffled,32,232960,joint,paraphrase,96,149.30385827118766,-2.5522689928259084,0.9996294360170771,0.0,0.2887152777777778,0.0
5,mean,17,random_subspace,32,118272,dev,canonical,48,0.6804748156741152,0.8754595522416502,0.9999938725137304,1.0,1.0,1.0
5,mean,17,random_subspace,32,118272,expression,canonical,24,70.07315927382828,-0.8915565734252866,0.9996647608117195,0.0,0.4166666666666667,0.0
5,mean,17,random_subspace,32,118272,iid,canonical,24,0.7189948202852566,0.8836677280819905,0.9999940732164583,1.0,1.0,1.0
5,mean,17,random_subspace,32,118272,joint,canonical,96,66.33688244143231,-0.9571577337245232,0.999771447960628,0.0,0.3333333333333333,0.0
5,mean,17,random_subspace,32,118272,template,canonical,24,0.5406946886336071,0.8583897831447886,0.9999935898634206,1.0,1.0,1.0
5,mean,17,random_subspace,32,118272,topic,canonical,96,1.0046854102723588,0.7946904174418957,0.9999934007040064,1.0,1.0,1.0
5,mean,17,random_subspace,32,118272,train,canonical,168,0.9322329937917002,0.8485647742657783,0.9999937628673379,0.9940476190476191,0.9970238095238095,0.9940476190476191
5,mean,17,random_subspace,32,118272,iid,paraphrase,24,0.726245932144426,0.8825804308148069,0.999986288590231,0.25,0.625,0.25
5,mean,17,random_subspace,32,118272,topic,paraphrase,96,1.0132493828015912,0.7930733573039555,0.9999857156847444,0.4270833333333333,0.7135416666666666,0.4270833333333333
5,mean,17,random_subspace,32,118272,template,paraphrase,24,3.8444921463476462,0.7755529936871419,0.9999852312761508,0.9583333333333334,0.9791666666666666,0.9583333333333334
5,mean,17,random_subspace,32,118272,expression,paraphrase,24,104.43659773842928,-0.6605792361770653,0.999645001118913,0.0,0.40277777777777773,0.0
5,mean,17,random_subspace,32,118272,joint,paraphrase,96,77.32114845678036,-0.8396411273834716,0.9996419911578768,0.0,0.309375,0.0
5,mean,17,rank1,1,10752,dev,canonical,48,0.2913739511528448,0.9466727621568976,0.9999975788889678,1.0,1.0,1.0
5,mean,17,rank1,1,10752,expression,canonical,24,69.11421973376449,-0.8656709360525392,0.999659708394721,0.0,0.4166666666666667,0.0
5,mean,17,rank1,1,10752,iid,canonical,24,0.2732224332183711,0.9557930245135154,0.9999973855024874,1.0,1.0,1.0
5,mean,17,rank1,1,10752,joint,canonical,96,62.510712285898485,-0.8442730422098086,0.9997712611928712,0.0,0.3333333333333333,0.0
5,mean,17,rank1,1,10752,template,canonical,24,0.0869101459186117,0.9772378666386483,0.9999960353742655,1.0,1.0,1.0
5,mean,17,rank1,1,10752,topic,canonical,96,0.2872622174665383,0.9412973599997017,0.999997501419001,1.0,1.0,1.0
5,mean,17,rank1,1,10752,train,canonical,168,0.22648275719964375,0.9632093396287791,0.9999975152939248,1.0,1.0,1.0
5,mean,17,rank1,1,10752,iid,paraphrase,24,0.28343685789837786,0.954173879298213,0.9999894330543468,0.041666666666666664,0.5208333333333334,0.041666666666666664
5,mean,17,rank1,1,10752,topic,paraphrase,96,0.2961357092615785,0.9395229159375569,0.9999899151826955,0.08333333333333333,0.5416666666666666,0.08333333333333333
5,mean,17,rank1,1,10752,template,paraphrase,24,5.006266028273486,0.7077269558427294,0.9999893441817537,0.7083333333333334,0.8541666666666666,0.7083333333333334
5,mean,17,rank1,1,10752,expression,paraphrase,24,103.07404449366828,-0.6389141525240842,0.9996399328559747,0.0,0.3958333333333333,0.0
5,mean,17,rank1,1,10752,joint,paraphrase,96,70.46736137759413,-0.6765743747440158,0.9996385882273527,0.0,0.31805555555555554,0.0
5,mean,17,rank2,2,17920,dev,canonical,48,0.29089157188127196,0.9467610471736054,0.9999979077219106,1.0,1.0,1.0
5,mean,17,rank2,2,17920,expression,canonical,24,69.12193927451862,-0.8658793175242558,0.9996537926599179,0.0,0.4166666666666667,0.0
5,mean,17,rank2,2,17920,iid,canonical,24,0.27286942793605723,0.9558501402330338,0.9999975904091558,1.0,1.0,1.0
5,mean,17,rank2,2,17920,joint,canonical,96,62.50489906597449,-0.8441015329691968,0.9997701167720795,0.0,0.3333333333333333,0.0
5,mean,17,rank2,2,17920,template,canonical,24,0.08633608865569396,0.9773882146542624,0.9999964745563835,1.0,1.0,1.0
5,mean,17,rank2,2,17920,topic,canonical,96,0.2869207313596101,0.9413671434058763,0.9999977821651903,1.0,1.0,1.0
5,mean,17,rank2,2,17920,train,canonical,168,0.22602110745256798,0.9632843316470021,0.9999978741230949,1.0,1.0,1.0
5,mean,17,rank2,2,17920,iid,paraphrase,24,0.28326591707861404,0.9542015170398159,0.9999895099015629,0.041666666666666664,0.5208333333333334,0.041666666666666664
5,mean,17,rank2,2,17920,topic,paraphrase,96,0.29590706641438785,0.9395696095724593,0.9999900919305951,0.07291666666666667,0.5364583333333334,0.07291666666666667
5,mean,17,rank2,2,17920,template,paraphrase,24,5.00770275879401,0.7076430774390458,0.9999897793989353,0.9166666666666666,0.9583333333333334,0.9166666666666666
5,mean,17,rank2,2,17920,expression,paraphrase,24,103.08155439920553,-0.6390335627066339,0.999634235354986,0.0,0.3958333333333333,0.0
5,mean,17,rank2,2,17920,joint,paraphrase,96,70.45944894926325,-0.6763861205746782,0.9996399012791043,0.0,0.3128472222222222,0.0
5,mean,17,rank4,4,32256,dev,canonical,48,0.2904500948756507,0.9468418462607848,0.9999983619763256,1.0,1.0,1.0
5,mean,17,rank4,4,32256,expression,canonical,24,69.12872387470071,-0.8660624611873284,0.9996470121030034,0.0,0.4166666666666667,0.0
5,mean,17,rank4,4,32256,iid,canonical,24,0.27242199679282136,0.9559225339136989,0.9999980187285381,1.0,1.0,1.0
5,mean,17,rank4,4,32256,joint,canonical,96,62.50908360941318,-0.8442249908594641,0.9997684303575906,0.0,0.3333333333333333,0.0
5,mean,17,rank4,4,32256,template,canonical,24,0.08619912973411424,0.9774240847728207,0.9999966300376758,1.0,1.0,1.0
5,mean,17,rank4,4,32256,topic,canonical,96,0.2865762638214577,0.9414375360738098,0.9999981872842453,1.0,1.0,1.0
5,mean,17,rank4,4,32256,train,canonical,168,0.22543097687791488,0.9633801945454196,0.9999983583343696,1.0,1.0,1.0
5,mean,17,rank4,4,32256,iid,paraphrase,24,0.2829843495461957,0.9542470409276476,0.9999898089947923,0.041666666666666664,0.5208333333333334,0.041666666666666664
5,mean,17,rank4,4,32256,topic,paraphrase,96,0.2956688778791031,0.9396182526358273,0.9999903919331947,0.125,0.5625,0.125
5,mean,17,rank4,4,32256,template,paraphrase,24,5.007278074192598,0.7076678711396922,0.9999898961055408,0.9583333333333334,0.9791666666666666,0.9583333333333334
5,mean,17,rank4,4,32256,expression,paraphrase,24,103.08825528023415,-0.6391401091103006,0.9996274768499439,0.0,0.3958333333333333,0.0
5,mean,17,rank4,4,32256,joint,paraphrase,96,70.46133186174347,-0.6764309192268843,0.999637916723441,0.0,0.3128472222222222,0.0
5,mean,17,rank8,8,60928,dev,canonical,48,0.2901661814157203,0.9468938080801056,0.9999985939580966,1.0,1.0,1.0
5,mean,17,rank8,8,60928,expression,canonical,24,69.13138165866226,-0.8661342054725201,0.9996453129864212,0.0,0.4166666666666667,0.0
5,mean,17,rank8,8,60928,iid,canonical,24,0.27193458365018863,0.956001396621253,0.9999984463679711,1.0,1.0,1.0
5,mean,17,rank8,8,60928,joint,canonical,96,62.508786464651074,-0.8442162241048656,0.9997688516941556,0.0,0.3333333333333333,0.0
5,mean,17,rank8,8,60928,template,canonical,24,0.08608606871288449,0.9774536959305975,0.999996752487144,1.0,1.0,1.0
5,mean,17,rank8,8,60928,topic,canonical,96,0.2862597975683666,0.9415022066200838,0.9999984761900057,1.0,1.0,1.0
5,mean,17,rank8,8,60928,train,canonical,168,0.22491820923461078,0.9634634903355601,0.9999987367902515,1.0,1.0,1.0
5,mean,17,rank8,8,60928,iid,paraphrase,24,0.2826608286970937,0.9542993478350499,0.9999901231441783,0.041666666666666664,0.5208333333333334,0.041666666666666664
5,mean,17,rank8,8,60928,topic,paraphrase,96,0.29536901470617977,0.9396794909456594,0.9999907125463613,0.0625,0.53125,0.0625
5,mean,17,rank8,8,60928,template,paraphrase,24,5.007190234559167,0.7076729993444091,0.9999900077143836,0.9583333333333334,0.9791666666666666,0.9583333333333334
5,mean,17,rank8,8,60928,expression,paraphrase,24,103.09101781244054,-0.6391840343598829,0.9996257309415758,0.0,0.3958333333333333,0.0
5,mean,17,rank8,8,60928,joint,paraphrase,96,70.46144734597011,-0.6764336668520441,0.9996378329713465,0.0,0.3128472222222222,0.0
5,mean,17,rank16,16,118272,dev,canonical,48,0.28986944619015725,0.9469481165379736,0.9999988635133364,1.0,1.0,1.0
5,mean,17,rank16,16,118272,expression,canonical,24,69.13178614946068,-0.8661451243070148,0.999645159711139,0.0,0.4166666666666667,0.0
5,mean,17,rank16,16,118272,iid,canonical,24,0.2715622579047839,0.9560616383624095,0.9999987417185302,1.0,1.0,1.0
5,mean,17,rank16,16,118272,joint,canonical,96,62.50884534529473,-0.8442179612788607,0.9997687820427373,0.0,0.3333333333333333,0.0
5,mean,17,rank16,16,118272,template,canonical,24,0.0859782319919911,0.9774819388221067,0.9999968633729842,1.0,1.0,1.0
5,mean,17,rank16,16,118272,topic,canonical,96,0.2860394769448065,0.9415472296041837,0.9999986869068187,1.0,1.0,1.0
5,mean,17,rank16,16,118272,train,canonical,168,0.2245393194654359,0.9635250385301697,0.9999990411253793,1.0,1.0,1.0
5,mean,17,rank16,16,118272,iid,paraphrase,24,0.2824188299835242,0.9543384742293373,0.9999903323883013,0.0,0.5,0.0
5,mean,17,rank16,16,118272,topic,paraphrase,96,0.2951718207383636,0.9397197620639178,0.9999909265066215,0.14583333333333334,0.5729166666666666,0.14583333333333334
5,mean,17,rank16,16,118272,template,paraphrase,24,5.006907292457026,0.7076895179131479,0.9999902230019854,0.9583333333333334,0.9791666666666666,0.9583333333333334
5,mean,17,rank16,16,118272,expression,paraphrase,24,103.09145976902839,-0.6391910616276126,0.9996256291135212,0.0,0.3958333333333333,0.0
5,mean,17,rank16,16,118272,joint,paraphrase,96,70.46165846421889,-0.6764386898220973,0.9996378375480655,0.0,0.3128472222222222,0.0
5,mean,17,rank32,32,232960,dev,canonical,48,0.28969793970664254,0.9469795056412268,0.9999990223042948,1.0,1.0,1.0
5,mean,17,rank32,32,232960,expression,canonical,24,69.13196146101073,-0.8661498566712802,0.9996450194646105,0.0,0.4166666666666667,0.0
5,mean,17,rank32,32,232960,iid,canonical,24,0.27131319653612934,0.9561019361142781,0.9999989461707349,1.0,1.0,1.0
5,mean,17,rank32,32,232960,joint,canonical,96,62.50899115074292,-0.8442222630224767,0.9997686256013315,0.0,0.3333333333333333,0.0
5,mean,17,rank32,32,232960,template,canonical,24,0.08583251421232767,0.9775201029224976,0.9999970087927247,1.0,1.0,1.0
5,mean,17,rank32,32,232960,topic,canonical,96,0.2859309956602575,0.9415693979834777,0.9999987936850868,1.0,1.0,1.0
5,mean,17,rank32,32,232960,train,canonical,168,0.22434680681244495,0.9635563109666276,0.9999992116383074,1.0,1.0,1.0
5,mean,17,rank32,32,232960,iid,paraphrase,24,0.2822718809183682,0.9543622329798639,0.9999904573423558,0.041666666666666664,0.5208333333333334,0.041666666666666664
5,mean,17,rank32,32,232960,topic,paraphrase,96,0.2951139596033959,0.9397315785136534,0.9999909840749787,0.14583333333333334,0.5729166666666666,0.14583333333333334
5,mean,17,rank32,32,232960,template,paraphrase,24,5.006793287851242,0.707696173666756,0.9999903307339596,0.9583333333333334,0.9791666666666666,0.9583333333333334
5,mean,17,rank32,32,232960,expression,paraphrase,24,103.09166934983364,-0.6391943940373332,0.9996254791274168,0.0,0.3958333333333333,0.0
5,mean,17,rank32,32,232960,joint,paraphrase,96,70.46164465044374,-0.6764383611618359,0.9996378076958986,0.0,0.3128472222222222,0.0
5,mean,29,identity,0,0,dev,canonical,48,5.463886054067065,0.0,0.9999903128408055,0.0,0.5,0.0
5,mean,29,identity,0,0,expression,canonical,24,37.045235790615415,0.0,0.9996517294109669,0.0,0.4166666666666667,0.0
5,mean,29,identity,0,0,iid,canonical,24,6.180527625146023,0.0,0.9999895007361387,0.0,0.5,0.0
5,mean,29,identity,0,0,joint,canonical,96,33.89449981386603,0.0,0.9997639163398291,0.0,0.3333333333333333,0.0
5,mean,29,identity,0,0,template,canonical,24,3.818189821617445,0.0,0.9999930365293007,0.0,0.5,0.0
5,mean,29,identity,0,0,topic,canonical,96,4.893514456335834,0.0,0.9999903575181185,0.0,0.5,0.0
5,mean,29,identity,0,0,train,canonical,168,6.155985103676122,0.0,0.9999901146624625,0.0,0.5,0.0
5,mean,29,identity,0,0,iid,paraphrase,24,6.1850502193462935,0.0,0.9999894983584886,0.0,0.5,0.0
5,mean,29,identity,0,0,topic,paraphrase,96,4.896659848147043,0.0,0.9999903599934394,0.0,0.5,0.0
5,mean,29,identity,0,0,template,paraphrase,24,17.128729892653528,0.0,0.999985758595459,0.0,0.5,0.0
5,mean,29,identity,0,0,expression,paraphrase,24,62.89166783685675,0.0,0.9996328840875467,0.0,0.4166666666666667,0.0
5,mean,29,identity,0,0,joint,paraphrase,96,42.030560909863176,0.0,0.9996170139924067,0.0,0.3758680555555555,0.0
5,mean,29,shift,0,3584,dev,canonical,48,0.6734768386772881,0.8767403214464945,0.999997017531936,1.0,1.0,1.0
5,mean,29,shift,0,3584,expression,canonical,24,69.5009337494348,-0.8761099036395203,0.9996667609148965,0.0,0.4166666666666667,0.0
5,mean,29,shift,0,3584,iid,canonical,24,0.722617907697324,0.8830815180313588,0.9999968067386433,1.0,1.0,1.0
5,mean,29,shift,0,3584,joint,canonical,96,65.79243908206656,-0.941094851476501,0.9997723993148885,0.0,0.3333333333333333,0.0
5,mean,29,shift,0,3584,template,canonical,24,0.5115174172203111,0.8660314334493657,0.9999955635612352,1.0,1.0,1.0
5,mean,29,shift,0,3584,topic,canonical,96,0.9864004511664491,0.798426987399758,0.9999967805712627,1.0,1.0,1.0
5,mean,29,shift,0,3584,train,canonical,168,0.9339722544160264,0.8482822426164915,0.9999969559915647,0.9940476190476191,0.9970238095238095,0.9940476190476191
5,mean,29,shift,0,3584,iid,paraphrase,24,0.7297263096802706,0.8820177227667851,0.9999891214082114,0.25,0.625,0.25
5,mean,29,shift,0,3584,topic,paraphrase,96,0.994881335950175,0.7968244953084396,0.9999891723439488,0.40625,0.703125,0.40625
5,mean,29,shift,0,3584,template,paraphrase,24,3.955304621030809,0.769083601305008,0.9999886958324286,0.875,0.9375,0.875
5,mean,29,shift,0,3584,expression,paraphrase,24,103.73883370386751,-0.6494845386032659,0.9996469689532516,0.0,0.40277777777777773,0.0
5,mean,29,shift,0,3584,joint,paraphrase,96,76.75386336610391,-0.8261441604528368,0.9996442766979525,0.0,0.309375,0.0
5,mean,29,lowrank,32,232960,dev,canonical,48,0.26930225281037856,0.9507123226682368,0.9999990699338371,1.0,1.0,1.0
5,mean,29,lowrank,32,232960,expression,canonical,24,69.7570323613292,-0.8830230358258533,0.9996442815688257,0.0,0.4166666666666667,0.0
5,mean,29,lowrank,32,232960,iid,canonical,24,0.3531285265863373,0.9428643397451049,0.9999989543150892,1.0,1.0,1.0
5,mean,29,lowrank,32,232960,joint,canonical,96,64.02387155019676,-0.8889162519520348,0.9997690334777777,0.0,0.3333333333333333,0.0
5,mean,29,lowrank,32,232960,template,canonical,24,0.1749396018210986,0.9541825812769593,0.9999968570277454,1.0,1.0,1.0
5,mean,29,lowrank,32,232960,topic,canonical,96,0.34718525355151514,0.9290519611928396,0.9999987752105465,1.0,1.0,1.0
5,mean,29,lowrank,32,232960,train,canonical,168,0.28884386300240045,0.9530791809697665,0.9999992365740452,1.0,1.0,1.0
5,mean,29,lowrank,32,232960,iid,paraphrase,24,0.35885715389112666,0.9419799126660843,0.999990454861511,0.041666666666666664,0.5208333333333334,0.041666666666666664
5,mean,29,lowrank,32,232960,topic,paraphrase,96,0.3516348671532941,0.9281888311506143,0.9999909745205318,0.19791666666666666,0.5989583333333334,0.19791666666666666
5,mean,29,lowrank,32,232960,template,paraphrase,24,4.526668854567852,0.7357265318014425,0.9999902557669099,0.9583333333333334,0.9791666666666666,0.9583333333333334
5,mean,29,lowrank,32,232960,expression,paraphrase,24,103.66315768812076,-0.6482812629015775,0.9996247007557812,0.0,0.3958333333333333,0.0
5,mean,29,lowrank,32,232960,joint,paraphrase,96,72.08740167805875,-0.7151187164181345,0.9996387427595109,0.0,0.3128472222222222,0.0
5,mean,29,full_delta,0,12848640,dev,canonical,48,0.2692628727316275,0.9507195300071822,0.9999991064756544,1.0,1.0,1.0
5,mean,29,full_delta,0,12848640,expression,canonical,24,69.75707213399653,-0.8830241094502072,0.9996442526282433,0.0,0.4166666666666667,0.0
5,mean,29,full_delta,0,12848640,iid,canonical,24,0.3530758010803822,0.942872870652036,0.9999989959700107,1.0,1.0,1.0
5,mean,29,full_delta,0,12848640,joint,canonical,96,64.02384489908398,-0.8889154656559419,0.9997690321930336,0.0,0.3333333333333333,0.0
5,mean,29,full_delta,0,12848640,template,canonical,24,0.1749206170365346,0.9541875534720179,0.9999968769152451,1.0,1.0,1.0
5,mean,29,full_delta,0,12848640,topic,canonical,96,0.34716957039591095,0.9290551660787645,0.9999987901865676,1.0,1.0,1.0
5,mean,29,full_delta,0,12848640,train,canonical,168,0.28879675801477506,0.9530868328706129,0.9999992771297883,1.0,1.0,1.0
5,mean,29,full_delta,0,12848640,iid,paraphrase,24,0.3588236859160732,0.9419853237741378,0.9999904827877778,0.041666666666666664,0.5208333333333334,0.041666666666666664
5,mean,29,full_delta,0,12848640,topic,paraphrase,96,0.3516235242526115,0.9281911476073491,0.9999909860292197,0.19791666666666666,0.5989583333333334,0.19791666666666666
5,mean,29,full_delta,0,12848640,template,paraphrase,24,4.526655038687971,0.7357273383924723,0.9999902703039143,0.9583333333333334,0.9791666666666666,0.9583333333333334
5,mean,29,full_delta,0,12848640,expression,paraphrase,24,103.66319843902659,-0.6482819108555471,0.999624670274185,0.0,0.3958333333333333,0.0
5,mean,29,full_delta,0,12848640,joint,paraphrase,96,72.08736381612745,-0.7151178155990523,0.9996387353589055,0.0,0.3128472222222222,0.0
5,mean,29,full_affine,0,12848640,dev,canonical,48,0.2764496812738049,0.9494042008676172,0.9999923229883277,1.0,1.0,1.0
5,mean,29,full_affine,0,12848640,expression,canonical,24,69.75341140059614,-0.8829252915233599,0.9996402075218765,0.0,0.4166666666666667,0.0
5,mean,29,full_affine,0,12848640,iid,canonical,24,0.36208355823652466,0.9414154292000321,0.9999913337921611,1.0,1.0,1.0
5,mean,29,full_affine,0,12848640,joint,canonical,96,63.990878494274114,-0.8879428475323259,0.9997659192879841,0.0,0.26753472222222224,0.0
5,mean,29,full_affine,0,12848640,template,canonical,24,0.34272409517035257,0.9102391156065758,0.9998292540194399,0.9166666666666666,0.9583333333333334,1.0
5,mean,29,full_affine,0,12848640,topic,canonical,96,0.3647941511958952,0.9254535458205133,0.9999816314751717,0.9895833333333334,0.9947916666666666,1.0
5,mean,29,full_affine,0,12848640,train,canonical,168,0.2954078053105035,0.9520129109581346,0.9999934424241369,0.9940476190476191,0.9970238095238095,1.0
5,mean,29,full_affine,0,12848640,iid,paraphrase,24,0.36094937549343137,0.9416416419119099,0.9999882714579954,1.0,1.0,1.0
5,mean,29,full_affine,0,12848640,topic,paraphrase,96,0.3638397056487413,0.9256963487495619,0.9999786120944222,0.9791666666666666,0.9895833333333334,1.0
5,mean,29,full_affine,0,12848640,template,paraphrase,24,4.785546235382508,0.7206128962641288,0.9997451025979727,0.0,0.27777777777777773,1.0
5,mean,29,full_affine,0,12848640,expression,paraphrase,24,103.65379535390998,-0.6481323984409455,0.9996180913284741,0.0,0.34027777777777773,0.0
5,mean,29,full_affine,0,12848640,joint,paraphrase,96,71.98078485182971,-0.7125820663254154,0.9997363568462466,0.0,0.228125,0.5520833333333334
5,mean,29,shuffled,32,232960,dev,canonical,48,12.32156013434465,-1.2550909759864135,0.9998818360315749,0.6666666666666666,0.7864583333333334,1.0
5,mean,29,shuffled,32,232960,expression,canonical,24,76.35208009269941,-1.0610499154129154,0.9997403095947948,0.0,0.3506944444444444,0.041666666666666664
5,mean,29,shuffled,32,232960,iid,canonical,24,11.20794105216694,-0.8134278708773084,0.9998605221673159,0.7083333333333334,0.8055555555555555,1.0
5,mean,29,shuffled,32,232960,joint,canonical,96,91.88763478023118,-1.7109895494796632,0.9997446524175885,0.0,0.3284722222222222,0.0
5,mean,29,shuffled,32,232960,template,canonical,24,10.333394706653399,-1.7063596074110352,0.9999270936055297,1.0,1.0,1.0
5,mean,29,shuffled,32,232960,topic,canonical,96,11.75142853964695,-1.4014292068621343,0.9998822621663214,0.8333333333333334,0.888888888888889,0.9895833333333334
5,mean,29,shuffled,32,232960,train,canonical,168,12.208333688754688,-0.9831649172549706,0.9998734625083829,0.9285714285714286,0.9513888888888887,1.0
5,mean,29,shuffled,32,232960,iid,paraphrase,24,11.045642232321887,-0.7858613658094624,0.9998527132012943,0.3333333333333333,0.6006944444444444,0.4166666666666667
5,mean,29,shuffled,32,232960,topic,paraphrase,96,11.743292304633085,-1.398225049076442,0.9998754134554982,0.5208333333333334,0.7265625,0.59375
5,mean,29,shuffled,32,232960,template,paraphrase,24,9.174998489379757,0.46435033146766524,0.9999242762720039,0.75,0.875,0.75
5,mean,29,shuffled,32,232960,expression,paraphrase,24,110.41383934799296,-0.7556195144070665,0.9997200976262365,0.0,0.2861111111111111,0.0
5,mean,29,shuffled,32,232960,joint,paraphrase,96,118.2476249474184,-1.8133725172263788,0.9996307764297617,0.0,0.29565972222222225,0.0
5,mean,29,random_subspace,32,118272,dev,canonical,48,0.6687572322079577,0.8776041034548725,0.9999914407807431,1.0,1.0,1.0
5,mean,29,random_subspace,32,118272,expression,canonical,24,69.50354947531125,-0.8761805126077351,0.9996609462998394,0.0,0.4166666666666667,0.0
5,mean,29,random_subspace,32,118272,iid,canonical,24,0.71830684873282,0.8837790408362022,0.9999918179101855,1.0,1.0,1.0
5,mean,29,random_subspace,32,118272,joint,canonical,96,65.77143346436237,-0.940475116185538,0.9997705817350756,0.0,0.3333333333333333,0.0
5,mean,29,random_subspace,32,118272,template,canonical,24,0.5075753157338115,0.867063886436428,0.9999930147200939,1.0,1.0,1.0
5,mean,29,random_subspace,32,118272,topic,canonical,96,0.9789418979487617,0.7999511584805301,0.9999907016537812,1.0,1.0,1.0
5,mean,29,random_subspace,32,118272,train,canonical,168,0.9264355050922733,0.8495065388415185,0.9999908060205817,0.9940476190476191,0.9970238095238095,0.9940476190476191
5,mean,29,random_subspace,32,118272,iid,paraphrase,24,0.7254264146950624,0.8827129305391908,0.9999841938135559,0.20833333333333334,0.6041666666666666,0.20833333333333334
5,mean,29,random_subspace,32,118272,topic,paraphrase,96,0.9873542955925437,0.7983616738323838,0.9999830938310704,0.375,0.6875,0.375
5,mean,29,random_subspace,32,118272,template,paraphrase,24,3.9618635885438542,0.7687006793047109,0.9999847712373718,0.9166666666666666,0.9583333333333334,0.9166666666666666
5,mean,29,random_subspace,32,118272,expression,paraphrase,24,103.7375338337775,-0.6494638702041804,0.9996410794804435,0.0,0.40277777777777773,0.0
5,mean,29,random_subspace,32,118272,joint,paraphrase,96,76.6994000572796,-0.8248483578833421,0.9996399719527865,0.0,0.3102430555555556,0.0
5,mean,29,rank1,1,10752,dev,canonical,48,0.27101792735381397,0.9503983200469416,0.9999975533359309,1.0,1.0,1.0
5,mean,29,rank1,1,10752,expression,canonical,24,69.73901701414917,-0.882536729103935,0.9996593339806837,0.0,0.4166666666666667,0.0
5,mean,29,rank1,1,10752,iid,canonical,24,0.3550691399026862,0.942550351452511,0.999997282498784,1.0,1.0,1.0
5,mean,29,rank1,1,10752,joint,canonical,96,64.02451646275723,-0.8889352790084604,0.9997717475523347,0.0,0.3333333333333333,0.0
5,mean,29,rank1,1,10752,template,canonical,24,0.17603576149446645,0.9538954924404741,0.9999958658960383,1.0,1.0,1.0
5,mean,29,rank1,1,10752,topic,canonical,96,0.3485003512611237,0.9287832182022255,0.999997441273897,1.0,1.0,1.0
5,mean,29,rank1,1,10752,train,canonical,168,0.2909776626457451,0.9527325590063589,0.9999974640693297,1.0,1.0,1.0
5,mean,29,rank1,1,10752,iid,paraphrase,24,0.3600142973729676,0.9417928255057858,0.9999893674438988,0.0,0.5,0.0
5,mean,29,rank1,1,10752,topic,paraphrase,96,0.35261311490888714,0.9279890525697184,0.9999899327273741,0.08333333333333333,0.5416666666666666,0.08333333333333333
5,mean,29,rank1,1,10752,template,paraphrase,24,4.526622749465329,0.735729223483944,0.9999893229270672,0.8333333333333334,0.9166666666666666,0.8333333333333334
5,mean,29,rank1,1,10752,expression,paraphrase,24,103.64556562085416,-0.6480015427435395,0.9996394078584129,0.0,0.3958333333333333,0.0
5,mean,29,rank1,1,10752,joint,paraphrase,96,72.0915949762698,-0.7152184842565901,0.9996400055707372,0.0,0.3137152777777778,0.0
5,mean,29,rank2,2,17920,dev,canonical,48,0.27057851792064597,0.9504787407271716,0.9999978593349788,1.0,1.0,1.0
5,mean,29,rank2,2,17920,expression,canonical,24,69.7448369927416,-0.8826938337482495,0.9996552887290734,0.0,0.4166666666666667,0.0
5,mean,29,rank2,2,17920,iid,canonical,24,0.3546406448755293,0.9426196812983016,0.9999975216665806,1.0,1.0,1.0
5,mean,29,rank2,2,17920,joint,canonical,96,64.01844487472563,-0.8887561470529826,0.9997710231915845,0.0,0.3333333333333333,0.0
5,mean,29,rank2,2,17920,template,canonical,24,0.1753987234863196,0.9540623353785962,0.9999962699107644,1.0,1.0,1.0
5,mean,29,rank2,2,17920,topic,canonical,96,0.3481650274697847,0.9288517423262128,0.9999977076290985,1.0,1.0,1.0
5,mean,29,rank2,2,17920,train,canonical,168,0.29052342376225154,0.9528063471776821,0.9999978213093418,1.0,1.0,1.0
5,mean,29,rank2,2,17920,iid,paraphrase,24,0.35971732050429295,0.9418408407777954,0.9999895144195409,0.0,0.5,0.0
5,mean,29,rank2,2,17920,topic,paraphrase,96,0.3523566838495362,0.928041421136722,0.9999901333983324,0.08333333333333333,0.5416666666666666,0.08333333333333333
5,mean,29,rank2,2,17920,template,paraphrase,24,4.527856418800226,0.7356572000856751,0.9999898435569605,0.9166666666666666,0.9583333333333334,0.9166666666666666
5,mean,29,rank2,2,17920,expression,paraphrase,24,103.65091621321392,-0.6480866190746941,0.9996356682638838,0.0,0.3958333333333333,0.0
5,mean,29,rank2,2,17920,joint,paraphrase,96,72.08359418100041,-0.7150281276423505,0.999640954271848,0.0,0.3128472222222222,0.0
5,mean,29,rank4,4,32256,dev,canonical,48,0.27009081233443566,0.9505680005655696,0.9999983362581002,1.0,1.0,1.0
5,mean,29,rank4,4,32256,expression,canonical,24,69.75382892967214,-0.8829365623134384,0.999646513254136,0.0,0.4166666666666667,0.0
5,mean,29,rank4,4,32256,iid,canonical,24,0.3541977857108816,0.9426913352397622,0.9999980932369001,1.0,1.0,1.0
5,mean,29,rank4,4,32256,joint,canonical,96,64.02351506804925,-0.8889057345480471,0.9997693828908637,0.0,0.3333333333333333,0.0
5,mean,29,rank4,4,32256,template,canonical,24,0.17527132663247533,0.9540957011513305,0.999996521032407,1.0,1.0,1.0
5,mean,29,rank4,4,32256,topic,canonical,96,0.347842358233756,0.9289176804651327,0.999998174991127,1.0,1.0,1.0
5,mean,29,rank4,4,32256,train,canonical,168,0.2899416044690445,0.9529008599621364,0.9999983690958051,1.0,1.0,1.0
5,mean,29,rank4,4,32256,iid,paraphrase,24,0.3594209201980348,0.9418887628310927,0.9999899600885999,0.041666666666666664,0.5208333333333334,0.041666666666666664
5,mean,29,rank4,4,32256,topic,paraphrase,96,0.3521287459568107,0.9280879708052294,0.9999904945436318,0.08333333333333333,0.5416666666666666,0.08333333333333333
5,mean,29,rank4,4,32256,template,paraphrase,24,4.527084080754814,0.735702290296698,0.9999899362270583,0.9166666666666666,0.9583333333333334,0.9166666666666666
5,mean,29,rank4,4,32256,expression,paraphrase,24,103.65979443228552,-0.6482277859315604,0.9996269175938955,0.0,0.3958333333333333,0.0
5,mean,29,rank4,4,32256,joint,paraphrase,96,72.08742999794775,-0.715119390210927,0.9996390651715493,0.0,0.309375,0.0
5,mean,29,rank8,8,60928,dev,canonical,48,0.26978573167206576,0.9506238364046319,0.9999986438172108,1.0,1.0,1.0
5,mean,29,rank8,8,60928,expression,canonical,24,69.75656855402217,-0.8830105158000758,0.9996446671568092,0.0,0.4166666666666667,0.0
5,mean,29,rank8,8,60928,iid,canonical,24,0.3537947982381282,0.9427565380019203,0.9999984558275642,1.0,1.0,1.0
5,mean,29,rank8,8,60928,joint,canonical,96,64.02358606224377,-0.8889078291119115,0.9997691776990463,0.0,0.3333333333333333,0.0
5,mean,29,rank8,8,60928,template,canonical,24,0.17516631234684135,0.9541232048351546,0.9999966201388314,1.0,1.0,1.0
5,mean,29,rank8,8,60928,topic,canonical,96,0.34753661860868873,0.9289801590023468,0.9999984601480344,1.0,1.0,1.0
5,mean,29,rank8,8,60928,train,canonical,168,0.28946135337791323,0.952978873648499,0.9999987440893605,1.0,1.0,1.0
5,mean,29,rank8,8,60928,iid,paraphrase,24,0.3592288703921112,0.9419198134772657,0.9999901545870297,0.041666666666666664,0.5208333333333334,0.041666666666666664
5,mean,29,rank8,8,60928,topic,paraphrase,96,0.3519523828940195,0.9281239878185121,0.999990661053571,0.11458333333333333,0.5572916666666666,0.11458333333333333
5,mean,29,rank8,8,60928,template,paraphrase,24,4.527042843602163,0.7357046977812522,0.9999899843565275,0.9166666666666666,0.9583333333333334,0.9166666666666666
5,mean,29,rank8,8,60928,expression,paraphrase,24,103.66262834651009,-0.6482728461807481,0.9996250585219858,0.0,0.3958333333333333,0.0
5,mean,29,rank8,8,60928,joint,paraphrase,96,72.08712332703368,-0.7151120938316393,0.9996385482724728,0.0,0.3111111111111111,0.0
5,mean,29,rank16,16,118272,dev,canonical,48,0.2694919010918023,0.9506776132545435,0.9999988930721925,1.0,1.0,1.0
5,mean,29,rank16,16,118272,expression,canonical,24,69.75699594634087,-0.8830220528387687,0.9996443953292117,0.0,0.4166666666666667,0.0
5,mean,29,rank16,16,118272,iid,canonical,24,0.35340508958763367,0.9428195922707676,0.9999987338764114,1.0,1.0,1.0
5,mean,29,rank16,16,118272,joint,canonical,96,64.02367265285831,-0.8889103838218209,0.999769110201075,0.0,0.3333333333333333,0.0
5,mean,29,rank16,16,118272,template,canonical,24,0.17504907469033737,0.9541539098713054,0.99999674990424,1.0,1.0,1.0
5,mean,29,rank16,16,118272,topic,canonical,96,0.34730698780698077,0.929027084540987,0.9999986552064716,1.0,1.0,1.0
5,mean,29,rank16,16,118272,train,canonical,168,0.2890728529272794,0.9530419830362071,0.9999990419874687,1.0,1.0,1.0
5,mean,29,rank16,16,118272,iid,paraphrase,24,0.359031425931923,0.9419517363320827,0.9999903108299689,0.0,0.5,0.0
5,mean,29,rank16,16,118272,topic,paraphrase,96,0.3517226550469286,0.9281709030330083,0.9999908855754347,0.1875,0.59375,0.1875
5,mean,29,rank16,16,118272,template,paraphrase,24,4.526768438394005,0.7357207179537857,0.9999901807233567,0.9583333333333334,0.9791666666666666,0.9583333333333334
5,mean,29,rank16,16,118272,expression,paraphrase,24,103.66315566631609,-0.6482812307541603,0.999624771774099,0.0,0.3958333333333333,0.0
5,mean,29,rank16,16,118272,joint,paraphrase,96,72.08735187755845,-0.7151175315540921,0.9996387267879524,0.0,0.3128472222222222,0.0
5,mean,29,rank32,32,232960,dev,canonical,48,0.26930225281037856,0.9507123226682368,0.9999990699338371,1.0,1.0,1.0
5,mean,29,rank32,32,232960,expression,canonical,24,69.7570323613292,-0.8830230358258533,0.9996442815688257,0.0,0.4166666666666667,0.0
5,mean,29,rank32,32,232960,iid,canonical,24,0.3531285265863373,0.9428643397451049,0.9999989543150892,1.0,1.0,1.0
5,mean,29,rank32,32,232960,joint,canonical,96,64.02387155019676,-0.8889162519520348,0.9997690334777777,0.0,0.3333333333333333,0.0
5,mean,29,rank32,32,232960,template,canonical,24,0.1749396018210986,0.9541825812769593,0.9999968570277454,1.0,1.0,1.0
5,mean,29,rank32,32,232960,topic,canonical,96,0.34718525355151514,0.9290519611928396,0.9999987752105465,1.0,1.0,1.0
5,mean,29,rank32,32,232960,train,canonical,168,0.28884386300240045,0.9530791809697665,0.9999992365740452,1.0,1.0,1.0
5,mean,29,rank32,32,232960,iid,paraphrase,24,0.35885715389112666,0.9419799126660843,0.999990454861511,0.041666666666666664,0.5208333333333334,0.041666666666666664
5,mean,29,rank32,32,232960,topic,paraphrase,96,0.3516348671532941,0.9281888311506143,0.9999909745205318,0.19791666666666666,0.5989583333333334,0.19791666666666666
5,mean,29,rank32,32,232960,template,paraphrase,24,4.526668854567852,0.7357265318014425,0.9999902557669099,0.9583333333333334,0.9791666666666666,0.9583333333333334
5,mean,29,rank32,32,232960,expression,paraphrase,24,103.66315768812076,-0.6482812629015775,0.9996247007557812,0.0,0.3958333333333333,0.0
5,mean,29,rank32,32,232960,joint,paraphrase,96,72.08740167805875,-0.7151187164181345,0.9996387427595109,0.0,0.3128472222222222,0.0
5,mean,43,identity,0,0,dev,canonical,48,5.463886054067065,0.0,0.9999903128408055,0.0,0.5,0.0
5,mean,43,identity,0,0,expression,canonical,24,37.045235790615415,0.0,0.9996517294109669,0.0,0.4166666666666667,0.0
5,mean,43,identity,0,0,iid,canonical,24,6.180527625146023,0.0,0.9999895007361387,0.0,0.5,0.0
5,mean,43,identity,0,0,joint,canonical,96,33.89449981386603,0.0,0.9997639163398291,0.0,0.3333333333333333,0.0
5,mean,43,identity,0,0,template,canonical,24,3.818189821617445,0.0,0.9999930365293007,0.0,0.5,0.0
5,mean,43,identity,0,0,topic,canonical,96,4.893514456335834,0.0,0.9999903575181185,0.0,0.5,0.0
5,mean,43,identity,0,0,train,canonical,168,6.155985103676122,0.0,0.9999901146624625,0.0,0.5,0.0
5,mean,43,identity,0,0,iid,paraphrase,24,6.1850502193462935,0.0,0.9999894983584886,0.0,0.5,0.0
5,mean,43,identity,0,0,topic,paraphrase,96,4.896659848147043,0.0,0.9999903599934394,0.0,0.5,0.0
5,mean,43,identity,0,0,template,paraphrase,24,17.128729892653528,0.0,0.999985758595459,0.0,0.5,0.0
5,mean,43,identity,0,0,expression,paraphrase,24,62.89166783685675,0.0,0.9996328840875467,0.0,0.4166666666666667,0.0
5,mean,43,identity,0,0,joint,paraphrase,96,42.030560909863176,0.0,0.9996170139924067,0.0,0.3758680555555555,0.0
5,mean,43,shift,0,3584,dev,canonical,48,0.6610654757162852,0.8790118481288206,0.999997103055375,1.0,1.0,1.0
5,mean,43,shift,0,3584,expression,canonical,24,68.21554550512603,-0.841412101968775,0.9996666033918039,0.0,0.4166666666666667,0.0
5,mean,43,shift,0,3584,iid,canonical,24,0.7329886986085105,0.8814035397841632,0.9999968759380016,1.0,1.0,1.0
5,mean,43,shift,0,3584,joint,canonical,96,64.52692600905276,-0.9037580245587573,0.9997717292676264,0.0,0.3333333333333333,0.0
5,mean,43,shift,0,3584,template,canonical,24,0.44836897738014997,0.8825702758826658,0.9999958487311401,1.0,1.0,1.0
5,mean,43,shift,0,3584,topic,canonical,96,0.943811414017515,0.8071301469651277,0.9999968688087764,1.0,1.0,1.0
5,mean,43,shift,0,3584,train,canonical,168,0.9362939277296152,0.8479051017893958,0.9999970336975772,0.9940476190476191,0.9970238095238095,0.9940476190476191
5,mean,43,shift,0,3584,iid,paraphrase,24,0.7403336224705385,0.8803027305817437,0.999989140547577,0.20833333333333334,0.6041666666666666,0.20833333333333334
5,mean,43,shift,0,3584,topic,paraphrase,96,0.9523930866749929,0.8055014813750254,0.9999892112119992,0.3541666666666667,0.6770833333333334,0.3541666666666667
5,mean,43,shift,0,3584,template,paraphrase,24,4.229427427329483,0.7530799158002092,0.9999889085702663,0.8333333333333334,0.9166666666666666,0.8333333333333334
5,mean,43,shift,0,3584,expression,paraphrase,24,102.16669146854292,-0.624486915080182,0.9996469001800993,0.0,0.40277777777777773,0.0
5,mean,43,shift,0,3584,joint,paraphrase,96,75.39152683006144,-0.7937311612791147,0.9996433345710815,0.0,0.309375,0.0
5,mean,43,lowrank,32,232960,dev,canonical,48,0.270170296026159,0.9505534534665018,0.9999990410629597,1.0,1.0,1.0
5,mean,43,lowrank,32,232960,expression,canonical,24,68.94079552834529,-0.8609895188144518,0.9996451289740659,0.0,0.4166666666666667,0.0
5,mean,43,lowrank,32,232960,iid,canonical,24,0.19988767982599365,0.9676584764361003,0.9999990203980333,1.0,1.0,1.0
5,mean,43,lowrank,32,232960,joint,canonical,96,62.3370823282167,-0.8391503834116176,0.9997686774181928,0.0,0.3333333333333333,0.0
5,mean,43,lowrank,32,232960,template,canonical,24,0.07329633141218805,0.9808033820117569,0.9999971290807226,1.0,1.0,1.0
5,mean,43,lowrank,32,232960,topic,canonical,96,0.23852967437151476,0.9512559579623433,0.9999988008134938,1.0,1.0,1.0
5,mean,43,lowrank,32,232960,train,canonical,168,0.2044109217877207,0.966794766662828,0.9999992510802329,1.0,1.0,1.0
5,mean,43,lowrank,32,232960,iid,paraphrase,24,0.21248453237853296,0.9656454636837224,0.999990452756658,0.041666666666666664,0.5208333333333334,0.041666666666666664
5,mean,43,lowrank,32,232960,topic,paraphrase,96,0.24511429925442374,0.9499425512786684,0.9999910054754967,0.13541666666666666,0.5677083333333334,0.13541666666666666
5,mean,43,lowrank,32,232960,template,paraphrase,24,4.917591943889547,0.7129038770119966,0.9999903644261029,0.9166666666666666,0.9583333333333334,0.9166666666666666
5,mean,43,lowrank,32,232960,expression,paraphrase,24,102.64634205762583,-0.6321135309035553,0.9996255501740304,0.0,0.3958333333333333,0.0
5,mean,43,lowrank,32,232960,joint,paraphrase,96,70.83174776902314,-0.6852439328831628,0.9996383433990618,0.0,0.3128472222222222,0.0
5,mean,43,full_delta,0,12848640,dev,canonical,48,0.27013365571112613,0.950560159374105,0.9999990760490945,1.0,1.0,1.0
5,mean,43,full_delta,0,12848640,expression,canonical,24,68.940793708402,-0.8609894696868581,0.9996451419821142,0.0,0.4166666666666667,0.0
5,mean,43,full_delta,0,12848640,iid,canonical,24,0.19984784621013862,0.9676649214547574,0.9999990532862709,1.0,1.0,1.0
5,mean,43,full_delta,0,12848640,joint,canonical,96,62.33705887412401,-0.8391496914382053,0.9997686695443896,0.0,0.3333333333333333,0.0
5,mean,43,full_delta,0,12848640,template,canonical,24,0.07328773046966677,0.9808056346348383,0.9999971374880952,1.0,1.0,1.0
5,mean,43,full_delta,0,12848640,topic,canonical,96,0.23851745616746148,0.9512584547781108,0.9999988126587563,1.0,1.0,1.0
5,mean,43,full_delta,0,12848640,train,canonical,168,0.20436785630566057,0.9668017623720987,0.9999992866153862,1.0,1.0,1.0
5,mean,43,full_delta,0,12848640,iid,paraphrase,24,0.21245072457304703,0.9656509297356196,0.9999904809651138,0.041666666666666664,0.5208333333333334,0.041666666666666664
5,mean,43,full_delta,0,12848640,topic,paraphrase,96,0.2450994308319392,0.949945587720436,0.9999910196275908,0.13541666666666666,0.5677083333333334,0.13541666666666666
5,mean,43,full_delta,0,12848640,template,paraphrase,24,4.917598760600337,0.7129034790425715,0.9999903643720823,0.9166666666666666,0.9583333333333334,0.9166666666666666
5,mean,43,full_delta,0,12848640,expression,paraphrase,24,102.64635289295605,-0.632113703189179,0.9996255755301648,0.0,0.3958333333333333,0.0
5,mean,43,full_delta,0,12848640,joint,paraphrase,96,70.83168411936516,-0.68524241851703,0.9996383396278309,0.0,0.3128472222222222,0.0
5,mean,43,full_affine,0,12848640,dev,canonical,48,0.27757030594284826,0.9491991042279811,0.9999921128762278,1.0,1.0,1.0
5,mean,43,full_affine,0,12848640,expression,canonical,24,68.93810797222825,-0.8609169708589677,0.999639739577335,0.0,0.4166666666666667,0.0
5,mean,43,full_affine,0,12848640,iid,canonical,24,0.20976510203128004,0.9660603244975668,0.9999910099620845,1.0,1.0,1.0
5,mean,43,full_affine,0,12848640,joint,canonical,96,62.306768773431145,-0.8382560331497158,0.9997656823342904,0.0,0.265625,0.0
5,mean,43,full_affine,0,12848640,template,canonical,24,0.24092955735962376,0.9368995339111867,0.9998291419088751,0.9166666666666666,0.9583333333333334,1.0
5,mean,43,full_affine,0,12848640,topic,canonical,96,0.256420210451305,0.9475999891817409,0.9999814709531506,0.9895833333333334,0.9947916666666666,1.0
5,mean,43,full_affine,0,12848640,train,canonical,168,0.21126874799526416,0.9656807571108152,0.9999933403312282,0.9940476190476191,0.9970238095238095,1.0
5,mean,43,full_affine,0,12848640,iid,paraphrase,24,0.21559286104721276,0.9651429085615413,0.9999879075547723,1.0,1.0,1.0
5,mean,43,full_affine,0,12848640,topic,paraphrase,96,0.25768290696756413,0.9473757796214751,0.9999784167073865,0.9791666666666666,0.9895833333333334,1.0
5,mean,43,full_affine,0,12848640,template,paraphrase,24,5.176259241328601,0.6978025064456947,0.9997442211941373,0.0,0.27777777777777773,1.0
5,mean,43,full_affine,0,12848640,expression,paraphrase,24,102.6375157778286,-0.6319731898997178,0.9996176240355514,0.0,0.3368055555555555,0.0
5,mean,43,full_affine,0,12848640,joint,paraphrase,96,70.72916793576464,-0.6828033317815383,0.9997353834506836,0.0,0.22708333333333333,0.5416666666666666
5,mean,43,shuffled,32,232960,dev,canonical,48,17.29767511226571,-2.1658191516256307,0.9998773479878901,0.7083333333333334,0.8194444444444445,1.0
5,mean,43,shuffled,32,232960,expression,canonical,24,84.84622738469737,-1.2903411349372833,0.9997542712548411,0.0,0.3680555555555555,0.125
5,mean,43,shuffled,32,232960,iid,canonical,24,20.847136935947713,-2.37303515174486,0.9998289129487411,0.625,0.7430555555555555,1.0
5,mean,43,shuffled,32,232960,joint,canonical,96,101.19966348694595,-1.985725236917224,0.9997484178135548,0.0,0.32326388888888896,0.0
5,mean,43,shuffled,32,232960,template,canonical,24,9.932067229236145,-1.6012502503159376,0.9999355049979574,0.9583333333333334,0.9791666666666666,1.0
5,mean,43,shuffled,32,232960,topic,canonical,96,23.58378187347715,-3.819395566093048,0.999869483399595,0.8125,0.8819444444444443,1.0
5,mean,43,shuffled,32,232960,train,canonical,168,24.84822632026048,-3.036433796017806,0.9998584906133765,0.8869047619047619,0.9260912698412699,1.0
5,mean,43,shuffled,32,232960,iid,paraphrase,24,20.714646709149964,-2.3491476988103295,0.9998226663004317,0.5,0.65,0.5
5,mean,43,shuffled,32,232960,topic,paraphrase,96,23.704476753886564,-3.840948215518101,0.9998633072925109,0.5520833333333334,0.7413194444444445,0.65625
5,mean,43,shuffled,32,232960,template,paraphrase,24,9.583110819904737,0.44052414394047335,0.9999290135546426,0.9166666666666666,0.9583333333333334,0.9166666666666666
5,mean,43,shuffled,32,232960,expression,paraphrase,24,120.36736882378439,-0.9138841910826991,0.999731240996972,0.0,0.2847222222222222,0.041666666666666664
5,mean,43,shuffled,32,232960,joint,paraphrase,96,143.0778805268343,-2.4041392127426655,0.9996404871947161,0.0,0.29218750000000004,0.0
5,mean,43,random_subspace,32,118272,dev,canonical,48,0.6587835759617123,0.8794294812441514,0.999994857456023,1.0,1.0,1.0
5,mean,43,random_subspace,32,118272,expression,canonical,24,68.21973283804871,-0.8415251349359927,0.9996644114800991,0.0,0.4166666666666667,0.0
5,mean,43,random_subspace,32,118272,iid,canonical,24,0.729905587690777,0.8819023824566221,0.999994665005731,1.0,1.0,1.0
5,mean,43,random_subspace,32,118272,joint,canonical,96,64.51409913178048,-0.903379589197778,0.999770853766094,0.0,0.3333333333333333,0.0
5,mean,43,random_subspace,32,118272,template,canonical,24,0.4461821777391031,0.8831430079214623,0.9999944208125138,1.0,1.0,1.0
5,mean,43,random_subspace,32,118272,topic,canonical,96,0.9397202085550417,0.8079661934300925,0.9999942372997687,1.0,1.0,1.0
5,mean,43,random_subspace,32,118272,train,canonical,168,0.9320378725344822,0.848596470453136,0.999994495146319,0.9940476190476191,0.9970238095238095,0.9940476190476191
5,mean,43,random_subspace,32,118272,iid,paraphrase,24,0.7373244459846436,0.8807892547616901,0.9999869338499074,0.20833333333333334,0.6041666666666666,0.20833333333333334
5,mean,43,random_subspace,32,118272,topic,paraphrase,96,0.9483108418917192,0.8063351608442698,0.9999865507017454,0.34375,0.671875,0.34375
5,mean,43,random_subspace,32,118272,template,paraphrase,24,4.233390693499511,0.7528485345947803,0.9999865981995845,0.875,0.9375,0.875
5,mean,43,random_subspace,32,118272,expression,paraphrase,24,102.16950336912403,-0.6245316253045698,0.9996447193741131,0.0,0.40277777777777773,0.0
5,mean,43,random_subspace,32,118272,joint,paraphrase,96,75.36510388079579,-0.7931025008783572,0.9996415642575925,0.0,0.309375,0.0
5,mean,43,rank1,1,10752,dev,canonical,48,0.2718652152963921,0.9502432494736913,0.9999976013925909,1.0,1.0,1.0
5,mean,43,rank1,1,10752,expression,canonical,24,68.92238080725598,-0.860492431383469,0.9996612931856461,0.0,0.4166666666666667,0.0
5,mean,43,rank1,1,10752,iid,canonical,24,0.2020291886009843,0.9673119835628579,0.9999973888153447,1.0,1.0,1.0
5,mean,43,rank1,1,10752,joint,canonical,96,62.337819754305904,-0.839172139923537,0.9997709488100833,0.0,0.3333333333333333,0.0
5,mean,43,rank1,1,10752,template,canonical,24,0.07420840063032805,0.9805645072410538,0.9999962688702047,1.0,1.0,1.0
5,mean,43,rank1,1,10752,topic,canonical,96,0.23990672010727473,0.9509745557619315,0.999997510849013,1.0,1.0,1.0
5,mean,43,rank1,1,10752,train,canonical,168,0.20658347107104175,0.9664418500708071,0.9999975511022507,0.9940476190476191,0.9970238095238095,0.9940476190476191
5,mean,43,rank1,1,10752,iid,paraphrase,24,0.21372682172459304,0.9654446101252219,0.999989479604905,0.041666666666666664,0.5208333333333334,0.041666666666666664
5,mean,43,rank1,1,10752,topic,paraphrase,96,0.24618870913162486,0.9497231343882737,0.9999899410830082,0.052083333333333336,0.5260416666666666,0.052083333333333336
5,mean,43,rank1,1,10752,template,paraphrase,24,4.9174621499458135,0.7129114545699677,0.9999895136694642,0.7916666666666666,0.8958333333333334,0.7916666666666666
5,mean,43,rank1,1,10752,expression,paraphrase,24,102.62838710733202,-0.6318280407756676,0.999641437629747,0.0,0.3958333333333333,0.0
5,mean,43,rank1,1,10752,joint,paraphrase,96,70.8354769681734,-0.6853326587785475,0.9996391808927391,0.0,0.31631944444444443,0.0
5,mean,43,rank2,2,17920,dev,canonical,48,0.2713835836458624,0.9503313976608541,0.9999979492284199,1.0,1.0,1.0
5,mean,43,rank2,2,17920,expression,canonical,24,68.93131196729547,-0.8607335193357761,0.9996539728297194,0.0,0.4166666666666667,0.0
5,mean,43,rank2,2,17920,iid,canonical,24,0.20163372770082763,0.96737596853698,0.9999976555872238,1.0,1.0,1.0
5,mean,43,rank2,2,17920,joint,canonical,96,62.33505793263473,-0.839090657037336,0.9997693692350781,0.0,0.3333333333333333,0.0
5,mean,43,rank2,2,17920,template,canonical,24,0.07378882779370373,0.9806743951345914,0.9999966383521312,1.0,1.0,1.0
5,mean,43,rank2,2,17920,topic,canonical,96,0.23960193673106614,0.9510368388876743,0.9999978063493916,1.0,1.0,1.0
5,mean,43,rank2,2,17920,train,canonical,168,0.20613655242092707,0.9665144491175214,0.9999979172207445,1.0,1.0,1.0
5,mean,43,rank2,2,17920,iid,paraphrase,24,0.21356217054477364,0.9654712309567398,0.9999895843342742,0.041666666666666664,0.5208333333333334,0.041666666666666664
5,mean,43,rank2,2,17920,topic,paraphrase,96,0.24600521662158617,0.9497606073832804,0.9999901255216962,0.07291666666666667,0.5364583333333334,0.07291666666666667
5,mean,43,rank2,2,17920,template,paraphrase,24,4.918281937900745,0.712863594164668,0.9999897852567684,0.875,0.9375,0.875
5,mean,43,rank2,2,17920,expression,paraphrase,24,102.63707009978002,-0.6319661034594324,0.9996343906935904,0.0,0.3958333333333333,0.0
5,mean,43,rank2,2,17920,joint,paraphrase,96,70.83101639730238,-0.6852265319324038,0.9996397248899394,0.0,0.3145833333333333,0.0
5,mean,43,rank4,4,32256,dev,canonical,48,0.27093352563589224,0.950413767242781,0.9999983619265856,1.0,1.0,1.0
5,mean,43,rank4,4,32256,expression,canonical,24,68.93735591025937,-0.8608966696798057,0.9996474864034445,0.0,0.4166666666666667,0.0
5,mean,43,rank4,4,32256,iid,canonical,24,0.20102716306291582,0.9674741097758355,0.999998085847181,1.0,1.0,1.0
5,mean,43,rank4,4,32256,joint,canonical,96,62.33703786636156,-0.8391490716396373,0.9997686066436104,0.0,0.3333333333333333,0.0
5,mean,43,rank4,4,32256,template,canonical,24,0.07365645740164363,0.9807090634979374,0.9999967446018362,1.0,1.0,1.0
5,mean,43,rank4,4,32256,topic,canonical,96,0.23917917676685707,0.951123230777998,0.9999982044339221,1.0,1.0,1.0
5,mean,43,rank4,4,32256,train,canonical,168,0.20552811439527238,0.966613285943051,0.9999983791764224,1.0,1.0,1.0
5,mean,43,rank4,4,32256,iid,paraphrase,24,0.21324762362920022,0.9655220869570015,0.9999897981165788,0.041666666666666664,0.5208333333333334,0.041666666666666664
5,mean,43,rank4,4,32256,topic,paraphrase,96,0.24572502224958495,0.9498178289140157,0.9999903851724437,0.11458333333333333,0.5572916666666666,0.11458333333333333
5,mean,43,rank4,4,32256,template,paraphrase,24,4.918111340478278,0.7128735538886836,0.9999898940578303,0.9583333333333334,0.9791666666666666,0.9583333333333334
5,mean,43,rank4,4,32256,expression,paraphrase,24,102.6427864705546,-0.6320569957981348,0.9996279281170342,0.0,0.3958333333333333,0.0
5,mean,43,rank4,4,32256,joint,paraphrase,96,70.83146410373291,-0.6852371838585463,0.9996382967712235,0.0,0.3111111111111111,0.0
5,mean,43,rank8,8,60928,dev,canonical,48,0.27061636357005764,0.9504718142193644,0.9999986298697426,1.0,1.0,1.0
5,mean,43,rank8,8,60928,expression,canonical,24,68.94039672398141,-0.8609787534797098,0.9996454515319696,0.0,0.4166666666666667,0.0
5,mean,43,rank8,8,60928,iid,canonical,24,0.2004762569449371,0.9675632455505446,0.9999985485491057,1.0,1.0,1.0
5,mean,43,rank8,8,60928,joint,canonical,96,62.33697366856,-0.839147177591874,0.9997690937018969,0.0,0.3333333333333333,0.0
5,mean,43,rank8,8,60928,template,canonical,24,0.07355420644531943,0.9807358434541736,0.9999968764838792,1.0,1.0,1.0
5,mean,43,rank8,8,60928,topic,canonical,96,0.23886206789227335,0.9511880326453294,0.9999984987455447,1.0,1.0,1.0
5,mean,43,rank8,8,60928,train,canonical,168,0.20500432533150756,0.9666983720917247,0.9999987601927917,1.0,1.0,1.0
5,mean,43,rank8,8,60928,iid,paraphrase,24,0.21279558126704712,0.9655951732450868,0.9999901898354796,0.0,0.5,0.0
5,mean,43,rank8,8,60928,topic,paraphrase,96,0.2453574425919914,0.9498928963414035,0.9999907767318362,0.020833333333333332,0.5104166666666666,0.020833333333333332
5,mean,43,rank8,8,60928,template,paraphrase,24,4.917800535141863,0.7128916991532982,0.999990159249799,0.875,0.9375,0.875
5,mean,43,rank8,8,60928,expression,paraphrase,24,102.64585794848244,-0.6321058333951248,0.9996258783112553,0.0,0.3958333333333333,0.0
5,mean,43,rank8,8,60928,joint,paraphrase,96,70.83190828469816,-0.6852477519060722,0.9996383950528459,0.0,0.3128472222222222,0.0
5,mean,43,rank16,16,118272,dev,canonical,48,0.2703620864010164,0.9505183520070352,0.9999988651737531,1.0,1.0,1.0
5,mean,43,rank16,16,118272,expression,canonical,24,68.94064767625889,-0.8609855276916194,0.999645243471074,0.0,0.4166666666666667,0.0
5,mean,43,rank16,16,118272,iid,canonical,24,0.2001706140864865,0.9676126981016839,0.9999987893801293,1.0,1.0,1.0
5,mean,43,rank16,16,118272,joint,canonical,96,62.337064461495515,-0.8391498562841695,0.9997686405859386,0.0,0.3333333333333333,0.0
5,mean,43,rank16,16,118272,template,canonical,24,0.07341403651136191,0.9807725545504015,0.9999970082082497,1.0,1.0,1.0
5,mean,43,rank16,16,118272,topic,canonical,96,0.23865055026416612,0.9512312567187422,0.9999986859343474,1.0,1.0,1.0
5,mean,43,rank16,16,118272,train,canonical,168,0.20464335360572256,0.9667570096159723,0.9999990557946914,1.0,1.0,1.0
5,mean,43,rank16,16,118272,iid,paraphrase,24,0.2126677555919353,0.9656158401225702,0.9999902973722299,0.041666666666666664,0.5208333333333334,0.041666666666666664
5,mean,43,rank16,16,118272,topic,paraphrase,96,0.24521386252049096,0.9499222183845826,0.9999909075706744,0.10416666666666667,0.5520833333333334,0.10416666666666667
5,mean,43,rank16,16,118272,template,paraphrase,24,4.917720300340693,0.7128963833769197,0.9999902532009154,0.9166666666666666,0.9583333333333334,0.9166666666666666
5,mean,43,rank16,16,118272,expression,paraphrase,24,102.64613394607261,-0.6321102218554671,0.9996256681703778,0.0,0.3958333333333333,0.0
5,mean,43,rank16,16,118272,joint,paraphrase,96,70.83168756364314,-0.6852425004640206,0.9996382639417494,0.0,0.3128472222222222,0.0
5,mean,43,rank32,32,232960,dev,canonical,48,0.270170296026159,0.9505534534665018,0.9999990410629597,1.0,1.0,1.0
5,mean,43,rank32,32,232960,expression,canonical,24,68.94079552834529,-0.8609895188144518,0.9996451289740659,0.0,0.4166666666666667,0.0
5,mean,43,rank32,32,232960,iid,canonical,24,0.19988767982599365,0.9676584764361003,0.9999990203980333,1.0,1.0,1.0
5,mean,43,rank32,32,232960,joint,canonical,96,62.3370823282167,-0.8391503834116176,0.9997686774181928,0.0,0.3333333333333333,0.0
5,mean,43,rank32,32,232960,template,canonical,24,0.07329633141218805,0.9808033820117569,0.9999971290807226,1.0,1.0,1.0
5,mean,43,rank32,32,232960,topic,canonical,96,0.23852967437151476,0.9512559579623433,0.9999988008134938,1.0,1.0,1.0
5,mean,43,rank32,32,232960,train,canonical,168,0.2044109217877207,0.966794766662828,0.9999992510802329,1.0,1.0,1.0
5,mean,43,rank32,32,232960,iid,paraphrase,24,0.21248453237853296,0.9656454636837224,0.999990452756658,0.041666666666666664,0.5208333333333334,0.041666666666666664
5,mean,43,rank32,32,232960,topic,paraphrase,96,0.24511429925442374,0.9499425512786684,0.9999910054754967,0.13541666666666666,0.5677083333333334,0.13541666666666666
5,mean,43,rank32,32,232960,template,paraphrase,24,4.917591943889547,0.7129038770119966,0.9999903644261029,0.9166666666666666,0.9583333333333334,0.9166666666666666
5,mean,43,rank32,32,232960,expression,paraphrase,24,102.64634205762583,-0.6321135309035553,0.9996255501740304,0.0,0.3958333333333333,0.0
5,mean,43,rank32,32,232960,joint,paraphrase,96,70.83174776902314,-0.6852439328831628,0.9996383433990618,0.0,0.3128472222222222,0.0
9,last,17,identity,0,0,dev,canonical,48,0.15673835763451463,0.0,0.8866290586574399,0.0,0.4930555555555555,0.0
9,last,17,identity,0,0,expression,canonical,24,0.5032387579809051,0.0,0.6342205910298974,0.0,0.24583333333333335,0.0
9,last,17,identity,0,0,iid,canonical,24,0.16669800926515624,0.0,0.8816511231658105,0.0,0.5,0.0
9,last,17,identity,0,0,joint,canonical,96,0.535913772018248,0.0,0.6203428709429875,0.0,0.2420138888888889,0.0
9,last,17,identity,0,0,template,canonical,24,0.18285882610037496,0.0,0.8671048641816123,0.0,0.5,0.0
9,last,17,identity,0,0,topic,canonical,96,0.15957220915485346,0.0,0.8838364542654781,0.0,0.49652777777777785,0.0
9,last,17,identity,0,0,train,canonical,168,0.16106281286664728,0.0,0.8835588803318443,0.0,0.49107142857142855,0.0
9,last,17,identity,0,0,iid,paraphrase,24,0.159541655519828,0.0,0.883397054642586,0.0,0.5,0.0
9,last,17,identity,0,0,topic,paraphrase,96,0.15120242496469552,0.0,0.8872775169278121,0.0,0.5,0.0
9,last,17,identity,0,0,template,paraphrase,24,0.20058321666085752,0.0,0.8539902435572978,0.0,0.5,0.0
9,last,17,identity,0,0,expression,paraphrase,24,0.4369979882538792,0.0,0.6531694721730328,0.0,0.22708333333333333,0.0
9,last,17,identity,0,0,joint,paraphrase,96,0.48932355562555024,0.0,0.6121520924822715,0.0,0.22135416666666666,0.0
9,last,17,shift,0,3584,dev,canonical,48,0.0601101651017119,0.6164935883666851,0.9578982412761917,1.0,1.0,1.0
9,last,17,shift,0,3584,expression,canonical,24,0.46944815620908287,0.06714626255616107,0.6663482816428928,0.0,0.25277777777777777,0.0
9,last,17,shift,0,3584,iid,canonical,24,0.07047596969530406,0.577223687277499,0.9517032610659143,0.9166666666666666,0.9583333333333334,0.9166666666666666
9,last,17,shift,0,3584,joint,canonical,96,0.5175012161510764,0.03435731050133317,0.644792050213737,0.0,0.23732638888888888,0.0
9,last,17,shift,0,3584,template,canonical,24,0.12520428149021684,0.3152953884682075,0.9130241281036934,0.08333333333333333,0.5416666666666666,0.08333333333333333
9,last,17,shift,0,3584,topic,canonical,96,0.06566810335124075,0.588474060119613,0.9535153529033188,0.9791666666666666,0.9895833333333334,0.9791666666666666
9,last,17,shift,0,3584,train,canonical,168,0.06431310295108451,0.6006955186835532,0.9549887238524523,0.9642857142857143,0.9821428571428571,0.9642857142857143
9,last,17,shift,0,3584,iid,paraphrase,24,0.14286632403696387,0.10452023597556126,0.9031718633164522,0.0,0.5,0.0
9,last,17,shift,0,3584,topic,paraphrase,96,0.13147619268900082,0.13046240680531818,0.9082461594885922,0.0,0.5,0.0
9,last,17,shift,0,3584,template,paraphrase,24,0.17232947685468425,0.14085794552763697,0.8799683181569282,0.0,0.5,0.0
9,last,17,shift,0,3584,expression,paraphrase,24,0.47101938415012756,-0.07785252291935785,0.6538534145206855,0.0,0.24097222222222223,0.0
9,last,17,shift,0,3584,joint,paraphrase,96,0.5011049016169529,-0.024076801241136536,0.6243458218567585,0.0,0.22413194444444443,0.0
9,last,17,lowrank,32,232960,dev,canonical,48,0.02673533055849464,0.8294270084108156,0.9811863732669517,1.0,1.0,1.0
9,last,17,lowrank,32,232960,expression,canonical,24,0.4590546601452177,0.08779947318239734,0.6715073242137665,0.0,0.2548611111111111,0.0
9,last,17,lowrank,32,232960,iid,canonical,24,0.03214023156866686,0.8071948686709067,0.9777213267871625,1.0,1.0,1.0
9,last,17,lowrank,32,232960,joint,canonical,96,0.504635164124076,0.05836500110153331,0.6524700292256017,0.0,0.23871527777777776,0.0
9,last,17,lowrank,32,232960,template,canonical,24,0.10466520337572398,0.42761743795581897,0.9270983032142125,0.5833333333333334,0.7916666666666666,0.5833333333333334
9,last,17,lowrank,32,232960,topic,canonical,96,0.0357254945436264,0.7761170649147475,0.974635508617725,1.0,1.0,1.0
9,last,17,lowrank,32,232960,train,canonical,168,0.019317372281434757,0.8800631136534995,0.9863946131358234,1.0,1.0,1.0
9,last,17,lowrank,32,232960,iid,paraphrase,24,0.13177918482906634,0.1740139313479251,0.9093390655562708,0.25,0.625,0.25
9,last,17,lowrank,32,232960,topic,paraphrase,96,0.12253409096314687,0.18960234274180765,0.913795226385179,0.2604166666666667,0.6302083333333334,0.2604166666666667
9,last,17,lowrank,32,232960,template,paraphrase,24,0.15950106189028534,0.20481352056504876,0.8884352543517994,0.0,0.5,0.0
9,last,17,lowrank,32,232960,expression,paraphrase,24,0.45729755119041715,-0.04645230294457248,0.6609447636432862,0.0,0.25069444444444444,0.0
9,last,17,lowrank,32,232960,joint,paraphrase,96,0.4840996432684879,0.010675783532194894,0.6348200786752484,0.0,0.22708333333333333,0.0
9,last,17,full_delta,0,12848640,dev,canonical,48,0.02135929606352179,0.863726426728754,0.9848958787886485,1.0,1.0,1.0
9,last,17,full_delta,0,12848640,expression,canonical,24,0.45336038309435783,0.09911473251120273,0.6742546397775314,0.0,0.2548611111111111,0.0
9,last,17,full_delta,0,12848640,iid,canonical,24,0.025668317270194807,0.8460190533567453,0.9821674165286055,1.0,1.0,1.0
9,last,17,full_delta,0,12848640,joint,canonical,96,0.4994322779086562,0.06807344019580375,0.6542822381331755,0.0,0.23906249999999998,0.0
9,last,17,full_delta,0,12848640,template,canonical,24,0.10399500003479241,0.4312825787380511,0.9270925612834934,0.7916666666666666,0.8958333333333334,0.7916666666666666
9,last,17,full_delta,0,12848640,topic,canonical,96,0.03194623495344356,0.7998007602787399,0.9772440136494863,1.0,1.0,1.0
9,last,17,full_delta,0,12848640,train,canonical,168,0.009502663429976035,0.9410002640532311,0.9933401289881403,1.0,1.0,1.0
9,last,17,full_delta,0,12848640,iid,paraphrase,24,0.12901198557501461,0.19135861318061298,0.9110894136006159,0.25,0.625,0.25
9,last,17,full_delta,0,12848640,topic,paraphrase,96,0.12075664419433241,0.2013577545298757,0.9148571594277118,0.28125,0.640625,0.28125
9,last,17,full_delta,0,12848640,template,paraphrase,24,0.1607189559882247,0.19874175584707365,0.8871245199461931,0.0,0.5,0.0
9,last,17,full_delta,0,12848640,expression,paraphrase,24,0.4548447013606669,-0.04083934843292569,0.6620942533126878,0.0,0.2451388888888889,0.0
9,last,17,full_delta,0,12848640,joint,paraphrase,96,0.4796739344532968,0.019720328321242153,0.6366331197979592,0.0,0.23350694444444442,0.0
9,last,17,full_affine,0,12848640,dev,canonical,48,0.02647895400272561,0.8310627060131017,0.9808227637482174,1.0,1.0,1.0
9,last,17,full_affine,0,12848640,expression,canonical,24,0.42797561213302576,0.14955753040534914,0.6862830210117342,0.0,0.2472222222222222,0.0
9,last,17,full_affine,0,12848640,iid,canonical,24,0.029556031114651216,0.8226971561031766,0.9792296590173454,1.0,1.0,1.0
9,last,17,full_affine,0,12848640,joint,canonical,96,0.39930524672772766,0.25490765944687976,0.6966156506163674,0.0,0.2461805555555556,0.0
9,last,17,full_affine,0,12848640,template,canonical,24,0.16423009933882218,0.10187491169459373,0.8739987782907391,0.9583333333333334,0.9791666666666666,1.0
9,last,17,full_affine,0,12848640,topic,canonical,96,0.05202045091705557,0.6740005594171261,0.9620630564496837,1.0,1.0,1.0
9,last,17,full_affine,0,12848640,train,canonical,168,0.010598211820801926,0.9341982694069998,0.9924702330276731,1.0,1.0,1.0
9,last,17,full_affine,0,12848640,iid,paraphrase,24,0.06623332150551654,0.5848524870215791,0.9520676416811567,1.0,1.0,1.0
9,last,17,full_affine,0,12848640,topic,paraphrase,96,0.08943948386425522,0.4084785089581825,0.9331963197104254,0.9791666666666666,0.9895833333333334,1.0
9,last,17,full_affine,0,12848640,template,paraphrase,24,0.19416814096052445,0.031982115987199244,0.8550168718823966,0.875,0.9375,1.0
9,last,17,full_affine,0,12848640,expression,paraphrase,24,0.3604568911435842,0.17515205828780045,0.7070241943406215,0.0,0.24166666666666667,0.0
9,last,17,full_affine,0,12848640,joint,paraphrase,96,0.3440514329558062,0.29688356711956865,0.7096170847341693,0.0,0.29375,0.0
9,last,17,shuffled,32,232960,dev,canonical,48,0.13273230069735184,0.153160064322867,0.9030059723541118,0.8541666666666666,0.9270833333333334,1.0
9,last,17,shuffled,32,232960,expression,canonical,24,0.42187813103868016,0.16167400791755415,0.6847635005783843,0.0,0.23125000000000004,0.0
9,last,17,shuffled,32,232960,iid,canonical,24,0.1559207974217484,0.06465111305717619,0.8868972552282836,0.9166666666666666,0.9583333333333334,1.0
9,last,17,shuffled,32,232960,joint,canonical,96,0.5444034829235977,-0.015841561364205337,0.6302070869975321,0.0,0.22586805555555556,0.0
9,last,17,shuffled,32,232960,template,canonical,24,0.18143050306655104,0.007811069688481331,0.8729357145451315,0.4583333333333333,0.7291666666666666,0.4583333333333333
9,last,17,shuffled,32,232960,topic,canonical,96,0.14217267689485655,0.10903861237586743,0.8963151699969579,0.9791666666666666,0.9895833333333334,1.0
9,last,17,shuffled,32,232960,train,canonical,168,0.16489502469534761,-0.02379327518558383,0.878874367532339,0.8630952380952381,0.9305555555555555,1.0
9,last,17,shuffled,32,232960,iid,paraphrase,24,0.22529906698126548,-0.4121645299917618,0.8458228058999199,0.125,0.5347222222222222,0.125
9,last,17,shuffled,32,232960,topic,paraphrase,96,0.20398881114873033,-0.3491107116592871,0.8574962212513194,0.21875,0.609375,0.21875
9,last,17,shuffled,32,232960,template,paraphrase,24,0.24394366092343875,-0.21617184620134133,0.8287666574922644,0.0,0.5,0.0
9,last,17,shuffled,32,232960,expression,paraphrase,24,0.4750888002146659,-0.08716473069587072,0.6473799626127239,0.0,0.21736111111111112,0.0
9,last,17,shuffled,32,232960,joint,paraphrase,96,0.5168215469352416,-0.05619592801850293,0.6133579547917927,0.0,0.21006944444444445,0.0
9,last,17,random_subspace,32,118272,dev,canonical,48,0.05973188622218866,0.6189070300106592,0.958162989889678,1.0,1.0,1.0
9,last,17,random_subspace,32,118272,expression,canonical,24,0.46943368257782253,0.06717502351908533,0.6663053513110461,0.0,0.25277777777777777,0.0
9,last,17,random_subspace,32,118272,iid,canonical,24,0.07008435803331921,0.5795729154639133,0.9519560155663354,0.9166666666666666,0.9583333333333334,0.9166666666666666
9,last,17,random_subspace,32,118272,joint,canonical,96,0.5172824557347809,0.03476551127488592,0.6449413220634109,0.0,0.23732638888888888,0.0
9,last,17,random_subspace,32,118272,template,canonical,24,0.1250022562061981,0.31640020407009617,0.9131548599113773,0.08333333333333333,0.5416666666666666,0.08333333333333333
9,last,17,random_subspace,32,118272,topic,canonical,96,0.06534646659537975,0.590489678989368,0.9537351133596251,0.9791666666666666,0.9895833333333334,0.9791666666666666
9,last,17,random_subspace,32,118272,train,canonical,168,0.0638330034222067,0.6036763403911396,0.955315883633742,0.9642857142857143,0.9821428571428571,0.9642857142857143
9,last,17,random_subspace,32,118272,iid,paraphrase,24,0.1428602468266657,0.10455832765938111,0.9031592030920864,0.041666666666666664,0.5208333333333334,0.041666666666666664
9,last,17,random_subspace,32,118272,topic,paraphrase,96,0.13149624574728272,0.13032978288551933,0.9082337750718779,0.0,0.5,0.0
9,last,17,random_subspace,32,118272,template,paraphrase,24,0.1720546827650753,0.1422279210130415,0.8801424219534933,0.0,0.5,0.0
9,last,17,random_subspace,32,118272,expression,paraphrase,24,0.4709345158195866,-0.07765831531927225,0.6538837209359586,0.0,0.24097222222222223,0.0
9,last,17,random_subspace,32,118272,joint,paraphrase,96,0.5007609923627252,-0.02337397537004593,0.6245500444533699,0.0,0.22413194444444443,0.0
9,last,17,rank1,1,10752,dev,canonical,48,0.055557655960029616,0.645538866181181,0.9612501283630822,1.0,1.0,1.0
9,last,17,rank1,1,10752,expression,canonical,24,0.47272343857190463,0.06063785613698369,0.6648375328772039,0.0,0.2548611111111111,0.0
9,last,17,rank1,1,10752,iid,canonical,24,0.06318567219063041,0.620957247964942,0.9565753472950789,0.9583333333333334,0.9791666666666666,0.9583333333333334
9,last,17,rank1,1,10752,joint,canonical,96,0.511626449920825,0.04531945877404331,0.6473514368156923,0.0,0.23680555555555557,0.0
9,last,17,rank1,1,10752,template,canonical,24,0.12067715846235634,0.34005286462839823,0.9154389187731415,0.125,0.5625,0.125
9,last,17,rank1,1,10752,topic,canonical,96,0.0592779744228793,0.6285194349515193,0.958111517305862,1.0,1.0,1.0
9,last,17,rank1,1,10752,train,canonical,168,0.05736075181678378,0.6438609832036406,0.9598392587924194,0.9761904761904762,0.9880952380952381,0.9761904761904762
9,last,17,rank1,1,10752,iid,paraphrase,24,0.14093918859105573,0.116599435226873,0.9042971352759963,0.041666666666666664,0.5208333333333334,0.041666666666666664
9,last,17,rank1,1,10752,topic,paraphrase,96,0.1315329429151344,0.13008708064142338,0.9083005804584755,0.010416666666666666,0.5052083333333334,0.010416666666666666
9,last,17,rank1,1,10752,template,paraphrase,24,0.16964678535411126,0.1542324020012752,0.8814428788935759,0.0,0.5,0.0
9,last,17,rank1,1,10752,expression,paraphrase,24,0.47381128930657085,-0.08424135131556842,0.652593694796297,0.0,0.23750000000000002,0.0
9,last,17,rank1,1,10752,joint,paraphrase,96,0.49763830754364385,-0.016992339368302023,0.6259623160010274,0.0,0.2260416666666667,0.0
9,last,17,rank2,2,17920,dev,canonical,48,0.052519606021513454,0.6649218046294728,0.9632608424783111,1.0,1.0,1.0
9,last,17,rank2,2,17920,expression,canonical,24,0.4719529371297811,0.0621689413920522,0.6648610045860218,0.0,0.2548611111111111,0.0
9,last,17,rank2,2,17920,iid,canonical,24,0.06161384913695789,0.6303864130797594,0.9576084072914736,0.9583333333333334,0.9791666666666666,0.9583333333333334
9,last,17,rank2,2,17920,joint,canonical,96,0.5106265525529093,0.047185239091929176,0.6475454180809481,0.0,0.23628472222222222,0.0
9,last,17,rank2,2,17920,template,canonical,24,0.11929316366274252,0.34762151651755624,0.9163317893684503,0.125,0.5625,0.125
9,last,17,rank2,2,17920,topic,canonical,96,0.05738177640714751,0.6404024440655416,0.9594201337384675,1.0,1.0,1.0
9,last,17,rank2,2,17920,train,canonical,168,0.054013837700621944,0.6646411624181495,0.9621275043403544,0.9880952380952381,0.9940476190476191,0.9880952380952381
9,last,17,rank2,2,17920,iid,paraphrase,24,0.14057693069676874,0.11887005159415742,0.9044918350817697,0.041666666666666664,0.5208333333333334,0.041666666666666664
9,last,17,rank2,2,17920,topic,paraphrase,96,0.13118163753708145,0.1324104916458102,0.9085474000881545,0.041666666666666664,0.5208333333333334,0.041666666666666664
9,last,17,rank2,2,17920,template,paraphrase,24,0.16921085317742587,0.1564057252929365,0.881549533951409,0.0,0.5,0.0
9,last,17,rank2,2,17920,expression,paraphrase,24,0.47391094911891257,-0.08446940685591531,0.6522722258757995,0.0,0.23750000000000002,0.0
9,last,17,rank2,2,17920,joint,paraphrase,96,0.4963082931921705,-0.014274272076869376,0.6260099035797219,0.0,0.2260416666666667,0.0
9,last,17,rank4,4,32256,dev,canonical,48,0.0464003276925849,0.7039631626051485,0.9675064518192616,1.0,1.0,1.0
9,last,17,rank4,4,32256,expression,canonical,24,0.4706136306196322,0.06483031532024974,0.6649610210487723,0.0,0.2548611111111111,0.0
9,last,17,rank4,4,32256,iid,canonical,24,0.05602212332293227,0.6639304598183813,0.9613853364356633,1.0,1.0,1.0
9,last,17,rank4,4,32256,joint,canonical,96,0.5089617309288227,0.05029174933856251,0.6484468270733433,0.0,0.23628472222222222,0.0
9,last,17,rank4,4,32256,template,canonical,24,0.1144765933021336,0.3739618932077413,0.9197000408884476,0.375,0.6875,0.375
9,last,17,rank4,4,32256,topic,canonical,96,0.05108588945548475,0.6798572274830792,0.963811802760854,1.0,1.0,1.0
9,last,17,rank4,4,32256,train,canonical,168,0.04680592470144659,0.7093933486670212,0.9671502753396075,0.9940476190476191,0.9970238095238095,0.9940476190476191
9,last,17,rank4,4,32256,iid,paraphrase,24,0.13974990580698973,0.12405380681522715,0.9048110685476605,0.08333333333333333,0.5416666666666666,0.08333333333333333
9,last,17,rank4,4,32256,topic,paraphrase,96,0.13032616484745083,0.13806828906427338,0.9089851336228305,0.15625,0.578125,0.15625
9,last,17,rank4,4,32256,template,paraphrase,24,0.1664086740225231,0.17037588292402406,0.8835463019521436,0.0,0.5,0.0
9,last,17,rank4,4,32256,expression,paraphrase,24,0.4696622705513039,-0.07474698551346193,0.6542984343488507,0.0,0.2465277777777778,0.0
9,last,17,rank4,4,32256,joint,paraphrase,96,0.49500875944815287,-0.01161849609985488,0.6268492560572843,0.0,0.22517361111111112,0.0
9,last,17,rank8,8,60928,dev,canonical,48,0.03912669299968532,0.7503693825162973,0.9723830377089356,1.0,1.0,1.0
9,last,17,rank8,8,60928,expression,canonical,24,0.4669430758751944,0.07212417869270693,0.6670576001516896,0.0,0.2548611111111111,0.0
9,last,17,rank8,8,60928,iid,canonical,24,0.04768021310277861,0.7139725104518997,0.9670041592611175,1.0,1.0,1.0
9,last,17,rank8,8,60928,joint,canonical,96,0.5069244699210308,0.05409322098225544,0.6494869521109138,0.0,0.23715277777777777,0.0
9,last,17,rank8,8,60928,template,canonical,24,0.11169298219777686,0.38918462630583506,0.9215168943392968,0.4166666666666667,0.7083333333333334,0.4166666666666667
9,last,17,rank8,8,60928,topic,canonical,96,0.045298274627425195,0.7161267938362221,0.9678733090091839,1.0,1.0,1.0
9,last,17,rank8,8,60928,train,canonical,168,0.03747593069979803,0.7673210219492044,0.9735757200474867,1.0,1.0,1.0
9,last,17,rank8,8,60928,iid,paraphrase,24,0.13754207088251477,0.13789241791200468,0.9058072637648804,0.125,0.5625,0.125
9,last,17,rank8,8,60928,topic,paraphrase,96,0.12777888076937075,0.15491513579093708,0.9104034219728652,0.15625,0.578125,0.15625
9,last,17,rank8,8,60928,template,paraphrase,24,0.16493992162803342,0.17769829214120714,0.8842035910535703,0.0,0.5,0.0
9,last,17,rank8,8,60928,expression,paraphrase,24,0.46601353618136687,-0.06639744050865226,0.6552816904583758,0.0,0.24513888888888888,0.0
9,last,17,rank8,8,60928,joint,paraphrase,96,0.492264517833713,-0.006010260847555182,0.6279313964225324,0.0,0.22378472222222223,0.0
9,last,17,rank16,16,118272,dev,canonical,48,0.03209028793639951,0.795262063347453,0.9773953822926679,1.0,1.0,1.0
9,last,17,rank16,16,118272,expression,canonical,24,0.46246061037394176,0.08103141294317928,0.6698564281597964,0.0,0.2548611111111111,0.0
9,last,17,rank16,16,118272,iid,canonical,24,0.03977077319514073,0.761420227089336,0.9724654905492532,1.0,1.0,1.0
9,last,17,rank16,16,118272,joint,canonical,96,0.5055207972022906,0.05671243472900056,0.6499565345813353,0.0,0.23871527777777776,0.0
9,last,17,rank16,16,118272,template,canonical,24,0.10825764345630744,0.4079714621109807,0.9240046457409642,0.5416666666666666,0.7708333333333334,0.5416666666666666
9,last,17,rank16,16,118272,topic,canonical,96,0.040291053704192774,0.7475058224888447,0.9714465962299389,1.0,1.0,1.0
9,last,17,rank16,16,118272,train,canonical,168,0.028433775073075467,0.8234615764681985,0.9799531650815099,1.0,1.0,1.0
9,last,17,rank16,16,118272,iid,paraphrase,24,0.13498847095653532,0.1538982686577498,0.9073911107631002,0.20833333333333334,0.6041666666666666,0.20833333333333334
9,last,17,rank16,16,118272,topic,paraphrase,96,0.1260972757417117,0.16603668379555192,0.9116482645351608,0.22916666666666666,0.6145833333333334,0.22916666666666666
9,last,17,rank16,16,118272,template,paraphrase,24,0.16382875468389724,0.183237972691923,0.8851671840867313,0.0,0.5,0.0
9,last,17,rank16,16,118272,expression,paraphrase,24,0.46336242999388927,-0.06033080803267521,0.6576066254342842,0.0,0.2520833333333333,0.0
9,last,17,rank16,16,118272,joint,paraphrase,96,0.48976078071493623,-0.0008935296172836171,0.6297586350853562,0.0,0.22743055555555558,0.0
9,last,17,rank32,32,232960,dev,canonical,48,0.02673533055849464,0.8294270084108156,0.9811863732669517,1.0,1.0,1.0
9,last,17,rank32,32,232960,expression,canonical,24,0.4590546601452177,0.08779947318239734,0.6715073242137665,0.0,0.2548611111111111,0.0
9,last,17,rank32,32,232960,iid,canonical,24,0.03214023156866686,0.8071948686709067,0.9777213267871625,1.0,1.0,1.0
9,last,17,rank32,32,232960,joint,canonical,96,0.504635164124076,0.05836500110153331,0.6524700292256017,0.0,0.23871527777777776,0.0
9,last,17,rank32,32,232960,template,canonical,24,0.10466520337572398,0.42761743795581897,0.9270983032142125,0.5833333333333334,0.7916666666666666,0.5833333333333334
9,last,17,rank32,32,232960,topic,canonical,96,0.0357254945436264,0.7761170649147475,0.974635508617725,1.0,1.0,1.0
9,last,17,rank32,32,232960,train,canonical,168,0.019317372281434757,0.8800631136534995,0.9863946131358234,1.0,1.0,1.0
9,last,17,rank32,32,232960,iid,paraphrase,24,0.13177918482906634,0.1740139313479251,0.9093390655562708,0.25,0.625,0.25
9,last,17,rank32,32,232960,topic,paraphrase,96,0.12253409096314687,0.18960234274180765,0.913795226385179,0.2604166666666667,0.6302083333333334,0.2604166666666667
9,last,17,rank32,32,232960,template,paraphrase,24,0.15950106189028534,0.20481352056504876,0.8884352543517994,0.0,0.5,0.0
9,last,17,rank32,32,232960,expression,paraphrase,24,0.45729755119041715,-0.04645230294457248,0.6609447636432862,0.0,0.25069444444444444,0.0
9,last,17,rank32,32,232960,joint,paraphrase,96,0.4840996432684879,0.010675783532194894,0.6348200786752484,0.0,0.22708333333333333,0.0
9,last,29,identity,0,0,dev,canonical,48,0.15673835763451463,0.0,0.8866290586574399,0.0,0.4930555555555555,0.0
9,last,29,identity,0,0,expression,canonical,24,0.5032387579809051,0.0,0.6342205910298974,0.0,0.24583333333333335,0.0
9,last,29,identity,0,0,iid,canonical,24,0.16669800926515624,0.0,0.8816511231658105,0.0,0.5,0.0
9,last,29,identity,0,0,joint,canonical,96,0.535913772018248,0.0,0.6203428709429875,0.0,0.2420138888888889,0.0
9,last,29,identity,0,0,template,canonical,24,0.18285882610037496,0.0,0.8671048641816123,0.0,0.5,0.0
9,last,29,identity,0,0,topic,canonical,96,0.15957220915485346,0.0,0.8838364542654781,0.0,0.49652777777777785,0.0
9,last,29,identity,0,0,train,canonical,168,0.16106281286664728,0.0,0.8835588803318443,0.0,0.49107142857142855,0.0
9,last,29,identity,0,0,iid,paraphrase,24,0.159541655519828,0.0,0.883397054642586,0.0,0.5,0.0
9,last,29,identity,0,0,topic,paraphrase,96,0.15120242496469552,0.0,0.8872775169278121,0.0,0.5,0.0
9,last,29,identity,0,0,template,paraphrase,24,0.20058321666085752,0.0,0.8539902435572978,0.0,0.5,0.0
9,last,29,identity,0,0,expression,paraphrase,24,0.4369979882538792,0.0,0.6531694721730328,0.0,0.22708333333333333,0.0
9,last,29,identity,0,0,joint,paraphrase,96,0.48932355562555024,0.0,0.6121520924822715,0.0,0.22135416666666666,0.0
9,last,29,shift,0,3584,dev,canonical,48,0.06023336647611995,0.6157075563049268,0.9578895181641386,1.0,1.0,1.0
9,last,29,shift,0,3584,expression,canonical,24,0.47105787648301445,0.0639475417732267,0.6656505590919184,0.0,0.25277777777777777,0.0
9,last,29,shift,0,3584,iid,canonical,24,0.07081070637544835,0.5752156448202441,0.9515559544777948,0.9166666666666666,0.9583333333333334,0.9166666666666666
9,last,29,shift,0,3584,joint,canonical,96,0.5187857695881747,0.03196036997812046,0.6443343426046059,0.0,0.23680555555555557,0.0
9,last,29,shift,0,3584,template,canonical,24,0.12627440357254807,0.3094432122011247,0.9123943110260028,0.08333333333333333,0.5416666666666666,0.08333333333333333
9,last,29,shift,0,3584,topic,canonical,96,0.06561194968529238,0.5888259614077245,0.9536573345300994,0.9791666666666666,0.9895833333333334,0.9791666666666666
9,last,29,shift,0,3584,train,canonical,168,0.0643103307456297,0.6007127306358685,0.955069470808856,0.9642857142857143,0.9821428571428571,0.9642857142857143
9,last,29,shift,0,3584,iid,paraphrase,24,0.1432528212706046,0.10209768850743184,0.9031447429968464,0.041666666666666664,0.5208333333333334,0.041666666666666664
9,last,29,shift,0,3584,topic,paraphrase,96,0.13159554343311478,0.12967306269167833,0.9083908076067444,0.0,0.5,0.0
9,last,29,shift,0,3584,template,paraphrase,24,0.17347423816312166,0.13515078155103688,0.8793395776288516,0.0,0.5,0.0
9,last,29,shift,0,3584,expression,paraphrase,24,0.4727760672187422,-0.08187241114729638,0.6532841652437892,0.0,0.24097222222222223,0.0
9,last,29,shift,0,3584,joint,paraphrase,96,0.5026316332900663,-0.027196887440873452,0.6239201430395482,0.0,0.22413194444444443,0.0
9,last,29,lowrank,32,232960,dev,canonical,48,0.02837698702861079,0.8189531429518946,0.9799683979251682,1.0,1.0,1.0
9,last,29,lowrank,32,232960,expression,canonical,24,0.45618278736773615,0.09350625298013004,0.6732113900135509,0.0,0.2548611111111111,0.0
9,last,29,lowrank,32,232960,iid,canonical,24,0.03199870299264967,0.808043880465595,0.9777548764219305,1.0,1.0,1.0
9,last,29,lowrank,32,232960,joint,canonical,96,0.5049066889080845,0.05785834350438679,0.6512633605898023,0.0,0.23871527777777776,0.0
9,last,29,lowrank,32,232960,template,canonical,24,0.10584881025986591,0.4211446473917353,0.9260750881632815,0.5416666666666666,0.7708333333333334,0.5416666666666666
9,last,29,lowrank,32,232960,topic,canonical,96,0.035699133966404416,0.776282260203837,0.9746535597542044,1.0,1.0,1.0
9,last,29,lowrank,32,232960,train,canonical,168,0.019773532971164312,0.8772309224008406,0.986036259121736,1.0,1.0,1.0
9,last,29,lowrank,32,232960,iid,paraphrase,24,0.1316313880731616,0.17494031483957917,0.9096944750954771,0.25,0.625,0.25
9,last,29,lowrank,32,232960,topic,paraphrase,96,0.12285852574340088,0.18745664448114974,0.9137740059627456,0.28125,0.640625,0.28125
9,last,29,lowrank,32,232960,template,paraphrase,24,0.16114813188064078,0.19660211575374653,0.8876325407804031,0.0,0.5,0.0
9,last,29,lowrank,32,232960,expression,paraphrase,24,0.4588733948455717,-0.050058369099364786,0.6606476863441704,0.0,0.24513888888888888,0.0
9,last,29,lowrank,32,232960,joint,paraphrase,96,0.48841659622068456,0.0018534963102404545,0.6323710133570917,0.0,0.2260416666666667,0.0
9,last,29,full_delta,0,12848640,dev,canonical,48,0.021682247711717464,0.8616659760958034,0.984645233603285,1.0,1.0,1.0
9,last,29,full_delta,0,12848640,expression,canonical,24,0.45210356748666136,0.1016121864289794,0.6752292359119266,0.0,0.25277777777777777,0.0
9,last,29,full_delta,0,12848640,iid,canonical,24,0.026070403425575067,0.8436069900264587,0.9818221883712704,1.0,1.0,1.0
9,last,29,full_delta,0,12848640,joint,canonical,96,0.5001125322110603,0.06680410483268673,0.6532166880737847,0.0,0.23767361111111115,0.0
9,last,29,full_delta,0,12848640,template,canonical,24,0.10417923432692533,0.4302750567274275,0.9268763055874434,0.8333333333333334,0.9166666666666666,0.8333333333333334
9,last,29,full_delta,0,12848640,topic,canonical,96,0.0316811290731775,0.8014621139798019,0.9775080519656897,1.0,1.0,1.0
9,last,29,full_delta,0,12848640,train,canonical,168,0.009590037231472297,0.9404577812793298,0.9932479744528953,1.0,1.0,1.0
9,last,29,full_delta,0,12848640,iid,paraphrase,24,0.12924029625065667,0.189927572021499,0.9110333675454797,0.25,0.625,0.25
9,last,29,full_delta,0,12848640,topic,paraphrase,96,0.1215900907882358,0.19584563001138344,0.9145110163007741,0.3020833333333333,0.6510416666666666,0.3020833333333333
9,last,29,full_delta,0,12848640,template,paraphrase,24,0.1610388743179645,0.1971468151782304,0.8876873699673368,0.0,0.5,0.0
9,last,29,full_delta,0,12848640,expression,paraphrase,24,0.4545132506545893,-0.04008087650631098,0.6626969515509601,0.0,0.24861111111111112,0.0
9,last,29,full_delta,0,12848640,joint,paraphrase,96,0.4854765791499709,0.007861825639400077,0.6346294219335186,0.0,0.23142361111111112,0.0
9,last,29,full_affine,0,12848640,dev,canonical,48,0.0270018090121642,0.8277268601019317,0.9805223997032616,1.0,1.0,1.0
9,last,29,full_affine,0,12848640,expression,canonical,24,0.43126443055603153,0.1430222260973082,0.6852983585827621,0.0,0.2472222222222222,0.0
9,last,29,full_affine,0,12848640,iid,canonical,24,0.02949499956190495,0.8230632765686537,0.9791307256849328,1.0,1.0,1.0
9,last,29,full_affine,0,12848640,joint,canonical,96,0.39911792240821814,0.25525720134949603,0.6971948106949223,0.0,0.24010416666666667,0.0
9,last,29,full_affine,0,12848640,template,canonical,24,0.16588973276774566,0.09279887492723282,0.8730011719728447,1.0,1.0,1.0
9,last,29,full_affine,0,12848640,topic,canonical,96,0.05156721605442558,0.6768408714302923,0.962525365580326,1.0,1.0,1.0
9,last,29,full_affine,0,12848640,train,canonical,168,0.010204738208975469,0.9366412517740856,0.992731728820048,0.9940476190476191,0.9970238095238095,1.0
9,last,29,full_affine,0,12848640,iid,paraphrase,24,0.06525013069083373,0.5910150833133083,0.9525552497007125,1.0,1.0,1.0
9,last,29,full_affine,0,12848640,topic,paraphrase,96,0.08965569828358556,0.40704854234633203,0.933195846816631,0.9791666666666666,0.9895833333333334,1.0
9,last,29,full_affine,0,12848640,template,paraphrase,24,0.1936454982178011,0.034587731508895714,0.8560822917113778,0.875,0.9375,1.0
9,last,29,full_affine,0,12848640,expression,paraphrase,24,0.3598072447140683,0.17663867023334223,0.7089889405562325,0.0,0.24722222222222223,0.0
9,last,29,full_affine,0,12848640,joint,paraphrase,96,0.350486110654839,0.2837334180514195,0.7067945420980468,0.0,0.28576388888888893,0.0
9,last,29,shuffled,32,232960,dev,canonical,48,0.1344949757496641,0.14191409314571268,0.9013209873809546,0.8333333333333334,0.9166666666666666,1.0
9,last,29,shuffled,32,232960,expression,canonical,24,0.4175855165860831,0.17020398376802293,0.685377574522143,0.0,0.23124999999999998,0.0
9,last,29,shuffled,32,232960,iid,canonical,24,0.1688329949467887,-0.012807505566766908,0.878032865989081,0.8333333333333334,0.9166666666666666,1.0
9,last,29,shuffled,32,232960,joint,canonical,96,0.5483848937518444,-0.02327076179929155,0.6283438276506389,0.0,0.23906250000000004,0.0
9,last,29,shuffled,32,232960,template,canonical,24,0.2128607383741886,-0.16407144743095392,0.8543807072930395,0.3333333333333333,0.6666666666666666,0.3333333333333333
9,last,29,shuffled,32,232960,topic,canonical,96,0.1427823356856278,0.10521802986967665,0.8954668080336697,0.96875,0.984375,1.0
9,last,29,shuffled,32,232960,train,canonical,168,0.1666547544323446,-0.034719010963301544,0.8777880260509716,0.8809523809523809,0.9370039682539681,1.0
9,last,29,shuffled,32,232960,iid,paraphrase,24,0.22918210493663452,-0.4365032391691055,0.8401235219941529,0.08333333333333333,0.5208333333333334,0.08333333333333333
9,last,29,shuffled,32,232960,topic,paraphrase,96,0.20340085076057055,-0.34522214711875754,0.855039400291386,0.15625,0.5729166666666666,0.15625
9,last,29,shuffled,32,232960,template,paraphrase,24,0.3019879660610608,-0.505549522479025,0.7982132003007635,0.0,0.4930555555555555,0.0
9,last,29,shuffled,32,232960,expression,paraphrase,24,0.4431760291883334,-0.014137458525014912,0.6612172270939728,0.0,0.21666666666666667,0.0
9,last,29,shuffled,32,232960,joint,paraphrase,96,0.5283911679098462,-0.07984004006173784,0.6176591254704193,0.0,0.2184027777777778,0.0
9,last,29,random_subspace,32,118272,dev,canonical,48,0.059900722718854986,0.6178298431674741,0.9581280770452777,1.0,1.0,1.0
9,last,29,random_subspace,32,118272,expression,canonical,24,0.47092642651449346,0.06420874973154933,0.6657979942412756,0.0,0.2548611111111111,0.0
9,last,29,random_subspace,32,118272,iid,canonical,24,0.07045062539895032,0.5773757244641784,0.9518094728943015,0.9166666666666666,0.9583333333333334,0.9166666666666666
9,last,29,random_subspace,32,118272,joint,canonical,96,0.5189118204299338,0.03172516265869585,0.644263650519112,0.0,0.23680555555555557,0.0
9,last,29,random_subspace,32,118272,template,canonical,24,0.12608164640707414,0.31049734324628475,0.9125253410398743,0.08333333333333333,0.5416666666666666,0.08333333333333333
9,last,29,random_subspace,32,118272,topic,canonical,96,0.06532378274517169,0.5906318331296673,0.9538828634480611,0.9895833333333334,0.9947916666666666,0.9895833333333334
9,last,29,random_subspace,32,118272,train,canonical,168,0.06380805614470898,0.6038312319955621,0.9554174102551287,0.9702380952380952,0.9851190476190477,0.9702380952380952
9,last,29,random_subspace,32,118272,iid,paraphrase,24,0.14345925134380763,0.10080379399110362,0.9029652220973516,0.041666666666666664,0.5208333333333334,0.041666666666666664
9,last,29,random_subspace,32,118272,topic,paraphrase,96,0.13164911606869611,0.1293187520012654,0.9083352824657819,0.0,0.5,0.0
9,last,29,random_subspace,32,118272,template,paraphrase,24,0.173436484421033,0.13533900139673072,0.8793399180988161,0.0,0.5,0.0
9,last,29,random_subspace,32,118272,expression,paraphrase,24,0.47267910397052404,-0.08165052626264147,0.6532285265456771,0.0,0.23958333333333334,0.0
9,last,29,random_subspace,32,118272,joint,paraphrase,96,0.5023954760779151,-0.02671426769073837,0.6240499142412831,0.0,0.22413194444444443,0.0
9,last,29,rank1,1,10752,dev,canonical,48,0.055874657537928446,0.6435163773489448,0.9610798305827796,1.0,1.0,1.0
9,last,29,rank1,1,10752,expression,canonical,24,0.47431748927533657,0.057470272801734223,0.6641125540013256,0.0,0.2548611111111111,0.0
9,last,29,rank1,1,10752,iid,canonical,24,0.0636942460713079,0.6179063784139533,0.9562271795266978,0.9583333333333334,0.9791666666666666,0.9583333333333334
9,last,29,rank1,1,10752,joint,canonical,96,0.5118464886714972,0.04490887266455856,0.6474199389827753,0.0,0.23732638888888888,0.0
9,last,29,rank1,1,10752,template,canonical,24,0.12130872179635828,0.3365990344388986,0.9150166358728876,0.125,0.5625,0.125
9,last,29,rank1,1,10752,topic,canonical,96,0.05929971312776594,0.6283832038057466,0.9581864597828735,1.0,1.0,1.0
9,last,29,rank1,1,10752,train,canonical,168,0.05743494786182636,0.6434003179282614,0.9598173668931277,0.9761904761904762,0.9880952380952381,0.9761904761904762
9,last,29,rank1,1,10752,iid,paraphrase,24,0.14071951853589257,0.11797631736118086,0.9045068896074793,0.041666666666666664,0.5208333333333334,0.041666666666666664
9,last,29,rank1,1,10752,topic,paraphrase,96,0.1314717044633478,0.13049209036134624,0.9085029640114675,0.052083333333333336,0.5260416666666666,0.052083333333333336
9,last,29,rank1,1,10752,template,paraphrase,24,0.17076478980681262,0.14865863331158635,0.880825424978834,0.0,0.5,0.0
9,last,29,rank1,1,10752,expression,paraphrase,24,0.47522167762972206,-0.08746879940700403,0.6521506627764807,0.0,0.23958333333333334,0.0
9,last,29,rank1,1,10752,joint,paraphrase,96,0.4991091016169709,-0.01999810938778701,0.6255727527207631,0.0,0.22517361111111112,0.0
9,last,29,rank2,2,17920,dev,canonical,48,0.05301614514253963,0.6617538556441708,0.9630499272994776,1.0,1.0,1.0
9,last,29,rank2,2,17920,expression,canonical,24,0.4748481987434623,0.05641568497496385,0.6640023916032153,0.0,0.2548611111111111,0.0
9,last,29,rank2,2,17920,iid,canonical,24,0.061750857520101614,0.6295645173429856,0.9576182057320087,0.9583333333333334,0.9791666666666666,0.9583333333333334
9,last,29,rank2,2,17920,joint,canonical,96,0.5117125645960641,0.04515877121620204,0.6476741379201542,0.0,0.23680555555555557,0.0
9,last,29,rank2,2,17920,template,canonical,24,0.11939615259805658,0.3470583009620898,0.9165299319030707,0.16666666666666666,0.5833333333333334,0.16666666666666666
9,last,29,rank2,2,17920,topic,canonical,96,0.05568837765151257,0.651014559825571,0.9607598899727344,1.0,1.0,1.0
9,last,29,rank2,2,17920,train,canonical,168,0.05331546311731047,0.6689772010783566,0.9627066494864057,0.9880952380952381,0.9940476190476191,0.9880952380952381
9,last,29,rank2,2,17920,iid,paraphrase,24,0.1398189973821262,0.12362074389563205,0.9049544826448193,0.041666666666666664,0.5208333333333334,0.041666666666666664
9,last,29,rank2,2,17920,topic,paraphrase,96,0.1294267374350658,0.14401678765875714,0.9097961447494626,0.08333333333333333,0.5416666666666666,0.08333333333333333
9,last,29,rank2,2,17920,template,paraphrase,24,0.16924314000763255,0.15624476052856506,0.8820187801894835,0.0,0.5,0.0
9,last,29,rank2,2,17920,expression,paraphrase,24,0.47206355652243553,-0.08024194438209764,0.6536890713316442,0.0,0.24305555555555558,0.0
9,last,29,rank2,2,17920,joint,paraphrase,96,0.499511785205897,-0.020821048697159394,0.6254685591496384,0.0,0.22569444444444442,0.0
9,last,29,rank4,4,32256,dev,canonical,48,0.047981280003692776,0.6938765932741466,0.9664479066347035,1.0,1.0,1.0
9,last,29,rank4,4,32256,expression,canonical,24,0.47183747331853443,0.062398382804136454,0.6649319498141364,0.0,0.2548611111111111,0.0
9,last,29,rank4,4,32256,iid,canonical,24,0.05686076467968302,0.658899557767135,0.9609218667247944,0.9583333333333334,0.9791666666666666,0.9583333333333334
9,last,29,rank4,4,32256,joint,canonical,96,0.510191777435991,0.04799651721094633,0.6481982526477796,0.0,0.23628472222222222,0.0
9,last,29,rank4,4,32256,template,canonical,24,0.11687546003738451,0.3608432115099045,0.9182343212359209,0.20833333333333334,0.6041666666666666,0.20833333333333334
9,last,29,rank4,4,32256,topic,canonical,96,0.051619178867804594,0.676515233190061,0.9635690423613972,1.0,1.0,1.0
9,last,29,rank4,4,32256,train,canonical,168,0.04693711275923687,0.7085788337864267,0.9671748240524639,0.9940476190476191,0.9970238095238095,0.9940476190476191
9,last,29,rank4,4,32256,iid,paraphrase,24,0.13911478428944354,0.12803472023546714,0.9054665740935152,0.125,0.5625,0.125
9,last,29,rank4,4,32256,topic,paraphrase,96,0.12898288821395013,0.14695225130108502,0.9101559487280081,0.125,0.5625,0.125
9,last,29,rank4,4,32256,template,paraphrase,24,0.1675605184118846,0.16463340651679292,0.8830615036784709,0.0,0.5,0.0
9,last,29,rank4,4,32256,expression,paraphrase,24,0.47159391340263057,-0.07916724122000418,0.6537641657041829,0.0,0.24305555555555558,0.0
9,last,29,rank4,4,32256,joint,paraphrase,96,0.4996332958111595,-0.021069372334690417,0.6247198969679055,0.0,0.22517361111111112,0.0
9,last,29,rank8,8,60928,dev,canonical,48,0.040615400361715064,0.7408713414209507,0.9714482866698969,1.0,1.0,1.0
9,last,29,rank8,8,60928,expression,canonical,24,0.4662648053574358,0.07347198926373677,0.667861281240286,0.0,0.2548611111111111,0.0
9,last,29,rank8,8,60928,iid,canonical,24,0.04833615978817618,0.7100375703270048,0.9667056617833869,1.0,1.0,1.0
9,last,29,rank8,8,60928,joint,canonical,96,0.5088696299742734,0.05046360712494191,0.6486999641559986,0.0,0.2378472222222222,0.0
9,last,29,rank8,8,60928,template,canonical,24,0.11259340578639954,0.38426048013348446,0.9210864090063691,0.4166666666666667,0.7083333333333334,0.4166666666666667
9,last,29,rank8,8,60928,topic,canonical,96,0.045605762461597345,0.7141998427975625,0.9677315566568071,1.0,1.0,1.0
9,last,29,rank8,8,60928,train,canonical,168,0.03760554318776949,0.7665162894000542,0.973581775288177,1.0,1.0,1.0
9,last,29,rank8,8,60928,iid,paraphrase,24,0.1364624832757352,0.14465922500863404,0.9068491445164802,0.125,0.5625,0.125
9,last,29,rank8,8,60928,topic,paraphrase,96,0.12668792663843703,0.16213032517158643,0.9113663929072674,0.17708333333333334,0.5885416666666666,0.17708333333333334
9,last,29,rank8,8,60928,template,paraphrase,24,0.16495461177968934,0.17762505494868186,0.884576205716305,0.0,0.5,0.0
9,last,29,rank8,8,60928,expression,paraphrase,24,0.4677869371539792,-0.0704555849859263,0.6553571325989028,0.0,0.23958333333333334,0.0
9,last,29,rank8,8,60928,joint,paraphrase,96,0.49671383738944336,-0.01510305743291962,0.6260546127197447,0.0,0.22239583333333335,0.0
9,last,29,rank16,16,118272,dev,canonical,48,0.03377523597442433,0.7845119951225848,0.976174350404738,1.0,1.0,1.0
9,last,29,rank16,16,118272,expression,canonical,24,0.4607879109842146,0.08435528131221814,0.6710413223392085,0.0,0.2548611111111111,0.0
9,last,29,rank16,16,118272,iid,canonical,24,0.038402483030828514,0.7696284244777989,0.9734051315554414,1.0,1.0,1.0
9,last,29,rank16,16,118272,joint,canonical,96,0.5048452433209029,0.0579729992389284,0.6502707732210863,0.0,0.23871527777777776,0.0
9,last,29,rank16,16,118272,template,canonical,24,0.10888930885769654,0.40451707374559565,0.9234830735514663,0.5,0.75,0.5
9,last,29,rank16,16,118272,topic,canonical,96,0.04033299424589581,0.7472429913735448,0.9714093435627867,1.0,1.0,1.0
9,last,29,rank16,16,118272,train,canonical,168,0.02857882205552613,0.8225610148806473,0.9798583116223427,1.0,1.0,1.0
9,last,29,rank16,16,118272,iid,paraphrase,24,0.13327627169344194,0.1646302574760593,0.908808581584687,0.16666666666666666,0.5833333333333334,0.16666666666666666
9,last,29,rank16,16,118272,topic,paraphrase,96,0.12412519825373812,0.179079315145109,0.9131083408881224,0.19791666666666666,0.5989583333333334,0.19791666666666666
9,last,29,rank16,16,118272,template,paraphrase,24,0.1625124858173157,0.18980018107851526,0.8861239788518254,0.0,0.5,0.0
9,last,29,rank16,16,118272,expression,paraphrase,24,0.4636812971611585,-0.06106048454341484,0.6583338697695259,0.0,0.24166666666666667,0.0
9,last,29,rank16,16,118272,joint,paraphrase,96,0.49044149498356865,-0.0022846628680879277,0.6295211293355419,0.0,0.2232638888888889,0.0
9,last,29,rank32,32,232960,dev,canonical,48,0.02837698702861079,0.8189531429518946,0.9799683979251682,1.0,1.0,1.0
9,last,29,rank32,32,232960,expression,canonical,24,0.45618278736773615,0.09350625298013004,0.6732113900135509,0.0,0.2548611111111111,0.0
9,last,29,rank32,32,232960,iid,canonical,24,0.03199870299264967,0.808043880465595,0.9777548764219305,1.0,1.0,1.0
9,last,29,rank32,32,232960,joint,canonical,96,0.5049066889080845,0.05785834350438679,0.6512633605898023,0.0,0.23871527777777776,0.0
9,last,29,rank32,32,232960,template,canonical,24,0.10584881025986591,0.4211446473917353,0.9260750881632815,0.5416666666666666,0.7708333333333334,0.5416666666666666
9,last,29,rank32,32,232960,topic,canonical,96,0.035699133966404416,0.776282260203837,0.9746535597542044,1.0,1.0,1.0
9,last,29,rank32,32,232960,train,canonical,168,0.019773532971164312,0.8772309224008406,0.986036259121736,1.0,1.0,1.0
9,last,29,rank32,32,232960,iid,paraphrase,24,0.1316313880731616,0.17494031483957917,0.9096944750954771,0.25,0.625,0.25
9,last,29,rank32,32,232960,topic,paraphrase,96,0.12285852574340088,0.18745664448114974,0.9137740059627456,0.28125,0.640625,0.28125
9,last,29,rank32,32,232960,template,paraphrase,24,0.16114813188064078,0.19660211575374653,0.8876325407804031,0.0,0.5,0.0
9,last,29,rank32,32,232960,expression,paraphrase,24,0.4588733948455717,-0.050058369099364786,0.6606476863441704,0.0,0.24513888888888888,0.0
9,last,29,rank32,32,232960,joint,paraphrase,96,0.48841659622068456,0.0018534963102404545,0.6323710133570917,0.0,0.2260416666666667,0.0
9,last,43,identity,0,0,dev,canonical,48,0.15673835763451463,0.0,0.8866290586574399,0.0,0.4930555555555555,0.0
9,last,43,identity,0,0,expression,canonical,24,0.5032387579809051,0.0,0.6342205910298974,0.0,0.24583333333333335,0.0
9,last,43,identity,0,0,iid,canonical,24,0.16669800926515624,0.0,0.8816511231658105,0.0,0.5,0.0
9,last,43,identity,0,0,joint,canonical,96,0.535913772018248,0.0,0.6203428709429875,0.0,0.2420138888888889,0.0
9,last,43,identity,0,0,template,canonical,24,0.18285882610037496,0.0,0.8671048641816123,0.0,0.5,0.0
9,last,43,identity,0,0,topic,canonical,96,0.15957220915485346,0.0,0.8838364542654781,0.0,0.49652777777777785,0.0
9,last,43,identity,0,0,train,canonical,168,0.16106281286664728,0.0,0.8835588803318443,0.0,0.49107142857142855,0.0
9,last,43,identity,0,0,iid,paraphrase,24,0.159541655519828,0.0,0.883397054642586,0.0,0.5,0.0
9,last,43,identity,0,0,topic,paraphrase,96,0.15120242496469552,0.0,0.8872775169278121,0.0,0.5,0.0
9,last,43,identity,0,0,template,paraphrase,24,0.20058321666085752,0.0,0.8539902435572978,0.0,0.5,0.0
9,last,43,identity,0,0,expression,paraphrase,24,0.4369979882538792,0.0,0.6531694721730328,0.0,0.22708333333333333,0.0
9,last,43,identity,0,0,joint,paraphrase,96,0.48932355562555024,0.0,0.6121520924822715,0.0,0.22135416666666666,0.0
9,last,43,shift,0,3584,dev,canonical,48,0.05979806786469655,0.6184847872137669,0.9582182001744721,1.0,1.0,1.0
9,last,43,shift,0,3584,expression,canonical,24,0.47199458903625285,0.06208617370810254,0.6652954017461622,0.0,0.2548611111111111,0.0
9,last,43,shift,0,3584,iid,canonical,24,0.07011670811858772,0.5793788514471255,0.9520419360685387,0.9166666666666666,0.9583333333333334,0.9166666666666666
9,last,43,shift,0,3584,joint,canonical,96,0.5196938665834682,0.03026588656920637,0.6440346930423024,0.0,0.23732638888888888,0.0
9,last,43,shift,0,3584,template,canonical,24,0.1260474132216813,0.31068455425558017,0.9126737014835303,0.125,0.5625,0.125
9,last,43,shift,0,3584,topic,canonical,96,0.06584439728066911,0.5873692691891492,0.9535170932491109,0.9895833333333334,0.9947916666666666,0.9895833333333334
9,last,43,shift,0,3584,train,canonical,168,0.06434356410771457,0.6005063927389116,0.9550608567003602,0.9642857142857143,0.9821428571428571,0.9642857142857143
9,last,43,shift,0,3584,iid,paraphrase,24,0.14431388586070068,0.09544698285542608,0.9025131531197407,0.041666666666666664,0.5208333333333334,0.041666666666666664
9,last,43,shift,0,3584,topic,paraphrase,96,0.13331301777132654,0.11831428760184237,0.9072920251518933,0.0,0.5,0.0
9,last,43,shift,0,3584,template,paraphrase,24,0.17417532514376957,0.1316555390660522,0.8789662257130127,0.0,0.5,0.0
9,last,43,shift,0,3584,expression,paraphrase,24,0.4739163357431027,-0.08448173328380482,0.6529780957661572,0.0,0.24097222222222223,0.0
9,last,43,shift,0,3584,joint,paraphrase,96,0.5030528868894285,-0.028057777121166305,0.6239136163025263,0.0,0.22413194444444443,0.0
9,last,43,lowrank,32,232960,dev,canonical,48,0.027982812725164796,0.8214679983414421,0.9802636006425175,1.0,1.0,1.0
9,last,43,lowrank,32,232960,expression,canonical,24,0.46083010628191573,0.08427143384015456,0.6706851390838192,0.0,0.2548611111111111,0.0
9,last,43,lowrank,32,232960,iid,canonical,24,0.03218621673704176,0.8069190095375096,0.9776446013240813,1.0,1.0,1.0
9,last,43,lowrank,32,232960,joint,canonical,96,0.5028475648059779,0.061700611066110356,0.6523213251142955,0.0,0.23923611111111112,0.0
9,last,43,lowrank,32,232960,template,canonical,24,0.10579882249974172,0.4214180154384969,0.9259478742344461,0.5833333333333334,0.7916666666666666,0.5833333333333334
9,last,43,lowrank,32,232960,topic,canonical,96,0.03657825631120378,0.7707730155210974,0.9740854600400963,1.0,1.0,1.0
9,last,43,lowrank,32,232960,train,canonical,168,0.019646006440671906,0.8780227037451661,0.9861192132935221,1.0,1.0,1.0
9,last,43,lowrank,32,232960,iid,paraphrase,24,0.133035115908216,0.16614181121066351,0.9091115468789172,0.16666666666666666,0.5833333333333334,0.16666666666666666
9,last,43,lowrank,32,232960,topic,paraphrase,96,0.12471490316543556,0.17517921293553707,0.9130710813326633,0.2708333333333333,0.6354166666666666,0.2708333333333333
9,last,43,lowrank,32,232960,template,paraphrase,24,0.1618181770094884,0.19326163124062545,0.887019183406138,0.0,0.5,0.0
9,last,43,lowrank,32,232960,expression,paraphrase,24,0.46309001548690115,-0.05970743100506781,0.658860888465347,0.0,0.24305555555555555,0.0
9,last,43,lowrank,32,232960,joint,paraphrase,96,0.4850921187484983,0.008647523358327858,0.6344464381668456,0.0,0.22934027777777777,0.0
9,last,43,full_delta,0,12848640,dev,canonical,48,0.021958619153507348,0.859902709937086,0.9844346653319335,1.0,1.0,1.0
9,last,43,full_delta,0,12848640,expression,canonical,24,0.45564075693159456,0.09458333702333122,0.6731221688897456,0.0,0.2548611111111111,0.0
9,last,43,full_delta,0,12848640,iid,canonical,24,0.02631650515726514,0.8421306572689473,0.9817942320673078,1.0,1.0,1.0
9,last,43,full_delta,0,12848640,joint,canonical,96,0.5000771668680509,0.06687009556637558,0.6556975128671798,0.0,0.23767361111111115,0.0
9,last,43,full_delta,0,12848640,template,canonical,24,0.10480325361589886,0.42686248265440463,0.9270724178197751,0.7083333333333334,0.8541666666666666,0.7083333333333334
9,last,43,full_delta,0,12848640,topic,canonical,96,0.03269961363185681,0.7950795203936535,0.9768746514480933,1.0,1.0,1.0
9,last,43,full_delta,0,12848640,train,canonical,168,0.010150619100959709,0.9369772642095605,0.992862342580224,1.0,1.0,1.0
9,last,43,full_delta,0,12848640,iid,paraphrase,24,0.1296473354456883,0.1873762684531276,0.9112740180588291,0.20833333333333334,0.6041666666666666,0.20833333333333334
9,last,43,full_delta,0,12848640,topic,paraphrase,96,0.12174752715196761,0.19480440091886997,0.9149134278240675,0.3020833333333333,0.6510416666666666,0.3020833333333333
9,last,43,full_delta,0,12848640,template,paraphrase,24,0.16237674093134843,0.19047693204615368,0.8874617767240615,0.0,0.5,0.0
9,last,43,full_delta,0,12848640,expression,paraphrase,24,0.45794274663839757,-0.047928729530787306,0.6610924758178149,0.0,0.24861111111111112,0.0
9,last,43,full_delta,0,12848640,joint,paraphrase,96,0.4832503099323331,0.012411513043661171,0.6389760338662713,0.0,0.23159722222222223,0.0
9,last,43,full_affine,0,12848640,dev,canonical,48,0.027993910627694796,0.8213971930663487,0.9796967563831099,1.0,1.0,1.0
9,last,43,full_affine,0,12848640,expression,canonical,24,0.4296923829391546,0.14614608647559924,0.6859955202139033,0.0,0.2472222222222222,0.0
9,last,43,full_affine,0,12848640,iid,canonical,24,0.030722775165085925,0.8156980080294954,0.9783727977298385,1.0,1.0,1.0
9,last,43,full_affine,0,12848640,joint,canonical,96,0.3991977142457728,0.25510831202863726,0.6976335615091948,0.0,0.24409722222222227,0.0
9,last,43,full_affine,0,12848640,template,canonical,24,0.16703580995941616,0.08653132297958221,0.8722446462395275,1.0,1.0,1.0
9,last,43,full_affine,0,12848640,topic,canonical,96,0.05332495407559675,0.665825557231907,0.9612249247187113,1.0,1.0,1.0
9,last,43,full_affine,0,12848640,train,canonical,168,0.011563352597516972,0.9282059440555599,0.9917218490165751,1.0,1.0,1.0
9,last,43,full_affine,0,12848640,iid,paraphrase,24,0.06692654706312125,0.5805073800628604,0.9515281214079309,1.0,1.0,1.0
9,last,43,full_affine,0,12848640,topic,paraphrase,96,0.09072342231050358,0.39998698875572447,0.9324288409308498,0.9791666666666666,0.9895833333333334,1.0
9,last,43,full_affine,0,12848640,template,paraphrase,24,0.1998517510101654,0.0036466941894189864,0.8516898757645534,0.875,0.9305555555555555,1.0
9,last,43,full_affine,0,12848640,expression,paraphrase,24,0.362137756931964,0.17130566577900186,0.7070566927749459,0.0,0.23541666666666664,0.0
9,last,43,full_affine,0,12848640,joint,paraphrase,96,0.34831275168400627,0.2881749760877055,0.7090554545127108,0.0,0.2894097222222222,0.0
9,last,43,shuffled,32,232960,dev,canonical,48,0.14670287837544255,0.06402695173362094,0.8927230796151248,0.8125,0.90625,1.0
9,last,43,shuffled,32,232960,expression,canonical,24,0.4257454978413168,0.15398905372572413,0.6836097635395341,0.0,0.2270833333333333,0.0
9,last,43,shuffled,32,232960,iid,canonical,24,0.1814951031691825,-0.08876587050592444,0.8696390806889776,0.8333333333333334,0.9166666666666666,1.0
9,last,43,shuffled,32,232960,joint,canonical,96,0.5504261295560269,-0.027079650301065072,0.6275482718989883,0.0,0.2267361111111111,0.0
9,last,43,shuffled,32,232960,template,canonical,24,0.21140132338046524,-0.15609034515196285,0.8551246664229809,0.2916666666666667,0.6458333333333334,0.2916666666666667
9,last,43,shuffled,32,232960,topic,canonical,96,0.1488232436180611,0.06736113759233131,0.8912394325963288,0.9583333333333334,0.9791666666666666,1.0
9,last,43,shuffled,32,232960,train,canonical,168,0.17837507372051475,-0.10748763507688919,0.869033110881233,0.7976190476190477,0.8988095238095238,1.0
9,last,43,shuffled,32,232960,iid,paraphrase,24,0.2421640910334344,-0.5178737505537419,0.8317356395626598,0.08333333333333333,0.5208333333333334,0.08333333333333333
9,last,43,shuffled,32,232960,topic,paraphrase,96,0.2132279483222732,-0.41021513624573225,0.8482205147077847,0.17708333333333334,0.5850694444444444,0.17708333333333334
9,last,43,shuffled,32,232960,template,paraphrase,24,0.2849747986252283,-0.4207310231097676,0.8052243993692444,0.0,0.5,0.0
9,last,43,shuffled,32,232960,expression,paraphrase,24,0.44967529394112465,-0.02900998637980101,0.6597245252600569,0.0,0.21875,0.0
9,last,43,shuffled,32,232960,joint,paraphrase,96,0.5400156178861074,-0.10359620271244152,0.6046420631372867,0.0,0.20954861111111112,0.0
9,last,43,random_subspace,32,118272,dev,canonical,48,0.05946170095744765,0.6206308279936075,0.9584424296799366,1.0,1.0,1.0
9,last,43,random_subspace,32,118272,expression,canonical,24,0.47178184150610053,0.06250893035547589,0.6654089205009687,0.0,0.2548611111111111,0.0
9,last,43,random_subspace,32,118272,iid,canonical,24,0.06978639285059351,0.5813603704193695,0.9522563488028539,0.9166666666666666,0.9583333333333334,0.9166666666666666
9,last,43,random_subspace,32,118272,joint,canonical,96,0.5196177787612716,0.030407864301762122,0.6441119814380927,0.0,0.23628472222222222,0.0
9,last,43,random_subspace,32,118272,template,canonical,24,0.1260251405452049,0.31080635683383906,0.9126849029663857,0.125,0.5625,0.125
9,last,43,random_subspace,32,118272,topic,canonical,96,0.0655873771610652,0.5889799514060914,0.953702983826215,0.9895833333333334,0.9947916666666666,0.9895833333333334
9,last,43,random_subspace,32,118272,train,canonical,168,0.0638965307941951,0.6032819143230874,0.9553676037201271,0.9702380952380952,0.9851190476190477,0.9702380952380952
9,last,43,random_subspace,32,118272,iid,paraphrase,24,0.14414416980956526,0.0965107555145629,0.9025903825993785,0.041666666666666664,0.5208333333333334,0.041666666666666664
9,last,43,random_subspace,32,118272,topic,paraphrase,96,0.1331742363588467,0.11923213936587485,0.9073782056595174,0.0,0.5,0.0
9,last,43,random_subspace,32,118272,template,paraphrase,24,0.17420026734283964,0.13153119068095165,0.8789539561178517,0.0,0.5,0.0
9,last,43,random_subspace,32,118272,expression,paraphrase,24,0.4736769086773635,-0.08393384273928328,0.65305487167187,0.0,0.24305555555555558,0.0
9,last,43,random_subspace,32,118272,joint,paraphrase,96,0.5030854654391238,-0.028124355869155737,0.6239378695236836,0.0,0.22413194444444443,0.0
9,last,43,rank1,1,10752,dev,canonical,48,0.05512775299212738,0.6482816725649552,0.9616021693190516,1.0,1.0,1.0
9,last,43,rank1,1,10752,expression,canonical,24,0.47466018585681374,0.05678929071114147,0.6638751101561062,0.0,0.2548611111111111,0.0
9,last,43,rank1,1,10752,iid,canonical,24,0.06316377860862955,0.621088584758329,0.956692195292792,0.9583333333333334,0.9791666666666666,0.9583333333333334
9,last,43,rank1,1,10752,joint,canonical,96,0.5141615832446039,0.040588971415542185,0.6467463102289858,0.0,0.23680555555555557,0.0
9,last,43,rank1,1,10752,template,canonical,24,0.1208083200078552,0.33933558152921184,0.9157349381313309,0.125,0.5625,0.125
9,last,43,rank1,1,10752,topic,canonical,96,0.059565624757421685,0.626716800670363,0.9580050075546974,1.0,1.0,1.0
9,last,43,rank1,1,10752,train,canonical,168,0.057766112004037376,0.6413441999683371,0.9596342630096134,0.9880952380952381,0.9940476190476191,0.9880952380952381
9,last,43,rank1,1,10752,iid,paraphrase,24,0.14240556897761783,0.10740822819204399,0.9037191560425187,0.041666666666666664,0.5208333333333334,0.041666666666666664
9,last,43,rank1,1,10752,topic,paraphrase,96,0.13326613487163957,0.11862435471682364,0.9074644089099951,0.03125,0.515625,0.03125
9,last,43,rank1,1,10752,template,paraphrase,24,0.17082922432988448,0.14833739744676921,0.8809792660785818,0.0,0.5,0.0
9,last,43,rank1,1,10752,expression,paraphrase,24,0.47651096845356083,-0.09041913524033451,0.6517472241331228,0.0,0.23958333333333334,0.0
9,last,43,rank1,1,10752,joint,paraphrase,96,0.4995595215037498,-0.020918604388693085,0.6257540806168809,0.0,0.22465277777777778,0.0
9,last,43,rank2,2,17920,dev,canonical,48,0.052238156460684505,0.666717469488264,0.9636171877292434,1.0,1.0,1.0
9,last,43,rank2,2,17920,expression,canonical,24,0.4766402530523079,0.052854643063097395,0.6633012087558164,0.0,0.2548611111111111,0.0
9,last,43,rank2,2,17920,iid,canonical,24,0.06109166993115476,0.6335188992330436,0.9581339144222305,1.0,1.0,1.0
9,last,43,rank2,2,17920,joint,canonical,96,0.5128723014991298,0.04299473482897098,0.6472337923732474,0.0,0.23524305555555558,0.0
9,last,43,rank2,2,17920,template,canonical,24,0.11878326614590301,0.35040999289418806,0.9171275783253128,0.20833333333333334,0.6041666666666666,0.20833333333333334
9,last,43,rank2,2,17920,topic,canonical,96,0.05631142374846947,0.647110082346336,0.9603549366229484,1.0,1.0,1.0
9,last,43,rank2,2,17920,train,canonical,168,0.05352847811055834,0.6676546425717929,0.9626174017059203,0.9880952380952381,0.9940476190476191,0.9880952380952381
9,last,43,rank2,2,17920,iid,paraphrase,24,0.14045808206598093,0.11961498952526128,0.9044847473158905,0.041666666666666664,0.5208333333333334,0.041666666666666664
9,last,43,rank2,2,17920,topic,paraphrase,96,0.1306681509021341,0.13580651280795264,0.9088597561526631,0.041666666666666664,0.5208333333333334,0.041666666666666664
9,last,43,rank2,2,17920,template,paraphrase,24,0.16954971893383405,0.1547163229488654,0.8817880708739927,0.0,0.5,0.0
9,last,43,rank2,2,17920,expression,paraphrase,24,0.47144889646067706,-0.07883539314323618,0.653920373600373,0.0,0.24305555555555558,0.0
9,last,43,rank2,2,17920,joint,paraphrase,96,0.4973076408108756,-0.01631657641152895,0.626770067880405,0.0,0.22604166666666667,0.0
9,last,43,rank4,4,32256,dev,canonical,48,0.04692914804996457,0.7005892574209893,0.9672422161367296,1.0,1.0,1.0
9,last,43,rank4,4,32256,expression,canonical,24,0.4741165031795827,0.05786965796944321,0.663923877051938,0.0,0.2548611111111111,0.0
9,last,43,rank4,4,32256,iid,canonical,24,0.05631562474840148,0.6621697823708039,0.9613858372535976,1.0,1.0,1.0
9,last,43,rank4,4,32256,joint,canonical,96,0.5101372677092965,0.04809823082522646,0.6481327997899501,0.0,0.23628472222222222,0.0
9,last,43,rank4,4,32256,template,canonical,24,0.11571751720209646,0.3671756530987641,0.9189194136693456,0.2916666666666667,0.6458333333333334,0.2916666666666667
9,last,43,rank4,4,32256,topic,canonical,96,0.051643434436884406,0.6763632294720685,0.9635622338416998,1.0,1.0,1.0
9,last,43,rank4,4,32256,train,canonical,168,0.047580933091619024,0.7045815092586649,0.9667655129910965,0.9880952380952381,0.9940476190476191,0.9880952380952381
9,last,43,rank4,4,32256,iid,paraphrase,24,0.13960605992397654,0.12495542641134139,0.905105539604099,0.08333333333333333,0.5416666666666666,0.08333333333333333
9,last,43,rank4,4,32256,topic,paraphrase,96,0.1298957425722421,0.14091495157851042,0.9094423680173901,0.09375,0.546875,0.09375
9,last,43,rank4,4,32256,template,paraphrase,24,0.1681693967781159,0.16159786657298614,0.8825048988343399,0.0,0.5,0.0
9,last,43,rank4,4,32256,expression,paraphrase,24,0.47142334564917726,-0.0787769241978713,0.6537497144124435,0.0,0.24305555555555558,0.0
9,last,43,rank4,4,32256,joint,paraphrase,96,0.49519647017003227,-0.012002108782549925,0.6274384458486529,0.0,0.22465277777777778,0.0
9,last,43,rank8,8,60928,dev,canonical,48,0.04022643152993955,0.7433529855930973,0.9718343099358341,1.0,1.0,1.0
9,last,43,rank8,8,60928,expression,canonical,24,0.469929008796023,0.06619074675115943,0.6660604037307756,0.0,0.2548611111111111,0.0
9,last,43,rank8,8,60928,iid,canonical,24,0.046857124460192384,0.7189101137635084,0.967739021074952,1.0,1.0,1.0
9,last,43,rank8,8,60928,joint,canonical,96,0.5090548894713697,0.05011791812277544,0.6496722248360006,0.0,0.23628472222222222,0.0
9,last,43,rank8,8,60928,template,canonical,24,0.11255472137354909,0.38447203356886095,0.9213525208063188,0.4166666666666667,0.7083333333333334,0.4166666666666667
9,last,43,rank8,8,60928,topic,canonical,96,0.04539280661804415,0.7155343849755589,0.9679215983671042,1.0,1.0,1.0
9,last,43,rank8,8,60928,train,canonical,168,0.03784218202267137,0.765047056181721,0.9734697861132704,1.0,1.0,1.0
9,last,43,rank8,8,60928,iid,paraphrase,24,0.13933832658678333,0.12663356705944284,0.9052243544530253,0.125,0.5625,0.125
9,last,43,rank8,8,60928,topic,paraphrase,96,0.12928048464288014,0.14498405251723956,0.909906916189617,0.16666666666666666,0.5833333333333334,0.16666666666666666
9,last,43,rank8,8,60928,template,paraphrase,24,0.16659623979209168,0.16944078091154757,0.8835139705285089,0.0,0.5,0.0
9,last,43,rank8,8,60928,expression,paraphrase,24,0.4709097473363144,-0.07760163660692587,0.6539987637525803,0.0,0.24861111111111112,0.0
9,last,43,rank8,8,60928,joint,paraphrase,96,0.49378213694473266,-0.009111724273078492,0.6285928997911633,0.0,0.2265625,0.0
9,last,43,rank16,16,118272,dev,canonical,48,0.03333851006359432,0.7872983322861296,0.9765781943115437,1.0,1.0,1.0
9,last,43,rank16,16,118272,expression,canonical,24,0.46537595644034324,0.0752382461408081,0.668844466485519,0.0,0.2548611111111111,0.0
9,last,43,rank16,16,118272,iid,canonical,24,0.037532188606764764,0.7748492092244208,0.9739482215380897,1.0,1.0,1.0
9,last,43,rank16,16,118272,joint,canonical,96,0.5063201348464973,0.05522089320507895,0.6506575103560023,0.0,0.23819444444444446,0.0
9,last,43,rank16,16,118272,template,canonical,24,0.1093252670715411,0.40213294921006326,0.9235077425489662,0.5833333333333334,0.7916666666666666,0.5833333333333334
9,last,43,rank16,16,118272,topic,canonical,96,0.04085271300344063,0.7439860410543293,0.9711115443163273,1.0,1.0,1.0
9,last,43,rank16,16,118272,train,canonical,168,0.02844727717556327,0.8233777451836984,0.9799342288294406,1.0,1.0,1.0
9,last,43,rank16,16,118272,iid,paraphrase,24,0.13630860941099307,0.14562369954815657,0.9068300858087843,0.16666666666666666,0.5833333333333334,0.16666666666666666
9,last,43,rank16,16,118272,topic,paraphrase,96,0.1265941064352484,0.16275081920936751,0.9114260317464137,0.19791666666666666,0.5989583333333334,0.19791666666666666
9,last,43,rank16,16,118272,template,paraphrase,24,0.16504082059721395,0.17719526416678222,0.8846486690580043,0.0,0.5,0.0
9,last,43,rank16,16,118272,expression,paraphrase,24,0.4652982517682422,-0.06476062653616066,0.6572464095855928,0.0,0.24861111111111112,0.0
9,last,43,rank16,16,118272,joint,paraphrase,96,0.4907752307271432,-0.0029666977706337416,0.6301237421583261,0.0,0.22847222222222222,0.0
9,last,43,rank32,32,232960,dev,canonical,48,0.027982812725164796,0.8214679983414421,0.9802636006425175,1.0,1.0,1.0
9,last,43,rank32,32,232960,expression,canonical,24,0.46083010628191573,0.08427143384015456,0.6706851390838192,0.0,0.2548611111111111,0.0
9,last,43,rank32,32,232960,iid,canonical,24,0.03218621673704176,0.8069190095375096,0.9776446013240813,1.0,1.0,1.0
9,last,43,rank32,32,232960,joint,canonical,96,0.5028475648059779,0.061700611066110356,0.6523213251142955,0.0,0.23923611111111112,0.0
9,last,43,rank32,32,232960,template,canonical,24,0.10579882249974172,0.4214180154384969,0.9259478742344461,0.5833333333333334,0.7916666666666666,0.5833333333333334
9,last,43,rank32,32,232960,topic,canonical,96,0.03657825631120378,0.7707730155210974,0.9740854600400963,1.0,1.0,1.0
9,last,43,rank32,32,232960,train,canonical,168,0.019646006440671906,0.8780227037451661,0.9861192132935221,1.0,1.0,1.0
9,last,43,rank32,32,232960,iid,paraphrase,24,0.133035115908216,0.16614181121066351,0.9091115468789172,0.16666666666666666,0.5833333333333334,0.16666666666666666
9,last,43,rank32,32,232960,topic,paraphrase,96,0.12471490316543556,0.17517921293553707,0.9130710813326633,0.2708333333333333,0.6354166666666666,0.2708333333333333
9,last,43,rank32,32,232960,template,paraphrase,24,0.1618181770094884,0.19326163124062545,0.887019183406138,0.0,0.5,0.0
9,last,43,rank32,32,232960,expression,paraphrase,24,0.46309001548690115,-0.05970743100506781,0.658860888465347,0.0,0.24305555555555555,0.0
9,last,43,rank32,32,232960,joint,paraphrase,96,0.4850921187484983,0.008647523358327858,0.6344464381668456,0.0,0.22934027777777777,0.0
9,mean,17,identity,0,0,dev,canonical,48,5.990566556708875,0.0,0.9999662594727442,0.0,0.5,0.0
9,mean,17,identity,0,0,expression,canonical,24,39.939831407128956,0.0,0.9996209303314875,0.0,0.4375,0.0
9,mean,17,identity,0,0,iid,canonical,24,6.807467399878111,0.0,0.999963289157718,0.0,0.5,0.0
9,mean,17,identity,0,0,joint,canonical,96,36.22310927128493,0.0,0.9997140845804098,0.0,0.3333333333333333,0.0
9,mean,17,identity,0,0,template,canonical,24,4.1792240797698055,0.0,0.999976046495688,0.0,0.5,0.0
9,mean,17,identity,0,0,topic,canonical,96,5.376506174007019,0.0,0.99996692102532,0.0,0.5,0.0
9,mean,17,identity,0,0,train,canonical,168,6.7528134965754605,0.0,0.9999654730825811,0.0,0.5,0.0
9,mean,17,identity,0,0,iid,paraphrase,24,6.7305057770518575,0.0,0.9999699005154316,0.0,0.5,0.0
9,mean,17,identity,0,0,topic,paraphrase,96,5.341192862275122,0.0,0.9999724571358465,0.0,0.5,0.0
9,mean,17,identity,0,0,template,paraphrase,24,18.63417244404022,0.0,0.999960105854353,0.0,0.5,0.0
9,mean,17,identity,0,0,expression,paraphrase,24,67.97027923266772,0.0,0.9995700787227415,0.0,0.4166666666666667,0.0
9,mean,17,identity,0,0,joint,paraphrase,96,45.78959804335447,0.0,0.9995599396622804,0.0,0.42534722222222227,0.0
9,mean,17,shift,0,3584,dev,canonical,48,0.7567180805025183,0.8736817171899935,0.9999902139499367,1.0,1.0,1.0
9,mean,17,shift,0,3584,expression,canonical,24,75.83535822603464,-0.8987400686047615,0.9996160547510048,0.0,0.4375,0.0
9,mean,17,shift,0,3584,iid,canonical,24,0.8079562507539958,0.8813132398153736,0.9999888857470004,1.0,1.0,1.0
9,mean,17,shift,0,3584,joint,canonical,96,71.37628886611206,-0.9704627874861651,0.9996918457359469,0.0,0.3064236111111111,0.0
9,mean,17,shift,0,3584,template,canonical,24,0.5995418734185416,0.8565423002033514,0.9999872757389164,1.0,1.0,1.0
9,mean,17,shift,0,3584,topic,canonical,96,1.1121981821765627,0.7931373746851553,0.999989076889964,1.0,1.0,1.0
9,mean,17,shift,0,3584,train,canonical,168,1.0322158806920154,0.8471428418368905,0.9999897562120743,1.0,1.0,1.0
9,mean,17,shift,0,3584,iid,paraphrase,24,0.8147595506939204,0.8789452713239023,0.9999705967760165,0.375,0.6875,0.375
9,mean,17,shift,0,3584,topic,paraphrase,96,1.1331670291295117,0.7878438284576695,0.9999702842356356,0.4791666666666667,0.7395833333333334,0.4791666666666667
9,mean,17,shift,0,3584,template,paraphrase,24,4.15519442411811,0.7770121299136593,0.9999728842839429,0.9583333333333334,0.9791666666666666,0.9583333333333334
9,mean,17,shift,0,3584,expression,paraphrase,24,113.16181761574269,-0.6648720425052355,0.9995630534912952,0.0,0.37847222222222215,0.0
9,mean,17,shift,0,3584,joint,paraphrase,96,84.37128970144767,-0.8425863800237625,0.9995581944327793,0.0,0.3133680555555556,0.0
9,mean,17,lowrank,32,232960,dev,canonical,48,0.29154208778086765,0.9513331360196027,0.9999966014406887,1.0,1.0,1.0
9,mean,17,lowrank,32,232960,expression,canonical,24,74.74957100859362,-0.8715544952263217,0.9995947779733245,0.0,0.4236111111111111,0.0
9,mean,17,lowrank,32,232960,iid,canonical,24,0.2024226885665257,0.9702646113927552,0.9999960608208153,1.0,1.0,1.0
9,mean,17,lowrank,32,232960,joint,canonical,96,66.90920255590724,-0.8471413388289124,0.9996919705596418,0.0,0.31770833333333337,0.0
9,mean,17,lowrank,32,232960,template,canonical,24,0.07191545740348249,0.9827921508799682,0.999991443004757,1.0,1.0,1.0
9,mean,17,lowrank,32,232960,topic,canonical,96,0.20335504433342844,0.9621771020525265,0.9999952981874513,1.0,1.0,1.0
9,mean,17,lowrank,32,232960,train,canonical,168,0.16328763414065875,0.9758193182406909,0.9999973481649407,1.0,1.0,1.0
9,mean,17,lowrank,32,232960,iid,paraphrase,24,0.24272133089142003,0.9639371335629789,0.9999724078921334,0.6666666666666666,0.8333333333333334,0.6666666666666666
9,mean,17,lowrank,32,232960,topic,paraphrase,96,0.24294934258048975,0.9545140291981511,0.9999744271372125,0.6354166666666666,0.8177083333333334,0.6354166666666666
9,mean,17,lowrank,32,232960,template,paraphrase,24,5.530857557354435,0.703187379318078,0.9999756739446314,1.0,1.0,1.0
9,mean,17,lowrank,32,232960,expression,paraphrase,24,111.89312287348453,-0.646206608780661,0.9995429257973223,0.0,0.375,0.0
9,mean,17,lowrank,32,232960,joint,paraphrase,96,76.80299061574344,-0.6773021362411809,0.9995563544446479,0.0,0.3385416666666667,0.0
9,mean,17,full_delta,0,12848640,dev,canonical,48,0.29130397110459044,0.9513728846266875,0.9999968112917648,1.0,1.0,1.0
9,mean,17,full_delta,0,12848640,expression,canonical,24,74.74968704470808,-0.8715574004993378,0.9995946380727077,0.0,0.4236111111111111,0.0
9,mean,17,full_delta,0,12848640,iid,canonical,24,0.20199284334800657,0.9703277545843814,0.9999963809860631,1.0,1.0,1.0
9,mean,17,full_delta,0,12848640,joint,canonical,96,66.90886307660435,-0.8471319669304276,0.9996923026443332,0.0,0.31770833333333337,0.0
9,mean,17,full_delta,0,12848640,template,canonical,24,0.07182897410814755,0.9828128445048335,0.9999915171236292,1.0,1.0,1.0
9,mean,17,full_delta,0,12848640,topic,canonical,96,0.2032180384587701,0.9622025843769626,0.999995413370322,1.0,1.0,1.0
9,mean,17,full_delta,0,12848640,train,canonical,168,0.16287510382342021,0.9758804083800006,0.9999976730236624,1.0,1.0,1.0
9,mean,17,full_delta,0,12848640,iid,paraphrase,24,0.24244135179926,0.9639787320849079,0.9999726171633242,0.6666666666666666,0.8333333333333334,0.6666666666666666
9,mean,17,full_delta,0,12848640,topic,paraphrase,96,0.24283069430917167,0.9545362430133751,0.9999745253144271,0.6666666666666666,0.8333333333333334,0.6666666666666666
9,mean,17,full_delta,0,12848640,template,paraphrase,24,5.530815654876684,0.7031896280081057,0.9999757582911295,1.0,1.0,1.0
9,mean,17,full_delta,0,12848640,expression,paraphrase,24,111.89328274412107,-0.6462089608474519,0.9995428823503386,0.0,0.375,0.0
9,mean,17,full_delta,0,12848640,joint,paraphrase,96,76.80281279810019,-0.6772982528779095,0.999556236550243,0.0,0.3350694444444445,0.0
9,mean,17,full_affine,0,12848640,dev,canonical,48,0.30505950903796936,0.9490766847926376,0.9999847567810686,1.0,1.0,1.0
9,mean,17,full_affine,0,12848640,expression,canonical,24,74.74521343934516,-0.8714453918802398,0.9995838048195055,0.0,0.38888888888888884,0.0
9,mean,17,full_affine,0,12848640,iid,canonical,24,0.21851931012705597,0.9679000577908066,0.9999835921964798,1.0,1.0,1.0
9,mean,17,full_affine,0,12848640,joint,canonical,96,66.91784719408753,-0.847379988639881,0.9996263121084906,0.0,0.2421875,0.0
9,mean,17,full_affine,0,12848640,template,canonical,24,0.29530207402175285,0.9293404544993868,0.9997863302553208,0.875,0.9375,1.0
9,mean,17,full_affine,0,12848640,topic,canonical,96,0.24524903824298896,0.9543850541028563,0.9999581036659757,1.0,1.0,1.0
9,mean,17,full_affine,0,12848640,train,canonical,168,0.17359210183841794,0.974293366472145,0.9999889234866648,1.0,1.0,1.0
9,mean,17,full_affine,0,12848640,iid,paraphrase,24,0.23533408313957863,0.965034710475702,0.999976843167102,1.0,1.0,1.0
9,mean,17,full_affine,0,12848640,topic,paraphrase,96,0.26697855668442466,0.9500151813333505,0.9999515759821317,0.9895833333333334,0.9947916666666666,1.0
9,mean,17,full_affine,0,12848640,template,paraphrase,24,5.826055275468739,0.6873456391495352,0.9997187069735376,0.4166666666666667,0.6145833333333334,1.0
9,mean,17,full_affine,0,12848640,expression,paraphrase,24,111.86564855513843,-0.6458023980188949,0.9995332091870992,0.0,0.31666666666666665,0.0
9,mean,17,full_affine,0,12848640,joint,paraphrase,96,76.73764774366855,-0.675875111876105,0.9995719707559955,0.0,0.21527777777777782,0.041666666666666664
9,mean,17,shuffled,32,232960,dev,canonical,48,13.938300044024322,-1.3267081522389113,0.9998380840073929,0.7916666666666666,0.875,1.0
9,mean,17,shuffled,32,232960,expression,canonical,24,90.66276631121104,-1.2699837009083725,0.9996331909816641,0.0,0.26319444444444445,0.0
9,mean,17,shuffled,32,232960,iid,canonical,24,10.568107181178847,-0.5524286141081001,0.9998365359254793,0.875,0.923611111111111,1.0
9,mean,17,shuffled,32,232960,joint,canonical,96,120.54313691356894,-2.327796518260978,0.9996180054066769,0.0,0.2798611111111111,0.0
9,mean,17,shuffled,32,232960,template,canonical,24,12.023128068124043,-1.87688045403545,0.9998645544731096,1.0,1.0,1.0
9,mean,17,shuffled,32,232960,topic,canonical,96,17.452672811120436,-2.246099278281542,0.9998459897157836,0.8125,0.890625,1.0
9,mean,17,shuffled,32,232960,train,canonical,168,17.994427290578923,-1.6647303823368431,0.9998290139575956,0.9345238095238095,0.9632936507936507,1.0
9,mean,17,shuffled,32,232960,iid,paraphrase,24,10.571410121600177,-0.57067098250538,0.999817840298637,0.5416666666666666,0.7534722222222222,0.5833333333333334
9,mean,17,shuffled,32,232960,topic,paraphrase,96,16.84400768651331,-2.1536040957222573,0.9998310925116737,0.5833333333333334,0.7743055555555555,0.71875
9,mean,17,shuffled,32,232960,template,paraphrase,24,11.588955355855552,0.3780804921357238,0.9998605356867075,0.9583333333333334,0.9791666666666666,0.9583333333333334
9,mean,17,shuffled,32,232960,expression,paraphrase,24,124.63505091247738,-0.8336698380455612,0.9995736535988633,0.0,0.24097222222222223,0.0
9,mean,17,shuffled,32,232960,joint,paraphrase,96,168.3092806393465,-2.6757099391872377,0.9994992919789505,0.0,0.2871527777777778,0.0
9,mean,17,random_subspace,32,118272,dev,canonical,48,0.7535469848348574,0.8742110653973195,0.9999871271775888,1.0,1.0,1.0
9,mean,17,random_subspace,32,118272,expression,canonical,24,75.8275508451227,-0.8985445900402089,0.9996133313588308,0.0,0.4375,0.0
9,mean,17,random_subspace,32,118272,iid,canonical,24,0.8038616627361064,0.8819147245933929,0.9999864071175263,1.0,1.0,1.0
9,mean,17,random_subspace,32,118272,joint,canonical,96,71.3462320842625,-0.9696330193504576,0.9996906119420288,0.0,0.30815972222222227,0.0
9,mean,17,random_subspace,32,118272,template,canonical,24,0.5959359153897945,0.8574051297525499,0.9999850508317119,1.0,1.0,1.0
9,mean,17,random_subspace,32,118272,topic,canonical,96,1.1061052085249692,0.7942706336184475,0.9999854952720609,1.0,1.0,1.0
9,mean,17,random_subspace,32,118272,train,canonical,168,1.0263763988021823,0.8480075898256798,0.9999864080184456,1.0,1.0,1.0
9,mean,17,random_subspace,32,118272,iid,paraphrase,24,0.8110273817164505,0.879499786705227,0.9999681536066691,0.375,0.6875,0.375
9,mean,17,random_subspace,32,118272,topic,paraphrase,96,1.1271698590864643,0.7889666431916975,0.999966904277456,0.4791666666666667,0.7395833333333334,0.4791666666666667
9,mean,17,random_subspace,32,118272,template,paraphrase,24,4.164345715817521,0.7765210272512313,0.9999691303908463,0.9583333333333334,0.9791666666666666,0.9583333333333334
9,mean,17,random_subspace,32,118272,expression,paraphrase,24,113.15253997856142,-0.6647355470062319,0.9995603937930562,0.0,0.37847222222222215,0.0
9,mean,17,random_subspace,32,118272,joint,paraphrase,96,84.32085519784452,-0.8414849398330146,0.9995555875547941,0.0,0.31597222222222227,0.0
9,mean,17,rank1,1,10752,dev,canonical,48,0.29794858474582514,0.9502637051228234,0.9999914563772437,1.0,1.0,1.0
9,mean,17,rank1,1,10752,expression,canonical,24,74.72959344969466,-0.8710543038585785,0.9996107191839432,0.0,0.4236111111111111,0.0
9,mean,17,rank1,1,10752,iid,canonical,24,0.21063495138072016,0.9690582504464889,0.9999903026456131,1.0,1.0,1.0
9,mean,17,rank1,1,10752,joint,canonical,96,66.92341703959201,-0.8475337536152387,0.9996930736232117,0.0,0.3203125,0.0
9,mean,17,rank1,1,10752,template,canonical,24,0.07622448280968057,0.9817610921657307,0.9999876822755044,1.0,1.0,1.0
9,mean,17,rank1,1,10752,topic,canonical,96,0.2088821689739442,0.961149087862338,0.9999907766056705,1.0,1.0,1.0
9,mean,17,rank1,1,10752,train,canonical,168,0.17170949173719757,0.9745721554690832,0.9999911580241477,0.9880952380952381,0.9940476190476191,0.9880952380952381
9,mean,17,rank1,1,10752,iid,paraphrase,24,0.24406298225611703,0.96373779470062,0.9999711782163017,0.20833333333333334,0.6041666666666666,0.20833333333333334
9,mean,17,rank1,1,10752,topic,paraphrase,96,0.24554492771919464,0.9540280731194936,0.9999719924333843,0.3541666666666667,0.6770833333333334,0.3541666666666667
9,mean,17,rank1,1,10752,template,paraphrase,24,5.528884393844855,0.7032932688345297,0.9999732278218918,0.9166666666666666,0.9583333333333334,0.9166666666666666
9,mean,17,rank1,1,10752,expression,paraphrase,24,111.87252492605967,-0.6459035653378888,0.9995579644423226,0.0,0.3819444444444444,0.0
9,mean,17,rank1,1,10752,joint,paraphrase,96,76.82040189286975,-0.6776823814905457,0.9995561373647212,0.0,0.3350694444444445,0.0
9,mean,17,rank2,2,17920,dev,canonical,48,0.29701814254564596,0.9504190230199491,0.99999211193553,1.0,1.0,1.0
9,mean,17,rank2,2,17920,expression,canonical,24,74.73665021733733,-0.8712309888217857,0.9996060185400798,0.0,0.4236111111111111,0.0
9,mean,17,rank2,2,17920,iid,canonical,24,0.20944531568511002,0.9692330049661553,0.9999909243329702,1.0,1.0,1.0
9,mean,17,rank2,2,17920,joint,canonical,96,66.90373655818576,-0.8469904407466813,0.9996916086570241,0.0,0.31597222222222227,0.0
9,mean,17,rank2,2,17920,template,canonical,24,0.07468423625397495,0.9821296406154684,0.999988731945114,1.0,1.0,1.0
9,mean,17,rank2,2,17920,topic,canonical,96,0.20787486297917446,0.9613364411289704,0.999991433913945,1.0,1.0,1.0
9,mean,17,rank2,2,17920,train,canonical,168,0.17039495138816957,0.9747668210480592,0.9999920634112394,1.0,1.0,1.0
9,mean,17,rank2,2,17920,iid,paraphrase,24,0.24463407682724606,0.9636529430431003,0.9999707138260057,0.16666666666666666,0.5833333333333334,0.16666666666666666
9,mean,17,rank2,2,17920,topic,paraphrase,96,0.24552622465961674,0.9540315747828972,0.9999719130036274,0.3125,0.65625,0.3125
9,mean,17,rank2,2,17920,template,paraphrase,24,5.534148279070067,0.7030107832430167,0.9999738231147498,1.0,1.0,1.0
9,mean,17,rank2,2,17920,expression,paraphrase,24,111.87922702123136,-0.6460021686575654,0.9995535246039472,0.0,0.38888888888888884,0.0
9,mean,17,rank2,2,17920,joint,paraphrase,96,76.79815400389573,-0.677196509372757,0.9995569222120371,0.0,0.3324652777777778,0.0
9,mean,17,rank4,4,32256,dev,canonical,48,0.29629163975791306,0.9505402974905447,0.9999927198262971,1.0,1.0,1.0
9,mean,17,rank4,4,32256,expression,canonical,24,74.73978092736441,-0.8713093744813336,0.9996029405881187,0.0,0.4236111111111111,0.0
9,mean,17,rank4,4,32256,iid,canonical,24,0.20831683059991746,0.9693987766135101,0.9999918462066497,1.0,1.0,1.0
9,mean,17,rank4,4,32256,joint,canonical,96,66.90542563845865,-0.8470370706552361,0.9996935379758728,0.0,0.3211805555555556,0.0
9,mean,17,rank4,4,32256,template,canonical,24,0.07382718878387891,0.9823347139625149,0.9999896357120527,1.0,1.0,1.0
9,mean,17,rank4,4,32256,topic,canonical,96,0.2071670512580351,0.9614680901400998,0.9999920182754946,1.0,1.0,1.0
9,mean,17,rank4,4,32256,train,canonical,168,0.1690165604849593,0.9749709420272494,0.9999930340409139,1.0,1.0,1.0
9,mean,17,rank4,4,32256,iid,paraphrase,24,0.24474487983014667,0.9636364802382873,0.9999707402794087,0.20833333333333334,0.6041666666666666,0.20833333333333334
9,mean,17,rank4,4,32256,topic,paraphrase,96,0.2453817890083103,0.9540586166170026,0.9999721205535609,0.375,0.6875,0.375
9,mean,17,rank4,4,32256,template,paraphrase,24,5.5333091866723265,0.7030558130075668,0.9999740426402138,1.0,1.0,1.0
9,mean,17,rank4,4,32256,expression,paraphrase,24,111.88230633828572,-0.646047472532864,0.9995509500967068,0.0,0.37847222222222215,0.0
9,mean,17,rank4,4,32256,joint,paraphrase,96,76.79968950550908,-0.6772300432249627,0.9995583124311279,0.0,0.3342013888888889,0.0
9,mean,17,rank8,8,60928,dev,canonical,48,0.2944695386968706,0.9508444592161167,0.9999942215802916,1.0,1.0,1.0
9,mean,17,rank8,8,60928,expression,canonical,24,74.74490190579776,-0.8714375918085715,0.999598225497197,0.0,0.4236111111111111,0.0
9,mean,17,rank8,8,60928,iid,canonical,24,0.20666480533243314,0.969641455009225,0.999992996857498,1.0,1.0,1.0
9,mean,17,rank8,8,60928,joint,canonical,96,66.90868742436487,-0.8471271177542246,0.9996919053722791,0.0,0.3185763888888889,0.0
9,mean,17,rank8,8,60928,template,canonical,24,0.07346468766508578,0.9824214528192677,0.9999899355533558,1.0,1.0,1.0
9,mean,17,rank8,8,60928,topic,canonical,96,0.20574040094503143,0.9617334390984812,0.9999932383092923,1.0,1.0,1.0
9,mean,17,rank8,8,60928,train,canonical,168,0.16698349993626027,0.9752720106928849,0.9999945406581215,1.0,1.0,1.0
9,mean,17,rank8,8,60928,iid,paraphrase,24,0.2444029129596865,0.9636872887334863,0.9999710059845751,0.2916666666666667,0.6458333333333334,0.2916666666666667
9,mean,17,rank8,8,60928,topic,paraphrase,96,0.24469919699423825,0.9541864142891094,0.9999727074952238,0.4375,0.71875,0.4375
9,mean,17,rank8,8,60928,template,paraphrase,24,5.5332418325748165,0.7030594275548567,0.9999738043335382,1.0,1.0,1.0
9,mean,17,rank8,8,60928,expression,paraphrase,24,111.88739939969969,-0.6461224032448085,0.9995464189117351,0.0,0.375,0.0
9,mean,17,rank8,8,60928,joint,paraphrase,96,76.80174800240432,-0.6772749987821898,0.9995562338030632,0.0,0.32986111111111116,0.0
9,mean,17,rank16,16,118272,dev,canonical,48,0.2925962973783161,0.9511571577398409,0.9999956963394668,1.0,1.0,1.0
9,mean,17,rank16,16,118272,expression,canonical,24,74.74891961373638,-0.8715381858220428,0.9995955711183039,0.0,0.4236111111111111,0.0
9,mean,17,rank16,16,118272,iid,canonical,24,0.20427985869564927,0.969991797727991,0.9999947185829119,1.0,1.0,1.0
9,mean,17,rank16,16,118272,joint,canonical,96,66.9090027966683,-0.8471358241383473,0.9996924000123557,0.0,0.31770833333333337,0.0
9,mean,17,rank16,16,118272,template,canonical,24,0.07248324896321097,0.9826562903592374,0.9999909131066559,1.0,1.0,1.0
9,mean,17,rank16,16,118272,topic,canonical,96,0.20419998027614547,0.9620199487050977,0.9999945557007978,1.0,1.0,1.0
9,mean,17,rank16,16,118272,train,canonical,168,0.164697849771649,0.9756104844513813,0.9999962346294647,1.0,1.0,1.0
9,mean,17,rank16,16,118272,iid,paraphrase,24,0.24340423039434936,0.9638356702368114,0.9999718494901867,0.5416666666666666,0.7708333333333334,0.5416666666666666
9,mean,17,rank16,16,118272,topic,paraphrase,96,0.24347556649495386,0.9544155074019844,0.9999739177602139,0.5833333333333334,0.7916666666666666,0.5833333333333334
9,mean,17,rank16,16,118272,template,paraphrase,24,5.531575142740318,0.7031488702086426,0.9999750169210128,1.0,1.0,1.0
9,mean,17,rank16,16,118272,expression,paraphrase,24,111.89231125158578,-0.646194667945521,0.9995437745871288,0.0,0.375,0.0
9,mean,17,rank16,16,118272,joint,paraphrase,96,76.8023420984993,-0.6772879732593715,0.9995572233745955,0.0,0.3368055555555556,0.0
9,mean,17,rank32,32,232960,dev,canonical,48,0.29154208778086765,0.9513331360196027,0.9999966014406887,1.0,1.0,1.0
9,mean,17,rank32,32,232960,expression,canonical,24,74.74957100859362,-0.8715544952263217,0.9995947779733245,0.0,0.4236111111111111,0.0
9,mean,17,rank32,32,232960,iid,canonical,24,0.2024226885665257,0.9702646113927552,0.9999960608208153,1.0,1.0,1.0
9,mean,17,rank32,32,232960,joint,canonical,96,66.90920255590724,-0.8471413388289124,0.9996919705596418,0.0,0.31770833333333337,0.0
9,mean,17,rank32,32,232960,template,canonical,24,0.07191545740348249,0.9827921508799682,0.999991443004757,1.0,1.0,1.0
9,mean,17,rank32,32,232960,topic,canonical,96,0.20335504433342844,0.9621771020525265,0.9999952981874513,1.0,1.0,1.0
9,mean,17,rank32,32,232960,train,canonical,168,0.16328763414065875,0.9758193182406909,0.9999973481649407,1.0,1.0,1.0
9,mean,17,rank32,32,232960,iid,paraphrase,24,0.24272133089142003,0.9639371335629789,0.9999724078921334,0.6666666666666666,0.8333333333333334,0.6666666666666666
9,mean,17,rank32,32,232960,topic,paraphrase,96,0.24294934258048975,0.9545140291981511,0.9999744271372125,0.6354166666666666,0.8177083333333334,0.6354166666666666
9,mean,17,rank32,32,232960,template,paraphrase,24,5.530857557354435,0.703187379318078,0.9999756739446314,1.0,1.0,1.0
9,mean,17,rank32,32,232960,expression,paraphrase,24,111.89312287348453,-0.646206608780661,0.9995429257973223,0.0,0.375,0.0
9,mean,17,rank32,32,232960,joint,paraphrase,96,76.80299061574344,-0.6773021362411809,0.9995563544446479,0.0,0.3385416666666667,0.0
9,mean,29,identity,0,0,dev,canonical,48,5.990566556708875,0.0,0.9999662594727442,0.0,0.5,0.0
9,mean,29,identity,0,0,expression,canonical,24,39.939831407128956,0.0,0.9996209303314875,0.0,0.4375,0.0
9,mean,29,identity,0,0,iid,canonical,24,6.807467399878111,0.0,0.999963289157718,0.0,0.5,0.0
9,mean,29,identity,0,0,joint,canonical,96,36.22310927128493,0.0,0.9997140845804098,0.0,0.3333333333333333,0.0
9,mean,29,identity,0,0,template,canonical,24,4.1792240797698055,0.0,0.999976046495688,0.0,0.5,0.0
9,mean,29,identity,0,0,topic,canonical,96,5.376506174007019,0.0,0.99996692102532,0.0,0.5,0.0
9,mean,29,identity,0,0,train,canonical,168,6.7528134965754605,0.0,0.9999654730825811,0.0,0.5,0.0
9,mean,29,identity,0,0,iid,paraphrase,24,6.7305057770518575,0.0,0.9999699005154316,0.0,0.5,0.0
9,mean,29,identity,0,0,topic,paraphrase,96,5.341192862275122,0.0,0.9999724571358465,0.0,0.5,0.0
9,mean,29,identity,0,0,template,paraphrase,24,18.63417244404022,0.0,0.999960105854353,0.0,0.5,0.0
9,mean,29,identity,0,0,expression,paraphrase,24,67.97027923266772,0.0,0.9995700787227415,0.0,0.4166666666666667,0.0
9,mean,29,identity,0,0,joint,paraphrase,96,45.78959804335447,0.0,0.9995599396622804,0.0,0.42534722222222227,0.0
9,mean,29,shift,0,3584,dev,canonical,48,0.7459796973234799,0.875474266037817,0.9999904343302765,1.0,1.0,1.0
9,mean,29,shift,0,3584,expression,canonical,24,75.2018255227412,-0.8828778908996158,0.9996156785049856,0.0,0.4375,0.0
9,mean,29,shift,0,3584,iid,canonical,24,0.8090025888786071,0.8811595353518561,0.9999889150347198,0.9583333333333334,0.9791666666666666,0.9583333333333334
9,mean,29,shift,0,3584,joint,canonical,96,70.75281652110404,-0.9532507822897403,0.9996927912655155,0.0,0.30902777777777785,0.0
9,mean,29,shift,0,3584,template,canonical,24,0.563964212208393,0.8650552826448452,0.9999874015602505,1.0,1.0,1.0
9,mean,29,shift,0,3584,topic,canonical,96,1.0868519680277708,0.7978516283897878,0.9999892652552179,1.0,1.0,1.0
9,mean,29,shift,0,3584,train,canonical,168,1.0289455801615266,0.8476271289465741,0.9999898878352315,0.9940476190476191,0.9970238095238095,0.9940476190476191
9,mean,29,shift,0,3584,iid,paraphrase,24,0.8142088878030749,0.8790270872986725,0.9999711644481849,0.2916666666666667,0.6458333333333334,0.2916666666666667
9,mean,29,shift,0,3584,topic,paraphrase,96,1.106721040535452,0.7927951547392663,0.9999709678396699,0.4791666666666667,0.7395833333333334,0.4791666666666667
9,mean,29,shift,0,3584,template,paraphrase,24,4.28480531031386,0.7700565816281113,0.9999731715918508,0.9583333333333334,0.9791666666666666,0.9583333333333334
9,mean,29,shift,0,3584,expression,paraphrase,24,112.38719610362106,-0.6534755686218483,0.9995627213146455,0.0,0.3819444444444444,0.0
9,mean,29,shift,0,3584,joint,paraphrase,96,83.69592236303869,-0.8278370184379822,0.999558880170054,0.0,0.3142361111111111,0.0
9,mean,29,lowrank,32,232960,dev,canonical,48,0.25260313864974154,0.9578331805083027,0.9999965966498098,1.0,1.0,1.0
9,mean,29,lowrank,32,232960,expression,canonical,24,75.79035427824549,-0.8976132749703467,0.9995938716130638,0.0,0.4236111111111111,0.0
9,mean,29,lowrank,32,232960,iid,canonical,24,0.2900436246336168,0.9573933141951131,0.9999959904406399,1.0,1.0,1.0
9,mean,29,lowrank,32,232960,joint,canonical,96,68.0943786876551,-0.8798601240351116,0.9996924455121823,0.0,0.31597222222222227,0.0
9,mean,29,lowrank,32,232960,template,canonical,24,0.17171040166730248,0.958913329749775,0.9999911807261462,1.0,1.0,1.0
9,mean,29,lowrank,32,232960,topic,canonical,96,0.2842492441588888,0.9471312344933024,0.9999951872983442,1.0,1.0,1.0
9,mean,29,lowrank,32,232960,train,canonical,168,0.21731480174274734,0.9678186282128252,0.9999973871032873,1.0,1.0,1.0
9,mean,29,lowrank,32,232960,iid,paraphrase,24,0.3115209120826024,0.953715081391839,0.9999727270802437,0.75,0.875,0.75
9,mean,29,lowrank,32,232960,topic,paraphrase,96,0.30792596546192047,0.9423488397813149,0.9999745946514569,0.6979166666666666,0.8489583333333334,0.6979166666666666
9,mean,29,lowrank,32,232960,template,paraphrase,24,5.045735430795829,0.729221383673005,0.9999757840524968,1.0,1.0,1.0
9,mean,29,lowrank,32,232960,expression,paraphrase,24,112.50980388648384,-0.6552794126584907,0.9995418311163791,0.0,0.37847222222222215,0.0
9,mean,29,lowrank,32,232960,joint,paraphrase,96,78.63142339350794,-0.7172333183413886,0.9995564659777495,0.0,0.33159722222222227,0.0
9,mean,29,full_delta,0,12848640,dev,canonical,48,0.2522452697809822,0.9578929192434243,0.9999969010347911,1.0,1.0,1.0
9,mean,29,full_delta,0,12848640,expression,canonical,24,75.79054166602421,-0.8976179667222175,0.9995936976592735,0.0,0.4236111111111111,0.0
9,mean,29,full_delta,0,12848640,iid,canonical,24,0.2895914270031003,0.9574597409003699,0.9999963268119126,1.0,1.0,1.0
9,mean,29,full_delta,0,12848640,joint,canonical,96,68.0942160052639,-0.8798556329134364,0.9996928737555494,0.0,0.31597222222222227,0.0
9,mean,29,full_delta,0,12848640,template,canonical,24,0.17162939571816724,0.958932712761451,0.9999912632955642,1.0,1.0,1.0
9,mean,29,full_delta,0,12848640,topic,canonical,96,0.2840370459424401,0.9471707021716759,0.9999953696822054,1.0,1.0,1.0
9,mean,29,full_delta,0,12848640,train,canonical,168,0.21681135529178996,0.9678931817972256,0.9999977797910375,1.0,1.0,1.0
9,mean,29,full_delta,0,12848640,iid,paraphrase,24,0.3112767248337238,0.9537513620603307,0.9999729181237121,0.75,0.875,0.75
9,mean,29,full_delta,0,12848640,topic,paraphrase,96,0.30776696381779944,0.9423786087202431,0.9999747351255491,0.71875,0.859375,0.71875
9,mean,29,full_delta,0,12848640,template,paraphrase,24,5.045667813145101,0.729225012363838,0.9999758527383026,1.0,1.0,1.0
9,mean,29,full_delta,0,12848640,expression,paraphrase,24,112.51008536051074,-0.6552835537923816,0.9995416867036209,0.0,0.37847222222222215,0.0
9,mean,29,full_delta,0,12848640,joint,paraphrase,96,78.63134297894028,-0.7172315621659449,0.9995566781906148,0.0,0.3333333333333333,0.0
9,mean,29,full_affine,0,12848640,dev,canonical,48,0.26488652106044436,0.9557827262992686,0.9999859206743323,1.0,1.0,1.0
9,mean,29,full_affine,0,12848640,expression,canonical,24,75.78535505254933,-0.897488106046993,0.9995854381050702,0.0,0.38888888888888884,0.0
9,mean,29,full_affine,0,12848640,iid,canonical,24,0.30415424427458587,0.9553204993269551,0.9999847068561705,1.0,1.0,1.0
9,mean,29,full_affine,0,12848640,joint,canonical,96,68.09983064065702,-0.8800106343891811,0.9996282948856011,0.0,0.2421875,0.0
9,mean,29,full_affine,0,12848640,template,canonical,24,0.39532985547238786,0.9054059203510899,0.9997865138466233,0.9583333333333334,0.9791666666666666,1.0
9,mean,29,full_affine,0,12848640,topic,canonical,96,0.32530240622498113,0.9394955765516142,0.9999586706450311,1.0,1.0,1.0
9,mean,29,full_affine,0,12848640,train,canonical,168,0.22641596694443136,0.9664708692074417,0.9999899387217367,0.9940476190476191,0.9970238095238095,1.0
9,mean,29,full_affine,0,12848640,iid,paraphrase,24,0.30219140891534335,0.9551012332615944,0.9999782801838112,1.0,1.0,1.0
9,mean,29,full_affine,0,12848640,topic,paraphrase,96,0.3311015688323807,0.9380098084135937,0.9999523209410822,0.9895833333333334,0.9947916666666666,1.0
9,mean,29,full_affine,0,12848640,template,paraphrase,24,5.3407090344428125,0.7133916705729031,0.999720436882424,0.375,0.6076388888888888,1.0
9,mean,29,full_affine,0,12848640,expression,paraphrase,24,112.48269888869451,-0.6548806354562295,0.9995341991753192,0.0,0.31666666666666665,0.0
9,mean,29,full_affine,0,12848640,joint,paraphrase,96,78.5616750419597,-0.7157100826169298,0.9995732938292875,0.0,0.21579861111111112,0.041666666666666664
9,mean,29,shuffled,32,232960,dev,canonical,48,15.16116664783015,-1.5308401975521098,0.9998472309390286,0.6666666666666666,0.8194444444444443,1.0
9,mean,29,shuffled,32,232960,expression,canonical,24,81.93372145542651,-1.0514288260315983,0.999627210090047,0.0,0.28541666666666665,0.0
9,mean,29,shuffled,32,232960,iid,canonical,24,14.416929221404923,-1.1178109823431632,0.9998183518658773,0.75,0.8402777777777777,1.0
9,mean,29,shuffled,32,232960,joint,canonical,96,97.05719946230597,-1.6794276199598888,0.9996230731351536,0.0,0.2954861111111111,0.0
9,mean,29,shuffled,32,232960,template,canonical,24,13.25592868890808,-2.171863589003398,0.9998738261739595,1.0,1.0,1.0
9,mean,29,shuffled,32,232960,topic,canonical,96,13.038752217106271,-1.4251347985319454,0.9998526118152923,0.8333333333333334,0.8975694444444443,1.0
9,mean,29,shuffled,32,232960,train,canonical,168,13.846590169705369,-1.0504920173979868,0.9998311927315809,0.9166666666666666,0.9474206349206349,1.0
9,mean,29,shuffled,32,232960,iid,paraphrase,24,14.702060579904357,-1.1843916440919027,0.9997927087679331,0.4583333333333333,0.670138888888889,0.5416666666666666
9,mean,29,shuffled,32,232960,topic,paraphrase,96,13.20770335863048,-1.4728003086944437,0.999834666223402,0.59375,0.775173611111111,0.6875
9,mean,29,shuffled,32,232960,template,paraphrase,24,12.414119411341042,0.33379818993188193,0.999854857642397,0.9583333333333334,0.9791666666666666,0.9583333333333334
9,mean,29,shuffled,32,232960,expression,paraphrase,24,114.04468501745225,-0.6778610637609439,0.9995715077726306,0.0,0.225,0.0
9,mean,29,shuffled,32,232960,joint,paraphrase,96,131.34053123482138,-1.8683486391486919,0.9994971882637946,0.0,0.29270833333333335,0.0
9,mean,29,random_subspace,32,118272,dev,canonical,48,0.7401243239483936,0.8764516983590603,0.999984808771272,1.0,1.0,1.0
9,mean,29,random_subspace,32,118272,expression,canonical,24,75.20852634438317,-0.8830456638071593,0.9996096872889186,0.0,0.4375,0.0
9,mean,29,random_subspace,32,118272,iid,canonical,24,0.8028048984880846,0.8820699606284623,0.9999843284510405,1.0,1.0,1.0
9,mean,29,random_subspace,32,118272,joint,canonical,96,70.720603608454,-0.9523614905282631,0.999690948484593,0.0,0.30815972222222227,0.0
9,mean,29,random_subspace,32,118272,template,canonical,24,0.5593386011772482,0.8661620936085205,0.9999848225341199,1.0,1.0,1.0
9,mean,29,random_subspace,32,118272,topic,canonical,96,1.0774557772674411,0.7995992671827564,0.9999832152394191,1.0,1.0,1.0
9,mean,29,random_subspace,32,118272,train,canonical,168,1.0193470803404407,0.8490485364570812,0.9999836643957115,1.0,1.0,1.0
9,mean,29,random_subspace,32,118272,iid,paraphrase,24,0.808102460930745,0.8799343633748851,0.9999669248367358,0.2916666666666667,0.6458333333333334,0.2916666666666667
9,mean,29,random_subspace,32,118272,topic,paraphrase,96,1.0972486795744985,0.7945686089479426,0.9999651418982243,0.4583333333333333,0.7291666666666666,0.4583333333333333
9,mean,29,random_subspace,32,118272,template,paraphrase,24,4.293886687426819,0.7695692309212189,0.999968810364208,0.9583333333333334,0.9791666666666666,0.9583333333333334
9,mean,29,random_subspace,32,118272,expression,paraphrase,24,112.38820521981324,-0.6534904150547829,0.9995568538714741,0.0,0.3819444444444444,0.0
9,mean,29,random_subspace,32,118272,joint,paraphrase,96,83.6362242240046,-0.8265332695171559,0.9995547403167281,0.0,0.31684027777777785,0.0
9,mean,29,rank1,1,10752,dev,canonical,48,0.25894294827530434,0.9567748816703635,0.9999915057647956,1.0,1.0,1.0
9,mean,29,rank1,1,10752,expression,canonical,24,75.76943661800078,-0.897089545662842,0.9996108133895545,0.0,0.4236111111111111,0.0
9,mean,29,rank1,1,10752,iid,canonical,24,0.29809128313749217,0.9562111332119153,0.9999902409782383,1.0,1.0,1.0
9,mean,29,rank1,1,10752,joint,canonical,96,68.10621664045426,-0.8801869306797458,0.9996940182328037,0.0,0.3229166666666667,0.0
9,mean,29,rank1,1,10752,template,canonical,24,0.1758156728705097,0.9579310251102415,0.9999877664586038,1.0,1.0,1.0
9,mean,29,rank1,1,10752,topic,canonical,96,0.28964418390678875,0.9461278059519233,0.9999908002750534,1.0,1.0,1.0
9,mean,29,rank1,1,10752,train,canonical,168,0.22570792015282654,0.9665757213245576,0.9999912527274626,1.0,1.0,1.0
9,mean,29,rank1,1,10752,iid,paraphrase,24,0.31290060135099296,0.9535100909625767,0.9999714396774584,0.20833333333333334,0.6041666666666666,0.20833333333333334
9,mean,29,rank1,1,10752,topic,paraphrase,96,0.3103396910949762,0.9418969321840244,0.9999724337868564,0.3229166666666667,0.6614583333333334,0.3229166666666667
9,mean,29,rank1,1,10752,template,paraphrase,24,5.044398154125143,0.7292931484199882,0.9999736921432318,0.9583333333333334,0.9791666666666666,0.9583333333333334
9,mean,29,rank1,1,10752,expression,paraphrase,24,112.48901496143468,-0.6549735594931978,0.999557972307764,0.0,0.3819444444444444,0.0
9,mean,29,rank1,1,10752,joint,paraphrase,96,78.64568112396893,-0.7175446932184399,0.9995579400921079,0.0,0.3333333333333333,0.0
9,mean,29,rank2,2,17920,dev,canonical,48,0.2579703525381697,0.9569372362202926,0.999992153304787,1.0,1.0,1.0
9,mean,29,rank2,2,17920,expression,canonical,24,75.77710990846013,-0.8972816669159625,0.9996063041784118,0.0,0.4236111111111111,0.0
9,mean,29,rank2,2,17920,iid,canonical,24,0.2968965568648124,0.9563866355246698,0.9999908638775904,1.0,1.0,1.0
9,mean,29,rank2,2,17920,joint,canonical,96,68.0886384083867,-0.8797016539483666,0.9996944452432098,0.0,0.3203125,0.0
9,mean,29,rank2,2,17920,template,canonical,24,0.17376965817384335,0.9584205931873807,0.9999891108383357,1.0,1.0,1.0
9,mean,29,rank2,2,17920,topic,canonical,96,0.2887083606772179,0.9463018638250631,0.9999913905904135,1.0,1.0,1.0
9,mean,29,rank2,2,17920,train,canonical,168,0.2244872855394243,0.9667564807389886,0.999992093816621,1.0,1.0,1.0
9,mean,29,rank2,2,17920,iid,paraphrase,24,0.313015769279226,0.9534929796291869,0.9999712384285706,0.20833333333333334,0.6041666666666666,0.20833333333333334
9,mean,29,rank2,2,17920,topic,paraphrase,96,0.31019647951187307,0.9419237448430682,0.9999724493319828,0.3229166666666667,0.6614583333333334,0.3229166666666667
9,mean,29,rank2,2,17920,template,paraphrase,24,5.0478988826135565,0.7291052823637452,0.9999745586472394,0.9583333333333334,0.9791666666666666,0.9583333333333334
9,mean,29,rank2,2,17920,expression,paraphrase,24,112.4957286862052,-0.6550723339111686,0.9995539670004864,0.0,0.38888888888888884,0.0
9,mean,29,rank2,2,17920,joint,paraphrase,96,78.62622864809944,-0.7171198701865569,0.9995601313790314,0.0,0.3368055555555556,0.0
9,mean,29,rank4,4,32256,dev,canonical,48,0.2569506275371176,0.9571074580167452,0.9999930175875399,1.0,1.0,1.0
9,mean,29,rank4,4,32256,expression,canonical,24,75.7802956954629,-0.8973614315742127,0.9996026227873794,0.0,0.4236111111111111,0.0
9,mean,29,rank4,4,32256,iid,canonical,24,0.2955750404573759,0.9565807629923181,0.9999920214924268,1.0,1.0,1.0
9,mean,29,rank4,4,32256,joint,canonical,96,68.09202218574247,-0.8797950688269851,0.9996950250272185,0.0,0.3211805555555556,0.0
9,mean,29,rank4,4,32256,template,canonical,24,0.17329615298041712,0.9585338929732712,0.9999896844188779,1.0,1.0,1.0
9,mean,29,rank4,4,32256,topic,canonical,96,0.28783372809248775,0.9464645405813846,0.9999922198881208,1.0,1.0,1.0
9,mean,29,rank4,4,32256,train,canonical,168,0.22294050964633655,0.9669855372491191,0.9999932308715758,1.0,1.0,1.0
9,mean,29,rank4,4,32256,iid,paraphrase,24,0.3132213601933427,0.953462433497748,0.9999713440829008,0.20833333333333334,0.6041666666666666,0.20833333333333334
9,mean,29,rank4,4,32256,topic,paraphrase,96,0.3099327419758041,0.9419731228645831,0.9999728084795659,0.3854166666666667,0.6927083333333334,0.3854166666666667
9,mean,29,rank4,4,32256,template,paraphrase,24,5.047180776957806,0.7291438193933829,0.9999746737317886,1.0,1.0,1.0
9,mean,29,rank4,4,32256,expression,paraphrase,24,112.4986747108382,-0.6551156767466881,0.9995508698128944,0.0,0.37847222222222215,0.0
9,mean,29,rank4,4,32256,joint,paraphrase,96,78.63000482896355,-0.7172023382803046,0.9995591488468903,0.0,0.3350694444444445,0.0
9,mean,29,rank8,8,60928,dev,canonical,48,0.25541321828448116,0.9573640963894404,0.9999943251362096,1.0,1.0,1.0
9,mean,29,rank8,8,60928,expression,canonical,24,75.78756502026776,-0.8975434384718073,0.9995971858134287,0.0,0.4236111111111111,0.0
9,mean,29,rank8,8,60928,iid,canonical,24,0.29398080719555403,0.956814951886392,0.9999932467907785,1.0,1.0,1.0
9,mean,29,rank8,8,60928,joint,canonical,96,68.095290054793,-0.879885283861428,0.9996939830921584,0.0,0.3194444444444445,0.0
9,mean,29,rank8,8,60928,template,canonical,24,0.1726561797155209,0.9586870250505852,0.9999903610724626,1.0,1.0,1.0
9,mean,29,rank8,8,60928,topic,canonical,96,0.2865426310309054,0.9467046773951066,0.9999933126654437,1.0,1.0,1.0
9,mean,29,rank8,8,60928,train,canonical,168,0.22098284080827973,0.9672754414259558,0.9999946877693981,1.0,1.0,1.0
9,mean,29,rank8,8,60928,iid,paraphrase,24,0.31277963389950575,0.9535280639731489,0.9999717008378579,0.375,0.6875,0.375
9,mean,29,rank8,8,60928,topic,paraphrase,96,0.3095602278600913,0.9420428664827819,0.9999731300807383,0.5104166666666666,0.7552083333333334,0.5104166666666666
9,mean,29,rank8,8,60928,template,paraphrase,24,5.046389780510234,0.7291862680961598,0.9999747825318677,1.0,1.0,1.0
9,mean,29,rank8,8,60928,expression,paraphrase,24,112.50613940701469,-0.655225499690786,0.9995455979066387,0.0,0.37847222222222215,0.0
9,mean,29,rank8,8,60928,joint,paraphrase,96,78.63157810709878,-0.7172366971347706,0.9995580859815042,0.0,0.3333333333333333,0.0
9,mean,29,rank16,16,118272,dev,canonical,48,0.25387777718304705,0.9576204062203887,0.9999955378430597,1.0,1.0,1.0
9,mean,29,rank16,16,118272,expression,canonical,24,75.78925093582917,-0.8975856498558321,0.9995952512852228,0.0,0.4236111111111111,0.0
9,mean,29,rank16,16,118272,iid,canonical,24,0.29176351314557797,0.9571406668578681,0.9999947513141015,1.0,1.0,1.0
9,mean,29,rank16,16,118272,joint,canonical,96,68.09498156086154,-0.8798767673663599,0.9996915790924046,0.0,0.3151041666666667,0.0
9,mean,29,rank16,16,118272,template,canonical,24,0.1720763450358366,0.9588257672354064,0.9999908503731527,1.0,1.0,1.0
9,mean,29,rank16,16,118272,topic,canonical,96,0.2851871245461686,0.946956794000364,0.9999943803533395,1.0,1.0,1.0
9,mean,29,rank16,16,118272,train,canonical,168,0.2188675400217291,0.9675886887542914,0.9999962444076056,1.0,1.0,1.0
9,mean,29,rank16,16,118272,iid,paraphrase,24,0.3122373005440811,0.9536086423685013,0.9999720648016499,0.5833333333333334,0.7916666666666666,0.5833333333333334
9,mean,29,rank16,16,118272,topic,paraphrase,96,0.308711450345251,0.9422017780848765,0.9999737890704115,0.6354166666666666,0.8177083333333334,0.6354166666666666
9,mean,29,rank16,16,118272,template,paraphrase,24,5.046589101967711,0.7291755715407815,0.9999751012093454,1.0,1.0,1.0
9,mean,29,rank16,16,118272,expression,paraphrase,24,112.50839770664754,-0.6552587245010759,0.9995433125482824,0.0,0.37847222222222215,0.0
9,mean,29,rank16,16,118272,joint,paraphrase,96,78.63038337141857,-0.7172106052769851,0.9995560606366748,0.0,0.33159722222222227,0.0
9,mean,29,rank32,32,232960,dev,canonical,48,0.25260313864974154,0.9578331805083027,0.9999965966498098,1.0,1.0,1.0
9,mean,29,rank32,32,232960,expression,canonical,24,75.79035427824549,-0.8976132749703467,0.9995938716130638,0.0,0.4236111111111111,0.0
9,mean,29,rank32,32,232960,iid,canonical,24,0.2900436246336168,0.9573933141951131,0.9999959904406399,1.0,1.0,1.0
9,mean,29,rank32,32,232960,joint,canonical,96,68.0943786876551,-0.8798601240351116,0.9996924455121823,0.0,0.31597222222222227,0.0
9,mean,29,rank32,32,232960,template,canonical,24,0.17171040166730248,0.958913329749775,0.9999911807261462,1.0,1.0,1.0
9,mean,29,rank32,32,232960,topic,canonical,96,0.2842492441588888,0.9471312344933024,0.9999951872983442,1.0,1.0,1.0
9,mean,29,rank32,32,232960,train,canonical,168,0.21731480174274734,0.9678186282128252,0.9999973871032873,1.0,1.0,1.0
9,mean,29,rank32,32,232960,iid,paraphrase,24,0.3115209120826024,0.953715081391839,0.9999727270802437,0.75,0.875,0.75
9,mean,29,rank32,32,232960,topic,paraphrase,96,0.30792596546192047,0.9423488397813149,0.9999745946514569,0.6979166666666666,0.8489583333333334,0.6979166666666666
9,mean,29,rank32,32,232960,template,paraphrase,24,5.045735430795829,0.729221383673005,0.9999757840524968,1.0,1.0,1.0
9,mean,29,rank32,32,232960,expression,paraphrase,24,112.50980388648384,-0.6552794126584907,0.9995418311163791,0.0,0.37847222222222215,0.0
9,mean,29,rank32,32,232960,joint,paraphrase,96,78.63142339350794,-0.7172333183413886,0.9995564659777495,0.0,0.33159722222222227,0.0
9,mean,43,identity,0,0,dev,canonical,48,5.990566556708875,0.0,0.9999662594727442,0.0,0.5,0.0
9,mean,43,identity,0,0,expression,canonical,24,39.939831407128956,0.0,0.9996209303314875,0.0,0.4375,0.0
9,mean,43,identity,0,0,iid,canonical,24,6.807467399878111,0.0,0.999963289157718,0.0,0.5,0.0
9,mean,43,identity,0,0,joint,canonical,96,36.22310927128493,0.0,0.9997140845804098,0.0,0.3333333333333333,0.0
9,mean,43,identity,0,0,template,canonical,24,4.1792240797698055,0.0,0.999976046495688,0.0,0.5,0.0
9,mean,43,identity,0,0,topic,canonical,96,5.376506174007019,0.0,0.99996692102532,0.0,0.5,0.0
9,mean,43,identity,0,0,train,canonical,168,6.7528134965754605,0.0,0.9999654730825811,0.0,0.5,0.0
9,mean,43,identity,0,0,iid,paraphrase,24,6.7305057770518575,0.0,0.9999699005154316,0.0,0.5,0.0
9,mean,43,identity,0,0,topic,paraphrase,96,5.341192862275122,0.0,0.9999724571358465,0.0,0.5,0.0
9,mean,43,identity,0,0,template,paraphrase,24,18.63417244404022,0.0,0.999960105854353,0.0,0.5,0.0
9,mean,43,identity,0,0,expression,paraphrase,24,67.97027923266772,0.0,0.9995700787227415,0.0,0.4166666666666667,0.0
9,mean,43,identity,0,0,joint,paraphrase,96,45.78959804335447,0.0,0.9995599396622804,0.0,0.42534722222222227,0.0
9,mean,43,shift,0,3584,dev,canonical,48,0.7322126392588162,0.8777723889172375,0.9999905107491461,1.0,1.0,1.0
9,mean,43,shift,0,3584,expression,canonical,24,73.78976237388166,-0.8475231310243023,0.9996158355274437,0.0,0.4375,0.0
9,mean,43,shift,0,3584,iid,canonical,24,0.8210320400583648,0.8793924389453461,0.9999890270453372,0.9583333333333334,0.9791666666666666,0.9583333333333334
9,mean,43,shift,0,3584,joint,canonical,96,69.36725364525942,-0.9149999831805928,0.9996925234669186,0.0,0.3107638888888889,0.0
9,mean,43,shift,0,3584,template,canonical,24,0.49403463063731007,0.8817879536470028,0.999987821968164,1.0,1.0,1.0
9,mean,43,shift,0,3584,topic,canonical,96,1.0401649037602567,0.8065351605492458,0.9999893483986747,1.0,1.0,1.0
9,mean,43,shift,0,3584,train,canonical,168,1.0316888870726306,0.8472208824372495,0.9999899256983382,0.9880952380952381,0.9940476190476191,0.9880952380952381
9,mean,43,shift,0,3584,iid,paraphrase,24,0.8244826620092173,0.8775006382402419,0.999971165990191,0.2916666666666667,0.6458333333333334,0.2916666666666667
9,mean,43,shift,0,3584,topic,paraphrase,96,1.0589827308462696,0.8017329165689052,0.9999710072224985,0.4375,0.71875,0.4375
9,mean,43,shift,0,3584,template,paraphrase,24,4.585853109166167,0.7539008977759641,0.9999733057264958,0.9583333333333334,0.9791666666666666,0.9583333333333334
9,mean,43,shift,0,3584,expression,paraphrase,24,110.6590182211877,-0.6280500752747094,0.9995630967950845,0.0,0.38888888888888884,0.0
9,mean,43,shift,0,3584,joint,paraphrase,96,82.19321647906212,-0.7950193928594875,0.9995584895023478,0.0,0.31597222222222227,0.0
9,mean,43,lowrank,32,232960,dev,canonical,48,0.2851243727737555,0.9524044395342803,0.999996514410138,1.0,1.0,1.0
9,mean,43,lowrank,32,232960,expression,canonical,24,74.55789430887738,-0.8667553588012733,0.9995947727853994,0.0,0.4236111111111111,0.0
9,mean,43,lowrank,32,232960,iid,canonical,24,0.14548128389502002,0.9786291618675067,0.9999962729469715,1.0,1.0,1.0
9,mean,43,lowrank,32,232960,joint,canonical,96,66.77575406882558,-0.843457268362122,0.9996922229896429,0.0,0.3194444444444445,0.0
9,mean,43,lowrank,32,232960,template,canonical,24,0.06639983598014554,0.9841119225213205,0.9999914875038236,1.0,1.0,1.0
9,mean,43,lowrank,32,232960,topic,canonical,96,0.15362704253742093,0.9714262315404494,0.9999952309876236,1.0,1.0,1.0
9,mean,43,lowrank,32,232960,train,canonical,168,0.14744844498335788,0.9781648871158469,0.999997473606637,1.0,1.0,1.0
9,mean,43,lowrank,32,232960,iid,paraphrase,24,0.18088095282534208,0.9731252065124038,0.9999724411287865,0.6666666666666666,0.8333333333333334,0.6666666666666666
9,mean,43,lowrank,32,232960,topic,paraphrase,96,0.18896056099181968,0.9646220299726584,0.9999743375682998,0.6666666666666666,0.8333333333333334,0.6666666666666666
9,mean,43,lowrank,32,232960,template,paraphrase,24,5.398826173713862,0.7102728232269542,0.9999753728729804,1.0,1.0,1.0
9,mean,43,lowrank,32,232960,expression,paraphrase,24,111.43772180256622,-0.6395066058373242,0.9995430339424134,0.0,0.37152777777777773,0.0
9,mean,43,lowrank,32,232960,joint,paraphrase,96,77.20104204672599,-0.6859951898601635,0.99955632404601,0.0,0.3350694444444445,0.0
9,mean,43,full_delta,0,12848640,dev,canonical,48,0.28478073031067336,0.95246180346803,0.9999968139339535,1.0,1.0,1.0
9,mean,43,full_delta,0,12848640,expression,canonical,24,74.55789152486962,-0.866755289096228,0.9995947046956788,0.0,0.4236111111111111,0.0
9,mean,43,full_delta,0,12848640,iid,canonical,24,0.1451253476111742,0.9786814480207761,0.9999965361439891,1.0,1.0,1.0
9,mean,43,full_delta,0,12848640,joint,canonical,96,66.77549577178739,-0.8434501376369197,0.9996924885842624,0.0,0.3194444444444445,0.0
9,mean,43,full_delta,0,12848640,template,canonical,24,0.06638535704443167,0.984115387024644,0.9999915023253511,1.0,1.0,1.0
9,mean,43,full_delta,0,12848640,topic,canonical,96,0.15348151038542363,0.97145329970466,0.9999953510562875,1.0,1.0,1.0
9,mean,43,full_delta,0,12848640,train,canonical,168,0.14698054023598556,0.9782341774564745,0.9999978279589199,1.0,1.0,1.0
9,mean,43,full_delta,0,12848640,iid,paraphrase,24,0.18069201582537375,0.9731532782511745,0.9999725843237767,0.6666666666666666,0.8333333333333334,0.6666666666666666
9,mean,43,full_delta,0,12848640,topic,paraphrase,96,0.18886752019003286,0.9646394494525735,0.9999744157316188,0.6770833333333334,0.8385416666666666,0.6770833333333334
9,mean,43,full_delta,0,12848640,template,paraphrase,24,5.398897127555688,0.7102690154999387,0.999975428406143,1.0,1.0,1.0
9,mean,43,full_delta,0,12848640,expression,paraphrase,24,111.4378592576905,-0.6395086281200901,0.9995429409948547,0.0,0.37152777777777773,0.0
9,mean,43,full_delta,0,12848640,joint,paraphrase,96,77.200747294892,-0.6859887527686277,0.9995561302567472,0.0,0.33159722222222227,0.0
9,mean,43,full_affine,0,12848640,dev,canonical,48,0.297878759729619,0.9502753609512905,0.9999854662031158,1.0,1.0,1.0
9,mean,43,full_affine,0,12848640,expression,canonical,24,74.55524150853846,-0.8666889388829748,0.9995826154742113,0.0,0.40277777777777773,0.0
9,mean,43,full_affine,0,12848640,iid,canonical,24,0.16146413063083545,0.9762813215038346,0.9999842248698938,1.0,1.0,1.0
9,mean,43,full_affine,0,12848640,joint,canonical,96,66.78625918400819,-0.8437472797773191,0.9996277251503155,0.0,0.2421875,0.0
9,mean,43,full_affine,0,12848640,template,canonical,24,0.28874727653370214,0.9309088790114345,0.9997871031334352,0.9583333333333334,0.9791666666666666,1.0
9,mean,43,full_affine,0,12848640,topic,canonical,96,0.19511689284289005,0.9637093520349345,0.9999584560370284,1.0,1.0,1.0
9,mean,43,full_affine,0,12848640,train,canonical,168,0.15706927351156152,0.9767401730269589,0.9999897808587063,1.0,1.0,1.0
9,mean,43,full_affine,0,12848640,iid,paraphrase,24,0.17327372074964376,0.9742554680897187,0.9999775510851938,1.0,1.0,1.0
9,mean,43,full_affine,0,12848640,topic,paraphrase,96,0.21256482081976266,0.960202743787608,0.9999519442933389,1.0,1.0,1.0
9,mean,43,full_affine,0,12848640,template,paraphrase,24,5.6940584853163285,0.6944292266041864,0.9997173323284333,0.3333333333333333,0.5868055555555555,1.0
9,mean,43,full_affine,0,12848640,expression,paraphrase,24,111.41129875468152,-0.6391178616952817,0.999531820603338,0.0,0.31666666666666665,0.0
9,mean,43,full_affine,0,12848640,joint,paraphrase,96,77.13914044413622,-0.6846433194521473,0.9995704243626102,0.0,0.21475694444444446,0.041666666666666664
9,mean,43,shuffled,32,232960,dev,canonical,48,18.801167504904313,-2.1384623352275023,0.9998327446807757,0.6875,0.8125,1.0
9,mean,43,shuffled,32,232960,expression,canonical,24,92.2230505382904,-1.3090495700447367,0.9996337541797226,0.0,0.2652777777777778,0.0
9,mean,43,shuffled,32,232960,iid,canonical,24,22.396863683303916,-2.290043472511515,0.999788859209251,0.625,0.7708333333333334,1.0
9,mean,43,shuffled,32,232960,joint,canonical,96,129.18010988425496,-2.5662347181957577,0.9996459492234714,0.0,0.2703125,0.0
9,mean,43,shuffled,32,232960,template,canonical,24,13.571732742833676,-2.247428825013187,0.9999097122899449,0.9583333333333334,0.9791666666666666,1.0
9,mean,43,shuffled,32,232960,topic,canonical,96,26.98998093121746,-4.019985108861557,0.9998328242988016,0.8020833333333334,0.8854166666666666,1.0
9,mean,43,shuffled,32,232960,train,canonical,168,27.805980216513337,-3.1176881651795245,0.9998080648751739,0.8571428571428571,0.9166666666666666,1.0
9,mean,43,shuffled,32,232960,iid,paraphrase,24,21.35794201444364,-2.173304164935877,0.9997762220473495,0.4583333333333333,0.6562499999999999,0.5416666666666666
9,mean,43,shuffled,32,232960,topic,paraphrase,96,27.351554476554412,-4.120870034433433,0.9998199791351579,0.5416666666666666,0.7473958333333334,0.71875
9,mean,43,shuffled,32,232960,template,paraphrase,24,11.575381887826568,0.37880891021115726,0.9998824562221413,1.0,1.0,1.0
9,mean,43,shuffled,32,232960,expression,paraphrase,24,135.74912242793445,-0.9971835331624035,0.9995789658345128,0.0,0.23958333333333334,0.0
9,mean,43,shuffled,32,232960,joint,paraphrase,96,175.90253280696163,-2.8415391338533644,0.9995219697978207,0.0,0.27968750000000003,0.0
9,mean,43,random_subspace,32,118272,dev,canonical,48,0.7295300638539844,0.8782201888672818,0.9999880111612831,1.0,1.0,1.0
9,mean,43,random_subspace,32,118272,expression,canonical,24,73.79477756817165,-0.8476486997639114,0.9996133192919104,0.0,0.4375,0.0
9,mean,43,random_subspace,32,118272,iid,canonical,24,0.8170320129962301,0.8799800329545671,0.9999869043511821,1.0,1.0,1.0
9,mean,43,random_subspace,32,118272,joint,canonical,96,69.3509473497227,-0.9145498204015061,0.9996915485500141,0.0,0.30989583333333337,0.0
9,mean,43,random_subspace,32,118272,template,canonical,24,0.49142751263295265,0.8824117818875075,0.9999861953155441,1.0,1.0,1.0
9,mean,43,random_subspace,32,118272,topic,canonical,96,1.035016439201293,0.8074927460875744,0.9999861450293618,1.0,1.0,1.0
9,mean,43,random_subspace,32,118272,train,canonical,168,1.0265472133544942,0.8479822945095278,0.9999870565725792,0.9940476190476191,0.9970238095238095,0.9940476190476191
9,mean,43,random_subspace,32,118272,iid,paraphrase,24,0.8207007554413362,0.8780625434956799,0.9999691269633871,0.2916666666666667,0.6458333333333334,0.2916666666666667
9,mean,43,random_subspace,32,118272,topic,paraphrase,96,1.0538718004574268,0.8026898058856984,0.9999679925894385,0.4375,0.71875,0.4375
9,mean,43,random_subspace,32,118272,template,paraphrase,24,4.590694560640366,0.7536410820267679,0.9999707454546364,0.9583333333333334,0.9791666666666666,0.9583333333333334
9,mean,43,random_subspace,32,118272,expression,paraphrase,24,110.66387584473792,-0.6281215421511892,0.9995607231128915,0.0,0.38888888888888884,0.0
9,mean,43,random_subspace,32,118272,joint,paraphrase,96,82.16323241298691,-0.7943645702063862,0.9995567300564564,0.0,0.3185763888888889,0.0
9,mean,43,rank1,1,10752,dev,canonical,48,0.29132217176975544,0.951369846405679,0.9999914450116103,1.0,1.0,1.0
9,mean,43,rank1,1,10752,expression,canonical,24,74.53747990635931,-0.8662442298906383,0.9996123839343726,0.0,0.4236111111111111,0.0
9,mean,43,rank1,1,10752,iid,canonical,24,0.15393482438822417,0.9773873578313456,0.9999903055386868,1.0,1.0,1.0
9,mean,43,rank1,1,10752,joint,canonical,96,66.7857388875927,-0.8437329161176015,0.9996935991023798,0.0,0.3211805555555556,0.0
9,mean,43,rank1,1,10752,template,canonical,24,0.06996050405880962,0.9832599299000346,0.9999882983153136,1.0,1.0,1.0
9,mean,43,rank1,1,10752,topic,canonical,96,0.15907009095703334,0.9704138550558975,0.9999907821859418,1.0,1.0,1.0
9,mean,43,rank1,1,10752,train,canonical,168,0.15599259854891465,0.9768996139715657,0.9999911807439364,0.9821428571428571,0.9910714285714286,0.9821428571428571
9,mean,43,rank1,1,10752,iid,paraphrase,24,0.18179546534811883,0.9729893307620412,0.9999715401129977,0.20833333333333334,0.6041666666666666,0.20833333333333334
9,mean,43,rank1,1,10752,topic,paraphrase,96,0.1909344986673742,0.9642524612777146,0.9999724232314855,0.3125,0.65625,0.3125
9,mean,43,rank1,1,10752,template,paraphrase,24,5.397199610907733,0.7103601124699304,0.9999737398336374,0.9166666666666666,0.9583333333333334,0.9166666666666666
9,mean,43,rank1,1,10752,expression,paraphrase,24,111.41709168435334,-0.6392030890878599,0.9995598516498645,0.0,0.375,0.0
9,mean,43,rank1,1,10752,joint,paraphrase,96,77.21289302562319,-0.6862540036389171,0.999557470466241,0.0,0.3350694444444445,0.0
9,mean,43,rank2,2,17920,dev,canonical,48,0.29030062146174196,0.9515403728990153,0.9999921818613483,1.0,1.0,1.0
9,mean,43,rank2,2,17920,expression,canonical,24,74.54757575004149,-0.866497006212583,0.9996056159205834,0.0,0.4236111111111111,0.0
9,mean,43,rank2,2,17920,iid,canonical,24,0.15275817501651615,0.9775602046923866,0.9999910513267706,1.0,1.0,1.0
9,mean,43,rank2,2,17920,joint,canonical,96,66.77346216875718,-0.8433939965968178,0.9996929762394157,0.0,0.3185763888888889,0.0
9,mean,43,rank2,2,17920,template,canonical,24,0.06857502359429898,0.9835914460949229,0.9999893913251553,1.0,1.0,1.0
9,mean,43,rank2,2,17920,topic,canonical,96,0.15820867980065473,0.9705740727006839,0.9999914821150627,1.0,1.0,1.0
9,mean,43,rank2,2,17920,train,canonical,168,0.15478673966646098,0.9770781853008442,0.9999920875198921,1.0,1.0,1.0
9,mean,43,rank2,2,17920,iid,paraphrase,24,0.18232846277103623,0.9729101394738122,0.9999711332613037,0.20833333333333334,0.6041666666666666,0.20833333333333334
9,mean,43,rank2,2,17920,topic,paraphrase,96,0.191108734926157,0.9642198400518432,0.9999722953706426,0.3125,0.65625,0.3125
9,mean,43,rank2,2,17920,template,paraphrase,24,5.400669406917207,0.7101739064004151,0.9999737361022122,0.9583333333333334,0.9791666666666666,0.9583333333333334
9,mean,43,rank2,2,17920,expression,paraphrase,24,111.42633668386792,-0.6393391044113064,0.9995537381905267,0.0,0.375,0.0
9,mean,43,rank2,2,17920,joint,paraphrase,96,77.19887597549136,-0.6859478849846639,0.9995591016508278,0.0,0.3359375,0.0
9,mean,43,rank4,4,32256,dev,canonical,48,0.28946931923683034,0.9516791414473725,0.9999929619409865,1.0,1.0,1.0
9,mean,43,rank4,4,32256,expression,canonical,24,74.54895689296603,-0.8665315868023322,0.999602407291453,0.0,0.4236111111111111,0.0
9,mean,43,rank4,4,32256,iid,canonical,24,0.15084237685195673,0.9778416306694825,0.9999923994680945,1.0,1.0,1.0
9,mean,43,rank4,4,32256,joint,canonical,96,66.77559794501457,-0.8434529583011099,0.999692421236804,0.0,0.3203125,0.0
9,mean,43,rank4,4,32256,template,canonical,24,0.06827002643604742,0.9836644254691872,0.9999896676460152,1.0,1.0,1.0
9,mean,43,rank4,4,32256,topic,canonical,96,0.15724938733616023,0.9707524957199175,0.9999922751742395,1.0,1.0,1.0
9,mean,43,rank4,4,32256,train,canonical,168,0.15331808509530465,0.9772956731038024,0.9999931474581044,1.0,1.0,1.0
9,mean,43,rank4,4,32256,iid,paraphrase,24,0.18253896504381217,0.9728788636262387,0.9999710962285775,0.20833333333333334,0.6041666666666666,0.20833333333333334
9,mean,43,rank4,4,32256,topic,paraphrase,96,0.1908870392248447,0.9642613468288926,0.9999725718377818,0.3333333333333333,0.6666666666666666,0.3333333333333333
9,mean,43,rank4,4,32256,template,paraphrase,24,5.40072279078921,0.7101710415631295,0.9999736018179087,0.9583333333333334,0.9791666666666666,0.9583333333333334
9,mean,43,rank4,4,32256,expression,paraphrase,24,111.4276927889938,-0.6393590558539248,0.9995509344153586,0.0,0.375,0.0
9,mean,43,rank4,4,32256,joint,paraphrase,96,77.20082802699001,-0.6859905158786235,0.9995570849617654,0.0,0.3342013888888889,0.0
9,mean,43,rank8,8,60928,dev,canonical,48,0.2879403441160719,0.9519343719178605,0.9999941529016748,1.0,1.0,1.0
9,mean,43,rank8,8,60928,expression,canonical,24,74.55403153524269,-0.866658643980539,0.9995987136127326,0.0,0.4236111111111111,0.0
9,mean,43,rank8,8,60928,iid,canonical,24,0.14934313371467045,0.9780618657509333,0.9999934426940964,1.0,1.0,1.0
9,mean,43,rank8,8,60928,joint,canonical,96,66.77808258184633,-0.8435215508897018,0.9996921419244437,0.0,0.3194444444444445,0.0
9,mean,43,rank8,8,60928,template,canonical,24,0.06740705338219732,0.9838709166831968,0.9999905212087766,1.0,1.0,1.0
9,mean,43,rank8,8,60928,topic,canonical,96,0.15588558638104533,0.9710061550501548,0.9999933810244229,1.0,1.0,1.0
9,mean,43,rank8,8,60928,train,canonical,168,0.15132153244791194,0.9775913354449,0.9999945953728628,1.0,1.0,1.0
9,mean,43,rank8,8,60928,iid,paraphrase,24,0.1826294889086507,0.9728654138398724,0.9999710333515136,0.4166666666666667,0.7083333333333334,0.4166666666666667
9,mean,43,rank8,8,60928,topic,paraphrase,96,0.19047507300908606,0.9643384768308194,0.9999729380866832,0.46875,0.734375,0.46875
9,mean,43,rank8,8,60928,template,paraphrase,24,5.399872572926633,0.7102166683740401,0.9999740988962907,1.0,1.0,1.0
9,mean,43,rank8,8,60928,expression,paraphrase,24,111.4331717899043,-0.6394396646284124,0.9995472107950315,0.0,0.37152777777777773,0.0
9,mean,43,rank8,8,60928,joint,paraphrase,96,77.20263510205865,-0.6860299806292625,0.9995565052294237,0.0,0.3385416666666667,0.0
9,mean,43,rank16,16,118272,dev,canonical,48,0.2861765782607468,0.9522287957989123,0.9999956741388031,1.0,1.0,1.0
9,mean,43,rank16,16,118272,expression,canonical,24,74.55689778779228,-0.8667304082431464,0.9995957924265567,0.0,0.4236111111111111,0.0
9,mean,43,rank16,16,118272,iid,canonical,24,0.1473515672485323,0.9783544219027519,0.9999949189453954,1.0,1.0,1.0
9,mean,43,rank16,16,118272,joint,canonical,96,66.77692575279447,-0.8434896146734261,0.9996918026608639,0.0,0.31770833333333337,0.0
9,mean,43,rank16,16,118272,template,canonical,24,0.06692388296229637,0.9839865291535211,0.9999910035446945,1.0,1.0,1.0
9,mean,43,rank16,16,118272,topic,canonical,96,0.1545121682831496,0.9712616031150217,0.9999944944104883,1.0,1.0,1.0
9,mean,43,rank16,16,118272,train,canonical,168,0.14900053026439064,0.977935044357444,0.9999963077691789,1.0,1.0,1.0
9,mean,43,rank16,16,118272,iid,paraphrase,24,0.18161345791315556,0.9730163729251404,0.9999718831981838,0.625,0.8125,0.625
9,mean,43,rank16,16,118272,topic,paraphrase,96,0.1895071864118124,0.964519688523082,0.9999738443388297,0.625,0.8125,0.625
9,mean,43,rank16,16,118272,template,paraphrase,24,5.3995815943513135,0.7102322836945589,0.9999746476288266,1.0,1.0,1.0
9,mean,43,rank16,16,118272,expression,paraphrase,24,111.43643378281399,-0.6394876560880107,0.9995439140387967,0.0,0.37152777777777773,0.0
9,mean,43,rank16,16,118272,joint,paraphrase,96,77.2008618770763,-0.685991255131374,0.9995566377882676,0.0,0.3350694444444445,0.0
9,mean,43,rank32,32,232960,dev,canonical,48,0.2851243727737555,0.9524044395342803,0.999996514410138,1.0,1.0,1.0
9,mean,43,rank32,32,232960,expression,canonical,24,74.55789430887738,-0.8667553588012733,0.9995947727853994,0.0,0.4236111111111111,0.0
9,mean,43,rank32,32,232960,iid,canonical,24,0.14548128389502002,0.9786291618675067,0.9999962729469715,1.0,1.0,1.0
9,mean,43,rank32,32,232960,joint,canonical,96,66.77575406882558,-0.843457268362122,0.9996922229896429,0.0,0.3194444444444445,0.0
9,mean,43,rank32,32,232960,template,canonical,24,0.06639983598014554,0.9841119225213205,0.9999914875038236,1.0,1.0,1.0
9,mean,43,rank32,32,232960,topic,canonical,96,0.15362704253742093,0.9714262315404494,0.9999952309876236,1.0,1.0,1.0
9,mean,43,rank32,32,232960,train,canonical,168,0.14744844498335788,0.9781648871158469,0.999997473606637,1.0,1.0,1.0
9,mean,43,rank32,32,232960,iid,paraphrase,24,0.18088095282534208,0.9731252065124038,0.9999724411287865,0.6666666666666666,0.8333333333333334,0.6666666666666666
9,mean,43,rank32,32,232960,topic,paraphrase,96,0.18896056099181968,0.9646220299726584,0.9999743375682998,0.6666666666666666,0.8333333333333334,0.6666666666666666
9,mean,43,rank32,32,232960,template,paraphrase,24,5.398826173713862,0.7102728232269542,0.9999753728729804,1.0,1.0,1.0
9,mean,43,rank32,32,232960,expression,paraphrase,24,111.43772180256622,-0.6395066058373242,0.9995430339424134,0.0,0.37152777777777773,0.0
9,mean,43,rank32,32,232960,joint,paraphrase,96,77.20104204672599,-0.6859951898601635,0.99955632404601,0.0,0.3350694444444445,0.0
14,last,17,identity,0,0,dev,canonical,48,0.3192917797499455,0.0,0.8708424502152242,0.0,0.4375,0.0
14,last,17,identity,0,0,expression,canonical,24,0.8001432657821859,0.0,0.6607178848472232,0.0,0.22916666666666666,0.0
14,last,17,identity,0,0,iid,canonical,24,0.3252082616643788,0.0,0.8691088158932171,0.0,0.4930555555555555,0.0
14,last,17,identity,0,0,joint,canonical,96,0.879616657972063,0.0,0.6397058624989757,0.0,0.2425347222222222,0.0
14,last,17,identity,0,0,template,canonical,24,0.36429143416128323,0.0,0.85466793814643,0.0,0.4861111111111111,0.0
14,last,17,identity,0,0,topic,canonical,96,0.3063205574772159,0.0,0.8753055888339382,0.0,0.48784722222222215,0.0
14,last,17,identity,0,0,train,canonical,168,0.3212760877971795,0.0,0.8698956098389322,0.0,0.47123015873015867,0.0
14,last,17,identity,0,0,iid,paraphrase,24,0.3144903343643303,0.0,0.8737928115466312,0.0,0.5,0.0
14,last,17,identity,0,0,topic,paraphrase,96,0.2882401127806783,0.0,0.8837453956611903,0.0,0.5,0.0
14,last,17,identity,0,0,template,paraphrase,24,0.39725205570938876,0.0,0.8510299678088868,0.0,0.5,0.0
14,last,17,identity,0,0,expression,paraphrase,24,0.7192596345327885,0.0,0.6920639012693449,0.0,0.23750000000000002,0.0
14,last,17,identity,0,0,joint,paraphrase,96,0.8357699045943958,0.0,0.6524267032408761,0.0,0.26406250000000003,0.0
14,last,17,shift,0,3584,dev,canonical,48,0.14684561769358281,0.5400895763474227,0.9429460900591738,0.7708333333333334,0.8854166666666666,0.7708333333333334
14,last,17,shift,0,3584,expression,canonical,24,0.7282196178690131,0.0898884624653602,0.7038448208570998,0.0,0.22916666666666666,0.0
14,last,17,shift,0,3584,iid,canonical,24,0.15582900289063698,0.5208331974928253,0.9400204624579547,0.7083333333333334,0.8541666666666666,0.7083333333333334
14,last,17,shift,0,3584,joint,canonical,96,0.8403345133926633,0.0446582545059615,0.6733681503109672,0.0,0.24097222222222223,0.0
14,last,17,shift,0,3584,template,canonical,24,0.24493578119631743,0.3276378244790772,0.9068141393766885,0.041666666666666664,0.5208333333333334,0.041666666666666664
14,last,17,shift,0,3584,topic,canonical,96,0.15175106351042278,0.5046004592045377,0.9406205871123424,0.7708333333333334,0.8854166666666666,0.7708333333333334
14,last,17,shift,0,3584,train,canonical,168,0.15192834586704765,0.5271096989858781,0.9408800309498103,0.7142857142857143,0.8571428571428571,0.7142857142857143
14,last,17,shift,0,3584,iid,paraphrase,24,0.25854327776546365,0.1778975392421861,0.9045280963345131,0.0,0.5,0.0
14,last,17,shift,0,3584,topic,paraphrase,96,0.24120795155147623,0.16317007641815906,0.9097571861032095,0.03125,0.5138888888888888,0.03125
14,last,17,shift,0,3584,template,paraphrase,24,0.3284632570845588,0.17316159258632668,0.8823305935749524,0.0,0.5,0.0
14,last,17,shift,0,3584,expression,paraphrase,24,0.774534150323691,-0.07684918371209215,0.6974079593600168,0.0,0.23194444444444443,0.0
14,last,17,shift,0,3584,joint,paraphrase,96,0.8722806604876313,-0.0436851766168278,0.6625345350484131,0.0,0.24392361111111113,0.0
14,last,17,lowrank,32,232960,dev,canonical,48,0.08425462140129221,0.7361202926449391,0.9670650974699097,1.0,1.0,1.0
14,last,17,lowrank,32,232960,expression,canonical,24,0.7199593160803701,0.10021199094068656,0.7078380175379069,0.0,0.23124999999999998,0.0
14,last,17,lowrank,32,232960,iid,canonical,24,0.09090363222698424,0.7204756368680494,0.9646937766459552,1.0,1.0,1.0
14,last,17,lowrank,32,232960,joint,canonical,96,0.8465877947549174,0.037549156121364224,0.6788411402826763,0.0,0.24062499999999998,0.0
14,last,17,lowrank,32,232960,template,canonical,24,0.21481402734638388,0.4103236936082363,0.9196064189074925,0.75,0.875,0.75
14,last,17,lowrank,32,232960,topic,canonical,96,0.1024556629161758,0.6655279562038652,0.9599534852041618,1.0,1.0,1.0
14,last,17,lowrank,32,232960,train,canonical,168,0.05971729995660332,0.8141246665257496,0.9766123015447974,1.0,1.0,1.0
14,last,17,lowrank,32,232960,iid,paraphrase,24,0.23233524095972827,0.2612324908829381,0.9143549246201411,0.20833333333333334,0.6041666666666666,0.20833333333333334
14,last,17,lowrank,32,232960,topic,paraphrase,96,0.22257952748712384,0.22779822232277414,0.9175013945924967,0.21875,0.609375,0.21875
14,last,17,lowrank,32,232960,template,paraphrase,24,0.30185897198409656,0.240132385356559,0.8930761445757743,0.041666666666666664,0.5208333333333334,0.041666666666666664
14,last,17,lowrank,32,232960,expression,paraphrase,24,0.7888131571027378,-0.09670155147122839,0.6945514076245635,0.0,0.22777777777777777,0.0
14,last,17,lowrank,32,232960,joint,paraphrase,96,0.8878050248060663,-0.06226010284125194,0.6628767613299488,0.0,0.24600694444444446,0.0
14,last,17,full_delta,0,12848640,dev,canonical,48,0.07196268324354728,0.7746178016236274,0.9717653983116646,1.0,1.0,1.0
14,last,17,full_delta,0,12848640,expression,canonical,24,0.7147402073128758,0.10673470879720981,0.7090137155853012,0.0,0.2333333333333333,0.0
14,last,17,full_delta,0,12848640,iid,canonical,24,0.0759864838234245,0.7663451616064907,0.9705842333303888,1.0,1.0,1.0
14,last,17,full_delta,0,12848640,joint,canonical,96,0.8489667482900082,0.03484462169317881,0.676716280104813,0.0,0.24062499999999998,0.0
14,last,17,full_delta,0,12848640,template,canonical,24,0.21242896444535173,0.416870822300744,0.9202382933344091,0.7916666666666666,0.8958333333333334,0.7916666666666666
14,last,17,full_delta,0,12848640,topic,canonical,96,0.09544209028827223,0.6884241427532294,0.9626903577562399,1.0,1.0,1.0
14,last,17,full_delta,0,12848640,train,canonical,168,0.030081108917114758,0.9063699103056033,0.9883137947313718,1.0,1.0,1.0
14,last,17,full_delta,0,12848640,iid,paraphrase,24,0.224664670878587,0.28562297047158924,0.9168554333790052,0.3333333333333333,0.6666666666666666,0.3333333333333333
14,last,17,full_delta,0,12848640,topic,paraphrase,96,0.2183115910202699,0.24260510130183355,0.9187964924564165,0.3229166666666667,0.6614583333333334,0.3229166666666667
14,last,17,full_delta,0,12848640,template,paraphrase,24,0.30039254796585835,0.24382380494057998,0.8929213747696911,0.08333333333333333,0.5416666666666666,0.08333333333333333
14,last,17,full_delta,0,12848640,expression,paraphrase,24,0.7872452131891113,-0.09452160998925563,0.6930284056449606,0.0,0.2222222222222222,0.0
14,last,17,full_delta,0,12848640,joint,paraphrase,96,0.8846819520130876,-0.05852334135246129,0.6612593338570951,0.0,0.24583333333333335,0.0
14,last,17,full_affine,0,12848640,dev,canonical,48,0.06812376943510169,0.786641016914206,0.9727541625648425,1.0,1.0,1.0
14,last,17,full_affine,0,12848640,expression,canonical,24,0.6518627598259569,0.18531744538432915,0.7263095324272982,0.0,0.2333333333333333,0.0
14,last,17,full_affine,0,12848640,iid,canonical,24,0.07065845037073627,0.7827286120927113,0.9720180021036774,1.0,1.0,1.0
14,last,17,full_affine,0,12848640,joint,canonical,96,0.6669334184208232,0.24179082742882152,0.7197764744474543,0.0,0.23506944444444447,0.0
14,last,17,full_affine,0,12848640,template,canonical,24,0.2616568904924382,0.28173746084681617,0.8951743397162227,0.9583333333333334,0.9791666666666666,1.0
14,last,17,full_affine,0,12848640,topic,canonical,96,0.10897825625766155,0.6442345980459789,0.9557276488355381,1.0,1.0,1.0
14,last,17,full_affine,0,12848640,train,canonical,168,0.028148112894296702,0.9123865299552997,0.9889152197292981,1.0,1.0,1.0
14,last,17,full_affine,0,12848640,iid,paraphrase,24,0.12787069299148804,0.5934034244647004,0.9485330922446519,1.0,1.0,1.0
14,last,17,full_affine,0,12848640,topic,paraphrase,96,0.16520424232955974,0.42685200635047094,0.9330718667581025,0.9583333333333334,0.9791666666666666,0.9895833333333334
14,last,17,full_affine,0,12848640,template,paraphrase,24,0.31765229545866774,0.2003759555342679,0.8807949562486712,0.9583333333333334,0.9791666666666666,1.0
14,last,17,full_affine,0,12848640,expression,paraphrase,24,0.6174349352241152,0.14156876657594708,0.7316929774251366,0.0,0.21458333333333335,0.0
14,last,17,full_affine,0,12848640,joint,paraphrase,96,0.6481299602999673,0.2245114872681272,0.7168884225613287,0.0,0.23229166666666667,0.0
14,last,17,shuffled,32,232960,dev,canonical,48,0.23563099534200113,0.2620198505375353,0.905745962636772,0.7083333333333334,0.8472222222222223,0.9583333333333334
14,last,17,shuffled,32,232960,expression,canonical,24,0.6621110518528276,0.1725093740486885,0.7195548357819308,0.0,0.225,0.0
14,last,17,shuffled,32,232960,iid,canonical,24,0.25974514195232307,0.20129599222671324,0.8960132203366368,0.9166666666666666,0.9583333333333334,1.0
14,last,17,shuffled,32,232960,joint,canonical,96,0.8533982635796473,0.029806614227681383,0.6697006163813732,0.0,0.23506944444444444,0.0
14,last,17,shuffled,32,232960,template,canonical,24,0.32221908431958585,0.11549091166132286,0.87741754562684,0.2916666666666667,0.6458333333333334,0.2916666666666667
14,last,17,shuffled,32,232960,topic,canonical,96,0.23450481506991805,0.23444636885867354,0.9063190783569605,0.96875,0.984375,0.9791666666666666
14,last,17,shuffled,32,232960,train,canonical,168,0.28102379655977566,0.12528878670489463,0.8870812093755405,0.7976190476190477,0.8943452380952381,0.9880952380952381
14,last,17,shuffled,32,232960,iid,paraphrase,24,0.35530784004610166,-0.12978938053620803,0.865290225662239,0.08333333333333333,0.5277777777777778,0.08333333333333333
14,last,17,shuffled,32,232960,topic,paraphrase,96,0.32515880771975475,-0.1280831268865339,0.8762534347704457,0.15625,0.5572916666666666,0.15625
14,last,17,shuffled,32,232960,template,paraphrase,24,0.4377593581412708,-0.10196876730957771,0.8437335363777536,0.0,0.5,0.0
14,last,17,shuffled,32,232960,expression,paraphrase,24,0.7515653912011224,-0.04491529222172863,0.6959616662242339,0.0,0.20833333333333334,0.0
14,last,17,shuffled,32,232960,joint,paraphrase,96,0.886822096300734,-0.061084027344959546,0.6573921112318737,0.0,0.24340277777777777,0.0
14,last,17,random_subspace,32,118272,dev,canonical,48,0.14614007309397514,0.5422992937418394,0.9432188147116917,0.7708333333333334,0.8854166666666666,0.7708333333333334
14,last,17,random_subspace,32,118272,expression,canonical,24,0.7280195007836535,0.09013856403331377,0.7039421127416396,0.0,0.22916666666666666,0.0
14,last,17,random_subspace,32,118272,iid,canonical,24,0.15519874483795246,0.5227712111504702,0.9402581373847113,0.7083333333333334,0.8541666666666666,0.7083333333333334
14,last,17,random_subspace,32,118272,joint,canonical,96,0.8407278550630606,0.04421108053894718,0.6732324499211401,0.0,0.24097222222222223,0.0
14,last,17,random_subspace,32,118272,template,canonical,24,0.2447281456082755,0.3282077955752134,0.9068895769215617,0.041666666666666664,0.5208333333333334,0.041666666666666664
14,last,17,random_subspace,32,118272,topic,canonical,96,0.1511697460381981,0.5064982014814918,0.9408363343691447,0.78125,0.890625,0.78125
14,last,17,random_subspace,32,118272,train,canonical,168,0.15085394322858828,0.5304538714259311,0.9412888849264627,0.7380952380952381,0.8690476190476191,0.7380952380952381
14,last,17,random_subspace,32,118272,iid,paraphrase,24,0.2582869507084414,0.1787125946795507,0.9046107834099981,0.0,0.5,0.0
14,last,17,random_subspace,32,118272,topic,paraphrase,96,0.24119169341376775,0.16322648125908013,0.9097612860304585,0.03125,0.5138888888888888,0.03125
14,last,17,random_subspace,32,118272,template,paraphrase,24,0.328572239951152,0.17288725072949596,0.8822587995047501,0.0,0.5,0.0
14,last,17,random_subspace,32,118272,expression,paraphrase,24,0.7752965424880917,-0.07790915166774681,0.6971276261792738,0.0,0.23194444444444443,0.0
14,last,17,random_subspace,32,118272,joint,paraphrase,96,0.8725587807567757,-0.04401794795450753,0.6622978684935016,0.0,0.24392361111111113,0.0
14,last,17,rank1,1,10752,dev,canonical,48,0.13812471383209626,0.5674028503324792,0.9462787399925633,0.875,0.9375,0.875
14,last,17,rank1,1,10752,expression,canonical,24,0.7263309064526359,0.09224892901822301,0.7048617379416701,0.0,0.22708333333333333,0.0
14,last,17,rank1,1,10752,iid,canonical,24,0.14813554880660965,0.5444902043740562,0.9428428599851507,0.8333333333333334,0.9166666666666666,0.8333333333333334
14,last,17,rank1,1,10752,joint,canonical,96,0.8427750667598787,0.0418836897622219,0.6733120109586664,0.0,0.24097222222222223,0.0
14,last,17,rank1,1,10752,template,canonical,24,0.24216126493663484,0.3352540240366386,0.9076875479637426,0.041666666666666664,0.5208333333333334,0.041666666666666664
14,last,17,rank1,1,10752,topic,canonical,96,0.1437559299639177,0.5307010043731386,0.943909162336066,0.875,0.9375,0.875
14,last,17,rank1,1,10752,train,canonical,168,0.1402754973123882,0.5633802120967569,0.9453751916916544,0.8452380952380952,0.9226190476190477,0.8452380952380952
14,last,17,rank1,1,10752,iid,paraphrase,24,0.2555500316777369,0.18741530739164902,0.9051206724821285,0.0,0.5,0.0
14,last,17,rank1,1,10752,topic,paraphrase,96,0.24164070066062218,0.16166872705713087,0.9096204353238857,0.041666666666666664,0.5208333333333334,0.041666666666666664
14,last,17,rank1,1,10752,template,paraphrase,24,0.3292114960123792,0.17127805563021403,0.8821698271020469,0.0,0.5,0.0
14,last,17,rank1,1,10752,expression,paraphrase,24,0.7726448273733552,-0.07422242299923343,0.6977524420080505,0.0,0.23194444444444443,0.0
14,last,17,rank1,1,10752,joint,paraphrase,96,0.8767783493873903,-0.04906666843058449,0.6619116147893599,0.0,0.24288194444444447,0.0
14,last,17,rank2,2,17920,dev,canonical,48,0.13085594315532204,0.5901681425754138,0.9490194893880838,0.9375,0.96875,0.9375
14,last,17,rank2,2,17920,expression,canonical,24,0.7274838815607251,0.09080796818358783,0.7043782261738971,0.0,0.22708333333333333,0.0
14,last,17,rank2,2,17920,iid,canonical,24,0.14355024214736886,0.5585898051522581,0.944484784330618,0.875,0.9375,0.875
14,last,17,rank2,2,17920,joint,canonical,96,0.8436254066511198,0.04091697331417099,0.6728299877102021,0.0,0.24010416666666665,0.0
14,last,17,rank2,2,17920,template,canonical,24,0.23944319783968085,0.3427152675413393,0.9088022116505435,0.041666666666666664,0.5208333333333334,0.041666666666666664
14,last,17,rank2,2,17920,topic,canonical,96,0.13979584744892226,0.543628907572355,0.9455115501614583,0.9375,0.96875,0.9375
14,last,17,rank2,2,17920,train,canonical,168,0.1326185535619421,0.5872131210534917,0.9482964449731539,0.9226190476190477,0.9613095238095238,0.9226190476190477
14,last,17,rank2,2,17920,iid,paraphrase,24,0.2518770603743208,0.1990944304109309,0.9062302756852771,0.0,0.5,0.0
14,last,17,rank2,2,17920,topic,paraphrase,96,0.23903003045433194,0.1707260028856229,0.9105969569377804,0.052083333333333336,0.5260416666666666,0.052083333333333336
14,last,17,rank2,2,17920,template,paraphrase,24,0.3228758077679075,0.1872268421837734,0.8840362559692906,0.0,0.5,0.0
14,last,17,rank2,2,17920,expression,paraphrase,24,0.7739784827397514,-0.07607662877189925,0.6969835157683714,0.0,0.2340277777777778,0.0
14,last,17,rank2,2,17920,joint,paraphrase,96,0.8747048472204773,-0.046585719839932205,0.6613606956064148,0.0,0.24340277777777777,0.0
14,last,17,rank4,4,32256,dev,canonical,48,0.11928340714352498,0.6264125332730388,0.9534697061344453,1.0,1.0,1.0
14,last,17,rank4,4,32256,expression,canonical,24,0.7238325662638436,0.09537129509394071,0.7051636586137687,0.0,0.22708333333333333,0.0
14,last,17,rank4,4,32256,iid,canonical,24,0.1283820212182121,0.6052313660139887,0.9503328534002531,0.9583333333333334,0.9791666666666666,0.9583333333333334
14,last,17,rank4,4,32256,joint,canonical,96,0.8450361793985053,0.03931312380245533,0.6726783866432603,0.0,0.23958333333333334,0.0
14,last,17,rank4,4,32256,template,canonical,24,0.22681644997680173,0.37737638410574603,0.9137563945273106,0.25,0.625,0.25
14,last,17,rank4,4,32256,topic,canonical,96,0.12738349212096597,0.5841497117592549,0.9502587938729276,0.9791666666666666,0.9895833333333334,0.9791666666666666
14,last,17,rank4,4,32256,train,canonical,168,0.11647799633753841,0.6374520209824313,0.9545249906174476,0.9940476190476191,0.9970238095238095,0.9940476190476191
14,last,17,rank4,4,32256,iid,paraphrase,24,0.24581366177570818,0.21837450975221928,0.9087748935676654,0.0,0.5,0.0
14,last,17,rank4,4,32256,topic,paraphrase,96,0.2348770225461987,0.1851341567961554,0.912386795610551,0.07291666666666667,0.5364583333333334,0.07291666666666667
14,last,17,rank4,4,32256,template,paraphrase,24,0.311884053514154,0.21489631323062564,0.8883437617689864,0.0,0.5,0.0
14,last,17,rank4,4,32256,expression,paraphrase,24,0.7751850789179295,-0.07775418180038507,0.6972036816010583,0.0,0.23055555555555554,0.0
14,last,17,rank4,4,32256,joint,paraphrase,96,0.8799979903571705,-0.0529189738941831,0.6606409718981081,0.0,0.24427083333333335,0.0
14,last,17,rank8,8,60928,dev,canonical,48,0.10765144613876827,0.6628430389812231,0.9578343792773208,1.0,1.0,1.0
14,last,17,rank8,8,60928,expression,canonical,24,0.7237412121777255,0.09548546725538332,0.7047547649839867,0.0,0.22708333333333333,0.0
14,last,17,rank8,8,60928,iid,canonical,24,0.11554760215573567,0.6446965966843025,0.9551827744168545,1.0,1.0,1.0
14,last,17,rank8,8,60928,joint,canonical,96,0.8508408910597381,0.03271398586137142,0.6719031095803203,0.0,0.23958333333333334,0.0
14,last,17,rank8,8,60928,template,canonical,24,0.22409548836060647,0.3848455732247814,0.9149144151278277,0.4583333333333333,0.7291666666666666,0.4583333333333333
14,last,17,rank8,8,60928,topic,canonical,96,0.11833626606902566,0.6136848697207418,0.9537975073104289,0.9791666666666666,0.9895833333333334,0.9791666666666666
14,last,17,rank8,8,60928,train,canonical,168,0.0993503312711164,0.690763380641525,0.961195785054251,1.0,1.0,1.0
14,last,17,rank8,8,60928,iid,paraphrase,24,0.23962056948308397,0.23806698235282275,0.910688139992461,0.125,0.5625,0.125
14,last,17,rank8,8,60928,topic,paraphrase,96,0.2296456333317439,0.203283571060489,0.9140416737695413,0.125,0.5625,0.125
14,last,17,rank8,8,60928,template,paraphrase,24,0.30640856662785093,0.2286797205349007,0.8901688453905988,0.0,0.5,0.0
14,last,17,rank8,8,60928,expression,paraphrase,24,0.7806064429073439,-0.08529160462953644,0.6930451091355071,0.0,0.22013888888888888,0.0
14,last,17,rank8,8,60928,joint,paraphrase,96,0.8872579316503231,-0.06160550502343676,0.6580852113463612,0.0,0.24427083333333335,0.0
14,last,17,rank16,16,118272,dev,canonical,48,0.09393401178020679,0.7058051044916611,0.9632804309343722,1.0,1.0,1.0
14,last,17,rank16,16,118272,expression,canonical,24,0.7219875946509697,0.0976770966819479,0.7067098954204131,0.0,0.22916666666666666,0.0
14,last,17,rank16,16,118272,iid,canonical,24,0.10018115742558975,0.6919476863445165,0.9611995001263086,1.0,1.0,1.0
14,last,17,rank16,16,118272,joint,canonical,96,0.8456448297100215,0.038621174296952,0.6770660541104933,0.0,0.24062499999999998,0.0
14,last,17,rank16,16,118272,template,canonical,24,0.21753888908683358,0.40284379843385965,0.9181498824120456,0.625,0.8125,0.625
14,last,17,rank16,16,118272,topic,canonical,96,0.10863559485379015,0.6453532347012967,0.9577440579618678,0.9895833333333334,0.9947916666666666,0.9895833333333334
14,last,17,rank16,16,118272,train,canonical,168,0.07981599849108026,0.7515657046301316,0.9688005531112497,1.0,1.0,1.0
14,last,17,rank16,16,118272,iid,paraphrase,24,0.23526286997376689,0.25192336848985675,0.9126445366926538,0.16666666666666666,0.5833333333333334,0.16666666666666666
14,last,17,rank16,16,118272,topic,paraphrase,96,0.2263465871950641,0.21472904998725473,0.9157109702938054,0.1875,0.59375,0.1875
14,last,17,rank16,16,118272,template,paraphrase,24,0.30271935084405527,0.23796655928318022,0.8919813385566865,0.0,0.5,0.0
14,last,17,rank16,16,118272,expression,paraphrase,24,0.784576663010944,-0.0908114752200484,0.6932343664479119,0.0,0.22777777777777777,0.0
14,last,17,rank16,16,118272,joint,paraphrase,96,0.8850620269817832,-0.05897810164785611,0.6610320229605301,0.0,0.24409722222222227,0.0
14,last,17,rank32,32,232960,dev,canonical,48,0.08425462140129221,0.7361202926449391,0.9670650974699097,1.0,1.0,1.0
14,last,17,rank32,32,232960,expression,canonical,24,0.7199593160803701,0.10021199094068656,0.7078380175379069,0.0,0.23124999999999998,0.0
14,last,17,rank32,32,232960,iid,canonical,24,0.09090363222698424,0.7204756368680494,0.9646937766459552,1.0,1.0,1.0
14,last,17,rank32,32,232960,joint,canonical,96,0.8465877947549174,0.037549156121364224,0.6788411402826763,0.0,0.24062499999999998,0.0
14,last,17,rank32,32,232960,template,canonical,24,0.21481402734638388,0.4103236936082363,0.9196064189074925,0.75,0.875,0.75
14,last,17,rank32,32,232960,topic,canonical,96,0.1024556629161758,0.6655279562038652,0.9599534852041618,1.0,1.0,1.0
14,last,17,rank32,32,232960,train,canonical,168,0.05971729995660332,0.8141246665257496,0.9766123015447974,1.0,1.0,1.0
14,last,17,rank32,32,232960,iid,paraphrase,24,0.23233524095972827,0.2612324908829381,0.9143549246201411,0.20833333333333334,0.6041666666666666,0.20833333333333334
14,last,17,rank32,32,232960,topic,paraphrase,96,0.22257952748712384,0.22779822232277414,0.9175013945924967,0.21875,0.609375,0.21875
14,last,17,rank32,32,232960,template,paraphrase,24,0.30185897198409656,0.240132385356559,0.8930761445757743,0.041666666666666664,0.5208333333333334,0.041666666666666664
14,last,17,rank32,32,232960,expression,paraphrase,24,0.7888131571027378,-0.09670155147122839,0.6945514076245635,0.0,0.22777777777777777,0.0
14,last,17,rank32,32,232960,joint,paraphrase,96,0.8878050248060663,-0.06226010284125194,0.6628767613299488,0.0,0.24600694444444446,0.0
14,last,29,identity,0,0,dev,canonical,48,0.3192917797499455,0.0,0.8708424502152242,0.0,0.4375,0.0
14,last,29,identity,0,0,expression,canonical,24,0.8001432657821859,0.0,0.6607178848472232,0.0,0.22916666666666666,0.0
14,last,29,identity,0,0,iid,canonical,24,0.3252082616643788,0.0,0.8691088158932171,0.0,0.4930555555555555,0.0
14,last,29,identity,0,0,joint,canonical,96,0.879616657972063,0.0,0.6397058624989757,0.0,0.2425347222222222,0.0
14,last,29,identity,0,0,template,canonical,24,0.36429143416128323,0.0,0.85466793814643,0.0,0.4861111111111111,0.0
14,last,29,identity,0,0,topic,canonical,96,0.3063205574772159,0.0,0.8753055888339382,0.0,0.48784722222222215,0.0
14,last,29,identity,0,0,train,canonical,168,0.3212760877971795,0.0,0.8698956098389322,0.0,0.47123015873015867,0.0
14,last,29,identity,0,0,iid,paraphrase,24,0.3144903343643303,0.0,0.8737928115466312,0.0,0.5,0.0
14,last,29,identity,0,0,topic,paraphrase,96,0.2882401127806783,0.0,0.8837453956611903,0.0,0.5,0.0
14,last,29,identity,0,0,template,paraphrase,24,0.39725205570938876,0.0,0.8510299678088868,0.0,0.5,0.0
14,last,29,identity,0,0,expression,paraphrase,24,0.7192596345327885,0.0,0.6920639012693449,0.0,0.23750000000000002,0.0
14,last,29,identity,0,0,joint,paraphrase,96,0.8357699045943958,0.0,0.6524267032408761,0.0,0.26406250000000003,0.0
14,last,29,shift,0,3584,dev,canonical,48,0.147428478522378,0.5382640961260038,0.9427464310821873,0.7708333333333334,0.8854166666666666,0.7708333333333334
14,last,29,shift,0,3584,expression,canonical,24,0.7302418084270821,0.08736117685971034,0.703114475644456,0.0,0.22916666666666666,0.0
14,last,29,shift,0,3584,iid,canonical,24,0.1564222693237289,0.5190089313131911,0.9398082978611605,0.7083333333333334,0.8541666666666666,0.7083333333333334
14,last,29,shift,0,3584,joint,canonical,96,0.8374802711517743,0.047903125115244305,0.6739748935057883,0.0,0.24097222222222223,0.0
14,last,29,shift,0,3584,template,canonical,24,0.24523627486537483,0.3268129528491712,0.9065800786203533,0.041666666666666664,0.5208333333333334,0.041666666666666664
14,last,29,shift,0,3584,topic,canonical,96,0.15150859640460157,0.5053920061637693,0.9407452670537433,0.7916666666666666,0.8958333333333334,0.7916666666666666
14,last,29,shift,0,3584,train,canonical,168,0.1518804801744375,0.5272586851520704,0.940918264633978,0.7678571428571429,0.8839285714285714,0.7678571428571429
14,last,29,shift,0,3584,iid,paraphrase,24,0.2603135645414254,0.17226847347283591,0.9040136282310404,0.0,0.5,0.0
14,last,29,shift,0,3584,topic,paraphrase,96,0.2427259889759831,0.1579035040113479,0.9093090431109924,0.03125,0.5138888888888888,0.03125
14,last,29,shift,0,3584,template,paraphrase,24,0.32894226116295167,0.17195579875465616,0.8820526502723213,0.0,0.5,0.0
14,last,29,shift,0,3584,expression,paraphrase,24,0.7790001070431486,-0.08305828610716603,0.6960409112784437,0.0,0.23194444444444443,0.0
14,last,29,shift,0,3584,joint,paraphrase,96,0.8707472881816902,-0.041850494250889714,0.662617863416084,0.0,0.24340277777777777,0.0
14,last,29,lowrank,32,232960,dev,canonical,48,0.08769174159224709,0.7253554674632614,0.9656132046259381,1.0,1.0,1.0
14,last,29,lowrank,32,232960,expression,canonical,24,0.717579154930223,0.10318665966806806,0.7082552011885767,0.0,0.23124999999999998,0.0
14,last,29,lowrank,32,232960,iid,canonical,24,0.09042360328846799,0.7219517031157502,0.9649055527576235,1.0,1.0,1.0
14,last,29,lowrank,32,232960,joint,canonical,96,0.8477233075960756,0.03625823827565611,0.6768794351464257,0.0,0.2411458333333333,0.0
14,last,29,lowrank,32,232960,template,canonical,24,0.21884362232319443,0.3992622340213866,0.9183003618151563,0.625,0.8125,0.625
14,last,29,lowrank,32,232960,topic,canonical,96,0.10241407092934933,0.6656637354906654,0.9597903438870844,1.0,1.0,1.0
14,last,29,lowrank,32,232960,train,canonical,168,0.059330996885130514,0.815327068715472,0.9767291750719397,1.0,1.0,1.0
14,last,29,lowrank,32,232960,iid,paraphrase,24,0.24032124056071258,0.23583902492117437,0.9127612445888366,0.25,0.625,0.25
14,last,29,lowrank,32,232960,topic,paraphrase,96,0.2272109635680365,0.21173024331654644,0.9162431629035233,0.2604166666666667,0.6284722222222222,0.2604166666666667
14,last,29,lowrank,32,232960,template,paraphrase,24,0.3105326454872938,0.21829820381227893,0.8906525299674531,0.041666666666666664,0.5208333333333334,0.041666666666666664
14,last,29,lowrank,32,232960,expression,paraphrase,24,0.7951004625858692,-0.10544290880767249,0.6957791432249024,0.0,0.2263888888888889,0.0
14,last,29,lowrank,32,232960,joint,paraphrase,96,0.8885393480178722,-0.06313872171442414,0.661960378031417,0.0,0.2465277777777778,0.0
14,last,29,full_delta,0,12848640,dev,canonical,48,0.07252491624326492,0.7728569263509913,0.9715844074066156,1.0,1.0,1.0
14,last,29,full_delta,0,12848640,expression,canonical,24,0.7114621535207034,0.11083154236734294,0.7098687984145204,0.0,0.2333333333333333,0.0
14,last,29,full_delta,0,12848640,iid,canonical,24,0.07677741427285699,0.7639130879396515,0.9701751710668054,1.0,1.0,1.0
14,last,29,full_delta,0,12848640,joint,canonical,96,0.8459349121129378,0.03829139154410488,0.6765766110790068,0.0,0.2411458333333333,0.0
14,last,29,full_delta,0,12848640,template,canonical,24,0.21650080207614064,0.4056934043080218,0.9190359838956356,0.7916666666666666,0.8958333333333334,0.7916666666666666
14,last,29,full_delta,0,12848640,topic,canonical,96,0.09498769852355482,0.6899075292045328,0.9626212155884942,1.0,1.0,1.0
14,last,29,full_delta,0,12848640,train,canonical,168,0.028792404899158987,0.9103811145841157,0.9887801421452896,1.0,1.0,1.0
14,last,29,full_delta,0,12848640,iid,paraphrase,24,0.23160701716951737,0.2635480589962883,0.915209679965345,0.3333333333333333,0.6666666666666666,0.3333333333333333
14,last,29,full_delta,0,12848640,topic,paraphrase,96,0.22376966501285853,0.22366924279160028,0.9170103365461704,0.3333333333333333,0.6631944444444445,0.3333333333333333
14,last,29,full_delta,0,12848640,template,paraphrase,24,0.30967512406357894,0.22045683688010176,0.8903968015845671,0.08333333333333333,0.5416666666666666,0.08333333333333333
14,last,29,full_delta,0,12848640,expression,paraphrase,24,0.7906595733068591,-0.09926865813963004,0.6950815658600332,0.0,0.22430555555555554,0.0
14,last,29,full_delta,0,12848640,joint,paraphrase,96,0.8896431986793657,-0.06445948075997654,0.6593606621452855,0.0,0.24427083333333333,0.0
14,last,29,full_affine,0,12848640,dev,canonical,48,0.06933976161185215,0.7828326126461639,0.9723354074581975,1.0,1.0,1.0
14,last,29,full_affine,0,12848640,expression,canonical,24,0.6558832620052379,0.1802927174996911,0.7260732931510803,0.0,0.23124999999999998,0.0
14,last,29,full_affine,0,12848640,iid,canonical,24,0.06961546874390646,0.7859357311907685,0.9722577373377748,1.0,1.0,1.0
14,last,29,full_affine,0,12848640,joint,canonical,96,0.6582893154377979,0.25161795258008246,0.7223275160570791,0.0,0.23611111111111113,0.0
14,last,29,full_affine,0,12848640,template,canonical,24,0.26657784626307346,0.2682291669118657,0.8932603402439545,0.9166666666666666,0.9583333333333334,1.0
14,last,29,full_affine,0,12848640,topic,canonical,96,0.10773939048169491,0.6482789422655431,0.9562152131974181,1.0,1.0,1.0
14,last,29,full_affine,0,12848640,train,canonical,168,0.026431298166695427,0.9177302663639835,0.9895147401824925,0.9940476190476191,0.9970238095238095,1.0
14,last,29,full_affine,0,12848640,iid,paraphrase,24,0.13205595632316622,0.5800953419122185,0.9467012808212557,1.0,1.0,1.0
14,last,29,full_affine,0,12848640,topic,paraphrase,96,0.1692008642044354,0.41298640715846435,0.9314622947994432,0.9583333333333334,0.9791666666666666,0.9895833333333334
14,last,29,full_affine,0,12848640,template,paraphrase,24,0.32859669025206567,0.1728257021470222,0.8765886594225596,0.9583333333333334,0.9791666666666666,1.0
14,last,29,full_affine,0,12848640,expression,paraphrase,24,0.6223046984907151,0.13479824445459487,0.7328886514094952,0.0,0.22291666666666665,0.0
14,last,29,full_affine,0,12848640,joint,paraphrase,96,0.6480346659924558,0.22462550705633388,0.7165575362012101,0.0,0.22899305555555557,0.0
14,last,29,shuffled,32,232960,dev,canonical,48,0.23644761111521115,0.25946226582974996,0.9052562738188475,0.7291666666666666,0.861111111111111,0.9791666666666666
14,last,29,shuffled,32,232960,expression,canonical,24,0.6600566989228487,0.17507685542087836,0.7190682119318326,0.0,0.22569444444444445,0.0
14,last,29,shuffled,32,232960,iid,canonical,24,0.27950152457557825,0.1405460514898319,0.8885850125734004,0.7916666666666666,0.8958333333333334,1.0
14,last,29,shuffled,32,232960,joint,canonical,96,0.852330852823784,0.03102010961364221,0.6752216468082732,0.0,0.2513888888888889,0.0
14,last,29,shuffled,32,232960,template,canonical,24,0.38128962162421765,-0.046660958422120924,0.857756015731764,0.20833333333333334,0.5902777777777778,0.20833333333333334
14,last,29,shuffled,32,232960,topic,canonical,96,0.24724954404790722,0.19284051294436022,0.9017884842953966,0.9166666666666666,0.9565972222222222,0.9583333333333334
14,last,29,shuffled,32,232960,train,canonical,168,0.28701548418887973,0.10663913347304066,0.8852390048236851,0.7678571428571429,0.8829365079365078,0.9821428571428571
14,last,29,shuffled,32,232960,iid,paraphrase,24,0.37014125476287135,-0.17695590076250367,0.8631031503873025,0.125,0.548611111111111,0.125
14,last,29,shuffled,32,232960,topic,paraphrase,96,0.33888358666095986,-0.17569891085497935,0.8733157199787872,0.1875,0.5763888888888888,0.1875
14,last,29,shuffled,32,232960,template,paraphrase,24,0.5395040563185609,-0.3580900301576717,0.8141569389654394,0.0,0.5,0.0
14,last,29,shuffled,32,232960,expression,paraphrase,24,0.7702735965458417,-0.07092565683348884,0.6930147665700358,0.0,0.21250000000000002,0.0
14,last,29,shuffled,32,232960,joint,paraphrase,96,0.9071356050582556,-0.08538917239248289,0.6595468649672055,0.0,0.24930555555555559,0.0
14,last,29,random_subspace,32,118272,dev,canonical,48,0.1466800816537183,0.5406080238940341,0.9430271080083502,0.7708333333333334,0.8854166666666666,0.7708333333333334
14,last,29,random_subspace,32,118272,expression,canonical,24,0.730058887164048,0.08758978749840052,0.7031543913184626,0.0,0.22916666666666666,0.0
14,last,29,random_subspace,32,118272,iid,canonical,24,0.15571666041194873,0.5211786452933003,0.9400704908008596,0.7083333333333334,0.8541666666666666,0.7083333333333334
14,last,29,random_subspace,32,118272,joint,canonical,96,0.8378452516195919,0.04748819383295244,0.6740493813847138,0.0,0.24045138888888892,0.0
14,last,29,random_subspace,32,118272,template,canonical,24,0.24514430961917208,0.32706540250232996,0.9066664495301611,0.041666666666666664,0.5208333333333334,0.041666666666666664
14,last,29,random_subspace,32,118272,topic,canonical,96,0.15102392334703896,0.5069742475306376,0.9409306652149088,0.8020833333333334,0.9010416666666666,0.8020833333333334
14,last,29,random_subspace,32,118272,train,canonical,168,0.1507617724441771,0.5307407610760235,0.9413433461496623,0.7797619047619048,0.8898809523809523,0.7797619047619048
14,last,29,random_subspace,32,118272,iid,paraphrase,24,0.26016653951142654,0.17273597601244817,0.9040894293458157,0.0,0.5,0.0
14,last,29,random_subspace,32,118272,topic,paraphrase,96,0.24264764296070593,0.15817531217337422,0.9093595245623459,0.03125,0.5138888888888888,0.03125
14,last,29,random_subspace,32,118272,template,paraphrase,24,0.3288649466402569,0.17215042209664666,0.8821339045611492,0.0,0.5,0.0
14,last,29,random_subspace,32,118272,expression,paraphrase,24,0.7787157765478154,-0.08266297614997953,0.6961787816006121,0.0,0.23194444444444443,0.0
14,last,29,random_subspace,32,118272,joint,paraphrase,96,0.8719417878954422,-0.04327971502946237,0.6623411818167363,0.0,0.24340277777777777,0.0
14,last,29,rank1,1,10752,dev,canonical,48,0.1389557629012105,0.5648000615298201,0.945875468894242,0.8958333333333334,0.9479166666666666,0.8958333333333334
14,last,29,rank1,1,10752,expression,canonical,24,0.7268753848821099,0.09156845284256987,0.7043679721937627,0.0,0.22916666666666666,0.0
14,last,29,rank1,1,10752,iid,canonical,24,0.14852785259536183,0.5432838888064737,0.9426254282387343,0.7916666666666666,0.8958333333333334,0.7916666666666666
14,last,29,rank1,1,10752,joint,canonical,96,0.8367792448824728,0.048700093047749804,0.6743264282128424,0.0,0.24045138888888892,0.0
14,last,29,rank1,1,10752,template,canonical,24,0.2416278765557053,0.33671820444526546,0.90761982821668,0.041666666666666664,0.5208333333333334,0.041666666666666664
14,last,29,rank1,1,10752,topic,canonical,96,0.14408481954001334,0.5296273265932198,0.9437484407848206,0.8645833333333334,0.9322916666666666,0.8645833333333334
14,last,29,rank1,1,10752,train,canonical,168,0.14058459511609933,0.5624181180740413,0.9451976716554442,0.8571428571428571,0.9285714285714286,0.8571428571428571
14,last,29,rank1,1,10752,iid,paraphrase,24,0.2557362798159814,0.18682308525349978,0.9052753870202966,0.0,0.5,0.0
14,last,29,rank1,1,10752,topic,paraphrase,96,0.24325272140598395,0.15607609551875667,0.9092029337850552,0.041666666666666664,0.5208333333333334,0.041666666666666664
14,last,29,rank1,1,10752,template,paraphrase,24,0.3287350948948035,0.17247729704565473,0.8821039370764395,0.0,0.5,0.0
14,last,29,rank1,1,10752,expression,paraphrase,24,0.7786446234713201,-0.08256405070904127,0.6959958798957739,0.0,0.23194444444444443,0.0
14,last,29,rank1,1,10752,joint,paraphrase,96,0.871360811631671,-0.04258457601981691,0.662871813211625,0.0,0.24340277777777777,0.0
14,last,29,rank2,2,17920,dev,canonical,48,0.131652916553903,0.587672076440529,0.9486713616804131,0.9375,0.96875,0.9375
14,last,29,rank2,2,17920,expression,canonical,24,0.7251103604652912,0.0937743383287063,0.7049274192265861,0.0,0.22916666666666666,0.0
14,last,29,rank2,2,17920,iid,canonical,24,0.13804765420881368,0.5755100024141406,0.9465914173481028,0.9166666666666666,0.9583333333333334,0.9166666666666666
14,last,29,rank2,2,17920,joint,canonical,96,0.8421396686816033,0.04260604770362364,0.6737289666836035,0.0,0.24045138888888892,0.0
14,last,29,rank2,2,17920,template,canonical,24,0.2357148100225757,0.352949896927257,0.9101834513632241,0.041666666666666664,0.5208333333333334,0.041666666666666664
14,last,29,rank2,2,17920,topic,canonical,96,0.13748995663219069,0.5511566126526877,0.9463348993450973,0.9479166666666666,0.9739583333333334,0.9479166666666666
14,last,29,rank2,2,17920,train,canonical,168,0.1309471658319818,0.5924154619479545,0.9488837170477817,0.9166666666666666,0.9583333333333334,0.9166666666666666
14,last,29,rank2,2,17920,iid,paraphrase,24,0.2503808505218454,0.20385200064118814,0.9074245406402127,0.0,0.5,0.0
14,last,29,rank2,2,17920,topic,paraphrase,96,0.24010334668160813,0.16700231496126772,0.9105273473404004,0.052083333333333336,0.5260416666666666,0.052083333333333336
14,last,29,rank2,2,17920,template,paraphrase,24,0.3187464418566351,0.19762166796736413,0.8859410992345631,0.0,0.5,0.0
14,last,29,rank2,2,17920,expression,paraphrase,24,0.7814034531379409,-0.08639970272420383,0.6953719014000567,0.0,0.22847222222222222,0.0
14,last,29,rank2,2,17920,joint,paraphrase,96,0.8770590297668986,-0.04940250294432502,0.6619722674843649,0.0,0.2413194444444445,0.0
14,last,29,rank4,4,32256,dev,canonical,48,0.12075086845816234,0.6218165448771378,0.9527338884916826,0.9791666666666666,0.9895833333333334,0.9791666666666666
14,last,29,rank4,4,32256,expression,canonical,24,0.7211450365485351,0.09873010573478425,0.7055542200979913,0.0,0.22708333333333333,0.0
14,last,29,rank4,4,32256,iid,canonical,24,0.1288535552258077,0.6037814212764772,0.9501069505358509,0.9583333333333334,0.9791666666666666,0.9583333333333334
14,last,29,rank4,4,32256,joint,canonical,96,0.8469627001117447,0.037122941640965856,0.6735636518164562,0.0,0.23958333333333334,0.0
14,last,29,rank4,4,32256,template,canonical,24,0.22863154766386404,0.3723938412379971,0.9134276474762156,0.375,0.6875,0.375
14,last,29,rank4,4,32256,topic,canonical,96,0.12677255803516133,0.5861441390704225,0.9504651927350581,0.96875,0.984375,0.96875
14,last,29,rank4,4,32256,train,canonical,168,0.1156315499402534,0.640086659629486,0.954858936833794,0.9940476190476191,0.9970238095238095,0.9940476190476191
14,last,29,rank4,4,32256,iid,paraphrase,24,0.2471428478471203,0.214148033049529,0.9087256433845233,0.0,0.5,0.0
14,last,29,rank4,4,32256,topic,paraphrase,96,0.2345467331742647,0.1862800395421329,0.9128078724603622,0.07291666666666667,0.5364583333333334,0.07291666666666667
14,last,29,rank4,4,32256,template,paraphrase,24,0.3143709585820562,0.2086360433788781,0.8879900682322531,0.0,0.5,0.0
14,last,29,rank4,4,32256,expression,paraphrase,24,0.7785221439744259,-0.08239376519458474,0.6966446998694734,0.0,0.22847222222222222,0.0
14,last,29,rank4,4,32256,joint,paraphrase,96,0.8845019975495747,-0.05830802555498682,0.6607922152929082,0.0,0.2413194444444445,0.0
14,last,29,rank8,8,60928,dev,canonical,48,0.10938531214747689,0.6574126893177694,0.9572351271596143,1.0,1.0,1.0
14,last,29,rank8,8,60928,expression,canonical,24,0.7217581778497605,0.09796381633706497,0.7056439302177697,0.0,0.22916666666666666,0.0
14,last,29,rank8,8,60928,iid,canonical,24,0.11391089428374439,0.649729395862327,0.955937422006432,1.0,1.0,1.0
14,last,29,rank8,8,60928,joint,canonical,96,0.8517865198442715,0.03163893938974882,0.6720373375798349,0.0,0.23958333333333334,0.0
14,last,29,rank8,8,60928,template,canonical,24,0.2272649323207918,0.37614527543303555,0.9143124634937699,0.4583333333333333,0.7291666666666666,0.4583333333333333
14,last,29,rank8,8,60928,topic,canonical,96,0.11819621725867913,0.6141420666242077,0.9539856609694374,0.9895833333333334,0.9947916666666666,0.9895833333333334
14,last,29,rank8,8,60928,train,canonical,168,0.09802359676755794,0.6948929581418462,0.9617877666905582,1.0,1.0,1.0
14,last,29,rank8,8,60928,iid,paraphrase,24,0.2452600913530529,0.22013472417589686,0.9099728202614652,0.125,0.5625,0.125
14,last,29,rank8,8,60928,topic,paraphrase,96,0.23478311875759506,0.1854599400041126,0.9132787825674016,0.14583333333333334,0.5729166666666666,0.14583333333333334
14,last,29,rank8,8,60928,template,paraphrase,24,0.3113294291963715,0.2162924653960111,0.8893466189621764,0.041666666666666664,0.5208333333333334,0.041666666666666664
14,last,29,rank8,8,60928,expression,paraphrase,24,0.7898781252279221,-0.09818219639283021,0.694160905462676,0.0,0.22222222222222224,0.0
14,last,29,rank8,8,60928,joint,paraphrase,96,0.8852671894973798,-0.05922357891913488,0.6606102089373497,0.0,0.2432291666666667,0.0
14,last,29,rank16,16,118272,dev,canonical,48,0.0982098672979841,0.6924134176742742,0.961610616705226,1.0,1.0,1.0
14,last,29,rank16,16,118272,expression,canonical,24,0.722030749861334,0.09762316232767698,0.7068550021254616,0.0,0.2333333333333333,0.0
14,last,29,rank16,16,118272,iid,canonical,24,0.10054446714850102,0.6908305261559903,0.9609469490012095,1.0,1.0,1.0
14,last,29,rank16,16,118272,joint,canonical,96,0.8485081986636365,0.035365927903351024,0.6749493686982401,0.0,0.24010416666666665,0.0
14,last,29,rank16,16,118272,template,canonical,24,0.22261370598557964,0.38891314724951354,0.91659177643762,0.5416666666666666,0.7708333333333334,0.5416666666666666
14,last,29,rank16,16,118272,topic,canonical,96,0.10991367468064767,0.6411808740951934,0.9571190767798049,0.9895833333333334,0.9947916666666666,0.9895833333333334
14,last,29,rank16,16,118272,train,canonical,168,0.0794690031002584,0.7526457582164443,0.9689060131843925,1.0,1.0,1.0
14,last,29,rank16,16,118272,iid,paraphrase,24,0.24260802884589425,0.22856761453012409,0.9111136662056386,0.16666666666666666,0.5833333333333334,0.16666666666666666
14,last,29,rank16,16,118272,topic,paraphrase,96,0.2294987114179233,0.20379329162784254,0.9152788207428296,0.1875,0.592013888888889,0.1875
14,last,29,rank16,16,118272,template,paraphrase,24,0.3117256824249747,0.21529497973694867,0.8897274099461123,0.041666666666666664,0.5208333333333334,0.041666666666666664
14,last,29,rank16,16,118272,expression,paraphrase,24,0.7930711965352625,-0.10262158260892806,0.6949872385892851,0.0,0.22430555555555556,0.0
14,last,29,rank16,16,118272,joint,paraphrase,96,0.8868638462529063,-0.06113398122813085,0.6613205189129775,0.0,0.24652777777777782,0.0
14,last,29,rank32,32,232960,dev,canonical,48,0.08769174159224709,0.7253554674632614,0.9656132046259381,1.0,1.0,1.0
14,last,29,rank32,32,232960,expression,canonical,24,0.717579154930223,0.10318665966806806,0.7082552011885767,0.0,0.23124999999999998,0.0
14,last,29,rank32,32,232960,iid,canonical,24,0.09042360328846799,0.7219517031157502,0.9649055527576235,1.0,1.0,1.0
14,last,29,rank32,32,232960,joint,canonical,96,0.8477233075960756,0.03625823827565611,0.6768794351464257,0.0,0.2411458333333333,0.0
14,last,29,rank32,32,232960,template,canonical,24,0.21884362232319443,0.3992622340213866,0.9183003618151563,0.625,0.8125,0.625
14,last,29,rank32,32,232960,topic,canonical,96,0.10241407092934933,0.6656637354906654,0.9597903438870844,1.0,1.0,1.0
14,last,29,rank32,32,232960,train,canonical,168,0.059330996885130514,0.815327068715472,0.9767291750719397,1.0,1.0,1.0
14,last,29,rank32,32,232960,iid,paraphrase,24,0.24032124056071258,0.23583902492117437,0.9127612445888366,0.25,0.625,0.25
14,last,29,rank32,32,232960,topic,paraphrase,96,0.2272109635680365,0.21173024331654644,0.9162431629035233,0.2604166666666667,0.6284722222222222,0.2604166666666667
14,last,29,rank32,32,232960,template,paraphrase,24,0.3105326454872938,0.21829820381227893,0.8906525299674531,0.041666666666666664,0.5208333333333334,0.041666666666666664
14,last,29,rank32,32,232960,expression,paraphrase,24,0.7951004625858692,-0.10544290880767249,0.6957791432249024,0.0,0.2263888888888889,0.0
14,last,29,rank32,32,232960,joint,paraphrase,96,0.8885393480178722,-0.06313872171442414,0.661960378031417,0.0,0.2465277777777778,0.0
14,last,43,identity,0,0,dev,canonical,48,0.3192917797499455,0.0,0.8708424502152242,0.0,0.4375,0.0
14,last,43,identity,0,0,expression,canonical,24,0.8001432657821859,0.0,0.6607178848472232,0.0,0.22916666666666666,0.0
14,last,43,identity,0,0,iid,canonical,24,0.3252082616643788,0.0,0.8691088158932171,0.0,0.4930555555555555,0.0
14,last,43,identity,0,0,joint,canonical,96,0.879616657972063,0.0,0.6397058624989757,0.0,0.2425347222222222,0.0
14,last,43,identity,0,0,template,canonical,24,0.36429143416128323,0.0,0.85466793814643,0.0,0.4861111111111111,0.0
14,last,43,identity,0,0,topic,canonical,96,0.3063205574772159,0.0,0.8753055888339382,0.0,0.48784722222222215,0.0
14,last,43,identity,0,0,train,canonical,168,0.3212760877971795,0.0,0.8698956098389322,0.0,0.47123015873015867,0.0
14,last,43,identity,0,0,iid,paraphrase,24,0.3144903343643303,0.0,0.8737928115466312,0.0,0.5,0.0
14,last,43,identity,0,0,topic,paraphrase,96,0.2882401127806783,0.0,0.8837453956611903,0.0,0.5,0.0
14,last,43,identity,0,0,template,paraphrase,24,0.39725205570938876,0.0,0.8510299678088868,0.0,0.5,0.0
14,last,43,identity,0,0,expression,paraphrase,24,0.7192596345327885,0.0,0.6920639012693449,0.0,0.23750000000000002,0.0
14,last,43,identity,0,0,joint,paraphrase,96,0.8357699045943958,0.0,0.6524267032408761,0.0,0.26406250000000003,0.0
14,last,43,shift,0,3584,dev,canonical,48,0.14673371952394043,0.5404400337557845,0.9431961436388229,0.7916666666666666,0.8958333333333334,0.7916666666666666
14,last,43,shift,0,3584,expression,canonical,24,0.7308975497997551,0.08654164690711874,0.7038275438867391,0.0,0.23124999999999998,0.0
14,last,43,shift,0,3584,iid,canonical,24,0.15548911694262826,0.5218783306830745,0.9403424289162198,0.7083333333333334,0.8541666666666666,0.7083333333333334
14,last,43,shift,0,3584,joint,canonical,96,0.8386958755631969,0.046521154457452085,0.6745990785516938,0.0,0.24045138888888892,0.0
14,last,43,shift,0,3584,template,canonical,24,0.24540922394031697,0.3263381981370811,0.9068178321213907,0.041666666666666664,0.5208333333333334,0.041666666666666664
14,last,43,shift,0,3584,topic,canonical,96,0.15125219468266388,0.5062290434297281,0.9410383456259463,0.7916666666666666,0.8958333333333334,0.7916666666666666
14,last,43,shift,0,3584,train,canonical,168,0.15203690656459828,0.526771794293702,0.9410361684528891,0.7559523809523809,0.8779761904761905,0.7559523809523809
14,last,43,shift,0,3584,iid,paraphrase,24,0.25902115559590144,0.1763780081844074,0.9047684612713706,0.0,0.5,0.0
14,last,43,shift,0,3584,topic,paraphrase,96,0.24181817199505504,0.16105302047583392,0.9099315626606702,0.03125,0.5138888888888888,0.03125
14,last,43,shift,0,3584,template,paraphrase,24,0.32691298567147126,0.1770640806686582,0.8829751927306381,0.0,0.5,0.0
14,last,43,shift,0,3584,expression,paraphrase,24,0.779716088382298,-0.0840537282323377,0.6966641856992147,0.0,0.23194444444444443,0.0
14,last,43,shift,0,3584,joint,paraphrase,96,0.8715765717518068,-0.042842733341526884,0.6632141023536587,0.0,0.24340277777777777,0.0
14,last,43,lowrank,32,232960,dev,canonical,48,0.08641917947377979,0.7293410449167865,0.9661140242674694,1.0,1.0,1.0
14,last,43,lowrank,32,232960,expression,canonical,24,0.7165215181222225,0.10450846896551491,0.7079469209955688,0.0,0.23124999999999998,0.0
14,last,43,lowrank,32,232960,iid,canonical,24,0.08881683305021633,0.7268924454881254,0.9652768479083141,1.0,1.0,1.0
14,last,43,lowrank,32,232960,joint,canonical,96,0.8408659491883652,0.04405408700767066,0.6807895198063108,0.0,0.240625,0.0
14,last,43,lowrank,32,232960,template,canonical,24,0.215579917655217,0.40822128263446067,0.9194410003280353,0.7916666666666666,0.8958333333333334,0.7916666666666666
14,last,43,lowrank,32,232960,topic,canonical,96,0.10407313460781463,0.660247632529346,0.9592257078090821,1.0,1.0,1.0
14,last,43,lowrank,32,232960,train,canonical,168,0.06063013948706718,0.8112833734288287,0.9762671925833317,1.0,1.0,1.0
14,last,43,lowrank,32,232960,iid,paraphrase,24,0.23234665561208012,0.26119619516537673,0.9140631347718049,0.16666666666666666,0.5833333333333334,0.16666666666666666
14,last,43,lowrank,32,232960,topic,paraphrase,96,0.22405248415513287,0.22268804992588154,0.9166919171799529,0.23958333333333334,0.6197916666666666,0.23958333333333334
14,last,43,lowrank,32,232960,template,paraphrase,24,0.303190507701448,0.23678051920957666,0.8927279311138818,0.08333333333333333,0.5416666666666666,0.08333333333333333
14,last,43,lowrank,32,232960,expression,paraphrase,24,0.7893122243021681,-0.09739541384785744,0.6928266897423865,0.0,0.22430555555555554,0.0
14,last,43,lowrank,32,232960,joint,paraphrase,96,0.8828469699822804,-0.05632778247827841,0.663221564328491,0.0,0.24600694444444446,0.0
14,last,43,full_delta,0,12848640,dev,canonical,48,0.07367587741574043,0.7692521947372402,0.9710741531089994,1.0,1.0,1.0
14,last,43,full_delta,0,12848640,expression,canonical,24,0.7120575454749684,0.11008743568079482,0.7092555084791804,0.0,0.23124999999999998,0.0
14,last,43,full_delta,0,12848640,iid,canonical,24,0.07782723472678621,0.7606849397722084,0.9696534988162453,1.0,1.0,1.0
14,last,43,full_delta,0,12848640,joint,canonical,96,0.8441041669054892,0.0403726904722872,0.6794167835114747,0.0,0.240625,0.0
14,last,43,full_delta,0,12848640,template,canonical,24,0.21372757697813247,0.413306059555854,0.9200188479783469,0.7916666666666666,0.8958333333333334,0.7916666666666666
14,last,43,full_delta,0,12848640,topic,canonical,96,0.09638867019171915,0.6853339815468033,0.9622002528753221,1.0,1.0,1.0
14,last,43,full_delta,0,12848640,train,canonical,168,0.03280539618152344,0.8978903272681987,0.9872767198448006,1.0,1.0,1.0
14,last,43,full_delta,0,12848640,iid,paraphrase,24,0.22551513285770688,0.2829187157260852,0.9161051987112782,0.2916666666666667,0.6458333333333334,0.2916666666666667
14,last,43,full_delta,0,12848640,topic,paraphrase,96,0.218982315449149,0.24027813708297951,0.9180602176975015,0.28125,0.640625,0.28125
14,last,43,full_delta,0,12848640,template,paraphrase,24,0.30294328739729365,0.23740284526327804,0.8924158505463845,0.08333333333333333,0.5416666666666666,0.08333333333333333
14,last,43,full_delta,0,12848640,expression,paraphrase,24,0.7837213083515521,-0.08962225978472449,0.6928470426145251,0.0,0.2222222222222222,0.0
14,last,43,full_delta,0,12848640,joint,paraphrase,96,0.8877119174061358,-0.06214869969139136,0.6599797652598235,0.0,0.24618055555555554,0.0
14,last,43,full_affine,0,12848640,dev,canonical,48,0.0698505006578828,0.7812330129119314,0.9721805821306515,1.0,1.0,1.0
14,last,43,full_affine,0,12848640,expression,canonical,24,0.6436527330348045,0.1955781413649753,0.7289189743213532,0.0,0.2340277777777778,0.0
14,last,43,full_affine,0,12848640,iid,canonical,24,0.07152859224717488,0.7800529670399525,0.9715622348884264,1.0,1.0,1.0
14,last,43,full_affine,0,12848640,joint,canonical,96,0.6509863463999733,0.2599203977096022,0.7265206848685507,0.0,0.2345486111111111,0.0
14,last,43,full_affine,0,12848640,template,canonical,24,0.2607800844483164,0.2841443416073821,0.8954830638877563,0.9166666666666666,0.9583333333333334,1.0
14,last,43,full_affine,0,12848640,topic,canonical,96,0.10891035561635913,0.6444562633558806,0.9557631375549965,1.0,1.0,1.0
14,last,43,full_affine,0,12848640,train,canonical,168,0.02961983581230916,0.907805663299137,0.9883665856769758,0.9940476190476191,0.9970238095238095,1.0
14,last,43,full_affine,0,12848640,iid,paraphrase,24,0.12898415848674682,0.5898628848245573,0.9480630555431132,1.0,1.0,1.0
14,last,43,full_affine,0,12848640,topic,paraphrase,96,0.16610641887366484,0.42372205842128885,0.9327491101867457,0.96875,0.984375,1.0
14,last,43,full_affine,0,12848640,template,paraphrase,24,0.3220481772670001,0.18931023102723565,0.8794364103588199,0.9166666666666666,0.9583333333333334,1.0
14,last,43,full_affine,0,12848640,expression,paraphrase,24,0.6117393593105999,0.14948743132517217,0.7338734913107308,0.0,0.22291666666666665,0.0
14,last,43,full_affine,0,12848640,joint,paraphrase,96,0.6395019147165747,0.2348349573236561,0.7203006657612535,0.0,0.23333333333333336,0.0
14,last,43,shuffled,32,232960,dev,canonical,48,0.24487515532740364,0.23306777418705082,0.9018166626630908,0.7083333333333334,0.8506944444444443,0.9791666666666666
14,last,43,shuffled,32,232960,expression,canonical,24,0.6669014980448886,0.16652238847132683,0.7182197438509458,0.0,0.22222222222222224,0.0
14,last,43,shuffled,32,232960,iid,canonical,24,0.2831220713970406,0.12941304151360067,0.8872265912599908,0.875,0.9375,1.0
14,last,43,shuffled,32,232960,joint,canonical,96,0.8569874984328713,0.025726160747526983,0.6696472094322002,0.0,0.2342013888888889,0.0
14,last,43,shuffled,32,232960,template,canonical,24,0.3678305671348341,-0.009715114443190398,0.8611395509442937,0.16666666666666666,0.5833333333333334,0.16666666666666666
14,last,43,shuffled,32,232960,topic,canonical,96,0.24583626795833735,0.19745422905015897,0.9012629572913488,0.96875,0.984375,0.9791666666666666
14,last,43,shuffled,32,232960,train,canonical,168,0.2989144170798272,0.06960266128324222,0.8799030987323252,0.7440476190476191,0.871031746031746,0.9821428571428571
14,last,43,shuffled,32,232960,iid,paraphrase,24,0.36961811041312903,-0.1752924335821855,0.8613833832565021,0.041666666666666664,0.5069444444444444,0.041666666666666664
14,last,43,shuffled,32,232960,topic,paraphrase,96,0.3310272860075851,-0.14844281323003616,0.8733855374371776,0.17708333333333334,0.5729166666666666,0.17708333333333334
14,last,43,shuffled,32,232960,template,paraphrase,24,0.4770182316715701,-0.20079487271561058,0.8299200674124626,0.0,0.5,0.0
14,last,43,shuffled,32,232960,expression,paraphrase,24,0.7560874581740729,-0.05120240574213053,0.6939721478175093,0.0,0.20833333333333334,0.0
14,last,43,shuffled,32,232960,joint,paraphrase,96,0.9044732413797484,-0.08220365008081343,0.6487949060759232,0.0,0.23576388888888888,0.0
14,last,43,random_subspace,32,118272,dev,canonical,48,0.14614125987200768,0.5422955768342713,0.9434166175966352,0.7916666666666666,0.8958333333333334,0.7916666666666666
14,last,43,random_subspace,32,118272,expression,canonical,24,0.7306607060591123,0.08683764857428433,0.7039050650988944,0.0,0.23124999999999998,0.0
14,last,43,random_subspace,32,118272,iid,canonical,24,0.15487955104481166,0.5237527169446563,0.9405738603013744,0.75,0.875,0.75
14,last,43,random_subspace,32,118272,joint,canonical,96,0.8383724624527152,0.04688882952084528,0.6746486182240643,0.0,0.24045138888888892,0.0
14,last,43,random_subspace,32,118272,template,canonical,24,0.24514783883327093,0.3270557146157428,0.9069035076980404,0.041666666666666664,0.5208333333333334,0.041666666666666664
14,last,43,random_subspace,32,118272,topic,canonical,96,0.1508277346690009,0.5076147160635165,0.9412048661137739,0.8020833333333334,0.9010416666666666,0.8020833333333334
14,last,43,random_subspace,32,118272,train,canonical,168,0.15104537375784982,0.5298580271146596,0.9414159472543838,0.7857142857142857,0.8928571428571429,0.7857142857142857
14,last,43,random_subspace,32,118272,iid,paraphrase,24,0.2587971976972336,0.17709013785643868,0.9048033219928392,0.0,0.5,0.0
14,last,43,random_subspace,32,118272,topic,paraphrase,96,0.24171923259561293,0.16139627387831013,0.9099361476416696,0.03125,0.5138888888888888,0.03125
14,last,43,random_subspace,32,118272,template,paraphrase,24,0.32662825937170026,0.17778082031966524,0.8830497939915897,0.0,0.5,0.0
14,last,43,random_subspace,32,118272,expression,paraphrase,24,0.779415458551283,-0.08363575700667547,0.6966479760103595,0.0,0.23194444444444443,0.0
14,last,43,random_subspace,32,118272,joint,paraphrase,96,0.8712781391519018,-0.04248565826827466,0.6631754338707548,0.0,0.24340277777777777,0.0
14,last,43,rank1,1,10752,dev,canonical,48,0.13911993004961828,0.5642859012575565,0.9461860748706489,0.875,0.9375,0.875
14,last,43,rank1,1,10752,expression,canonical,24,0.7319827487235019,0.08518539113374046,0.7037654641452553,0.0,0.22916666666666666,0.0
14,last,43,rank1,1,10752,iid,canonical,24,0.1468283446105147,0.5485097953567847,0.94362498203014,0.8333333333333334,0.9166666666666666,0.8333333333333334
14,last,43,rank1,1,10752,joint,canonical,96,0.8390171594791735,0.046155899987718185,0.6741946490549132,0.0,0.24045138888888892,0.0
14,last,43,rank1,1,10752,template,canonical,24,0.23865574133019685,0.34487687892069274,0.9091985156354033,0.041666666666666664,0.5208333333333334,0.041666666666666664
14,last,43,rank1,1,10752,topic,canonical,96,0.14421118131935373,0.5292148117415196,0.9439638916078179,0.9166666666666666,0.9583333333333334,0.9166666666666666
14,last,43,rank1,1,10752,train,canonical,168,0.14205518290509772,0.5578407846064888,0.944966708483669,0.875,0.9375,0.875
14,last,43,rank1,1,10752,iid,paraphrase,24,0.2512299070429639,0.2011522148979008,0.9074176179129273,0.0,0.5,0.0
14,last,43,rank1,1,10752,topic,paraphrase,96,0.239827409357369,0.16795963253090485,0.9107275600516053,0.041666666666666664,0.5208333333333334,0.041666666666666664
14,last,43,rank1,1,10752,template,paraphrase,24,0.315902536100477,0.2047806133152481,0.8869004403690793,0.0,0.5,0.0
14,last,43,rank1,1,10752,expression,paraphrase,24,0.7794243741708057,-0.08364815255773195,0.6964590875063913,0.0,0.23194444444444443,0.0
14,last,43,rank1,1,10752,joint,paraphrase,96,0.8715135752842026,-0.042767357969360376,0.6632009869644343,0.0,0.2449652777777778,0.0
14,last,43,rank2,2,17920,dev,canonical,48,0.1325202603238945,0.5849556151189417,0.9485485679358862,0.8958333333333334,0.9479166666666666,0.8958333333333334
14,last,43,rank2,2,17920,expression,canonical,24,0.7250676585054926,0.0938277062212135,0.7055398529389669,0.0,0.22916666666666666,0.0
14,last,43,rank2,2,17920,iid,canonical,24,0.1360842663551587,0.58154732706145,0.9475213068485866,0.875,0.9375,0.875
14,last,43,rank2,2,17920,joint,canonical,96,0.8473477911583401,0.03668514746880536,0.674071428823317,0.0,0.24097222222222223,0.0
14,last,43,rank2,2,17920,template,canonical,24,0.23718501583391846,0.3489141012058241,0.9103152456818849,0.041666666666666664,0.5208333333333334,0.041666666666666664
14,last,43,rank2,2,17920,topic,canonical,96,0.13704998776050453,0.5525929147909105,0.9466942941140063,0.96875,0.984375,0.96875
14,last,43,rank2,2,17920,train,canonical,168,0.13144950520537727,0.5908518865918184,0.9488670440575301,0.9345238095238095,0.9672619047619048,0.9345238095238095
14,last,43,rank2,2,17920,iid,paraphrase,24,0.2480907090270902,0.2111340733935485,0.9086335180167054,0.08333333333333333,0.5416666666666666,0.08333333333333333
14,last,43,rank2,2,17920,topic,paraphrase,96,0.2380105749291298,0.17426283027362022,0.9116200898235823,0.052083333333333336,0.5260416666666666,0.052083333333333336
14,last,43,rank2,2,17920,template,paraphrase,24,0.31571123940739027,0.20526216322880397,0.8878040820814951,0.0,0.5,0.0
14,last,43,rank2,2,17920,expression,paraphrase,24,0.780282837920331,-0.08484169061868951,0.6963500441274318,0.0,0.2263888888888889,0.0
14,last,43,rank2,2,17920,joint,paraphrase,96,0.8848940495351565,-0.05877711636984695,0.6616876776323098,0.0,0.2413194444444445,0.0
14,last,43,rank4,4,32256,dev,canonical,48,0.12260156326411102,0.6160202954171671,0.9523662918117296,0.9583333333333334,0.9791666666666666,0.9583333333333334
14,last,43,rank4,4,32256,expression,canonical,24,0.7242126633479501,0.0948962588093637,0.7054137941039947,0.0,0.22708333333333333,0.0
14,last,43,rank4,4,32256,iid,canonical,24,0.12769026552878385,0.6073584819915716,0.950687913196882,0.9166666666666666,0.9583333333333334,0.9166666666666666
14,last,43,rank4,4,32256,joint,canonical,96,0.8488438605555272,0.0349843277041636,0.6730091258953422,0.0,0.24097222222222223,0.0
14,last,43,rank4,4,32256,template,canonical,24,0.22859894005403883,0.37248335091834495,0.9135704363471469,0.25,0.625,0.25
14,last,43,rank4,4,32256,topic,canonical,96,0.1268248845274056,0.5859733164110645,0.9506863195279722,0.9791666666666666,0.9895833333333334,0.9791666666666666
14,last,43,rank4,4,32256,train,canonical,168,0.11656334716959542,0.6371863590321685,0.9546467255880057,0.9880952380952381,0.9940476190476191,0.9880952380952381
14,last,43,rank4,4,32256,iid,paraphrase,24,0.2458751153218913,0.2181791029639396,0.9096723154358184,0.08333333333333333,0.5416666666666666,0.08333333333333333
14,last,43,rank4,4,32256,topic,paraphrase,96,0.23372286536912998,0.189138308633089,0.9135621854208195,0.052083333333333336,0.5260416666666666,0.052083333333333336
14,last,43,rank4,4,32256,template,paraphrase,24,0.3105468796661046,0.21826237220711486,0.8897843769434823,0.0,0.5,0.0
14,last,43,rank4,4,32256,expression,paraphrase,24,0.7770322020704259,-0.0803222713522147,0.6984488512475803,0.0,0.22430555555555556,0.0
14,last,43,rank4,4,32256,joint,paraphrase,96,0.8872028076736299,-0.061539549098976964,0.6606009392698279,0.0,0.24079861111111112,0.0
14,last,43,rank8,8,60928,dev,canonical,48,0.11008359046303394,0.655225729427653,0.9569633641220431,0.9791666666666666,0.9895833333333334,0.9791666666666666
14,last,43,rank8,8,60928,expression,canonical,24,0.7273047805308835,0.09103180438580405,0.7040498556992402,0.0,0.22708333333333333,0.0
14,last,43,rank8,8,60928,iid,canonical,24,0.11349935182085984,0.6509948694415599,0.9558939145819495,1.0,1.0,1.0
14,last,43,rank8,8,60928,joint,canonical,96,0.8456006040954476,0.03867145257917093,0.6765902011163178,0.0,0.23958333333333334,0.0
14,last,43,rank8,8,60928,template,canonical,24,0.22278247851525826,0.38844985738362026,0.9160559174082988,0.4166666666666667,0.7083333333333334,0.4166666666666667
14,last,43,rank8,8,60928,topic,canonical,96,0.11897850466910508,0.6115882471324026,0.9538707036772971,0.9791666666666666,0.9895833333333334,0.9791666666666666
14,last,43,rank8,8,60928,train,canonical,168,0.1005414565919431,0.6870558986157271,0.960854372826795,0.9940476190476191,0.9970238095238095,0.9940476190476191
14,last,43,rank8,8,60928,iid,paraphrase,24,0.24240331308228993,0.22921855906238797,0.910237636132115,0.16666666666666666,0.5833333333333334,0.16666666666666666
14,last,43,rank8,8,60928,topic,paraphrase,96,0.23324790604422654,0.1907860991516308,0.9137212110266951,0.13541666666666666,0.5677083333333334,0.13541666666666666
14,last,43,rank8,8,60928,template,paraphrase,24,0.30690583835692054,0.2274279416657351,0.8900233510090493,0.041666666666666664,0.5208333333333334,0.041666666666666664
14,last,43,rank8,8,60928,expression,paraphrase,24,0.7888439701267851,-0.09674439138962199,0.6925823706150966,0.0,0.22777777777777777,0.0
14,last,43,rank8,8,60928,joint,paraphrase,96,0.8856616630558412,-0.05969556714973856,0.6591595463814528,0.0,0.2418402777777778,0.0
14,last,43,rank16,16,118272,dev,canonical,48,0.09677900537481471,0.6968947792811718,0.9621715891368492,1.0,1.0,1.0
14,last,43,rank16,16,118272,expression,canonical,24,0.7220039181532938,0.09765669595745008,0.7059700361509583,0.0,0.22708333333333333,0.0
14,last,43,rank16,16,118272,iid,canonical,24,0.10108211589042981,0.6891772817421579,0.9605811706554963,1.0,1.0,1.0
14,last,43,rank16,16,118272,joint,canonical,96,0.8432014910693235,0.041398905503556405,0.6787525407972163,0.0,0.24010416666666665,0.0
14,last,43,rank16,16,118272,template,canonical,24,0.21742755493790966,0.40314941678906546,0.9184030017840751,0.6666666666666666,0.8333333333333334,0.6666666666666666
14,last,43,rank16,16,118272,topic,canonical,96,0.11075961678914707,0.6384192504044219,0.956777812460964,0.9895833333333334,0.9947916666666666,0.9895833333333334
14,last,43,rank16,16,118272,train,canonical,168,0.08133811941550312,0.7468279697589831,0.9682382128968159,0.9940476190476191,0.9970238095238095,0.9940476190476191
14,last,43,rank16,16,118272,iid,paraphrase,24,0.23907561361316784,0.23979980466997797,0.9115297592221282,0.16666666666666666,0.5833333333333334,0.16666666666666666
14,last,43,rank16,16,118272,topic,paraphrase,96,0.23041680365350792,0.2006081269166311,0.9144770533804545,0.20833333333333334,0.6041666666666666,0.20833333333333334
14,last,43,rank16,16,118272,template,paraphrase,24,0.3046764218789857,0.23304003717510557,0.8915275984503008,0.041666666666666664,0.5208333333333334,0.041666666666666664
14,last,43,rank16,16,118272,expression,paraphrase,24,0.7903158172521456,-0.09879072772589725,0.6924180667143105,0.0,0.22569444444444445,0.0
14,last,43,rank16,16,118272,joint,paraphrase,96,0.8861479420199146,-0.060277400691961525,0.661563124040023,0.0,0.2432291666666667,0.0
14,last,43,rank32,32,232960,dev,canonical,48,0.08641917947377979,0.7293410449167865,0.9661140242674694,1.0,1.0,1.0
14,last,43,rank32,32,232960,expression,canonical,24,0.7165215181222225,0.10450846896551491,0.7079469209955688,0.0,0.23124999999999998,0.0
14,last,43,rank32,32,232960,iid,canonical,24,0.08881683305021633,0.7268924454881254,0.9652768479083141,1.0,1.0,1.0
14,last,43,rank32,32,232960,joint,canonical,96,0.8408659491883652,0.04405408700767066,0.6807895198063108,0.0,0.240625,0.0
14,last,43,rank32,32,232960,template,canonical,24,0.215579917655217,0.40822128263446067,0.9194410003280353,0.7916666666666666,0.8958333333333334,0.7916666666666666
14,last,43,rank32,32,232960,topic,canonical,96,0.10407313460781463,0.660247632529346,0.9592257078090821,1.0,1.0,1.0
14,last,43,rank32,32,232960,train,canonical,168,0.06063013948706718,0.8112833734288287,0.9762671925833317,1.0,1.0,1.0
14,last,43,rank32,32,232960,iid,paraphrase,24,0.23234665561208012,0.26119619516537673,0.9140631347718049,0.16666666666666666,0.5833333333333334,0.16666666666666666
14,last,43,rank32,32,232960,topic,paraphrase,96,0.22405248415513287,0.22268804992588154,0.9166919171799529,0.23958333333333334,0.6197916666666666,0.23958333333333334
14,last,43,rank32,32,232960,template,paraphrase,24,0.303190507701448,0.23678051920957666,0.8927279311138818,0.08333333333333333,0.5416666666666666,0.08333333333333333
14,last,43,rank32,32,232960,expression,paraphrase,24,0.7893122243021681,-0.09739541384785744,0.6928266897423865,0.0,0.22430555555555554,0.0
14,last,43,rank32,32,232960,joint,paraphrase,96,0.8828469699822804,-0.05632778247827841,0.663221564328491,0.0,0.24600694444444446,0.0
14,mean,17,identity,0,0,dev,canonical,48,6.673623462918752,0.0,0.9999561180678055,0.0,0.5,0.0
14,mean,17,identity,0,0,expression,canonical,24,44.181165395821495,0.0,0.9996250887378869,0.0,0.45138888888888884,0.0
14,mean,17,identity,0,0,iid,canonical,24,7.591230210880727,0.0,0.9999541606879904,0.0,0.5,0.0
14,mean,17,identity,0,0,joint,canonical,96,39.69160383721021,0.0,0.9996905337297641,0.0,0.3333333333333333,0.0
14,mean,17,identity,0,0,template,canonical,24,4.630020760553061,0.0,0.9999710180802688,0.0,0.5,0.0
14,mean,17,identity,0,0,topic,canonical,96,6.006547987231088,0.0,0.9999570032994214,0.0,0.5,0.0
14,mean,17,identity,0,0,train,canonical,168,7.531874596092995,0.0,0.9999557136844902,0.0,0.49900793650793646,0.0
14,mean,17,identity,0,0,iid,paraphrase,24,7.5283790101899655,0.0,0.9999621250628111,0.0,0.5,0.0
14,mean,17,identity,0,0,topic,paraphrase,96,5.942425911749805,0.0,0.9999637988767351,0.0,0.5,0.0
14,mean,17,identity,0,0,template,paraphrase,24,20.73749184673702,0.0,0.999948200994497,0.0,0.5,0.0
14,mean,17,identity,0,0,expression,paraphrase,24,75.17851593935275,0.0,0.9995555432405542,0.0,0.40277777777777773,0.0
14,mean,17,identity,0,0,joint,paraphrase,96,51.00572716899169,0.0,0.9995459593648093,0.0,0.4505208333333333,0.0
14,mean,17,shift,0,3584,dev,canonical,48,0.8454602649102139,0.8733131604430606,0.99998626841063,1.0,1.0,1.0
14,mean,17,shift,0,3584,expression,canonical,24,84.04000695820741,-0.9021681797048213,0.9996104293255995,0.0,0.4375,0.0
14,mean,17,shift,0,3584,iid,canonical,24,0.8984894124228883,0.8816411322719395,0.9999852656389395,1.0,1.0,1.0
14,mean,17,shift,0,3584,joint,canonical,96,78.56986527775746,-0.9795084522157689,0.9996567534723417,0.0,0.26909722222222227,0.0
14,mean,17,shift,0,3584,template,canonical,24,0.6838153667887252,0.8523083583955587,0.9999824885204317,1.0,1.0,1.0
14,mean,17,shift,0,3584,topic,canonical,96,1.2465696284231333,0.7924648848101887,0.9999846580215292,1.0,1.0,1.0
14,mean,17,shift,0,3584,train,canonical,168,1.1579204845779143,0.8462639718963774,0.9999858863667228,1.0,1.0,1.0
14,mean,17,shift,0,3584,iid,paraphrase,24,0.919781352817432,0.8778247811949331,0.9999674509728523,0.5416666666666666,0.7708333333333334,0.5416666666666666
14,mean,17,shift,0,3584,topic,paraphrase,96,1.2667522321519538,0.7868291080167719,0.9999656473607527,0.5625,0.78125,0.5625
14,mean,17,shift,0,3584,template,paraphrase,24,4.6329782317313635,0.7765892680767781,0.9999655809476363,0.875,0.9375,0.875
14,mean,17,shift,0,3584,expression,paraphrase,24,125.34973979260377,-0.6673611899139462,0.9995326388715745,0.0,0.3298611111111111,0.0
14,mean,17,shift,0,3584,joint,paraphrase,96,93.98166881992081,-0.8425709040191045,0.9995267201245684,0.0,0.3125,0.0
14,mean,17,lowrank,32,232960,dev,canonical,48,0.34046922457077766,0.948982853698211,0.9999936028511097,1.0,1.0,1.0
14,mean,17,lowrank,32,232960,expression,canonical,24,82.94546593421666,-0.8773942513988406,0.999592655309207,0.0,0.4305555555555555,0.0
14,mean,17,lowrank,32,232960,iid,canonical,24,0.24465632192055273,0.9677711892375652,0.9999930718982463,1.0,1.0,1.0
14,mean,17,lowrank,32,232960,joint,canonical,96,71.92804908245104,-0.8121729063268466,0.9996547720908403,0.0,0.27777777777777773,0.0
14,mean,17,lowrank,32,232960,template,canonical,24,0.057205501531185275,0.9876446555016414,0.9999847674146962,1.0,1.0,1.0
14,mean,17,lowrank,32,232960,topic,canonical,96,0.26868880954854846,0.9552673498788762,0.9999911430816596,1.0,1.0,1.0
14,mean,17,lowrank,32,232960,train,canonical,168,0.186652420698685,0.9752183313307543,0.9999951414258054,1.0,1.0,1.0
14,mean,17,lowrank,32,232960,iid,paraphrase,24,0.2864414422113721,0.9619517771589791,0.9999687758846015,0.7916666666666666,0.8958333333333334,0.7916666666666666
14,mean,17,lowrank,32,232960,topic,paraphrase,96,0.3080254574578552,0.9481650319192362,0.9999694610806523,0.78125,0.890625,0.78125
14,mean,17,lowrank,32,232960,template,paraphrase,24,6.6564817691612745,0.6790122056053441,0.9999649463869099,1.0,1.0,1.0
14,mean,17,lowrank,32,232960,expression,paraphrase,24,123.5761573038319,-0.6437695764508309,0.9995161932453046,0.0,0.3333333333333333,0.0
14,mean,17,lowrank,32,232960,joint,paraphrase,96,85.47376478761235,-0.6757679878657838,0.9995236507804237,0.0,0.3385416666666667,0.0
14,mean,17,full_delta,0,12848640,dev,canonical,48,0.3399288046385274,0.9490638321854231,0.9999940313371768,1.0,1.0,1.0
14,mean,17,full_delta,0,12848640,expression,canonical,24,82.94555914946757,-0.8773963612402194,0.9995924275130265,0.0,0.4305555555555555,0.0
14,mean,17,full_delta,0,12848640,iid,canonical,24,0.24384084788113272,0.9678786124109859,0.9999936097441006,1.0,1.0,1.0
14,mean,17,full_delta,0,12848640,joint,canonical,96,71.92785523236334,-0.8121680224202024,0.9996546541533394,0.0,0.2769097222222222,0.0
14,mean,17,full_delta,0,12848640,template,canonical,24,0.057191415002099066,0.9876476979348863,0.9999847580459686,1.0,1.0,1.0
14,mean,17,full_delta,0,12848640,topic,canonical,96,0.2684095227382959,0.9553138469368946,0.9999913401074797,1.0,1.0,1.0
14,mean,17,full_delta,0,12848640,train,canonical,168,0.18561967626678005,0.975355447850517,0.9999958631403552,1.0,1.0,1.0
14,mean,17,full_delta,0,12848640,iid,paraphrase,24,0.28605121846979603,0.962003610859308,0.9999690415194836,0.7916666666666666,0.8958333333333334,0.7916666666666666
14,mean,17,full_delta,0,12848640,topic,paraphrase,96,0.3078055078075811,0.9482020453634996,0.9999696202808642,0.8125,0.90625,0.8125
14,mean,17,full_delta,0,12848640,template,paraphrase,24,6.656491763270157,0.6790117236710314,0.9999650818935227,1.0,1.0,1.0
14,mean,17,full_delta,0,12848640,expression,paraphrase,24,123.5762148503004,-0.6437703419151097,0.9995160870023834,0.0,0.3333333333333333,0.0
14,mean,17,full_delta,0,12848640,joint,paraphrase,96,85.4733723633157,-0.6757602941357181,0.9995233298515652,0.0,0.3350694444444445,0.0
14,mean,17,full_affine,0,12848640,dev,canonical,48,0.3554103351110907,0.946744023380119,0.9999818776883919,1.0,1.0,1.0
14,mean,17,full_affine,0,12848640,expression,canonical,24,82.93978770174559,-0.8772657298349524,0.9995807128857046,0.0,0.38888888888888884,0.0
14,mean,17,full_affine,0,12848640,iid,canonical,24,0.26353947161066554,0.9652836939086729,0.999979986809663,1.0,1.0,1.0
14,mean,17,full_affine,0,12848640,joint,canonical,96,71.94722551498431,-0.8126560420704139,0.9995928650357007,0.0,0.240625,0.0
14,mean,17,full_affine,0,12848640,template,canonical,24,0.3099096750544932,0.9330651651295243,0.9997751739563118,0.875,0.9375,1.0
14,mean,17,full_affine,0,12848640,topic,canonical,96,0.3237603120600136,0.9460987720820222,0.9999470274423613,1.0,1.0,1.0
14,mean,17,full_affine,0,12848640,train,canonical,168,0.197467348137363,0.9737824434517544,0.9999871357193988,1.0,1.0,1.0
14,mean,17,full_affine,0,12848640,iid,paraphrase,24,0.27742338344975204,0.963149652392069,0.9999737864876413,1.0,1.0,1.0
14,mean,17,full_affine,0,12848640,topic,paraphrase,96,0.3425834479972411,0.9423495634468307,0.9999401612209367,1.0,1.0,1.0
14,mean,17,full_affine,0,12848640,template,paraphrase,24,6.986326244794905,0.6631064982965054,0.9997094232184477,0.5416666666666666,0.7118055555555555,1.0
14,mean,17,full_affine,0,12848640,expression,paraphrase,24,123.54744398543147,-0.6433876412923396,0.9995026659856495,0.0,0.26805555555555555,0.0
14,mean,17,full_affine,0,12848640,joint,paraphrase,96,85.42217024212057,-0.6747564437048539,0.9995001880752733,0.0,0.20885416666666665,0.0
14,mean,17,shuffled,32,232960,dev,canonical,48,15.585303225485356,-1.335358491842305,0.99983182071237,0.7916666666666666,0.8819444444444443,1.0
14,mean,17,shuffled,32,232960,expression,canonical,24,100.30902682748781,-1.2704024651412817,0.999604087764617,0.0,0.2576388888888889,0.0
14,mean,17,shuffled,32,232960,iid,canonical,24,11.790663987844747,-0.5531954189644852,0.9998350722884176,0.9166666666666666,0.9513888888888888,1.0
14,mean,17,shuffled,32,232960,joint,canonical,96,149.70066174348213,-2.7715951806195416,0.9995724336127205,0.0,0.25156249999999997,0.0
14,mean,17,shuffled,32,232960,template,canonical,24,13.10603451950729,-1.830664309578983,0.9998707952380771,1.0,1.0,1.0
14,mean,17,shuffled,32,232960,topic,canonical,96,18.700617192466215,-2.113371812265645,0.9998436663495743,0.8020833333333334,0.8854166666666666,1.0
14,mean,17,shuffled,32,232960,train,canonical,168,20.227071821995185,-1.685529553623684,0.9998228608733868,0.9107142857142857,0.9503968253968254,0.9940476190476191
14,mean,17,shuffled,32,232960,iid,paraphrase,24,11.495948201213016,-0.5270150699975102,0.9998178145190401,0.5833333333333334,0.78125,0.625
14,mean,17,shuffled,32,232960,topic,paraphrase,96,17.38409092618091,-1.9254198847995392,0.9998284763421154,0.6041666666666666,0.7864583333333334,0.7708333333333334
14,mean,17,shuffled,32,232960,template,paraphrase,24,12.291922617478534,0.40726088244791137,0.9998489771558056,0.9583333333333334,0.9791666666666666,0.9583333333333334
14,mean,17,shuffled,32,232960,expression,paraphrase,24,142.58259768453127,-0.8965870222758061,0.9995256548778929,0.0,0.23055555555555554,0.0
14,mean,17,shuffled,32,232960,joint,paraphrase,96,210.2910264031503,-3.122890468876487,0.9994301192685455,0.0,0.2565972222222222,0.0
14,mean,17,random_subspace,32,118272,dev,canonical,48,0.8419653393575803,0.8738368527928093,0.9999831095873462,1.0,1.0,1.0
14,mean,17,random_subspace,32,118272,expression,canonical,24,84.03294306907394,-0.9020082950781894,0.9996071386379369,0.0,0.4375,0.0
14,mean,17,random_subspace,32,118272,iid,canonical,24,0.8939741836322193,0.8822359276694229,0.9999826749683999,1.0,1.0,1.0
14,mean,17,random_subspace,32,118272,joint,canonical,96,78.52402003105625,-0.9783534158284959,0.9996547897021962,0.0,0.2708333333333333,0.0
14,mean,17,random_subspace,32,118272,template,canonical,24,0.6795839653255896,0.8532222639009479,0.9999791288059482,1.0,1.0,1.0
14,mean,17,random_subspace,32,118272,topic,canonical,96,1.239827249672265,0.7935873895775195,0.999981263097577,1.0,1.0,1.0
14,mean,17,random_subspace,32,118272,train,canonical,168,1.1512847691853707,0.8471449896706225,0.9999824973795781,1.0,1.0,1.0
14,mean,17,random_subspace,32,118272,iid,paraphrase,24,0.9155584832524942,0.8783857079972662,0.9999648253968892,0.5416666666666666,0.7708333333333334,0.5416666666666666
14,mean,17,random_subspace,32,118272,topic,paraphrase,96,1.2603039028356247,0.7879142421710873,0.9999621965127331,0.5625,0.78125,0.5625
14,mean,17,random_subspace,32,118272,template,paraphrase,24,4.647160104105969,0.7759053921056906,0.9999608721690013,0.875,0.9375,0.875
14,mean,17,random_subspace,32,118272,expression,paraphrase,24,125.33781943955144,-0.6672026292812523,0.999529358352047,0.0,0.3298611111111111,0.0
14,mean,17,random_subspace,32,118272,joint,paraphrase,96,93.92296027178479,-0.8414198852728858,0.9995232801880923,0.0,0.3125,0.0
14,mean,17,rank1,1,10752,dev,canonical,48,0.3486175176778172,0.9477618838379372,0.9999875115086362,1.0,1.0,1.0
14,mean,17,rank1,1,10752,expression,canonical,24,82.92523050245558,-0.8769362410322106,0.9996069927469167,0.0,0.4236111111111111,0.0
14,mean,17,rank1,1,10752,iid,canonical,24,0.254454279558415,0.9664804949277261,0.9999866440880599,1.0,1.0,1.0
14,mean,17,rank1,1,10752,joint,canonical,96,71.94718292096725,-0.8126549689463034,0.9996600481460699,0.0,0.2838541666666667,0.0
14,mean,17,rank1,1,10752,template,canonical,24,0.0593169479716202,0.9871886215982032,0.999982957448426,1.0,1.0,1.0
14,mean,17,rank1,1,10752,topic,canonical,96,0.2748801837651198,0.9542365790884433,0.9999865488246739,1.0,1.0,1.0
14,mean,17,rank1,1,10752,train,canonical,168,0.19805093546793393,0.9737049611034856,0.9999874608502847,0.9880952380952381,0.9940476190476191,0.9880952380952381
14,mean,17,rank1,1,10752,iid,paraphrase,24,0.28705506230415073,0.961870269560604,0.9999680241706175,0.4166666666666667,0.7083333333333334,0.4166666666666667
14,mean,17,rank1,1,10752,topic,paraphrase,96,0.31032892894641895,0.9477774004160803,0.9999673912672499,0.5208333333333334,0.7604166666666666,0.5208333333333334
14,mean,17,rank1,1,10752,template,paraphrase,24,6.649096445745592,0.6793683394845165,0.9999653014624338,0.5416666666666666,0.7708333333333334,0.5416666666666666
14,mean,17,rank1,1,10752,expression,paraphrase,24,123.55734093511187,-0.6435192872759925,0.9995297938928056,0.0,0.3333333333333333,0.0
14,mean,17,rank1,1,10752,joint,paraphrase,96,85.49405871688874,-0.6761658633672771,0.9995280067585258,0.0,0.3420138888888889,0.0
14,mean,17,rank2,2,17920,dev,canonical,48,0.34744917726754326,0.9479369522122268,0.999988360635414,1.0,1.0,1.0
14,mean,17,rank2,2,17920,expression,canonical,24,82.93215822010795,-0.8770930435427444,0.9996028655745753,0.0,0.4305555555555555,0.0
14,mean,17,rank2,2,17920,iid,canonical,24,0.25340772895835023,0.9666183580369972,0.9999872484612712,1.0,1.0,1.0
14,mean,17,rank2,2,17920,joint,canonical,96,71.92336212872182,-0.8120548220652872,0.99965930878359,0.0,0.2786458333333333,0.0
14,mean,17,rank2,2,17920,template,canonical,24,0.05766662304830472,0.9875450616680569,0.9999843877718048,1.0,1.0,1.0
14,mean,17,rank2,2,17920,topic,canonical,96,0.27391844863545,0.9543966935388255,0.9999870851343301,1.0,1.0,1.0
14,mean,17,rank2,2,17920,train,canonical,168,0.19642258431640847,0.9739211557746462,0.9999885434390459,1.0,1.0,1.0
14,mean,17,rank2,2,17920,iid,paraphrase,24,0.287930092052742,0.9617540387295835,0.9999675415195511,0.4166666666666667,0.7083333333333334,0.4166666666666667
14,mean,17,rank2,2,17920,topic,paraphrase,96,0.3105055216821126,0.9477476831359128,0.999967226689855,0.5416666666666666,0.7708333333333334,0.5416666666666666
14,mean,17,rank2,2,17920,template,paraphrase,24,6.656055372770271,0.6790327672236032,0.9999653187883423,0.7083333333333334,0.8541666666666666,0.7083333333333334
14,mean,17,rank2,2,17920,expression,paraphrase,24,123.56083992987858,-0.6435658297585487,0.9995265110423518,0.0,0.3333333333333333,0.0
14,mean,17,rank2,2,17920,joint,paraphrase,96,85.47024055499237,-0.6756988930245653,0.9995285209808232,0.0,0.3420138888888889,0.0
14,mean,17,rank4,4,32256,dev,canonical,48,0.3460339644868092,0.9481490128399499,0.9999894246483398,1.0,1.0,1.0
14,mean,17,rank4,4,32256,expression,canonical,24,82.93600377136852,-0.8771800840548296,0.9996000957840089,0.0,0.4305555555555555,0.0
14,mean,17,rank4,4,32256,iid,canonical,24,0.2513676094895936,0.9668871049215052,0.9999887117776204,1.0,1.0,1.0
14,mean,17,rank4,4,32256,joint,canonical,96,71.92765300722978,-0.812162927510599,0.999657643540589,0.0,0.2786458333333333,0.0
14,mean,17,rank4,4,32256,template,canonical,24,0.05778809036957027,0.9875188269430853,0.9999842780725109,1.0,1.0,1.0
14,mean,17,rank4,4,32256,topic,canonical,96,0.27276928268659034,0.9545880124047204,0.99998802547863,1.0,1.0,1.0
14,mean,17,rank4,4,32256,train,canonical,168,0.19417211074240193,0.9742199490624652,0.999990081293352,1.0,1.0,1.0
14,mean,17,rank4,4,32256,iid,paraphrase,24,0.2880735303452614,0.9617349857179955,0.9999675175172803,0.4583333333333333,0.7291666666666666,0.4583333333333333
14,mean,17,rank4,4,32256,topic,paraphrase,96,0.31038934936955404,0.9477672327801632,0.9999673787915585,0.5625,0.78125,0.5625
14,mean,17,rank4,4,32256,template,paraphrase,24,6.655740167664999,0.6790479669935465,0.9999647983904189,0.75,0.875,0.75
14,mean,17,rank4,4,32256,expression,paraphrase,24,123.56466824906612,-0.6436167528067054,0.9995242684203447,0.0,0.3333333333333333,0.0
14,mean,17,rank4,4,32256,joint,paraphrase,96,85.4746310542609,-0.6757849715791162,0.9995263284520105,0.0,0.3420138888888889,0.0
14,mean,17,rank8,8,60928,dev,canonical,48,0.3439446651416338,0.9484620810489648,0.9999910495956953,1.0,1.0,1.0
14,mean,17,rank8,8,60928,expression,canonical,24,82.93905387591916,-0.8772491203630235,0.9995974279669527,0.0,0.4305555555555555,0.0
14,mean,17,rank8,8,60928,iid,canonical,24,0.24918008713317144,0.967175269329072,0.9999901102445983,1.0,1.0,1.0
14,mean,17,rank8,8,60928,joint,canonical,96,71.92904693034238,-0.812198046351307,0.9996558430052987,0.0,0.2786458333333333,0.0
14,mean,17,rank8,8,60928,template,canonical,24,0.057693918093795184,0.9875391664362854,0.9999843489702358,1.0,1.0,1.0
14,mean,17,rank8,8,60928,topic,canonical,96,0.27108984211490406,0.9548676140286908,0.9999893290483318,1.0,1.0,1.0
14,mean,17,rank8,8,60928,train,canonical,168,0.19154139806987133,0.9745692263425059,0.999991837673619,1.0,1.0,1.0
14,mean,17,rank8,8,60928,iid,paraphrase,24,0.2877700277796445,0.9617753001821326,0.9999677859550397,0.4583333333333333,0.7291666666666666,0.4583333333333333
14,mean,17,rank8,8,60928,topic,paraphrase,96,0.3095989332114499,0.9479002451508418,0.9999681091807636,0.6458333333333334,0.8229166666666666,0.6458333333333334
14,mean,17,rank8,8,60928,template,paraphrase,24,6.657337565317928,0.6789709375405764,0.9999641423305669,0.8333333333333334,0.9166666666666666,0.8333333333333334
14,mean,17,rank8,8,60928,expression,paraphrase,24,123.568483245123,-0.6436674986349413,0.9995219096268535,0.0,0.3333333333333333,0.0
14,mean,17,rank8,8,60928,joint,paraphrase,96,85.47436680574747,-0.6757797908175018,0.9995251884925471,0.0,0.3420138888888889,0.0
14,mean,17,rank16,16,118272,dev,canonical,48,0.3419706466273369,0.9487578751592056,0.9999924510789248,1.0,1.0,1.0
14,mean,17,rank16,16,118272,expression,canonical,24,82.94463969763643,-0.8773755502945846,0.9995936326108392,0.0,0.4305555555555555,0.0
14,mean,17,rank16,16,118272,iid,canonical,24,0.2467851800852624,0.967490752719956,0.9999916710215819,1.0,1.0,1.0
14,mean,17,rank16,16,118272,joint,canonical,96,71.92859827411792,-0.8121867427963712,0.9996551649063802,0.0,0.2786458333333333,0.0
14,mean,17,rank16,16,118272,template,canonical,24,0.057145534549984146,0.9876576072753596,0.9999848192506616,1.0,1.0,1.0
14,mean,17,rank16,16,118272,topic,canonical,96,0.2695748402417831,0.9551198390798086,0.9999904435822327,1.0,1.0,1.0
14,mean,17,rank16,16,118272,train,canonical,168,0.18874103275421095,0.974941028246525,0.999993674352554,1.0,1.0,1.0
14,mean,17,rank16,16,118272,iid,paraphrase,24,0.28713355011102476,0.961859843968751,0.9999682332013028,0.75,0.875,0.75
14,mean,17,rank16,16,118272,topic,paraphrase,96,0.3084756293625748,0.9480892763420686,0.9999690662925277,0.71875,0.859375,0.71875
14,mean,17,rank16,16,118272,template,paraphrase,24,6.656710744462696,0.6790011639951478,0.9999646742993256,0.9583333333333334,0.9791666666666666,0.9583333333333334
14,mean,17,rank16,16,118272,expression,paraphrase,24,123.57521334238773,-0.6437570201848235,0.9995172633269199,0.0,0.3333333333333333,0.0
14,mean,17,rank16,16,118272,joint,paraphrase,96,85.47353086543963,-0.6757634016715326,0.9995242664161732,0.0,0.34027777777777785,0.0
14,mean,17,rank32,32,232960,dev,canonical,48,0.34046922457077766,0.948982853698211,0.9999936028511097,1.0,1.0,1.0
14,mean,17,rank32,32,232960,expression,canonical,24,82.94546593421666,-0.8773942513988406,0.999592655309207,0.0,0.4305555555555555,0.0
14,mean,17,rank32,32,232960,iid,canonical,24,0.24465632192055273,0.9677711892375652,0.9999930718982463,1.0,1.0,1.0
14,mean,17,rank32,32,232960,joint,canonical,96,71.92804908245104,-0.8121729063268466,0.9996547720908403,0.0,0.27777777777777773,0.0
14,mean,17,rank32,32,232960,template,canonical,24,0.057205501531185275,0.9876446555016414,0.9999847674146962,1.0,1.0,1.0
14,mean,17,rank32,32,232960,topic,canonical,96,0.26868880954854846,0.9552673498788762,0.9999911430816596,1.0,1.0,1.0
14,mean,17,rank32,32,232960,train,canonical,168,0.186652420698685,0.9752183313307543,0.9999951414258054,1.0,1.0,1.0
14,mean,17,rank32,32,232960,iid,paraphrase,24,0.2864414422113721,0.9619517771589791,0.9999687758846015,0.7916666666666666,0.8958333333333334,0.7916666666666666
14,mean,17,rank32,32,232960,topic,paraphrase,96,0.3080254574578552,0.9481650319192362,0.9999694610806523,0.78125,0.890625,0.78125
14,mean,17,rank32,32,232960,template,paraphrase,24,6.6564817691612745,0.6790122056053441,0.9999649463869099,1.0,1.0,1.0
14,mean,17,rank32,32,232960,expression,paraphrase,24,123.5761573038319,-0.6437695764508309,0.9995161932453046,0.0,0.3333333333333333,0.0
14,mean,17,rank32,32,232960,joint,paraphrase,96,85.47376478761235,-0.6757679878657838,0.9995236507804237,0.0,0.3385416666666667,0.0
14,mean,29,identity,0,0,dev,canonical,48,6.673623462918752,0.0,0.9999561180678055,0.0,0.5,0.0
14,mean,29,identity,0,0,expression,canonical,24,44.181165395821495,0.0,0.9996250887378869,0.0,0.45138888888888884,0.0
14,mean,29,identity,0,0,iid,canonical,24,7.591230210880727,0.0,0.9999541606879904,0.0,0.5,0.0
14,mean,29,identity,0,0,joint,canonical,96,39.69160383721021,0.0,0.9996905337297641,0.0,0.3333333333333333,0.0
14,mean,29,identity,0,0,template,canonical,24,4.630020760553061,0.0,0.9999710180802688,0.0,0.5,0.0
14,mean,29,identity,0,0,topic,canonical,96,6.006547987231088,0.0,0.9999570032994214,0.0,0.5,0.0
14,mean,29,identity,0,0,train,canonical,168,7.531874596092995,0.0,0.9999557136844902,0.0,0.49900793650793646,0.0
14,mean,29,identity,0,0,iid,paraphrase,24,7.5283790101899655,0.0,0.9999621250628111,0.0,0.5,0.0
14,mean,29,identity,0,0,topic,paraphrase,96,5.942425911749805,0.0,0.9999637988767351,0.0,0.5,0.0
14,mean,29,identity,0,0,template,paraphrase,24,20.73749184673702,0.0,0.999948200994497,0.0,0.5,0.0
14,mean,29,identity,0,0,expression,paraphrase,24,75.17851593935275,0.0,0.9995555432405542,0.0,0.40277777777777773,0.0
14,mean,29,identity,0,0,joint,paraphrase,96,51.00572716899169,0.0,0.9995459593648093,0.0,0.4505208333333333,0.0
14,mean,29,shift,0,3584,dev,canonical,48,0.8335604501825763,0.8750962719406987,0.9999864467174008,0.9791666666666666,0.9895833333333334,0.9791666666666666
14,mean,29,shift,0,3584,expression,canonical,24,83.33998684890885,-0.8863238690573532,0.999610529750711,0.0,0.4375,0.0
14,mean,29,shift,0,3584,iid,canonical,24,0.8997627618701953,0.8814733927340868,0.9999852984240043,1.0,1.0,1.0
14,mean,29,shift,0,3584,joint,canonical,96,77.88360029246599,-0.9622185238947543,0.9996578481851565,0.0,0.2708333333333333,0.0
14,mean,29,shift,0,3584,template,canonical,24,0.6438712149447456,0.8609355663304122,0.9999826025859863,1.0,1.0,1.0
14,mean,29,shift,0,3584,topic,canonical,96,1.218578434906069,0.7971249980027526,0.9999848862523848,1.0,1.0,1.0
14,mean,29,shift,0,3584,train,canonical,168,1.154297038507545,0.8467450534683207,0.9999860217176397,0.9940476190476191,0.9970238095238095,0.9940476190476191
14,mean,29,shift,0,3584,iid,paraphrase,24,0.9196764839975851,0.8778387109957182,0.9999678479766955,0.4583333333333333,0.7291666666666666,0.4583333333333333
14,mean,29,shift,0,3584,topic,paraphrase,96,1.2374786576246246,0.791755307343792,0.9999661750263863,0.5520833333333334,0.7760416666666666,0.5520833333333334
14,mean,29,shift,0,3584,template,paraphrase,24,4.776268447614997,0.7696795503084657,0.9999658126262251,0.8333333333333334,0.9166666666666666,0.8333333333333334
14,mean,29,shift,0,3584,expression,paraphrase,24,124.49429380521163,-0.6559823275261565,0.9995327256220282,0.0,0.3298611111111111,0.0
14,mean,29,shift,0,3584,joint,paraphrase,96,93.23339550267474,-0.8279005256365572,0.9995278586895369,0.0,0.3133680555555556,0.0
14,mean,29,lowrank,32,232960,dev,canonical,48,0.28531088210420535,0.9572479802479862,0.999993491664338,1.0,1.0,1.0
14,mean,29,lowrank,32,232960,expression,canonical,24,83.88992455327441,-0.8987712026538901,0.9995915831312435,0.0,0.4305555555555555,0.0
14,mean,29,lowrank,32,232960,iid,canonical,24,0.3374933697372731,0.9555416763341554,0.9999929028633332,1.0,1.0,1.0
14,mean,29,lowrank,32,232960,joint,canonical,96,74.54668791521858,-0.8781475352057284,0.9996554890802644,0.0,0.2786458333333333,0.0
14,mean,29,lowrank,32,232960,template,canonical,24,0.1735233283970136,0.962522127357311,0.9999845336010101,1.0,1.0,1.0
14,mean,29,lowrank,32,232960,topic,canonical,96,0.3568653705332662,0.940587277202829,0.9999909737128023,1.0,1.0,1.0
14,mean,29,lowrank,32,232960,train,canonical,168,0.24979397574290704,0.9668350856674536,0.9999951665874965,1.0,1.0,1.0
14,mean,29,lowrank,32,232960,iid,paraphrase,24,0.37858770809501024,0.949711922369666,0.9999686510071619,0.9166666666666666,0.9583333333333334,0.9166666666666666
14,mean,29,lowrank,32,232960,topic,paraphrase,96,0.4003816331910394,0.9326232015111244,0.9999692119057135,0.7604166666666666,0.8802083333333334,0.7604166666666666
14,mean,29,lowrank,32,232960,template,paraphrase,24,5.739453079321174,0.7232330157504434,0.9999649960461978,1.0,1.0,1.0
14,mean,29,lowrank,32,232960,expression,paraphrase,24,124.88308753718121,-0.661153934428895,0.9995147977397437,0.0,0.3333333333333333,0.0
14,mean,29,lowrank,32,232960,joint,paraphrase,96,87.68926196251482,-0.7192042311637592,0.9995228517224394,0.0,0.32986111111111116,0.0
14,mean,29,full_delta,0,12848640,dev,canonical,48,0.2845081810842112,0.9573682598868442,0.9999940948199689,1.0,1.0,1.0
14,mean,29,full_delta,0,12848640,expression,canonical,24,83.89025414667081,-0.8987786626969525,0.9995912576598825,0.0,0.4305555555555555,0.0
14,mean,29,full_delta,0,12848640,iid,canonical,24,0.3365122629426998,0.955670918468476,0.9999935416049203,1.0,1.0,1.0
14,mean,29,full_delta,0,12848640,joint,canonical,96,74.546627483877,-0.87814601268369,0.9996553890982889,0.0,0.27777777777777773,0.0
14,mean,29,full_delta,0,12848640,template,canonical,24,0.17353907155009604,0.9625187271235115,0.9999845015841508,1.0,1.0,1.0
14,mean,29,full_delta,0,12848640,topic,canonical,96,0.35643688794651346,0.9406586131161795,0.9999912904981332,1.0,1.0,1.0
14,mean,29,full_delta,0,12848640,train,canonical,168,0.24855311101750693,0.9669998341254329,0.9999960327479009,1.0,1.0,1.0
14,mean,29,full_delta,0,12848640,iid,paraphrase,24,0.37814072251555536,0.9497712957857559,0.9999689569378313,0.9166666666666666,0.9583333333333334,0.9166666666666666
14,mean,29,full_delta,0,12848640,topic,paraphrase,96,0.4000549231230733,0.9326781807524003,0.9999694731125985,0.78125,0.890625,0.78125
14,mean,29,full_delta,0,12848640,template,paraphrase,24,5.739365768476174,0.723237226039983,0.9999651080263243,1.0,1.0,1.0
14,mean,29,full_delta,0,12848640,expression,paraphrase,24,124.88344641145703,-0.6611587080569898,0.9995143927893387,0.0,0.3333333333333333,0.0
14,mean,29,full_delta,0,12848640,joint,paraphrase,96,87.6889350967848,-0.7191978227514462,0.9995227357355368,0.0,0.3263888888888889,0.0
14,mean,29,full_affine,0,12848640,dev,canonical,48,0.2987408664757423,0.955235582568351,0.9999830127581476,1.0,1.0,1.0
14,mean,29,full_affine,0,12848640,expression,canonical,24,83.88393759775613,-0.8986356934280777,0.9995830216892992,0.0,0.38888888888888884,0.0
14,mean,29,full_affine,0,12848640,iid,canonical,24,0.35359727544634634,0.9534202934671214,0.9999814220447946,1.0,1.0,1.0
14,mean,29,full_affine,0,12848640,joint,canonical,96,74.56126682741791,-0.8785148398946272,0.9995943765526043,0.0,0.24166666666666667,0.0
14,mean,29,full_affine,0,12848640,template,canonical,24,0.42956847119511615,0.9072210485847144,0.999773753815445,0.7916666666666666,0.8958333333333334,1.0
14,mean,29,full_affine,0,12848640,topic,canonical,96,0.4103921269656126,0.9316758764205268,0.9999480501427679,1.0,1.0,1.0
14,mean,29,full_affine,0,12848640,train,canonical,168,0.25909017771014775,0.9656008375598094,0.9999883137633147,0.9940476190476191,0.9970238095238095,1.0
14,mean,29,full_affine,0,12848640,iid,paraphrase,24,0.3663889542848977,0.951332291614307,0.9999753966838328,1.0,1.0,1.0
14,mean,29,full_affine,0,12848640,topic,paraphrase,96,0.4332271940066921,0.9270959031815469,0.999941121274198,1.0,1.0,1.0
14,mean,29,full_affine,0,12848640,template,paraphrase,24,6.070126191547145,0.7072873500609833,0.9997104558908966,0.5833333333333334,0.7326388888888888,1.0
14,mean,29,full_affine,0,12848640,expression,paraphrase,24,124.85470634159078,-0.6607764170592607,0.999504753634051,0.0,0.2770833333333333,0.0
14,mean,29,full_affine,0,12848640,joint,paraphrase,96,87.63229095860898,-0.7180872780867626,0.9995007352146613,0.0,0.20885416666666665,0.0
14,mean,29,shuffled,32,232960,dev,canonical,48,16.69013559780681,-1.5009105908572304,0.9998406895829334,0.6875,0.829861111111111,1.0
14,mean,29,shuffled,32,232960,expression,canonical,24,89.7393797328773,-1.0311682349004885,0.9996034621965831,0.0,0.28611111111111115,0.0
14,mean,29,shuffled,32,232960,iid,canonical,24,15.305171594556958,-1.0161648598957806,0.999817667653406,0.7083333333333334,0.8263888888888888,0.9583333333333334
14,mean,29,shuffled,32,232960,joint,canonical,96,100.78276929418962,-1.5391458029143048,0.9995618107884985,0.0,0.2821180555555556,0.0
14,mean,29,shuffled,32,232960,template,canonical,24,12.639857273914403,-1.7299785308963838,0.9998426873924476,1.0,1.0,1.0
14,mean,29,shuffled,32,232960,topic,canonical,96,15.226790448615859,-1.5350318487399846,0.9998476238534916,0.78125,0.8697916666666666,1.0
14,mean,29,shuffled,32,232960,train,canonical,168,15.37620780483525,-1.0414848400172967,0.9998249131996653,0.9047619047619048,0.941468253968254,0.9940476190476191
14,mean,29,shuffled,32,232960,iid,paraphrase,24,15.778995705793532,-1.0959353513466876,0.9997908334160552,0.5,0.6944444444444443,0.5416666666666666
14,mean,29,shuffled,32,232960,topic,paraphrase,96,15.076395284544063,-1.5370775350743369,0.9998294248979812,0.5208333333333334,0.7421875,0.6979166666666666
14,mean,29,shuffled,32,232960,template,paraphrase,24,12.674291346750783,0.3888223590190323,0.9998285105261931,0.9166666666666666,0.9583333333333334,0.9166666666666666
14,mean,29,shuffled,32,232960,expression,paraphrase,24,126.89947550018269,-0.6879752667976813,0.9995218533232952,0.0,0.225,0.0
14,mean,29,shuffled,32,232960,joint,paraphrase,96,145.45164340692097,-1.8516727724518458,0.9994405178562973,0.0,0.26875,0.0
14,mean,29,random_subspace,32,118272,dev,canonical,48,0.8268827343766292,0.8760968851522548,0.9999807718316535,1.0,1.0,1.0
14,mean,29,random_subspace,32,118272,expression,canonical,24,83.34518157637382,-0.8864414469306037,0.9996049477176037,0.0,0.4375,0.0
14,mean,29,random_subspace,32,118272,iid,canonical,24,0.892863949152417,0.8823821799169456,0.9999806363569217,1.0,1.0,1.0
14,mean,29,random_subspace,32,118272,joint,canonical,96,77.84760546217827,-0.9613116613140598,0.9996561743038344,0.0,0.2717013888888889,0.0
14,mean,29,random_subspace,32,118272,template,canonical,24,0.6383857576304371,0.8621203250168189,0.9999798510053832,1.0,1.0,1.0
14,mean,29,random_subspace,32,118272,topic,canonical,96,1.2083640082836526,0.7988255465780958,0.9999789098309607,1.0,1.0,1.0
14,mean,29,random_subspace,32,118272,train,canonical,168,1.143527880300516,0.8481748646089119,0.9999798004936034,1.0,1.0,1.0
14,mean,29,random_subspace,32,118272,iid,paraphrase,24,0.9130410484421126,0.8787201006742256,0.9999632473186426,0.4166666666666667,0.7083333333333334,0.4166666666666667
14,mean,29,random_subspace,32,118272,topic,paraphrase,96,1.2275818385468786,0.7934207583270643,0.9999603995005927,0.53125,0.765625,0.53125
14,mean,29,random_subspace,32,118272,template,paraphrase,24,4.786642979301326,0.7691792713083337,0.9999613377400935,0.8333333333333334,0.9166666666666666,0.8333333333333334
14,mean,29,random_subspace,32,118272,expression,paraphrase,24,124.49819293050598,-0.656034192413959,0.9995271779466544,0.0,0.3298611111111111,0.0
14,mean,29,random_subspace,32,118272,joint,paraphrase,96,93.17171322697631,-0.8266912050539084,0.9995241948719228,0.0,0.3151041666666667,0.0
14,mean,29,rank1,1,10752,dev,canonical,48,0.29328858565161503,0.9560525721474638,0.9999875484456768,1.0,1.0,1.0
14,mean,29,rank1,1,10752,expression,canonical,24,83.86811515194005,-0.898277566935163,0.999607274475656,0.0,0.4305555555555555,0.0
14,mean,29,rank1,1,10752,iid,canonical,24,0.3468075911529985,0.9543147050584885,0.9999866432453692,1.0,1.0,1.0
14,mean,29,rank1,1,10752,joint,canonical,96,74.56030096486246,-0.8784905057165626,0.9996600693996965,0.0,0.2803819444444444,0.0
14,mean,29,rank1,1,10752,template,canonical,24,0.1758114623579945,0.9620279321734632,0.9999830745068051,1.0,1.0,1.0
14,mean,29,rank1,1,10752,topic,canonical,96,0.3627718372462276,0.9396039392314155,0.9999865469370999,1.0,1.0,1.0
14,mean,29,rank1,1,10752,train,canonical,168,0.261105026076216,0.9653333280121712,0.9999875633829237,1.0,1.0,1.0
14,mean,29,rank1,1,10752,iid,paraphrase,24,0.3789344615975865,0.9496658628524569,0.9999679930762063,0.3333333333333333,0.6666666666666666,0.3333333333333333
14,mean,29,rank1,1,10752,topic,paraphrase,96,0.402391041083028,0.9322850554539703,0.9999674621223277,0.5,0.75,0.5
14,mean,29,rank1,1,10752,template,paraphrase,24,5.7337301319399385,0.7235089867995718,0.9999659477316637,0.7083333333333334,0.8541666666666666,0.7083333333333334
14,mean,29,rank1,1,10752,expression,paraphrase,24,124.86141343341565,-0.6608656325983155,0.9995299974379316,0.0,0.3368055555555555,0.0
14,mean,29,rank1,1,10752,joint,paraphrase,96,87.70375393800411,-0.7194883556394533,0.9995291178573508,0.0,0.3368055555555556,0.0
14,mean,29,rank2,2,17920,dev,canonical,48,0.2920276025240924,0.9562415224432856,0.9999883749961956,1.0,1.0,1.0
14,mean,29,rank2,2,17920,expression,canonical,24,83.87660181178622,-0.8984696546668953,0.9996032206517392,0.0,0.4305555555555555,0.0
14,mean,29,rank2,2,17920,iid,canonical,24,0.3457775909606641,0.9544503879667552,0.9999872785787791,1.0,1.0,1.0
14,mean,29,rank2,2,17920,joint,canonical,96,74.54116905448679,-0.8780084916751512,0.9996614664079809,0.0,0.2803819444444444,0.0
14,mean,29,rank2,2,17920,template,canonical,24,0.17338906717658978,0.9625511253310497,0.9999846788091479,1.0,1.0,1.0
14,mean,29,rank2,2,17920,topic,canonical,96,0.36189195606453867,0.9397504262291985,0.9999870610645765,1.0,1.0,1.0
14,mean,29,rank2,2,17920,train,canonical,168,0.25955430699405746,0.9655392155455302,0.999988609703891,1.0,1.0,1.0
14,mean,29,rank2,2,17920,iid,paraphrase,24,0.37927855713616654,0.9496201563945177,0.9999678103946831,0.3333333333333333,0.6666666666666666,0.3333333333333333
14,mean,29,rank2,2,17920,topic,paraphrase,96,0.40228674158735617,0.9323026071234771,0.9999675356255171,0.53125,0.765625,0.53125
14,mean,29,rank2,2,17920,template,paraphrase,24,5.737767204482364,0.7233143117360558,0.9999664030489454,0.7083333333333334,0.8541666666666666,0.7083333333333334
14,mean,29,rank2,2,17920,expression,paraphrase,24,124.86747547882567,-0.6609462679411959,0.9995269055477234,0.0,0.3333333333333333,0.0
14,mean,29,rank2,2,17920,joint,paraphrase,96,87.68514200115419,-0.7191234566784355,0.9995316436990244,0.0,0.3411458333333333,0.0
14,mean,29,rank4,4,32256,dev,canonical,48,0.2905676373558263,0.9564602889314429,0.9999895266829939,1.0,1.0,1.0
14,mean,29,rank4,4,32256,expression,canonical,24,83.87925711004401,-0.898529754898159,0.9996010134611536,0.0,0.4305555555555555,0.0
14,mean,29,rank4,4,32256,iid,canonical,24,0.34346638232266025,0.9547548456862288,0.9999889970259753,1.0,1.0,1.0
14,mean,29,rank4,4,32256,joint,canonical,96,74.54504092208576,-0.8781060404568748,0.9996607433750712,0.0,0.2803819444444444,0.0
14,mean,29,rank4,4,32256,template,canonical,24,0.17370791934785879,0.9624822590801712,0.9999844849534658,1.0,1.0,1.0
14,mean,29,rank4,4,32256,topic,canonical,96,0.36073893013767466,0.9399423877234403,0.9999880550689385,1.0,1.0,1.0
14,mean,29,rank4,4,32256,train,canonical,168,0.2571975640073559,0.965852118124647,0.9999902464057445,1.0,1.0,1.0
14,mean,29,rank4,4,32256,iid,paraphrase,24,0.3793991934903149,0.9496041321808077,0.9999679260228307,0.5,0.75,0.5
14,mean,29,rank4,4,32256,topic,paraphrase,96,0.4021117808595293,0.9323320497670078,0.9999677716419276,0.5833333333333334,0.7916666666666666,0.5833333333333334
14,mean,29,rank4,4,32256,template,paraphrase,24,5.7377810996340655,0.7233136416862829,0.9999658210206949,0.8333333333333334,0.9166666666666666,0.8333333333333334
14,mean,29,rank4,4,32256,expression,paraphrase,24,124.87037092121186,-0.6609847821676345,0.9995250774150023,0.0,0.3368055555555555,0.0
14,mean,29,rank4,4,32256,joint,paraphrase,96,87.69002605974818,-0.7192192117801677,0.9995285296665856,0.0,0.3428819444444445,0.0
14,mean,29,rank8,8,60928,dev,canonical,48,0.28868770174085095,0.9567419853180342,0.9999909675347882,1.0,1.0,1.0
14,mean,29,rank8,8,60928,expression,canonical,24,83.884847866145,-0.898656296514952,0.9995958398936254,0.0,0.4305555555555555,0.0
14,mean,29,rank8,8,60928,iid,canonical,24,0.34133532823922663,0.9550355714743072,0.9999903902806896,1.0,1.0,1.0
14,mean,29,rank8,8,60928,joint,canonical,96,74.54712525390049,-0.8781585536237217,0.999660241850464,0.0,0.28125,0.0
14,mean,29,rank8,8,60928,template,canonical,24,0.17359161434789097,0.9625073788379396,0.9999846511369311,1.0,1.0,1.0
14,mean,29,rank8,8,60928,topic,canonical,96,0.3592063190898082,0.9401975444376004,0.9999892343453679,1.0,1.0,1.0
14,mean,29,rank8,8,60928,train,canonical,168,0.25478465196442557,0.9661724782172303,0.9999918715487534,1.0,1.0,1.0
14,mean,29,rank8,8,60928,iid,paraphrase,24,0.3797791992340956,0.9495536557444771,0.9999677392137083,0.7083333333333334,0.8541666666666666,0.7083333333333334
14,mean,29,rank8,8,60928,topic,paraphrase,96,0.4018171225007814,0.9323816353004455,0.9999680812576087,0.6666666666666666,0.8333333333333334,0.6666666666666666
14,mean,29,rank8,8,60928,template,paraphrase,24,5.738634913572381,0.7232724692077293,0.9999652969779715,0.9166666666666666,0.9583333333333334,0.9166666666666666
14,mean,29,rank8,8,60928,expression,paraphrase,24,124.8764944568418,-0.6610662354332839,0.9995200230334306,0.0,0.3368055555555555,0.0
14,mean,29,rank8,8,60928,joint,paraphrase,96,87.69082499435198,-0.7192348754055711,0.9995279705128582,0.0,0.3411458333333333,0.0
14,mean,29,rank16,16,118272,dev,canonical,48,0.2868189862191931,0.9570220004450549,0.9999923745031737,1.0,1.0,1.0
14,mean,29,rank16,16,118272,expression,canonical,24,83.88875627264592,-0.8987447596975302,0.999593025521448,0.0,0.4305555555555555,0.0
14,mean,29,rank16,16,118272,iid,canonical,24,0.33929458148520625,0.9553044009917016,0.9999917478240784,1.0,1.0,1.0
14,mean,29,rank16,16,118272,joint,canonical,96,74.54521349977128,-0.8781103884214021,0.9996569392039181,0.0,0.2795138888888889,0.0
14,mean,29,rank16,16,118272,template,canonical,24,0.17343331861468037,0.9625415678278808,0.9999846726234486,1.0,1.0,1.0
14,mean,29,rank16,16,118272,topic,canonical,96,0.3579096088009242,0.9404134272194645,0.9999902038983729,1.0,1.0,1.0
14,mean,29,rank16,16,118272,train,canonical,168,0.25196824741487484,0.9665464096354475,0.9999937349204421,1.0,1.0,1.0
14,mean,29,rank16,16,118272,iid,paraphrase,24,0.3791701479500102,0.9496345564647066,0.9999682537368066,0.8333333333333334,0.9166666666666666,0.8333333333333334
14,mean,29,rank16,16,118272,topic,paraphrase,96,0.40082439754234733,0.932548692487725,0.9999688245944798,0.6979166666666666,0.8489583333333334,0.6979166666666666
14,mean,29,rank16,16,118272,template,paraphrase,24,5.7397278859794625,0.7232197640679198,0.9999649464902957,1.0,1.0,1.0
14,mean,29,rank16,16,118272,expression,paraphrase,24,124.88196745179143,-0.6611390354198392,0.9995164861201863,0.0,0.3368055555555555,0.0
14,mean,29,rank16,16,118272,joint,paraphrase,96,87.68631108747498,-0.7191463773656932,0.9995240922224143,0.0,0.3359375,0.0
14,mean,29,rank32,32,232960,dev,canonical,48,0.28531088210420535,0.9572479802479862,0.999993491664338,1.0,1.0,1.0
14,mean,29,rank32,32,232960,expression,canonical,24,83.88992455327441,-0.8987712026538901,0.9995915831312435,0.0,0.4305555555555555,0.0
14,mean,29,rank32,32,232960,iid,canonical,24,0.3374933697372731,0.9555416763341554,0.9999929028633332,1.0,1.0,1.0
14,mean,29,rank32,32,232960,joint,canonical,96,74.54668791521858,-0.8781475352057284,0.9996554890802644,0.0,0.2786458333333333,0.0
14,mean,29,rank32,32,232960,template,canonical,24,0.1735233283970136,0.962522127357311,0.9999845336010101,1.0,1.0,1.0
14,mean,29,rank32,32,232960,topic,canonical,96,0.3568653705332662,0.940587277202829,0.9999909737128023,1.0,1.0,1.0
14,mean,29,rank32,32,232960,train,canonical,168,0.24979397574290704,0.9668350856674536,0.9999951665874965,1.0,1.0,1.0
14,mean,29,rank32,32,232960,iid,paraphrase,24,0.37858770809501024,0.949711922369666,0.9999686510071619,0.9166666666666666,0.9583333333333334,0.9166666666666666
14,mean,29,rank32,32,232960,topic,paraphrase,96,0.4003816331910394,0.9326232015111244,0.9999692119057135,0.7604166666666666,0.8802083333333334,0.7604166666666666
14,mean,29,rank32,32,232960,template,paraphrase,24,5.739453079321174,0.7232330157504434,0.9999649960461978,1.0,1.0,1.0
14,mean,29,rank32,32,232960,expression,paraphrase,24,124.88308753718121,-0.661153934428895,0.9995147977397437,0.0,0.3333333333333333,0.0
14,mean,29,rank32,32,232960,joint,paraphrase,96,87.68926196251482,-0.7192042311637592,0.9995228517224394,0.0,0.32986111111111116,0.0
14,mean,43,identity,0,0,dev,canonical,48,6.673623462918752,0.0,0.9999561180678055,0.0,0.5,0.0
14,mean,43,identity,0,0,expression,canonical,24,44.181165395821495,0.0,0.9996250887378869,0.0,0.45138888888888884,0.0
14,mean,43,identity,0,0,iid,canonical,24,7.591230210880727,0.0,0.9999541606879904,0.0,0.5,0.0
14,mean,43,identity,0,0,joint,canonical,96,39.69160383721021,0.0,0.9996905337297641,0.0,0.3333333333333333,0.0
14,mean,43,identity,0,0,template,canonical,24,4.630020760553061,0.0,0.9999710180802688,0.0,0.5,0.0
14,mean,43,identity,0,0,topic,canonical,96,6.006547987231088,0.0,0.9999570032994214,0.0,0.5,0.0
14,mean,43,identity,0,0,train,canonical,168,7.531874596092995,0.0,0.9999557136844902,0.0,0.49900793650793646,0.0
14,mean,43,identity,0,0,iid,paraphrase,24,7.5283790101899655,0.0,0.9999621250628111,0.0,0.5,0.0
14,mean,43,identity,0,0,topic,paraphrase,96,5.942425911749805,0.0,0.9999637988767351,0.0,0.5,0.0
14,mean,43,identity,0,0,template,paraphrase,24,20.73749184673702,0.0,0.999948200994497,0.0,0.5,0.0
14,mean,43,identity,0,0,expression,paraphrase,24,75.17851593935275,0.0,0.9995555432405542,0.0,0.40277777777777773,0.0
14,mean,43,identity,0,0,joint,paraphrase,96,51.00572716899169,0.0,0.9995459593648093,0.0,0.4505208333333333,0.0
14,mean,43,shift,0,3584,dev,canonical,48,0.8180025674421444,0.8774275216473801,0.9999865111150869,0.9791666666666666,0.9895833333333334,0.9791666666666666
14,mean,43,shift,0,3584,expression,canonical,24,81.75338144625066,-0.8504125165965544,0.999611175645951,0.0,0.4375,0.0
14,mean,43,shift,0,3584,iid,canonical,24,0.9136792316707115,0.87964016288676,0.9999853868495924,1.0,1.0,1.0
14,mean,43,shift,0,3584,joint,canonical,96,76.33221464756896,-0.9231325335361933,0.9996580128712584,0.0,0.2734375,0.0
14,mean,43,shift,0,3584,template,canonical,24,0.5637703561258807,0.8782358902298879,0.9999831110096548,1.0,1.0,1.0
14,mean,43,shift,0,3584,topic,canonical,96,1.1663471318635523,0.8058207252580001,0.9999849666230988,1.0,1.0,1.0
14,mean,43,shift,0,3584,train,canonical,168,1.1574630599753142,0.8463247037363415,0.9999860371733094,0.9940476190476191,0.9970238095238095,0.9940476190476191
14,mean,43,shift,0,3584,iid,paraphrase,24,0.9319910292895873,0.876202961085235,0.9999678123794107,0.375,0.6875,0.375
14,mean,43,shift,0,3584,topic,paraphrase,96,1.1833388349125884,0.8008660347665751,0.9999662482029269,0.5104166666666666,0.7552083333333334,0.5104166666666666
14,mean,43,shift,0,3584,template,paraphrase,24,5.114687664627046,0.7533603531985559,0.9999659762037284,0.75,0.875,0.75
14,mean,43,shift,0,3584,expression,paraphrase,24,122.55310253367104,-0.6301612369222058,0.9995336511522156,0.0,0.3333333333333333,0.0
14,mean,43,shift,0,3584,joint,paraphrase,96,91.54056778617287,-0.7947115523494359,0.9995280188645365,0.0,0.3177083333333333,0.0
14,mean,43,lowrank,32,232960,dev,canonical,48,0.34248758190141276,0.9486804156985471,0.9999935048030512,1.0,1.0,1.0
14,mean,43,lowrank,32,232960,expression,canonical,24,82.59856371128605,-0.8695424389845983,0.9995924479080163,0.0,0.4236111111111111,0.0
14,mean,43,lowrank,32,232960,iid,canonical,24,0.17532660848121231,0.9769040585503636,0.9999932123015484,1.0,1.0,1.0
14,mean,43,lowrank,32,232960,joint,canonical,96,71.78256019935324,-0.8085074237302121,0.9996529674048841,0.0,0.2760416666666667,0.0
14,mean,43,lowrank,32,232960,template,canonical,24,0.05907854561056906,0.9872401121580474,0.9999845891919431,1.0,1.0,1.0
14,mean,43,lowrank,32,232960,topic,canonical,96,0.20410532913101465,0.9660195290930984,0.9999910260203387,1.0,1.0,1.0
14,mean,43,lowrank,32,232960,train,canonical,168,0.16840724577276167,0.9776407262728299,0.9999952676544022,1.0,1.0,1.0
14,mean,43,lowrank,32,232960,iid,paraphrase,24,0.21951361321953486,0.9708418488332728,0.999968438265005,0.875,0.9375,0.875
14,mean,43,lowrank,32,232960,topic,paraphrase,96,0.24644132652187412,0.9585284982628741,0.9999690665491908,0.75,0.875,0.75
14,mean,43,lowrank,32,232960,template,paraphrase,24,6.554826231254478,0.6839142226215819,0.9999647366405725,0.9583333333333334,0.9791666666666666,0.9583333333333334
14,mean,43,lowrank,32,232960,expression,paraphrase,24,123.33907163864824,-0.6406159405719991,0.9995158656130613,0.0,0.33125,0.0
14,mean,43,lowrank,32,232960,joint,paraphrase,96,85.56115472347801,-0.6774813236168089,0.999522186624413,0.0,0.3342013888888889,0.0
14,mean,43,full_delta,0,12848640,dev,canonical,48,0.34182331893978746,0.9487799512754816,0.9999940272304788,1.0,1.0,1.0
14,mean,43,full_delta,0,12848640,expression,canonical,24,82.59862185388059,-0.8695437549886922,0.9995921693377058,0.0,0.4236111111111111,0.0
14,mean,43,full_delta,0,12848640,iid,canonical,24,0.17455796898321574,0.9770053121649483,0.9999937193228797,1.0,1.0,1.0
14,mean,43,full_delta,0,12848640,joint,canonical,96,71.78187983584421,-0.8084902824851312,0.9996529011911729,0.0,0.2760416666666667,0.0
14,mean,43,full_delta,0,12848640,template,canonical,24,0.05915708044144694,0.9872231500676077,0.9999845021903541,1.0,1.0,1.0
14,mean,43,full_delta,0,12848640,topic,canonical,96,0.20379108084294728,0.9660718467119263,0.9999912556581928,1.0,1.0,1.0
14,mean,43,full_delta,0,12848640,train,canonical,168,0.1672913089748604,0.9777888881658174,0.9999960419674991,1.0,1.0,1.0
14,mean,43,full_delta,0,12848640,iid,paraphrase,24,0.21909237776996135,0.9708978018410854,0.9999687232964924,0.9166666666666666,0.9583333333333334,0.9166666666666666
14,mean,43,full_delta,0,12848640,topic,paraphrase,96,0.24613010019211065,0.9585808718783613,0.9999693144222398,0.7708333333333334,0.8854166666666666,0.7708333333333334
14,mean,43,full_delta,0,12848640,template,paraphrase,24,6.555025623761725,0.6839046075481332,0.9999648068422183,0.9583333333333334,0.9791666666666666,0.9583333333333334
14,mean,43,full_delta,0,12848640,expression,paraphrase,24,123.33941889368275,-0.6406205596447512,0.9995156420049932,0.0,0.33125,0.0
14,mean,43,full_delta,0,12848640,joint,paraphrase,96,85.56064782788246,-0.6774713856034977,0.9995213758122722,0.0,0.3324652777777778,0.0
14,mean,43,full_affine,0,12848640,dev,canonical,48,0.3564772580279032,0.9465841517717279,0.9999825990024146,1.0,1.0,1.0
14,mean,43,full_affine,0,12848640,expression,canonical,24,82.59500850686885,-0.8694619702059829,0.9995806710785259,0.0,0.38888888888888884,0.0
14,mean,43,full_affine,0,12848640,iid,canonical,24,0.19372767652784248,0.9744800682964183,0.9999808615683531,1.0,1.0,1.0
14,mean,43,full_affine,0,12848640,joint,canonical,96,71.79851710714968,-0.8089094459780881,0.9995945907970659,0.0,0.2416666666666667,0.0
14,mean,43,full_affine,0,12848640,template,canonical,24,0.30989153096448235,0.9330690839218904,0.9997763792747224,0.8333333333333334,0.9166666666666666,1.0
14,mean,43,full_affine,0,12848640,topic,canonical,96,0.25823296234342535,0.9570080913542378,0.9999477938864412,1.0,1.0,1.0
14,mean,43,full_affine,0,12848640,train,canonical,168,0.17830501755073572,0.976326608299715,0.9999881737008274,0.9940476190476191,0.9970238095238095,1.0
14,mean,43,full_affine,0,12848640,iid,paraphrase,24,0.20941172145725825,0.9721836903835724,0.9999747476272894,1.0,1.0,1.0
14,mean,43,full_affine,0,12848640,topic,paraphrase,96,0.2797938805844444,0.9529158823787411,0.9999408689109298,1.0,1.0,1.0
14,mean,43,full_affine,0,12848640,template,paraphrase,24,6.883759696374028,0.6680524459153836,0.9997089160005901,0.625,0.7465277777777777,1.0
14,mean,43,full_affine,0,12848640,expression,paraphrase,24,123.31250367725413,-0.6402625422498569,0.9995026771656822,0.0,0.2784722222222222,0.0
14,mean,43,full_affine,0,12848640,joint,paraphrase,96,85.51020371223142,-0.6764823963575664,0.9995001641245498,0.0,0.209375,0.0
14,mean,43,shuffled,32,232960,dev,canonical,48,21.106048290298055,-2.1626070016643086,0.999821808526309,0.6875,0.8159722222222223,1.0
14,mean,43,shuffled,32,232960,expression,canonical,24,102.46994002745687,-1.3193127458142633,0.999598164716614,0.0,0.26944444444444443,0.0
14,mean,43,shuffled,32,232960,iid,canonical,24,25.117396772231928,-2.308738646369919,0.9997824706086411,0.625,0.7708333333333334,0.9583333333333334
14,mean,43,shuffled,32,232960,joint,canonical,96,139.19961570124568,-2.5070292516310055,0.9995842922122016,0.0,0.2494791666666667,0.0
14,mean,43,shuffled,32,232960,template,canonical,24,13.824894602733886,-1.985924970470864,0.999886285869886,1.0,1.0,1.0
14,mean,43,shuffled,32,232960,topic,canonical,96,29.925933122038103,-3.982218270070531,0.9998209176405181,0.7916666666666666,0.873263888888889,0.96875
14,mean,43,shuffled,32,232960,train,canonical,168,30.687955546675177,-3.074411377294296,0.9997976301826074,0.8511904761904762,0.9136904761904762,0.9880952380952381
14,mean,43,shuffled,32,232960,iid,paraphrase,24,24.249249412716313,-2.2210452449184577,0.9997691616255403,0.5,0.6909722222222222,0.5833333333333334
14,mean,43,shuffled,32,232960,topic,paraphrase,96,29.963547898351248,-4.0423090406739615,0.9998042499917492,0.5,0.7230902777777777,0.71875
14,mean,43,shuffled,32,232960,template,paraphrase,24,11.52675473018607,0.4441586853715981,0.9998583735926996,1.0,1.0,1.0
14,mean,43,shuffled,32,232960,expression,paraphrase,24,147.63434962811414,-0.9637837723108584,0.9995200474699651,0.0,0.24305555555555558,0.0
14,mean,43,shuffled,32,232960,joint,paraphrase,96,188.89143845323937,-2.703337819837487,0.9994443739760334,0.0,0.25225694444444446,0.0
14,mean,43,random_subspace,32,118272,dev,canonical,48,0.8152148257865198,0.8778452469912079,0.9999839448118711,1.0,1.0,1.0
14,mean,43,random_subspace,32,118272,expression,canonical,24,81.75857351945578,-0.8505300343930771,0.9996087880903209,0.0,0.4375,0.0
14,mean,43,random_subspace,32,118272,iid,canonical,24,0.9094369112519259,0.8801990078039783,0.9999831850734299,1.0,1.0,1.0
14,mean,43,random_subspace,32,118272,joint,canonical,96,76.30516315266702,-0.9224509915402364,0.9996568632878232,0.0,0.2725694444444444,0.0
14,mean,43,random_subspace,32,118272,template,canonical,24,0.5608159628271492,0.878873985273414,0.9999808846908852,1.0,1.0,1.0
14,mean,43,random_subspace,32,118272,topic,canonical,96,1.160845720125424,0.8067366276614809,0.9999819580278982,1.0,1.0,1.0
14,mean,43,random_subspace,32,118272,train,canonical,168,1.151793192961252,0.8470774867177527,0.9999831616954301,1.0,1.0,1.0
14,mean,43,random_subspace,32,118272,iid,paraphrase,24,0.9278466493543108,0.8767534620535931,0.9999657740716854,0.375,0.6875,0.375
14,mean,43,random_subspace,32,118272,topic,paraphrase,96,1.1778786315976573,0.8017848856527318,0.9999635225827221,0.5208333333333334,0.7604166666666666,0.5208333333333334
14,mean,43,random_subspace,32,118272,template,paraphrase,24,5.122884889552506,0.7529650679352249,0.9999628472825058,0.7916666666666666,0.8958333333333334,0.7916666666666666
14,mean,43,random_subspace,32,118272,expression,paraphrase,24,122.55764418614145,-0.630221648496093,0.9995314586448908,0.0,0.3333333333333333,0.0
14,mean,43,random_subspace,32,118272,joint,paraphrase,96,91.50673006395452,-0.7940481420993233,0.9995264768943649,0.0,0.3177083333333333,0.0
14,mean,43,rank1,1,10752,dev,canonical,48,0.3504044866029126,0.9474941179181151,0.9999874820952758,1.0,1.0,1.0
14,mean,43,rank1,1,10752,expression,canonical,24,82.57697109926741,-0.8690537100924292,0.9996088835044534,0.0,0.4236111111111111,0.0
14,mean,43,rank1,1,10752,iid,canonical,24,0.1852759733223355,0.9755934192251509,0.9999866587073303,0.9583333333333334,0.9791666666666666,0.9583333333333334
14,mean,43,rank1,1,10752,joint,canonical,96,71.79602842940851,-0.8088467456208193,0.9996605057371203,0.0,0.2847222222222222,0.0
14,mean,43,rank1,1,10752,template,canonical,24,0.06000292991202838,0.9870404620162305,0.9999837785539739,1.0,1.0,1.0
14,mean,43,rank1,1,10752,topic,canonical,96,0.210081939230657,0.9650245133016075,0.9999865879453543,1.0,1.0,1.0
14,mean,43,rank1,1,10752,train,canonical,168,0.17995554688085869,0.9761074690523649,0.9999874702048827,0.9880952380952381,0.9940476190476191,0.9880952380952381
14,mean,43,rank1,1,10752,iid,paraphrase,24,0.21936834912860795,0.9708611443669768,0.9999681836593514,0.3333333333333333,0.6666666666666666,0.3333333333333333
14,mean,43,rank1,1,10752,topic,paraphrase,96,0.24789841717639508,0.9582832969467516,0.9999676882309053,0.4583333333333333,0.7291666666666666,0.4583333333333333
14,mean,43,rank1,1,10752,template,paraphrase,24,6.5475871241300885,0.6842633056822476,0.9999659925486063,0.5416666666666666,0.7708333333333334,0.5416666666666666
14,mean,43,rank1,1,10752,expression,paraphrase,24,123.31862691628969,-0.6403439915703051,0.9995318425189385,0.0,0.3333333333333333,0.0
14,mean,43,rank1,1,10752,joint,paraphrase,96,85.57546178004112,-0.6777618226383346,0.9995289777649697,0.0,0.3420138888888889,0.0
14,mean,43,rank2,2,17920,dev,canonical,48,0.3492428176949149,0.947668186610251,0.999988288290409,1.0,1.0,1.0
14,mean,43,rank2,2,17920,expression,canonical,24,82.58722780957838,-0.8692858612867012,0.9996029074197769,0.0,0.4166666666666667,0.0
14,mean,43,rank2,2,17920,iid,canonical,24,0.18404842358734372,0.9757551255231937,0.9999873995970647,0.9583333333333334,0.9791666666666666,0.9583333333333334
14,mean,43,rank2,2,17920,joint,canonical,96,71.78039999256616,-0.8084529989507061,0.9996586943874561,0.0,0.2803819444444444,0.0
14,mean,43,rank2,2,17920,template,canonical,24,0.05874498384763938,0.9873121554123178,0.9999848034071261,1.0,1.0,1.0
14,mean,43,rank2,2,17920,topic,canonical,96,0.20918598032707222,0.9651736769985412,0.9999872308351204,1.0,1.0,1.0
14,mean,43,rank2,2,17920,train,canonical,168,0.17842827645632164,0.9763102433292135,0.9999885312965575,1.0,1.0,1.0
14,mean,43,rank2,2,17920,iid,paraphrase,24,0.22030229594797368,0.9707370875390591,0.999967611799614,0.375,0.6875,0.375
14,mean,43,rank2,2,17920,topic,paraphrase,96,0.2482479564516611,0.9582244759735571,0.9999674867143593,0.4895833333333333,0.7447916666666666,0.4895833333333333
14,mean,43,rank2,2,17920,template,paraphrase,24,6.552888198717177,0.6840076781152175,0.999965516365804,0.6666666666666666,0.8333333333333334,0.6666666666666666
14,mean,43,rank2,2,17920,expression,paraphrase,24,123.32539691779436,-0.6404340439133194,0.9995272780077347,0.0,0.3333333333333333,0.0
14,mean,43,rank2,2,17920,joint,paraphrase,96,85.56021494093063,-0.6774628985771214,0.9995291955166069,0.0,0.3463541666666667,0.0
14,mean,43,rank4,4,32256,dev,canonical,48,0.3481158519139967,0.9478370552596705,0.9999892165536534,1.0,1.0,1.0
14,mean,43,rank4,4,32256,expression,canonical,24,82.5885543862469,-0.8693158871281799,0.9996007417325957,0.0,0.4236111111111111,0.0
14,mean,43,rank4,4,32256,iid,canonical,24,0.18156746692126904,0.9760819443123957,0.9999889673425963,1.0,1.0,1.0
14,mean,43,rank4,4,32256,joint,canonical,96,71.78371419991716,-0.8085364979033962,0.9996578839081808,0.0,0.28125,0.0
14,mean,43,rank4,4,32256,template,canonical,24,0.05906848455540984,0.9872422851623771,0.9999845029131428,1.0,1.0,1.0
14,mean,43,rank4,4,32256,topic,canonical,96,0.2080221826921078,0.965367431820352,0.9999881193597364,1.0,1.0,1.0
14,mean,43,rank4,4,32256,train,canonical,168,0.17633516504553987,0.9765881437886645,0.9999899079453148,1.0,1.0,1.0
14,mean,43,rank4,4,32256,iid,paraphrase,24,0.22077395920581155,0.9706744361691959,0.999967452863984,0.4166666666666667,0.7083333333333334,0.4166666666666667
14,mean,43,rank4,4,32256,topic,paraphrase,96,0.24826265226721903,0.9582220029405271,0.9999675900876926,0.5,0.75,0.5
14,mean,43,rank4,4,32256,template,paraphrase,24,6.553381955351682,0.6839838682621189,0.9999647024861872,0.875,0.9375,0.875
14,mean,43,rank4,4,32256,expression,paraphrase,24,123.32692234744316,-0.6404543346789686,0.9995252948955713,0.0,0.33125,0.0
14,mean,43,rank4,4,32256,joint,paraphrase,96,85.56293154458963,-0.677516159334487,0.9995275167215093,0.0,0.3463541666666667,0.0
14,mean,43,rank8,8,60928,dev,canonical,48,0.346276887261058,0.9481126124083705,0.9999906616059514,1.0,1.0,1.0
14,mean,43,rank8,8,60928,expression,canonical,24,82.59212562381505,-0.8693967188024048,0.9995979211339723,0.0,0.4236111111111111,0.0
14,mean,43,rank8,8,60928,iid,canonical,24,0.17964964369788783,0.9763345809957928,0.9999903309715282,1.0,1.0,1.0
14,mean,43,rank8,8,60928,joint,canonical,96,71.78324525635352,-0.8085246832242627,0.9996548014011264,0.0,0.2786458333333333,0.0
14,mean,43,rank8,8,60928,template,canonical,24,0.059144094491083155,0.9872259547959309,0.9999844897051487,1.0,1.0,1.0
14,mean,43,rank8,8,60928,topic,canonical,96,0.2065658731364561,0.9656098854823801,0.9999892208861977,1.0,1.0,1.0
14,mean,43,rank8,8,60928,train,canonical,168,0.17365632104615175,0.9769438114203026,0.9999917237453483,1.0,1.0,1.0
14,mean,43,rank8,8,60928,iid,paraphrase,24,0.22073726236616653,0.9706793106368065,0.9999674941925186,0.5833333333333334,0.7916666666666666,0.5833333333333334
14,mean,43,rank8,8,60928,topic,paraphrase,96,0.24753360807531488,0.9583446875482498,0.9999681472643939,0.6145833333333334,0.8072916666666666,0.6145833333333334
14,mean,43,rank8,8,60928,template,paraphrase,24,6.555072708872031,0.683902337017509,0.9999642334715765,0.9166666666666666,0.9583333333333334,0.9166666666666666
14,mean,43,rank8,8,60928,expression,paraphrase,24,123.33122636786504,-0.640511585349165,0.9995224490848811,0.0,0.33125,0.0
14,mean,43,rank8,8,60928,joint,paraphrase,96,85.56229934027647,-0.6775037645633846,0.9995236812319815,0.0,0.33767361111111116,0.0
14,mean,43,rank16,16,118272,dev,canonical,48,0.34404303587101087,0.9484473408212724,0.9999923707679322,1.0,1.0,1.0
14,mean,43,rank16,16,118272,expression,canonical,24,82.59699291605827,-0.869506885480889,0.9995935790852327,0.0,0.4236111111111111,0.0
14,mean,43,rank16,16,118272,iid,canonical,24,0.17727761709027767,0.9766470503244414,0.9999919408638315,1.0,1.0,1.0
14,mean,43,rank16,16,118272,joint,canonical,96,71.78462973845566,-0.8085595642058381,0.9996525349327374,0.0,0.27690972222222227,0.0
14,mean,43,rank16,16,118272,template,canonical,24,0.05939080570923606,0.987172669674565,0.9999843264533989,1.0,1.0,1.0
14,mean,43,rank16,16,118272,topic,canonical,96,0.2051127852273935,0.9658518027886518,0.9999902845655901,1.0,1.0,1.0
14,mean,43,rank16,16,118272,train,canonical,168,0.17065887706067034,0.9773417792764106,0.9999937280287531,1.0,1.0,1.0
14,mean,43,rank16,16,118272,iid,paraphrase,24,0.2200885399341365,0.9707654809041577,0.9999680257158808,0.7916666666666666,0.8958333333333334,0.7916666666666666
14,mean,43,rank16,16,118272,topic,paraphrase,96,0.24684307047524054,0.9584608922111819,0.9999687473861947,0.7083333333333334,0.8541666666666666,0.7083333333333334
14,mean,43,rank16,16,118272,template,paraphrase,24,6.554798794357294,0.6839155456792296,0.9999645999699655,0.9583333333333334,0.9791666666666666,0.9583333333333334
14,mean,43,rank16,16,118272,expression,paraphrase,24,123.33718105506357,-0.6405907926482732,0.9995171933711569,0.0,0.33125,0.0
14,mean,43,rank16,16,118272,joint,paraphrase,96,85.56291249390733,-0.67751578583364,0.9995222235528116,0.0,0.3333333333333333,0.0
14,mean,43,rank32,32,232960,dev,canonical,48,0.34248758190141276,0.9486804156985471,0.9999935048030512,1.0,1.0,1.0
14,mean,43,rank32,32,232960,expression,canonical,24,82.59856371128605,-0.8695424389845983,0.9995924479080163,0.0,0.4236111111111111,0.0
14,mean,43,rank32,32,232960,iid,canonical,24,0.17532660848121231,0.9769040585503636,0.9999932123015484,1.0,1.0,1.0
14,mean,43,rank32,32,232960,joint,canonical,96,71.78256019935324,-0.8085074237302121,0.9996529674048841,0.0,0.2760416666666667,0.0
14,mean,43,rank32,32,232960,template,canonical,24,0.05907854561056906,0.9872401121580474,0.9999845891919431,1.0,1.0,1.0
14,mean,43,rank32,32,232960,topic,canonical,96,0.20410532913101465,0.9660195290930984,0.9999910260203387,1.0,1.0,1.0
14,mean,43,rank32,32,232960,train,canonical,168,0.16840724577276167,0.9776407262728299,0.9999952676544022,1.0,1.0,1.0
14,mean,43,rank32,32,232960,iid,paraphrase,24,0.21951361321953486,0.9708418488332728,0.999968438265005,0.875,0.9375,0.875
14,mean,43,rank32,32,232960,topic,paraphrase,96,0.24644132652187412,0.9585284982628741,0.9999690665491908,0.75,0.875,0.75
14,mean,43,rank32,32,232960,template,paraphrase,24,6.554826231254478,0.6839142226215819,0.9999647366405725,0.9583333333333334,0.9791666666666666,0.9583333333333334
14,mean,43,rank32,32,232960,expression,paraphrase,24,123.33907163864824,-0.6406159405719991,0.9995158656130613,0.0,0.33125,0.0
14,mean,43,rank32,32,232960,joint,paraphrase,96,85.56115472347801,-0.6774813236168089,0.999522186624413,0.0,0.3342013888888889,0.0
19,last,17,identity,0,0,dev,canonical,48,0.5316360944732904,0.0,0.8909997410339013,0.0,0.3958333333333333,0.0
19,last,17,identity,0,0,expression,canonical,24,1.1732955193235466,0.0,0.7365863076550602,0.0,0.24097222222222223,0.0
19,last,17,identity,0,0,iid,canonical,24,0.5419366021151734,0.0,0.8880861512557386,0.0,0.4791666666666667,0.0
19,last,17,identity,0,0,joint,canonical,96,1.2508487353999482,0.0,0.7110828298342177,0.0,0.2572916666666667,0.0
19,last,17,identity,0,0,template,canonical,24,0.5678601529056593,0.0,0.8751388885959265,0.0,0.44097222222222215,0.0
19,last,17,identity,0,0,topic,canonical,96,0.5153772847110615,0.0,0.8926529206916616,0.0,0.453125,0.0
19,last,17,identity,0,0,train,canonical,168,0.5390391683388578,0.0,0.8879299612826708,0.0,0.45089285714285715,0.0
19,last,17,identity,0,0,iid,paraphrase,24,0.4834001519870388,0.0,0.9011638115229471,0.0,0.5,0.0
19,last,17,identity,0,0,topic,paraphrase,96,0.4406518329362558,0.0,0.9092586350786781,0.0,0.49826388888888884,0.0
19,last,17,identity,0,0,template,paraphrase,24,0.5754796936988595,0.0,0.8807718211837098,0.0,0.5,0.0
19,last,17,identity,0,0,expression,paraphrase,24,1.1073587344031692,0.0,0.7480164408906549,0.0,0.2263888888888889,0.0
19,last,17,identity,0,0,joint,paraphrase,96,1.2493906316660484,0.0,0.7075038848693621,0.0,0.27881944444444445,0.0
19,last,17,shift,0,3584,dev,canonical,48,0.2765310173295643,0.4798490542604471,0.9442791653778749,0.4375,0.7152777777777777,0.4375
19,last,17,shift,0,3584,expression,canonical,24,1.1032977609721175,0.059659103097730815,0.7566759498913443,0.0,0.24027777777777778,0.0
19,last,17,shift,0,3584,iid,canonical,24,0.30108467152851365,0.4444282405850001,0.9390880987474263,0.3333333333333333,0.6666666666666666,0.3333333333333333
19,last,17,shift,0,3584,joint,canonical,96,1.1667505947513963,0.06723286219069669,0.7342723151891719,0.0,0.2529513888888889,0.0
19,last,17,shift,0,3584,template,canonical,24,0.42195530857598285,0.2569379865502135,0.9086981256016303,0.0,0.4930555555555555,0.0
19,last,17,shift,0,3584,topic,canonical,96,0.2946413396686483,0.42829971671367983,0.939732507957216,0.375,0.6875,0.375
19,last,17,shift,0,3584,train,canonical,168,0.29690489135189846,0.4491960718423077,0.9393669474878108,0.40476190476190477,0.7013888888888888,0.40476190476190477
19,last,17,shift,0,3584,iid,paraphrase,24,0.43664059810146494,0.09673053203100268,0.9157885983639614,0.0,0.5,0.0
19,last,17,shift,0,3584,topic,paraphrase,96,0.40725740190294574,0.07578416458814752,0.9208421222059474,0.0,0.49826388888888884,0.0
19,last,17,shift,0,3584,template,paraphrase,24,0.5094092891624588,0.11480927174291311,0.8969364166848814,0.0,0.5,0.0
19,last,17,shift,0,3584,expression,paraphrase,24,1.2086297406071596,-0.09145275425002364,0.7433312210931092,0.0,0.24097222222222223,0.0
19,last,17,shift,0,3584,joint,paraphrase,96,1.2409091871576379,0.006788464947188322,0.7176285053190812,0.0,0.2868055555555556,0.0
19,last,17,lowrank,32,232960,dev,canonical,48,0.1672929048032656,0.6853244041509103,0.9659779905140318,0.9791666666666666,0.9895833333333334,0.9791666666666666
19,last,17,lowrank,32,232960,expression,canonical,24,1.0721945453467354,0.08616837984270154,0.7606451422106986,0.0,0.24861111111111112,0.0
19,last,17,lowrank,32,232960,iid,canonical,24,0.1860638690017742,0.656668569209814,0.9619537426090973,1.0,1.0,1.0
19,last,17,lowrank,32,232960,joint,canonical,96,1.1597661487514455,0.07281662767910935,0.7417346300619077,0.0,0.2513888888888889,0.0
19,last,17,lowrank,32,232960,template,canonical,24,0.3892291870640176,0.3145685868740966,0.9164984476138812,0.625,0.8055555555555555,0.625
19,last,17,lowrank,32,232960,topic,canonical,96,0.2088589533969022,0.5947455202376725,0.9568865278367872,0.9479166666666666,0.9739583333333334,0.9479166666666666
19,last,17,lowrank,32,232960,train,canonical,168,0.11825921909759542,0.7806110834913322,0.9755408895639489,0.9940476190476191,0.9970238095238095,0.9940476190476191
19,last,17,lowrank,32,232960,iid,paraphrase,24,0.38144146038949794,0.21091985837909832,0.9262651235071785,0.125,0.5625,0.125
19,last,17,lowrank,32,232960,topic,paraphrase,96,0.3765222453937158,0.1455334637217245,0.9272575239516824,0.15625,0.578125,0.15625
19,last,17,lowrank,32,232960,template,paraphrase,24,0.5103545558128318,0.1131667000575467,0.8993377647012761,0.041666666666666664,0.5208333333333334,0.041666666666666664
19,last,17,lowrank,32,232960,expression,paraphrase,24,1.2285862113968484,-0.10947443969818593,0.7401986922178795,0.0,0.22291666666666665,0.0
19,last,17,lowrank,32,232960,joint,paraphrase,96,1.2870076355448516,-0.03010828072933558,0.7179274321575533,0.0,0.2555555555555556,0.0
19,last,17,full_delta,0,12848640,dev,canonical,48,0.14944909110747434,0.7188883661942884,0.9695952416408612,1.0,1.0,1.0
19,last,17,full_delta,0,12848640,expression,canonical,24,1.06771723777517,0.0899843899593572,0.7608172766588283,0.0,0.24861111111111112,0.0
19,last,17,full_delta,0,12848640,iid,canonical,24,0.16075929889068566,0.703361429615118,0.9671508529295408,1.0,1.0,1.0
19,last,17,full_delta,0,12848640,joint,canonical,96,1.164476569888793,0.06905084768985958,0.7427891455374978,0.0,0.25190972222222224,0.0
19,last,17,full_delta,0,12848640,template,canonical,24,0.39506632997974306,0.3042893959749683,0.915676759848402,0.7083333333333334,0.8472222222222222,0.7083333333333334
19,last,17,full_delta,0,12848640,topic,canonical,96,0.19789268865732823,0.6160236499979355,0.95901455756209,0.9895833333333334,0.9947916666666666,0.9895833333333334
19,last,17,full_delta,0,12848640,train,canonical,168,0.06549483587593077,0.8784970745673929,0.986489866951897,0.9940476190476191,0.9970238095238095,0.9940476190476191
19,last,17,full_delta,0,12848640,iid,paraphrase,24,0.36922942371211254,0.23618264869305927,0.9283836527734962,0.375,0.6875,0.375
19,last,17,full_delta,0,12848640,topic,paraphrase,96,0.3662073127842647,0.168941814347928,0.9287102840359025,0.25,0.625,0.25
19,last,17,full_delta,0,12848640,template,paraphrase,24,0.5204760070665405,0.09557884880139955,0.8988996054158633,0.08333333333333333,0.5416666666666666,0.08333333333333333
19,last,17,full_delta,0,12848640,expression,paraphrase,24,1.2158250673949365,-0.09795049212324769,0.7415195835389289,0.0,0.225,0.0
19,last,17,full_delta,0,12848640,joint,paraphrase,96,1.287715473055347,-0.030674826925981558,0.7227922059420688,0.0,0.26163194444444443,0.0
19,last,17,full_affine,0,12848640,dev,canonical,48,0.12854921147885168,0.7582007451803857,0.9736461087370584,1.0,1.0,1.0
19,last,17,full_affine,0,12848640,expression,canonical,24,0.9851408573730495,0.16036425508466623,0.7740650758148956,0.0,0.2423611111111111,0.0
19,last,17,full_affine,0,12848640,iid,canonical,24,0.1369479271412184,0.7472989892051728,0.9715906736773462,1.0,1.0,1.0
19,last,17,full_affine,0,12848640,joint,canonical,96,0.9643908383007997,0.22901082200603262,0.7769484881364613,0.0,0.2465277777777778,0.052083333333333336
19,last,17,full_affine,0,12848640,template,canonical,24,0.4690788929185991,0.17395349802519255,0.896078002502103,0.7916666666666666,0.8576388888888888,0.9166666666666666
19,last,17,full_affine,0,12848640,topic,canonical,96,0.1914055268842423,0.628610859340549,0.959187832151969,1.0,1.0,1.0
19,last,17,full_affine,0,12848640,train,canonical,168,0.05659238275768869,0.8950124850257396,0.9882365676819485,1.0,1.0,1.0
19,last,17,full_affine,0,12848640,iid,paraphrase,24,0.2277948132961205,0.5287655323239777,0.9526858432192323,1.0,1.0,1.0
19,last,17,full_affine,0,12848640,topic,paraphrase,96,0.2606650291182311,0.4084558156009337,0.9451876003396156,0.9583333333333334,0.9791666666666666,0.9791666666666666
19,last,17,full_affine,0,12848640,template,paraphrase,24,0.5460088292364046,0.051210954591695224,0.8866441035684174,0.875,0.9375,1.0
19,last,17,full_affine,0,12848640,expression,paraphrase,24,0.9598988456291341,0.133163611928804,0.7761616488378315,0.0,0.22777777777777777,0.0
19,last,17,full_affine,0,12848640,joint,paraphrase,96,0.9739588728477823,0.22045287665634317,0.7703687365738358,0.0,0.23263888888888892,0.0625
19,last,17,shuffled,32,232960,dev,canonical,48,0.38608543365579234,0.2737787413807935,0.9198138354811282,0.5625,0.7743055555555557,0.9583333333333334
19,last,17,shuffled,32,232960,expression,canonical,24,0.974027327264269,0.16983631896435092,0.7734139031375564,0.0,0.23402777777777775,0.0
19,last,17,shuffled,32,232960,iid,canonical,24,0.4198983423076786,0.22518918141195965,0.9123926668289032,0.8333333333333334,0.8993055555555557,0.9166666666666666
19,last,17,shuffled,32,232960,joint,canonical,96,1.2558772836610637,-0.004020109001835026,0.7250483554073996,0.0,0.24496527777777777,0.0
19,last,17,shuffled,32,232960,template,canonical,24,0.5740126452808333,-0.010834520336904463,0.8781302371192763,0.25,0.5972222222222222,0.25
19,last,17,shuffled,32,232960,topic,canonical,96,0.4052467832720983,0.21368908701652656,0.9155233110944923,0.78125,0.8784722222222222,0.8333333333333334
19,last,17,shuffled,32,232960,train,canonical,168,0.46048637612935694,0.14572742914318237,0.9037481926634742,0.7083333333333334,0.8449404761904761,0.9166666666666666
19,last,17,shuffled,32,232960,iid,paraphrase,24,0.5727580310460628,-0.18485281539882492,0.8887973889357356,0.0,0.46527777777777773,0.0
19,last,17,shuffled,32,232960,topic,paraphrase,96,0.5444888750883008,-0.23564418525195596,0.8940654012324366,0.041666666666666664,0.48090277777777773,0.041666666666666664
19,last,17,shuffled,32,232960,template,paraphrase,24,0.7212310622063534,-0.2532693509490944,0.8566604681566895,0.0,0.5,0.0
19,last,17,shuffled,32,232960,expression,paraphrase,24,1.1866061033132602,-0.07156431465978619,0.7403875318354268,0.0,0.20625000000000002,0.0
19,last,17,shuffled,32,232960,joint,paraphrase,96,1.350915186570477,-0.0812592573781723,0.7044591219932821,0.0,0.23906250000000004,0.0
19,last,17,random_subspace,32,118272,dev,canonical,48,0.27534627766575365,0.4820775328685153,0.9445112149757303,0.4375,0.7152777777777777,0.4375
19,last,17,random_subspace,32,118272,expression,canonical,24,1.1031144689030505,0.05981532296395231,0.7567399015282161,0.0,0.24027777777777778,0.0
19,last,17,random_subspace,32,118272,iid,canonical,24,0.30009576572291,0.4462530034848373,0.9392711097582804,0.375,0.6875,0.375
19,last,17,random_subspace,32,118272,joint,canonical,96,1.167679625421252,0.06649014195317837,0.7340925513627478,0.0,0.2520833333333334,0.0
19,last,17,random_subspace,32,118272,template,canonical,24,0.4220570931744521,0.25675874418226696,0.9086789770319318,0.0,0.4930555555555555,0.0
19,last,17,random_subspace,32,118272,topic,canonical,96,0.29388982703481054,0.42975789629615624,0.9398678186473121,0.3854166666666667,0.6927083333333334,0.3854166666666667
19,last,17,random_subspace,32,118272,train,canonical,168,0.2948942276778477,0.45292616010332765,0.9397688467893727,0.4166666666666667,0.7073412698412698,0.4166666666666667
19,last,17,random_subspace,32,118272,iid,paraphrase,24,0.43651321514465136,0.09699404654644084,0.9157903444661484,0.0,0.5,0.0
19,last,17,random_subspace,32,118272,topic,paraphrase,96,0.4072632145998158,0.07577097345529482,0.9208176123132747,0.0,0.49826388888888884,0.0
19,last,17,random_subspace,32,118272,template,paraphrase,24,0.5098358750583222,0.11406800163289144,0.8968735200444845,0.0,0.5,0.0
19,last,17,random_subspace,32,118272,expression,paraphrase,24,1.2094443795810668,-0.09218841375095876,0.74316715680507,0.0,0.24097222222222223,0.0
19,last,17,random_subspace,32,118272,joint,paraphrase,96,1.2417823763147553,0.006089572915355945,0.7174471481465017,0.0,0.2859375,0.0
19,last,17,rank1,1,10752,dev,canonical,48,0.254712559557701,0.520889265786114,0.9482979932746401,0.6666666666666666,0.829861111111111,0.6666666666666666
19,last,17,rank1,1,10752,expression,canonical,24,1.0715655113511195,0.08670450563987375,0.7615324416798298,0.0,0.24166666666666667,0.0
19,last,17,rank1,1,10752,iid,canonical,24,0.28575943204473225,0.47270689794818077,0.9418635031365062,0.4583333333333333,0.7291666666666666,0.4583333333333333
19,last,17,rank1,1,10752,joint,canonical,96,1.1590530304651043,0.07338673521182637,0.7354072647539117,0.0,0.2546875,0.0
19,last,17,rank1,1,10752,template,canonical,24,0.41995139162838085,0.2604668781925451,0.908912520038912,0.041666666666666664,0.5138888888888888,0.041666666666666664
19,last,17,rank1,1,10752,topic,canonical,96,0.2738922586491704,0.46855970029272054,0.9436245620961256,0.6354166666666666,0.8177083333333334,0.6354166666666666
19,last,17,rank1,1,10752,train,canonical,168,0.26609083450038973,0.5063608544061936,0.9453860040888428,0.6369047619047619,0.8184523809523809,0.6369047619047619
19,last,17,rank1,1,10752,iid,paraphrase,24,0.43256833797187394,0.10515473320854019,0.9160461063135319,0.0,0.5,0.0
19,last,17,rank1,1,10752,topic,paraphrase,96,0.4070453116418949,0.07626547487712909,0.9203421202547225,0.0,0.5,0.0
19,last,17,rank1,1,10752,template,paraphrase,24,0.5368971965992191,0.0670440634519246,0.8910920849346028,0.0,0.5,0.0
19,last,17,rank1,1,10752,expression,paraphrase,24,1.1843744254870419,-0.06954899861369812,0.7465432316516201,0.0,0.2388888888888889,0.0
19,last,17,rank1,1,10752,joint,paraphrase,96,1.2399534224354747,0.007553449650882449,0.7158977081142462,0.0,0.26614583333333336,0.0
19,last,17,rank2,2,17920,dev,canonical,48,0.24309364328894026,0.5427442835126136,0.9506995362295448,0.7083333333333334,0.8506944444444443,0.7083333333333334
19,last,17,rank2,2,17920,expression,canonical,24,1.0789963699378469,0.0803711834168318,0.7604808043605175,0.0,0.24375,0.0
19,last,17,rank2,2,17920,iid,canonical,24,0.2674437382917749,0.5065036440647401,0.9454851339006102,0.5833333333333334,0.7916666666666666,0.5833333333333334
19,last,17,rank2,2,17920,joint,canonical,96,1.1644540342310867,0.0690688639831718,0.7346890169002812,0.0,0.2527777777777778,0.0
19,last,17,rank2,2,17920,template,canonical,24,0.4117424377460663,0.2749228209811182,0.9105289788441171,0.041666666666666664,0.5138888888888888,0.041666666666666664
19,last,17,rank2,2,17920,topic,canonical,96,0.2628533268786242,0.4899788277902295,0.9460396836099433,0.6666666666666666,0.8333333333333334,0.6666666666666666
19,last,17,rank2,2,17920,train,canonical,168,0.24431784040468058,0.5467530844602848,0.9498051065100287,0.7738095238095238,0.8869047619047619,0.7738095238095238
19,last,17,rank2,2,17920,iid,paraphrase,24,0.4102515290783493,0.15132105897776138,0.9196400602868962,0.0,0.5,0.0
19,last,17,rank2,2,17920,topic,paraphrase,96,0.39648076538949395,0.10024029005491875,0.9222416819986728,0.0,0.5,0.0
19,last,17,rank2,2,17920,template,paraphrase,24,0.5212769991919911,0.09418698018427729,0.8939429673436546,0.0,0.5,0.0
19,last,17,rank2,2,17920,expression,paraphrase,24,1.1848345809206944,-0.06996454185127465,0.7451539295257369,0.0,0.24444444444444444,0.0
19,last,17,rank2,2,17920,joint,paraphrase,96,1.2458089616277848,0.002866733547927658,0.7146608135250538,0.0,0.26440972222222225,0.0
19,last,17,rank4,4,32256,dev,canonical,48,0.2275554768388417,0.5719713555862145,0.9538123627366826,0.875,0.9375,0.875
19,last,17,rank4,4,32256,expression,canonical,24,1.0767811892904826,0.08225918231470664,0.7605987901954102,0.0,0.24375,0.0
19,last,17,rank4,4,32256,iid,canonical,24,0.24714800667946615,0.5439540239303826,0.9496554282983473,0.75,0.875,0.75
19,last,17,rank4,4,32256,joint,canonical,96,1.1646303632994444,0.06892789644379849,0.7359279432336118,0.0,0.2543402777777778,0.0
19,last,17,rank4,4,32256,template,canonical,24,0.4018580985888556,0.29232911213684376,0.9129259757220973,0.08333333333333333,0.5347222222222222,0.08333333333333333
19,last,17,rank4,4,32256,topic,canonical,96,0.2520308446031468,0.510977972681811,0.9482141585010414,0.7395833333333334,0.8697916666666666,0.7395833333333334
19,last,17,rank4,4,32256,train,canonical,168,0.21977139865064754,0.592290483587842,0.9548690772649461,0.8988095238095238,0.9494047619047619,0.8988095238095238
19,last,17,rank4,4,32256,iid,paraphrase,24,0.40466264135199664,0.1628826766218172,0.9209879187877705,0.0,0.5,0.0
19,last,17,rank4,4,32256,topic,paraphrase,96,0.3949449330081831,0.10372565484071095,0.9227190822932244,0.010416666666666666,0.5052083333333334,0.010416666666666666
19,last,17,rank4,4,32256,template,paraphrase,24,0.5180400881804675,0.09981169821858105,0.8949538339393045,0.0,0.5,0.0
19,last,17,rank4,4,32256,expression,paraphrase,24,1.1898299493894855,-0.07447560797067765,0.7445043725587729,0.0,0.24027777777777778,0.0
19,last,17,rank4,4,32256,joint,paraphrase,96,1.24858207363072,0.0006471619162455866,0.7153256462657286,0.0,0.26440972222222225,0.0
19,last,17,rank8,8,60928,dev,canonical,48,0.2015115551387471,0.6209596052006376,0.9590207408731893,0.8958333333333334,0.9479166666666666,0.8958333333333334
19,last,17,rank8,8,60928,expression,canonical,24,1.0734114435958781,0.08513121722757089,0.7598193457723535,0.0,0.24166666666666667,0.0
19,last,17,rank8,8,60928,iid,canonical,24,0.22194772496899232,0.5904544478030596,0.9547874324508697,1.0,1.0,1.0
19,last,17,rank8,8,60928,joint,canonical,96,1.1539449736504082,0.07747040789752724,0.7364749680983899,0.0,0.25295138888888896,0.0
19,last,17,rank8,8,60928,template,canonical,24,0.39330116225859074,0.30739785095656935,0.9148038390901622,0.20833333333333334,0.5972222222222222,0.20833333333333334
19,last,17,rank8,8,60928,topic,canonical,96,0.23079943767764619,0.552173825807941,0.9525157266609304,0.8541666666666666,0.9270833333333334,0.8541666666666666
19,last,17,rank8,8,60928,train,canonical,168,0.18823076732925278,0.6508031727836803,0.9612163905837472,0.9702380952380952,0.9851190476190477,0.9702380952380952
19,last,17,rank8,8,60928,iid,paraphrase,24,0.39355595267574933,0.18585885615050124,0.9238792459335677,0.041666666666666664,0.5208333333333334,0.041666666666666664
19,last,17,rank8,8,60928,topic,paraphrase,96,0.3816470288154768,0.13390345781068058,0.9259947681444665,0.052083333333333336,0.5260416666666666,0.052083333333333336
19,last,17,rank8,8,60928,template,paraphrase,24,0.5021673890350359,0.12739338236700137,0.8986887238954425,0.0,0.5,0.0
19,last,17,rank8,8,60928,expression,paraphrase,24,1.213301928804539,-0.09567197251437198,0.7410094537856997,0.0,0.2284722222222222,0.0
19,last,17,rank8,8,60928,joint,paraphrase,96,1.2472803785555893,0.0016890258794761692,0.7160093221465212,0.0,0.26059027777777777,0.0
19,last,17,rank16,16,118272,dev,canonical,48,0.18139198336741058,0.6588042361060498,0.963061430677114,0.9791666666666666,0.9895833333333334,0.9791666666666666
19,last,17,rank16,16,118272,expression,canonical,24,1.07331764911249,0.08521115828405956,0.760023381505239,0.0,0.24930555555555556,0.0
19,last,17,rank16,16,118272,iid,canonical,24,0.20137340854345573,0.6284188819181113,0.9587829640310046,1.0,1.0,1.0
19,last,17,rank16,16,118272,joint,canonical,96,1.158079991198316,0.07416463843805243,0.7391327331424655,0.0,0.2513888888888889,0.0
19,last,17,rank16,16,118272,template,canonical,24,0.38771565441609873,0.3172339132580212,0.9164433914541014,0.4166666666666667,0.7013888888888888,0.4166666666666667
19,last,17,rank16,16,118272,topic,canonical,96,0.21727636222322766,0.5784130021464947,0.9551226201348548,0.8958333333333334,0.9479166666666666,0.8958333333333334
19,last,17,rank16,16,118272,train,canonical,168,0.15498713982639342,0.7124751800430142,0.9679487046237883,0.9821428571428571,0.9910714285714286,0.9821428571428571
19,last,17,rank16,16,118272,iid,paraphrase,24,0.3844892209316733,0.20461501852820585,0.9256180100856729,0.041666666666666664,0.5208333333333334,0.041666666666666664
19,last,17,rank16,16,118272,topic,paraphrase,96,0.3782793494674675,0.14154595262471326,0.926808811937037,0.10416666666666667,0.5520833333333334,0.10416666666666667
19,last,17,rank16,16,118272,template,paraphrase,24,0.5046205564214951,0.12313056056230554,0.8996740203317005,0.0,0.5,0.0
19,last,17,rank16,16,118272,expression,paraphrase,24,1.22796285292295,-0.10891151600008153,0.7396966471756986,0.0,0.22291666666666665,0.0
19,last,17,rank16,16,118272,joint,paraphrase,96,1.2687598552161359,-0.015502936438909432,0.7172747645156914,0.0,0.25017361111111114,0.0
19,last,17,rank32,32,232960,dev,canonical,48,0.1672929048032656,0.6853244041509103,0.9659779905140318,0.9791666666666666,0.9895833333333334,0.9791666666666666
19,last,17,rank32,32,232960,expression,canonical,24,1.0721945453467354,0.08616837984270154,0.7606451422106986,0.0,0.24861111111111112,0.0
19,last,17,rank32,32,232960,iid,canonical,24,0.1860638690017742,0.656668569209814,0.9619537426090973,1.0,1.0,1.0
19,last,17,rank32,32,232960,joint,canonical,96,1.1597661487514455,0.07281662767910935,0.7417346300619077,0.0,0.2513888888888889,0.0
19,last,17,rank32,32,232960,template,canonical,24,0.3892291870640176,0.3145685868740966,0.9164984476138812,0.625,0.8055555555555555,0.625
19,last,17,rank32,32,232960,topic,canonical,96,0.2088589533969022,0.5947455202376725,0.9568865278367872,0.9479166666666666,0.9739583333333334,0.9479166666666666
19,last,17,rank32,32,232960,train,canonical,168,0.11825921909759542,0.7806110834913322,0.9755408895639489,0.9940476190476191,0.9970238095238095,0.9940476190476191
19,last,17,rank32,32,232960,iid,paraphrase,24,0.38144146038949794,0.21091985837909832,0.9262651235071785,0.125,0.5625,0.125
19,last,17,rank32,32,232960,topic,paraphrase,96,0.3765222453937158,0.1455334637217245,0.9272575239516824,0.15625,0.578125,0.15625
19,last,17,rank32,32,232960,template,paraphrase,24,0.5103545558128318,0.1131667000575467,0.8993377647012761,0.041666666666666664,0.5208333333333334,0.041666666666666664
19,last,17,rank32,32,232960,expression,paraphrase,24,1.2285862113968484,-0.10947443969818593,0.7401986922178795,0.0,0.22291666666666665,0.0
19,last,17,rank32,32,232960,joint,paraphrase,96,1.2870076355448516,-0.03010828072933558,0.7179274321575533,0.0,0.2555555555555556,0.0
19,last,29,identity,0,0,dev,canonical,48,0.5316360944732904,0.0,0.8909997410339013,0.0,0.3958333333333333,0.0
19,last,29,identity,0,0,expression,canonical,24,1.1732955193235466,0.0,0.7365863076550602,0.0,0.24097222222222223,0.0
19,last,29,identity,0,0,iid,canonical,24,0.5419366021151734,0.0,0.8880861512557386,0.0,0.4791666666666667,0.0
19,last,29,identity,0,0,joint,canonical,96,1.2508487353999482,0.0,0.7110828298342177,0.0,0.2572916666666667,0.0
19,last,29,identity,0,0,template,canonical,24,0.5678601529056593,0.0,0.8751388885959265,0.0,0.44097222222222215,0.0
19,last,29,identity,0,0,topic,canonical,96,0.5153772847110615,0.0,0.8926529206916616,0.0,0.453125,0.0
19,last,29,identity,0,0,train,canonical,168,0.5390391683388578,0.0,0.8879299612826708,0.0,0.45089285714285715,0.0
19,last,29,identity,0,0,iid,paraphrase,24,0.4834001519870388,0.0,0.9011638115229471,0.0,0.5,0.0
19,last,29,identity,0,0,topic,paraphrase,96,0.4406518329362558,0.0,0.9092586350786781,0.0,0.49826388888888884,0.0
19,last,29,identity,0,0,template,paraphrase,24,0.5754796936988595,0.0,0.8807718211837098,0.0,0.5,0.0
19,last,29,identity,0,0,expression,paraphrase,24,1.1073587344031692,0.0,0.7480164408906549,0.0,0.2263888888888889,0.0
19,last,29,identity,0,0,joint,paraphrase,96,1.2493906316660484,0.0,0.7075038848693621,0.0,0.27881944444444445,0.0
19,last,29,shift,0,3584,dev,canonical,48,0.2768722020886843,0.4792072905377299,0.9441548397398138,0.4791666666666667,0.736111111111111,0.4791666666666667
19,last,29,shift,0,3584,expression,canonical,24,1.0996982831490023,0.06272693874853974,0.7569642938750355,0.0,0.24027777777777778,0.0
19,last,29,shift,0,3584,iid,canonical,24,0.30289092788202127,0.4410952744290737,0.9386390815904474,0.375,0.6875,0.375
19,last,29,shift,0,3584,joint,canonical,96,1.1617105276626651,0.07126218000195039,0.7348199969991303,0.0,0.2543402777777778,0.0
19,last,29,shift,0,3584,template,canonical,24,0.4251483047770129,0.25131512996361915,0.907842744049157,0.0,0.4930555555555555,0.0
19,last,29,shift,0,3584,topic,canonical,96,0.29442755981215946,0.4287145193501769,0.9396697631134904,0.4166666666666667,0.7083333333333334,0.4166666666666667
19,last,29,shift,0,3584,train,canonical,168,0.29696286907328495,0.4490885143125549,0.9392714254685041,0.40476190476190477,0.7013888888888888,0.40476190476190477
19,last,29,shift,0,3584,iid,paraphrase,24,0.44088374299561256,0.08795282503876045,0.9148890085790056,0.0,0.5,0.0
19,last,29,shift,0,3584,topic,paraphrase,96,0.4093902055543483,0.07094405388852609,0.9203398079936763,0.0,0.49826388888888884,0.0
19,last,29,shift,0,3584,template,paraphrase,24,0.5147076118077489,0.10560247834376546,0.8956973696910842,0.0,0.5,0.0
19,last,29,shift,0,3584,expression,paraphrase,24,1.2062828840011035,-0.08933342603853767,0.7435459450705002,0.0,0.24305555555555558,0.0
19,last,29,shift,0,3584,joint,paraphrase,96,1.2362887797960977,0.01048659365444371,0.717983052774373,0.0,0.2885416666666667,0.0
19,last,29,lowrank,32,232960,dev,canonical,48,0.17339300598329854,0.6738501998155623,0.9646560762204052,0.9791666666666666,0.9895833333333334,0.9791666666666666
19,last,29,lowrank,32,232960,expression,canonical,24,1.0672975618190301,0.09034207985864351,0.7603981973546933,0.0,0.2465277777777778,0.0
19,last,29,lowrank,32,232960,iid,canonical,24,0.1871099044546978,0.654738388725896,0.9616740869755894,1.0,1.0,1.0
19,last,29,lowrank,32,232960,joint,canonical,96,1.1614917697783722,0.07143706756277357,0.7417541338178211,0.0,0.25677083333333334,0.0
19,last,29,lowrank,32,232960,template,canonical,24,0.3953114678310452,0.30385770896532727,0.9154807025046329,0.5,0.7430555555555555,0.5
19,last,29,lowrank,32,232960,topic,canonical,96,0.20536791709084,0.6015192691195608,0.9576615973139012,0.96875,0.984375,0.96875
19,last,29,lowrank,32,232960,train,canonical,168,0.11710529643733159,0.7827517862974378,0.9757704994027402,1.0,1.0,1.0
19,last,29,lowrank,32,232960,iid,paraphrase,24,0.4083811794089465,0.15519021305583647,0.9218021178764162,0.125,0.5625,0.125
19,last,29,lowrank,32,232960,topic,paraphrase,96,0.39227697227721053,0.1097802324722047,0.925087158261832,0.19791666666666666,0.5989583333333334,0.19791666666666666
19,last,29,lowrank,32,232960,template,paraphrase,24,0.5116544645089398,0.11090787370738853,0.8987572675313963,0.041666666666666664,0.5208333333333334,0.041666666666666664
19,last,29,lowrank,32,232960,expression,paraphrase,24,1.2380611596024627,-0.11803078906469988,0.7400961779265159,0.0,0.23194444444444443,0.0
19,last,29,lowrank,32,232960,joint,paraphrase,96,1.2857520005815093,-0.029103282827544152,0.7181544612683691,0.0,0.25243055555555555,0.0
19,last,29,full_delta,0,12848640,dev,canonical,48,0.15381739754690354,0.710671643355413,0.9686335133704219,0.9791666666666666,0.9895833333333334,0.9791666666666666
19,last,29,full_delta,0,12848640,expression,canonical,24,1.0632071318885548,0.09382835408632806,0.7608716375829953,0.0,0.24861111111111112,0.0
19,last,29,full_delta,0,12848640,iid,canonical,24,0.16556305887386577,0.6944973669841181,0.9660483876570538,1.0,1.0,1.0
19,last,29,full_delta,0,12848640,joint,canonical,96,1.1544829519147208,0.07704031731256078,0.743218704493556,0.0,0.25625000000000003,0.0
19,last,29,full_delta,0,12848640,template,canonical,24,0.3965550117937968,0.30166783183380363,0.9151100485202766,0.5833333333333334,0.7847222222222222,0.5833333333333334
19,last,29,full_delta,0,12848640,topic,canonical,96,0.19441881774938072,0.6227640924097407,0.9598377854382146,0.9895833333333334,0.9947916666666666,0.9895833333333334
19,last,29,full_delta,0,12848640,train,canonical,168,0.06351311205744545,0.8821734749755346,0.9869414314623142,1.0,1.0,1.0
19,last,29,full_delta,0,12848640,iid,paraphrase,24,0.39197300810548175,0.18913346118271068,0.924153458873287,0.3333333333333333,0.6666666666666666,0.3333333333333333
19,last,29,full_delta,0,12848640,topic,paraphrase,96,0.3829394038596483,0.1309705866693992,0.9261169708462017,0.25,0.625,0.25
19,last,29,full_delta,0,12848640,template,paraphrase,24,0.5147737025840469,0.10548763367240421,0.8989208497362586,0.041666666666666664,0.5208333333333334,0.041666666666666664
19,last,29,full_delta,0,12848640,expression,paraphrase,24,1.2189597023708336,-0.10078122337456774,0.7414917801089361,0.0,0.23611111111111113,0.0
19,last,29,full_delta,0,12848640,joint,paraphrase,96,1.2966284327883362,-0.037808672424009426,0.7183173412558622,0.0,0.25225694444444446,0.0
19,last,29,full_affine,0,12848640,dev,canonical,48,0.13430491801162256,0.7473743423221049,0.9724094174561889,1.0,1.0,1.0
19,last,29,full_affine,0,12848640,expression,canonical,24,0.9840052679195809,0.16133211819738247,0.7738918583664534,0.0,0.2513888888888889,0.0
19,last,29,full_affine,0,12848640,iid,canonical,24,0.13765692350403927,0.7459907248066183,0.9713231552982281,1.0,1.0,1.0
19,last,29,full_affine,0,12848640,joint,canonical,96,0.9407785872399496,0.24788780560333412,0.7804262538666048,0.020833333333333332,0.25625000000000003,0.052083333333333336
19,last,29,full_affine,0,12848640,template,canonical,24,0.46921231243242856,0.17371854666763253,0.8957470956450143,0.7916666666666666,0.8555555555555555,0.875
19,last,29,full_affine,0,12848640,topic,canonical,96,0.1873166100828899,0.6365446913557586,0.9601796813088598,0.9895833333333334,0.9947916666666666,1.0
19,last,29,full_affine,0,12848640,train,canonical,168,0.05501368735436817,0.8979412061577967,0.9885882361098571,1.0,1.0,1.0
19,last,29,full_affine,0,12848640,iid,paraphrase,24,0.24104928405109968,0.5013462799706301,0.9497954192723611,1.0,1.0,1.0
19,last,29,full_affine,0,12848640,topic,paraphrase,96,0.2697432127391708,0.3878541002728757,0.9433918452399332,0.9375,0.967013888888889,0.96875
19,last,29,full_affine,0,12848640,template,paraphrase,24,0.5447984453365164,0.05331421542459869,0.8866423955186816,0.8333333333333334,0.9166666666666666,1.0
19,last,29,full_affine,0,12848640,expression,paraphrase,24,0.9590324221194981,0.13394603544046113,0.7767331879057352,0.0,0.22430555555555554,0.0
19,last,29,full_affine,0,12848640,joint,paraphrase,96,0.9804385230946725,0.21526662819036124,0.7683433070267748,0.0,0.22430555555555562,0.020833333333333332
19,last,29,shuffled,32,232960,dev,canonical,48,0.3864061004336885,0.27317557169154605,0.9199849344831569,0.5,0.736111111111111,0.8958333333333334
19,last,29,shuffled,32,232960,expression,canonical,24,0.9731609898073881,0.17057469854785123,0.7762286516343365,0.0,0.24305555555555558,0.0
19,last,29,shuffled,32,232960,iid,canonical,24,0.46403642375163096,0.14374408013686246,0.9031151547617503,0.6666666666666666,0.8090277777777778,0.8333333333333334
19,last,29,shuffled,32,232960,joint,canonical,96,1.2475541192874604,0.0026339044995991046,0.726103318888816,0.0,0.2633680555555556,0.0
19,last,29,shuffled,32,232960,template,canonical,24,0.6854726438339457,-0.20711523836719326,0.8564619150429489,0.16666666666666666,0.5451388888888888,0.16666666666666666
19,last,29,shuffled,32,232960,topic,canonical,96,0.40735738274763306,0.20959383575469015,0.9152426249549087,0.7604166666666666,0.861111111111111,0.8020833333333334
19,last,29,shuffled,32,232960,train,canonical,168,0.4650193214507946,0.13731812312668878,0.9028237889434132,0.7261904761904762,0.8503968253968255,0.8988095238095238
19,last,29,shuffled,32,232960,iid,paraphrase,24,0.5770002333836782,-0.19362857254366173,0.884541469841008,0.0,0.47222222222222215,0.041666666666666664
19,last,29,shuffled,32,232960,topic,paraphrase,96,0.5480076963857816,-0.24362967636868027,0.8918656922278406,0.052083333333333336,0.4913194444444445,0.052083333333333336
19,last,29,shuffled,32,232960,template,paraphrase,24,0.9841743708211895,-0.7101808831784675,0.8060039640465497,0.0,0.47222222222222215,0.0
19,last,29,shuffled,32,232960,expression,paraphrase,24,1.1393301700990268,-0.028871796196278776,0.7455389097789534,0.0,0.225,0.0
19,last,29,shuffled,32,232960,joint,paraphrase,96,1.390232085900393,-0.11272811774371494,0.69920033745649,0.0,0.26180555555555557,0.0
19,last,29,random_subspace,32,118272,dev,canonical,48,0.275494774934836,0.48179821159852243,0.944411986338831,0.5,0.7465277777777777,0.5
19,last,29,random_subspace,32,118272,expression,canonical,24,1.098934476972569,0.06337793090171329,0.7570583794271215,0.0,0.24027777777777778,0.0
19,last,29,random_subspace,32,118272,iid,canonical,24,0.30189964666144337,0.44292442052606906,0.9388241200894232,0.375,0.6875,0.375
19,last,29,random_subspace,32,118272,joint,canonical,96,1.1624529386492723,0.07066865420974511,0.734755869758354,0.0,0.2526041666666667,0.0
19,last,29,random_subspace,32,118272,template,canonical,24,0.4248952997632353,0.25176067102242206,0.9079176814313437,0.0,0.4930555555555555,0.0
19,last,29,random_subspace,32,118272,topic,canonical,96,0.2932973665977164,0.4309074627490632,0.9398838302672696,0.4270833333333333,0.7135416666666666,0.4270833333333333
19,last,29,random_subspace,32,118272,train,canonical,168,0.2946900896995117,0.45330486723692065,0.9397272958790855,0.42857142857142855,0.7132936507936508,0.42857142857142855
19,last,29,random_subspace,32,118272,iid,paraphrase,24,0.4407658080337474,0.08819679468043395,0.9149222336020307,0.0,0.5,0.0
19,last,29,random_subspace,32,118272,topic,paraphrase,96,0.4095957782456912,0.07047753434638981,0.9203147003950057,0.0,0.49826388888888884,0.0
19,last,29,random_subspace,32,118272,template,paraphrase,24,0.5145082547031001,0.10594889735182367,0.8957892172566773,0.0,0.5,0.0
19,last,29,random_subspace,32,118272,expression,paraphrase,24,1.2072191151461695,-0.09017888931613638,0.7434079539016595,0.0,0.24305555555555558,0.0
19,last,29,random_subspace,32,118272,joint,paraphrase,96,1.2379722244272207,0.009139181093107296,0.7178459453467495,0.0,0.2885416666666667,0.0
19,last,29,rank1,1,10752,dev,canonical,48,0.25494872482736763,0.5204450422427509,0.9482270275093208,0.6875,0.8402777777777777,0.6875
19,last,29,rank1,1,10752,expression,canonical,24,1.0649708455573832,0.09232514058232921,0.7622869101044684,0.0,0.23958333333333334,0.0
19,last,29,rank1,1,10752,iid,canonical,24,0.28544017304265606,0.4732960056054789,0.9418538145539975,0.4583333333333333,0.7291666666666666,0.4583333333333333
19,last,29,rank1,1,10752,joint,canonical,96,1.149838177855297,0.08075361527415537,0.7372671672276572,0.0,0.25243055555555555,0.0
19,last,29,rank1,1,10752,template,canonical,24,0.42072378870202765,0.25910668929798275,0.908745502991346,0.041666666666666664,0.5138888888888888,0.041666666666666664
19,last,29,rank1,1,10752,topic,canonical,96,0.27246173100238474,0.47133539043123274,0.9437835024869045,0.5833333333333334,0.7916666666666666,0.5833333333333334
19,last,29,rank1,1,10752,train,canonical,168,0.26867328225997555,0.5015700193217153,0.9447338271881028,0.5773809523809523,0.7876984126984126,0.5773809523809523
19,last,29,rank1,1,10752,iid,paraphrase,24,0.4380964740114182,0.09371879133549643,0.915076073575431,0.0,0.5,0.0
19,last,29,rank1,1,10752,topic,paraphrase,96,0.4080022620169956,0.07409380485655048,0.9202219138626813,0.0,0.49826388888888884,0.0
19,last,29,rank1,1,10752,template,paraphrase,24,0.533962519064493,0.07214359618411126,0.8917940055574752,0.0,0.5,0.0
19,last,29,rank1,1,10752,expression,paraphrase,24,1.1904774609925959,-0.07506034314546217,0.7454139857124785,0.0,0.24097222222222223,0.0
19,last,29,rank1,1,10752,joint,paraphrase,96,1.2356263219011006,0.011016818452202815,0.7175500637106996,0.0,0.26840277777777777,0.0
19,last,29,rank2,2,17920,dev,canonical,48,0.24382378289361628,0.5413709012079388,0.9504851939750779,0.7291666666666666,0.8645833333333334,0.7291666666666666
19,last,29,rank2,2,17920,expression,canonical,24,1.0639047725148776,0.09323375484442087,0.7625204949129287,0.0,0.24166666666666667,0.0
19,last,29,rank2,2,17920,iid,canonical,24,0.2650846069126211,0.5108567941748197,0.946063469351624,0.5833333333333334,0.7916666666666666,0.5833333333333334
19,last,29,rank2,2,17920,joint,canonical,96,1.1566533060742532,0.07530521210110741,0.7370004894645138,0.0,0.2506944444444445,0.0
19,last,29,rank2,2,17920,template,canonical,24,0.4035420288548765,0.28936371606634204,0.9129113101307166,0.041666666666666664,0.5138888888888888,0.041666666666666664
19,last,29,rank2,2,17920,topic,canonical,96,0.2601905015326287,0.4951455773249678,0.946434264887133,0.6979166666666666,0.8489583333333334,0.6979166666666666
19,last,29,rank2,2,17920,train,canonical,168,0.2435288752055268,0.5482167354257335,0.9500397043247324,0.7678571428571429,0.8839285714285714,0.7678571428571429
19,last,29,rank2,2,17920,iid,paraphrase,24,0.41776564878495664,0.1357767533425227,0.9189314485001295,0.0,0.5,0.0
19,last,29,rank2,2,17920,topic,paraphrase,96,0.4017873930611178,0.08819761310458474,0.9214396890733605,0.0,0.49826388888888884,0.0
19,last,29,rank2,2,17920,template,paraphrase,24,0.5062910872196525,0.12022771131071819,0.8980353503814764,0.0,0.5,0.0
19,last,29,rank2,2,17920,expression,paraphrase,24,1.1878637535202765,-0.07270003533272074,0.7457061376281854,0.0,0.2423611111111111,0.0
19,last,29,rank2,2,17920,joint,paraphrase,96,1.2433099495671485,0.004866918275824861,0.7177157782222601,0.0,0.26579861111111114,0.0
19,last,29,rank4,4,32256,dev,canonical,48,0.22777025714770463,0.5715673568526903,0.9535541736432375,0.8958333333333334,0.9479166666666666,0.8958333333333334
19,last,29,rank4,4,32256,expression,canonical,24,1.0617933201512555,0.09503334610582737,0.7622658977974591,0.0,0.24375,0.0
19,last,29,rank4,4,32256,iid,canonical,24,0.24487579769860077,0.5481467818507684,0.9500333523382469,0.75,0.875,0.75
19,last,29,rank4,4,32256,joint,canonical,96,1.1589429809652225,0.0734747150744327,0.7380233811679746,0.0,0.25486111111111115,0.0
19,last,29,rank4,4,32256,template,canonical,24,0.39583098139371664,0.30294284716350306,0.9148611368638638,0.08333333333333333,0.5347222222222222,0.08333333333333333
19,last,29,rank4,4,32256,topic,canonical,96,0.24802382112226448,0.5187529049493997,0.9489500721824148,0.78125,0.890625,0.78125
19,last,29,rank4,4,32256,train,canonical,168,0.21836200641992062,0.5949051214722655,0.9551893434454829,0.8988095238095238,0.9494047619047619,0.8988095238095238
19,last,29,rank4,4,32256,iid,paraphrase,24,0.412654214300314,0.1463506732381451,0.9202000779565042,0.0,0.5,0.0
19,last,29,rank4,4,32256,topic,paraphrase,96,0.3974733129737788,0.09798783696134805,0.9227797423910271,0.010416666666666666,0.5034722222222222,0.010416666666666666
19,last,29,rank4,4,32256,template,paraphrase,24,0.5046684803007883,0.12304728415860633,0.8983274950176722,0.0,0.5,0.0
19,last,29,rank4,4,32256,expression,paraphrase,24,1.196149391714391,-0.08018237862103206,0.7446156080345724,0.0,0.24097222222222223,0.0
19,last,29,rank4,4,32256,joint,paraphrase,96,1.2390836091683957,0.008249639653459262,0.7188857158014382,0.0,0.26267361111111115,0.0
19,last,29,rank8,8,60928,dev,canonical,48,0.2075441296816205,0.6096124175179614,0.9577613891594687,0.9166666666666666,0.9583333333333334,0.9166666666666666
19,last,29,rank8,8,60928,expression,canonical,24,1.0693196153217313,0.08861868326383937,0.760352950732098,0.0,0.24722222222222223,0.0
19,last,29,rank8,8,60928,iid,canonical,24,0.22515605884408632,0.5845343201302433,0.9540811986929444,0.9166666666666666,0.9583333333333334,0.9166666666666666
19,last,29,rank8,8,60928,joint,canonical,96,1.1483770775140405,0.08192170242962538,0.7405719512587741,0.0,0.2609375,0.0
19,last,29,rank8,8,60928,template,canonical,24,0.3972749496645969,0.3004000234357037,0.9148483846178656,0.3333333333333333,0.6597222222222222,0.3333333333333333
19,last,29,rank8,8,60928,topic,canonical,96,0.23039018287195956,0.5529679135914491,0.9527748754191991,0.8645833333333334,0.9322916666666666,0.8645833333333334
19,last,29,rank8,8,60928,train,canonical,168,0.18762021865787876,0.6519358338354839,0.9614623860894278,0.9821428571428571,0.9910714285714286,0.9821428571428571
19,last,29,rank8,8,60928,iid,paraphrase,24,0.4108499461835322,0.1500831257608951,0.9215451381788172,0.041666666666666664,0.5208333333333334,0.041666666666666664
19,last,29,rank8,8,60928,topic,paraphrase,96,0.3937747936602094,0.10638112852880743,0.9249228653716156,0.052083333333333336,0.5260416666666666,0.052083333333333336
19,last,29,rank8,8,60928,template,paraphrase,24,0.5085494377343429,0.11630341903869212,0.8990029020172491,0.0,0.5,0.0
19,last,29,rank8,8,60928,expression,paraphrase,24,1.2258232085429193,-0.1069793107322159,0.7422328916866165,0.0,0.2333333333333333,0.0
19,last,29,rank8,8,60928,joint,paraphrase,96,1.2554169607061005,-0.004823414620946931,0.7202367759853247,0.0,0.2557291666666667,0.0
19,last,29,rank16,16,118272,dev,canonical,48,0.18830900600641642,0.6457934140213327,0.9617245992896395,0.9791666666666666,0.9895833333333334,0.9791666666666666
19,last,29,rank16,16,118272,expression,canonical,24,1.0721212645094875,0.08623083711458324,0.7604260309981878,0.0,0.24930555555555556,0.0
19,last,29,rank16,16,118272,iid,canonical,24,0.20489229584734972,0.6219257104103006,0.9580548213545478,1.0,1.0,1.0
19,last,29,rank16,16,118272,joint,canonical,96,1.171404925103108,0.06351192438263831,0.7392963736774575,0.0,0.25538194444444445,0.0
19,last,29,rank16,16,118272,template,canonical,24,0.39799009467682867,0.29914065524694733,0.9152320288690191,0.5,0.7430555555555555,0.5
19,last,29,rank16,16,118272,topic,canonical,96,0.2163690585947512,0.580173467062959,0.9556075632771938,0.9270833333333334,0.9635416666666666,0.9270833333333334
19,last,29,rank16,16,118272,train,canonical,168,0.15418258537625254,0.7139677514504321,0.9682364274532792,1.0,1.0,1.0
19,last,29,rank16,16,118272,iid,paraphrase,24,0.41073660566122605,0.1503175909794936,0.922087342508704,0.08333333333333333,0.5416666666666666,0.08333333333333333
19,last,29,rank16,16,118272,topic,paraphrase,96,0.3936857305426207,0.10658324528160812,0.9255852299628161,0.16666666666666666,0.5833333333333334,0.16666666666666666
19,last,29,rank16,16,118272,template,paraphrase,24,0.5184315916056486,0.0991313902433949,0.8982347340178464,0.041666666666666664,0.5208333333333334,0.041666666666666664
19,last,29,rank16,16,118272,expression,paraphrase,24,1.2546712879425226,-0.13303056088571874,0.7395521792782155,0.0,0.23194444444444443,0.0
19,last,29,rank16,16,118272,joint,paraphrase,96,1.2964293033435075,-0.037649291170635424,0.7171654145633842,0.0,0.2501736111111111,0.0
19,last,29,rank32,32,232960,dev,canonical,48,0.17339300598329854,0.6738501998155623,0.9646560762204052,0.9791666666666666,0.9895833333333334,0.9791666666666666
19,last,29,rank32,32,232960,expression,canonical,24,1.0672975618190301,0.09034207985864351,0.7603981973546933,0.0,0.2465277777777778,0.0
19,last,29,rank32,32,232960,iid,canonical,24,0.1871099044546978,0.654738388725896,0.9616740869755894,1.0,1.0,1.0
19,last,29,rank32,32,232960,joint,canonical,96,1.1614917697783722,0.07143706756277357,0.7417541338178211,0.0,0.25677083333333334,0.0
19,last,29,rank32,32,232960,template,canonical,24,0.3953114678310452,0.30385770896532727,0.9154807025046329,0.5,0.7430555555555555,0.5
19,last,29,rank32,32,232960,topic,canonical,96,0.20536791709084,0.6015192691195608,0.9576615973139012,0.96875,0.984375,0.96875
19,last,29,rank32,32,232960,train,canonical,168,0.11710529643733159,0.7827517862974378,0.9757704994027402,1.0,1.0,1.0
19,last,29,rank32,32,232960,iid,paraphrase,24,0.4083811794089465,0.15519021305583647,0.9218021178764162,0.125,0.5625,0.125
19,last,29,rank32,32,232960,topic,paraphrase,96,0.39227697227721053,0.1097802324722047,0.925087158261832,0.19791666666666666,0.5989583333333334,0.19791666666666666
19,last,29,rank32,32,232960,template,paraphrase,24,0.5116544645089398,0.11090787370738853,0.8987572675313963,0.041666666666666664,0.5208333333333334,0.041666666666666664
19,last,29,rank32,32,232960,expression,paraphrase,24,1.2380611596024627,-0.11803078906469988,0.7400961779265159,0.0,0.23194444444444443,0.0
19,last,29,rank32,32,232960,joint,paraphrase,96,1.2857520005815093,-0.029103282827544152,0.7181544612683691,0.0,0.25243055555555555,0.0
19,last,43,identity,0,0,dev,canonical,48,0.5316360944732904,0.0,0.8909997410339013,0.0,0.3958333333333333,0.0
19,last,43,identity,0,0,expression,canonical,24,1.1732955193235466,0.0,0.7365863076550602,0.0,0.24097222222222223,0.0
19,last,43,identity,0,0,iid,canonical,24,0.5419366021151734,0.0,0.8880861512557386,0.0,0.4791666666666667,0.0
19,last,43,identity,0,0,joint,canonical,96,1.2508487353999482,0.0,0.7110828298342177,0.0,0.2572916666666667,0.0
19,last,43,identity,0,0,template,canonical,24,0.5678601529056593,0.0,0.8751388885959265,0.0,0.44097222222222215,0.0
19,last,43,identity,0,0,topic,canonical,96,0.5153772847110615,0.0,0.8926529206916616,0.0,0.453125,0.0
19,last,43,identity,0,0,train,canonical,168,0.5390391683388578,0.0,0.8879299612826708,0.0,0.45089285714285715,0.0
19,last,43,identity,0,0,iid,paraphrase,24,0.4834001519870388,0.0,0.9011638115229471,0.0,0.5,0.0
19,last,43,identity,0,0,topic,paraphrase,96,0.4406518329362558,0.0,0.9092586350786781,0.0,0.49826388888888884,0.0
19,last,43,identity,0,0,template,paraphrase,24,0.5754796936988595,0.0,0.8807718211837098,0.0,0.5,0.0
19,last,43,identity,0,0,expression,paraphrase,24,1.1073587344031692,0.0,0.7480164408906549,0.0,0.2263888888888889,0.0
19,last,43,identity,0,0,joint,paraphrase,96,1.2493906316660484,0.0,0.7075038848693621,0.0,0.27881944444444445,0.0
19,last,43,shift,0,3584,dev,canonical,48,0.27855917398595137,0.4760341201777708,0.9438732733150065,0.4166666666666667,0.704861111111111,0.4166666666666667
19,last,43,shift,0,3584,expression,canonical,24,1.1060622379848988,0.057302938800457226,0.7560190714739375,0.0,0.24027777777777778,0.0
19,last,43,shift,0,3584,iid,canonical,24,0.3030920238859284,0.4407242051875383,0.938649583423584,0.2916666666666667,0.6458333333333334,0.2916666666666667
19,last,43,shift,0,3584,joint,canonical,96,1.1616473755478767,0.07131266741341846,0.7349355043471711,0.0,0.25347222222222227,0.0
19,last,43,shift,0,3584,template,canonical,24,0.4230770381001429,0.2549626242740961,0.9083536175390104,0.0,0.4930555555555555,0.0
19,last,43,shift,0,3584,topic,canonical,96,0.29439598289811536,0.4287757888608458,0.9397496784127662,0.375,0.6875,0.375
19,last,43,shift,0,3584,train,canonical,168,0.29764906790763423,0.44781551065223846,0.9391853448841642,0.3869047619047619,0.6924603174603174,0.3869047619047619
19,last,43,shift,0,3584,iid,paraphrase,24,0.43749497962031825,0.09496309047075224,0.9155603539359968,0.0,0.5,0.0
19,last,43,shift,0,3584,topic,paraphrase,96,0.4065379021506749,0.07741697239352174,0.9209487920564398,0.0,0.49826388888888884,0.0
19,last,43,shift,0,3584,template,paraphrase,24,0.5080685226994014,0.11713909584919857,0.8969972653655004,0.0,0.5,0.0
19,last,43,shift,0,3584,expression,paraphrase,24,1.2083362568971805,-0.09118772386658858,0.7433009193907569,0.0,0.24305555555555558,0.0
19,last,43,shift,0,3584,joint,paraphrase,96,1.233579597683227,0.012654996429529497,0.7185042463118306,0.0,0.2894097222222222,0.0
19,last,43,lowrank,32,232960,dev,canonical,48,0.17443436483174593,0.6718914185001605,0.9645159238278529,0.9583333333333334,0.9791666666666666,0.9583333333333334
19,last,43,lowrank,32,232960,expression,canonical,24,1.0677948441017835,0.08991824607204546,0.7621314043309101,0.0,0.25069444444444444,0.0
19,last,43,lowrank,32,232960,iid,canonical,24,0.1848827908241253,0.6588479351597041,0.962334593878631,1.0,1.0,1.0
19,last,43,lowrank,32,232960,joint,canonical,96,1.1808927547848949,0.05592681084070927,0.7411749367754439,0.0,0.25277777777777777,0.0
19,last,43,lowrank,32,232960,template,canonical,24,0.38552397735844446,0.32109344988238153,0.9177923002970704,0.625,0.8055555555555555,0.625
19,last,43,lowrank,32,232960,topic,canonical,96,0.2079749139697583,0.5964608450169543,0.9570350320732861,0.96875,0.984375,0.96875
19,last,43,lowrank,32,232960,train,canonical,168,0.12326554475677838,0.771323584635524,0.9747404682368189,0.9821428571428571,0.990079365079365,0.9821428571428571
19,last,43,lowrank,32,232960,iid,paraphrase,24,0.3859968855506753,0.2014961435903213,0.9247830356449928,0.125,0.5625,0.125
19,last,43,lowrank,32,232960,topic,paraphrase,96,0.3751070222173811,0.1487451221571483,0.9262993243222252,0.10416666666666667,0.5520833333333334,0.10416666666666667
19,last,43,lowrank,32,232960,template,paraphrase,24,0.47685762257380765,0.17137367696011085,0.9055796453674331,0.041666666666666664,0.5208333333333334,0.041666666666666664
19,last,43,lowrank,32,232960,expression,paraphrase,24,1.2135236943453391,-0.09587223782488996,0.7391792431866641,0.0,0.225,0.0
19,last,43,lowrank,32,232960,joint,paraphrase,96,1.2697823622256346,-0.016321341014374324,0.721957463571642,0.0,0.26319444444444445,0.0
19,last,43,full_delta,0,12848640,dev,canonical,48,0.15440788036322953,0.7095609535010851,0.9685901485228504,1.0,1.0,1.0
19,last,43,full_delta,0,12848640,expression,canonical,24,1.0665568080323269,0.09097342445555323,0.7622594577352054,0.0,0.25277777777777777,0.0
19,last,43,full_delta,0,12848640,iid,canonical,24,0.16777111921021295,0.6904229783421089,0.9658799783485827,1.0,1.0,1.0
19,last,43,full_delta,0,12848640,joint,canonical,96,1.1770818200371458,0.058973489979358806,0.7437279354589516,0.0,0.25416666666666665,0.0
19,last,43,full_delta,0,12848640,template,canonical,24,0.3916679389526929,0.31027395222470877,0.9168698196114778,0.6666666666666666,0.8263888888888888,0.6666666666666666
19,last,43,full_delta,0,12848640,topic,canonical,96,0.1961255757607537,0.6194524252835307,0.9594077659638982,0.9791666666666666,0.9895833333333334,0.9791666666666666
19,last,43,full_delta,0,12848640,train,canonical,168,0.07366706611982853,0.863336339088593,0.9850133178511474,0.9880952380952381,0.9940476190476191,0.9940476190476191
19,last,43,full_delta,0,12848640,iid,paraphrase,24,0.3761166573901384,0.22193516935380886,0.9263321806758998,0.3333333333333333,0.6666666666666666,0.3333333333333333
19,last,43,full_delta,0,12848640,topic,paraphrase,96,0.36883803398177784,0.16297174682322602,0.9272313795243745,0.19791666666666666,0.5989583333333334,0.19791666666666666
19,last,43,full_delta,0,12848640,template,paraphrase,24,0.48877381850143164,0.1506671323885146,0.9039813355450715,0.08333333333333333,0.5416666666666666,0.08333333333333333
19,last,43,full_delta,0,12848640,expression,paraphrase,24,1.2142159935599526,-0.09649741843990234,0.7373965875582328,0.0,0.22083333333333335,0.0
19,last,43,full_delta,0,12848640,joint,paraphrase,96,1.2880392575758013,-0.030933980878514733,0.7212542687513759,0.0,0.2592013888888889,0.0
19,last,43,full_affine,0,12848640,dev,canonical,48,0.13258246422985628,0.7506142536066702,0.9727255024166297,0.9791666666666666,0.9895833333333334,1.0
19,last,43,full_affine,0,12848640,expression,canonical,24,0.9740057818136494,0.169854682156117,0.7769502400967402,0.0,0.2513888888888889,0.0
19,last,43,full_affine,0,12848640,iid,canonical,24,0.140553599098896,0.7406456796785517,0.9708350546371625,1.0,1.0,1.0
19,last,43,full_affine,0,12848640,joint,canonical,96,0.9570830465192959,0.23485308860045595,0.7795585555624752,0.0,0.24687500000000004,0.052083333333333336
19,last,43,full_affine,0,12848640,template,canonical,24,0.4500072909747743,0.20753853097078334,0.8999933412403985,0.8333333333333334,0.875,0.875
19,last,43,full_affine,0,12848640,topic,canonical,96,0.1887937437749596,0.6336785702908811,0.959779941935014,1.0,1.0,1.0
19,last,43,full_affine,0,12848640,train,canonical,168,0.061152963145433704,0.8865519117397589,0.9873906067470278,0.9940476190476191,0.9970238095238095,1.0
19,last,43,full_affine,0,12848640,iid,paraphrase,24,0.22938914521654094,0.5254673705135875,0.9521495014302795,1.0,1.0,1.0
19,last,43,full_affine,0,12848640,topic,paraphrase,96,0.26187695497036134,0.40570551306830904,0.9448118024934006,0.9583333333333334,0.9791666666666666,0.9895833333333334
19,last,43,full_affine,0,12848640,template,paraphrase,24,0.5154860099533819,0.10424987085099735,0.8924389737736195,0.875,0.9375,1.0
19,last,43,full_affine,0,12848640,expression,paraphrase,24,0.9568217200326075,0.1359424093509285,0.7730930137697455,0.0,0.2138888888888889,0.0
19,last,43,full_affine,0,12848640,joint,paraphrase,96,0.9555370732563876,0.23519750425678343,0.7732941229461372,0.0,0.2324652777777778,0.041666666666666664
19,last,43,shuffled,32,232960,dev,canonical,48,0.40735506701823154,0.23377086083327026,0.9152272538784579,0.5208333333333334,0.7430555555555555,0.875
19,last,43,shuffled,32,232960,expression,canonical,24,0.9630017185354549,0.179233447434739,0.7768833815449939,0.0,0.22430555555555556,0.0
19,last,43,shuffled,32,232960,iid,canonical,24,0.4564042516071332,0.1578272258677642,0.9047626096420434,0.7083333333333334,0.8472222222222222,0.875
19,last,43,shuffled,32,232960,joint,canonical,96,1.2070616222130186,0.035005921937418805,0.733930074542202,0.0,0.25538194444444445,0.0
19,last,43,shuffled,32,232960,template,canonical,24,0.6090209546341487,-0.07248404649960993,0.8713404406809081,0.20833333333333334,0.5833333333333334,0.20833333333333334
19,last,43,shuffled,32,232960,topic,canonical,96,0.43470687950025333,0.15652689321772262,0.9096612181642548,0.8125,0.8940972222222223,0.84375
19,last,43,shuffled,32,232960,train,canonical,168,0.48428498780159235,0.10157736905464565,0.8987486197716547,0.6845238095238095,0.8318452380952381,0.9285714285714286
19,last,43,shuffled,32,232960,iid,paraphrase,24,0.5890318532049124,-0.21851813820014243,0.8817648901980303,0.0,0.4861111111111111,0.0
19,last,43,shuffled,32,232960,topic,paraphrase,96,0.5877292782615133,-0.3337724578273422,0.8815544232344857,0.08333333333333333,0.5208333333333334,0.08333333333333333
19,last,43,shuffled,32,232960,template,paraphrase,24,0.7111914662559388,-0.23582373807979273,0.8556538134699615,0.0,0.5,0.0
19,last,43,shuffled,32,232960,expression,paraphrase,24,1.1571585215339244,-0.04497168404744256,0.7360240767995109,0.0,0.20833333333333334,0.0
19,last,43,shuffled,32,232960,joint,paraphrase,96,1.2949018973629727,-0.03642677041385811,0.7036508499609662,0.0,0.23472222222222225,0.0
19,last,43,random_subspace,32,118272,dev,canonical,48,0.2774008646558276,0.4782128837007241,0.9441071466405283,0.4583333333333333,0.7256944444444443,0.4583333333333333
19,last,43,random_subspace,32,118272,expression,canonical,24,1.1059753436988782,0.05737699881738345,0.7560387062781203,0.0,0.24027777777777778,0.0
19,last,43,random_subspace,32,118272,iid,canonical,24,0.30191469734332604,0.4428966484918053,0.9388931703919025,0.2916666666666667,0.6458333333333334,0.2916666666666667
19,last,43,random_subspace,32,118272,joint,canonical,96,1.1616643056612312,0.0712991325127742,0.7349528520271601,0.0,0.25347222222222227,0.0
19,last,43,random_subspace,32,118272,template,canonical,24,0.4231816691982848,0.2547783692288943,0.9083395377209774,0.0,0.4930555555555555,0.0
19,last,43,random_subspace,32,118272,topic,canonical,96,0.2936875381298462,0.43015040273942673,0.939891395741273,0.3854166666666667,0.6927083333333334,0.3854166666666667
19,last,43,random_subspace,32,118272,train,canonical,168,0.2957432584703369,0.45135107828672116,0.9395768977244559,0.4107142857142857,0.7043650793650793,0.4107142857142857
19,last,43,random_subspace,32,118272,iid,paraphrase,24,0.43726825567739996,0.09543210965079663,0.9156199932641692,0.0,0.5,0.0
19,last,43,random_subspace,32,118272,topic,paraphrase,96,0.4065362949255394,0.07742061977455006,0.920962470573763,0.0,0.49826388888888884,0.0
19,last,43,random_subspace,32,118272,template,paraphrase,24,0.5080058812204217,0.1172479467429236,0.8970047060464074,0.0,0.5,0.0
19,last,43,random_subspace,32,118272,expression,paraphrase,24,1.2091178427909641,-0.09189353479262508,0.7431675935963015,0.0,0.24305555555555558,0.0
19,last,43,random_subspace,32,118272,joint,paraphrase,96,1.2337307117257719,0.01253404623291765,0.7184190700566294,0.0,0.2859375,0.0
19,last,43,rank1,1,10752,dev,canonical,48,0.2571072825581989,0.5163848255771202,0.9478576789665629,0.6666666666666666,0.829861111111111,0.6666666666666666
19,last,43,rank1,1,10752,expression,canonical,24,1.0722316149191136,0.08613678543893233,0.7613841429652627,0.0,0.2340277777777778,0.0
19,last,43,rank1,1,10752,iid,canonical,24,0.28297370817038175,0.47784721115728646,0.9424248428983374,0.4583333333333333,0.7291666666666666,0.4583333333333333
19,last,43,rank1,1,10752,joint,canonical,96,1.1532688408535716,0.0780109471151812,0.735890454236566,0.0,0.2529513888888889,0.0
19,last,43,rank1,1,10752,template,canonical,24,0.417280847816194,0.2651696977133762,0.9093995298638022,0.0,0.4930555555555555,0.0
19,last,43,rank1,1,10752,topic,canonical,96,0.27225266160198486,0.4717410532468088,0.9438521918851753,0.5520833333333334,0.7760416666666666,0.5520833333333334
19,last,43,rank1,1,10752,train,canonical,168,0.26908636659330604,0.500803684781308,0.9446310239519249,0.5535714285714286,0.7757936507936507,0.5535714285714286
19,last,43,rank1,1,10752,iid,paraphrase,24,0.4317020058376279,0.106946896762244,0.9164570776386234,0.0,0.5,0.0
19,last,43,rank1,1,10752,topic,paraphrase,96,0.4018079910210737,0.08815086880803069,0.9215856498908588,0.0,0.49826388888888884,0.0
19,last,43,rank1,1,10752,template,paraphrase,24,0.5203662880997932,0.09576950534054185,0.8942788798133647,0.0,0.5,0.0
19,last,43,rank1,1,10752,expression,paraphrase,24,1.1936239249783303,-0.07790175658085641,0.7454272370835726,0.0,0.24097222222222223,0.0
19,last,43,rank1,1,10752,joint,paraphrase,96,1.2345424760716075,0.011884318017208906,0.7167388286903735,0.0,0.27239583333333334,0.0
19,last,43,rank2,2,17920,dev,canonical,48,0.2461749439960563,0.5369484003151629,0.9501095870902901,0.7291666666666666,0.861111111111111,0.7291666666666666
19,last,43,rank2,2,17920,expression,canonical,24,1.0740706134474518,0.0845694066344872,0.7611044283007401,0.0,0.2465277777777778,0.0
19,last,43,rank2,2,17920,iid,canonical,24,0.2665374045571543,0.5081760421479904,0.9458748110345176,0.5833333333333334,0.7916666666666666,0.5833333333333334
19,last,43,rank2,2,17920,joint,canonical,96,1.1571768252397971,0.0748866809464378,0.7354098874188999,0.0,0.2526041666666667,0.0
19,last,43,rank2,2,17920,template,canonical,24,0.4023405850410359,0.2914794549638381,0.9129533797526995,0.041666666666666664,0.5138888888888888,0.041666666666666664
19,last,43,rank2,2,17920,topic,canonical,96,0.25954789581169413,0.4963924419812066,0.9465611419589591,0.6979166666666666,0.8489583333333334,0.6979166666666666
19,last,43,rank2,2,17920,train,canonical,168,0.2437174069939319,0.5478669801584379,0.9499733758509457,0.7678571428571429,0.8839285714285714,0.7678571428571429
19,last,43,rank2,2,17920,iid,paraphrase,24,0.413121759423066,0.14538347221259695,0.9201728614243145,0.0,0.5,0.0
19,last,43,rank2,2,17920,topic,paraphrase,96,0.39333325931700985,0.10738313126701782,0.9231900578042908,0.0,0.5,0.0
19,last,43,rank2,2,17920,template,paraphrase,24,0.4839776878639011,0.15900127639054484,0.9027314437183479,0.0,0.5,0.0
19,last,43,rank2,2,17920,expression,paraphrase,24,1.1976138760898174,-0.08150488083276164,0.7446230227680228,0.0,0.2423611111111111,0.0
19,last,43,rank2,2,17920,joint,paraphrase,96,1.241480542972313,0.006331157360438433,0.7170476533883751,0.0,0.28402777777777777,0.0
19,last,43,rank4,4,32256,dev,canonical,48,0.23345250488448985,0.5608791289542163,0.9527344412530354,0.8333333333333334,0.9131944444444443,0.8333333333333334
19,last,43,rank4,4,32256,expression,canonical,24,1.0782649387065273,0.08099458239796942,0.7604424761436835,0.0,0.23958333333333334,0.0
19,last,43,rank4,4,32256,iid,canonical,24,0.2528878595137331,0.5333626506740563,0.9487554114400879,0.75,0.875,0.75
19,last,43,rank4,4,32256,joint,canonical,96,1.1452213339968378,0.08444458423610823,0.7377766618713023,0.0,0.25,0.0
19,last,43,rank4,4,32256,template,canonical,24,0.3944213097678442,0.305425274603885,0.9146836041485559,0.125,0.5555555555555555,0.125
19,last,43,rank4,4,32256,topic,canonical,96,0.2469733123170498,0.5207912346088135,0.9491618569843138,0.8229166666666666,0.9114583333333334,0.8229166666666666
19,last,43,rank4,4,32256,train,canonical,168,0.2220970144549704,0.587976111013601,0.9544380831915572,0.8928571428571429,0.9464285714285714,0.8928571428571429
19,last,43,rank4,4,32256,iid,paraphrase,24,0.41122532050109983,0.14930659659344536,0.9208008643111368,0.0,0.5,0.0
19,last,43,rank4,4,32256,topic,paraphrase,96,0.39297984190097773,0.10818516450418181,0.9234895821050243,0.0,0.5,0.0
19,last,43,rank4,4,32256,template,paraphrase,24,0.47840153255942997,0.16869085426014918,0.9036900533297683,0.0,0.5,0.0
19,last,43,rank4,4,32256,expression,paraphrase,24,1.2109169163758582,-0.09351818769777753,0.742676723518764,0.0,0.24027777777777778,0.0
19,last,43,rank4,4,32256,joint,paraphrase,96,1.229527564890543,0.015898203709930336,0.719167817097723,0.0,0.28263888888888894,0.0
19,last,43,rank8,8,60928,dev,canonical,48,0.21185566333935166,0.6015024834812164,0.9570619627266194,0.8958333333333334,0.9444444444444443,0.8958333333333334
19,last,43,rank8,8,60928,expression,canonical,24,1.0774634456149161,0.08167769511630085,0.7608180610967225,0.0,0.23819444444444446,0.0
19,last,43,rank8,8,60928,iid,canonical,24,0.22564219428068263,0.5836372863541541,0.9540680922558492,0.875,0.9375,0.875
19,last,43,rank8,8,60928,joint,canonical,96,1.1727276503595876,0.06245446218193773,0.737637300264352,0.0,0.24878472222222223,0.0
19,last,43,rank8,8,60928,template,canonical,24,0.3909706161365955,0.31150193558034545,0.9163437578865937,0.4166666666666667,0.7013888888888888,0.4166666666666667
19,last,43,rank8,8,60928,topic,canonical,96,0.23036377622828738,0.5530191510915399,0.9527429835261252,0.8854166666666666,0.9427083333333334,0.8854166666666666
19,last,43,rank8,8,60928,train,canonical,168,0.19271131032874594,0.6424910810792858,0.960454969408129,0.9285714285714286,0.9632936507936507,0.9285714285714286
19,last,43,rank8,8,60928,iid,paraphrase,24,0.40288479834516155,0.16656046406049962,0.9223847709680023,0.041666666666666664,0.5208333333333334,0.041666666666666664
19,last,43,rank8,8,60928,topic,paraphrase,96,0.388375643018541,0.11863377390121288,0.924977780484662,0.03125,0.515625,0.03125
19,last,43,rank8,8,60928,template,paraphrase,24,0.48470151553771806,0.1577434949575205,0.9027874723649824,0.0,0.5,0.0
19,last,43,rank8,8,60928,expression,paraphrase,24,1.2241492775925285,-0.1054676678486719,0.7409090237218393,0.0,0.2354166666666667,0.0
19,last,43,rank8,8,60928,joint,paraphrase,96,1.2623524726069657,-0.010374530280920169,0.7163619957587483,0.0,0.2605902777777778,0.0
19,last,43,rank16,16,118272,dev,canonical,48,0.19157339247447025,0.6396531490882529,0.9609634276612485,0.9166666666666666,0.954861111111111,0.9166666666666666
19,last,43,rank16,16,118272,expression,canonical,24,1.073183386569036,0.0853255902760367,0.7607836200547519,0.0,0.24513888888888888,0.0
19,last,43,rank16,16,118272,iid,canonical,24,0.2080328155381336,0.6161307157955681,0.9575411297796373,0.9583333333333334,0.9791666666666666,0.9583333333333334
19,last,43,rank16,16,118272,joint,canonical,96,1.1678336448960251,0.06636700997853251,0.740494261193343,0.0,0.25104166666666666,0.0
19,last,43,rank16,16,118272,template,canonical,24,0.38508790258206926,0.3218613762356286,0.9174133158430656,0.5,0.7430555555555555,0.5
19,last,43,rank16,16,118272,topic,canonical,96,0.2181067269442305,0.5768018238007739,0.9550358007344336,0.9375,0.96875,0.9375
19,last,43,rank16,16,118272,train,canonical,168,0.16020844514437518,0.7027888610801973,0.967100971276281,0.9761904761904762,0.9871031746031745,0.9761904761904762
19,last,43,rank16,16,118272,iid,paraphrase,24,0.39667209756928434,0.17941255099166753,0.9230818464086538,0.08333333333333333,0.5416666666666666,0.08333333333333333
19,last,43,rank16,16,118272,topic,paraphrase,96,0.38218426480200596,0.13268427307939445,0.9255300650809293,0.0625,0.53125,0.0625
19,last,43,rank16,16,118272,template,paraphrase,24,0.4805736420276004,0.1649164213966552,0.9043967526104192,0.0,0.5,0.0
19,last,43,rank16,16,118272,expression,paraphrase,24,1.2182008647503428,-0.10009595527046078,0.7394758566987721,0.0,0.23055555555555554,0.0
19,last,43,rank16,16,118272,joint,paraphrase,96,1.2663408258549906,-0.013566769078730223,0.7200956459138066,0.0,0.2604166666666667,0.0
19,last,43,rank32,32,232960,dev,canonical,48,0.17443436483174593,0.6718914185001605,0.9645159238278529,0.9583333333333334,0.9791666666666666,0.9583333333333334
19,last,43,rank32,32,232960,expression,canonical,24,1.0677948441017835,0.08991824607204546,0.7621314043309101,0.0,0.25069444444444444,0.0
19,last,43,rank32,32,232960,iid,canonical,24,0.1848827908241253,0.6588479351597041,0.962334593878631,1.0,1.0,1.0
19,last,43,rank32,32,232960,joint,canonical,96,1.1808927547848949,0.05592681084070927,0.7411749367754439,0.0,0.25277777777777777,0.0
19,last,43,rank32,32,232960,template,canonical,24,0.38552397735844446,0.32109344988238153,0.9177923002970704,0.625,0.8055555555555555,0.625
19,last,43,rank32,32,232960,topic,canonical,96,0.2079749139697583,0.5964608450169543,0.9570350320732861,0.96875,0.984375,0.96875
19,last,43,rank32,32,232960,train,canonical,168,0.12326554475677838,0.771323584635524,0.9747404682368189,0.9821428571428571,0.990079365079365,0.9821428571428571
19,last,43,rank32,32,232960,iid,paraphrase,24,0.3859968855506753,0.2014961435903213,0.9247830356449928,0.125,0.5625,0.125
19,last,43,rank32,32,232960,topic,paraphrase,96,0.3751070222173811,0.1487451221571483,0.9262993243222252,0.10416666666666667,0.5520833333333334,0.10416666666666667
19,last,43,rank32,32,232960,template,paraphrase,24,0.47685762257380765,0.17137367696011085,0.9055796453674331,0.041666666666666664,0.5208333333333334,0.041666666666666664
19,last,43,rank32,32,232960,expression,paraphrase,24,1.2135236943453391,-0.09587223782488996,0.7391792431866641,0.0,0.225,0.0
19,last,43,rank32,32,232960,joint,paraphrase,96,1.2697823622256346,-0.016321341014374324,0.721957463571642,0.0,0.26319444444444445,0.0
19,mean,17,identity,0,0,dev,canonical,48,6.739292145842517,0.0,0.9999285556882014,0.0,0.5,0.0
19,mean,17,identity,0,0,expression,canonical,24,44.6495181652146,0.0,0.999561823391438,0.0,0.4375,0.0
19,mean,17,identity,0,0,iid,canonical,24,7.632298256662348,0.0,0.9999255251459229,0.0,0.5,0.0
19,mean,17,identity,0,0,joint,canonical,96,39.74055313538021,0.0,0.9995894085956495,0.0,0.32986111111111116,0.0
19,mean,17,identity,0,0,template,canonical,24,4.606465930748462,0.0,0.999953822620873,0.0,0.5,0.0
19,mean,17,identity,0,0,topic,canonical,96,6.03960574018421,0.0,0.9999313999612132,0.0,0.5,0.0
19,mean,17,identity,0,0,train,canonical,168,7.600576574586026,0.0,0.9999280569505403,0.0,0.49900793650793646,0.0
19,mean,17,identity,0,0,iid,paraphrase,24,7.545221608638626,0.0,0.999942130004265,0.0,0.5,0.0
19,mean,17,identity,0,0,topic,paraphrase,96,5.957319976134445,0.0,0.9999449353684629,0.0,0.5,0.0
19,mean,17,identity,0,0,template,paraphrase,24,20.82646154822724,0.0,0.9999189718274145,0.0,0.5,0.0
19,mean,17,identity,0,0,expression,paraphrase,24,76.01841796386965,0.0,0.9994217159581398,0.0,0.33125,0.0
19,mean,17,identity,0,0,joint,paraphrase,96,51.36182856344289,0.0,0.9993989848127226,0.0,0.4109375,0.0
19,mean,17,shift,0,3584,dev,canonical,48,0.8591662462680913,0.8725138742058967,0.999976462318796,1.0,1.0,1.0
19,mean,17,shift,0,3584,expression,canonical,24,84.81332475639793,-0.8995350508054085,0.9995111858596292,0.0,0.40277777777777773,0.0
19,mean,17,shift,0,3584,iid,canonical,24,0.9071018014460681,0.8811495868031303,0.9999746739161889,0.9166666666666666,0.9583333333333334,0.9166666666666666
19,mean,17,shift,0,3584,joint,canonical,96,78.75561338472282,-0.9817442680385919,0.9995190537205678,0.0,0.24878472222222223,0.0
19,mean,17,shift,0,3584,template,canonical,24,0.7129835409600735,0.8452211409616943,0.9999695384798722,1.0,1.0,1.0
19,mean,17,shift,0,3584,topic,canonical,96,1.2590466893700245,0.791534953847563,0.9999750233498398,1.0,1.0,1.0
19,mean,17,shift,0,3584,train,canonical,168,1.17324139830397,0.8456378424990907,0.9999755736622908,0.9821428571428571,0.9910714285714286,0.9821428571428571
19,mean,17,shift,0,3584,iid,paraphrase,24,0.9472522289377762,0.8744566723059195,0.9999521986483831,0.5416666666666666,0.7708333333333334,0.5416666666666666
19,mean,17,shift,0,3584,topic,paraphrase,96,1.3072363271808842,0.7805663733998192,0.9999493118735883,0.6666666666666666,0.8333333333333334,0.6666666666666666
19,mean,17,shift,0,3584,template,paraphrase,24,4.656270108040667,0.7764252896605467,0.9999486996347544,0.875,0.9375,0.875
19,mean,17,shift,0,3584,expression,paraphrase,24,126.59268347372641,-0.6652896345974195,0.9993554178219868,0.0,0.2611111111111111,0.0
19,mean,17,shift,0,3584,joint,paraphrase,96,94.59407094668775,-0.8417192999630796,0.9993354275975542,0.0,0.2638888888888889,0.0
19,mean,17,lowrank,32,232960,dev,canonical,48,0.3457242327128182,0.9487002158044008,0.9999883656271696,1.0,1.0,1.0
19,mean,17,lowrank,32,232960,expression,canonical,24,83.77615650779084,-0.8763059479790511,0.9994940243745646,0.0,0.3958333333333333,0.0
19,mean,17,lowrank,32,232960,iid,canonical,24,0.27054350994672544,0.9645528121610599,0.9999875713723805,1.0,1.0,1.0
19,mean,17,lowrank,32,232960,joint,canonical,96,73.62179070420625,-0.8525607948486822,0.9995140976139344,0.0,0.253125,0.0
19,mean,17,lowrank,32,232960,template,canonical,24,0.09001734135844404,0.980458481032591,0.9999727901816087,1.0,1.0,1.0
19,mean,17,lowrank,32,232960,topic,canonical,96,0.2799633688311445,0.9536454230830959,0.9999852808674153,1.0,1.0,1.0
19,mean,17,lowrank,32,232960,train,canonical,168,0.18277349149501157,0.9759526807339657,0.9999911519214996,1.0,1.0,1.0
19,mean,17,lowrank,32,232960,iid,paraphrase,24,0.3270413760969404,0.9566558289391386,0.9999543506665223,0.875,0.9375,0.875
19,mean,17,lowrank,32,232960,topic,paraphrase,96,0.32106142942633914,0.946106398395161,0.9999549123121391,0.9375,0.96875,0.9375
19,mean,17,lowrank,32,232960,template,paraphrase,24,6.929861191752141,0.6672569089230611,0.9999445985910498,1.0,1.0,1.0
19,mean,17,lowrank,32,232960,expression,paraphrase,24,123.67016456593392,-0.6268447552369794,0.9993425396278447,0.0,0.2916666666666667,0.0
19,mean,17,lowrank,32,232960,joint,paraphrase,96,85.9628619510648,-0.6736721482741252,0.999334359621849,0.0,0.2815972222222222,0.0
19,mean,17,full_delta,0,12848640,dev,canonical,48,0.34467879623308967,0.9488553413661222,0.9999891774757513,1.0,1.0,1.0
19,mean,17,full_delta,0,12848640,expression,canonical,24,83.77643833069567,-0.8763122598703414,0.9994933792090698,0.0,0.38888888888888884,0.0
19,mean,17,full_delta,0,12848640,iid,canonical,24,0.2689115365020957,0.9647666368033562,0.9999886230884939,1.0,1.0,1.0
19,mean,17,full_delta,0,12848640,joint,canonical,96,73.62119600024113,-0.852545830186185,0.9995145735161207,0.0,0.25399305555555557,0.0
19,mean,17,full_delta,0,12848640,template,canonical,24,0.09026393378819403,0.9804049492289357,0.9999725707144087,1.0,1.0,1.0
19,mean,17,full_delta,0,12848640,topic,canonical,96,0.27942686198565225,0.9537342545182214,0.9999856615878219,1.0,1.0,1.0
19,mean,17,full_delta,0,12848640,train,canonical,168,0.18054184712319182,0.976246295876175,0.9999926779253178,1.0,1.0,1.0
19,mean,17,full_delta,0,12848640,iid,paraphrase,24,0.3262448367286091,0.9567613976566193,0.9999548739526634,0.875,0.9375,0.875
19,mean,17,full_delta,0,12848640,topic,paraphrase,96,0.320557104915242,0.9461910546689749,0.9999552937149362,0.9375,0.96875,0.9375
19,mean,17,full_delta,0,12848640,template,paraphrase,24,6.930193291763821,0.6672409628627614,0.9999444734884467,1.0,1.0,1.0
19,mean,17,full_delta,0,12848640,expression,paraphrase,24,123.67103186054403,-0.6268561642432879,0.9993418891452429,0.0,0.2916666666666667,0.0
19,mean,17,full_delta,0,12848640,joint,paraphrase,96,85.96245309066872,-0.6736641878800445,0.9993351420982878,0.0,0.2815972222222222,0.0
19,mean,17,full_affine,0,12848640,dev,canonical,48,0.36076240859531,0.9464687980891487,0.9999769212072199,1.0,1.0,1.0
19,mean,17,full_affine,0,12848640,expression,canonical,24,83.76857661596391,-0.8761361837321249,0.9994782370848303,0.0,0.3625,0.0
19,mean,17,full_affine,0,12848640,iid,canonical,24,0.2888917970564602,0.9621487804405072,0.9999750886120052,1.0,1.0,1.0
19,mean,17,full_affine,0,12848640,joint,canonical,96,73.63679569422477,-0.8529383686073413,0.9994498010315139,0.0,0.23750000000000002,0.0
19,mean,17,full_affine,0,12848640,template,canonical,24,0.41652437013313803,0.9095783239483417,0.9997094847759262,0.8333333333333334,0.8958333333333334,1.0
19,mean,17,full_affine,0,12848640,topic,canonical,96,0.3397288546703323,0.9437498291635225,0.999938392851273,1.0,1.0,1.0
19,mean,17,full_affine,0,12848640,train,canonical,168,0.19215817444572403,0.9747179477030412,0.9999842569320246,1.0,1.0,1.0
19,mean,17,full_affine,0,12848640,iid,paraphrase,24,0.30756199393298916,0.9592375135037973,0.9999660828917291,1.0,1.0,1.0
19,mean,17,full_affine,0,12848640,topic,paraphrase,96,0.35217471550941576,0.9408836998985687,0.9999283859334328,1.0,1.0,1.0
19,mean,17,full_affine,0,12848640,template,paraphrase,24,7.293005533257872,0.6498202291171897,0.9996674769314572,0.7083333333333334,0.84375,1.0
19,mean,17,full_affine,0,12848640,expression,paraphrase,24,123.6291641168953,-0.626305406351054,0.9993275014926045,0.0,0.22986111111111115,0.0
19,mean,17,full_affine,0,12848640,joint,paraphrase,96,85.94146290689851,-0.6732555150512669,0.999267851931454,0.0,0.20104166666666665,0.0
19,mean,17,shuffled,32,232960,dev,canonical,48,15.622255862956726,-1.3180855681696673,0.9997972273572494,0.7708333333333334,0.873263888888889,0.9791666666666666
19,mean,17,shuffled,32,232960,expression,canonical,24,101.0572811678624,-1.2633453914088095,0.9994640102954714,0.0,0.24166666666666667,0.0
19,mean,17,shuffled,32,232960,iid,canonical,24,11.962297946584101,-0.5673257968059662,0.9998060499063438,0.875,0.9305555555555555,1.0
19,mean,17,shuffled,32,232960,joint,canonical,96,154.52294717546286,-2.888293820397135,0.999386503570757,0.0,0.24375,0.0
19,mean,17,shuffled,32,232960,template,canonical,24,12.988800484344567,-1.819688819935359,0.9998312921008029,1.0,1.0,1.0
19,mean,17,shuffled,32,232960,topic,canonical,96,18.679166455169568,-2.0927791082269964,0.9998113896769074,0.84375,0.9045138888888888,1.0
19,mean,17,shuffled,32,232960,train,canonical,168,20.885607011519298,-1.747897716254093,0.9997871648549103,0.8869047619047619,0.9365079365079365,0.9940476190476191
19,mean,17,shuffled,32,232960,iid,paraphrase,24,11.004600292297402,-0.4584860277262217,0.9997857609432156,0.5,0.7395833333333334,0.625
19,mean,17,shuffled,32,232960,topic,paraphrase,96,16.67036358637939,-1.7982991770061627,0.9997909725149627,0.65625,0.8133680555555557,0.78125
19,mean,17,shuffled,32,232960,template,paraphrase,24,11.845333785092945,0.4312363740876939,0.9998066620188272,1.0,1.0,1.0
19,mean,17,shuffled,32,232960,expression,paraphrase,24,145.28139372242345,-0.9111341384593585,0.9993098688124976,0.0,0.22083333333333335,0.0
19,mean,17,shuffled,32,232960,joint,paraphrase,96,228.17519767021156,-3.442505340096414,0.9991381095992903,0.0,0.22916666666666666,0.0
19,mean,17,random_subspace,32,118272,dev,canonical,48,0.8554918250913371,0.8730590978135453,0.9999733109897214,1.0,1.0,1.0
19,mean,17,random_subspace,32,118272,expression,canonical,24,84.80605696602068,-0.8993722765879946,0.9995079083738873,0.0,0.3958333333333333,0.0
19,mean,17,random_subspace,32,118272,iid,canonical,24,0.9027932142833932,0.8817141070849359,0.9999720572542093,0.9166666666666666,0.9583333333333334,0.9166666666666666
19,mean,17,random_subspace,32,118272,joint,canonical,96,78.71904974224276,-0.9808242093178312,0.9995171772116409,0.0,0.24878472222222223,0.0
19,mean,17,random_subspace,32,118272,template,canonical,24,0.7086068388773645,0.8461712624102204,0.9999668455166946,1.0,1.0,1.0
19,mean,17,random_subspace,32,118272,topic,canonical,96,1.2522710859615447,0.7926568157206649,0.9999716483095661,1.0,1.0,1.0
19,mean,17,random_subspace,32,118272,train,canonical,168,1.1663224505971297,0.8465481612938484,0.9999722009405412,0.9821428571428571,0.9910714285714286,0.9821428571428571
19,mean,17,random_subspace,32,118272,iid,paraphrase,24,0.9431800370658907,0.8749963770466289,0.9999496521379533,0.5416666666666666,0.7708333333333334,0.5416666666666666
19,mean,17,random_subspace,32,118272,topic,paraphrase,96,1.3005550347244654,0.7816878999391329,0.9999459499919207,0.6666666666666666,0.8333333333333334,0.6666666666666666
19,mean,17,random_subspace,32,118272,template,paraphrase,24,4.6722826057018745,0.7756564361698024,0.9999439888750828,0.9166666666666666,0.9583333333333334,0.9166666666666666
19,mean,17,random_subspace,32,118272,expression,paraphrase,24,126.57220568952613,-0.6650202553502744,0.9993521172563952,0.0,0.2611111111111111,0.0
19,mean,17,random_subspace,32,118272,joint,paraphrase,96,94.53221265127713,-0.8405149367785756,0.9993315041239592,0.0,0.2638888888888889,0.0
19,mean,17,rank1,1,10752,dev,canonical,48,0.35939136956062834,0.9466722377093657,0.9999780979623161,1.0,1.0,1.0
19,mean,17,rank1,1,10752,expression,canonical,24,83.75337845492055,-0.8757957957129952,0.9995113705098205,0.0,0.3958333333333333,0.0
19,mean,17,rank1,1,10752,iid,canonical,24,0.28742874811268687,0.9623404722343252,0.999976579980682,0.9583333333333334,0.9791666666666666,0.9583333333333334
19,mean,17,rank1,1,10752,joint,canonical,96,73.65189394612648,-0.8533182891346243,0.9995255490102691,0.0,0.2557291666666666,0.0
19,mean,17,rank1,1,10752,template,canonical,24,0.09421669235665313,0.9795468600499679,0.999969810968361,1.0,1.0,1.0
19,mean,17,rank1,1,10752,topic,canonical,96,0.2906055798439789,0.9518833525985895,0.9999774447088298,0.9895833333333334,0.9947916666666666,0.9895833333333334
19,mean,17,rank1,1,10752,train,canonical,168,0.20259785098857633,0.9733444102561902,0.9999777921934616,0.9761904761904762,0.9880952380952381,0.9761904761904762
19,mean,17,rank1,1,10752,iid,paraphrase,24,0.32791830634414526,0.9565396056798773,0.9999530938471407,0.4583333333333333,0.7291666666666666,0.4583333333333333
19,mean,17,rank1,1,10752,topic,paraphrase,96,0.3253474843952293,0.9453869381368467,0.9999511723285321,0.6145833333333334,0.8072916666666666,0.6145833333333334
19,mean,17,rank1,1,10752,template,paraphrase,24,6.914989759081894,0.667970973222261,0.9999461207895015,0.5833333333333334,0.7916666666666666,0.5833333333333334
19,mean,17,rank1,1,10752,expression,paraphrase,24,123.65607571733274,-0.6266594205644285,0.9993578336206048,0.0,0.2847222222222222,0.0
19,mean,17,rank1,1,10752,joint,paraphrase,96,85.99289548226183,-0.6742568924710719,0.999343188558742,0.0,0.2767361111111111,0.0
19,mean,17,rank2,2,17920,dev,canonical,48,0.3575786432529864,0.9469412164490335,0.9999793980187445,1.0,1.0,1.0
19,mean,17,rank2,2,17920,expression,canonical,24,83.76189418347184,-0.8759865195752274,0.999506281394206,0.0,0.3958333333333333,0.0
19,mean,17,rank2,2,17920,iid,canonical,24,0.2856149194921187,0.9625781239297349,0.9999777050881722,0.9583333333333334,0.9791666666666666,0.9583333333333334
19,mean,17,rank2,2,17920,joint,canonical,96,73.61458487093037,-0.852379472931714,0.9995278160071196,0.0,0.26059027777777777,0.0
19,mean,17,rank2,2,17920,template,canonical,24,0.09062783486282185,0.9803259513420309,0.9999723949630724,1.0,1.0,1.0
19,mean,17,rank2,2,17920,topic,canonical,96,0.28874730547011357,0.9521910340026092,0.9999785837279548,1.0,1.0,1.0
19,mean,17,rank2,2,17920,train,canonical,168,0.19956084073098684,0.9737439865551442,0.9999799049300097,0.9940476190476191,0.9970238095238095,0.9940476190476191
19,mean,17,rank2,2,17920,iid,paraphrase,24,0.3286415380991627,0.9564437527291582,0.9999529117863509,0.5,0.75,0.5
19,mean,17,rank2,2,17920,topic,paraphrase,96,0.32475695431178275,0.9454860649398071,0.9999516877170468,0.6875,0.84375,0.6875
19,mean,17,rank2,2,17920,template,paraphrase,24,6.924715797643949,0.6675039693320642,0.9999473487394361,0.6666666666666666,0.8333333333333334,0.6666666666666666
19,mean,17,rank2,2,17920,expression,paraphrase,24,123.65219847611542,-0.626608416593007,0.9993557572212968,0.0,0.2847222222222222,0.0
19,mean,17,rank2,2,17920,joint,paraphrase,96,85.96057380587335,-0.6736275987466758,0.9993481327111274,0.0,0.2868055555555556,0.0
19,mean,17,rank4,4,32256,dev,canonical,48,0.3547019667798706,0.9473680678765816,0.9999815491784828,1.0,1.0,1.0
19,mean,17,rank4,4,32256,expression,canonical,24,83.76588053962813,-0.8760758006317786,0.9995040183757947,0.0,0.3958333333333333,0.0
19,mean,17,rank4,4,32256,iid,canonical,24,0.28176674659455925,0.9630823197522973,0.9999803225435132,1.0,1.0,1.0
19,mean,17,rank4,4,32256,joint,canonical,96,73.61975284261341,-0.8525095157035254,0.9995220621890364,0.0,0.2574652777777778,0.0
19,mean,17,rank4,4,32256,template,canonical,24,0.09134423714931401,0.9801704303206531,0.9999718231590915,1.0,1.0,1.0
19,mean,17,rank4,4,32256,topic,canonical,96,0.28646207692046805,0.952569407798508,0.9999804175007374,1.0,1.0,1.0
19,mean,17,rank4,4,32256,train,canonical,168,0.19542102922181376,0.9742886572743388,0.9999827440047481,1.0,1.0,1.0
19,mean,17,rank4,4,32256,iid,paraphrase,24,0.32861136674664176,0.9564477514655885,0.999953046099927,0.625,0.8125,0.625
19,mean,17,rank4,4,32256,topic,paraphrase,96,0.32426381271139953,0.9455688440422154,0.9999521436078987,0.71875,0.859375,0.71875
19,mean,17,rank4,4,32256,template,paraphrase,24,6.92695498598389,0.6673964528278921,0.999945458557896,0.7916666666666666,0.8958333333333334,0.7916666666666666
19,mean,17,rank4,4,32256,expression,paraphrase,24,123.65641512747662,-0.6266638854053572,0.9993538159708873,0.0,0.2916666666666667,0.0
19,mean,17,rank4,4,32256,joint,paraphrase,96,85.96519422372035,-0.6737175569505838,0.9993406819522695,0.0,0.2868055555555556,0.0
19,mean,17,rank8,8,60928,dev,canonical,48,0.35122909338978486,0.9478833851109335,0.9999842436263874,1.0,1.0,1.0
19,mean,17,rank8,8,60928,expression,canonical,24,83.76923188628233,-0.8761508595975172,0.9995008786415612,0.0,0.3958333333333333,0.0
19,mean,17,rank8,8,60928,iid,canonical,24,0.27756016969916536,0.9636334744312595,0.9999830252971655,1.0,1.0,1.0
19,mean,17,rank8,8,60928,joint,canonical,96,73.62191423845559,-0.8525639033673009,0.9995224329102911,0.0,0.2574652777777778,0.0
19,mean,17,rank8,8,60928,template,canonical,24,0.09079632379141651,0.9802893747275226,0.9999722723197163,1.0,1.0,1.0
19,mean,17,rank8,8,60928,topic,canonical,96,0.28346102433723164,0.9530663032437303,0.9999827173713102,1.0,1.0,1.0
19,mean,17,rank8,8,60928,train,canonical,168,0.19084567691836174,0.9748906316454345,0.99998573618781,1.0,1.0,1.0
19,mean,17,rank8,8,60928,iid,paraphrase,24,0.32810095038053416,0.9565153990964445,0.9999534957889323,0.8333333333333334,0.9166666666666666,0.8333333333333334
19,mean,17,rank8,8,60928,topic,paraphrase,96,0.32282047726694985,0.9458111233641642,0.9999534984042286,0.8125,0.90625,0.8125
19,mean,17,rank8,8,60928,template,paraphrase,24,6.92907099108836,0.6672948510699761,0.9999443761354284,0.875,0.9375,0.875
19,mean,17,rank8,8,60928,expression,paraphrase,24,123.66390057250157,-0.6267623542399563,0.9993507134173508,0.0,0.2847222222222222,0.0
19,mean,17,rank8,8,60928,joint,paraphrase,96,85.96329045222807,-0.673680491068283,0.9993405066094616,0.0,0.2859375,0.0
19,mean,17,rank16,16,118272,dev,canonical,48,0.3480841983423128,0.9483500357590157,0.999986614535343,1.0,1.0,1.0
19,mean,17,rank16,16,118272,expression,canonical,24,83.77454791693783,-0.8762699209194296,0.9994961573398379,0.0,0.3958333333333333,0.0
19,mean,17,rank16,16,118272,iid,canonical,24,0.27381118916286007,0.9641246738590377,0.9999855125671155,1.0,1.0,1.0
19,mean,17,rank16,16,118272,joint,canonical,96,73.62139215707442,-0.8525507661223464,0.9995171605488369,0.0,0.2557291666666667,0.0
19,mean,17,rank16,16,118272,template,canonical,24,0.09042322624684336,0.9803703690407732,0.9999726027492613,1.0,1.0,1.0
19,mean,17,rank16,16,118272,topic,canonical,96,0.2812676598206731,0.9534294667697805,0.9999843123485149,1.0,1.0,1.0
19,mean,17,rank16,16,118272,train,canonical,168,0.18642954610961895,0.9754716574091258,0.9999886182418158,1.0,1.0,1.0
19,mean,17,rank16,16,118272,iid,paraphrase,24,0.32815547727331834,0.9565081724176784,0.999953564941008,0.8333333333333334,0.9166666666666666,0.8333333333333334
19,mean,17,rank16,16,118272,topic,paraphrase,96,0.3216896515355952,0.9460009445817393,0.999954383700266,0.84375,0.921875,0.84375
19,mean,17,rank16,16,118272,template,paraphrase,24,6.930397255884067,0.6672311693546431,0.9999439305678447,0.9583333333333334,0.9791666666666666,0.9583333333333334
19,mean,17,rank16,16,118272,expression,paraphrase,24,123.66897178567315,-0.6268290645623678,0.999344424635718,0.0,0.2916666666666667,0.0
19,mean,17,rank16,16,118272,joint,paraphrase,96,85.96236831013823,-0.6736625372275491,0.9993363505686698,0.0,0.2833333333333334,0.0
19,mean,17,rank32,32,232960,dev,canonical,48,0.3457242327128182,0.9487002158044008,0.9999883656271696,1.0,1.0,1.0
19,mean,17,rank32,32,232960,expression,canonical,24,83.77615650779084,-0.8763059479790511,0.9994940243745646,0.0,0.3958333333333333,0.0
19,mean,17,rank32,32,232960,iid,canonical,24,0.27054350994672544,0.9645528121610599,0.9999875713723805,1.0,1.0,1.0
19,mean,17,rank32,32,232960,joint,canonical,96,73.62179070420625,-0.8525607948486822,0.9995140976139344,0.0,0.253125,0.0
19,mean,17,rank32,32,232960,template,canonical,24,0.09001734135844404,0.980458481032591,0.9999727901816087,1.0,1.0,1.0
19,mean,17,rank32,32,232960,topic,canonical,96,0.2799633688311445,0.9536454230830959,0.9999852808674153,1.0,1.0,1.0
19,mean,17,rank32,32,232960,train,canonical,168,0.18277349149501157,0.9759526807339657,0.9999911519214996,1.0,1.0,1.0
19,mean,17,rank32,32,232960,iid,paraphrase,24,0.3270413760969404,0.9566558289391386,0.9999543506665223,0.875,0.9375,0.875
19,mean,17,rank32,32,232960,topic,paraphrase,96,0.32106142942633914,0.946106398395161,0.9999549123121391,0.9375,0.96875,0.9375
19,mean,17,rank32,32,232960,template,paraphrase,24,6.929861191752141,0.6672569089230611,0.9999445985910498,1.0,1.0,1.0
19,mean,17,rank32,32,232960,expression,paraphrase,24,123.67016456593392,-0.6268447552369794,0.9993425396278447,0.0,0.2916666666666667,0.0
19,mean,17,rank32,32,232960,joint,paraphrase,96,85.9628619510648,-0.6736721482741252,0.999334359621849,0.0,0.2815972222222222,0.0
19,mean,29,identity,0,0,dev,canonical,48,6.739292145842517,0.0,0.9999285556882014,0.0,0.5,0.0
19,mean,29,identity,0,0,expression,canonical,24,44.6495181652146,0.0,0.999561823391438,0.0,0.4375,0.0
19,mean,29,identity,0,0,iid,canonical,24,7.632298256662348,0.0,0.9999255251459229,0.0,0.5,0.0
19,mean,29,identity,0,0,joint,canonical,96,39.74055313538021,0.0,0.9995894085956495,0.0,0.32986111111111116,0.0
19,mean,29,identity,0,0,template,canonical,24,4.606465930748462,0.0,0.999953822620873,0.0,0.5,0.0
19,mean,29,identity,0,0,topic,canonical,96,6.03960574018421,0.0,0.9999313999612132,0.0,0.5,0.0
19,mean,29,identity,0,0,train,canonical,168,7.600576574586026,0.0,0.9999280569505403,0.0,0.49900793650793646,0.0
19,mean,29,identity,0,0,iid,paraphrase,24,7.545221608638626,0.0,0.999942130004265,0.0,0.5,0.0
19,mean,29,identity,0,0,topic,paraphrase,96,5.957319976134445,0.0,0.9999449353684629,0.0,0.5,0.0
19,mean,29,identity,0,0,template,paraphrase,24,20.82646154822724,0.0,0.9999189718274145,0.0,0.5,0.0
19,mean,29,identity,0,0,expression,paraphrase,24,76.01841796386965,0.0,0.9994217159581398,0.0,0.33125,0.0
19,mean,29,identity,0,0,joint,paraphrase,96,51.36182856344289,0.0,0.9993989848127226,0.0,0.4109375,0.0
19,mean,29,shift,0,3584,dev,canonical,48,0.8479920335788124,0.874171943398842,0.9999766469003464,0.9583333333333334,0.9791666666666666,0.9583333333333334
19,mean,29,shift,0,3584,expression,canonical,24,84.15861267488394,-0.8848716880544067,0.9995122672740641,0.0,0.40277777777777773,0.0
19,mean,29,shift,0,3584,iid,canonical,24,0.9079605926591876,0.8810370661462797,0.9999746520075434,0.9166666666666666,0.9583333333333334,0.9166666666666666
19,mean,29,shift,0,3584,joint,canonical,96,78.11592908961198,-0.9656477559208141,0.999521077767663,0.0,0.24878472222222223,0.0
19,mean,29,shift,0,3584,template,canonical,24,0.6745296455707086,0.8535689494481704,0.9999696684132445,1.0,1.0,1.0
19,mean,29,shift,0,3584,topic,canonical,96,1.232483687403372,0.795933088942693,0.9999752895988205,0.9895833333333334,0.9947916666666666,0.9895833333333334
19,mean,29,shift,0,3584,train,canonical,168,1.1697599322919185,0.8460958953820381,0.9999757294338546,0.9821428571428571,0.9910714285714286,0.9821428571428571
19,mean,29,shift,0,3584,iid,paraphrase,24,0.9465213731179078,0.8745535357060656,0.9999524691548395,0.4583333333333333,0.7291666666666666,0.4583333333333333
19,mean,29,shift,0,3584,topic,paraphrase,96,1.2791032369838022,0.7852888140794848,0.999949806123511,0.625,0.8125,0.625
19,mean,29,shift,0,3584,template,paraphrase,24,4.789603765851977,0.7700231623715421,0.9999487493250913,0.875,0.9375,0.875
19,mean,29,shift,0,3584,expression,paraphrase,24,125.79264379536704,-0.6547653471972317,0.9993565199816284,0.0,0.26805555555555555,0.0
19,mean,29,shift,0,3584,joint,paraphrase,96,93.89539657974994,-0.8281163113920089,0.9993373079341353,0.0,0.265625,0.0
19,mean,29,lowrank,32,232960,dev,canonical,48,0.28871921589433186,0.9571588217803493,0.9999881298714319,1.0,1.0,1.0
19,mean,29,lowrank,32,232960,expression,canonical,24,84.79310715769576,-0.8990822441563566,0.9994926776530756,0.0,0.38888888888888884,0.0
19,mean,29,lowrank,32,232960,iid,canonical,24,0.38429565239065977,0.9496487637841979,0.9999872451541884,1.0,1.0,1.0
19,mean,29,lowrank,32,232960,joint,canonical,96,76.0091205867231,-0.9126336849864758,0.999514467393368,0.0,0.2505208333333333,0.0
19,mean,29,lowrank,32,232960,template,canonical,24,0.26377802228854913,0.9427374420533943,0.9999721406484093,1.0,1.0,1.0
19,mean,29,lowrank,32,232960,topic,canonical,96,0.36034973534043635,0.940335553206252,0.9999849168448369,1.0,1.0,1.0
19,mean,29,lowrank,32,232960,train,canonical,168,0.2457797844507349,0.9676630079259321,0.999991079200232,1.0,1.0,1.0
19,mean,29,lowrank,32,232960,iid,paraphrase,24,0.4262937096219832,0.9435014991297388,0.9999541183057277,0.9583333333333334,0.9791666666666666,0.9583333333333334
19,mean,29,lowrank,32,232960,topic,paraphrase,96,0.3987330773159843,0.9330683799236327,0.9999545376335351,0.8645833333333334,0.9322916666666666,0.8645833333333334
19,mean,29,lowrank,32,232960,template,paraphrase,24,5.738996822895399,0.7244372593200352,0.9999443512801182,1.0,1.0,1.0
19,mean,29,lowrank,32,232960,expression,paraphrase,24,124.87874575644167,-0.642743286446642,0.9993396889847995,0.0,0.2881944444444444,0.0
19,mean,29,lowrank,32,232960,joint,paraphrase,96,88.57408608825007,-0.7245119296880571,0.9993279398815189,0.0,0.2732638888888889,0.0
19,mean,29,full_delta,0,12848640,dev,canonical,48,0.28721392906523996,0.9573821815630262,0.999989209339204,1.0,1.0,1.0
19,mean,29,full_delta,0,12848640,expression,canonical,24,84.79371266741803,-0.8990958055506821,0.9994920964251417,0.0,0.38888888888888884,0.0
19,mean,29,full_delta,0,12848640,iid,canonical,24,0.3823063157429421,0.949909410915746,0.9999884983722692,1.0,1.0,1.0
19,mean,29,full_delta,0,12848640,joint,canonical,96,76.0098289718647,-0.9126515102326216,0.9995132365475149,0.0,0.2505208333333333,0.0
19,mean,29,full_delta,0,12848640,template,canonical,24,0.2642397492241884,0.9426372075259755,0.9999717187609081,1.0,1.0,1.0
19,mean,29,full_delta,0,12848640,topic,canonical,96,0.35960776440649234,0.9404584040951779,0.9999854456692038,1.0,1.0,1.0
19,mean,29,full_delta,0,12848640,train,canonical,168,0.24319967332602715,0.9680024704784619,0.9999928447039986,1.0,1.0,1.0
19,mean,29,full_delta,0,12848640,iid,paraphrase,24,0.4254968278575329,0.9436071132264192,0.9999546855545857,0.9583333333333334,0.9791666666666666,0.9583333333333334
19,mean,29,full_delta,0,12848640,topic,paraphrase,96,0.3981103799583721,0.9331729063482845,0.9999550213898346,0.90625,0.953125,0.90625
19,mean,29,full_delta,0,12848640,template,paraphrase,24,5.738502527387154,0.7244609933329929,0.9999446731855749,1.0,1.0,1.0
19,mean,29,full_delta,0,12848640,expression,paraphrase,24,124.87892139504658,-0.6427455969209928,0.9993390355508381,0.0,0.2881944444444444,0.0
19,mean,29,full_delta,0,12848640,joint,paraphrase,96,88.57425120685328,-0.7245151444996754,0.9993285169255154,0.0,0.2732638888888889,0.0
19,mean,29,full_affine,0,12848640,dev,canonical,48,0.3019944088936075,0.9551890016995467,0.9999780035017284,1.0,1.0,1.0
19,mean,29,full_affine,0,12848640,expression,canonical,24,84.78606384350432,-0.898924497455365,0.9994801726855945,0.0,0.3680555555555555,0.0
19,mean,29,full_affine,0,12848640,iid,canonical,24,0.39911141280792295,0.9477075712470313,0.9999767375728076,1.0,1.0,1.0
19,mean,29,full_affine,0,12848640,joint,canonical,96,76.02711825849887,-0.9130865642333867,0.999446948401674,0.0,0.23750000000000002,0.0
19,mean,29,full_affine,0,12848640,template,canonical,24,0.5970586892628232,0.870386821863282,0.9997053788779559,0.7916666666666666,0.8680555555555555,1.0
19,mean,29,full_affine,0,12848640,topic,canonical,96,0.4180413770879648,0.930783333371159,0.9999396085986422,1.0,1.0,1.0
19,mean,29,full_affine,0,12848640,train,canonical,168,0.25339080222273147,0.9666616341883862,0.9999854928251131,0.9940476190476191,0.9970238095238095,1.0
19,mean,29,full_affine,0,12848640,iid,paraphrase,24,0.40295578279055944,0.9465945728712315,0.9999678655059022,1.0,1.0,1.0
19,mean,29,full_affine,0,12848640,topic,paraphrase,96,0.4276569657803026,0.9282131952801705,0.9999296230690545,1.0,1.0,1.0
19,mean,29,full_affine,0,12848640,template,paraphrase,24,6.102360482088926,0.7069900487916363,0.9996688636038567,0.75,0.8576388888888888,1.0
19,mean,29,full_affine,0,12848640,expression,paraphrase,24,124.83693530984469,-0.6421932822803245,0.9993286883483243,0.0,0.22986111111111115,0.0
19,mean,29,full_affine,0,12848640,joint,paraphrase,96,88.54799519083696,-0.7240039474346434,0.9992643689307631,0.0,0.20104166666666665,0.0
19,mean,29,shuffled,32,232960,dev,canonical,48,17.99855153909378,-1.6706887236216823,0.9998053752500781,0.7083333333333334,0.8368055555555557,0.9583333333333334
19,mean,29,shuffled,32,232960,expression,canonical,24,91.97277701542923,-1.0598828564085845,0.9994712525051138,0.0,0.24305555555555558,0.0
19,mean,29,shuffled,32,232960,iid,canonical,24,16.855186347506194,-1.2084024733694139,0.99977980703766,0.7083333333333334,0.8229166666666666,0.9166666666666666
19,mean,29,shuffled,32,232960,joint,canonical,96,99.52647864236319,-1.5044059729947938,0.9994030723698658,0.0,0.2552083333333333,0.0
19,mean,29,shuffled,32,232960,template,canonical,24,14.297535838006732,-2.1037971522962415,0.9998138128378281,1.0,1.0,1.0
19,mean,29,shuffled,32,232960,topic,canonical,96,16.984046548718506,-1.8121117965889755,0.9998112741940712,0.7395833333333334,0.84375,0.9895833333333334
19,mean,29,shuffled,32,232960,train,canonical,168,15.967363653405414,-1.100809523687365,0.9997883879349672,0.8452380952380952,0.9112103174603173,0.9761904761904762
19,mean,29,shuffled,32,232960,iid,paraphrase,24,17.2793448106478,-1.290104347745657,0.9997471344545298,0.4583333333333333,0.6840277777777778,0.5416666666666666
19,mean,29,shuffled,32,232960,topic,paraphrase,96,17.267131832435044,-1.8984731224122111,0.9997862676207617,0.5416666666666666,0.7430555555555557,0.7291666666666666
19,mean,29,shuffled,32,232960,template,paraphrase,24,15.251465481256618,0.26768810698162826,0.9997839391968032,1.0,1.0,1.0
19,mean,29,shuffled,32,232960,expression,paraphrase,24,128.12596248380822,-0.6854594704233974,0.9993145579388947,0.0,0.22083333333333335,0.0
19,mean,29,shuffled,32,232960,joint,paraphrase,96,163.0972291851063,-2.175456048720037,0.9991819578159982,0.0,0.23350694444444445,0.0
19,mean,29,random_subspace,32,118272,dev,canonical,48,0.8410758254816829,0.8751981948133019,0.9999710012056869,1.0,1.0,1.0
19,mean,29,random_subspace,32,118272,expression,canonical,24,84.16530327018103,-0.8850215350308586,0.9995061994937023,0.0,0.40277777777777773,0.0
19,mean,29,random_subspace,32,118272,iid,canonical,24,0.9016945838923576,0.8818580519825395,0.9999700414247229,0.9583333333333334,0.9791666666666666,0.9583333333333334
19,mean,29,random_subspace,32,118272,joint,canonical,96,78.09516939873664,-0.965125375399219,0.999518750228285,0.0,0.24878472222222223,0.0
19,mean,29,random_subspace,32,118272,template,canonical,24,0.669893819705321,0.8545753230836386,0.9999671720300721,1.0,1.0,1.0
19,mean,29,random_subspace,32,118272,topic,canonical,96,1.2221437782164069,0.7976451061888137,0.9999691680026856,1.0,1.0,1.0
19,mean,29,random_subspace,32,118272,train,canonical,168,1.1587752012190742,0.8475411450897476,0.999969508859472,0.9821428571428571,0.9910714285714286,0.9821428571428571
19,mean,29,random_subspace,32,118272,iid,paraphrase,24,0.9402820736600356,0.8753804563429265,0.9999480220738436,0.4583333333333333,0.7291666666666666,0.4583333333333333
19,mean,29,random_subspace,32,118272,topic,paraphrase,96,1.2688055945820054,0.7870173837119789,0.9999439203263876,0.6041666666666666,0.8020833333333334,0.6041666666666666
19,mean,29,random_subspace,32,118272,template,paraphrase,24,4.7997752226986075,0.7695347713492325,0.9999443216391306,0.875,0.9375,0.875
19,mean,29,random_subspace,32,118272,expression,paraphrase,24,125.7825790725451,-0.654632948719448,0.9993501098669951,0.0,0.2611111111111111,0.0
19,mean,29,random_subspace,32,118272,joint,paraphrase,96,93.8370003979926,-0.8269793545625765,0.9993328097729188,0.0,0.2664930555555555,0.0
19,mean,29,rank1,1,10752,dev,canonical,48,0.30186085353055275,0.9552088191165935,0.9999782738918132,1.0,1.0,1.0
19,mean,29,rank1,1,10752,expression,canonical,24,84.76861226500394,-0.8985336404155237,0.9995122418304502,0.0,0.3958333333333333,0.0
19,mean,29,rank1,1,10752,iid,canonical,24,0.40019044910223106,0.9475661936097821,0.9999768372412592,0.9583333333333334,0.9791666666666666,0.9583333333333334
19,mean,29,rank1,1,10752,joint,canonical,96,76.03111036549426,-0.9131870184717006,0.9995249732917078,0.0,0.2548611111111111,0.0
19,mean,29,rank1,1,10752,template,canonical,24,0.2677980270484253,0.9418647546569582,0.9999700082745436,1.0,1.0,1.0
19,mean,29,rank1,1,10752,topic,canonical,96,0.3703760265527442,0.938675462855387,0.9999775238249704,1.0,1.0,1.0
19,mean,29,rank1,1,10752,train,canonical,168,0.26520323212078617,0.9651074850021848,0.9999780565507331,0.9880952380952381,0.9940476190476191,0.9880952380952381
19,mean,29,rank1,1,10752,iid,paraphrase,24,0.4271207675257164,0.9433918856622183,0.9999530669560034,0.4583333333333333,0.7291666666666666,0.4583333333333333
19,mean,29,rank1,1,10752,topic,paraphrase,96,0.4027632096291218,0.9323918790256983,0.999951313858411,0.59375,0.796875,0.59375
19,mean,29,rank1,1,10752,template,paraphrase,24,5.726618441392499,0.7250316176787146,0.999947663034568,0.7083333333333334,0.8541666666666666,0.7083333333333334
19,mean,29,rank1,1,10752,expression,paraphrase,24,124.8594845936845,-0.6424899114978719,0.9993587638050307,0.0,0.2916666666666667,0.0
19,mean,29,rank1,1,10752,joint,paraphrase,96,88.59164257487255,-0.7248537494229366,0.9993433504988861,0.0,0.2767361111111111,0.0
19,mean,29,rank2,2,17920,dev,canonical,48,0.300034279902694,0.9554798525706019,0.9999794498380257,1.0,1.0,1.0
19,mean,29,rank2,2,17920,expression,canonical,24,84.77864150341357,-0.8987582618408327,0.9995074860115375,0.0,0.3958333333333333,0.0
19,mean,29,rank2,2,17920,iid,canonical,24,0.3984808730607505,0.9477901859098719,0.99997794348736,0.9583333333333334,0.9791666666666666,0.9583333333333334
19,mean,29,rank2,2,17920,joint,canonical,96,76.00456829810588,-0.9125191347787394,0.9995315450256917,0.0,0.26059027777777777,0.0
19,mean,29,rank2,2,17920,template,canonical,24,0.2631233013545446,0.9428795729068179,0.9999730449437898,1.0,1.0,1.0
19,mean,29,rank2,2,17920,topic,canonical,96,0.3685901534295033,0.9389711565148852,0.9999786806866396,1.0,1.0,1.0
19,mean,29,rank2,2,17920,train,canonical,168,0.26227006439416406,0.9654933988467251,0.9999801003610358,1.0,1.0,1.0
19,mean,29,rank2,2,17920,iid,paraphrase,24,0.4265525492409452,0.9434671940248144,0.9999535166915905,0.4166666666666667,0.7083333333333334,0.4166666666666667
19,mean,29,rank2,2,17920,topic,paraphrase,96,0.40151455727856583,0.932601478704003,0.9999523618913418,0.6145833333333334,0.8072916666666666,0.6145833333333334
19,mean,29,rank2,2,17920,template,paraphrase,24,5.730265512771099,0.7248565004908929,0.999949047314848,0.625,0.8125,0.625
19,mean,29,rank2,2,17920,expression,paraphrase,24,124.86153523302323,-0.6425168870571332,0.9993571626664525,0.0,0.2916666666666667,0.0
19,mean,29,rank2,2,17920,joint,paraphrase,96,88.5739797947462,-0.7245098601841697,0.9993497578226028,0.0,0.2876736111111111,0.0
19,mean,29,rank4,4,32256,dev,canonical,48,0.2973350028363175,0.9558803808468603,0.9999815569425415,1.0,1.0,1.0
19,mean,29,rank4,4,32256,expression,canonical,24,84.78196232648314,-0.8988326371802773,0.999504940273597,0.0,0.3958333333333333,0.0
19,mean,29,rank4,4,32256,iid,canonical,24,0.39433595455749765,0.9483332619747563,0.999980733245537,1.0,1.0,1.0
19,mean,29,rank4,4,32256,joint,canonical,96,76.00911025120523,-0.912633424911639,0.9995261856991208,0.0,0.2565972222222222,0.0
19,mean,29,rank4,4,32256,template,canonical,24,0.263870438940828,0.9427173796772325,0.9999724532302157,1.0,1.0,1.0
19,mean,29,rank4,4,32256,topic,canonical,96,0.3664538569065546,0.9393248710808435,0.9999804168730048,1.0,1.0,1.0
19,mean,29,rank4,4,32256,train,canonical,168,0.25817470553053257,0.9660322209773152,0.9999829010973025,1.0,1.0,1.0
19,mean,29,rank4,4,32256,iid,paraphrase,24,0.426574335908118,0.9434643065460493,0.9999536798066891,0.6666666666666666,0.8333333333333334,0.6666666666666666
19,mean,29,rank4,4,32256,topic,paraphrase,96,0.4009318958749746,0.9326992846647245,0.9999529337075038,0.65625,0.828125,0.65625
19,mean,29,rank4,4,32256,template,paraphrase,24,5.7330207702536,0.7247242044944693,0.9999473168027491,0.9166666666666666,0.9583333333333334,0.9166666666666666
19,mean,29,rank4,4,32256,expression,paraphrase,24,124.86514454326652,-0.6425643664751475,0.9993548697816559,0.0,0.2916666666666667,0.0
19,mean,29,rank4,4,32256,joint,paraphrase,96,88.57754108364122,-0.7245791974526166,0.9993405153109264,0.0,0.2798611111111111,0.0
19,mean,29,rank8,8,60928,dev,canonical,48,0.29351836218307725,0.9564467074833446,0.9999845465999435,1.0,1.0,1.0
19,mean,29,rank8,8,60928,expression,canonical,24,84.78519117137641,-0.8989049525159396,0.9995008756301885,0.0,0.3958333333333333,0.0
19,mean,29,rank8,8,60928,iid,canonical,24,0.390058268580695,0.9488937335172656,0.9999835506473674,1.0,1.0,1.0
19,mean,29,rank8,8,60928,joint,canonical,96,76.01269182994714,-0.9127235489401022,0.9995260420251464,0.0,0.2574652777777778,0.0
19,mean,29,rank8,8,60928,template,canonical,24,0.26369459067928913,0.9427555539010697,0.9999726511852415,1.0,1.0,1.0
19,mean,29,rank8,8,60928,topic,canonical,96,0.36357118895592605,0.939802165141853,0.9999826014605123,1.0,1.0,1.0
19,mean,29,rank8,8,60928,train,canonical,168,0.2536259736340139,0.9666306929289995,0.999985909781504,1.0,1.0,1.0
19,mean,29,rank8,8,60928,iid,paraphrase,24,0.4267721391950392,0.9434380908432932,0.9999536542568364,0.875,0.9375,0.875
19,mean,29,rank8,8,60928,topic,paraphrase,96,0.40037508797194254,0.9327927508383165,0.9999533880306853,0.71875,0.859375,0.71875
19,mean,29,rank8,8,60928,template,paraphrase,24,5.733972481959803,0.7246785072595358,0.999946587854137,0.9583333333333334,0.9791666666666666,0.9583333333333334
19,mean,29,rank8,8,60928,expression,paraphrase,24,124.87034304029957,-0.6426327511794374,0.99935007402975,0.0,0.2881944444444444,0.0
19,mean,29,rank8,8,60928,joint,paraphrase,96,88.57543382412676,-0.724538169717168,0.999341007631168,0.0,0.2789930555555556,0.0
19,mean,29,rank16,16,118272,dev,canonical,48,0.2908601632382244,0.9568411404426714,0.9999865474631505,1.0,1.0,1.0
19,mean,29,rank16,16,118272,expression,canonical,24,84.79100832932545,-0.899035237414592,0.999495479286925,0.0,0.3958333333333333,0.0
19,mean,29,rank16,16,118272,iid,canonical,24,0.3868221301303643,0.9493177392808645,0.9999856557634047,1.0,1.0,1.0
19,mean,29,rank16,16,118272,joint,canonical,96,76.00827445784887,-0.912612393665458,0.9995187985559877,0.0,0.253125,0.0
19,mean,29,rank16,16,118272,template,canonical,24,0.26373673128122216,0.9427464057596167,0.9999723952869409,1.0,1.0,1.0
19,mean,29,rank16,16,118272,topic,canonical,96,0.3616371629106488,0.9401223890320333,0.9999840591306665,1.0,1.0,1.0
19,mean,29,rank16,16,118272,train,canonical,168,0.2494667157111794,0.9671779221927296,0.9999886957487354,1.0,1.0,1.0
19,mean,29,rank16,16,118272,iid,paraphrase,24,0.4270543409405825,0.9434006894573326,0.9999536227355673,0.9166666666666666,0.9583333333333334,0.9166666666666666
19,mean,29,rank16,16,118272,topic,paraphrase,96,0.399590185643013,0.9329245051056839,0.9999538745281238,0.78125,0.890625,0.78125
19,mean,29,rank16,16,118272,template,paraphrase,24,5.738149847489627,0.7244779275537538,0.9999448124506728,1.0,1.0,1.0
19,mean,29,rank16,16,118272,expression,paraphrase,24,124.87796190832016,-0.6427329751544246,0.9993436153321653,0.0,0.2881944444444444,0.0
19,mean,29,rank16,16,118272,joint,paraphrase,96,88.57000960045411,-0.7244325616454859,0.9993325792330751,0.0,0.27413194444444444,0.0
19,mean,29,rank32,32,232960,dev,canonical,48,0.28871921589433186,0.9571588217803493,0.9999881298714319,1.0,1.0,1.0
19,mean,29,rank32,32,232960,expression,canonical,24,84.79310715769576,-0.8990822441563566,0.9994926776530756,0.0,0.38888888888888884,0.0
19,mean,29,rank32,32,232960,iid,canonical,24,0.38429565239065977,0.9496487637841979,0.9999872451541884,1.0,1.0,1.0
19,mean,29,rank32,32,232960,joint,canonical,96,76.0091205867231,-0.9126336849864758,0.999514467393368,0.0,0.2505208333333333,0.0
19,mean,29,rank32,32,232960,template,canonical,24,0.26377802228854913,0.9427374420533943,0.9999721406484093,1.0,1.0,1.0
19,mean,29,rank32,32,232960,topic,canonical,96,0.36034973534043635,0.940335553206252,0.9999849168448369,1.0,1.0,1.0
19,mean,29,rank32,32,232960,train,canonical,168,0.2457797844507349,0.9676630079259321,0.999991079200232,1.0,1.0,1.0
19,mean,29,rank32,32,232960,iid,paraphrase,24,0.4262937096219832,0.9435014991297388,0.9999541183057277,0.9583333333333334,0.9791666666666666,0.9583333333333334
19,mean,29,rank32,32,232960,topic,paraphrase,96,0.3987330773159843,0.9330683799236327,0.9999545376335351,0.8645833333333334,0.9322916666666666,0.8645833333333334
19,mean,29,rank32,32,232960,template,paraphrase,24,5.738996822895399,0.7244372593200352,0.9999443512801182,1.0,1.0,1.0
19,mean,29,rank32,32,232960,expression,paraphrase,24,124.87874575644167,-0.642743286446642,0.9993396889847995,0.0,0.2881944444444444,0.0
19,mean,29,rank32,32,232960,joint,paraphrase,96,88.57408608825007,-0.7245119296880571,0.9993279398815189,0.0,0.2732638888888889,0.0
19,mean,43,identity,0,0,dev,canonical,48,6.739292145842517,0.0,0.9999285556882014,0.0,0.5,0.0
19,mean,43,identity,0,0,expression,canonical,24,44.6495181652146,0.0,0.999561823391438,0.0,0.4375,0.0
19,mean,43,identity,0,0,iid,canonical,24,7.632298256662348,0.0,0.9999255251459229,0.0,0.5,0.0
19,mean,43,identity,0,0,joint,canonical,96,39.74055313538021,0.0,0.9995894085956495,0.0,0.32986111111111116,0.0
19,mean,43,identity,0,0,template,canonical,24,4.606465930748462,0.0,0.999953822620873,0.0,0.5,0.0
19,mean,43,identity,0,0,topic,canonical,96,6.03960574018421,0.0,0.9999313999612132,0.0,0.5,0.0
19,mean,43,identity,0,0,train,canonical,168,7.600576574586026,0.0,0.9999280569505403,0.0,0.49900793650793646,0.0
19,mean,43,identity,0,0,iid,paraphrase,24,7.545221608638626,0.0,0.999942130004265,0.0,0.5,0.0
19,mean,43,identity,0,0,topic,paraphrase,96,5.957319976134445,0.0,0.9999449353684629,0.0,0.5,0.0
19,mean,43,identity,0,0,template,paraphrase,24,20.82646154822724,0.0,0.9999189718274145,0.0,0.5,0.0
19,mean,43,identity,0,0,expression,paraphrase,24,76.01841796386965,0.0,0.9994217159581398,0.0,0.33125,0.0
19,mean,43,identity,0,0,joint,paraphrase,96,51.36182856344289,0.0,0.9993989848127226,0.0,0.4109375,0.0
19,mean,43,shift,0,3584,dev,canonical,48,0.8317508822420091,0.8765818628659513,0.9999766709816877,0.9583333333333334,0.9791666666666666,0.9583333333333334
19,mean,43,shift,0,3584,expression,canonical,24,82.51715191579005,-0.8481084523791622,0.9995133800883617,0.0,0.40277777777777773,0.0
19,mean,43,shift,0,3584,iid,canonical,24,0.921079018771943,0.8793182619707086,0.9999747391985272,0.9166666666666666,0.9583333333333334,0.9166666666666666
19,mean,43,shift,0,3584,joint,canonical,96,76.51682039694134,-0.9254090434091107,0.9995218735103161,0.0,0.2496527777777778,0.0
19,mean,43,shift,0,3584,template,canonical,24,0.588437818173353,0.8722582936638059,0.9999704786886565,1.0,1.0,1.0
19,mean,43,shift,0,3584,topic,canonical,96,1.1774143005515638,0.8050511322754568,0.9999754389270903,0.9895833333333334,0.9947916666666666,0.9895833333333334
19,mean,43,shift,0,3584,train,canonical,168,1.1727247291429488,0.8457058201263077,0.9999757172675949,0.9761904761904762,0.9880952380952381,0.9761904761904762
19,mean,43,shift,0,3584,iid,paraphrase,24,0.9568160645383643,0.8731891368912356,0.9999526171608855,0.4583333333333333,0.7291666666666666,0.4583333333333333
19,mean,43,shift,0,3584,topic,paraphrase,96,1.2207406697559355,0.7950855964349185,0.9999501223108983,0.625,0.8125,0.625
19,mean,43,shift,0,3584,template,paraphrase,24,5.137650300741705,0.753311416399536,0.9999489608831912,0.875,0.9375,0.875
19,mean,43,shift,0,3584,expression,paraphrase,24,123.78326934118763,-0.6283326153935467,0.999358346624137,0.0,0.2701388888888889,0.0
19,mean,43,shift,0,3584,joint,paraphrase,96,92.14556149183313,-0.7940475265208593,0.9993395377669341,0.0,0.2661458333333333,0.0
19,mean,43,lowrank,32,232960,dev,canonical,48,0.35469537022261566,0.9473690466970737,0.99998803871142,1.0,1.0,1.0
19,mean,43,lowrank,32,232960,expression,canonical,24,83.21635323048055,-0.8637682252820473,0.9994936385825864,0.0,0.3923611111111111,0.0
19,mean,43,lowrank,32,232960,iid,canonical,24,0.18578136983887758,0.9756585285858416,0.9999876527526373,1.0,1.0,1.0
19,mean,43,lowrank,32,232960,joint,canonical,96,72.26381046621573,-0.8183896489825333,0.9995128242725567,0.0,0.25486111111111115,0.0
19,mean,43,lowrank,32,232960,template,canonical,24,0.08674729144871636,0.9811683636104476,0.999972968715217,1.0,1.0,1.0
19,mean,43,lowrank,32,232960,topic,canonical,96,0.20624862088484944,0.965850648244705,0.9999849991445505,1.0,1.0,1.0
19,mean,43,lowrank,32,232960,train,canonical,168,0.16678808583528518,0.978055864025767,0.9999912710917618,1.0,1.0,1.0
19,mean,43,lowrank,32,232960,iid,paraphrase,24,0.2511644311678655,0.966712120041603,0.999953670521989,0.9166666666666666,0.9583333333333334,0.9166666666666666
19,mean,43,lowrank,32,232960,topic,paraphrase,96,0.2561566643064029,0.9570013587766665,0.9999544962615862,0.84375,0.921875,0.84375
19,mean,43,lowrank,32,232960,template,paraphrase,24,6.840547061266513,0.6715454017272183,0.9999442467688171,1.0,1.0,1.0
19,mean,43,lowrank,32,232960,expression,paraphrase,24,123.76069448314927,-0.6280356497549155,0.9993416528168367,0.0,0.28125,0.0
19,mean,43,lowrank,32,232960,joint,paraphrase,96,85.62487987706686,-0.6670917346975243,0.9993322369528478,0.0,0.2798611111111111,0.0
19,mean,43,full_delta,0,12848640,dev,canonical,48,0.3534152582447326,0.9475589942390678,0.999989020047611,1.0,1.0,1.0
19,mean,43,full_delta,0,12848640,expression,canonical,24,83.2165287549351,-0.8637721564432728,0.9994931426416995,0.0,0.3923611111111111,0.0
19,mean,43,full_delta,0,12848640,iid,canonical,24,0.184251160541082,0.9758590198725206,0.9999886409521322,1.0,1.0,1.0
19,mean,43,full_delta,0,12848640,joint,canonical,96,72.2635200334529,-0.8183823407610842,0.9995124648695454,0.0,0.25486111111111115,0.0
19,mean,43,full_delta,0,12848640,template,canonical,24,0.08727679029158059,0.9810534167399345,0.9999725258878533,1.0,1.0,1.0
19,mean,43,full_delta,0,12848640,topic,canonical,96,0.20566069249920302,0.9659479937356092,0.9999854274096251,1.0,1.0,1.0
19,mean,43,full_delta,0,12848640,train,canonical,168,0.16446542670258252,0.9783614538859454,0.9999928799254185,1.0,1.0,1.0
19,mean,43,full_delta,0,12848640,iid,paraphrase,24,0.2501541657900793,0.9668460147673231,0.9999543441108781,0.9166666666666666,0.9583333333333334,0.9166666666666666
19,mean,43,full_delta,0,12848640,topic,paraphrase,96,0.25542497289719585,0.9571241810209203,0.9999550661990056,0.8645833333333334,0.9322916666666666,0.8645833333333334
19,mean,43,full_delta,0,12848640,template,paraphrase,24,6.841484637586721,0.6715003832146862,0.9999437437988478,1.0,1.0,1.0
19,mean,43,full_delta,0,12848640,expression,paraphrase,24,123.76169035637677,-0.628048750175237,0.9993406896924227,0.0,0.2847222222222222,0.0
19,mean,43,full_delta,0,12848640,joint,paraphrase,96,85.6249235252116,-0.6670925845143232,0.9993312447658408,0.0,0.278125,0.0
19,mean,43,full_affine,0,12848640,dev,canonical,48,0.3685742973154391,0.9453096424165536,0.9999776178403555,1.0,1.0,1.0
19,mean,43,full_affine,0,12848640,expression,canonical,24,83.21091569863641,-0.8636464427395343,0.9994781041847638,0.0,0.35555555555555557,0.0
19,mean,43,full_affine,0,12848640,iid,canonical,24,0.203698362247324,0.973311006017157,0.9999759038873967,1.0,1.0,1.0
19,mean,43,full_affine,0,12848640,joint,canonical,96,72.27435250167058,-0.818654920465266,0.9994522362481373,0.0,0.23750000000000002,0.0
19,mean,43,full_affine,0,12848640,template,canonical,24,0.41142502756374366,0.9106853206451708,0.9997105823423804,0.7916666666666666,0.875,1.0
19,mean,43,full_affine,0,12848640,topic,canonical,96,0.26440970620211995,0.956220700890642,0.9999394736156734,1.0,1.0,1.0
19,mean,43,full_affine,0,12848640,train,canonical,168,0.17534992033414648,0.9769293923147275,0.9999853384663017,0.9940476190476191,0.9970238095238095,1.0
19,mean,43,full_affine,0,12848640,iid,paraphrase,24,0.23037883382217875,0.9694669228060293,0.999966833522191,1.0,1.0,1.0
19,mean,43,full_affine,0,12848640,topic,paraphrase,96,0.285203397253573,0.9521255533702868,0.9999297192902578,1.0,1.0,1.0
19,mean,43,full_affine,0,12848640,template,paraphrase,24,7.205086938157517,0.6540417141206198,0.9996654935497441,0.7083333333333334,0.84375,1.0
19,mean,43,full_affine,0,12848640,expression,paraphrase,24,123.72084949669646,-0.6275115006405292,0.99932662529746,0.0,0.22777777777777777,0.0
19,mean,43,full_affine,0,12848640,joint,paraphrase,96,85.60327620825113,-0.6666711174917126,0.9992674258345294,0.0,0.2015625,0.0
19,mean,43,shuffled,32,232960,dev,canonical,48,21.392451172739246,-2.174287552727076,0.9997781173273177,0.6666666666666666,0.796875,0.9583333333333334
19,mean,43,shuffled,32,232960,expression,canonical,24,103.94000767444022,-1.3279088318453,0.999446612190615,0.0,0.2520833333333333,0.0
19,mean,43,shuffled,32,232960,iid,canonical,24,25.349986803176467,-2.321409351507992,0.9997369820698685,0.5833333333333334,0.736111111111111,0.875
19,mean,43,shuffled,32,232960,joint,canonical,96,143.11055861421474,-2.601121457134584,0.9994004446798584,0.0,0.2432291666666667,0.0
19,mean,43,shuffled,32,232960,template,canonical,24,14.472289788004394,-2.141733816243144,0.9998485356752663,0.9583333333333334,0.9791666666666666,1.0
19,mean,43,shuffled,32,232960,topic,canonical,96,31.555212903788874,-4.224714039500603,0.999773604870073,0.6979166666666666,0.8203125,0.9270833333333334
19,mean,43,shuffled,32,232960,train,canonical,168,31.409022687613206,-3.132452634269254,0.9997508003239794,0.7797619047619048,0.8779761904761905,0.9583333333333334
19,mean,43,shuffled,32,232960,iid,paraphrase,24,24.727415404632723,-2.277228514576957,0.9997192769311778,0.4583333333333333,0.6805555555555555,0.5833333333333334
19,mean,43,shuffled,32,232960,topic,paraphrase,96,31.456759775375172,-4.2803542367027045,0.9997519269528787,0.4791666666666667,0.7057291666666666,0.71875
19,mean,43,shuffled,32,232960,template,paraphrase,24,11.889547970267875,0.4291133929431272,0.9998137834663842,1.0,1.0,1.0
19,mean,43,shuffled,32,232960,expression,paraphrase,24,148.01907935007512,-0.9471475902119699,0.9992892978440118,0.0,0.22083333333333333,0.0
19,mean,43,shuffled,32,232960,joint,paraphrase,96,183.55775922794965,-2.5738166720683706,0.9991641350731992,0.0,0.23072916666666668,0.0
19,mean,43,random_subspace,32,118272,dev,canonical,48,0.828816555258166,0.877017268680144,0.9999741071476822,0.9791666666666666,0.9895833333333334,0.9791666666666666
19,mean,43,random_subspace,32,118272,expression,canonical,24,82.52138573445218,-0.84820327576889,0.9995109780610555,0.0,0.40277777777777773,0.0
19,mean,43,random_subspace,32,118272,iid,canonical,24,0.9167820763760025,0.8798812565303341,0.9999726870563751,0.9166666666666666,0.9583333333333334,0.9166666666666666
19,mean,43,random_subspace,32,118272,joint,canonical,96,76.49221067218501,-0.924789783665229,0.9995206825800432,0.0,0.2496527777777778,0.0
19,mean,43,random_subspace,32,118272,template,canonical,24,0.5855020390467053,0.8728956106809689,0.9999685422961925,1.0,1.0,1.0
19,mean,43,random_subspace,32,118272,topic,canonical,96,1.1718180383682302,0.8059777262327574,0.9999723442325056,1.0,1.0,1.0
19,mean,43,random_subspace,32,118272,train,canonical,168,1.1668016120707503,0.8464851185142752,0.9999729025667446,0.9821428571428571,0.9910714285714286,0.9821428571428571
19,mean,43,random_subspace,32,118272,iid,paraphrase,24,0.952809053229584,0.8737202029773784,0.9999506973813258,0.4583333333333333,0.7291666666666666,0.4583333333333333
19,mean,43,random_subspace,32,118272,topic,paraphrase,96,1.2151699992592722,0.796020693176235,0.9999473524679957,0.6145833333333334,0.8072916666666666,0.6145833333333334
19,mean,43,random_subspace,32,118272,template,paraphrase,24,5.147547172706236,0.7528362098003922,0.9999455708274209,0.875,0.9375,0.875
19,mean,43,random_subspace,32,118272,expression,paraphrase,24,123.78312656220514,-0.6283307371778941,0.9993562300281472,0.0,0.2701388888888889,0.0
19,mean,43,random_subspace,32,118272,joint,paraphrase,96,92.10747166860786,-0.7933059286398916,0.9993378659920076,0.0,0.2670138888888889,0.0
19,mean,43,rank1,1,10752,dev,canonical,48,0.3678528092037782,0.945416699373879,0.9999779982967434,1.0,1.0,1.0
19,mean,43,rank1,1,10752,expression,canonical,24,83.19136952605493,-0.863208673791857,0.9995142357117416,0.0,0.3958333333333333,0.0
19,mean,43,rank1,1,10752,iid,canonical,24,0.20266711902791879,0.9734461217037729,0.9999765891452221,0.9583333333333334,0.9791666666666666,0.9583333333333334
19,mean,43,rank1,1,10752,joint,canonical,96,72.2813075029343,-0.8188299306429057,0.9995278408517421,0.0,0.2583333333333333,0.0
19,mean,43,rank1,1,10752,template,canonical,24,0.08901073013878887,0.9806770023968621,0.9999711975529614,1.0,1.0,1.0
19,mean,43,rank1,1,10752,topic,canonical,96,0.21621626252149415,0.9642002687223588,0.9999775990349177,0.9895833333333334,0.9947916666666666,0.9895833333333334
19,mean,43,rank1,1,10752,train,canonical,168,0.1867780361971995,0.9754258069286839,0.9999777984124633,0.9642857142857143,0.9821428571428571,0.9642857142857143
19,mean,43,rank1,1,10752,iid,paraphrase,24,0.25057567646850304,0.9667901501817235,0.9999534450826477,0.4166666666666667,0.7083333333333334,0.4166666666666667
19,mean,43,rank1,1,10752,topic,paraphrase,96,0.2588745165209662,0.9565451381564125,0.9999520522545589,0.59375,0.796875,0.59375
19,mean,43,rank1,1,10752,template,paraphrase,24,6.827686515593896,0.6721629116024718,0.9999476298470432,0.625,0.8125,0.625
19,mean,43,rank1,1,10752,expression,paraphrase,24,123.73747539907153,-0.6277302095116211,0.9993607506711064,0.0,0.2847222222222222,0.0
19,mean,43,rank1,1,10752,joint,paraphrase,96,85.64172883704786,-0.6674197790925986,0.9993461457700965,0.0,0.2842013888888889,0.0
19,mean,43,rank2,2,17920,dev,canonical,48,0.366065430105015,0.9456819170050609,0.9999792082691427,1.0,1.0,1.0
19,mean,43,rank2,2,17920,expression,canonical,24,83.20371503538442,-0.8634851719454051,0.9995066264282165,0.0,0.3923611111111111,0.0
19,mean,43,rank2,2,17920,iid,canonical,24,0.2002328865622158,0.9737650600345146,0.9999780735811808,0.9583333333333334,0.9791666666666666,0.9583333333333334
19,mean,43,rank2,2,17920,joint,canonical,96,72.26199787354444,-0.8183440383272131,0.9995299728018233,0.0,0.2668402777777778,0.0
19,mean,43,rank2,2,17920,template,canonical,24,0.08660884075193998,0.9811984193405577,0.9999730663621431,1.0,1.0,1.0
19,mean,43,rank2,2,17920,topic,canonical,96,0.21436345863644304,0.964507044357186,0.9999789570395317,1.0,1.0,1.0
19,mean,43,rank2,2,17920,train,canonical,168,0.18375173099440156,0.9758239747746493,0.9999798978515442,0.9940476190476191,0.9970238095238095,0.9940476190476191
19,mean,43,rank2,2,17920,iid,paraphrase,24,0.25164465052754403,0.9666484745471978,0.9999528585831637,0.5,0.75,0.5
19,mean,43,rank2,2,17920,topic,paraphrase,96,0.2590103790823384,0.9565223321695062,0.9999521266701374,0.6666666666666666,0.8333333333333334,0.6666666666666666
19,mean,43,rank2,2,17920,template,paraphrase,24,6.833262098170451,0.6718951953337411,0.9999472826845149,0.5833333333333334,0.7916666666666666,0.5833333333333334
19,mean,43,rank2,2,17920,expression,paraphrase,24,123.74307177782923,-0.6278038282333414,0.9993560649369982,0.0,0.2847222222222222,0.0
19,mean,43,rank2,2,17920,joint,paraphrase,96,85.62709090140402,-0.6671347827041665,0.9993504785113623,0.0,0.29201388888888885,0.0
19,mean,43,rank4,4,32256,dev,canonical,48,0.36312821274441126,0.9461177517035783,0.9999814577323085,1.0,1.0,1.0
19,mean,43,rank4,4,32256,expression,canonical,24,83.2070902990331,-0.8635607665718956,0.9995050366811862,0.0,0.3854166666666667,0.0
19,mean,43,rank4,4,32256,iid,canonical,24,0.19682481764042423,0.9742115924952732,0.9999803944483731,1.0,1.0,1.0
19,mean,43,rank4,4,32256,joint,canonical,96,72.26489731472505,-0.818416997582982,0.9995222203187248,0.0,0.25972222222222224,0.0
19,mean,43,rank4,4,32256,template,canonical,24,0.08786215929794576,0.9809263412301695,0.9999720426614663,1.0,1.0,1.0
19,mean,43,rank4,4,32256,topic,canonical,96,0.21233127494504056,0.9648435205741486,0.9999806132675905,1.0,1.0,1.0
19,mean,43,rank4,4,32256,train,canonical,168,0.17982350697669505,0.9763408071463987,0.9999826057889672,1.0,1.0,1.0
19,mean,43,rank4,4,32256,iid,paraphrase,24,0.2517571662874158,0.9666335623596296,0.9999529379190784,0.5833333333333334,0.7916666666666666,0.5833333333333334
19,mean,43,rank4,4,32256,topic,paraphrase,96,0.2584034233604336,0.9566242161919083,0.9999526072308725,0.7083333333333334,0.8541666666666666,0.7083333333333334
19,mean,43,rank4,4,32256,template,paraphrase,24,6.838237542863798,0.6716562951882783,0.9999447014446332,0.8333333333333334,0.9166666666666666,0.8333333333333334
19,mean,43,rank4,4,32256,expression,paraphrase,24,123.74722505401446,-0.6278584633638331,0.9993546115014779,0.0,0.28125,0.0
19,mean,43,rank4,4,32256,joint,paraphrase,96,85.62732681742916,-0.6671393759211868,0.9993398796002438,0.0,0.2842013888888889,0.0
19,mean,43,rank8,8,60928,dev,canonical,48,0.3601611653330708,0.9465580126905087,0.9999839827533962,1.0,1.0,1.0
19,mean,43,rank8,8,60928,expression,canonical,24,83.20842067347301,-0.8635905625135896,0.9995013709883466,0.0,0.3923611111111111,0.0
19,mean,43,rank8,8,60928,iid,canonical,24,0.1924397664215228,0.9747861312608507,0.9999832343761178,1.0,1.0,1.0
19,mean,43,rank8,8,60928,joint,canonical,96,72.26431709102889,-0.8184023972905758,0.9995201309963679,0.0,0.26059027777777777,0.0
19,mean,43,rank8,8,60928,template,canonical,24,0.08684438485054458,0.981147285976685,0.9999729259720341,1.0,1.0,1.0
19,mean,43,rank8,8,60928,topic,canonical,96,0.20952484099291202,0.9653081922883063,0.9999826526227777,1.0,1.0,1.0
19,mean,43,rank8,8,60928,train,canonical,168,0.1751173658530588,0.9769599892673146,0.9999856992341127,1.0,1.0,1.0
19,mean,43,rank8,8,60928,iid,paraphrase,24,0.25228585569814554,0.9665634929252045,0.999952806223397,0.75,0.875,0.75
19,mean,43,rank8,8,60928,topic,paraphrase,96,0.2573583645250311,0.9567996405168714,0.9999535391847895,0.7708333333333334,0.8854166666666666,0.7708333333333334
19,mean,43,rank8,8,60928,template,paraphrase,24,6.840351988415034,0.6715547683136174,0.999944371112283,0.9583333333333334,0.9791666666666666,0.9583333333333334
19,mean,43,rank8,8,60928,expression,paraphrase,24,123.75107235751345,-0.6279090735133475,0.9993507674273688,0.0,0.2791666666666666,0.0
19,mean,43,rank8,8,60928,joint,paraphrase,96,85.62455396972886,-0.6670853893755777,0.999337164085679,0.0,0.2833333333333334,0.0
19,mean,43,rank16,16,118272,dev,canonical,48,0.3571803016286837,0.9470003237878581,0.9999862654349432,1.0,1.0,1.0
19,mean,43,rank16,16,118272,expression,canonical,24,83.21352706506532,-0.8637049286210448,0.9994961988162915,0.0,0.3923611111111111,0.0
19,mean,43,rank16,16,118272,iid,canonical,24,0.18882957128987685,0.9752591467288317,0.9999857062137404,1.0,1.0,1.0
19,mean,43,rank16,16,118272,joint,canonical,96,72.26440081772897,-0.818404504123357,0.9995150358253365,0.0,0.2574652777777778,0.0
19,mean,43,rank16,16,118272,template,canonical,24,0.08753833136077892,0.9809966397935443,0.9999723936155349,1.0,1.0,1.0
19,mean,43,rank16,16,118272,topic,canonical,96,0.20760195554391692,0.9656265715884983,0.999984064113571,1.0,1.0,1.0
19,mean,43,rank16,16,118272,train,canonical,168,0.17065067440729603,0.9775476672417328,0.9999886989817709,1.0,1.0,1.0
19,mean,43,rank16,16,118272,iid,paraphrase,24,0.2520131205225136,0.9665996396667819,0.9999530981420633,0.8333333333333334,0.9166666666666666,0.8333333333333334
19,mean,43,rank16,16,118272,topic,paraphrase,96,0.256905587780026,0.9568756439457319,0.9999539309707953,0.7916666666666666,0.8958333333333334,0.7916666666666666
19,mean,43,rank16,16,118272,template,paraphrase,24,6.840929311203428,0.6715270476762418,0.9999439140634045,1.0,1.0,1.0
19,mean,43,rank16,16,118272,expression,paraphrase,24,123.75795106388689,-0.6279995608788791,0.9993441871196197,0.0,0.27777777777777773,0.0
19,mean,43,rank16,16,118272,joint,paraphrase,96,85.62450196368324,-0.6670843768328574,0.999333726293315,0.0,0.28072916666666664,0.0
19,mean,43,rank32,32,232960,dev,canonical,48,0.35469537022261566,0.9473690466970737,0.99998803871142,1.0,1.0,1.0
19,mean,43,rank32,32,232960,expression,canonical,24,83.21635323048055,-0.8637682252820473,0.9994936385825864,0.0,0.3923611111111111,0.0
19,mean,43,rank32,32,232960,iid,canonical,24,0.18578136983887758,0.9756585285858416,0.9999876527526373,1.0,1.0,1.0
19,mean,43,rank32,32,232960,joint,canonical,96,72.26381046621573,-0.8183896489825333,0.9995128242725567,0.0,0.25486111111111115,0.0
19,mean,43,rank32,32,232960,template,canonical,24,0.08674729144871636,0.9811683636104476,0.999972968715217,1.0,1.0,1.0
19,mean,43,rank32,32,232960,topic,canonical,96,0.20624862088484944,0.965850648244705,0.9999849991445505,1.0,1.0,1.0
19,mean,43,rank32,32,232960,train,canonical,168,0.16678808583528518,0.978055864025767,0.9999912710917618,1.0,1.0,1.0
19,mean,43,rank32,32,232960,iid,paraphrase,24,0.2511644311678655,0.966712120041603,0.999953670521989,0.9166666666666666,0.9583333333333334,0.9166666666666666
19,mean,43,rank32,32,232960,topic,paraphrase,96,0.2561566643064029,0.9570013587766665,0.9999544962615862,0.84375,0.921875,0.84375
19,mean,43,rank32,32,232960,template,paraphrase,24,6.840547061266513,0.6715454017272183,0.9999442467688171,1.0,1.0,1.0
19,mean,43,rank32,32,232960,expression,paraphrase,24,123.76069448314927,-0.6280356497549155,0.9993416528168367,0.0,0.28125,0.0
19,mean,43,rank32,32,232960,joint,paraphrase,96,85.62487987706686,-0.6670917346975243,0.9993322369528478,0.0,0.2798611111111111,0.0
23,last,17,identity,0,0,dev,canonical,48,2.0065031094123706,0.0,0.9051831766735532,0.0,0.4427083333333333,0.0
23,last,17,identity,0,0,expression,canonical,24,4.53529275974206,0.0,0.7868333051135075,0.0,0.3263888888888889,0.0
23,last,17,identity,0,0,iid,canonical,24,1.9858950979515846,0.0,0.9025865752928205,0.0,0.5,0.0
23,last,17,identity,0,0,joint,canonical,96,4.494649158105329,0.0,0.7925695588656697,0.0,0.28229166666666666,0.0
23,last,17,identity,0,0,template,canonical,24,1.9232457924660828,0.0,0.9072721471041291,0.0,0.4548611111111111,0.0
23,last,17,identity,0,0,topic,canonical,96,1.9018976073976759,0.0,0.906253961791854,0.0,0.47222222222222215,0.0
23,last,17,identity,0,0,train,canonical,168,1.996477105821866,0.0,0.9027382116435728,0.0,0.46279761904761907,0.0
23,last,17,identity,0,0,iid,paraphrase,24,1.6672204953516256,0.0,0.9187373813951686,0.0,0.5,0.0
23,last,17,identity,0,0,topic,paraphrase,96,1.4398348076593812,0.0,0.9297603016715174,0.0,0.5,0.0
23,last,17,identity,0,0,template,paraphrase,24,1.9034415338633035,0.0,0.9280795627540241,0.0,0.5,0.0
23,last,17,identity,0,0,expression,paraphrase,24,3.8408279135200405,0.0,0.8129718033684639,0.0,0.30069444444444443,0.0
23,last,17,identity,0,0,joint,paraphrase,96,4.22827716066438,0.0,0.8251845546868233,0.0,0.3685763888888889,0.0
23,last,17,shift,0,3584,dev,canonical,48,1.197442277587631,0.4032193262145919,0.9433285094207283,0.20833333333333334,0.595486111111111,0.20833333333333334
23,last,17,shift,0,3584,expression,canonical,24,4.057766166921846,0.10529123876170066,0.807467247052179,0.0,0.3541666666666667,0.0
23,last,17,shift,0,3584,iid,canonical,24,1.2292086554297554,0.38103041963411755,0.9392447364881225,0.041666666666666664,0.5208333333333334,0.041666666666666664
23,last,17,shift,0,3584,joint,canonical,96,3.994966263932208,0.11117283609823658,0.813200994175542,0.0,0.30190972222222223,0.0
23,last,17,shift,0,3584,template,canonical,24,1.5344724296231096,0.20214439795782335,0.9255983678198167,0.0,0.4895833333333333,0.0
23,last,17,shift,0,3584,topic,canonical,96,1.2661745173508299,0.3342572636792428,0.9373072009154423,0.11458333333333333,0.5546875,0.11458333333333333
23,last,17,shift,0,3584,train,canonical,168,1.2645718122873988,0.3665983904349218,0.9382370593583909,0.13095238095238096,0.5615079365079365,0.13095238095238096
23,last,17,shift,0,3584,iid,paraphrase,24,1.5548729041721423,0.06738616247384166,0.9252791382184832,0.0,0.5,0.0
23,last,17,shift,0,3584,topic,paraphrase,96,1.4058756196098507,0.023585475131508327,0.9322206442327873,0.0,0.5,0.0
23,last,17,shift,0,3584,template,paraphrase,24,1.7438814836862342,0.08382713487039428,0.9343817940998306,0.0,0.5,0.0
23,last,17,shift,0,3584,expression,paraphrase,24,3.7678443843644644,0.01900203049937954,0.8187217955547643,0.0,0.36597222222222214,0.0
23,last,17,shift,0,3584,joint,paraphrase,96,4.105350486511077,0.029072520433827798,0.8300708039919019,0.0,0.4239583333333334,0.0
23,last,17,lowrank,32,232960,dev,canonical,48,0.7080936090243218,0.6471006669749464,0.9658070713850163,0.9583333333333334,0.9756944444444445,0.9583333333333334
23,last,17,lowrank,32,232960,expression,canonical,24,3.781631589281315,0.1661769615295151,0.8187472381540427,0.0,0.3958333333333333,0.0
23,last,17,lowrank,32,232960,iid,canonical,24,0.7868672038636791,0.6037720196422668,0.9609796525609647,1.0,1.0,1.0
23,last,17,lowrank,32,232960,joint,canonical,96,3.739988676092061,0.1679019775442021,0.8236361810960595,0.0,0.3350694444444444,0.0
23,last,17,lowrank,32,232960,template,canonical,24,1.4266943600279791,0.25818407318671444,0.9315466631347696,0.5,0.7326388888888888,0.5
23,last,17,lowrank,32,232960,topic,canonical,96,0.8707876304843601,0.5421479962447403,0.9559825506450941,0.8645833333333334,0.9322916666666666,0.8645833333333334
23,last,17,lowrank,32,232960,train,canonical,168,0.46124267886350845,0.768971716470731,0.9767285604552205,0.9880952380952381,0.9940476190476191,0.9880952380952381
23,last,17,lowrank,32,232960,iid,paraphrase,24,1.4825465257859978,0.11076757398347548,0.9295227505816498,0.20833333333333334,0.6041666666666666,0.20833333333333334
23,last,17,lowrank,32,232960,topic,paraphrase,96,1.418558912924506,0.014776622027537822,0.9322922045607762,0.19791666666666666,0.5972222222222222,0.19791666666666666
23,last,17,lowrank,32,232960,template,paraphrase,24,1.8038517081238334,0.05232092710372793,0.9317846241760167,0.0,0.5,0.0
23,last,17,lowrank,32,232960,expression,paraphrase,24,3.838914416443233,0.0004981991174537459,0.8157403697143981,0.0,0.39375,0.0
23,last,17,lowrank,32,232960,joint,paraphrase,96,3.9542435237532305,0.06480976210842604,0.8296869780760595,0.0,0.43524305555555554,0.0
23,last,17,full_delta,0,12848640,dev,canonical,48,0.6477466126011582,0.6771763723850601,0.9687588688188679,0.9583333333333334,0.9791666666666666,0.9791666666666666
23,last,17,full_delta,0,12848640,expression,canonical,24,3.763189792070898,0.17024324747562147,0.819514039990195,0.0,0.38888888888888884,0.0
23,last,17,full_delta,0,12848640,iid,canonical,24,0.7090266669528478,0.6429687209137098,0.964867827728234,1.0,1.0,1.0
23,last,17,full_delta,0,12848640,joint,canonical,96,3.714285383319351,0.17362062028328185,0.8256336318416557,0.0,0.33940972222222215,0.0
23,last,17,full_delta,0,12848640,template,canonical,24,1.4507154254251844,0.24569421594054086,0.9306487063238754,0.6666666666666666,0.8159722222222222,0.6666666666666666
23,last,17,full_delta,0,12848640,topic,canonical,96,0.8458176764122238,0.5552769648995262,0.9572199859798864,0.875,0.9375,0.8854166666666666
23,last,17,full_delta,0,12848640,train,canonical,168,0.27976924436547285,0.8598685436714268,0.9859962517235132,0.9880952380952381,0.9940476190476191,0.9880952380952381
23,last,17,full_delta,0,12848640,iid,paraphrase,24,1.465901521851861,0.12075125879334003,0.9303779279210521,0.375,0.6875,0.375
23,last,17,full_delta,0,12848640,topic,paraphrase,96,1.419584241952346,0.014064506288714473,0.9322714581714072,0.2916666666666667,0.6440972222222222,0.2916666666666667
23,last,17,full_delta,0,12848640,template,paraphrase,24,1.8549181769984242,0.025492433574460405,0.9300110742936981,0.125,0.5625,0.125
23,last,17,full_delta,0,12848640,expression,paraphrase,24,3.8291253225446837,0.003046892815521063,0.8165480166753438,0.0,0.3958333333333333,0.0
23,last,17,full_delta,0,12848640,joint,paraphrase,96,3.955069910563877,0.06461431919415006,0.8311524876365048,0.0,0.44305555555555554,0.0
23,last,17,full_affine,0,12848640,dev,canonical,48,0.5938261539485428,0.7040492231669393,0.9713476281307417,0.9791666666666666,0.9895833333333334,1.0
23,last,17,full_affine,0,12848640,expression,canonical,24,3.527778435649259,0.22214978777910288,0.8291090623430192,0.0,0.3645833333333333,0.0
23,last,17,full_affine,0,12848640,iid,canonical,24,0.6226750700225586,0.6864511772727386,0.9691670170706118,1.0,1.0,1.0
23,last,17,full_affine,0,12848640,joint,canonical,96,3.344062070775376,0.2559904114551558,0.8383699715252032,0.0625,0.3597222222222222,0.14583333333333334
23,last,17,full_affine,0,12848640,template,canonical,24,1.7239098908049402,0.10364556753068166,0.9155922995861987,0.7916666666666666,0.8590277777777778,0.8333333333333334
23,last,17,full_affine,0,12848640,topic,canonical,96,0.9323630002984706,0.5097722418536494,0.9521624417464736,0.9583333333333334,0.9791666666666666,0.9791666666666666
23,last,17,full_affine,0,12848640,train,canonical,168,0.2527474152338571,0.8734032989925965,0.9873336586084884,1.0,1.0,1.0
23,last,17,full_affine,0,12848640,iid,paraphrase,24,1.0920030356229897,0.3450158280397816,0.9470458484988346,0.9166666666666666,0.9583333333333334,0.9166666666666666
23,last,17,full_affine,0,12848640,topic,paraphrase,96,1.2883836892014442,0.10518645448232944,0.9368254098534065,0.8645833333333334,0.9305555555555555,0.8958333333333334
23,last,17,full_affine,0,12848640,template,paraphrase,24,2.1574515799992144,-0.13344777951774622,0.9177520317642646,0.7916666666666666,0.8888888888888888,0.9583333333333334
23,last,17,full_affine,0,12848640,expression,paraphrase,24,3.3590931911364783,0.1254247087425644,0.8322861155994735,0.0,0.3625,0.0
23,last,17,full_affine,0,12848640,joint,paraphrase,96,3.3026836731144846,0.21890558550907735,0.8491608540402168,0.13541666666666666,0.4494791666666666,0.17708333333333334
23,last,17,shuffled,32,232960,dev,canonical,48,1.7514099698248387,0.12713318927387018,0.9130835395890958,0.5,0.7395833333333334,0.875
23,last,17,shuffled,32,232960,expression,canonical,24,3.4678840915130578,0.23535606735334758,0.8299433542797233,0.041666666666666664,0.37777777777777777,0.08333333333333333
23,last,17,shuffled,32,232960,iid,canonical,24,1.9704627738784672,0.007770966396480561,0.8994386096506256,0.7083333333333334,0.829861111111111,0.7916666666666666
23,last,17,shuffled,32,232960,joint,canonical,96,4.151334454686707,0.07638298148355194,0.7943739183301326,0.0,0.3263888888888889,0.0
23,last,17,shuffled,32,232960,template,canonical,24,2.326029843833203,-0.2094293162865315,0.8856923670809819,0.20833333333333334,0.5833333333333334,0.25
23,last,17,shuffled,32,232960,topic,canonical,96,1.7790686124918016,0.06458233841197081,0.9085737334437708,0.7083333333333334,0.8376736111111112,0.7708333333333334
23,last,17,shuffled,32,232960,train,canonical,168,2.049549448953544,-0.02658299610695014,0.894410521310673,0.6130952380952381,0.7797619047619048,0.7916666666666666
23,last,17,shuffled,32,232960,iid,paraphrase,24,2.482235278562895,-0.4888464276222675,0.878626443716346,0.041666666666666664,0.4791666666666667,0.041666666666666664
23,last,17,shuffled,32,232960,topic,paraphrase,96,2.201462576579756,-0.5289688545302564,0.8920303515918774,0.09375,0.5197916666666667,0.09375
23,last,17,shuffled,32,232960,template,paraphrase,24,3.2836074030037334,-0.7250897096582674,0.8714275374641574,0.041666666666666664,0.5208333333333334,0.041666666666666664
23,last,17,shuffled,32,232960,expression,paraphrase,24,3.515869265843835,0.08460640648135354,0.8242172572097871,0.0,0.3416666666666666,0.0
23,last,17,shuffled,32,232960,joint,paraphrase,96,4.509310422621174,-0.06646519404433637,0.7912539770544985,0.0,0.3880208333333333,0.0
23,last,17,random_subspace,32,118272,dev,canonical,48,1.192159954930397,0.4058519274961224,0.9435591999490911,0.20833333333333334,0.595486111111111,0.20833333333333334
23,last,17,random_subspace,32,118272,expression,canonical,24,4.055861763877801,0.1057111461734006,0.8075489154688816,0.0,0.3541666666666667,0.0
23,last,17,random_subspace,32,118272,iid,canonical,24,1.2248460850077996,0.3832271975135009,0.9394370548836193,0.08333333333333333,0.5416666666666666,0.08333333333333333
23,last,17,random_subspace,32,118272,joint,canonical,96,3.9927433886183405,0.1116673964600523,0.8132628936419185,0.0,0.30364583333333334,0.0
23,last,17,random_subspace,32,118272,template,canonical,24,1.5341941284921745,0.2022891018391605,0.9256133830896965,0.0,0.4895833333333333,0.0
23,last,17,random_subspace,32,118272,topic,canonical,96,1.2624741489465858,0.336202882828166,0.937462382065028,0.125,0.5598958333333334,0.125
23,last,17,random_subspace,32,118272,train,canonical,168,1.2559752754833973,0.3709042433690394,0.9386349656176757,0.13095238095238096,0.5615079365079365,0.13095238095238096
23,last,17,random_subspace,32,118272,iid,paraphrase,24,1.5550618985467117,0.06727280351796483,0.9252787877892271,0.0,0.5,0.0
23,last,17,random_subspace,32,118272,topic,paraphrase,96,1.4067275362544702,0.022993798475208882,0.932185548637609,0.0,0.5,0.0
23,last,17,random_subspace,32,118272,template,paraphrase,24,1.7465624137771794,0.08241867023239524,0.9342719162977917,0.0,0.5,0.0
23,last,17,random_subspace,32,118272,expression,paraphrase,24,3.7747642311866265,0.017200375497393172,0.8184215077073568,0.0,0.36597222222222214,0.0
23,last,17,random_subspace,32,118272,joint,paraphrase,96,4.1105991283998025,0.027831201170853914,0.8297852438080516,0.0,0.4239583333333334,0.0
23,last,17,rank1,1,10752,dev,canonical,48,1.013172109040928,0.49505579917209896,0.9509174839161383,0.5416666666666666,0.7673611111111112,0.5625
23,last,17,rank1,1,10752,expression,canonical,24,3.7615224785082155,0.1706108783323288,0.8200643551739887,0.0,0.3645833333333333,0.0
23,last,17,rank1,1,10752,iid,canonical,24,1.1274103304121343,0.4322910955492876,0.9440447534096306,0.25,0.625,0.25
23,last,17,rank1,1,10752,joint,canonical,96,3.8204957774756885,0.14999021212009844,0.8175902963341245,0.0,0.30781250000000004,0.0
23,last,17,rank1,1,10752,template,canonical,24,1.4798925178505613,0.23052346005501023,0.9281052475684577,0.08333333333333333,0.53125,0.08333333333333333
23,last,17,rank1,1,10752,topic,canonical,96,1.085636891740614,0.42918226117016534,0.9450525469180899,0.4479166666666667,0.7239583333333334,0.4583333333333333
23,last,17,rank1,1,10752,train,canonical,168,1.0535689696926953,0.47228597482013945,0.9471586750445166,0.47023809523809523,0.7341269841269841,0.47023809523809523
23,last,17,rank1,1,10752,iid,paraphrase,24,1.6047403273257006,0.03747564776232415,0.9234255001821191,0.0,0.5,0.0
23,last,17,rank1,1,10752,topic,paraphrase,96,1.4491594601799556,-0.006476196068445184,0.9305171634497446,0.03125,0.515625,0.03125
23,last,17,rank1,1,10752,template,paraphrase,24,1.8892730057588818,0.0074436371448008964,0.928253449427792,0.0,0.5,0.0
23,last,17,rank1,1,10752,expression,paraphrase,24,3.6436428655593525,0.051339204046757736,0.8250233846348176,0.0,0.37638888888888883,0.0
23,last,17,rank1,1,10752,joint,paraphrase,96,3.9014911700686903,0.07728584910085279,0.8286711376247281,0.0,0.43350694444444443,0.0
23,last,17,rank2,2,17920,dev,canonical,48,0.9783614468538104,0.5124047193027597,0.9527932332129047,0.6041666666666666,0.7986111111111112,0.625
23,last,17,rank2,2,17920,expression,canonical,24,3.7493702561032265,0.17329035748588184,0.8207385671958897,0.0,0.3680555555555555,0.0
23,last,17,rank2,2,17920,iid,canonical,24,1.051451151436058,0.4705404366420909,0.9478687847583572,0.375,0.6875,0.375
23,last,17,rank2,2,17920,joint,canonical,96,3.804665033220587,0.15351234336955388,0.8182133617441766,0.0,0.30954861111111115,0.0
23,last,17,rank2,2,17920,template,canonical,24,1.4024998051081605,0.27076413706341484,0.9318269628841751,0.125,0.5520833333333334,0.125
23,last,17,rank2,2,17920,topic,canonical,96,1.0365473935919225,0.4549930608461056,0.9475980507567395,0.5520833333333334,0.7760416666666666,0.5520833333333334
23,last,17,rank2,2,17920,train,canonical,168,0.9600408329129644,0.5191325609928515,0.951972574205716,0.5773809523809523,0.7876984126984128,0.5773809523809523
23,last,17,rank2,2,17920,iid,paraphrase,24,1.5669975144984747,0.06011381285953621,0.9254282447991956,0.0,0.5,0.0
23,last,17,rank2,2,17920,topic,paraphrase,96,1.4537672406602375,-0.0096764107429137,0.9304237028564538,0.03125,0.515625,0.03125
23,last,17,rank2,2,17920,template,paraphrase,24,1.8532864417172954,0.026349688841879604,0.9297006069033881,0.0,0.5,0.0
23,last,17,rank2,2,17920,expression,paraphrase,24,3.6703428479201556,0.044387582427154015,0.8240181746840274,0.0,0.37986111111111104,0.0
23,last,17,rank2,2,17920,joint,paraphrase,96,3.8905720096405525,0.07986826269703773,0.8290546773348598,0.0,0.43350694444444443,0.0
23,last,17,rank4,4,32256,dev,canonical,48,0.8954266216753121,0.5537377353292272,0.9570327957386228,0.6875,0.8402777777777778,0.7083333333333334
23,last,17,rank4,4,32256,expression,canonical,24,3.8093085187952824,0.16007439418046887,0.818097349504618,0.0,0.3854166666666667,0.0
23,last,17,rank4,4,32256,iid,canonical,24,0.9975365429890398,0.497689206233511,0.9507896540759496,0.4583333333333333,0.7291666666666666,0.4583333333333333
23,last,17,rank4,4,32256,joint,canonical,96,3.76480573285507,0.1623805105976095,0.8207332232951812,0.0,0.31753472222222223,0.0
23,last,17,rank4,4,32256,template,canonical,24,1.4009750131829757,0.2715569592451442,0.932553794459121,0.20833333333333334,0.59375,0.20833333333333334
23,last,17,rank4,4,32256,topic,canonical,96,1.0228202958987982,0.46221064061471717,0.9482822054292922,0.6354166666666666,0.8177083333333334,0.6354166666666666
23,last,17,rank4,4,32256,train,canonical,168,0.8443168347857609,0.5770966607512431,0.9576489010551587,0.7797619047619048,0.8898809523809523,0.7797619047619048
23,last,17,rank4,4,32256,iid,paraphrase,24,1.5410739779019356,0.07566276794305193,0.9270129202922796,0.041666666666666664,0.5208333333333334,0.041666666666666664
23,last,17,rank4,4,32256,topic,paraphrase,96,1.4771689403791282,-0.02592945560222848,0.9293457291278244,0.041666666666666664,0.5190972222222222,0.041666666666666664
23,last,17,rank4,4,32256,template,paraphrase,24,1.7679945059379634,0.07115901671559688,0.9329824772699798,0.0,0.5,0.0
23,last,17,rank4,4,32256,expression,paraphrase,24,3.7551412149235923,0.022309434456780464,0.8201877882211913,0.0,0.37986111111111115,0.0
23,last,17,rank4,4,32256,joint,paraphrase,96,3.886200903134791,0.08090204225775943,0.8300628857357912,0.0,0.4473958333333334,0.0
23,last,17,rank8,8,60928,dev,canonical,48,0.8181596772145427,0.5922459958439084,0.9604718964015353,0.8541666666666666,0.9236111111111112,0.8541666666666666
23,last,17,rank8,8,60928,expression,canonical,24,3.7980577142801324,0.16255511706015136,0.8177856605344372,0.0,0.3923611111111111,0.0
23,last,17,rank8,8,60928,iid,canonical,24,0.9213005431745224,0.5360779408112606,0.9542365877059776,0.7916666666666666,0.8958333333333334,0.7916666666666666
23,last,17,rank8,8,60928,joint,canonical,96,3.749329848744773,0.16582369015755105,0.822083609270702,0.0,0.3307291666666667,0.0
23,last,17,rank8,8,60928,template,canonical,24,1.4049134007843618,0.26950917751240167,0.9324298288662985,0.2916666666666667,0.6354166666666666,0.2916666666666667
23,last,17,rank8,8,60928,topic,canonical,96,0.9332657329098778,0.5092975934772617,0.9529474625369474,0.6979166666666666,0.8489583333333334,0.7083333333333334
23,last,17,rank8,8,60928,train,canonical,168,0.7170657007594647,0.6408344985933215,0.9639299933656152,0.9047619047619048,0.9523809523809523,0.9047619047619048
23,last,17,rank8,8,60928,iid,paraphrase,24,1.5523829456856468,0.06887964128689472,0.9264657415621634,0.041666666666666664,0.5208333333333334,0.041666666666666664
23,last,17,rank8,8,60928,topic,paraphrase,96,1.447037257803748,-0.005002275334679007,0.9311581251102611,0.09375,0.545138888888889,0.09375
23,last,17,rank8,8,60928,template,paraphrase,24,1.7448058655844774,0.08334149773271604,0.9340549699376113,0.0,0.5,0.0
23,last,17,rank8,8,60928,expression,paraphrase,24,3.785127756793901,0.01450212245387772,0.8187685859774749,0.0,0.3902777777777778,0.0
23,last,17,rank8,8,60928,joint,paraphrase,96,3.9249913875795244,0.07172797845569823,0.8304929693234544,0.0,0.4473958333333334,0.0
23,last,17,rank16,16,118272,dev,canonical,48,0.746159632086087,0.6281293417458949,0.9639753860054631,0.9166666666666666,0.9548611111111112,0.9166666666666666
23,last,17,rank16,16,118272,expression,canonical,24,3.789348074095566,0.16447553116481028,0.8182083632115615,0.0,0.3958333333333333,0.0
23,last,17,rank16,16,118272,iid,canonical,24,0.8289242481953919,0.5825941415282144,0.9588701551275629,0.9166666666666666,0.9583333333333334,0.9166666666666666
23,last,17,rank16,16,118272,joint,canonical,96,3.735234191587546,0.16895978747269025,0.8230750035816184,0.0,0.33402777777777776,0.0
23,last,17,rank16,16,118272,template,canonical,24,1.4051103545272452,0.26940677055867013,0.9325063953049684,0.4583333333333333,0.7118055555555555,0.4583333333333333
23,last,17,rank16,16,118272,topic,canonical,96,0.8917727886144787,0.5311141960819481,0.9548981767255653,0.7708333333333334,0.8854166666666666,0.7708333333333334
23,last,17,rank16,16,118272,train,canonical,168,0.5869390607358922,0.7060126264286541,0.9704657658964625,0.9583333333333334,0.9791666666666666,0.9583333333333334
23,last,17,rank16,16,118272,iid,paraphrase,24,1.515654362743133,0.09090947060156351,0.9279197880876907,0.16666666666666666,0.5833333333333334,0.16666666666666666
23,last,17,rank16,16,118272,topic,paraphrase,96,1.4378937069667448,0.0013481412466975762,0.9313556340401018,0.17708333333333334,0.5868055555555556,0.17708333333333334
23,last,17,rank16,16,118272,template,paraphrase,24,1.7763157044997648,0.06678735705925198,0.93287899546067,0.0,0.5,0.0
23,last,17,rank16,16,118272,expression,paraphrase,24,3.8334825672982906,0.0019124382521522598,0.816067325648118,0.0,0.3972222222222222,0.0
23,last,17,rank16,16,118272,joint,paraphrase,96,3.944390265744931,0.06714008664343152,0.8303026976411765,0.0,0.43472222222222223,0.0
23,last,17,rank32,32,232960,dev,canonical,48,0.7080936090243218,0.6471006669749464,0.9658070713850163,0.9583333333333334,0.9756944444444445,0.9583333333333334
23,last,17,rank32,32,232960,expression,canonical,24,3.781631589281315,0.1661769615295151,0.8187472381540427,0.0,0.3958333333333333,0.0
23,last,17,rank32,32,232960,iid,canonical,24,0.7868672038636791,0.6037720196422668,0.9609796525609647,1.0,1.0,1.0
23,last,17,rank32,32,232960,joint,canonical,96,3.739988676092061,0.1679019775442021,0.8236361810960595,0.0,0.3350694444444444,0.0
23,last,17,rank32,32,232960,template,canonical,24,1.4266943600279791,0.25818407318671444,0.9315466631347696,0.5,0.7326388888888888,0.5
23,last,17,rank32,32,232960,topic,canonical,96,0.8707876304843601,0.5421479962447403,0.9559825506450941,0.8645833333333334,0.9322916666666666,0.8645833333333334
23,last,17,rank32,32,232960,train,canonical,168,0.46124267886350845,0.768971716470731,0.9767285604552205,0.9880952380952381,0.9940476190476191,0.9880952380952381
23,last,17,rank32,32,232960,iid,paraphrase,24,1.4825465257859978,0.11076757398347548,0.9295227505816498,0.20833333333333334,0.6041666666666666,0.20833333333333334
23,last,17,rank32,32,232960,topic,paraphrase,96,1.418558912924506,0.014776622027537822,0.9322922045607762,0.19791666666666666,0.5972222222222222,0.19791666666666666
23,last,17,rank32,32,232960,template,paraphrase,24,1.8038517081238334,0.05232092710372793,0.9317846241760167,0.0,0.5,0.0
23,last,17,rank32,32,232960,expression,paraphrase,24,3.838914416443233,0.0004981991174537459,0.8157403697143981,0.0,0.39375,0.0
23,last,17,rank32,32,232960,joint,paraphrase,96,3.9542435237532305,0.06480976210842604,0.8296869780760595,0.0,0.43524305555555554,0.0
23,last,29,identity,0,0,dev,canonical,48,2.0065031094123706,0.0,0.9051831766735532,0.0,0.4427083333333333,0.0
23,last,29,identity,0,0,expression,canonical,24,4.53529275974206,0.0,0.7868333051135075,0.0,0.3263888888888889,0.0
23,last,29,identity,0,0,iid,canonical,24,1.9858950979515846,0.0,0.9025865752928205,0.0,0.5,0.0
23,last,29,identity,0,0,joint,canonical,96,4.494649158105329,0.0,0.7925695588656697,0.0,0.28229166666666666,0.0
23,last,29,identity,0,0,template,canonical,24,1.9232457924660828,0.0,0.9072721471041291,0.0,0.4548611111111111,0.0
23,last,29,identity,0,0,topic,canonical,96,1.9018976073976759,0.0,0.906253961791854,0.0,0.47222222222222215,0.0
23,last,29,identity,0,0,train,canonical,168,1.996477105821866,0.0,0.9027382116435728,0.0,0.46279761904761907,0.0
23,last,29,identity,0,0,iid,paraphrase,24,1.6672204953516256,0.0,0.9187373813951686,0.0,0.5,0.0
23,last,29,identity,0,0,topic,paraphrase,96,1.4398348076593812,0.0,0.9297603016715174,0.0,0.5,0.0
23,last,29,identity,0,0,template,paraphrase,24,1.9034415338633035,0.0,0.9280795627540241,0.0,0.5,0.0
23,last,29,identity,0,0,expression,paraphrase,24,3.8408279135200405,0.0,0.8129718033684639,0.0,0.30069444444444443,0.0
23,last,29,identity,0,0,joint,paraphrase,96,4.22827716066438,0.0,0.8251845546868233,0.0,0.3685763888888889,0.0
23,last,29,shift,0,3584,dev,canonical,48,1.2015328275750825,0.40118067999059004,0.942986626404342,0.25,0.6128472222222222,0.25
23,last,29,shift,0,3584,expression,canonical,24,4.0621960537737785,0.10431448001940846,0.8069353444850343,0.0,0.3611111111111111,0.0
23,last,29,shift,0,3584,iid,canonical,24,1.242802037232601,0.3741854549545295,0.938468650145154,0.08333333333333333,0.5416666666666666,0.08333333333333333
23,last,29,shift,0,3584,joint,canonical,96,3.987739748239869,0.11278064027563428,0.8130800825078218,0.0,0.30277777777777776,0.0
23,last,29,shift,0,3584,template,canonical,24,1.5556280791263368,0.1911444261465759,0.924444137509593,0.0,0.4895833333333333,0.0
23,last,29,shift,0,3584,topic,canonical,96,1.2696648839957596,0.3324220614941443,0.9369347783609827,0.14583333333333334,0.5703125,0.14583333333333334
23,last,29,shift,0,3584,train,canonical,168,1.2656468085148593,0.3660599438760679,0.9380050000228796,0.14285714285714285,0.5674603174603174,0.14285714285714285
23,last,29,shift,0,3584,iid,paraphrase,24,1.5929620999784901,0.04454023662747386,0.9235067447400821,0.0,0.5,0.0
23,last,29,shift,0,3584,topic,paraphrase,96,1.4360794052352006,0.0026082175567664345,0.9307762394399939,0.0,0.5,0.0
23,last,29,shift,0,3584,template,paraphrase,24,1.7734666035273694,0.06828417265442954,0.9331681552199411,0.0,0.5,0.0
23,last,29,shift,0,3584,expression,paraphrase,24,3.7983787025656777,0.01105209915938643,0.8172217391186342,0.0,0.36944444444444446,0.0
23,last,29,shift,0,3584,joint,paraphrase,96,4.108190141606234,0.02840093364155838,0.8293071772317928,0.0,0.4230902777777777,0.0
23,last,29,lowrank,32,232960,dev,canonical,48,0.7235573818629167,0.6393938397260598,0.964970898750181,0.9583333333333334,0.9791666666666666,0.9791666666666666
23,last,29,lowrank,32,232960,expression,canonical,24,3.8416696112891286,0.15293900200003407,0.8165640133743574,0.0,0.38888888888888884,0.0
23,last,29,lowrank,32,232960,iid,canonical,24,0.7947833062133061,0.5997858562453219,0.9605023500192128,1.0,1.0,1.0
23,last,29,lowrank,32,232960,joint,canonical,96,3.7609188000225067,0.16324530175167629,0.8206477602497825,0.0,0.3371527777777778,0.0
23,last,29,lowrank,32,232960,template,canonical,24,1.519976437714136,0.20968165188852672,0.9265848872535787,0.4166666666666667,0.6979166666666666,0.4166666666666667
23,last,29,lowrank,32,232960,topic,canonical,96,0.8652545326605156,0.5450572474064868,0.9562946625948329,0.8958333333333334,0.9479166666666666,0.90625
23,last,29,lowrank,32,232960,train,canonical,168,0.46712083750374395,0.76602745098274,0.9765090711820308,0.9940476190476191,0.9970238095238095,0.9940476190476191
23,last,29,lowrank,32,232960,iid,paraphrase,24,1.620911047266138,0.0277764388181424,0.9236719600804572,0.2916666666666667,0.6458333333333334,0.2916666666666667
23,last,29,lowrank,32,232960,topic,paraphrase,96,1.5313548689612182,-0.06356288986415981,0.9276564248396344,0.28125,0.638888888888889,0.28125
23,last,29,lowrank,32,232960,template,paraphrase,24,1.821206782020224,0.04320319294292818,0.9309521071661493,0.08333333333333333,0.5416666666666666,0.08333333333333333
23,last,29,lowrank,32,232960,expression,paraphrase,24,3.8879777391831496,-0.012275953707047815,0.8161690903365376,0.0,0.3993055555555555,0.0
23,last,29,lowrank,32,232960,joint,paraphrase,96,4.032458014918749,0.04631180462041007,0.8251960522645622,0.0,0.4447916666666667,0.0
23,last,29,full_delta,0,12848640,dev,canonical,48,0.6548965563727055,0.6736129870416696,0.9683196179520391,0.9583333333333334,0.9791666666666666,0.9791666666666666
23,last,29,full_delta,0,12848640,expression,canonical,24,3.833981734827791,0.15463412442511315,0.8169777171804901,0.0,0.38888888888888884,0.0
23,last,29,full_delta,0,12848640,iid,canonical,24,0.7299383831096055,0.6324385996709877,0.9638007325274961,1.0,1.0,1.0
23,last,29,full_delta,0,12848640,joint,canonical,96,3.742553429730144,0.1673313537762806,0.8221900869807364,0.0,0.3359375,0.0
23,last,29,full_delta,0,12848640,template,canonical,24,1.5478801397304947,0.195173000874878,0.9254656257038644,0.625,0.8020833333333334,0.625
23,last,29,full_delta,0,12848640,topic,canonical,96,0.8332289604615909,0.5618959941793715,0.9579582598090916,0.9166666666666666,0.9583333333333334,0.9270833333333334
23,last,29,full_delta,0,12848640,train,canonical,168,0.2860847030306652,0.8567052423509278,0.9858046112115559,1.0,1.0,1.0
23,last,29,full_delta,0,12848640,iid,paraphrase,24,1.57434089828283,0.05570924621413487,0.9255075016369544,0.375,0.6875,0.375
23,last,29,full_delta,0,12848640,topic,paraphrase,96,1.5212457381685658,-0.056541854715630446,0.9278045010767401,0.3541666666666667,0.6753472222222223,0.3541666666666667
23,last,29,full_delta,0,12848640,template,paraphrase,24,1.8699983276086558,0.017569862619720156,0.929150758833332,0.08333333333333333,0.5416666666666666,0.08333333333333333
23,last,29,full_delta,0,12848640,expression,paraphrase,24,3.8573350453492043,-0.0042978056296292255,0.8170301471355979,0.0,0.3854166666666667,0.0
23,last,29,full_delta,0,12848640,joint,paraphrase,96,4.026563012104116,0.0477059901457757,0.8264179334517147,0.0,0.44305555555555554,0.0
23,last,29,full_affine,0,12848640,dev,canonical,48,0.6072535161268711,0.697357301228049,0.9705172389597437,0.9791666666666666,0.9895833333333334,1.0
23,last,29,full_affine,0,12848640,expression,canonical,24,3.589227720843205,0.20860065469128863,0.8267745888661668,0.0,0.3854166666666667,0.0
23,last,29,full_affine,0,12848640,iid,canonical,24,0.6418788846750259,0.6767810720026891,0.968104588300177,1.0,1.0,1.0
23,last,29,full_affine,0,12848640,joint,canonical,96,3.3291300934011985,0.2593125789589865,0.8373455361397498,0.041666666666666664,0.35746527777777776,0.16666666666666666
23,last,29,full_affine,0,12848640,template,canonical,24,1.824577541431049,0.05130298551622803,0.9103645383494766,0.7916666666666666,0.8534722222222223,0.8333333333333334
23,last,29,full_affine,0,12848640,topic,canonical,96,0.9166351012130303,0.518041824308701,0.9531357899049517,0.9791666666666666,0.9895833333333334,0.9895833333333334
23,last,29,full_affine,0,12848640,train,canonical,168,0.25996630685569433,0.8697874841150872,0.9870583404489471,1.0,1.0,1.0
23,last,29,full_affine,0,12848640,iid,paraphrase,24,1.1585039517457563,0.30512853280308216,0.9431814982216927,0.875,0.9305555555555557,0.875
23,last,29,full_affine,0,12848640,topic,paraphrase,96,1.3611161876691433,0.05467198012680641,0.9330763802656025,0.8854166666666666,0.9427083333333334,0.90625
23,last,29,full_affine,0,12848640,template,paraphrase,24,2.229839569187575,-0.17147783607611022,0.9151472210798844,0.9166666666666666,0.9513888888888888,0.9583333333333334
23,last,29,full_affine,0,12848640,expression,paraphrase,24,3.373547751552982,0.12166131169849936,0.8324819457353749,0.0,0.3659722222222222,0.0
23,last,29,full_affine,0,12848640,joint,paraphrase,96,3.3652288791995253,0.20411346008577302,0.8447470024782181,0.09375,0.43385416666666665,0.14583333333333334
23,last,29,shuffled,32,232960,dev,canonical,48,1.8119274941213044,0.09697249626891935,0.9095949685707007,0.5,0.7239583333333334,0.8541666666666666
23,last,29,shuffled,32,232960,expression,canonical,24,3.497332412930696,0.22886292060898772,0.8294088725023906,0.0,0.3131944444444444,0.041666666666666664
23,last,29,shuffled,32,232960,iid,canonical,24,2.26423361266076,-0.14015771275948885,0.8836846673825413,0.6666666666666666,0.7916666666666666,0.7916666666666666
23,last,29,shuffled,32,232960,joint,canonical,96,4.255080707870522,0.05330081210071458,0.7967414046937558,0.0,0.32552083333333337,0.0
23,last,29,shuffled,32,232960,template,canonical,24,2.472040939999498,-0.2853484196784448,0.8793986996918702,0.25,0.5833333333333334,0.25
23,last,29,shuffled,32,232960,topic,canonical,96,1.7978187295329249,0.054723701980549766,0.9073544472804974,0.7395833333333334,0.8472222222222222,0.78125
23,last,29,shuffled,32,232960,train,canonical,168,2.0851434969057214,-0.044411423915304615,0.8924886496282769,0.6071428571428571,0.7708333333333334,0.7678571428571429
23,last,29,shuffled,32,232960,iid,paraphrase,24,2.519387828928258,-0.5111305528888102,0.8757639048802536,0.041666666666666664,0.4861111111111111,0.041666666666666664
23,last,29,shuffled,32,232960,topic,paraphrase,96,2.347506179180162,-0.6303996588305196,0.8850181642022664,0.07291666666666667,0.4973958333333333,0.07291666666666667
23,last,29,shuffled,32,232960,template,paraphrase,24,3.8042529080081304,-0.9986182082970847,0.8500912426968115,0.041666666666666664,0.4930555555555555,0.041666666666666664
23,last,29,shuffled,32,232960,expression,paraphrase,24,3.563882507216929,0.07210565340046615,0.8226446340856958,0.0,0.32708333333333334,0.0
23,last,29,shuffled,32,232960,joint,paraphrase,96,4.6722922987116,-0.10501088769153744,0.7893928252528717,0.0,0.39670138888888884,0.0
23,last,29,random_subspace,32,118272,dev,canonical,48,1.19588102916384,0.40399742041064235,0.943218296883265,0.25,0.6128472222222222,0.25
23,last,29,random_subspace,32,118272,expression,canonical,24,4.0592394311431885,0.10496639441330047,0.8070538878803538,0.0,0.3611111111111111,0.0
23,last,29,random_subspace,32,118272,iid,canonical,24,1.2390221470219092,0.3760888234731339,0.93865115325781,0.08333333333333333,0.5416666666666666,0.08333333333333333
23,last,29,random_subspace,32,118272,joint,canonical,96,3.980392513384848,0.11441530287032686,0.8134264965837114,0.0,0.30277777777777776,0.0
23,last,29,random_subspace,32,118272,template,canonical,24,1.554832518278861,0.19155808146332864,0.9244860188907041,0.0,0.4895833333333333,0.0
23,last,29,random_subspace,32,118272,topic,canonical,96,1.2652628038851073,0.3347366341049568,0.9371353185592778,0.16666666666666666,0.5807291666666666,0.16666666666666666
23,last,29,random_subspace,32,118272,train,canonical,168,1.2564200233876863,0.3706814770257679,0.9384401536927434,0.14285714285714285,0.5684523809523809,0.14285714285714285
23,last,29,random_subspace,32,118272,iid,paraphrase,24,1.5917763339472142,0.04525145990872659,0.9235641725620738,0.0,0.5,0.0
23,last,29,random_subspace,32,118272,topic,paraphrase,96,1.4352951466756434,0.0031529040412056064,0.9308194385931382,0.0,0.5,0.0
23,last,29,random_subspace,32,118272,template,paraphrase,24,1.7769658421464178,0.06644579802784134,0.9330276390359445,0.0,0.5,0.0
23,last,29,random_subspace,32,118272,expression,paraphrase,24,3.8011304570780147,0.010335650889821801,0.8170795947626851,0.0,0.36944444444444446,0.0
23,last,29,random_subspace,32,118272,joint,paraphrase,96,4.10765735865026,0.028526938379594524,0.8292500633909027,0.0,0.42482638888888885,0.0
23,last,29,rank1,1,10752,dev,canonical,48,1.0116958795640143,0.49579152166860985,0.9510962668556795,0.5416666666666666,0.7673611111111112,0.5625
23,last,29,rank1,1,10752,expression,canonical,24,3.7448605430548647,0.17428471734030904,0.8210639192337866,0.0,0.3854166666666667,0.0
23,last,29,rank1,1,10752,iid,canonical,24,1.1335941751263066,0.42917721268581166,0.9437306423396317,0.2916666666666667,0.6458333333333334,0.2916666666666667
23,last,29,rank1,1,10752,joint,canonical,96,3.8145203843514612,0.15131965807105807,0.8174103796894316,0.0,0.31388888888888894,0.0
23,last,29,rank1,1,10752,template,canonical,24,1.5082318716263348,0.21578829001757305,0.9269090724377884,0.125,0.5520833333333334,0.125
23,last,29,rank1,1,10752,topic,canonical,96,1.084451213801672,0.4298056795573225,0.9449924997535337,0.4895833333333333,0.7447916666666666,0.5
23,last,29,rank1,1,10752,train,canonical,168,1.0461404426908738,0.47600679234424703,0.947445566256065,0.5119047619047619,0.7559523809523809,0.5119047619047619
23,last,29,rank1,1,10752,iid,paraphrase,24,1.677600103513674,-0.006225696115773394,0.9206873216690411,0.041666666666666664,0.5208333333333334,0.041666666666666664
23,last,29,rank1,1,10752,topic,paraphrase,96,1.5187543510471808,-0.05481152627230368,0.9278202209312773,0.041666666666666664,0.5208333333333334,0.041666666666666664
23,last,29,rank1,1,10752,template,paraphrase,24,1.8675087910140629,0.018877775970512767,0.9293118106890037,0.0,0.5,0.0
23,last,29,rank1,1,10752,expression,paraphrase,24,3.6464932789293667,0.050597068904493,0.8270364889690658,0.0,0.37847222222222215,0.0
23,last,29,rank1,1,10752,joint,paraphrase,96,3.9017094871230893,0.07723421647458362,0.8296135041201746,0.0,0.4335069444444444,0.0
23,last,29,rank2,2,17920,dev,canonical,48,0.9858846414678437,0.5086553133941705,0.9524576668687771,0.5625,0.7777777777777778,0.5833333333333334
23,last,29,rank2,2,17920,expression,canonical,24,3.7313306321626194,0.177267967068385,0.8216761475664981,0.0,0.3923611111111111,0.0
23,last,29,rank2,2,17920,iid,canonical,24,1.066546712373615,0.46293904775043815,0.94741818794214,0.3333333333333333,0.6666666666666666,0.3333333333333333
23,last,29,rank2,2,17920,joint,canonical,96,3.7735736162244424,0.16042977249526813,0.8190228036473943,0.0,0.31041666666666673,0.0
23,last,29,rank2,2,17920,template,canonical,24,1.440258641757022,0.2511312660092969,0.9305875399936854,0.125,0.5520833333333334,0.125
23,last,29,rank2,2,17920,topic,canonical,96,1.0348563274500726,0.45588220763049203,0.9475046320881262,0.6145833333333334,0.8072916666666666,0.6145833333333334
23,last,29,rank2,2,17920,train,canonical,168,0.9463911190116845,0.525969460780721,0.9527252685546828,0.6666666666666666,0.8333333333333334,0.6666666666666666
23,last,29,rank2,2,17920,iid,paraphrase,24,1.6364857228089658,0.01843473771366866,0.9232342189389412,0.041666666666666664,0.5208333333333334,0.041666666666666664
23,last,29,rank2,2,17920,topic,paraphrase,96,1.5289561121472344,-0.06189689540339027,0.9275950631258573,0.041666666666666664,0.5208333333333334,0.041666666666666664
23,last,29,rank2,2,17920,template,paraphrase,24,1.8267721704826905,0.0402793371987642,0.9309589402210393,0.0,0.5,0.0
23,last,29,rank2,2,17920,expression,paraphrase,24,3.6685073048654075,0.044865485393930205,0.8263374545824297,0.0,0.37638888888888883,0.0
23,last,29,rank2,2,17920,joint,paraphrase,96,3.8937466746859797,0.0791174450649863,0.8298227204154042,0.0,0.44045138888888885,0.0
23,last,29,rank4,4,32256,dev,canonical,48,0.8915356708454828,0.555676905426486,0.9570244945858878,0.8125,0.9027777777777778,0.8125
23,last,29,rank4,4,32256,expression,canonical,24,3.80214417697983,0.1616540809162509,0.8193437317186144,0.0,0.3923611111111111,0.0
23,last,29,rank4,4,32256,iid,canonical,24,0.9870230929071941,0.5029832673813985,0.9513702766941737,0.6666666666666666,0.8333333333333334,0.6666666666666666
23,last,29,rank4,4,32256,joint,canonical,96,3.756136810810513,0.16430923111385354,0.8195395629391166,0.0,0.31614583333333335,0.0
23,last,29,rank4,4,32256,template,canonical,24,1.4546552894227271,0.2436456665492065,0.9300218300369435,0.20833333333333334,0.59375,0.20833333333333334
23,last,29,rank4,4,32256,topic,canonical,96,0.9867863493324537,0.48115695319547125,0.95016313211543,0.6770833333333334,0.8385416666666666,0.6770833333333334
23,last,29,rank4,4,32256,train,canonical,168,0.8551791707619338,0.5716559091671165,0.9573009573109624,0.8154761904761905,0.9077380952380952,0.8154761904761905
23,last,29,rank4,4,32256,iid,paraphrase,24,1.6084425649960288,0.03525504306087612,0.925137071240414,0.08333333333333333,0.5416666666666666,0.08333333333333333
23,last,29,rank4,4,32256,topic,paraphrase,96,1.499414596560473,-0.04137960034314325,0.9293923293297235,0.052083333333333336,0.5243055555555556,0.052083333333333336
23,last,29,rank4,4,32256,template,paraphrase,24,1.8311556723658222,0.037976402327822956,0.930892575790622,0.0,0.5,0.0
23,last,29,rank4,4,32256,expression,paraphrase,24,3.784570226114035,0.01464728143845595,0.8225847807684342,0.0,0.37847222222222215,0.0
23,last,29,rank4,4,32256,joint,paraphrase,96,3.9361397121584747,0.06909136686299966,0.8285357985044485,0.0,0.4387152777777778,0.0
23,last,29,rank8,8,60928,dev,canonical,48,0.8174706605320158,0.5925893876280002,0.960367928303118,0.8333333333333334,0.9131944444444445,0.8333333333333334
23,last,29,rank8,8,60928,expression,canonical,24,3.829091720822205,0.1557123379528026,0.8174811398575844,0.0,0.3958333333333333,0.0
23,last,29,rank8,8,60928,iid,canonical,24,0.926327003002449,0.5335468605779133,0.9539782688832426,0.875,0.9375,0.875
23,last,29,rank8,8,60928,joint,canonical,96,3.816205266470743,0.15094479408056327,0.8167507809519767,0.0,0.32430555555555557,0.0
23,last,29,rank8,8,60928,template,canonical,24,1.4906009117393781,0.22495558415960215,0.9282727075790037,0.2916666666666667,0.6354166666666666,0.2916666666666667
23,last,29,rank8,8,60928,topic,canonical,96,0.9318883917012042,0.5100217866216855,0.9530506928342398,0.75,0.875,0.7604166666666666
23,last,29,rank8,8,60928,train,canonical,168,0.7255977596200838,0.6365609415183424,0.9637292622135841,0.9107142857142857,0.9553571428571429,0.9107142857142857
23,last,29,rank8,8,60928,iid,paraphrase,24,1.6547710505712636,0.007467185543287402,0.9222631796808255,0.08333333333333333,0.5416666666666666,0.08333333333333333
23,last,29,rank8,8,60928,topic,paraphrase,96,1.5371948113095228,-0.0676188706733738,0.9273960767612058,0.13541666666666666,0.5659722222222222,0.13541666666666666
23,last,29,rank8,8,60928,template,paraphrase,24,1.837513176187965,0.034636397547513575,0.9306806926899177,0.041666666666666664,0.5208333333333334,0.041666666666666664
23,last,29,rank8,8,60928,expression,paraphrase,24,3.8558713807288822,-0.0039167251299876416,0.8188438700578408,0.0,0.3854166666666667,0.0
23,last,29,rank8,8,60928,joint,paraphrase,96,4.092995914701134,0.03199441304883377,0.8226776233012867,0.0,0.44097222222222215,0.0
23,last,29,rank16,16,118272,dev,canonical,48,0.760278837043915,0.6210926195541395,0.9631402978596336,0.9166666666666666,0.9548611111111112,0.9166666666666666
23,last,29,rank16,16,118272,expression,canonical,24,3.823772381252102,0.1568852147331774,0.8174237361582092,0.0,0.3958333333333333,0.0
23,last,29,rank16,16,118272,iid,canonical,24,0.8441972000446206,0.5749034272175831,0.9580252696857112,0.9583333333333334,0.9791666666666666,0.9583333333333334
23,last,29,rank16,16,118272,joint,canonical,96,3.7478279777402173,0.16615783659517624,0.8210984335397157,0.0,0.3307291666666667,0.0
23,last,29,rank16,16,118272,template,canonical,24,1.4991135156970028,0.22052941877243692,0.9276280717168023,0.3333333333333333,0.65625,0.3333333333333333
23,last,29,rank16,16,118272,topic,canonical,96,0.8927397047478949,0.5306058006091028,0.9549825549860458,0.84375,0.921875,0.8541666666666666
23,last,29,rank16,16,118272,train,canonical,168,0.5947104121954057,0.7021200942093506,0.9701608102907071,0.9702380952380952,0.9851190476190477,0.9702380952380952
23,last,29,rank16,16,118272,iid,paraphrase,24,1.616210522828057,0.0305958166096143,0.9236951991059086,0.16666666666666666,0.5833333333333334,0.16666666666666666
23,last,29,rank16,16,118272,topic,paraphrase,96,1.5163469579167341,-0.05313953368145907,0.9283674441023111,0.17708333333333334,0.5868055555555556,0.17708333333333334
23,last,29,rank16,16,118272,template,paraphrase,24,1.766038574571244,0.07218659299357666,0.9330856774703243,0.041666666666666664,0.5208333333333334,0.041666666666666664
23,last,29,rank16,16,118272,expression,paraphrase,24,3.8717754606879304,-0.008057519853714945,0.8164572767427493,0.0,0.3854166666666667,0.0
23,last,29,rank16,16,118272,joint,paraphrase,96,4.013095791813387,0.05089102740303375,0.8254073434218535,0.0,0.44097222222222215,0.0
23,last,29,rank32,32,232960,dev,canonical,48,0.7235573818629167,0.6393938397260598,0.964970898750181,0.9583333333333334,0.9791666666666666,0.9791666666666666
23,last,29,rank32,32,232960,expression,canonical,24,3.8416696112891286,0.15293900200003407,0.8165640133743574,0.0,0.38888888888888884,0.0
23,last,29,rank32,32,232960,iid,canonical,24,0.7947833062133061,0.5997858562453219,0.9605023500192128,1.0,1.0,1.0
23,last,29,rank32,32,232960,joint,canonical,96,3.7609188000225067,0.16324530175167629,0.8206477602497825,0.0,0.3371527777777778,0.0
23,last,29,rank32,32,232960,template,canonical,24,1.519976437714136,0.20968165188852672,0.9265848872535787,0.4166666666666667,0.6979166666666666,0.4166666666666667
23,last,29,rank32,32,232960,topic,canonical,96,0.8652545326605156,0.5450572474064868,0.9562946625948329,0.8958333333333334,0.9479166666666666,0.90625
23,last,29,rank32,32,232960,train,canonical,168,0.46712083750374395,0.76602745098274,0.9765090711820308,0.9940476190476191,0.9970238095238095,0.9940476190476191
23,last,29,rank32,32,232960,iid,paraphrase,24,1.620911047266138,0.0277764388181424,0.9236719600804572,0.2916666666666667,0.6458333333333334,0.2916666666666667
23,last,29,rank32,32,232960,topic,paraphrase,96,1.5313548689612182,-0.06356288986415981,0.9276564248396344,0.28125,0.638888888888889,0.28125
23,last,29,rank32,32,232960,template,paraphrase,24,1.821206782020224,0.04320319294292818,0.9309521071661493,0.08333333333333333,0.5416666666666666,0.08333333333333333
23,last,29,rank32,32,232960,expression,paraphrase,24,3.8879777391831496,-0.012275953707047815,0.8161690903365376,0.0,0.3993055555555555,0.0
23,last,29,rank32,32,232960,joint,paraphrase,96,4.032458014918749,0.04631180462041007,0.8251960522645622,0.0,0.4447916666666667,0.0
23,last,43,identity,0,0,dev,canonical,48,2.0065031094123706,0.0,0.9051831766735532,0.0,0.4427083333333333,0.0
23,last,43,identity,0,0,expression,canonical,24,4.53529275974206,0.0,0.7868333051135075,0.0,0.3263888888888889,0.0
23,last,43,identity,0,0,iid,canonical,24,1.9858950979515846,0.0,0.9025865752928205,0.0,0.5,0.0
23,last,43,identity,0,0,joint,canonical,96,4.494649158105329,0.0,0.7925695588656697,0.0,0.28229166666666666,0.0
23,last,43,identity,0,0,template,canonical,24,1.9232457924660828,0.0,0.9072721471041291,0.0,0.4548611111111111,0.0
23,last,43,identity,0,0,topic,canonical,96,1.9018976073976759,0.0,0.906253961791854,0.0,0.47222222222222215,0.0
23,last,43,identity,0,0,train,canonical,168,1.996477105821866,0.0,0.9027382116435728,0.0,0.46279761904761907,0.0
23,last,43,identity,0,0,iid,paraphrase,24,1.6672204953516256,0.0,0.9187373813951686,0.0,0.5,0.0
23,last,43,identity,0,0,topic,paraphrase,96,1.4398348076593812,0.0,0.9297603016715174,0.0,0.5,0.0
23,last,43,identity,0,0,template,paraphrase,24,1.9034415338633035,0.0,0.9280795627540241,0.0,0.5,0.0
23,last,43,identity,0,0,expression,paraphrase,24,3.8408279135200405,0.0,0.8129718033684639,0.0,0.30069444444444443,0.0
23,last,43,identity,0,0,joint,paraphrase,96,4.22827716066438,0.0,0.8251845546868233,0.0,0.3685763888888889,0.0
23,last,43,shift,0,3584,dev,canonical,48,1.2162422417345837,0.3938498096368386,0.941913505873973,0.22916666666666666,0.6024305555555555,0.22916666666666666
23,last,43,shift,0,3584,expression,canonical,24,4.083754036154615,0.09956109726709794,0.8052691872239214,0.0,0.3611111111111111,0.0
23,last,43,shift,0,3584,iid,canonical,24,1.2513470608858184,0.36988259743600727,0.9377898557719481,0.08333333333333333,0.5416666666666666,0.08333333333333333
23,last,43,shift,0,3584,joint,canonical,96,3.9736242560228603,0.11592115062927422,0.8129095844280837,0.0,0.3041666666666667,0.0
23,last,43,shift,0,3584,template,canonical,24,1.5451709771387439,0.19658164172690185,0.9246698063882709,0.0,0.4895833333333333,0.0
23,last,43,shift,0,3584,topic,canonical,96,1.2747373424793735,0.32975501019554454,0.9363336226163529,0.125,0.5598958333333334,0.125
23,last,43,shift,0,3584,train,canonical,168,1.2716067117466026,0.3630747339708985,0.9372929392521056,0.1130952380952381,0.5535714285714286,0.1130952380952381
23,last,43,shift,0,3584,iid,paraphrase,24,1.5669435482740355,0.060146181838078516,0.9244659443940028,0.0,0.5,0.0
23,last,43,shift,0,3584,topic,paraphrase,96,1.412854304342402,0.018738610272131973,0.9316360760591641,0.0,0.5,0.0
23,last,43,shift,0,3584,template,paraphrase,24,1.7343568037846637,0.08883106051356271,0.9345127735922406,0.0,0.5,0.0
23,last,43,shift,0,3584,expression,paraphrase,24,3.7992985122933756,0.010812617009077097,0.8163029930654675,0.0,0.3590277777777778,0.0
23,last,43,shift,0,3584,joint,paraphrase,96,4.0637162150799115,0.03891914823261289,0.8299050965775078,0.0,0.4230902777777777,0.0
23,last,43,lowrank,32,232960,dev,canonical,48,0.7425381918720602,0.6299341932794105,0.9641749667254974,0.8958333333333334,0.9444444444444445,0.9166666666666666
23,last,43,lowrank,32,232960,expression,canonical,24,3.753283828489181,0.17242744243424646,0.8200133851728655,0.0,0.3923611111111111,0.0
23,last,43,lowrank,32,232960,iid,canonical,24,0.8054006562699372,0.5944394761331082,0.9601772887645058,1.0,1.0,1.0
23,last,43,lowrank,32,232960,joint,canonical,96,3.7624131520266335,0.16291282819221453,0.8211549676236253,0.0,0.3470486111111111,0.0
23,last,43,lowrank,32,232960,template,canonical,24,1.4338871614261777,0.25444414487054456,0.93058741554603,0.625,0.7951388888888888,0.625
23,last,43,lowrank,32,232960,topic,canonical,96,0.8590934613680937,0.5482966811533181,0.9565637351313194,0.8854166666666666,0.9427083333333334,0.8958333333333334
23,last,43,lowrank,32,232960,train,canonical,168,0.4909295239099451,0.754102101908226,0.9752764460451854,0.9642857142857143,0.9811507936507935,0.9642857142857143
23,last,43,lowrank,32,232960,iid,paraphrase,24,1.4958556527662814,0.10278475046529612,0.929443266266441,0.25,0.625,0.25
23,last,43,lowrank,32,232960,topic,paraphrase,96,1.4163486581457043,0.01631169727856241,0.9327192381844811,0.16666666666666666,0.5815972222222222,0.16666666666666666
23,last,43,lowrank,32,232960,template,paraphrase,24,1.679346312566962,0.11773160210574396,0.9369120485995798,0.125,0.5625,0.125
23,last,43,lowrank,32,232960,expression,paraphrase,24,3.86118481528788,-0.005300133780058669,0.8148746776763834,0.0,0.3729166666666666,0.0
23,last,43,lowrank,32,232960,joint,paraphrase,96,4.041736058944924,0.04411751988607704,0.8275952509052988,0.0,0.4494791666666666,0.0
23,last,43,full_delta,0,12848640,dev,canonical,48,0.6756500315445653,0.6632698806320625,0.9674851095624457,0.9375,0.96875,0.9791666666666666
23,last,43,full_delta,0,12848640,expression,canonical,24,3.7281980090829,0.17795868831741357,0.8210785085938829,0.0,0.3993055555555555,0.0
23,last,43,full_delta,0,12848640,iid,canonical,24,0.7445613956882376,0.6250751631059266,0.9633315348633689,1.0,1.0,1.0
23,last,43,full_delta,0,12848640,joint,canonical,96,3.7293749034652763,0.1702634015960982,0.822747181994183,0.0,0.34756944444444443,0.0
23,last,43,full_delta,0,12848640,template,canonical,24,1.4651287243921278,0.23819995856407628,0.9290614173711574,0.6666666666666666,0.8229166666666666,0.6666666666666666
23,last,43,full_delta,0,12848640,topic,canonical,96,0.8314382287611366,0.5628375441836877,0.9580439898896129,0.90625,0.953125,0.9166666666666666
23,last,43,full_delta,0,12848640,train,canonical,168,0.32404942454582103,0.8376893861688319,0.98383253862419,0.9821428571428571,0.990079365079365,0.9821428571428571
23,last,43,full_delta,0,12848640,iid,paraphrase,24,1.4857600289054307,0.10884011260185711,0.9298937699044337,0.3333333333333333,0.6666666666666666,0.3333333333333333
23,last,43,full_delta,0,12848640,topic,paraphrase,96,1.4281855814735511,0.008090668543266566,0.9321004109608694,0.22916666666666666,0.6128472222222222,0.22916666666666666
23,last,43,full_delta,0,12848640,template,paraphrase,24,1.7615209307832969,0.07456000121630146,0.9338947371923106,0.08333333333333333,0.5416666666666666,0.08333333333333333
23,last,43,full_delta,0,12848640,expression,paraphrase,24,3.868811527865615,-0.007285828726423915,0.8141767938489238,0.0,0.3659722222222222,0.0
23,last,43,full_delta,0,12848640,joint,paraphrase,96,4.022597503358874,0.048643844641723555,0.8290770866734869,0.0,0.45121527777777776,0.0
23,last,43,full_affine,0,12848640,dev,canonical,48,0.6081997159580248,0.6968857346370405,0.9707208353859991,0.9375,0.96875,1.0
23,last,43,full_affine,0,12848640,expression,canonical,24,3.473361634811203,0.23414830776905637,0.8315392771301768,0.0,0.37847222222222215,0.0
23,last,43,full_affine,0,12848640,iid,canonical,24,0.6477085464582566,0.6738455384041401,0.9678672024299232,1.0,1.0,1.0
23,last,43,full_affine,0,12848640,joint,canonical,96,3.346671212560183,0.25540991191158147,0.8370595283705754,0.10416666666666667,0.39548611111111115,0.22916666666666666
23,last,43,full_affine,0,12848640,template,canonical,24,1.6872075080399165,0.12272913080106429,0.9166899609481057,0.7916666666666666,0.8638888888888889,0.875
23,last,43,full_affine,0,12848640,topic,canonical,96,0.9089961462416293,0.522058315491869,0.9534878376965562,0.9791666666666666,0.9895833333333334,0.9895833333333334
23,last,43,full_affine,0,12848640,train,canonical,168,0.2779641360885271,0.860772690416552,0.9860270404788458,0.9880952380952381,0.9940476190476191,1.0
23,last,43,full_affine,0,12848640,iid,paraphrase,24,1.079463288058751,0.3525371772549579,0.9476374482873808,0.9166666666666666,0.9583333333333334,0.9166666666666666
23,last,43,full_affine,0,12848640,topic,paraphrase,96,1.2658774896344684,0.12081755288837659,0.9381662123207851,0.8958333333333334,0.9461805555555557,0.90625
23,last,43,full_affine,0,12848640,template,paraphrase,24,2.0526437282610877,-0.07838548846570403,0.9219871738037214,0.9166666666666666,0.9513888888888888,0.9583333333333334
23,last,43,full_affine,0,12848640,expression,paraphrase,24,3.3900575920682807,0.11736280083390616,0.8306963440579209,0.0,0.3659722222222222,0.0
23,last,43,full_affine,0,12848640,joint,paraphrase,96,3.334216316953615,0.21144802238325433,0.8482295224807661,0.09375,0.42638888888888893,0.13541666666666666
23,last,43,shuffled,32,232960,dev,canonical,48,1.8329155734975497,0.08651246793515222,0.9088125626112805,0.4583333333333333,0.703125,0.8125
23,last,43,shuffled,32,232960,expression,canonical,24,3.4623611829954677,0.2365738296479043,0.8316798015714815,0.041666666666666664,0.3520833333333333,0.08333333333333333
23,last,43,shuffled,32,232960,iid,canonical,24,2.0825620892171854,-0.04867678628408467,0.8940985952836398,0.625,0.7951388888888888,0.8333333333333334
23,last,43,shuffled,32,232960,joint,canonical,96,4.156211609062888,0.07529787913081643,0.7991571146345452,0.0,0.30225694444444445,0.0
23,last,43,shuffled,32,232960,template,canonical,24,2.6030148700285345,-0.35344888325002777,0.8728070002017184,0.16666666666666666,0.53125,0.20833333333333334
23,last,43,shuffled,32,232960,topic,canonical,96,1.9740496966173424,-0.037936894677726984,0.899513227876754,0.6666666666666666,0.8168402777777777,0.75
23,last,43,shuffled,32,232960,train,canonical,168,2.2306514955662435,-0.11729380169775494,0.8860612160382947,0.5297619047619048,0.7263888888888889,0.7559523809523809
23,last,43,shuffled,32,232960,iid,paraphrase,24,2.664686050154064,-0.5982805259313153,0.8694739501025492,0.125,0.5152777777777778,0.125
23,last,43,shuffled,32,232960,topic,paraphrase,96,2.575085233761795,-0.7884588010119682,0.8739422292346554,0.14583333333333334,0.5347222222222222,0.1875
23,last,43,shuffled,32,232960,template,paraphrase,24,3.618602195166877,-0.9010839738389089,0.8575015817927926,0.041666666666666664,0.5069444444444444,0.041666666666666664
23,last,43,shuffled,32,232960,expression,paraphrase,24,3.7210438623514293,0.031187039322163157,0.8144935954716389,0.041666666666666664,0.3847222222222222,0.041666666666666664
23,last,43,shuffled,32,232960,joint,paraphrase,96,4.503712103504557,-0.06514117508723083,0.7920544681076708,0.0,0.3744791666666667,0.0
23,last,43,random_subspace,32,118272,dev,canonical,48,1.2116687862328825,0.3961291260656282,0.9421194007060104,0.22916666666666666,0.6024305555555555,0.22916666666666666
23,last,43,random_subspace,32,118272,expression,canonical,24,4.081021945050707,0.10016350404625018,0.8053911241296626,0.0,0.3611111111111111,0.0
23,last,43,random_subspace,32,118272,iid,canonical,24,1.2473370680609521,0.3719018344183648,0.9379901145089528,0.08333333333333333,0.5416666666666666,0.08333333333333333
23,last,43,random_subspace,32,118272,joint,canonical,96,3.969702758332121,0.11679363200719617,0.8130583537332203,0.0,0.3041666666666667,0.0
23,last,43,random_subspace,32,118272,template,canonical,24,1.5431742208014347,0.19761986385385566,0.9247641859924579,0.0,0.4895833333333333,0.0
23,last,43,random_subspace,32,118272,topic,canonical,96,1.2712381095008458,0.3315948742160454,0.9365005236151774,0.125,0.5598958333333334,0.125
23,last,43,random_subspace,32,118272,train,canonical,168,1.2640991646035669,0.36683513128331613,0.9376457875890052,0.1130952380952381,0.5535714285714286,0.1130952380952381
23,last,43,random_subspace,32,118272,iid,paraphrase,24,1.565562974162974,0.06097425113959598,0.9245525359335792,0.0,0.5,0.0
23,last,43,random_subspace,32,118272,topic,paraphrase,96,1.4116109903138259,0.019602121851350796,0.9317084508053185,0.0,0.5,0.0
23,last,43,random_subspace,32,118272,template,paraphrase,24,1.7316441610883129,0.09025618581848616,0.9346197610774599,0.0,0.5,0.0
23,last,43,random_subspace,32,118272,expression,paraphrase,24,3.801987005591362,0.010112639462954154,0.8162145424289031,0.0,0.3590277777777778,0.0
23,last,43,random_subspace,32,118272,joint,paraphrase,96,4.058837512188668,0.04007297583327962,0.8300239912618711,0.0,0.4230902777777777,0.0
23,last,43,rank1,1,10752,dev,canonical,48,1.035378462087212,0.48398860822576273,0.9499079187231821,0.4583333333333333,0.7222222222222223,0.4583333333333333
23,last,43,rank1,1,10752,expression,canonical,24,3.7834698285444133,0.16577164276389633,0.8187061449448335,0.0,0.3611111111111111,0.0
23,last,43,rank1,1,10752,iid,canonical,24,1.1337535885272834,0.42909693986518727,0.9436312415868334,0.20833333333333334,0.6041666666666666,0.20833333333333334
23,last,43,rank1,1,10752,joint,canonical,96,3.8452518625623497,0.14448231056519778,0.8163907161776595,0.0,0.30694444444444446,0.0
23,last,43,rank1,1,10752,template,canonical,24,1.4894916799466114,0.2255323340462324,0.9274332837306686,0.0,0.4895833333333333,0.0
23,last,43,rank1,1,10752,topic,canonical,96,1.0903898207697156,0.4266832154746376,0.9449454200834394,0.4270833333333333,0.7118055555555555,0.4270833333333333
23,last,43,rank1,1,10752,train,canonical,168,1.0736171595445843,0.4622441918247687,0.9462673354672573,0.4107142857142857,0.7033730158730159,0.4107142857142857
23,last,43,rank1,1,10752,iid,paraphrase,24,1.5889382526829745,0.04695374300334576,0.923826375116747,0.0,0.5,0.0
23,last,43,rank1,1,10752,topic,paraphrase,96,1.4251370550919933,0.010207943639924055,0.9314412089874105,0.010416666666666666,0.5052083333333334,0.010416666666666666
23,last,43,rank1,1,10752,template,paraphrase,24,1.8779187443218521,0.013408759390496905,0.9286675358340016,0.0,0.5,0.0
23,last,43,rank1,1,10752,expression,paraphrase,24,3.675463352403483,0.043054405154279385,0.8223887693742998,0.0,0.37986111111111104,0.0
23,last,43,rank1,1,10752,joint,paraphrase,96,3.929540994412777,0.07065198304187403,0.8276297505878114,0.0,0.4300347222222222,0.0
23,last,43,rank2,2,17920,dev,canonical,48,0.9909130170662334,0.5061492741187754,0.9522769269872938,0.5416666666666666,0.763888888888889,0.5625
23,last,43,rank2,2,17920,expression,canonical,24,3.737269087145959,0.17595857971503648,0.8213132848288942,0.0,0.37847222222222215,0.0
23,last,43,rank2,2,17920,iid,canonical,24,1.0730657744058296,0.45965636578050983,0.9469997495845851,0.375,0.6875,0.375
23,last,43,rank2,2,17920,joint,canonical,96,3.7745833727927867,0.1602051150119308,0.8187054864326374,0.0,0.31527777777777777,0.0
23,last,43,rank2,2,17920,template,canonical,24,1.402897253585636,0.27055748200193885,0.9323094092028569,0.125,0.5520833333333334,0.125
23,last,43,rank2,2,17920,topic,canonical,96,1.0266891330807975,0.46017644215579334,0.9481003471833116,0.53125,0.765625,0.5416666666666666
23,last,43,rank2,2,17920,train,canonical,168,0.9516120214326564,0.5233544032848212,0.9524624080121635,0.6071428571428571,0.8035714285714286,0.6071428571428571
23,last,43,rank2,2,17920,iid,paraphrase,24,1.5498281150725113,0.0704120304461322,0.9269570756810186,0.041666666666666664,0.5208333333333334,0.041666666666666664
23,last,43,rank2,2,17920,topic,paraphrase,96,1.4407064086051642,-0.0006053478782055421,0.9315386562923808,0.041666666666666664,0.5208333333333334,0.041666666666666664
23,last,43,rank2,2,17920,template,paraphrase,24,1.6366946587792022,0.14013925320979037,0.9384542502716858,0.0,0.5,0.0
23,last,43,rank2,2,17920,expression,paraphrase,24,3.698568546495172,0.03703872452189372,0.8237741946914213,0.0,0.37638888888888883,0.0
23,last,43,rank2,2,17920,joint,paraphrase,96,3.9308858221417258,0.07033392732370591,0.8287653784583497,0.0,0.434375,0.0
23,last,43,rank4,4,32256,dev,canonical,48,0.9395817265302076,0.5317317366104777,0.9547398299447236,0.7291666666666666,0.857638888888889,0.75
23,last,43,rank4,4,32256,expression,canonical,24,3.786908168152095,0.16501351318112667,0.8191383430440237,0.0,0.3680555555555555,0.0
23,last,43,rank4,4,32256,iid,canonical,24,1.022038685773133,0.4853511211003302,0.9497207989368429,0.625,0.8125,0.625
23,last,43,rank4,4,32256,joint,canonical,96,3.748852456106126,0.16592990370656324,0.8195606217269331,0.0,0.3184027777777778,0.0
23,last,43,rank4,4,32256,template,canonical,24,1.4035151607753085,0.27023619847588465,0.9319933801881334,0.25,0.6145833333333334,0.25
23,last,43,rank4,4,32256,topic,canonical,96,0.9783317290002485,0.4856023136077878,0.9506512375832088,0.6354166666666666,0.8177083333333334,0.6458333333333334
23,last,43,rank4,4,32256,train,canonical,168,0.8703742538119225,0.5640449613602627,0.9565302010913934,0.7738095238095238,0.8869047619047619,0.7738095238095238
23,last,43,rank4,4,32256,iid,paraphrase,24,1.5385227027612405,0.0771930245274739,0.9276896125547786,0.041666666666666664,0.5208333333333334,0.041666666666666664
23,last,43,rank4,4,32256,topic,paraphrase,96,1.4225517720942236,0.012003485033990291,0.9325506863434586,0.041666666666666664,0.5208333333333334,0.041666666666666664
23,last,43,rank4,4,32256,template,paraphrase,24,1.6238730099110754,0.14687528824949214,0.9388806706976811,0.0,0.5,0.0
23,last,43,rank4,4,32256,expression,paraphrase,24,3.7728028099167816,0.01771105218325575,0.8201083890046922,0.0,0.37638888888888883,0.0
23,last,43,rank4,4,32256,joint,paraphrase,96,3.880721363428286,0.08219796953459013,0.830707974420453,0.0,0.4361111111111111,0.0
23,last,43,rank8,8,60928,dev,canonical,48,0.863719935038875,0.5695396977023244,0.9583957624267971,0.8125,0.9027777777777778,0.8333333333333334
23,last,43,rank8,8,60928,expression,canonical,24,3.75797435823145,0.1713932137767482,0.8196669325763434,0.0,0.37847222222222215,0.0
23,last,43,rank8,8,60928,iid,canonical,24,0.9564736104931839,0.518366498069425,0.9526104672275398,0.8333333333333334,0.9166666666666666,0.8333333333333334
23,last,43,rank8,8,60928,joint,canonical,96,3.7276026272820943,0.1706577096101033,0.8210017251302961,0.0,0.33472222222222214,0.0
23,last,43,rank8,8,60928,template,canonical,24,1.4181159310291094,0.26264446458986945,0.9311891722327953,0.4166666666666667,0.6979166666666666,0.4166666666666667
23,last,43,rank8,8,60928,topic,canonical,96,0.9276644584322442,0.5122426912868634,0.9532059198965227,0.7395833333333334,0.8697916666666666,0.75
23,last,43,rank8,8,60928,train,canonical,168,0.7402766644721487,0.6292085382229275,0.962910622958549,0.8928571428571429,0.9464285714285714,0.8928571428571429
23,last,43,rank8,8,60928,iid,paraphrase,24,1.5471207988819635,0.0720358805595972,0.9274023181387766,0.041666666666666664,0.5208333333333334,0.041666666666666664
23,last,43,rank8,8,60928,topic,paraphrase,96,1.417058248386638,0.015818869742265096,0.9330889277017436,0.09375,0.545138888888889,0.09375
23,last,43,rank8,8,60928,template,paraphrase,24,1.6740308684625276,0.12052414603728567,0.9373480439490924,0.041666666666666664,0.5208333333333334,0.041666666666666664
23,last,43,rank8,8,60928,expression,paraphrase,24,3.8195783379073887,0.005532550817455628,0.818410826794376,0.0,0.37986111111111104,0.0
23,last,43,rank8,8,60928,joint,paraphrase,96,4.025371407031634,0.047987808254476794,0.8286132377579349,0.0,0.44166666666666665,0.0
23,last,43,rank16,16,118272,dev,canonical,48,0.798801579693337,0.6018936746490884,0.9614597805321989,0.8541666666666666,0.9236111111111112,0.875
23,last,43,rank16,16,118272,expression,canonical,24,3.7517030591897274,0.1727759908925699,0.8200246943642303,0.0,0.3958333333333333,0.0
23,last,43,rank16,16,118272,iid,canonical,24,0.8757809434874422,0.5589993930742895,0.9566424667833046,0.875,0.9375,0.875
23,last,43,rank16,16,118272,joint,canonical,96,3.760998850671612,0.16322749154084792,0.820836389557606,0.0,0.3343749999999999,0.0
23,last,43,rank16,16,118272,template,canonical,24,1.4074110068283598,0.2682105364059024,0.9319633387167222,0.4583333333333333,0.71875,0.4583333333333333
23,last,43,rank16,16,118272,topic,canonical,96,0.8924919792198467,0.5307360523782226,0.9549022704848861,0.8229166666666666,0.9114583333333334,0.8333333333333334
23,last,43,rank16,16,118272,train,canonical,168,0.6145666256128718,0.692174468807705,0.9691553828469883,0.9285714285714286,0.9632936507936507,0.9285714285714286
23,last,43,rank16,16,118272,iid,paraphrase,24,1.5385409603225755,0.0771820736296257,0.9277498956618491,0.08333333333333333,0.5416666666666666,0.08333333333333333
23,last,43,rank16,16,118272,topic,paraphrase,96,1.4357561498672995,0.002832726206079217,0.932171290839736,0.14583333333333334,0.5711805555555556,0.14583333333333334
23,last,43,rank16,16,118272,template,paraphrase,24,1.6592655342913354,0.12828132371178136,0.9380870797838744,0.125,0.5625,0.125
23,last,43,rank16,16,118272,expression,paraphrase,24,3.8455053430397936,-0.0012178180395139293,0.8170220916741124,0.0,0.37986111111111115,0.0
23,last,43,rank16,16,118272,joint,paraphrase,96,4.080431639796435,0.03496590106328645,0.8269129768274611,0.0,0.4381944444444444,0.0
23,last,43,rank32,32,232960,dev,canonical,48,0.7425381918720602,0.6299341932794105,0.9641749667254974,0.8958333333333334,0.9444444444444445,0.9166666666666666
23,last,43,rank32,32,232960,expression,canonical,24,3.753283828489181,0.17242744243424646,0.8200133851728655,0.0,0.3923611111111111,0.0
23,last,43,rank32,32,232960,iid,canonical,24,0.8054006562699372,0.5944394761331082,0.9601772887645058,1.0,1.0,1.0
23,last,43,rank32,32,232960,joint,canonical,96,3.7624131520266335,0.16291282819221453,0.8211549676236253,0.0,0.3470486111111111,0.0
23,last,43,rank32,32,232960,template,canonical,24,1.4338871614261777,0.25444414487054456,0.93058741554603,0.625,0.7951388888888888,0.625
23,last,43,rank32,32,232960,topic,canonical,96,0.8590934613680937,0.5482966811533181,0.9565637351313194,0.8854166666666666,0.9427083333333334,0.8958333333333334
23,last,43,rank32,32,232960,train,canonical,168,0.4909295239099451,0.754102101908226,0.9752764460451854,0.9642857142857143,0.9811507936507935,0.9642857142857143
23,last,43,rank32,32,232960,iid,paraphrase,24,1.4958556527662814,0.10278475046529612,0.929443266266441,0.25,0.625,0.25
23,last,43,rank32,32,232960,topic,paraphrase,96,1.4163486581457043,0.01631169727856241,0.9327192381844811,0.16666666666666666,0.5815972222222222,0.16666666666666666
23,last,43,rank32,32,232960,template,paraphrase,24,1.679346312566962,0.11773160210574396,0.9369120485995798,0.125,0.5625,0.125
23,last,43,rank32,32,232960,expression,paraphrase,24,3.86118481528788,-0.005300133780058669,0.8148746776763834,0.0,0.3729166666666666,0.0
23,last,43,rank32,32,232960,joint,paraphrase,96,4.041736058944924,0.04411751988607704,0.8275952509052988,0.0,0.4494791666666666,0.0
23,mean,17,identity,0,0,dev,canonical,48,6.5625447412040065,0.0,0.9996542000022443,0.0,0.49652777777777785,0.0
23,mean,17,identity,0,0,expression,canonical,24,43.69017633757415,0.0,0.9988432230162448,0.0,0.4479166666666667,0.0
23,mean,17,identity,0,0,iid,canonical,24,7.500677522276533,0.0,0.9996486663635857,0.0,0.5,0.0
23,mean,17,identity,0,0,joint,canonical,96,39.134642647640824,0.0,0.9988065430000398,0.0,0.3932291666666667,0.0
23,mean,17,identity,0,0,template,canonical,24,4.5720063093166114,0.0,0.9997941083126335,0.0,0.5,0.0
23,mean,17,identity,0,0,topic,canonical,96,5.953541401445743,0.0,0.9996609887193498,0.0,0.5,0.0
23,mean,17,identity,0,0,train,canonical,168,7.406613877458527,0.0,0.9996511020904146,0.0,0.496031746031746,0.0
23,mean,17,identity,0,0,iid,paraphrase,24,7.297712001900703,0.0,0.9997412864814393,0.0,0.5,0.0
23,mean,17,identity,0,0,topic,paraphrase,96,5.782565104882295,0.0,0.9997527302000426,0.0,0.5,0.0
23,mean,17,identity,0,0,template,paraphrase,24,20.254652040296566,0.0,0.9996139935088113,0.0,0.5,0.0
23,mean,17,identity,0,0,expression,paraphrase,24,74.34140144770497,0.0,0.9980934963738578,0.0,0.2652777777777778,0.0
23,mean,17,identity,0,0,joint,paraphrase,96,51.12227819615057,0.0,0.9981977144274081,0.0,0.39479166666666665,0.0
23,mean,17,shift,0,3584,dev,canonical,48,0.9327408903350068,0.8578690238134848,0.9998998261902333,1.0,1.0,1.0
23,mean,17,shift,0,3584,expression,canonical,24,81.62862282996363,-0.8683518738687694,0.9983295983765222,0.0,0.3048611111111111,0.0
23,mean,17,shift,0,3584,iid,canonical,24,1.0055616412327264,0.8659372252378171,0.9998887877723118,0.9583333333333334,0.9791666666666666,0.9583333333333334
23,mean,17,shift,0,3584,joint,canonical,96,76.11769641578947,-0.945020863002006,0.998228360829934,0.0,0.25555555555555554,0.0
23,mean,17,shift,0,3584,template,canonical,24,0.7607343751380586,0.8336103837853699,0.9998690359561255,1.0,1.0,1.0
23,mean,17,shift,0,3584,topic,canonical,96,1.3342238264753228,0.775894087819508,0.9998890889025412,0.9791666666666666,0.9895833333333334,0.9791666666666666
23,mean,17,shift,0,3584,train,canonical,168,1.2692006075869706,0.8286395607242755,0.9998921291689035,0.9702380952380952,0.9851190476190477,0.9702380952380952
23,mean,17,shift,0,3584,iid,paraphrase,24,1.098560571180131,0.8494650692033326,0.9998232978605556,0.8333333333333334,0.9166666666666666,0.8333333333333334
23,mean,17,shift,0,3584,topic,paraphrase,96,1.4027980833096905,0.7574090290612916,0.9998114519684066,0.8958333333333334,0.9479166666666666,0.8958333333333334
23,mean,17,shift,0,3584,template,paraphrase,24,4.8490202749093045,0.760597206742323,0.9998091545579305,1.0,1.0,1.0
23,mean,17,shift,0,3584,expression,paraphrase,24,122.16147764040848,-0.6432495925751718,0.9974781714550152,0.0,0.23750000000000002,0.0
23,mean,17,shift,0,3584,joint,paraphrase,96,92.20845871554639,-0.8036844594787551,0.9975362303578411,0.0,0.24774305555555556,0.0
23,mean,17,lowrank,32,232960,dev,canonical,48,0.3417841922980555,0.9479189543421918,0.9999530200225814,1.0,1.0,1.0
23,mean,17,lowrank,32,232960,expression,canonical,24,80.6251825317034,-0.8453846903420401,0.9983125881493194,0.0,0.30624999999999997,0.0
23,mean,17,lowrank,32,232960,iid,canonical,24,0.17748370335332989,0.9763376437893491,0.9999508983449327,1.0,1.0,1.0
23,mean,17,lowrank,32,232960,joint,canonical,96,69.40979985092945,-0.7736152716629883,0.9983088651832596,0.0,0.26857638888888885,0.0
23,mean,17,lowrank,32,232960,template,canonical,24,0.2201738618892739,0.9518430537944328,0.9998755467572383,1.0,1.0,1.0
23,mean,17,lowrank,32,232960,topic,canonical,96,0.16895451202100617,0.971621174586948,0.9999362967074125,1.0,1.0,1.0
23,mean,17,lowrank,32,232960,train,canonical,168,0.13847736422761112,0.9813035529435311,0.999966234134715,1.0,1.0,1.0
23,mean,17,lowrank,32,232960,iid,paraphrase,24,0.3700191020159977,0.9492965600835405,0.9998323379348899,1.0,1.0,1.0
23,mean,17,lowrank,32,232960,topic,paraphrase,96,0.3095290999602669,0.9464720077774953,0.9998383848672273,0.9895833333333334,0.9947916666666666,0.9895833333333334
23,mean,17,lowrank,32,232960,template,paraphrase,24,7.030958556718464,0.6528719159070028,0.999763203534965,0.9583333333333334,0.9791666666666666,0.9583333333333334
23,mean,17,lowrank,32,232960,expression,paraphrase,24,117.79697830354614,-0.5845407270995524,0.9975427909567373,0.0,0.23958333333333334,0.0
23,mean,17,lowrank,32,232960,joint,paraphrase,96,83.5088124342722,-0.6335111693156172,0.997529055127591,0.0,0.2604166666666667,0.0
23,mean,17,full_delta,0,12848640,dev,canonical,48,0.33406428635079527,0.949095312942658,0.9999589282939988,1.0,1.0,1.0
23,mean,17,full_delta,0,12848640,expression,canonical,24,80.63017211088464,-0.8454988940280745,0.9983039968634557,0.0,0.30624999999999997,0.0
23,mean,17,full_delta,0,12848640,iid,canonical,24,0.1670699822956778,0.9777260145100906,0.9999573313509491,1.0,1.0,1.0
23,mean,17,full_delta,0,12848640,joint,canonical,96,69.40796472611238,-0.7735683790713377,0.9983179847658548,0.0,0.2720486111111111,0.0
23,mean,17,full_delta,0,12848640,template,canonical,24,0.23093322448321607,0.9494897406391081,0.9998670429107962,1.0,1.0,1.0
23,mean,17,full_delta,0,12848640,topic,canonical,96,0.16656353238729105,0.9720227808700813,0.9999378882708879,1.0,1.0,1.0
23,mean,17,full_delta,0,12848640,train,canonical,168,0.12130398839507327,0.983622207070325,0.9999779430989907,1.0,1.0,1.0
23,mean,17,full_delta,0,12848640,iid,paraphrase,24,0.36673294721301186,0.9497468594105254,0.9998343753680237,1.0,1.0,1.0
23,mean,17,full_delta,0,12848640,topic,paraphrase,96,0.30943032236466556,0.9464890897461042,0.9998384112272921,0.9895833333333334,0.9947916666666666,0.9895833333333334
23,mean,17,full_delta,0,12848640,template,paraphrase,24,7.042899369105943,0.6522823815934178,0.9997525612472732,0.9583333333333334,0.9791666666666666,0.9583333333333334
23,mean,17,full_delta,0,12848640,expression,paraphrase,24,117.80684364444865,-0.5846734302866108,0.9975403797275444,0.0,0.23958333333333334,0.0
23,mean,17,full_delta,0,12848640,joint,paraphrase,96,83.52180058615617,-0.6337652298219614,0.9975283603877513,0.0,0.2572916666666667,0.0
23,mean,17,full_affine,0,12848640,dev,canonical,48,0.37586732256759703,0.9427253698999334,0.9999278094836921,1.0,1.0,1.0
23,mean,17,full_affine,0,12848640,expression,canonical,24,80.6330332826466,-0.8455643817876075,0.9982434193884986,0.0,0.28333333333333327,0.0
23,mean,17,full_affine,0,12848640,iid,canonical,24,0.21346542540500948,0.9715405142040795,0.9999263961616384,1.0,1.0,1.0
23,mean,17,full_affine,0,12848640,joint,canonical,96,69.74716287202885,-0.7822358440836168,0.9977244387340168,0.0,0.24045138888888892,0.0
23,mean,17,full_affine,0,12848640,template,canonical,24,1.145648830003827,0.7494209866532162,0.9991357778137138,0.75,0.8541666666666666,1.0
23,mean,17,full_affine,0,12848640,topic,canonical,96,0.46022326700064653,0.9226975616749911,0.9997136616221249,1.0,1.0,1.0
23,mean,17,full_affine,0,12848640,train,canonical,168,0.14256160028394807,0.9807521220030352,0.9999627807416372,1.0,1.0,1.0
23,mean,17,full_affine,0,12848640,iid,paraphrase,24,0.2762085184688572,0.962151353959033,0.999888800051319,1.0,1.0,1.0
23,mean,17,full_affine,0,12848640,topic,paraphrase,96,0.5120237442832273,0.9114538729791526,0.9996774676338508,1.0,1.0,1.0
23,mean,17,full_affine,0,12848640,template,paraphrase,24,7.834105923496104,0.6132194269291729,0.9991812460642099,0.9583333333333334,0.9791666666666666,1.0
23,mean,17,full_affine,0,12848640,expression,paraphrase,24,117.71611524464966,-0.5834530013192767,0.997460563448795,0.0,0.22430555555555554,0.0
23,mean,17,full_affine,0,12848640,joint,paraphrase,96,83.96550182951212,-0.6424444448141711,0.9965626711908332,0.0,0.20052083333333334,0.0
23,mean,17,shuffled,32,232960,dev,canonical,48,17.688774501454695,-1.6954139284404177,0.9993147439584712,0.7708333333333334,0.859375,0.9791666666666666
23,mean,17,shuffled,32,232960,expression,canonical,24,97.04649012107775,-1.2212428114559115,0.9976926440801369,0.0,0.23611111111111113,0.0
23,mean,17,shuffled,32,232960,iid,canonical,24,12.785930184593704,-0.7046367007007446,0.9993331272489434,0.7916666666666666,0.8819444444444443,0.9583333333333334
23,mean,17,shuffled,32,232960,joint,canonical,96,192.7233759886973,-3.9246233758650497,0.9972357526393515,0.0,0.24826388888888892,0.0
23,mean,17,shuffled,32,232960,template,canonical,24,13.73245047849153,-2.003593947477328,0.9992870855924642,0.9583333333333334,0.9791666666666666,0.9583333333333334
23,mean,17,shuffled,32,232960,topic,canonical,96,19.28302371292918,-2.2389165393637036,0.9994028489405259,0.8229166666666666,0.888888888888889,1.0
23,mean,17,shuffled,32,232960,train,canonical,168,24.034922916134665,-2.2450622259765893,0.9992696100313645,0.7619047619047619,0.8660714285714286,0.9821428571428571
23,mean,17,shuffled,32,232960,iid,paraphrase,24,12.1082006756545,-0.6591776535578404,0.9992665571684672,0.5833333333333334,0.7847222222222222,0.7083333333333334
23,mean,17,shuffled,32,232960,topic,paraphrase,96,15.039895007541793,-1.6009037053198787,0.9993456744949364,0.6145833333333334,0.7911458333333332,0.8645833333333334
23,mean,17,shuffled,32,232960,template,paraphrase,24,20.437184016128796,-0.009011854435666544,0.9991744670276739,1.0,1.0,1.0
23,mean,17,shuffled,32,232960,expression,paraphrase,24,131.20706665196846,-0.7649259241402022,0.9969609089261056,0.0,0.21666666666666667,0.0
23,mean,17,shuffled,32,232960,joint,paraphrase,96,323.0321262544771,-5.318813199502539,0.9956113222592432,0.0,0.22135416666666666,0.0
23,mean,17,random_subspace,32,118272,dev,canonical,48,0.9281976579185893,0.8585613211761058,0.9998968543271763,1.0,1.0,1.0
23,mean,17,random_subspace,32,118272,expression,canonical,24,81.62102928012146,-0.8681780693552903,0.9983248840617178,0.0,0.3048611111111111,0.0
23,mean,17,random_subspace,32,118272,iid,canonical,24,0.9993769469100756,0.8667617766605763,0.999886632037355,0.9583333333333334,0.9791666666666666,0.9583333333333334
23,mean,17,random_subspace,32,118272,joint,canonical,96,76.07833481901393,-0.9440150636868077,0.9982230300954823,0.0,0.25555555555555554,0.0
23,mean,17,random_subspace,32,118272,template,canonical,24,0.7574366729803427,0.8343316649767356,0.999864375872288,1.0,1.0,1.0
23,mean,17,random_subspace,32,118272,topic,canonical,96,1.325870625771018,0.777297152002832,0.9998844264903911,0.9895833333333334,0.9947916666666666,0.9895833333333334
23,mean,17,random_subspace,32,118272,train,canonical,168,1.2608242517341244,0.8297704899169446,0.999888802651435,0.9702380952380952,0.9851190476190477,0.9702380952380952
23,mean,17,random_subspace,32,118272,iid,paraphrase,24,1.0936512365925048,0.8501377916383024,0.9998205735513376,0.8333333333333334,0.9166666666666666,0.8333333333333334
23,mean,17,random_subspace,32,118272,topic,paraphrase,96,1.395652035264873,0.7586448211215978,0.9998058670218319,0.8958333333333334,0.9479166666666666,0.8958333333333334
23,mean,17,random_subspace,32,118272,template,paraphrase,24,4.862319740536269,0.7599405938515903,0.9998045034731972,1.0,1.0,1.0
23,mean,17,random_subspace,32,118272,expression,paraphrase,24,122.13171272762031,-0.6428492111967135,0.997472037836577,0.0,0.23750000000000002,0.0
23,mean,17,random_subspace,32,118272,joint,paraphrase,96,92.15324494459749,-0.8026044260198189,0.9975267717423155,0.0,0.2454861111111111,0.0
23,mean,17,rank1,1,10752,dev,canonical,48,0.4044386543646287,0.9383716728321416,0.9999061953935708,1.0,1.0,1.0
23,mean,17,rank1,1,10752,expression,canonical,24,80.57529749897084,-0.8442428997402553,0.9983665365773841,0.0,0.3138888888888889,0.0
23,mean,17,rank1,1,10752,iid,canonical,24,0.26171294030490727,0.9651080932985538,0.9998978120575179,0.9583333333333334,0.9791666666666666,0.9583333333333334
23,mean,17,rank1,1,10752,joint,canonical,96,69.56975133749353,-0.7777024812487316,0.9982897318377003,0.0,0.2642361111111111,0.0
23,mean,17,rank1,1,10752,template,canonical,24,0.22027856041985713,0.951820153884962,0.9998714538017603,1.0,1.0,1.0
23,mean,17,rank1,1,10752,topic,canonical,96,0.2221443375618609,0.9626870256570458,0.9998977522812177,0.9895833333333334,0.9947916666666666,0.9895833333333334
23,mean,17,rank1,1,10752,train,canonical,168,0.23545762456998598,0.9682098151104402,0.9999012164862323,0.9583333333333334,0.9791666666666666,0.9583333333333334
23,mean,17,rank1,1,10752,iid,paraphrase,24,0.37101610951028685,0.9491599408946729,0.999828660276208,0.9583333333333334,0.9791666666666666,0.9583333333333334
23,mean,17,rank1,1,10752,topic,paraphrase,96,0.32639428590174857,0.9435554498770503,0.9998228910106226,0.9583333333333334,0.9791666666666666,0.9583333333333334
23,mean,17,rank1,1,10752,template,paraphrase,24,6.942413181006188,0.6572435227623621,0.9997952873855738,0.9583333333333334,0.9791666666666666,0.9583333333333334
23,mean,17,rank1,1,10752,expression,paraphrase,24,117.80360134055665,-0.5846298165824184,0.9975360377374739,0.0,0.23958333333333334,0.0
23,mean,17,rank1,1,10752,joint,paraphrase,96,83.60397683570022,-0.6353726748037509,0.9976210372761706,0.0,0.26180555555555557,0.0
23,mean,17,rank2,2,17920,dev,canonical,48,0.3958874747457661,0.939674700842781,0.9999131199378056,1.0,1.0,1.0
23,mean,17,rank2,2,17920,expression,canonical,24,80.58331294483547,-0.844426360795727,0.9983571990526384,0.0,0.3048611111111111,0.0
23,mean,17,rank2,2,17920,iid,canonical,24,0.24915293696661847,0.9667826091407543,0.9999067097377407,0.9583333333333334,0.9791666666666666,0.9583333333333334
23,mean,17,rank2,2,17920,joint,canonical,96,69.42038337061793,-0.7738857103069225,0.9983841496895351,0.0,0.2815972222222222,0.0
23,mean,17,rank2,2,17920,template,canonical,24,0.2130721647204421,0.9533963537438139,0.9998796063675409,1.0,1.0,1.0
23,mean,17,rank2,2,17920,topic,canonical,96,0.20981517698468433,0.9647579209017119,0.9999068146378676,1.0,1.0,1.0
23,mean,17,rank2,2,17920,train,canonical,168,0.2193849294895301,0.9703798614158609,0.9999132836997143,0.9761904761904762,0.9880952380952381,0.9761904761904762
23,mean,17,rank2,2,17920,iid,paraphrase,24,0.3785458523915634,0.9481281458773695,0.9998251205285632,0.8333333333333334,0.9166666666666666,0.8333333333333334
23,mean,17,rank2,2,17920,topic,paraphrase,96,0.3241125016024976,0.9439500471289385,0.9998268697008323,0.9479166666666666,0.9739583333333334,0.9479166666666666
23,mean,17,rank2,2,17920,template,paraphrase,24,6.967482359619242,0.656005822970572,0.999786065074265,0.9166666666666666,0.9583333333333334,0.9166666666666666
23,mean,17,rank2,2,17920,expression,paraphrase,24,117.75080055268442,-0.5839195691719041,0.9975705319358846,0.0,0.23958333333333334,0.0
23,mean,17,rank2,2,17920,joint,paraphrase,96,83.55893329647142,-0.634491580673791,0.9976635698737906,0.0,0.27100694444444445,0.0
23,mean,17,rank4,4,32256,dev,canonical,48,0.38469682099500196,0.9413799316933231,0.9999212339691607,1.0,1.0,1.0
23,mean,17,rank4,4,32256,expression,canonical,24,80.59392214804916,-0.8446691889118625,0.9983510611887754,0.0,0.3118055555555555,0.0
23,mean,17,rank4,4,32256,iid,canonical,24,0.2331394748302884,0.9689175445634239,0.9999164216550508,0.9583333333333334,0.9791666666666666,0.9583333333333334
23,mean,17,rank4,4,32256,joint,canonical,96,69.40741527352488,-0.7735543390150006,0.9983588879823363,0.0,0.27725694444444443,0.0
23,mean,17,rank4,4,32256,template,canonical,24,0.21096720191939444,0.9538567561708093,0.999882658551344,1.0,1.0,1.0
23,mean,17,rank4,4,32256,topic,canonical,96,0.19865329052974534,0.9666327523175525,0.9999148523423917,1.0,1.0,1.0
23,mean,17,rank4,4,32256,train,canonical,168,0.20142873630421287,0.9728042072076626,0.9999247041732893,0.9880952380952381,0.9940476190476191,0.9880952380952381
23,mean,17,rank4,4,32256,iid,paraphrase,24,0.3756532671030139,0.9485245146690944,0.999828141301203,0.875,0.9375,0.875
23,mean,17,rank4,4,32256,topic,paraphrase,96,0.3150853868904599,0.9455111388846398,0.999834536345369,0.9583333333333334,0.9791666666666666,0.9583333333333334
23,mean,17,rank4,4,32256,template,paraphrase,24,6.992040051416304,0.6547933759856421,0.9997836655656774,0.9166666666666666,0.9583333333333334,0.9166666666666666
23,mean,17,rank4,4,32256,expression,paraphrase,24,117.75389367505437,-0.5839611761675985,0.9975683605578481,0.0,0.23958333333333334,0.0
23,mean,17,rank4,4,32256,joint,paraphrase,96,83.52413233769794,-0.6338108410823362,0.9976238678111028,0.0,0.2689236111111111,0.0
23,mean,17,rank8,8,60928,dev,canonical,48,0.36692999356281114,0.9440872393205975,0.9999337440549018,1.0,1.0,1.0
23,mean,17,rank8,8,60928,expression,canonical,24,80.6109376897323,-0.8450586481246536,0.9983420775064489,0.0,0.30833333333333335,0.0
23,mean,17,rank8,8,60928,iid,canonical,24,0.2119952069966353,0.9717365256182494,0.9999290213391635,1.0,1.0,1.0
23,mean,17,rank8,8,60928,joint,canonical,96,69.40765625412574,-0.7735604967459664,0.99834747395025,0.0,0.2737847222222222,0.0
23,mean,17,rank8,8,60928,template,canonical,24,0.21121805161394494,0.9538018897341556,0.9998824021916746,1.0,1.0,1.0
23,mean,17,rank8,8,60928,topic,canonical,96,0.18358400889324403,0.9691638981718238,0.9999259826502431,1.0,1.0,1.0
23,mean,17,rank8,8,60928,train,canonical,168,0.17720090334339808,0.976075315079851,0.9999403249970177,1.0,1.0,1.0
23,mean,17,rank8,8,60928,iid,paraphrase,24,0.36989793989637637,0.9493131628378818,0.9998317193144356,0.9583333333333334,0.9791666666666666,0.9583333333333334
23,mean,17,rank8,8,60928,topic,paraphrase,96,0.308870414211029,0.9465859166980678,0.9998393690580641,0.9791666666666666,0.9895833333333334,0.9791666666666666
23,mean,17,rank8,8,60928,template,paraphrase,24,7.001168380889382,0.6543426978177369,0.9997764857045803,0.9583333333333334,0.9791666666666666,0.9583333333333334
23,mean,17,rank8,8,60928,expression,paraphrase,24,117.78644298651027,-0.5843990117588309,0.9975602624632963,0.0,0.23958333333333334,0.0
23,mean,17,rank8,8,60928,joint,paraphrase,96,83.51837918146983,-0.6336983039178923,0.9976121517214079,0.0,0.26875,0.0
23,mean,17,rank16,16,118272,dev,canonical,48,0.3518877742752469,0.9463793713944741,0.9999455502465725,1.0,1.0,1.0
23,mean,17,rank16,16,118272,expression,canonical,24,80.61831222670341,-0.8452274397750725,0.9983214875796614,0.0,0.30624999999999997,0.0
23,mean,17,rank16,16,118272,iid,canonical,24,0.1919946434919476,0.974403026537038,0.999941799375564,1.0,1.0,1.0
23,mean,17,rank16,16,118272,joint,canonical,96,69.41666582626537,-0.773790716610774,0.9983111772332857,0.0,0.26944444444444443,0.0
23,mean,17,rank16,16,118272,template,canonical,24,0.2190534207342675,0.9520881193256686,0.9998764950685759,1.0,1.0,1.0
23,mean,17,rank16,16,118272,topic,canonical,96,0.17259936848708168,0.9710089580555923,0.9999337199588596,1.0,1.0,1.0
23,mean,17,rank16,16,118272,train,canonical,168,0.15626837323254583,0.9789015094052443,0.9999542533054143,1.0,1.0,1.0
23,mean,17,rank16,16,118272,iid,paraphrase,24,0.3700016234868892,0.9492989551532698,0.9998318383970451,0.9583333333333334,0.9791666666666666,0.9583333333333334
23,mean,17,rank16,16,118272,topic,paraphrase,96,0.3068712822144775,0.946931633859966,0.9998402686295393,0.9895833333333334,0.9947916666666666,0.9895833333333334
23,mean,17,rank16,16,118272,template,paraphrase,24,7.025141498474881,0.6531591120648045,0.9997642340876277,0.9583333333333334,0.9791666666666666,0.9583333333333334
23,mean,17,rank16,16,118272,expression,paraphrase,24,117.78837946963851,-0.5844250602740664,0.997548755894006,0.0,0.23958333333333334,0.0
23,mean,17,rank16,16,118272,joint,paraphrase,96,83.50988118366058,-0.6335320750621156,0.9975522670592119,0.0,0.26180555555555557,0.0
23,mean,17,rank32,32,232960,dev,canonical,48,0.3417841922980555,0.9479189543421918,0.9999530200225814,1.0,1.0,1.0
23,mean,17,rank32,32,232960,expression,canonical,24,80.6251825317034,-0.8453846903420401,0.9983125881493194,0.0,0.30624999999999997,0.0
23,mean,17,rank32,32,232960,iid,canonical,24,0.17748370335332989,0.9763376437893491,0.9999508983449327,1.0,1.0,1.0
23,mean,17,rank32,32,232960,joint,canonical,96,69.40979985092945,-0.7736152716629883,0.9983088651832596,0.0,0.26857638888888885,0.0
23,mean,17,rank32,32,232960,template,canonical,24,0.2201738618892739,0.9518430537944328,0.9998755467572383,1.0,1.0,1.0
23,mean,17,rank32,32,232960,topic,canonical,96,0.16895451202100617,0.971621174586948,0.9999362967074125,1.0,1.0,1.0
23,mean,17,rank32,32,232960,train,canonical,168,0.13847736422761112,0.9813035529435311,0.999966234134715,1.0,1.0,1.0
23,mean,17,rank32,32,232960,iid,paraphrase,24,0.3700191020159977,0.9492965600835405,0.9998323379348899,1.0,1.0,1.0
23,mean,17,rank32,32,232960,topic,paraphrase,96,0.3095290999602669,0.9464720077774953,0.9998383848672273,0.9895833333333334,0.9947916666666666,0.9895833333333334
23,mean,17,rank32,32,232960,template,paraphrase,24,7.030958556718464,0.6528719159070028,0.999763203534965,0.9583333333333334,0.9791666666666666,0.9583333333333334
23,mean,17,rank32,32,232960,expression,paraphrase,24,117.79697830354614,-0.5845407270995524,0.9975427909567373,0.0,0.23958333333333334,0.0
23,mean,17,rank32,32,232960,joint,paraphrase,96,83.5088124342722,-0.6335111693156172,0.997529055127591,0.0,0.2604166666666667,0.0
23,mean,29,identity,0,0,dev,canonical,48,6.5625447412040065,0.0,0.9996542000022443,0.0,0.49652777777777785,0.0
23,mean,29,identity,0,0,expression,canonical,24,43.69017633757415,0.0,0.9988432230162448,0.0,0.4479166666666667,0.0
23,mean,29,identity,0,0,iid,canonical,24,7.500677522276533,0.0,0.9996486663635857,0.0,0.5,0.0
23,mean,29,identity,0,0,joint,canonical,96,39.134642647640824,0.0,0.9988065430000398,0.0,0.3932291666666667,0.0
23,mean,29,identity,0,0,template,canonical,24,4.5720063093166114,0.0,0.9997941083126335,0.0,0.5,0.0
23,mean,29,identity,0,0,topic,canonical,96,5.953541401445743,0.0,0.9996609887193498,0.0,0.5,0.0
23,mean,29,identity,0,0,train,canonical,168,7.406613877458527,0.0,0.9996511020904146,0.0,0.496031746031746,0.0
23,mean,29,identity,0,0,iid,paraphrase,24,7.297712001900703,0.0,0.9997412864814393,0.0,0.5,0.0
23,mean,29,identity,0,0,topic,paraphrase,96,5.782565104882295,0.0,0.9997527302000426,0.0,0.5,0.0
23,mean,29,identity,0,0,template,paraphrase,24,20.254652040296566,0.0,0.9996139935088113,0.0,0.5,0.0
23,mean,29,identity,0,0,expression,paraphrase,24,74.34140144770497,0.0,0.9980934963738578,0.0,0.2652777777777778,0.0
23,mean,29,identity,0,0,joint,paraphrase,96,51.12227819615057,0.0,0.9981977144274081,0.0,0.39479166666666665,0.0
23,mean,29,shift,0,3584,dev,canonical,48,0.9212579776529585,0.8596187890546955,0.9999002488633607,0.9791666666666666,0.9895833333333334,0.9791666666666666
23,mean,29,shift,0,3584,expression,canonical,24,80.90562587224294,-0.8518036010457342,0.9983386716210857,0.0,0.3048611111111111,0.0
23,mean,29,shift,0,3584,iid,canonical,24,1.0083029490042972,0.8655717505505733,0.9998889030570469,0.9583333333333334,0.9791666666666666,0.9583333333333334
23,mean,29,shift,0,3584,joint,canonical,96,75.40996598898766,-0.9269363634660313,0.9982372836626129,0.0,0.2564236111111111,0.0
23,mean,29,shift,0,3584,template,canonical,24,0.7211656252135169,0.8422649540653606,0.9998705101809028,1.0,1.0,1.0
23,mean,29,shift,0,3584,topic,canonical,96,1.3062346573217154,0.7805953517003321,0.9998896704729114,0.96875,0.984375,0.96875
23,mean,29,shift,0,3584,train,canonical,168,1.2658712755869117,0.8290890686985188,0.9998926009478681,0.9642857142857143,0.9821428571428571,0.9642857142857143
23,mean,29,shift,0,3584,iid,paraphrase,24,1.0983087406834466,0.8494995773473398,0.9998243003152121,0.7916666666666666,0.8958333333333334,0.7916666666666666
23,mean,29,shift,0,3584,topic,paraphrase,96,1.3723576902445924,0.7626731968679621,0.9998132345916168,0.875,0.9375,0.875
23,mean,29,shift,0,3584,template,paraphrase,24,4.999352412807614,0.7531751025462488,0.999809776671465,0.9583333333333334,0.9791666666666666,0.9583333333333334
23,mean,29,shift,0,3584,expression,paraphrase,24,121.2792555548698,-0.6313824220839179,0.9974858289331398,0.0,0.23750000000000002,0.0
23,mean,29,shift,0,3584,joint,paraphrase,96,91.43302336962684,-0.7885162124193363,0.9975460570485568,0.0,0.24774305555555556,0.0
23,mean,29,lowrank,32,232960,dev,canonical,48,0.23539038173977533,0.9641312339919241,0.9999521378834778,1.0,1.0,1.0
23,mean,29,lowrank,32,232960,expression,canonical,24,82.03554420790043,-0.8776656696015377,0.998304187405465,0.0,0.30277777777777776,0.0
23,mean,29,lowrank,32,232960,iid,canonical,24,0.29250890778957456,0.9610023351996081,0.9999484507936587,1.0,1.0,1.0
23,mean,29,lowrank,32,232960,joint,canonical,96,72.16147494276332,-0.8439282962792933,0.998270419211167,0.0,0.2668402777777778,0.0
23,mean,29,lowrank,32,232960,template,canonical,24,0.31177880442276074,0.9318070047743737,0.9998760090321515,1.0,1.0,1.0
23,mean,29,lowrank,32,232960,topic,canonical,96,0.27955200935565644,0.9530444166747928,0.9999329150362248,1.0,1.0,1.0
23,mean,29,lowrank,32,232960,train,canonical,168,0.16774033094006977,0.9773526291885453,0.9999646555366081,1.0,1.0,1.0
23,mean,29,lowrank,32,232960,iid,paraphrase,24,0.4665665741911557,0.9360667324128936,0.9998347721469445,1.0,1.0,1.0
23,mean,29,lowrank,32,232960,topic,paraphrase,96,0.4034050426019326,0.9302376998295562,0.9998384678036619,0.9895833333333334,0.9947916666666666,0.9895833333333334
23,mean,29,lowrank,32,232960,template,paraphrase,24,5.309037280610329,0.7378855351329652,0.9997812745232371,1.0,1.0,1.0
23,mean,29,lowrank,32,232960,expression,paraphrase,24,120.05124672541865,-0.6148639168427301,0.997515196056067,0.0,0.24305555555555558,0.0
23,mean,29,lowrank,32,232960,joint,paraphrase,96,86.80118046022749,-0.6979129945496734,0.9975243166712945,0.0,0.2592013888888889,0.0
23,mean,29,full_delta,0,12848640,dev,canonical,48,0.2260989437093368,0.9655470625152865,0.9999588593191259,1.0,1.0,1.0
23,mean,29,full_delta,0,12848640,expression,canonical,24,82.04433330864084,-0.8778668384105741,0.9982971998335408,0.0,0.29930555555555555,0.0
23,mean,29,full_delta,0,12848640,iid,canonical,24,0.28082280083215994,0.9625603420493504,0.9999557393367343,1.0,1.0,1.0
23,mean,29,full_delta,0,12848640,joint,canonical,96,72.16585109242716,-0.8440401191903455,0.9982597043046196,0.0,0.26510416666666664,0.0
23,mean,29,full_delta,0,12848640,template,canonical,24,0.3281438247761636,0.9282276089366963,0.999863276040753,1.0,1.0,1.0
23,mean,29,full_delta,0,12848640,topic,canonical,96,0.2758023125036156,0.9536742429578737,0.9999355683795116,1.0,1.0,1.0
23,mean,29,full_delta,0,12848640,train,canonical,168,0.1501898624107533,0.9797221962835345,0.9999766782959751,1.0,1.0,1.0
23,mean,29,full_delta,0,12848640,iid,paraphrase,24,0.46633252361330163,0.9360988041879641,0.9998352658969821,1.0,1.0,1.0
23,mean,29,full_delta,0,12848640,topic,paraphrase,96,0.4030764027717442,0.9302945327098139,0.9998391518089713,0.9895833333333334,0.9947916666666666,0.9895833333333334
23,mean,29,full_delta,0,12848640,template,paraphrase,24,5.318352087123222,0.7374256503373953,0.9997717399353085,1.0,1.0,1.0
23,mean,29,full_delta,0,12848640,expression,paraphrase,24,120.06570874903973,-0.6150584520995244,0.9975139654411845,0.0,0.25,0.0
23,mean,29,full_delta,0,12848640,joint,paraphrase,96,86.81215868846574,-0.6981277390529628,0.9975080617647576,0.0,0.2555555555555556,0.0
23,mean,29,full_affine,0,12848640,dev,canonical,48,0.26225287792616697,0.9600379291466663,0.9999323700395961,1.0,1.0,1.0
23,mean,29,full_affine,0,12848640,expression,canonical,24,82.0459271509789,-0.8779033189760388,0.998246571490523,0.0,0.2819444444444444,0.0
23,mean,29,full_affine,0,12848640,iid,canonical,24,0.31933326898023334,0.9574260767734869,0.9999288057635148,1.0,1.0,1.0
23,mean,29,full_affine,0,12848640,joint,canonical,96,72.49653809909688,-0.8524901006977057,0.9976874167893902,0.0,0.23993055555555556,0.0
23,mean,29,full_affine,0,12848640,template,canonical,24,1.270042937345661,0.7222132141949084,0.9991167509812892,0.7083333333333334,0.8263888888888888,1.0
23,mean,29,full_affine,0,12848640,topic,canonical,96,0.5641698686814304,0.9052379364415895,0.9997154450115411,1.0,1.0,1.0
23,mean,29,full_affine,0,12848640,train,canonical,168,0.16849464656936317,0.9772507856684465,0.999963823004877,0.9940476190476191,0.9970238095238095,1.0
23,mean,29,full_affine,0,12848640,iid,paraphrase,24,0.3657406638829806,0.9498828312507095,0.9998932625705542,1.0,1.0,1.0
23,mean,29,full_affine,0,12848640,topic,paraphrase,96,0.6003415971908806,0.8961807456894857,0.9996808847468369,1.0,1.0,1.0
23,mean,29,full_affine,0,12848640,template,paraphrase,24,6.133070858789743,0.6972018652017316,0.9991840710533819,1.0,1.0,1.0
23,mean,29,full_affine,0,12848640,expression,paraphrase,24,119.96913495246058,-0.6137593940417194,0.9974540428716868,0.0,0.2263888888888889,0.0
23,mean,29,full_affine,0,12848640,joint,paraphrase,96,87.25366810538851,-0.7067640798519537,0.9965508688172277,0.0,0.20052083333333334,0.0
23,mean,29,shuffled,32,232960,dev,canonical,48,25.957415301866916,-2.9553886983640743,0.9993280032350906,0.7083333333333334,0.8315972222222222,0.9375
23,mean,29,shuffled,32,232960,expression,canonical,24,95.22392121616213,-1.1795270515827205,0.9977937231552589,0.0,0.23750000000000002,0.0
23,mean,29,shuffled,32,232960,iid,canonical,24,24.20034175304942,-2.2264207708138297,0.9992391700715006,0.75,0.8402777777777778,0.9166666666666666
23,mean,29,shuffled,32,232960,joint,canonical,96,77.45045708699335,-0.9790766402120792,0.9977070079746223,0.0,0.2786458333333333,0.0
23,mean,29,shuffled,32,232960,template,canonical,24,19.71874551552332,-3.3129305126594906,0.9990576980636087,0.9166666666666666,0.9583333333333334,0.9166666666666666
23,mean,29,shuffled,32,232960,topic,canonical,96,20.615297382301037,-2.4626948890109124,0.9993975631063431,0.6770833333333334,0.810763888888889,0.9895833333333334
23,mean,29,shuffled,32,232960,train,canonical,168,19.16067369454101,-1.586968081710737,0.9992698303920656,0.7738095238095238,0.8735119047619048,0.9642857142857143
23,mean,29,shuffled,32,232960,iid,paraphrase,24,30.265069067633856,-3.147199705846334,0.9990647914829772,0.5416666666666666,0.7326388888888888,0.625
23,mean,29,shuffled,32,232960,topic,paraphrase,96,23.6335533611351,-3.087036277582242,0.9992852506802471,0.5,0.7239583333333334,0.7708333333333334
23,mean,29,shuffled,32,232960,template,paraphrase,24,24.80147431459876,-0.22448286276438156,0.9990286834567632,0.9583333333333334,0.9791666666666666,1.0
23,mean,29,shuffled,32,232960,expression,paraphrase,24,121.06738554000641,-0.6285324621593336,0.9970368477466541,0.0,0.2125,0.0
23,mean,29,shuffled,32,232960,joint,paraphrase,96,152.23259505845854,-1.9778132045359715,0.9964430580364102,0.0,0.22430555555555554,0.0
23,mean,29,random_subspace,32,118272,dev,canonical,48,0.9127240468175403,0.8609191886972056,0.9998950588499472,0.9791666666666666,0.9895833333333334,0.9791666666666666
23,mean,29,random_subspace,32,118272,expression,canonical,24,80.9190557052824,-0.8521109889797105,0.9983316966211443,0.0,0.3048611111111111,0.0
23,mean,29,random_subspace,32,118272,iid,canonical,24,0.9995301938587623,0.8667413455797531,0.9998850700149781,0.9583333333333334,0.9791666666666666,0.9583333333333334
23,mean,29,random_subspace,32,118272,joint,canonical,96,75.37639193348112,-0.9260784520802332,0.9982340728052549,0.0,0.2564236111111111,0.0
23,mean,29,random_subspace,32,118272,template,canonical,24,0.716857157488838,0.8432073122847488,0.9998665367401829,1.0,1.0,1.0
23,mean,29,random_subspace,32,118272,topic,canonical,96,1.2939034683623376,0.7826665876467862,0.9998833910433098,0.96875,0.984375,0.96875
23,mean,29,random_subspace,32,118272,train,canonical,168,1.2529335797507375,0.8308358447624836,0.9998866660768102,0.9702380952380952,0.9851190476190477,0.9702380952380952
23,mean,29,random_subspace,32,118272,iid,paraphrase,24,1.0907151541020486,0.8505401208189677,0.9998203025280787,0.7916666666666666,0.8958333333333334,0.7916666666666666
23,mean,29,random_subspace,32,118272,topic,paraphrase,96,1.360785145938576,0.7646744790145731,0.9998068777269964,0.8854166666666666,0.9427083333333334,0.8854166666666666
23,mean,29,random_subspace,32,118272,template,paraphrase,24,5.001543465314395,0.7530669272736041,0.9998050829001187,0.9583333333333334,0.9791666666666666,0.9583333333333334
23,mean,29,random_subspace,32,118272,expression,paraphrase,24,121.26557145670124,-0.6311983510561716,0.9974790757988817,0.0,0.23750000000000002,0.0
23,mean,29,random_subspace,32,118272,joint,paraphrase,96,91.38034330642311,-0.7874857406746776,0.9975397744998565,0.0,0.24722222222222223,0.0
23,mean,29,rank1,1,10752,dev,canonical,48,0.2969629874458357,0.9547488056605077,0.9999068540262362,1.0,1.0,1.0
23,mean,29,rank1,1,10752,expression,canonical,24,81.96523438928983,-0.8760563875041769,0.9983658357519887,0.0,0.3208333333333333,0.0
23,mean,29,rank1,1,10752,iid,canonical,24,0.3712916110348514,0.9504989236062824,0.9998990118169555,0.9583333333333334,0.9791666666666666,0.9583333333333334
23,mean,29,rank1,1,10752,joint,canonical,96,72.30683512458619,-0.8476426570601405,0.9982726125156676,0.0,0.26076388888888885,0.0
23,mean,29,rank1,1,10752,template,canonical,24,0.31870945889647845,0.9302911156865581,0.9998726712681484,1.0,1.0,1.0
23,mean,29,rank1,1,10752,topic,canonical,96,0.32800866813319723,0.9449052847682314,0.9998979347096354,1.0,1.0,1.0
23,mean,29,rank1,1,10752,train,canonical,168,0.2614864509498611,0.9646955470777712,0.9999023038463203,0.9880952380952381,0.9940476190476191,0.9880952380952381
23,mean,29,rank1,1,10752,iid,paraphrase,24,0.4741939283509153,0.9350215617953394,0.9998275853712296,0.9583333333333334,0.9791666666666666,0.9583333333333334
23,mean,29,rank1,1,10752,topic,paraphrase,96,0.42483779166499974,0.9265312566379402,0.9998210096085282,0.9479166666666666,0.9739583333333334,0.9479166666666666
23,mean,29,rank1,1,10752,template,paraphrase,24,5.252795878273056,0.7406622504389295,0.9998054122646938,0.9583333333333334,0.9791666666666666,0.9583333333333334
23,mean,29,rank1,1,10752,expression,paraphrase,24,120.0288097352689,-0.6145621066842877,0.997531103583908,0.0,0.23958333333333334,0.0
23,mean,29,rank1,1,10752,joint,paraphrase,96,86.86948389526906,-0.6992490741895419,0.9976011412420706,0.0,0.2574652777777778,0.0
23,mean,29,rank2,2,17920,dev,canonical,48,0.288719487766899,0.9560049494285157,0.9999132228077667,1.0,1.0,1.0
23,mean,29,rank2,2,17920,expression,canonical,24,82.00177552487959,-0.87689275711064,0.998344496126642,0.0,0.3048611111111111,0.0
23,mean,29,rank2,2,17920,iid,canonical,24,0.3586832634001496,0.9521798847724244,0.9999076779534137,0.9583333333333334,0.9791666666666666,0.9583333333333334
23,mean,29,rank2,2,17920,joint,canonical,96,72.16961764089484,-0.8441363650792268,0.9983606874254395,0.0,0.2737847222222222,0.0
23,mean,29,rank2,2,17920,template,canonical,24,0.3055929302363845,0.9331599937616748,0.9998822185041402,1.0,1.0,1.0
23,mean,29,rank2,2,17920,topic,canonical,96,0.31693524690100955,0.9467652569235437,0.9999054913134144,1.0,1.0,1.0
23,mean,29,rank2,2,17920,train,canonical,168,0.24566839349037467,0.9668312136213759,0.9999140251783261,0.9940476190476191,0.9970238095238095,0.9940476190476191
23,mean,29,rank2,2,17920,iid,paraphrase,24,0.47548405180147285,0.934844777146915,0.9998269551008123,0.9583333333333334,0.9791666666666666,0.9583333333333334
23,mean,29,rank2,2,17920,topic,paraphrase,96,0.41953705803593877,0.9274479317696366,0.9998259338210936,0.9479166666666666,0.9739583333333334,0.9479166666666666
23,mean,29,rank2,2,17920,template,paraphrase,24,5.2678296696553515,0.7399200115027885,0.9998002730913891,0.9583333333333334,0.9791666666666666,0.9583333333333334
23,mean,29,rank2,2,17920,expression,paraphrase,24,120.01689448125894,-0.6144018291837576,0.997545404698522,0.0,0.25,0.0
23,mean,29,rank2,2,17920,joint,paraphrase,96,86.81969313835327,-0.6982751200021964,0.9976491128719248,0.0,0.26753472222222224,0.0
23,mean,29,rank4,4,32256,dev,canonical,48,0.27667594222255326,0.9578401438567881,0.9999220396811438,1.0,1.0,1.0
23,mean,29,rank4,4,32256,expression,canonical,24,82.0108220625463,-0.8770998182494372,0.9983399581642867,0.0,0.3138888888888889,0.0
23,mean,29,rank4,4,32256,iid,canonical,24,0.3424742940507211,0.9543408854688668,0.9999171413899127,1.0,1.0,1.0
23,mean,29,rank4,4,32256,joint,canonical,96,72.18028567599517,-0.844408963329232,0.9983326228660682,0.0,0.27291666666666664,0.0
23,mean,29,rank4,4,32256,template,canonical,24,0.3051789596629029,0.9332505383815801,0.9998825034781561,1.0,1.0,1.0
23,mean,29,rank4,4,32256,topic,canonical,96,0.30689726417517355,0.9484513093163932,0.9999128054212504,1.0,1.0,1.0
23,mean,29,rank4,4,32256,train,canonical,168,0.2272851269253751,0.9693132204964673,0.9999257128604213,1.0,1.0,1.0
23,mean,29,rank4,4,32256,iid,paraphrase,24,0.4740172258014801,0.935045775213105,0.9998283221466627,0.9583333333333334,0.9791666666666666,0.9583333333333334
23,mean,29,rank4,4,32256,topic,paraphrase,96,0.4138291221776149,0.9284350258627934,0.9998306306972896,0.96875,0.984375,0.96875
23,mean,29,rank4,4,32256,template,paraphrase,24,5.2825341148560545,0.7391940328401362,0.9997961999532169,0.9583333333333334,0.9791666666666666,0.9583333333333334
23,mean,29,rank4,4,32256,expression,paraphrase,24,120.02959223627649,-0.6145726324612082,0.9975429509391923,0.0,0.25,0.0
23,mean,29,rank4,4,32256,joint,paraphrase,96,86.81570977415869,-0.6981972016398867,0.997603273095207,0.0,0.26753472222222224,0.0
23,mean,29,rank8,8,60928,dev,canonical,48,0.2575137087971442,0.9607600833286054,0.9999358421945987,1.0,1.0,1.0
23,mean,29,rank8,8,60928,expression,canonical,24,82.01946910588448,-0.8772977355860798,0.9983299118418091,0.0,0.30624999999999997,0.0
23,mean,29,rank8,8,60928,iid,canonical,24,0.32041447338008033,0.9572819292085989,0.9999306815294423,1.0,1.0,1.0
23,mean,29,rank8,8,60928,joint,canonical,96,72.18569645461737,-0.8445472239151515,0.9983156064101778,0.0,0.26857638888888885,0.0
23,mean,29,rank8,8,60928,template,canonical,24,0.3049921845412277,0.9332913902765774,0.9998825129232468,1.0,1.0,1.0
23,mean,29,rank8,8,60928,topic,canonical,96,0.2921306136247643,0.9509316230581979,0.9999239120593139,1.0,1.0,1.0
23,mean,29,rank8,8,60928,train,canonical,168,0.2045467909360055,0.9723832247339734,0.9999404885177761,1.0,1.0,1.0
23,mean,29,rank8,8,60928,iid,paraphrase,24,0.46646736676644535,0.9360803267318643,0.9998335619946017,0.9583333333333334,0.9791666666666666,0.9583333333333334
23,mean,29,rank8,8,60928,topic,paraphrase,96,0.4048893793547874,0.9299810080801453,0.9998380052546366,0.9791666666666666,0.9895833333333334,0.9791666666666666
23,mean,29,rank8,8,60928,template,paraphrase,24,5.280032642450361,0.7393175339696899,0.9997963140701325,1.0,1.0,1.0
23,mean,29,rank8,8,60928,expression,paraphrase,24,120.04684314837708,-0.6148046823252766,0.9975322478585066,0.0,0.25,0.0
23,mean,29,rank8,8,60928,joint,paraphrase,96,86.81113006169642,-0.6981076181427526,0.997591276429191,0.0,0.26319444444444445,0.0
23,mean,29,rank16,16,118272,dev,canonical,48,0.24592885298836734,0.9625253826546487,0.9999444191342802,1.0,1.0,1.0
23,mean,29,rank16,16,118272,expression,canonical,24,82.03058791414564,-0.8775522277670051,0.9983129950781384,0.0,0.30972222222222223,0.0
23,mean,29,rank16,16,118272,iid,canonical,24,0.30584581980889075,0.9592242408901664,0.9999400354753499,1.0,1.0,1.0
23,mean,29,rank16,16,118272,joint,canonical,96,72.15991313122753,-0.8438883876093752,0.9982775615816403,0.0,0.2668402777777778,0.0
23,mean,29,rank16,16,118272,template,canonical,24,0.30833507240876123,0.9325602259602199,0.9998793674623515,1.0,1.0,1.0
23,mean,29,rank16,16,118272,topic,canonical,96,0.28371082692130173,0.9523458715089466,0.9999299539766157,1.0,1.0,1.0
23,mean,29,rank16,16,118272,train,canonical,168,0.18493965190043032,0.9750304720942345,0.9999534495283051,1.0,1.0,1.0
23,mean,29,rank16,16,118272,iid,paraphrase,24,0.46995036669506635,0.9356030538650104,0.9998319645876759,0.9583333333333334,0.9791666666666666,0.9583333333333334
23,mean,29,rank16,16,118272,topic,paraphrase,96,0.4029189075684534,0.9303217689277266,0.9998385145084941,0.9791666666666666,0.9895833333333334,0.9791666666666666
23,mean,29,rank16,16,118272,template,paraphrase,24,5.300674185782019,0.7382984326150681,0.9997872635537396,1.0,1.0,1.0
23,mean,29,rank16,16,118272,expression,paraphrase,24,120.0565973935176,-0.6149358911127163,0.9975226680715777,0.0,0.24305555555555558,0.0
23,mean,29,rank16,16,118272,joint,paraphrase,96,86.78074506818837,-0.6975132589987516,0.9975392379104163,0.0,0.26180555555555557,0.0
23,mean,29,rank32,32,232960,dev,canonical,48,0.23539038173977533,0.9641312339919241,0.9999521378834778,1.0,1.0,1.0
23,mean,29,rank32,32,232960,expression,canonical,24,82.03554420790043,-0.8776656696015377,0.998304187405465,0.0,0.30277777777777776,0.0
23,mean,29,rank32,32,232960,iid,canonical,24,0.29250890778957456,0.9610023351996081,0.9999484507936587,1.0,1.0,1.0
23,mean,29,rank32,32,232960,joint,canonical,96,72.16147494276332,-0.8439282962792933,0.998270419211167,0.0,0.2668402777777778,0.0
23,mean,29,rank32,32,232960,template,canonical,24,0.31177880442276074,0.9318070047743737,0.9998760090321515,1.0,1.0,1.0
23,mean,29,rank32,32,232960,topic,canonical,96,0.27955200935565644,0.9530444166747928,0.9999329150362248,1.0,1.0,1.0
23,mean,29,rank32,32,232960,train,canonical,168,0.16774033094006977,0.9773526291885453,0.9999646555366081,1.0,1.0,1.0
23,mean,29,rank32,32,232960,iid,paraphrase,24,0.4665665741911557,0.9360667324128936,0.9998347721469445,1.0,1.0,1.0
23,mean,29,rank32,32,232960,topic,paraphrase,96,0.4034050426019326,0.9302376998295562,0.9998384678036619,0.9895833333333334,0.9947916666666666,0.9895833333333334
23,mean,29,rank32,32,232960,template,paraphrase,24,5.309037280610329,0.7378855351329652,0.9997812745232371,1.0,1.0,1.0
23,mean,29,rank32,32,232960,expression,paraphrase,24,120.05124672541865,-0.6148639168427301,0.997515196056067,0.0,0.24305555555555558,0.0
23,mean,29,rank32,32,232960,joint,paraphrase,96,86.80118046022749,-0.6979129945496734,0.9975243166712945,0.0,0.2592013888888889,0.0
23,mean,43,identity,0,0,dev,canonical,48,6.5625447412040065,0.0,0.9996542000022443,0.0,0.49652777777777785,0.0
23,mean,43,identity,0,0,expression,canonical,24,43.69017633757415,0.0,0.9988432230162448,0.0,0.4479166666666667,0.0
23,mean,43,identity,0,0,iid,canonical,24,7.500677522276533,0.0,0.9996486663635857,0.0,0.5,0.0
23,mean,43,identity,0,0,joint,canonical,96,39.134642647640824,0.0,0.9988065430000398,0.0,0.3932291666666667,0.0
23,mean,43,identity,0,0,template,canonical,24,4.5720063093166114,0.0,0.9997941083126335,0.0,0.5,0.0
23,mean,43,identity,0,0,topic,canonical,96,5.953541401445743,0.0,0.9996609887193498,0.0,0.5,0.0
23,mean,43,identity,0,0,train,canonical,168,7.406613877458527,0.0,0.9996511020904146,0.0,0.496031746031746,0.0
23,mean,43,identity,0,0,iid,paraphrase,24,7.297712001900703,0.0,0.9997412864814393,0.0,0.5,0.0
23,mean,43,identity,0,0,topic,paraphrase,96,5.782565104882295,0.0,0.9997527302000426,0.0,0.5,0.0
23,mean,43,identity,0,0,template,paraphrase,24,20.254652040296566,0.0,0.9996139935088113,0.0,0.5,0.0
23,mean,43,identity,0,0,expression,paraphrase,24,74.34140144770497,0.0,0.9980934963738578,0.0,0.2652777777777778,0.0
23,mean,43,identity,0,0,joint,paraphrase,96,51.12227819615057,0.0,0.9981977144274081,0.0,0.39479166666666665,0.0
23,mean,43,shift,0,3584,dev,canonical,48,0.9088700551665121,0.8615064596116163,0.9998999243059082,0.9791666666666666,0.9895833333333334,0.9791666666666666
23,mean,43,shift,0,3584,expression,canonical,24,79.40900601777501,-0.8175483066082794,0.9983496160621952,0.0,0.3069444444444444,0.0
23,mean,43,shift,0,3584,iid,canonical,24,1.0234149949683788,0.8635569930944369,0.9998889862360247,0.9583333333333334,0.9791666666666666,0.9583333333333334
23,mean,43,shift,0,3584,joint,canonical,96,73.94825584061105,-0.8895855650561031,0.9982496204271816,0.0,0.2564236111111111,0.0
23,mean,43,shift,0,3584,template,canonical,24,0.6505635804711289,0.8577071997592299,0.9998722214268979,1.0,1.0,1.0
23,mean,43,shift,0,3584,topic,canonical,96,1.2591349794133133,0.7885065552567505,0.9998900114735408,0.96875,0.984375,0.96875
23,mean,43,shift,0,3584,train,canonical,168,1.2698031343606184,0.8285582108951071,0.9998924878222976,0.9642857142857143,0.9821428571428571,0.9642857142857143
23,mean,43,shift,0,3584,iid,paraphrase,24,1.111893917517949,0.8476380107589401,0.9998234564556245,0.75,0.875,0.75
23,mean,43,shift,0,3584,topic,paraphrase,96,1.3243832263458508,0.7709695952705042,0.9998130913316609,0.875,0.9375,0.875
23,mean,43,shift,0,3584,template,paraphrase,24,5.3299318395409605,0.7368539420505927,0.9998060538158233,0.9583333333333334,0.9791666666666666,0.9583333333333334
23,mean,43,shift,0,3584,expression,paraphrase,24,119.44301793956754,-0.6066823548327784,0.9975014957127888,0.0,0.23750000000000002,0.0
23,mean,43,shift,0,3584,joint,paraphrase,96,89.82612020232692,-0.7570836702087878,0.9975647820407686,0.0,0.2494791666666667,0.0
23,mean,43,lowrank,32,232960,dev,canonical,48,0.36599611806912674,0.9442295431875443,0.9999508721296841,1.0,1.0,1.0
23,mean,43,lowrank,32,232960,expression,canonical,24,80.12336914453013,-0.8338989645052757,0.9983115557687431,0.0,0.30277777777777776,0.0
23,mean,43,lowrank,32,232960,iid,canonical,24,0.13389532332527734,0.9821489028254292,0.9999502301243077,1.0,1.0,1.0
23,mean,43,lowrank,32,232960,joint,canonical,96,69.79567704120284,-0.7834755173217449,0.9982857279388183,0.0,0.2703125,0.0
23,mean,43,lowrank,32,232960,template,canonical,24,0.21651007423781185,0.9526444060681591,0.9998708260323818,1.0,1.0,1.0
23,mean,43,lowrank,32,232960,topic,canonical,96,0.1546365415969264,0.9740261247600672,0.9999344114317991,1.0,1.0,1.0
23,mean,43,lowrank,32,232960,train,canonical,168,0.14138976773607284,0.980910336345954,0.9999660868910635,1.0,1.0,1.0
23,mean,43,lowrank,32,232960,iid,paraphrase,24,0.3326758849814716,0.9544136730944129,0.9998290095695997,1.0,1.0,1.0
23,mean,43,lowrank,32,232960,topic,paraphrase,96,0.2923624887547613,0.9494406922443612,0.9998375220410769,1.0,1.0,1.0
23,mean,43,lowrank,32,232960,template,paraphrase,24,6.431291959081956,0.6824782797410234,0.9997669556773991,1.0,1.0,1.0
23,mean,43,lowrank,32,232960,expression,paraphrase,24,118.28898427728734,-0.5911589232077774,0.9975459442247171,0.0,0.23958333333333334,0.0
23,mean,43,lowrank,32,232960,joint,paraphrase,96,85.18626591570293,-0.6663237422411534,0.9974932480539964,0.0,0.25677083333333334,0.0
23,mean,43,full_delta,0,12848640,dev,canonical,48,0.3573980739874092,0.9455397124009796,0.9999571506899062,1.0,1.0,1.0
23,mean,43,full_delta,0,12848640,expression,canonical,24,80.1270449374545,-0.833983097672786,0.9983060836732515,0.0,0.29930555555555555,0.0
23,mean,43,full_delta,0,12848640,iid,canonical,24,0.1252969227868198,0.983295252673549,0.9999557048663732,1.0,1.0,1.0
23,mean,43,full_delta,0,12848640,joint,canonical,96,69.8101227425111,-0.7838446455501109,0.9982798147664478,0.0,0.26857638888888885,0.0
23,mean,43,full_delta,0,12848640,template,canonical,24,0.22515713008848537,0.9507531016241882,0.999863896078212,1.0,1.0,1.0
23,mean,43,full_delta,0,12848640,topic,canonical,96,0.15238115860676188,0.9744049552473494,0.9999358298831972,1.0,1.0,1.0
23,mean,43,full_delta,0,12848640,train,canonical,168,0.12487549050500192,0.9831400026285897,0.9999774340984916,1.0,1.0,1.0
23,mean,43,full_delta,0,12848640,iid,paraphrase,24,0.3311053369059532,0.9546288841187873,0.999830052990741,1.0,1.0,1.0
23,mean,43,full_delta,0,12848640,topic,paraphrase,96,0.29181893066896786,0.9495346917196693,0.9998378613532658,1.0,1.0,1.0
23,mean,43,full_delta,0,12848640,template,paraphrase,24,6.446287177400051,0.6817379452100593,0.9997569821790179,1.0,1.0,1.0
23,mean,43,full_delta,0,12848640,expression,paraphrase,24,118.29422103383963,-0.5912293652017446,0.9975393252973204,0.0,0.23958333333333334,0.0
23,mean,43,full_delta,0,12848640,joint,paraphrase,96,85.20733152857844,-0.6667358055063051,0.9974722366171623,0.0,0.25677083333333334,0.0
23,mean,43,full_affine,0,12848640,dev,canonical,48,0.3949326742630208,0.9398201932577508,0.9999298182762549,1.0,1.0,1.0
23,mean,43,full_affine,0,12848640,expression,canonical,24,80.13099897681933,-0.8340735994673834,0.9982485854598767,0.0,0.27777777777777773,0.0
23,mean,43,full_affine,0,12848640,iid,canonical,24,0.173450888767018,0.9768753038306366,0.9999248352779674,1.0,1.0,1.0
23,mean,43,full_affine,0,12848640,joint,canonical,96,70.13043354926296,-0.7920294860157788,0.9976849241179243,0.0,0.24045138888888892,0.0
23,mean,43,full_affine,0,12848640,template,canonical,24,1.1501171924061602,0.7484436558929266,0.9991241953166075,0.6666666666666666,0.8125,1.0
23,mean,43,full_affine,0,12848640,topic,canonical,96,0.44437902223557235,0.9253588759578188,0.9997131669591548,1.0,1.0,1.0
23,mean,43,full_affine,0,12848640,train,canonical,168,0.14640111291159824,0.9802337322650019,0.9999629681060033,1.0,1.0,1.0
23,mean,43,full_affine,0,12848640,iid,paraphrase,24,0.24244356409521706,0.9667781403223268,0.9998850693538056,1.0,1.0,1.0
23,mean,43,full_affine,0,12848640,topic,paraphrase,96,0.4924809552385588,0.9148334785158319,0.9996782950400084,1.0,1.0,1.0
23,mean,43,full_affine,0,12848640,template,paraphrase,24,7.270405410707272,0.6410500957388543,0.9991586767081445,0.9166666666666666,0.9583333333333334,1.0
23,mean,43,full_affine,0,12848640,expression,paraphrase,24,118.20461099955435,-0.5900239798775477,0.9974606634065285,0.0,0.22430555555555554,0.0
23,mean,43,full_affine,0,12848640,joint,paraphrase,96,85.65896341837906,-0.6755701514262533,0.99650073746737,0.0,0.20104166666666665,0.0
23,mean,43,shuffled,32,232960,dev,canonical,48,21.091662900817955,-2.213945768383187,0.999223903253276,0.6666666666666666,0.7951388888888888,0.9583333333333334
23,mean,43,shuffled,32,232960,expression,canonical,24,101.24357301142356,-1.317307493317501,0.9975463756334847,0.0,0.23611111111111108,0.0
23,mean,43,shuffled,32,232960,iid,canonical,24,25.28887401636183,-2.371545295909002,0.9991024094960826,0.5416666666666666,0.7222222222222222,0.8333333333333334
23,mean,43,shuffled,32,232960,joint,canonical,96,129.7016429957311,-2.314241148527518,0.9974457344941254,0.0,0.24861111111111112,0.0
23,mean,43,shuffled,32,232960,template,canonical,24,12.750679329510684,-1.788858646920056,0.9991907555446717,0.9583333333333334,0.9791666666666666,1.0
23,mean,43,shuffled,32,232960,topic,canonical,96,40.52627050467546,-5.80708636624819,0.9992003462035451,0.5416666666666666,0.7161458333333334,0.9270833333333334
23,mean,43,shuffled,32,232960,train,canonical,168,33.01468424506737,-3.4574598853526144,0.9991271952602732,0.6845238095238095,0.8174603174603173,0.9107142857142857
23,mean,43,shuffled,32,232960,iid,paraphrase,24,23.014244225528028,-2.153624618172644,0.999091500814171,0.5,0.7222222222222222,0.625
23,mean,43,shuffled,32,232960,topic,paraphrase,96,39.72379705406316,-5.869580598500109,0.9991305245402016,0.4583333333333333,0.6748263888888889,0.84375
23,mean,43,shuffled,32,232960,template,paraphrase,24,15.038168488081928,0.25754496013244077,0.9990473538851351,1.0,1.0,1.0
23,mean,43,shuffled,32,232960,expression,paraphrase,24,145.77832724905332,-0.9609305771777823,0.9967423915277042,0.0,0.22013888888888888,0.0
23,mean,43,shuffled,32,232960,joint,paraphrase,96,183.83807665388963,-2.596046247166903,0.996104116444311,0.0,0.22395833333333334,0.0
23,mean,43,random_subspace,32,118272,dev,canonical,48,0.9050832867042761,0.8620834870623337,0.9998978229826646,0.9791666666666666,0.9895833333333334,0.9791666666666666
23,mean,43,random_subspace,32,118272,expression,canonical,24,79.41401159203416,-0.817662876396702,0.9983468576116019,0.0,0.3069444444444444,0.0
23,mean,43,random_subspace,32,118272,iid,canonical,24,1.0174494491900288,0.8643523273506601,0.9998874963391066,0.9583333333333334,0.9791666666666666,0.9583333333333334
23,mean,43,random_subspace,32,118272,joint,canonical,96,73.92791370623944,-0.8890657664072492,0.9982492484212268,0.0,0.2564236111111111,0.0
23,mean,43,random_subspace,32,118272,template,canonical,24,0.6477266228871448,0.8583277058110705,0.9998699550756888,1.0,1.0,1.0
23,mean,43,random_subspace,32,118272,topic,canonical,96,1.2522398695888841,0.7896647079190894,0.9998868268393212,0.9791666666666666,0.9895833333333334,0.9791666666666666
23,mean,43,random_subspace,32,118272,train,canonical,168,1.2622903935181178,0.8295725395703691,0.9998901529098246,0.9642857142857143,0.9821428571428571,0.9642857142857143
23,mean,43,random_subspace,32,118272,iid,paraphrase,24,1.1075074000366665,0.8482390919581076,0.9998214033695062,0.7916666666666666,0.8958333333333334,0.7916666666666666
23,mean,43,random_subspace,32,118272,topic,paraphrase,96,1.317984547442092,0.7720761420689755,0.9998099623501151,0.875,0.9375,0.875
23,mean,43,random_subspace,32,118272,template,paraphrase,24,5.33494911101693,0.736606232464371,0.9998030791542413,0.9583333333333334,0.9791666666666666,0.9583333333333334
23,mean,43,random_subspace,32,118272,expression,paraphrase,24,119.43626118759789,-0.6065914666891858,0.9975005389328779,0.0,0.23750000000000002,0.0
23,mean,43,random_subspace,32,118272,joint,paraphrase,96,89.80240647205244,-0.7566198072685741,0.997563027281778,0.0,0.2494791666666667,0.0
23,mean,43,rank1,1,10752,dev,canonical,48,0.4261254276718189,0.935067044191513,0.9999050908089303,1.0,1.0,1.0
23,mean,43,rank1,1,10752,expression,canonical,24,80.05630952808367,-0.8323640744666474,0.9983796732638196,0.0,0.3208333333333333,0.0
23,mean,43,rank1,1,10752,iid,canonical,24,0.21526511911749427,0.9713005767174805,0.9998976685390352,0.9583333333333334,0.9791666666666666,0.9583333333333334
23,mean,43,rank1,1,10752,joint,canonical,96,69.89404758891868,-0.7859891610159406,0.9982936757722118,0.0,0.2659722222222222,0.0
23,mean,43,rank1,1,10752,template,canonical,24,0.20638561894145677,0.9548588508023503,0.9998769031766219,1.0,1.0,1.0
23,mean,43,rank1,1,10752,topic,canonical,96,0.20404352288917427,0.9657273697904201,0.9998981043858378,0.9895833333333334,0.9947916666666666,0.9895833333333334
23,mean,43,rank1,1,10752,train,canonical,168,0.23750521997094,0.9679333601156435,0.9999013417114393,0.9642857142857143,0.9821428571428571,0.9642857142857143
23,mean,43,rank1,1,10752,iid,paraphrase,24,0.32876390574484554,0.9549497286739709,0.9998278836783268,0.9583333333333334,0.9791666666666666,0.9583333333333334
23,mean,43,rank1,1,10752,topic,paraphrase,96,0.30628507270515765,0.9470330092009587,0.9998247671217154,0.9583333333333334,0.9791666666666666,0.9583333333333334
23,mean,43,rank1,1,10752,template,paraphrase,24,6.361621694738783,0.685917996414732,0.9998001622346102,0.9583333333333334,0.9791666666666666,0.9583333333333334
23,mean,43,rank1,1,10752,expression,paraphrase,24,118.24362464956103,-0.5905487702264911,0.9975460009544932,0.0,0.23958333333333334,0.0
23,mean,43,rank1,1,10752,joint,paraphrase,96,85.22426010732917,-0.6670669444803115,0.9976197349808076,0.0,0.26180555555555557,0.0
23,mean,43,rank2,2,17920,dev,canonical,48,0.4184606982676054,0.9362349949951226,0.9999108249972984,1.0,1.0,1.0
23,mean,43,rank2,2,17920,expression,canonical,24,80.08236963056741,-0.8329605495708534,0.9983538460627847,0.0,0.3048611111111111,0.0
23,mean,43,rank2,2,17920,iid,canonical,24,0.2006802282477165,0.9732450531766351,0.9999070195412182,0.9583333333333334,0.9791666666666666,0.9583333333333334
23,mean,43,rank2,2,17920,joint,canonical,96,69.80556683365667,-0.7837282292870202,0.9983523179341459,0.0,0.278125,0.0
23,mean,43,rank2,2,17920,template,canonical,24,0.20290957873634655,0.9556191385119335,0.9998805433318975,1.0,1.0,1.0
23,mean,43,rank2,2,17920,topic,canonical,96,0.19372524447603176,0.967460502680138,0.9999059236228919,1.0,1.0,1.0
23,mean,43,rank2,2,17920,train,canonical,168,0.2217664790114917,0.9700583177845383,0.999912701381094,1.0,1.0,1.0
23,mean,43,rank2,2,17920,iid,paraphrase,24,0.3395866079818844,0.9534667019069212,0.999822124285494,0.8333333333333334,0.9166666666666666,0.8333333333333334
23,mean,43,rank2,2,17920,topic,paraphrase,96,0.3089540175779327,0.9465714588639773,0.99982478918572,0.9479166666666666,0.9739583333333334,0.9479166666666666
23,mean,43,rank2,2,17920,template,paraphrase,24,6.377673511354146,0.6851254961741241,0.9997923357374789,0.9166666666666666,0.9583333333333334,0.9166666666666666
23,mean,43,rank2,2,17920,expression,paraphrase,24,118.21467552538904,-0.590159362391715,0.9975586181237305,0.0,0.23958333333333334,0.0
23,mean,43,rank2,2,17920,joint,paraphrase,96,85.19768750369032,-0.6665471592794856,0.9976486278171036,0.0,0.2670138888888889,0.0
23,mean,43,rank4,4,32256,dev,canonical,48,0.4053322292137905,0.9382355099739212,0.9999208922619033,1.0,1.0,1.0
23,mean,43,rank4,4,32256,expression,canonical,24,80.08583734957462,-0.8330399202508987,0.998356940894277,0.0,0.3048611111111111,0.0
23,mean,43,rank4,4,32256,iid,canonical,24,0.1868938811230113,0.9750830667539101,0.9999168392185945,1.0,1.0,1.0
23,mean,43,rank4,4,32256,joint,canonical,96,69.81550611964273,-0.7839822059510095,0.9983030593785478,0.0,0.27118055555555554,0.0
23,mean,43,rank4,4,32256,template,canonical,24,0.21025867182604238,0.9540117275434228,0.9998748190999779,1.0,1.0,1.0
23,mean,43,rank4,4,32256,topic,canonical,96,0.1823250384967251,0.9693753639720302,0.999914879336569,1.0,1.0,1.0
23,mean,43,rank4,4,32256,train,canonical,168,0.20421590667961928,0.972427898894374,0.999924972681698,1.0,1.0,1.0
23,mean,43,rank4,4,32256,iid,paraphrase,24,0.33635501463018197,0.9539095247191753,0.9998251376910595,0.9583333333333334,0.9791666666666666,0.9583333333333334
23,mean,43,rank4,4,32256,topic,paraphrase,96,0.30103800488678456,0.9479404037089675,0.9998307939752819,0.96875,0.984375,0.96875
23,mean,43,rank4,4,32256,template,paraphrase,24,6.403466585719175,0.6838520566544664,0.9997847285511305,0.9583333333333334,0.9791666666666666,0.9583333333333334
23,mean,43,rank4,4,32256,expression,paraphrase,24,118.22782427600019,-0.5903362322159997,0.9975685967540323,0.0,0.23958333333333334,0.0
23,mean,43,rank4,4,32256,joint,paraphrase,96,85.19933683675582,-0.6665794217905414,0.9975593133204307,0.0,0.26128472222222227,0.0
23,mean,43,rank8,8,60928,dev,canonical,48,0.3904620871402063,0.9405014209368164,0.9999328368934011,1.0,1.0,1.0
23,mean,43,rank8,8,60928,expression,canonical,24,80.10441489133322,-0.833465131209423,0.998336356712391,0.0,0.30833333333333335,0.0
23,mean,43,rank8,8,60928,iid,canonical,24,0.1648634671518974,0.978020189954539,0.9999303734255403,1.0,1.0,1.0
23,mean,43,rank8,8,60928,joint,canonical,96,69.80782670801953,-0.783785975422157,0.9983022164931862,0.0,0.2703125,0.0
23,mean,43,rank8,8,60928,template,canonical,24,0.2050187645943021,0.9551578124079739,0.9998795692153544,1.0,1.0,1.0
23,mean,43,rank8,8,60928,topic,canonical,96,0.16851754577100633,0.9716945706079941,0.9999247085479132,1.0,1.0,1.0
23,mean,43,rank8,8,60928,train,canonical,168,0.18070955539680458,0.9756015963047864,0.999940223647641,1.0,1.0,1.0
23,mean,43,rank8,8,60928,iid,paraphrase,24,0.3344381478238995,0.9541721915393764,0.9998270731284912,1.0,1.0,1.0
23,mean,43,rank8,8,60928,topic,paraphrase,96,0.29578800627564544,0.948848305049621,0.9998352983200697,0.9791666666666666,0.9895833333333334,0.9791666666666666
23,mean,43,rank8,8,60928,template,paraphrase,24,6.415899429078185,0.6832382300957937,0.9997814366963501,1.0,1.0,1.0
23,mean,43,rank8,8,60928,expression,paraphrase,24,118.2577856182188,-0.5907392558560598,0.997549893688085,0.0,0.23958333333333334,0.0
23,mean,43,rank8,8,60928,joint,paraphrase,96,85.18973612205174,-0.666391622751789,0.9975380277321445,0.0,0.26128472222222227,0.0
23,mean,43,rank16,16,118272,dev,canonical,48,0.37723599079319775,0.9425168123541071,0.9999424158495795,1.0,1.0,1.0
23,mean,43,rank16,16,118272,expression,canonical,24,80.11328964754456,-0.8336682605386061,0.9983229657615068,0.0,0.29930555555555555,0.0
23,mean,43,rank16,16,118272,iid,canonical,24,0.14837930746941894,0.9802178793810636,0.9999409816017703,1.0,1.0,1.0
23,mean,43,rank16,16,118272,joint,canonical,96,69.81664917850627,-0.7840114143143981,0.9982870285428501,0.0,0.26857638888888885,0.0
23,mean,43,rank16,16,118272,template,canonical,24,0.21070473194240233,0.9539141642230373,0.999875228247057,1.0,1.0,1.0
23,mean,43,rank16,16,118272,topic,canonical,96,0.16030542558520658,0.9730739378840503,0.9999304228062763,1.0,1.0,1.0
23,mean,43,rank16,16,118272,train,canonical,168,0.16022357430520506,0.9783675000538595,0.9999537286305463,1.0,1.0,1.0
23,mean,43,rank16,16,118272,iid,paraphrase,24,0.33248261501908255,0.9544401567323447,0.9998286421244603,1.0,1.0,1.0
23,mean,43,rank16,16,118272,topic,paraphrase,96,0.29237534211396005,0.9494384694662402,0.9998375144279811,0.9895833333333334,0.9947916666666666,0.9895833333333334
23,mean,43,rank16,16,118272,template,paraphrase,24,6.422141139937481,0.6829300682549051,0.9997750226719281,1.0,1.0,1.0
23,mean,43,rank16,16,118272,expression,paraphrase,24,118.27323434233979,-0.5909470636700118,0.9975422461620559,0.0,0.23958333333333334,0.0
23,mean,43,rank16,16,118272,joint,paraphrase,96,85.19106927023411,-0.6664177003881817,0.9975180876223599,0.0,0.2598958333333334,0.0
23,mean,43,rank32,32,232960,dev,canonical,48,0.36599611806912674,0.9442295431875443,0.9999508721296841,1.0,1.0,1.0
23,mean,43,rank32,32,232960,expression,canonical,24,80.12336914453013,-0.8338989645052757,0.9983115557687431,0.0,0.30277777777777776,0.0
23,mean,43,rank32,32,232960,iid,canonical,24,0.13389532332527734,0.9821489028254292,0.9999502301243077,1.0,1.0,1.0
23,mean,43,rank32,32,232960,joint,canonical,96,69.79567704120284,-0.7834755173217449,0.9982857279388183,0.0,0.2703125,0.0
23,mean,43,rank32,32,232960,template,canonical,24,0.21651007423781185,0.9526444060681591,0.9998708260323818,1.0,1.0,1.0
23,mean,43,rank32,32,232960,topic,canonical,96,0.1546365415969264,0.9740261247600672,0.9999344114317991,1.0,1.0,1.0
23,mean,43,rank32,32,232960,train,canonical,168,0.14138976773607284,0.980910336345954,0.9999660868910635,1.0,1.0,1.0
23,mean,43,rank32,32,232960,iid,paraphrase,24,0.3326758849814716,0.9544136730944129,0.9998290095695997,1.0,1.0,1.0
23,mean,43,rank32,32,232960,topic,paraphrase,96,0.2923624887547613,0.9494406922443612,0.9998375220410769,1.0,1.0,1.0
23,mean,43,rank32,32,232960,template,paraphrase,24,6.431291959081956,0.6824782797410234,0.9997669556773991,1.0,1.0,1.0
23,mean,43,rank32,32,232960,expression,paraphrase,24,118.28898427728734,-0.5911589232077774,0.9975459442247171,0.0,0.23958333333333334,0.0
23,mean,43,rank32,32,232960,joint,paraphrase,96,85.18626591570293,-0.6663237422411534,0.9974932480539964,0.0,0.25677083333333334,0.0
28,last,17,identity,0,0,dev,canonical,48,3.68131423438811,0.0,0.924645197696576,0.0,0.43576388888888884,0.0
28,last,17,identity,0,0,expression,canonical,24,9.73624568267918,0.0,0.8048776069251672,0.0,0.3173611111111111,0.0
28,last,17,identity,0,0,iid,canonical,24,3.0983155695130224,0.0,0.9357579258411635,0.0,0.4895833333333333,0.0
28,last,17,identity,0,0,joint,canonical,96,7.200607636850641,0.0,0.8523290313535338,0.0,0.3001736111111111,0.0
28,last,17,identity,0,0,template,canonical,24,3.0764940683418462,0.0,0.9369638594444455,0.0,0.45625,0.0
28,last,17,identity,0,0,topic,canonical,96,3.2427671629845154,0.0,0.9326777078547082,0.0,0.4612847222222222,0.0
28,last,17,identity,0,0,train,canonical,168,3.4574128020876147,0.0,0.9293884297356533,0.0,0.4575396825396826,0.0
28,last,17,identity,0,0,iid,paraphrase,24,2.4304822251522604,0.0,0.9500130149994828,0.0,0.5,0.0
28,last,17,identity,0,0,topic,paraphrase,96,2.120343804552391,0.0,0.9557427501404682,0.0,0.48784722222222227,0.0
28,last,17,identity,0,0,template,paraphrase,24,1.7519329460415272,0.0,0.9671945572028644,0.0,0.5,0.0
28,last,17,identity,0,0,expression,paraphrase,24,6.3230206001138525,0.0,0.871886394455334,0.0,0.35486111111111107,0.0
28,last,17,identity,0,0,joint,paraphrase,96,4.561213589342991,0.0,0.9103031876128327,0.0,0.44097222222222215,0.0
28,last,17,shift,0,3584,dev,canonical,48,2.433242066543933,0.33902896856389264,0.951489178068643,0.10416666666666667,0.5225694444444444,0.10416666666666667
28,last,17,shift,0,3584,expression,canonical,24,8.42659616464333,0.13451278457010596,0.8337701907709604,0.0,0.36597222222222214,0.0
28,last,17,shift,0,3584,iid,canonical,24,2.0549225069483716,0.33676139152237683,0.9585687934441944,0.0,0.5,0.0
28,last,17,shift,0,3584,joint,canonical,96,6.229516338130176,0.13486240990978304,0.8749424884112112,0.0,0.34861111111111115,0.0
28,last,17,shift,0,3584,template,canonical,24,2.733120105154054,0.11161209986433107,0.9453296206023284,0.0,0.48055555555555557,0.0
28,last,17,shift,0,3584,topic,canonical,96,2.3126142728921075,0.28683924665017635,0.9533652342580684,0.07291666666666667,0.5269097222222222,0.07291666666666667
28,last,17,shift,0,3584,train,canonical,168,2.4064544789643207,0.30397247400967464,0.9525012075449732,0.06547619047619048,0.5220238095238094,0.06547619047619048
28,last,17,shift,0,3584,iid,paraphrase,24,2.6439210327591183,-0.08781747317386235,0.9482836133940991,0.0,0.5,0.0
28,last,17,shift,0,3584,topic,paraphrase,96,2.4275347302064287,-0.14487788489512732,0.9518603797101245,0.0,0.4930555555555555,0.0
28,last,17,shift,0,3584,template,paraphrase,24,2.1404061409134845,-0.22173976221504832,0.9618769183276713,0.0,0.5,0.0
28,last,17,shift,0,3584,expression,paraphrase,24,5.9699428698649015,0.05584004110987606,0.8834516637854847,0.0,0.40625,0.0
28,last,17,shift,0,3584,joint,paraphrase,96,4.847201866902341,-0.06270004067065504,0.9095243778175058,0.0,0.4782986111111111,0.0
28,last,17,lowrank,32,232960,dev,canonical,48,1.4994422176686315,0.592688338403184,0.9699283229961747,0.8541666666666666,0.920138888888889,0.8541666666666666
28,last,17,lowrank,32,232960,expression,canonical,24,7.334809842016916,0.24664905949676552,0.8550225682414684,0.041666666666666664,0.39722222222222214,0.041666666666666664
28,last,17,lowrank,32,232960,iid,canonical,24,1.341881835932071,0.5668995601558491,0.9727848215722017,0.9166666666666666,0.9583333333333334,0.9166666666666666
28,last,17,lowrank,32,232960,joint,canonical,96,5.0348871635278085,0.3007691270719012,0.8983325052123486,0.0,0.4305555555555555,0.0
28,last,17,lowrank,32,232960,template,canonical,24,2.7900279832044865,0.09311446041297189,0.9437767244042008,0.4166666666666667,0.6888888888888888,0.4166666666666667
28,last,17,lowrank,32,232960,topic,canonical,96,1.8615201925365616,0.425947007917987,0.962013395437889,0.8229166666666666,0.9114583333333334,0.8333333333333334
28,last,17,lowrank,32,232960,train,canonical,168,0.7845332144298302,0.7730866230505878,0.9840638048760421,0.9404761904761905,0.9702380952380952,0.9404761904761905
28,last,17,lowrank,32,232960,iid,paraphrase,24,2.8051554106167402,-0.15415590436626547,0.9440701563424012,0.16666666666666666,0.5833333333333334,0.16666666666666666
28,last,17,lowrank,32,232960,topic,paraphrase,96,3.015405112158936,-0.42213027231001066,0.9399890543732239,0.13541666666666666,0.5538194444444445,0.13541666666666666
28,last,17,lowrank,32,232960,template,paraphrase,24,2.5167330958031964,-0.43654647370478794,0.953375214177282,0.08333333333333333,0.5416666666666666,0.08333333333333333
28,last,17,lowrank,32,232960,expression,paraphrase,24,5.559389731381778,0.12076994794518381,0.8910348524883774,0.0,0.44097222222222215,0.0
28,last,17,lowrank,32,232960,joint,paraphrase,96,4.676986865167927,-0.025382121130094415,0.9102732358545585,0.0,0.4921875,0.0
28,last,17,full_delta,0,12848640,dev,canonical,48,1.4375166021568602,0.6095099438323832,0.9712082969024661,0.8541666666666666,0.920138888888889,0.8541666666666666
28,last,17,full_delta,0,12848640,expression,canonical,24,7.3072616438916596,0.24947850721440734,0.8554401461330764,0.041666666666666664,0.39722222222222214,0.041666666666666664
28,last,17,full_delta,0,12848640,iid,canonical,24,1.261737475531846,0.5927666348944051,0.9744461604300261,0.9583333333333334,0.9791666666666666,0.9583333333333334
28,last,17,full_delta,0,12848640,joint,canonical,96,5.12195079141739,0.2886779769522898,0.8965367057782595,0.020833333333333332,0.4427083333333333,0.020833333333333332
28,last,17,full_delta,0,12848640,template,canonical,24,2.8446765451947247,0.07535120107417126,0.942616534123803,0.4583333333333333,0.7097222222222221,0.4583333333333333
28,last,17,full_delta,0,12848640,topic,canonical,96,1.9782227067114075,0.3899584499027895,0.9596464728755715,0.8541666666666666,0.9270833333333334,0.8645833333333334
28,last,17,full_delta,0,12848640,train,canonical,168,0.5787489748289482,0.8326063423842549,0.9882887137459946,0.9523809523809523,0.9761904761904762,0.9523809523809523
28,last,17,full_delta,0,12848640,iid,paraphrase,24,2.815783436273976,-0.15852870970804078,0.9439431953950507,0.16666666666666666,0.5833333333333334,0.16666666666666666
28,last,17,full_delta,0,12848640,topic,paraphrase,96,3.1623697166470293,-0.4914419585434222,0.9369807139831231,0.13541666666666666,0.5520833333333334,0.13541666666666666
28,last,17,full_delta,0,12848640,template,paraphrase,24,2.617815920207754,-0.4942443579947966,0.9515633005619083,0.125,0.5625,0.125
28,last,17,full_delta,0,12848640,expression,paraphrase,24,5.559895340423417,0.120689984732407,0.891035408338162,0.0,0.44097222222222215,0.0
28,last,17,full_delta,0,12848640,joint,paraphrase,96,4.904158375153069,-0.0751871797039605,0.90648448546437,0.0,0.4869791666666667,0.0
28,last,17,full_affine,0,12848640,dev,canonical,48,1.4184338292242378,0.6146936287116487,0.9714733191662949,0.8958333333333334,0.9444444444444445,0.9166666666666666
28,last,17,full_affine,0,12848640,expression,canonical,24,7.001531400508156,0.28087975296639145,0.8607433072513997,0.041666666666666664,0.39722222222222214,0.041666666666666664
28,last,17,full_affine,0,12848640,iid,canonical,24,1.2065821920635023,0.6105683346344393,0.9756551072161784,1.0,1.0,1.0
28,last,17,full_affine,0,12848640,joint,canonical,96,5.33954797605594,0.2584586960786939,0.8896054597698879,0.3645833333333333,0.5909722222222222,0.4895833333333333
28,last,17,full_affine,0,12848640,template,canonical,24,3.3137269300962466,-0.07711143154657951,0.9321273565660818,0.5833333333333334,0.7652777777777778,0.5833333333333334
28,last,17,full_affine,0,12848640,topic,canonical,96,3.062534736289944,0.05557982353833035,0.9360466321537135,0.8958333333333334,0.9444444444444445,0.9270833333333334
28,last,17,full_affine,0,12848640,train,canonical,168,0.5798659032306355,0.8322832891460031,0.9882258952237218,0.9940476190476191,0.9970238095238095,0.9940476190476191
28,last,17,full_affine,0,12848640,iid,paraphrase,24,2.4602414481185053,-0.012244164000985602,0.9496586536741628,0.4583333333333333,0.7222222222222222,0.4583333333333333
28,last,17,full_affine,0,12848640,topic,paraphrase,96,3.993457246285297,-0.8834008134488944,0.9169338360618943,0.3541666666666667,0.65625,0.3645833333333333
28,last,17,full_affine,0,12848640,template,paraphrase,24,3.0066187831588747,-0.7161722941236399,0.9431210090226804,0.5,0.736111111111111,0.5
28,last,17,full_affine,0,12848640,expression,paraphrase,24,5.095158851890031,0.19418911085023394,0.8976114892275859,0.0,0.43402777777777773,0.0
28,last,17,full_affine,0,12848640,joint,paraphrase,96,5.06286835776188,-0.10998274003019204,0.8989106416163416,0.23958333333333334,0.5402777777777777,0.3333333333333333
28,last,17,shuffled,32,232960,dev,canonical,48,4.531901644111549,-0.2310553665258679,0.9060394706315432,0.4583333333333333,0.6979166666666666,0.875
28,last,17,shuffled,32,232960,expression,canonical,24,7.557342486911835,0.2237929553938457,0.8489320612315057,0.041666666666666664,0.3756944444444444,0.25
28,last,17,shuffled,32,232960,iid,canonical,24,4.97850937405449,-0.6068438680172876,0.8958787480803414,0.5,0.7152777777777778,0.75
28,last,17,shuffled,32,232960,joint,canonical,96,9.141285802908861,-0.2695158886489504,0.8123211891664401,0.08333333333333333,0.3826388888888889,0.08333333333333333
28,last,17,shuffled,32,232960,template,canonical,24,6.3655821478610095,-1.0691026884676882,0.8707883102224608,0.3333333333333333,0.625,0.4166666666666667
28,last,17,shuffled,32,232960,topic,canonical,96,4.6924264443246075,-0.44704390061908805,0.9012055967837354,0.5208333333333334,0.7180555555555556,0.6458333333333334
28,last,17,shuffled,32,232960,train,canonical,168,4.881683042334194,-0.4119468289660386,0.8971801998083376,0.5238095238095238,0.7058531746031745,0.7678571428571429
28,last,17,shuffled,32,232960,iid,paraphrase,24,5.5552555629247165,-1.285659819041343,0.8838090817562992,0.041666666666666664,0.4458333333333333,0.041666666666666664
28,last,17,shuffled,32,232960,topic,paraphrase,96,4.941304793882394,-1.330426218273368,0.8949562262873325,0.03125,0.4541666666666666,0.041666666666666664
28,last,17,shuffled,32,232960,template,paraphrase,24,9.007382720223722,-4.141396958471386,0.8221512882992182,0.08333333333333333,0.37847222222222227,0.08333333333333333
28,last,17,shuffled,32,232960,expression,paraphrase,24,6.844925016524583,-0.08254036312982027,0.8596919954446919,0.125,0.42638888888888893,0.125
28,last,17,shuffled,32,232960,joint,paraphrase,96,9.742338144774378,-1.1359092166910978,0.7971016444970389,0.020833333333333332,0.3345486111111111,0.020833333333333332
28,last,17,random_subspace,32,118272,dev,canonical,48,2.424991665513241,0.34127012498396214,0.95164626294151,0.125,0.532986111111111,0.125
28,last,17,random_subspace,32,118272,expression,canonical,24,8.416547123910833,0.13554491143502012,0.8339689369162425,0.0,0.36597222222222214,0.0
28,last,17,random_subspace,32,118272,iid,canonical,24,2.0482950926126082,0.3389004293921717,0.9587079975579161,0.0,0.5,0.0
28,last,17,random_subspace,32,118272,joint,canonical,96,6.2248319086141315,0.13551297021695363,0.8750027388384938,0.0,0.3503472222222222,0.0
28,last,17,random_subspace,32,118272,template,canonical,24,2.7337342906779347,0.11141246173396668,0.945316159347004,0.0,0.48055555555555557,0.0
28,last,17,random_subspace,32,118272,topic,canonical,96,2.3084819019912577,0.2881135814060046,0.9534419035362071,0.07291666666666667,0.5269097222222222,0.07291666666666667
28,last,17,random_subspace,32,118272,train,canonical,168,2.391078466332097,0.3084197337129243,0.9527921864767601,0.08333333333333333,0.5309523809523808,0.08333333333333333
28,last,17,random_subspace,32,118272,iid,paraphrase,24,2.6444189310243122,-0.08802232892637152,0.9482688628852157,0.0,0.5,0.0
28,last,17,random_subspace,32,118272,topic,paraphrase,96,2.4319390383830584,-0.14695505189378744,0.9517668728274454,0.0,0.4930555555555555,0.0
28,last,17,random_subspace,32,118272,template,paraphrase,24,2.148596297226334,-0.22641468789148766,0.9617035744192647,0.0,0.5,0.0
28,last,17,random_subspace,32,118272,expression,paraphrase,24,5.964631118016503,0.056680106670994546,0.8835558987878341,0.0,0.40625,0.0
28,last,17,random_subspace,32,118272,joint,paraphrase,96,4.855364101226652,-0.06448952808764008,0.9092934487126109,0.0,0.4782986111111111,0.0
28,last,17,rank1,1,10752,dev,canonical,48,1.9569823960042807,0.46840115474968114,0.9606446482709975,0.3333333333333333,0.6510416666666666,0.3333333333333333
28,last,17,rank1,1,10752,expression,canonical,24,7.320783720641551,0.24808966831380852,0.8551533681065319,0.0,0.3625,0.0
28,last,17,rank1,1,10752,iid,canonical,24,1.860585647529498,0.3994847826872795,0.9623831251857675,0.4166666666666667,0.7083333333333334,0.4166666666666667
28,last,17,rank1,1,10752,joint,canonical,96,5.754690458326231,0.20080488362185178,0.8831372790481039,0.0,0.3597222222222222,0.0
28,last,17,rank1,1,10752,template,canonical,24,2.732160234083551,0.11192410146393761,0.9449877100398557,0.125,0.5430555555555555,0.125
28,last,17,rank1,1,10752,topic,canonical,96,1.985045572338393,0.3878544241482219,0.9594964680358782,0.3333333333333333,0.6614583333333334,0.3333333333333333
28,last,17,rank1,1,10752,train,canonical,168,1.914469038670689,0.44627120096428274,0.9612587869728603,0.39880952380952384,0.6944444444444444,0.39880952380952384
28,last,17,rank1,1,10752,iid,paraphrase,24,2.93345839010655,-0.20694500858683718,0.942836451346682,0.0,0.5,0.0
28,last,17,rank1,1,10752,topic,paraphrase,96,2.6672612639518327,-0.25793810335154443,0.9473359634314099,0.020833333333333332,0.4991319444444445,0.020833333333333332
28,last,17,rank1,1,10752,template,paraphrase,24,2.5454445783219204,-0.4529349334250057,0.9526955327662208,0.0,0.5,0.0
28,last,17,rank1,1,10752,expression,paraphrase,24,5.530635895858958,0.12531743202617862,0.8923594903563224,0.0,0.4131944444444444,0.0
28,last,17,rank1,1,10752,joint,paraphrase,96,4.7386452015615665,-0.03890008848371718,0.9065448048865522,0.0,0.4635416666666667,0.0
28,last,17,rank2,2,17920,dev,canonical,48,1.8667300931512736,0.4929174815576285,0.9623698646040829,0.4583333333333333,0.7152777777777777,0.4583333333333333
28,last,17,rank2,2,17920,expression,canonical,24,7.221464173939368,0.2582906790461972,0.857026412550514,0.0,0.3902777777777778,0.0
28,last,17,rank2,2,17920,iid,canonical,24,1.7970874023543975,0.41997922353762873,0.9638704565152726,0.5416666666666666,0.7708333333333334,0.5416666666666666
28,last,17,rank2,2,17920,joint,canonical,96,5.510970038494215,0.23465208543086646,0.8875398271205666,0.0,0.3748263888888889,0.0
28,last,17,rank2,2,17920,template,canonical,24,2.7216117810876113,0.11535282674720304,0.9454748238884335,0.125,0.5499999999999999,0.125
28,last,17,rank2,2,17920,topic,canonical,96,1.8476498676409676,0.4302243193000439,0.9622311915214553,0.4895833333333333,0.7413194444444443,0.4895833333333333
28,last,17,rank2,2,17920,train,canonical,168,1.7075759029324895,0.5061116503353488,0.9654351681233573,0.5238095238095238,0.7589285714285714,0.5238095238095238
28,last,17,rank2,2,17920,iid,paraphrase,24,2.963149896991767,-0.21916131141676498,0.9423203211080979,0.0,0.5,0.0
28,last,17,rank2,2,17920,topic,paraphrase,96,2.7289656052027547,-0.28703920531361415,0.9460485837633791,0.041666666666666664,0.5112847222222222,0.041666666666666664
28,last,17,rank2,2,17920,template,paraphrase,24,2.5888442172355304,-0.4777073649336836,0.9519107570050425,0.0,0.5,0.0
28,last,17,rank2,2,17920,expression,paraphrase,24,5.513150207927251,0.12808283309594448,0.8926407372185841,0.0,0.4166666666666667,0.0
28,last,17,rank2,2,17920,joint,paraphrase,96,4.682210041231092,-0.026527249715032397,0.9073981010656769,0.0,0.47222222222222227,0.0
28,last,17,rank4,4,32256,dev,canonical,48,1.7332273720222673,0.5291824436415284,0.9649823488982378,0.6875,0.8368055555555557,0.6875
28,last,17,rank4,4,32256,expression,canonical,24,7.197055046538687,0.26079771596743107,0.8577250426213251,0.0,0.3833333333333333,0.0
28,last,17,rank4,4,32256,iid,canonical,24,1.6674899357563744,0.46180758597857674,0.9661865797789616,0.5833333333333334,0.7916666666666666,0.5833333333333334
28,last,17,rank4,4,32256,joint,canonical,96,5.384106102139399,0.25227058969508476,0.8897093110018465,0.0,0.37881944444444443,0.0
28,last,17,rank4,4,32256,template,canonical,24,2.57285492320962,0.16370554727046016,0.9480105178040823,0.08333333333333333,0.53125,0.08333333333333333
28,last,17,rank4,4,32256,topic,canonical,96,1.7591232016374256,0.45752404868365637,0.9638720685881768,0.5625,0.7795138888888888,0.5729166666666666
28,last,17,rank4,4,32256,train,canonical,168,1.510491363823012,0.5631151238547608,0.969182022695079,0.6130952380952381,0.8045634920634922,0.6130952380952381
28,last,17,rank4,4,32256,iid,paraphrase,24,2.912266936158384,-0.19822597590728797,0.9426950043057079,0.0,0.5,0.0
28,last,17,rank4,4,32256,topic,paraphrase,96,2.74654822916241,-0.29533155107466746,0.9454181067042002,0.0625,0.5208333333333334,0.0625
28,last,17,rank4,4,32256,template,paraphrase,24,2.691992545391398,-0.5365842348441048,0.9496454993069886,0.0,0.5,0.0
28,last,17,rank4,4,32256,expression,paraphrase,24,5.438406342439699,0.13990374436835218,0.8936189693181272,0.0,0.4305555555555555,0.0
28,last,17,rank4,4,32256,joint,paraphrase,96,4.721597043284745,-0.03516245200980728,0.9064836120494602,0.0,0.4678819444444444,0.0
28,last,17,rank8,8,60928,dev,canonical,48,1.6204442032059927,0.5598191026267185,0.9673916585557949,0.7916666666666666,0.888888888888889,0.7916666666666666
28,last,17,rank8,8,60928,expression,canonical,24,7.341857156865092,0.24592523687787737,0.8548112297282423,0.0,0.38680555555555546,0.0
28,last,17,rank8,8,60928,iid,canonical,24,1.526884461045751,0.5071888492992536,0.9689916767123398,0.7083333333333334,0.8541666666666666,0.7083333333333334
28,last,17,rank8,8,60928,joint,canonical,96,5.195261169474742,0.2784968392268886,0.8944329362170231,0.0,0.4119791666666666,0.0
28,last,17,rank8,8,60928,template,canonical,24,2.6202724245624514,0.14829271035301783,0.9471607566598376,0.25,0.6055555555555555,0.25
28,last,17,rank8,8,60928,topic,canonical,96,1.8471552735638592,0.4303768415294392,0.9622814752478472,0.6979166666666666,0.8489583333333334,0.7083333333333334
28,last,17,rank8,8,60928,train,canonical,168,1.1729857856941972,0.6607330819779638,0.9761068670561792,0.8273809523809523,0.9136904761904762,0.8273809523809523
28,last,17,rank8,8,60928,iid,paraphrase,24,2.8759986228488685,-0.18330370536599916,0.9431601895872707,0.08333333333333333,0.5416666666666666,0.08333333333333333
28,last,17,rank8,8,60928,topic,paraphrase,96,2.9323576485050338,-0.3829632921836752,0.9421886375433001,0.11458333333333333,0.546875,0.11458333333333333
28,last,17,rank8,8,60928,template,paraphrase,24,2.4286888312154704,-0.38629097460782713,0.954705410299392,0.0,0.5,0.0
28,last,17,rank8,8,60928,expression,paraphrase,24,5.4312543994876785,0.14103484031194158,0.8939798105063277,0.0,0.4305555555555555,0.0
28,last,17,rank8,8,60928,joint,paraphrase,96,4.627435777990595,-0.014518545854184106,0.9095602416464413,0.0,0.4852430555555555,0.0
28,last,17,rank16,16,118272,dev,canonical,48,1.5409669833550748,0.5814084630536283,0.9690996728318652,0.8541666666666666,0.920138888888889,0.8541666666666666
28,last,17,rank16,16,118272,expression,canonical,24,7.326369139358623,0.24751599557596793,0.8551938212396063,0.041666666666666664,0.39722222222222214,0.041666666666666664
28,last,17,rank16,16,118272,iid,canonical,24,1.40334819558374,0.5470609225888792,0.9714884898243193,0.8333333333333334,0.9166666666666666,0.8333333333333334
28,last,17,rank16,16,118272,joint,canonical,96,5.042732142584888,0.29967963859360514,0.8980974408897872,0.0,0.4279513888888889,0.0
28,last,17,rank16,16,118272,template,canonical,24,2.74885928172001,0.10649615417539982,0.9446297448782545,0.3333333333333333,0.6472222222222223,0.3333333333333333
28,last,17,rank16,16,118272,topic,canonical,96,1.8253876256160464,0.4370895183433301,0.9625635521311632,0.75,0.875,0.7604166666666666
28,last,17,rank16,16,118272,train,canonical,168,0.9638544797364491,0.7212208854104822,0.9804140560773524,0.9047619047619048,0.9523809523809523,0.9047619047619048
28,last,17,rank16,16,118272,iid,paraphrase,24,2.81499213218842,-0.15820313477588654,0.9438354274565272,0.125,0.5625,0.125
28,last,17,rank16,16,118272,topic,paraphrase,96,2.903414871509358,-0.3693132525374936,0.9417937966169365,0.13541666666666666,0.5555555555555555,0.13541666666666666
28,last,17,rank16,16,118272,template,paraphrase,24,2.4723708617999907,-0.41122459474621165,0.9541623424499258,0.0,0.5,0.0
28,last,17,rank16,16,118272,expression,paraphrase,24,5.543983657825632,0.1232064533008469,0.8912971987314332,0.0,0.43402777777777773,0.0
28,last,17,rank16,16,118272,joint,paraphrase,96,4.560798711099497,9.095786359647473e-05,0.9121088278655304,0.0,0.4869791666666667,0.0
28,last,17,rank32,32,232960,dev,canonical,48,1.4994422176686315,0.592688338403184,0.9699283229961747,0.8541666666666666,0.920138888888889,0.8541666666666666
28,last,17,rank32,32,232960,expression,canonical,24,7.334809842016916,0.24664905949676552,0.8550225682414684,0.041666666666666664,0.39722222222222214,0.041666666666666664
28,last,17,rank32,32,232960,iid,canonical,24,1.341881835932071,0.5668995601558491,0.9727848215722017,0.9166666666666666,0.9583333333333334,0.9166666666666666
28,last,17,rank32,32,232960,joint,canonical,96,5.0348871635278085,0.3007691270719012,0.8983325052123486,0.0,0.4305555555555555,0.0
28,last,17,rank32,32,232960,template,canonical,24,2.7900279832044865,0.09311446041297189,0.9437767244042008,0.4166666666666667,0.6888888888888888,0.4166666666666667
28,last,17,rank32,32,232960,topic,canonical,96,1.8615201925365616,0.425947007917987,0.962013395437889,0.8229166666666666,0.9114583333333334,0.8333333333333334
28,last,17,rank32,32,232960,train,canonical,168,0.7845332144298302,0.7730866230505878,0.9840638048760421,0.9404761904761905,0.9702380952380952,0.9404761904761905
28,last,17,rank32,32,232960,iid,paraphrase,24,2.8051554106167402,-0.15415590436626547,0.9440701563424012,0.16666666666666666,0.5833333333333334,0.16666666666666666
28,last,17,rank32,32,232960,topic,paraphrase,96,3.015405112158936,-0.42213027231001066,0.9399890543732239,0.13541666666666666,0.5538194444444445,0.13541666666666666
28,last,17,rank32,32,232960,template,paraphrase,24,2.5167330958031964,-0.43654647370478794,0.953375214177282,0.08333333333333333,0.5416666666666666,0.08333333333333333
28,last,17,rank32,32,232960,expression,paraphrase,24,5.559389731381778,0.12076994794518381,0.8910348524883774,0.0,0.44097222222222215,0.0
28,last,17,rank32,32,232960,joint,paraphrase,96,4.676986865167927,-0.025382121130094415,0.9102732358545585,0.0,0.4921875,0.0
28,last,29,identity,0,0,dev,canonical,48,3.68131423438811,0.0,0.924645197696576,0.0,0.43576388888888884,0.0
28,last,29,identity,0,0,expression,canonical,24,9.73624568267918,0.0,0.8048776069251672,0.0,0.3173611111111111,0.0
28,last,29,identity,0,0,iid,canonical,24,3.0983155695130224,0.0,0.9357579258411635,0.0,0.4895833333333333,0.0
28,last,29,identity,0,0,joint,canonical,96,7.200607636850641,0.0,0.8523290313535338,0.0,0.3001736111111111,0.0
28,last,29,identity,0,0,template,canonical,24,3.0764940683418462,0.0,0.9369638594444455,0.0,0.45625,0.0
28,last,29,identity,0,0,topic,canonical,96,3.2427671629845154,0.0,0.9326777078547082,0.0,0.4612847222222222,0.0
28,last,29,identity,0,0,train,canonical,168,3.4574128020876147,0.0,0.9293884297356533,0.0,0.4575396825396826,0.0
28,last,29,identity,0,0,iid,paraphrase,24,2.4304822251522604,0.0,0.9500130149994828,0.0,0.5,0.0
28,last,29,identity,0,0,topic,paraphrase,96,2.120343804552391,0.0,0.9557427501404682,0.0,0.48784722222222227,0.0
28,last,29,identity,0,0,template,paraphrase,24,1.7519329460415272,0.0,0.9671945572028644,0.0,0.5,0.0
28,last,29,identity,0,0,expression,paraphrase,24,6.3230206001138525,0.0,0.871886394455334,0.0,0.35486111111111107,0.0
28,last,29,identity,0,0,joint,paraphrase,96,4.561213589342991,0.0,0.9103031876128327,0.0,0.44097222222222215,0.0
28,last,29,shift,0,3584,dev,canonical,48,2.424371264392597,0.34143865205911594,0.9516422836198638,0.14583333333333334,0.548611111111111,0.14583333333333334
28,last,29,shift,0,3584,expression,canonical,24,8.380842070374948,0.13921214156658968,0.8346105916273984,0.0,0.3763888888888889,0.0
28,last,29,shift,0,3584,iid,canonical,24,2.0693509009673465,0.33210454050276206,0.9582506241791577,0.0,0.5,0.0
28,last,29,shift,0,3584,joint,canonical,96,6.200199362104733,0.1389338685288316,0.875480741330953,0.0,0.35642361111111115,0.0
28,last,29,shift,0,3584,template,canonical,24,2.7709534040666006,0.09931456309939335,0.9445333794741456,0.0,0.48055555555555557,0.0
28,last,29,shift,0,3584,topic,canonical,96,2.3088132761468625,0.288011392707603,0.9534106917849967,0.10416666666666667,0.5425347222222222,0.10416666666666667
28,last,29,shift,0,3584,train,canonical,168,2.4068288251886663,0.30386420049830243,0.9524573827117452,0.10714285714285714,0.5448412698412698,0.10714285714285714
28,last,29,shift,0,3584,iid,paraphrase,24,2.6985701619470803,-0.11030236469967414,0.9472518592952682,0.0,0.5,0.0
28,last,29,shift,0,3584,topic,paraphrase,96,2.4792244469498605,-0.16925587332910386,0.9508858083596912,0.0,0.4930555555555555,0.0
28,last,29,shift,0,3584,template,paraphrase,24,2.1834706720075108,-0.24632091481642515,0.9611157525378293,0.0,0.5,0.0
28,last,29,shift,0,3584,expression,paraphrase,24,5.981032968481124,0.05408611694647503,0.8833036992055939,0.0,0.40625,0.0
28,last,29,shift,0,3584,joint,paraphrase,96,4.898423525007105,-0.07392987174553389,0.9085898103981944,0.0,0.4782986111111111,0.0
28,last,29,lowrank,32,232960,dev,canonical,48,1.5284614345808027,0.5848054968241916,0.9690687899474479,0.7708333333333334,0.8784722222222223,0.7708333333333334
28,last,29,lowrank,32,232960,expression,canonical,24,7.15624546734679,0.26498922679428893,0.8585547849832307,0.0,0.3902777777777778,0.0
28,last,29,lowrank,32,232960,iid,canonical,24,1.4111951345733822,0.5445282757962622,0.9712774634309165,0.8333333333333334,0.9166666666666666,0.8333333333333334
28,last,29,lowrank,32,232960,joint,canonical,96,5.101653816480198,0.29149676336044206,0.8959326693683417,0.0,0.3958333333333333,0.0
28,last,29,lowrank,32,232960,template,canonical,24,2.7323561807488406,0.11186040991734703,0.9447014246034358,0.25,0.6055555555555555,0.25
28,last,29,lowrank,32,232960,topic,canonical,96,1.7144487182446966,0.4713007033576887,0.9648071460734512,0.6979166666666666,0.8489583333333334,0.7083333333333334
28,last,29,lowrank,32,232960,train,canonical,168,1.0626493037638665,0.6926461014078995,0.9783903295479389,0.8869047619047619,0.9434523809523809,0.8869047619047619
28,last,29,lowrank,32,232960,iid,paraphrase,24,2.933106403787537,-0.20680018698914338,0.9416361851168759,0.125,0.5625,0.125
28,last,29,lowrank,32,232960,topic,paraphrase,96,2.834969826430888,-0.3370330888529447,0.9431410932363328,0.125,0.5555555555555555,0.125
28,last,29,lowrank,32,232960,template,paraphrase,24,2.8158710045483164,-0.6072938241790278,0.9473272220958066,0.041666666666666664,0.5069444444444444,0.041666666666666664
28,last,29,lowrank,32,232960,expression,paraphrase,24,5.67779991689747,0.10204310946017858,0.8886979049005946,0.0,0.42013888888888884,0.0
28,last,29,lowrank,32,232960,joint,paraphrase,96,4.680709291900633,-0.0261982255855846,0.90728060200219,0.0,0.4696180555555555,0.0
28,last,29,full_delta,0,12848640,dev,canonical,48,1.4718312008902048,0.6001886535136152,0.9703753212565003,0.8333333333333334,0.9131944444444445,0.8333333333333334
28,last,29,full_delta,0,12848640,expression,canonical,24,7.28421341998813,0.2518457671064346,0.8562901657193845,0.041666666666666664,0.41111111111111104,0.041666666666666664
28,last,29,full_delta,0,12848640,iid,canonical,24,1.3056765698188428,0.5785850277271587,0.9735531817329451,1.0,1.0,1.0
28,last,29,full_delta,0,12848640,joint,canonical,96,5.127542114700337,0.2879014698066522,0.8974340840406994,0.03125,0.4527777777777777,0.03125
28,last,29,full_delta,0,12848640,template,canonical,24,3.0597045093168433,0.005457367591822471,0.938117620373014,0.4166666666666667,0.6888888888888888,0.4166666666666667
28,last,29,full_delta,0,12848640,topic,canonical,96,1.9606888002665201,0.3953655314364355,0.9608228805386453,0.8333333333333334,0.9149305555555557,0.8333333333333334
28,last,29,full_delta,0,12848640,train,canonical,168,0.610612225561676,0.8233904192195438,0.9877834932227513,0.9583333333333334,0.9791666666666666,0.9583333333333334
28,last,29,full_delta,0,12848640,iid,paraphrase,24,3.135540640306784,-0.2900899285985743,0.9379472012429382,0.25,0.625,0.25
28,last,29,full_delta,0,12848640,topic,paraphrase,96,3.7758911390875234,-0.7807919314691618,0.9278208927930183,0.23958333333333334,0.603298611111111,0.23958333333333334
28,last,29,full_delta,0,12848640,template,paraphrase,24,3.0330138494358163,-0.7312385478501773,0.9441916436967773,0.20833333333333334,0.5902777777777778,0.20833333333333334
28,last,29,full_delta,0,12848640,expression,paraphrase,24,5.72364501081092,0.09479260423287894,0.8891078918736749,0.0,0.4375,0.0
28,last,29,full_delta,0,12848640,joint,paraphrase,96,5.391729113003982,-0.18208213831543474,0.8983612618408361,0.0,0.4713541666666667,0.0
28,last,29,full_affine,0,12848640,dev,canonical,48,1.4664359139225682,0.6016542406990931,0.970347443125816,0.8958333333333334,0.9444444444444445,0.8958333333333334
28,last,29,full_affine,0,12848640,expression,canonical,24,6.94983538091111,0.2861893991361685,0.8620044034189732,0.125,0.4527777777777777,0.125
28,last,29,full_affine,0,12848640,iid,canonical,24,1.2541938020841041,0.595201400907903,0.9745866926873727,1.0,1.0,1.0
28,last,29,full_affine,0,12848640,joint,canonical,96,5.247432932782494,0.2712513724636738,0.8927138913087349,0.5104166666666666,0.6901041666666666,0.6041666666666666
28,last,29,full_affine,0,12848640,template,canonical,24,3.496267166953754,-0.13644528131274924,0.9281988823402747,0.625,0.7722222222222221,0.625
28,last,29,full_affine,0,12848640,topic,canonical,96,2.9533152376393645,0.08926077969740842,0.9391816597984374,0.9166666666666666,0.9565972222222223,0.9479166666666666
28,last,29,full_affine,0,12848640,train,canonical,168,0.6075389717479547,0.82427930752697,0.987822570621646,0.9761904761904762,0.9880952380952381,0.9821428571428571
28,last,29,full_affine,0,12848640,iid,paraphrase,24,2.7271363896471663,-0.1220556815536149,0.944329231525122,0.4583333333333333,0.7291666666666666,0.4583333333333333
28,last,29,full_affine,0,12848640,topic,paraphrase,96,4.445286684018144,-1.0964933490852222,0.9105164268351471,0.4583333333333333,0.7074652777777777,0.46875
28,last,29,full_affine,0,12848640,template,paraphrase,24,3.4476696649853444,-0.9679233002469161,0.9350467385082549,0.4583333333333333,0.704861111111111,0.4583333333333333
28,last,29,full_affine,0,12848640,expression,paraphrase,24,5.181237234127905,0.18057562013405248,0.8967821914527275,0.0,0.43402777777777773,0.0
28,last,29,full_affine,0,12848640,joint,paraphrase,96,5.519517922855848,-0.21009854389451954,0.8920928103006286,0.14583333333333334,0.46736111111111106,0.21875
28,last,29,shuffled,32,232960,dev,canonical,48,3.416528842523888,0.07192686497414236,0.9291238565112602,0.5208333333333334,0.720486111111111,0.8125
28,last,29,shuffled,32,232960,expression,canonical,24,6.769144286719509,0.30474799965639277,0.8640282728593327,0.041666666666666664,0.37152777777777773,0.16666666666666666
28,last,29,shuffled,32,232960,iid,canonical,24,3.9851329355744203,-0.2862256429872905,0.9163381615122713,0.5833333333333334,0.7479166666666667,0.625
28,last,29,shuffled,32,232960,joint,canonical,96,6.873908337962395,0.04537107357666503,0.8565904848315679,0.0,0.3649305555555556,0.0
28,last,29,shuffled,32,232960,template,canonical,24,4.650207209146946,-0.5115280919924841,0.9039717185619018,0.3333333333333333,0.6347222222222223,0.375
28,last,29,shuffled,32,232960,topic,canonical,96,3.457868639765128,-0.06633269241034312,0.9270239097387963,0.65625,0.8041666666666666,0.6979166666666666
28,last,29,shuffled,32,232960,train,canonical,168,3.799520209863096,-0.09894896194313674,0.9198521107665224,0.6130952380952381,0.7645833333333333,0.7678571428571429
28,last,29,shuffled,32,232960,iid,paraphrase,24,4.658282572602825,-0.9166083686586113,0.9035813308421595,0.041666666666666664,0.46527777777777773,0.041666666666666664
28,last,29,shuffled,32,232960,topic,paraphrase,96,4.115767388066727,-0.9410849218085056,0.9141450884123324,0.03125,0.47847222222222224,0.03125
28,last,29,shuffled,32,232960,template,paraphrase,24,6.06487392512179,-2.4618185238340913,0.8817898792616178,0.0,0.42847222222222214,0.0
28,last,29,shuffled,32,232960,expression,paraphrase,24,5.9616625055697865,0.05714959943947662,0.8786856741197262,0.041666666666666664,0.4048611111111111,0.041666666666666664
28,last,29,shuffled,32,232960,joint,paraphrase,96,7.2112277021632565,-0.5809888225826279,0.8491134424638408,0.0,0.3744791666666667,0.0
28,last,29,random_subspace,32,118272,dev,canonical,48,2.415863691178642,0.3437496672760414,0.951797144346065,0.14583333333333334,0.548611111111111,0.14583333333333334
28,last,29,random_subspace,32,118272,expression,canonical,24,8.369388382991085,0.1403885382760769,0.8348317570616416,0.0,0.3763888888888889,0.0
28,last,29,random_subspace,32,118272,iid,canonical,24,2.0635520652335044,0.3339761496412571,0.9583617370890364,0.0,0.5,0.0
28,last,29,random_subspace,32,118272,joint,canonical,96,6.187349620113298,0.14071840431240557,0.8757058917271999,0.0,0.35642361111111115,0.0
28,last,29,random_subspace,32,118272,template,canonical,24,2.773098410892056,0.09861733866865963,0.944489231596047,0.0,0.48055555555555557,0.0
28,last,29,random_subspace,32,118272,topic,canonical,96,2.3035804384717085,0.2896250878673683,0.9535015611275387,0.10416666666666667,0.5425347222222222,0.10416666666666667
28,last,29,random_subspace,32,118272,train,canonical,168,2.3943386102672406,0.30747679050024945,0.9526859648647327,0.1130952380952381,0.5478174603174603,0.1130952380952381
28,last,29,random_subspace,32,118272,iid,paraphrase,24,2.701656084624451,-0.1115720397647435,0.9471806401695965,0.041666666666666664,0.5208333333333334,0.041666666666666664
28,last,29,random_subspace,32,118272,topic,paraphrase,96,2.4838441093595556,-0.1714346060420613,0.9507775749693411,0.0,0.4930555555555555,0.0
28,last,29,random_subspace,32,118272,template,paraphrase,24,2.1896246593408106,-0.249833599104488,0.9609640070833736,0.0,0.5,0.0
28,last,29,random_subspace,32,118272,expression,paraphrase,24,5.978574643590295,0.054474906584576877,0.883337674754515,0.0,0.40625,0.0
28,last,29,random_subspace,32,118272,joint,paraphrase,96,4.901132079187742,-0.07452369488658706,0.9084458386301552,0.0,0.4782986111111111,0.0
28,last,29,rank1,1,10752,dev,canonical,48,1.962913734690381,0.4667899533394092,0.9604612268304241,0.3958333333333333,0.6822916666666666,0.3958333333333333
28,last,29,rank1,1,10752,expression,canonical,24,7.292575546082357,0.25098690154708414,0.8555328675607701,0.0,0.37986111111111115,0.0
28,last,29,rank1,1,10752,iid,canonical,24,1.8880339750778194,0.39062566974913693,0.9617780254516038,0.3333333333333333,0.6666666666666666,0.3333333333333333
28,last,29,rank1,1,10752,joint,canonical,96,5.687750963875523,0.2101012510711947,0.8850079680898002,0.0,0.36059027777777786,0.0
28,last,29,rank1,1,10752,template,canonical,24,2.874857651259397,0.06554097378485313,0.9422329764419062,0.08333333333333333,0.5222222222222223,0.08333333333333333
28,last,29,rank1,1,10752,topic,canonical,96,1.9969657353609545,0.3841785009556389,0.9593081489992478,0.34375,0.6701388888888888,0.34375
28,last,29,rank1,1,10752,train,canonical,168,1.9161025435879473,0.44579873643350065,0.9612796374464493,0.4107142857142857,0.7013888888888888,0.4107142857142857
28,last,29,rank1,1,10752,iid,paraphrase,24,3.0155151157658673,-0.24070650859294251,0.9411585448048999,0.041666666666666664,0.5208333333333334,0.041666666666666664
28,last,29,rank1,1,10752,topic,paraphrase,96,2.7695875450002965,-0.30619739075048824,0.9452655290192428,0.052083333333333336,0.5173611111111112,0.052083333333333336
28,last,29,rank1,1,10752,template,paraphrase,24,2.67289918546404,-0.5256857812414713,0.9506794285976167,0.0,0.4930555555555555,0.0
28,last,29,rank1,1,10752,expression,paraphrase,24,5.548914037347234,0.12242670263523736,0.8920360374098664,0.0,0.42013888888888884,0.0
28,last,29,rank1,1,10752,joint,paraphrase,96,4.846922343306922,-0.06263875794623441,0.9064150580707867,0.0,0.4696180555555555,0.0
28,last,29,rank2,2,17920,dev,canonical,48,1.8802023870731872,0.4892578390864518,0.9621033465574548,0.6041666666666666,0.795138888888889,0.6041666666666666
28,last,29,rank2,2,17920,expression,canonical,24,7.144569258133988,0.2661884784969831,0.8588162588021394,0.0,0.39375,0.0
28,last,29,rank2,2,17920,iid,canonical,24,1.7885287456795151,0.42274158149725627,0.9641102471325436,0.375,0.6875,0.375
28,last,29,rank2,2,17920,joint,canonical,96,5.160093863396035,0.2833807751184556,0.8952417310567912,0.0,0.4118055555555556,0.0
28,last,29,rank2,2,17920,template,canonical,24,2.854331599536161,0.07221287084275951,0.9429902036459038,0.20833333333333334,0.5847222222222223,0.20833333333333334
28,last,29,rank2,2,17920,topic,canonical,96,1.9151605888423742,0.40940545756614366,0.9609523082333377,0.5833333333333334,0.7916666666666666,0.59375
28,last,29,rank2,2,17920,train,canonical,168,1.6272348566972012,0.5293489814942944,0.9671320181586144,0.6071428571428571,0.8035714285714286,0.6071428571428571
28,last,29,rank2,2,17920,iid,paraphrase,24,3.2231533524164995,-0.32613738914078305,0.9378028499370871,0.041666666666666664,0.5208333333333334,0.041666666666666664
28,last,29,rank2,2,17920,topic,paraphrase,96,3.3417182902375147,-0.5760266250514776,0.9356187700681735,0.11458333333333333,0.5399305555555555,0.11458333333333333
28,last,29,rank2,2,17920,template,paraphrase,24,2.7555431423612298,-0.5728587949597892,0.9497228616522407,0.0,0.5,0.0
28,last,29,rank2,2,17920,expression,paraphrase,24,5.376620128800265,0.14967537371245432,0.8967281199712774,0.0,0.43402777777777773,0.0
28,last,29,rank2,2,17920,joint,paraphrase,96,4.8646589799627185,-0.06652733634941144,0.9072417664407763,0.0,0.48263888888888884,0.0
28,last,29,rank4,4,32256,dev,canonical,48,1.7663520598931048,0.5201843832310883,0.9642788398843329,0.625,0.8055555555555557,0.625
28,last,29,rank4,4,32256,expression,canonical,24,7.230724998979828,0.25733950902211544,0.8572876252530462,0.0,0.3833333333333333,0.0
28,last,29,rank4,4,32256,iid,canonical,24,1.6888366702811783,0.45491779891658324,0.9657600538792132,0.625,0.8125,0.625
28,last,29,rank4,4,32256,joint,canonical,96,5.384147103699321,0.25226489551453923,0.8897567511600201,0.0,0.3927083333333334,0.0
28,last,29,rank4,4,32256,template,canonical,24,2.7376557146955887,0.11013782120791904,0.9448525281118769,0.125,0.5451388888888888,0.125
28,last,29,rank4,4,32256,topic,canonical,96,1.8013631288117973,0.44449815904947876,0.963274614518415,0.5208333333333334,0.7604166666666666,0.53125
28,last,29,rank4,4,32256,train,canonical,168,1.5284767389410168,0.5579131488093901,0.9689041617471583,0.6726190476190477,0.8353174603174603,0.6726190476190477
28,last,29,rank4,4,32256,iid,paraphrase,24,3.037374675272723,-0.24970042728143915,0.9403950197019174,0.08333333333333333,0.5416666666666666,0.08333333333333333
28,last,29,rank4,4,32256,topic,paraphrase,96,2.858058233651684,-0.34792208108676315,0.9436498175515767,0.08333333333333333,0.5329861111111112,0.08333333333333333
28,last,29,rank4,4,32256,template,paraphrase,24,2.8808953496546117,-0.6444095969334684,0.9464007284986152,0.0,0.4861111111111111,0.0
28,last,29,rank4,4,32256,expression,paraphrase,24,5.624045526412128,0.11054448781791715,0.890427703507816,0.0,0.4305555555555555,0.0
28,last,29,rank4,4,32256,joint,paraphrase,96,4.881626023175682,-0.07024718916503181,0.903795380267915,0.0,0.4739583333333333,0.0
28,last,29,rank8,8,60928,dev,canonical,48,1.6672033767010852,0.5471173416473643,0.9662740624006331,0.7083333333333334,0.8472222222222223,0.7083333333333334
28,last,29,rank8,8,60928,expression,canonical,24,7.211912628788949,0.2592717086403262,0.8575647070238785,0.0,0.3833333333333333,0.0
28,last,29,rank8,8,60928,iid,canonical,24,1.5945722782214868,0.4853421988670723,0.9676573069377438,0.6666666666666666,0.8333333333333334,0.6666666666666666
28,last,29,rank8,8,60928,joint,canonical,96,5.212100782940833,0.2761582013902829,0.8937927659977914,0.0,0.4005208333333334,0.0
28,last,29,rank8,8,60928,template,canonical,24,2.723288140039981,0.11480793411450796,0.9452125287460537,0.16666666666666666,0.5659722222222222,0.16666666666666666
28,last,29,rank8,8,60928,topic,canonical,96,1.7805987258835188,0.45090145656812264,0.9634307200358488,0.5729166666666666,0.7864583333333334,0.5833333333333334
28,last,29,rank8,8,60928,train,canonical,168,1.3589798413619212,0.606937349065938,0.9723428822407312,0.7559523809523809,0.8779761904761905,0.7619047619047619
28,last,29,rank8,8,60928,iid,paraphrase,24,2.9728179069610063,-0.22313912695854854,0.9416112840445349,0.08333333333333333,0.5416666666666666,0.08333333333333333
28,last,29,rank8,8,60928,topic,paraphrase,96,2.8699961641232132,-0.35355226730745937,0.9429816438540813,0.11458333333333333,0.5520833333333334,0.11458333333333333
28,last,29,rank8,8,60928,template,paraphrase,24,2.879684500130471,-0.6437184463235799,0.9465949005438108,0.0,0.4861111111111111,0.0
28,last,29,rank8,8,60928,expression,paraphrase,24,5.698809690243205,0.09872036631660008,0.8891983455888169,0.0,0.4236111111111111,0.0
28,last,29,rank8,8,60928,joint,paraphrase,96,4.884849606911813,-0.07095392733306305,0.9040841522545412,0.0,0.4678819444444444,0.0
28,last,29,rank16,16,118272,dev,canonical,48,1.5725956525899374,0.5728167843157984,0.9681760429438654,0.75,0.8680555555555557,0.75
28,last,29,rank16,16,118272,expression,canonical,24,7.175616967557093,0.2629995994942337,0.8583347429562288,0.0,0.3902777777777778,0.0
28,last,29,rank16,16,118272,iid,canonical,24,1.4771489415431625,0.5232412875957199,0.9699482696832314,0.7916666666666666,0.8958333333333334,0.7916666666666666
28,last,29,rank16,16,118272,joint,canonical,96,5.134720835936734,0.2869045093279756,0.8954266702789017,0.0,0.3993055555555556,0.0
28,last,29,rank16,16,118272,template,canonical,24,2.7313292553697504,0.11219420720616935,0.9448438047670219,0.20833333333333334,0.5847222222222223,0.20833333333333334
28,last,29,rank16,16,118272,topic,canonical,96,1.7265237659257895,0.4675770170508434,0.9645815307122422,0.65625,0.828125,0.6666666666666666
28,last,29,rank16,16,118272,train,canonical,168,1.1882522865682277,0.656317496756317,0.9758067010960298,0.8690476190476191,0.9345238095238095,0.8690476190476191
28,last,29,rank16,16,118272,iid,paraphrase,24,2.95674899128119,-0.2165277164682664,0.9413046368654386,0.08333333333333333,0.5416666666666666,0.08333333333333333
28,last,29,rank16,16,118272,topic,paraphrase,96,2.8275572839551244,-0.3335371734924977,0.9434671929552231,0.11458333333333333,0.5503472222222222,0.11458333333333333
28,last,29,rank16,16,118272,template,paraphrase,24,2.7737259123446463,-0.5832374855509446,0.9482632796141681,0.041666666666666664,0.5069444444444444,0.041666666666666664
28,last,29,rank16,16,118272,expression,paraphrase,24,5.7057732905058485,0.0976190571950517,0.888482944302134,0.0,0.42013888888888884,0.0
28,last,29,rank16,16,118272,joint,paraphrase,96,4.6739391138436375,-0.024713932442020026,0.9079192529384547,0.0,0.4696180555555555,0.0
28,last,29,rank32,32,232960,dev,canonical,48,1.5284614345808027,0.5848054968241916,0.9690687899474479,0.7708333333333334,0.8784722222222223,0.7708333333333334
28,last,29,rank32,32,232960,expression,canonical,24,7.15624546734679,0.26498922679428893,0.8585547849832307,0.0,0.3902777777777778,0.0
28,last,29,rank32,32,232960,iid,canonical,24,1.4111951345733822,0.5445282757962622,0.9712774634309165,0.8333333333333334,0.9166666666666666,0.8333333333333334
28,last,29,rank32,32,232960,joint,canonical,96,5.101653816480198,0.29149676336044206,0.8959326693683417,0.0,0.3958333333333333,0.0
28,last,29,rank32,32,232960,template,canonical,24,2.7323561807488406,0.11186040991734703,0.9447014246034358,0.25,0.6055555555555555,0.25
28,last,29,rank32,32,232960,topic,canonical,96,1.7144487182446966,0.4713007033576887,0.9648071460734512,0.6979166666666666,0.8489583333333334,0.7083333333333334
28,last,29,rank32,32,232960,train,canonical,168,1.0626493037638665,0.6926461014078995,0.9783903295479389,0.8869047619047619,0.9434523809523809,0.8869047619047619
28,last,29,rank32,32,232960,iid,paraphrase,24,2.933106403787537,-0.20680018698914338,0.9416361851168759,0.125,0.5625,0.125
28,last,29,rank32,32,232960,topic,paraphrase,96,2.834969826430888,-0.3370330888529447,0.9431410932363328,0.125,0.5555555555555555,0.125
28,last,29,rank32,32,232960,template,paraphrase,24,2.8158710045483164,-0.6072938241790278,0.9473272220958066,0.041666666666666664,0.5069444444444444,0.041666666666666664
28,last,29,rank32,32,232960,expression,paraphrase,24,5.67779991689747,0.10204310946017858,0.8886979049005946,0.0,0.42013888888888884,0.0
28,last,29,rank32,32,232960,joint,paraphrase,96,4.680709291900633,-0.0261982255855846,0.90728060200219,0.0,0.4696180555555555,0.0
28,last,43,identity,0,0,dev,canonical,48,3.68131423438811,0.0,0.924645197696576,0.0,0.43576388888888884,0.0
28,last,43,identity,0,0,expression,canonical,24,9.73624568267918,0.0,0.8048776069251672,0.0,0.3173611111111111,0.0
28,last,43,identity,0,0,iid,canonical,24,3.0983155695130224,0.0,0.9357579258411635,0.0,0.4895833333333333,0.0
28,last,43,identity,0,0,joint,canonical,96,7.200607636850641,0.0,0.8523290313535338,0.0,0.3001736111111111,0.0
28,last,43,identity,0,0,template,canonical,24,3.0764940683418462,0.0,0.9369638594444455,0.0,0.45625,0.0
28,last,43,identity,0,0,topic,canonical,96,3.2427671629845154,0.0,0.9326777078547082,0.0,0.4612847222222222,0.0
28,last,43,identity,0,0,train,canonical,168,3.4574128020876147,0.0,0.9293884297356533,0.0,0.4575396825396826,0.0
28,last,43,identity,0,0,iid,paraphrase,24,2.4304822251522604,0.0,0.9500130149994828,0.0,0.5,0.0
28,last,43,identity,0,0,topic,paraphrase,96,2.120343804552391,0.0,0.9557427501404682,0.0,0.48784722222222227,0.0
28,last,43,identity,0,0,template,paraphrase,24,1.7519329460415272,0.0,0.9671945572028644,0.0,0.5,0.0
28,last,43,identity,0,0,expression,paraphrase,24,6.3230206001138525,0.0,0.871886394455334,0.0,0.35486111111111107,0.0
28,last,43,identity,0,0,joint,paraphrase,96,4.561213589342991,0.0,0.9103031876128327,0.0,0.44097222222222215,0.0
28,last,43,shift,0,3584,dev,canonical,48,2.454976266043426,0.33312504455314995,0.9506657210252772,0.10416666666666667,0.5243055555555555,0.10416666666666667
28,last,43,shift,0,3584,expression,canonical,24,8.36980654710617,0.14034558906046402,0.8339457907096008,0.0,0.3763888888888889,0.0
28,last,43,shift,0,3584,iid,canonical,24,2.0813080116326836,0.3282453110611283,0.9576760192831765,0.0,0.5,0.0
28,last,43,shift,0,3584,joint,canonical,96,6.109370630310302,0.15154790561781228,0.8763799032122659,0.0,0.36076388888888894,0.0
28,last,43,shift,0,3584,template,canonical,24,2.707310041330611,0.12000154032808397,0.9453090098460958,0.0,0.48055555555555557,0.0
28,last,43,shift,0,3584,topic,canonical,96,2.3045575757071,0.28932375965406165,0.9530964574738935,0.052083333333333336,0.5182291666666666,0.052083333333333336
28,last,43,shift,0,3584,train,canonical,168,2.4154140309911853,0.3013810703967029,0.951806101667105,0.05357142857142857,0.5180555555555555,0.05357142857142857
28,last,43,shift,0,3584,iid,paraphrase,24,2.5967953640386923,-0.06842804163112648,0.9486099995433355,0.0,0.5,0.0
28,last,43,shift,0,3584,topic,paraphrase,96,2.3857960569702734,-0.12519302381432418,0.9521442158564654,0.0,0.4930555555555555,0.0
28,last,43,shift,0,3584,template,paraphrase,24,2.0210493021103573,-0.15361110519491938,0.9634754912759238,0.0,0.5,0.0
28,last,43,shift,0,3584,expression,paraphrase,24,5.927022816686214,0.0626279445334258,0.8833528800082493,0.0,0.40625,0.0
28,last,43,shift,0,3584,joint,paraphrase,96,4.7388284373397545,-0.038940261076953364,0.9103918821884521,0.0,0.4782986111111111,0.0
28,last,43,lowrank,32,232960,dev,canonical,48,1.5623823476998293,0.575591148099988,0.9686459916940636,0.875,0.9340277777777778,0.875
28,last,43,lowrank,32,232960,expression,canonical,24,7.1914266610441375,0.2613758017797646,0.8587466037155044,0.041666666666666664,0.4215277777777778,0.041666666666666664
28,last,43,lowrank,32,232960,iid,canonical,24,1.406179725779633,0.5461470291740976,0.9713485487602421,0.9166666666666666,0.9583333333333334,0.9166666666666666
28,last,43,lowrank,32,232960,joint,canonical,96,5.2317885919722436,0.273424014218265,0.8944142824887479,0.07291666666666667,0.47881944444444446,0.07291666666666667
28,last,43,lowrank,32,232960,template,canonical,24,2.6610436476165367,0.13504021509432884,0.9464371371117813,0.4166666666666667,0.6958333333333333,0.4166666666666667
28,last,43,lowrank,32,232960,topic,canonical,96,1.8860609950054485,0.41837914959346256,0.9620103318524075,0.78125,0.8888888888888888,0.7916666666666666
28,last,43,lowrank,32,232960,train,canonical,168,0.8677142653463831,0.7490278670737698,0.9823186689744402,0.9047619047619048,0.9523809523809523,0.9047619047619048
28,last,43,lowrank,32,232960,iid,paraphrase,24,2.9652284973176535,-0.2200165327816348,0.9415783242731354,0.16666666666666666,0.5833333333333334,0.16666666666666666
28,last,43,lowrank,32,232960,topic,paraphrase,96,3.2390148675926924,-0.5275894695183432,0.937933243116985,0.16666666666666666,0.5651041666666666,0.16666666666666666
28,last,43,lowrank,32,232960,template,paraphrase,24,2.7713539994449263,-0.5818836021702598,0.9486948758106758,0.041666666666666664,0.5208333333333334,0.041666666666666664
28,last,43,lowrank,32,232960,expression,paraphrase,24,5.88810799134373,0.06878241212155645,0.8855967964620385,0.0,0.42013888888888884,0.0
28,last,43,lowrank,32,232960,joint,paraphrase,96,5.463663306258584,-0.19785298347442315,0.8939107256244734,0.0,0.470486111111111,0.0
28,last,43,full_delta,0,12848640,dev,canonical,48,1.5015359135525015,0.5921196024163693,0.9699013876128687,0.8958333333333334,0.9444444444444445,0.8958333333333334
28,last,43,full_delta,0,12848640,expression,canonical,24,7.189264195233139,0.2615979064679038,0.8587445874582796,0.041666666666666664,0.4215277777777778,0.041666666666666664
28,last,43,full_delta,0,12848640,iid,canonical,24,1.3320070742795058,0.5700866989191602,0.9728996496254633,0.9583333333333334,0.9791666666666666,0.9583333333333334
28,last,43,full_delta,0,12848640,joint,canonical,96,5.355357709516035,0.2562630850612033,0.892403755902278,0.08333333333333333,0.48576388888888883,0.09375
28,last,43,full_delta,0,12848640,template,canonical,24,2.711368921603716,0.11868222028944908,0.9454922016042726,0.4166666666666667,0.6958333333333333,0.4166666666666667
28,last,43,full_delta,0,12848640,topic,canonical,96,1.9472269166336769,0.3995168882734319,0.9607678958116755,0.78125,0.8888888888888888,0.7916666666666666
28,last,43,full_delta,0,12848640,train,canonical,168,0.6741953473129028,0.8050000431230491,0.9863266542526429,0.9226190476190477,0.9613095238095238,0.9226190476190477
28,last,43,full_delta,0,12848640,iid,paraphrase,24,2.978659664134183,-0.22554266528222877,0.941282031863511,0.16666666666666666,0.5833333333333334,0.16666666666666666
28,last,43,full_delta,0,12848640,topic,paraphrase,96,3.343110420417778,-0.5766831837554363,0.9358470512010965,0.21875,0.5911458333333334,0.21875
28,last,43,full_delta,0,12848640,template,paraphrase,24,2.8727588615962083,-0.6397653049947916,0.9469185649705797,0.08333333333333333,0.5416666666666666,0.08333333333333333
28,last,43,full_delta,0,12848640,expression,paraphrase,24,5.933887771713962,0.06154223637874645,0.8846121857508482,0.0,0.4305555555555555,0.0
28,last,43,full_delta,0,12848640,joint,paraphrase,96,5.68275766449016,-0.2458872081253971,0.8905706952796347,0.0,0.4635416666666667,0.0
28,last,43,full_affine,0,12848640,dev,canonical,48,1.4591232745184592,0.603640661563631,0.9706477170917287,0.9166666666666666,0.9548611111111112,0.9375
28,last,43,full_affine,0,12848640,expression,canonical,24,6.850363643824305,0.29640604118986746,0.8644964801538273,0.125,0.45625,0.125
28,last,43,full_affine,0,12848640,iid,canonical,24,1.2824778837684536,0.5860725432916354,0.9737748147038193,1.0,1.0,1.0
28,last,43,full_affine,0,12848640,joint,canonical,96,5.531066331388544,0.23186116917659338,0.8864716438437297,0.4583333333333333,0.6618055555555555,0.5729166666666666
28,last,43,full_affine,0,12848640,template,canonical,24,3.0980467660959063,-0.007005603545881867,0.9366956159620349,0.7083333333333334,0.8208333333333333,0.7083333333333334
28,last,43,full_affine,0,12848640,topic,canonical,96,2.962620270913378,0.08639130655723704,0.9386229153836076,0.8958333333333334,0.9444444444444443,0.9270833333333334
28,last,43,full_affine,0,12848640,train,canonical,168,0.6406647063932008,0.8146982315775652,0.9868931482070111,0.9761904761904762,0.9871031746031745,0.9761904761904762
28,last,43,full_affine,0,12848640,iid,paraphrase,24,2.6100124591261937,-0.07386609624873364,0.9469016632173658,0.4166666666666667,0.7083333333333334,0.4166666666666667
28,last,43,full_affine,0,12848640,topic,paraphrase,96,4.0963217557117195,-0.9319139409924428,0.9170468780734838,0.4375,0.6979166666666666,0.4479166666666667
28,last,43,full_affine,0,12848640,template,paraphrase,24,3.2410715406064607,-0.8499974830256063,0.9388036547099986,0.4583333333333333,0.7013888888888888,0.4583333333333333
28,last,43,full_affine,0,12848640,expression,paraphrase,24,5.390678076932848,0.14745207743973132,0.8923541334885505,0.0,0.40972222222222215,0.0
28,last,43,full_affine,0,12848640,joint,paraphrase,96,5.716909569780338,-0.2533746683421192,0.8858848389669124,0.21875,0.5006944444444444,0.3020833333333333
28,last,43,shuffled,32,232960,dev,canonical,48,4.430636222844625,-0.20354741289317402,0.9077434903429772,0.3958333333333333,0.6447916666666667,0.7291666666666666
28,last,43,shuffled,32,232960,expression,canonical,24,6.688802035204447,0.3129998714901111,0.8662459806935038,0.125,0.4298611111111111,0.4583333333333333
28,last,43,shuffled,32,232960,iid,canonical,24,5.438270038599913,-0.7552343899736051,0.8866403528953045,0.5833333333333334,0.7513888888888888,0.8333333333333334
28,last,43,shuffled,32,232960,joint,canonical,96,8.212899495986802,-0.14058422708044005,0.8360217751199238,0.052083333333333336,0.38784722222222223,0.0625
28,last,43,shuffled,32,232960,template,canonical,24,6.70167511631129,-1.1783481350650957,0.8644576681168497,0.3333333333333333,0.5972222222222222,0.5
28,last,43,shuffled,32,232960,topic,canonical,96,6.247656931750922,-0.9266437020414453,0.8744566166322306,0.4791666666666667,0.6807291666666666,0.71875
28,last,43,shuffled,32,232960,train,canonical,168,5.424044559811897,-0.5688160107861038,0.8860407101677732,0.43452380952380953,0.660515873015873,0.7083333333333334
28,last,43,shuffled,32,232960,iid,paraphrase,24,6.278802579531216,-1.583356716026949,0.8728154930588895,0.125,0.4840277777777778,0.16666666666666666
28,last,43,shuffled,32,232960,topic,paraphrase,96,7.670679594103355,-2.6176584088082127,0.8515003708577176,0.08333333333333333,0.44027777777777777,0.10416666666666667
28,last,43,shuffled,32,232960,template,paraphrase,24,8.838590798322056,-4.0450508498585815,0.8307054914028681,0.08333333333333333,0.40347222222222223,0.08333333333333333
28,last,43,shuffled,32,232960,expression,paraphrase,24,7.624485215028181,-0.20582957058385887,0.8478339957550073,0.08333333333333333,0.39999999999999997,0.125
28,last,43,shuffled,32,232960,joint,paraphrase,96,11.413448780053344,-1.5022833411529337,0.777155490693712,0.0,0.3354166666666667,0.0
28,last,43,random_subspace,32,118272,dev,canonical,48,2.446551320849537,0.3354136145196007,0.9508217079766922,0.10416666666666667,0.5243055555555555,0.10416666666666667
28,last,43,random_subspace,32,118272,expression,canonical,24,8.355784931016364,0.14178573514415937,0.8342432205435286,0.0,0.3763888888888889,0.0
28,last,43,random_subspace,32,118272,iid,canonical,24,2.07611736497407,0.329920623514672,0.9577722672078828,0.0,0.5,0.0
28,last,43,random_subspace,32,118272,joint,canonical,96,6.096723997121381,0.15330423422599793,0.8766267220525208,0.0,0.36076388888888894,0.0
28,last,43,random_subspace,32,118272,template,canonical,24,2.7057092524034574,0.1205218692777239,0.9453317372587903,0.0,0.48055555555555557,0.0
28,last,43,random_subspace,32,118272,topic,canonical,96,2.298535326463677,0.2911808924485976,0.953208256872608,0.052083333333333336,0.5182291666666666,0.052083333333333336
28,last,43,random_subspace,32,118272,train,canonical,168,2.402546586475345,0.3051027678775682,0.9520403952568932,0.05357142857142857,0.5180555555555555,0.05357142857142857
28,last,43,random_subspace,32,118272,iid,paraphrase,24,2.599732893388145,-0.06963666159923543,0.9485453776811769,0.0,0.5,0.0
28,last,43,random_subspace,32,118272,topic,paraphrase,96,2.391210750497509,-0.12774671039836316,0.9520384895227432,0.0,0.4930555555555555,0.0
28,last,43,random_subspace,32,118272,template,paraphrase,24,2.0288467028427495,-0.15806184673158064,0.9632937615365823,0.0,0.5,0.0
28,last,43,random_subspace,32,118272,expression,paraphrase,24,5.923955512143166,0.06311304568001885,0.8834202184730785,0.0,0.40625,0.0
28,last,43,random_subspace,32,118272,joint,paraphrase,96,4.731271986510667,-0.03728358557139444,0.9104596206128989,0.0,0.4782986111111111,0.0
28,last,43,rank1,1,10752,dev,canonical,48,1.97143637410847,0.4644748455068649,0.9601194943007195,0.3541666666666667,0.6631944444444444,0.3541666666666667
28,last,43,rank1,1,10752,expression,canonical,24,7.102764030173712,0.27048225140727933,0.8589797805377528,0.0,0.37638888888888883,0.0
28,last,43,rank1,1,10752,iid,canonical,24,1.8843895805467097,0.3918019200210492,0.9616014315877038,0.20833333333333334,0.6041666666666666,0.20833333333333334
28,last,43,rank1,1,10752,joint,canonical,96,5.542214174132103,0.23031298834161673,0.8868417747313734,0.0,0.37013888888888896,0.0
28,last,43,rank1,1,10752,template,canonical,24,2.6808595294008755,0.12859915545171452,0.9457713151330003,0.08333333333333333,0.5291666666666667,0.08333333333333333
28,last,43,rank1,1,10752,topic,canonical,96,2.0085606296357583,0.38060288368432904,0.9589688821955668,0.375,0.6857638888888888,0.3854166666666667
28,last,43,rank1,1,10752,train,canonical,168,1.9279515754702448,0.4423715981192262,0.9607379350156904,0.3333333333333333,0.6617063492063492,0.3333333333333333
28,last,43,rank1,1,10752,iid,paraphrase,24,2.9279923501324028,-0.2046960557174926,0.9423676736496263,0.041666666666666664,0.5208333333333334,0.041666666666666664
28,last,43,rank1,1,10752,topic,paraphrase,96,2.7721212784469302,-0.30739235424706557,0.94494608829741,0.0625,0.5199652777777778,0.0625
28,last,43,rank1,1,10752,template,paraphrase,24,2.4947628362514283,-0.4240058912576059,0.9532922222939734,0.0,0.5,0.0
28,last,43,rank1,1,10752,expression,paraphrase,24,5.44129498287079,0.13944689935490417,0.8933654365409679,0.0,0.42013888888888884,0.0
28,last,43,rank1,1,10752,joint,paraphrase,96,4.691764831212683,-0.028622040891642886,0.9061180191082863,0.0,0.46701388888888884,0.0
28,last,43,rank2,2,17920,dev,canonical,48,1.9045108966128639,0.48265462404096493,0.9614212941497481,0.4791666666666667,0.7291666666666666,0.4791666666666667
28,last,43,rank2,2,17920,expression,canonical,24,7.064281187254077,0.2744347854921675,0.8601142121496649,0.0,0.39375,0.0
28,last,43,rank2,2,17920,iid,canonical,24,1.815330791648256,0.41409105982913796,0.9631792617817149,0.3333333333333333,0.6666666666666666,0.3333333333333333
28,last,43,rank2,2,17920,joint,canonical,96,5.331748060029177,0.259541926330936,0.8905561620841341,0.0,0.3854166666666667,0.0
28,last,43,rank2,2,17920,template,canonical,24,2.685817203790102,0.12698768659167592,0.9460404031582165,0.08333333333333333,0.5291666666666667,0.08333333333333333
28,last,43,rank2,2,17920,topic,canonical,96,1.8867392925472484,0.4181699771466886,0.961382834469656,0.5,0.7482638888888888,0.5104166666666666
28,last,43,rank2,2,17920,train,canonical,168,1.7195971650058872,0.5026346972604544,0.9649762480789225,0.5119047619047619,0.7529761904761905,0.5119047619047619
28,last,43,rank2,2,17920,iid,paraphrase,24,2.909008502899218,-0.19688532291857408,0.9429401221806376,0.041666666666666664,0.5208333333333334,0.041666666666666664
28,last,43,rank2,2,17920,topic,paraphrase,96,2.7503084914560088,-0.2971049721045613,0.9454921009052114,0.052083333333333336,0.5147569444444445,0.052083333333333336
28,last,43,rank2,2,17920,template,paraphrase,24,2.582096963878359,-0.47385604552535976,0.9518083321180687,0.0,0.5,0.0
28,last,43,rank2,2,17920,expression,paraphrase,24,5.4787378265230915,0.13352522899823527,0.8928921303819625,0.0,0.4131944444444444,0.0
28,last,43,rank2,2,17920,joint,paraphrase,96,4.650205387047545,-0.0195105526109276,0.9066575717467957,0.0,0.47222222222222215,0.0
28,last,43,rank4,4,32256,dev,canonical,48,1.818278659058423,0.5060789317919641,0.9633620592215847,0.6041666666666666,0.7986111111111112,0.6041666666666666
28,last,43,rank4,4,32256,expression,canonical,24,7.158189929084206,0.26478951308524856,0.8589982724820792,0.0,0.3902777777777778,0.0
28,last,43,rank4,4,32256,iid,canonical,24,1.6893452079157008,0.45475366533395967,0.9654883997914179,0.4583333333333333,0.7291666666666666,0.4583333333333333
28,last,43,rank4,4,32256,joint,canonical,96,5.371733031997756,0.25398892664186146,0.8893365918753567,0.0,0.4123263888888889,0.0
28,last,43,rank4,4,32256,template,canonical,24,2.499208077166449,0.1876441099353524,0.949636619938626,0.16666666666666666,0.5708333333333333,0.16666666666666666
28,last,43,rank4,4,32256,topic,canonical,96,1.9362639426269712,0.40289763485673447,0.9609740054646636,0.6354166666666666,0.8151041666666666,0.6354166666666666
28,last,43,rank4,4,32256,train,canonical,168,1.441095325628653,0.5831867907822555,0.9706442441825996,0.7142857142857143,0.8561507936507935,0.7142857142857143
28,last,43,rank4,4,32256,iid,paraphrase,24,2.906521887049872,-0.1958622272449615,0.9433411773940371,0.08333333333333333,0.5416666666666666,0.08333333333333333
28,last,43,rank4,4,32256,topic,paraphrase,96,3.058604883428776,-0.4425042188261792,0.9414780024374795,0.13541666666666666,0.5529513888888888,0.13541666666666666
28,last,43,rank4,4,32256,template,paraphrase,24,2.510138329879701,-0.43278219383414784,0.9535289531187775,0.0,0.5,0.0
28,last,43,rank4,4,32256,expression,paraphrase,24,5.712024424215341,0.0966304262692913,0.8897305157954881,0.0,0.42013888888888884,0.0
28,last,43,rank4,4,32256,joint,paraphrase,96,5.066521524562293,-0.11078365994522255,0.898717434673516,0.0,0.4618055555555555,0.0
28,last,43,rank8,8,60928,dev,canonical,48,1.6942492219164684,0.5397705509380188,0.9659855227441635,0.7291666666666666,0.8611111111111112,0.7291666666666666
28,last,43,rank8,8,60928,expression,canonical,24,7.2383815251760195,0.25655311491850197,0.8575206244448991,0.0,0.39722222222222214,0.0
28,last,43,rank8,8,60928,iid,canonical,24,1.5575126196380833,0.4973034267510442,0.9682441732805689,0.7916666666666666,0.8958333333333334,0.7916666666666666
28,last,43,rank8,8,60928,joint,canonical,96,5.317417198768436,0.26153215576482425,0.8922595294009557,0.020833333333333332,0.4401041666666667,0.020833333333333332
28,last,43,rank8,8,60928,template,canonical,24,2.5643089904268757,0.16648336272951947,0.9485822134972226,0.2916666666666667,0.6333333333333333,0.2916666666666667
28,last,43,rank8,8,60928,topic,canonical,96,1.8650658491697587,0.42485360328700705,0.962388011652413,0.6979166666666666,0.8472222222222222,0.7083333333333334
28,last,43,rank8,8,60928,train,canonical,168,1.2352999938068525,0.6427097183590667,0.9748677668822557,0.8333333333333334,0.9166666666666666,0.8333333333333334
28,last,43,rank8,8,60928,iid,paraphrase,24,2.9508165407445506,-0.2140868631778179,0.9431315116712179,0.08333333333333333,0.5416666666666666,0.08333333333333333
28,last,43,rank8,8,60928,topic,paraphrase,96,3.1397336330040893,-0.48076629189241005,0.9408975434096684,0.15625,0.5633680555555555,0.15625
28,last,43,rank8,8,60928,template,paraphrase,24,2.6324851229856137,-0.5026175110946365,0.9520469013831659,0.041666666666666664,0.5208333333333334,0.041666666666666664
28,last,43,rank8,8,60928,expression,paraphrase,24,5.799936996307821,0.08272685428173565,0.8887741167888924,0.0,0.42013888888888884,0.0
28,last,43,rank8,8,60928,joint,paraphrase,96,5.322226028672254,-0.1668442892276134,0.8973288503343019,0.0,0.4678819444444444,0.0
28,last,43,rank16,16,118272,dev,canonical,48,1.6231174684529293,0.559092931189908,0.9674317377933597,0.7916666666666666,0.8923611111111112,0.7916666666666666
28,last,43,rank16,16,118272,expression,canonical,24,7.180691126880711,0.26247843769439905,0.8588508249428829,0.0,0.40069444444444446,0.0
28,last,43,rank16,16,118272,iid,canonical,24,1.463899769224583,0.5275175377133481,0.9701287572980332,0.9166666666666666,0.9583333333333334,0.9166666666666666
28,last,43,rank16,16,118272,joint,canonical,96,5.234879860659115,0.2729947075759963,0.894094492103299,0.041666666666666664,0.45625,0.041666666666666664
28,last,43,rank16,16,118272,template,canonical,24,2.6067637377194024,0.1526836457954287,0.9477738587754246,0.2916666666666667,0.6333333333333333,0.2916666666666667
28,last,43,rank16,16,118272,topic,canonical,96,1.8491071665783299,0.4297749194929912,0.9625701019156171,0.75,0.8732638888888888,0.7604166666666666
28,last,43,rank16,16,118272,train,canonical,168,1.0411258857068395,0.6988713973991769,0.9787878487564948,0.9047619047619048,0.9523809523809523,0.9047619047619048
28,last,43,rank16,16,118272,iid,paraphrase,24,2.965848332624448,-0.22027155843061097,0.9420315726093579,0.125,0.5625,0.125
28,last,43,rank16,16,118272,topic,paraphrase,96,3.1339713180048485,-0.4780486595033282,0.939954506109299,0.15625,0.5598958333333334,0.15625
28,last,43,rank16,16,118272,template,paraphrase,24,2.665665922361848,-0.5215570483932563,0.9509811891209106,0.041666666666666664,0.5208333333333334,0.041666666666666664
28,last,43,rank16,16,118272,expression,paraphrase,24,5.851216582028212,0.0746168718914414,0.8868299327110205,0.0,0.4270833333333333,0.0
28,last,43,rank16,16,118272,joint,paraphrase,96,5.401159667527739,-0.18414969212299837,0.8946909437984898,0.0,0.4635416666666667,0.0
28,last,43,rank32,32,232960,dev,canonical,48,1.5623823476998293,0.575591148099988,0.9686459916940636,0.875,0.9340277777777778,0.875
28,last,43,rank32,32,232960,expression,canonical,24,7.1914266610441375,0.2613758017797646,0.8587466037155044,0.041666666666666664,0.4215277777777778,0.041666666666666664
28,last,43,rank32,32,232960,iid,canonical,24,1.406179725779633,0.5461470291740976,0.9713485487602421,0.9166666666666666,0.9583333333333334,0.9166666666666666
28,last,43,rank32,32,232960,joint,canonical,96,5.2317885919722436,0.273424014218265,0.8944142824887479,0.07291666666666667,0.47881944444444446,0.07291666666666667
28,last,43,rank32,32,232960,template,canonical,24,2.6610436476165367,0.13504021509432884,0.9464371371117813,0.4166666666666667,0.6958333333333333,0.4166666666666667
28,last,43,rank32,32,232960,topic,canonical,96,1.8860609950054485,0.41837914959346256,0.9620103318524075,0.78125,0.8888888888888888,0.7916666666666666
28,last,43,rank32,32,232960,train,canonical,168,0.8677142653463831,0.7490278670737698,0.9823186689744402,0.9047619047619048,0.9523809523809523,0.9047619047619048
28,last,43,rank32,32,232960,iid,paraphrase,24,2.9652284973176535,-0.2200165327816348,0.9415783242731354,0.16666666666666666,0.5833333333333334,0.16666666666666666
28,last,43,rank32,32,232960,topic,paraphrase,96,3.2390148675926924,-0.5275894695183432,0.937933243116985,0.16666666666666666,0.5651041666666666,0.16666666666666666
28,last,43,rank32,32,232960,template,paraphrase,24,2.7713539994449263,-0.5818836021702598,0.9486948758106758,0.041666666666666664,0.5208333333333334,0.041666666666666664
28,last,43,rank32,32,232960,expression,paraphrase,24,5.88810799134373,0.06878241212155645,0.8855967964620385,0.0,0.42013888888888884,0.0
28,last,43,rank32,32,232960,joint,paraphrase,96,5.463663306258584,-0.19785298347442315,0.8939107256244734,0.0,0.470486111111111,0.0
28,mean,17,identity,0,0,dev,canonical,48,0.43033463940458666,0.0,0.9872403844080431,0.0,0.5,0.0
28,mean,17,identity,0,0,expression,canonical,24,0.9161357125208291,0.0,0.973201421167321,0.0,0.4930555555555555,0.0
28,mean,17,identity,0,0,iid,canonical,24,0.5768397796526727,0.0,0.9824356229001853,0.0,0.5,0.0
28,mean,17,identity,0,0,joint,canonical,96,0.8888875850678244,0.0,0.9720305404104992,0.0,0.49826388888888884,0.0
28,mean,17,identity,0,0,template,canonical,24,0.26074164498391456,0.0,0.9924585225435214,0.0,0.5,0.0
28,mean,17,identity,0,0,topic,canonical,96,0.4630535702485807,0.0,0.9852706547881104,0.0,0.4947916666666667,0.0
28,mean,17,identity,0,0,train,canonical,168,0.502842843810472,0.0,0.9850231630219591,0.0,0.49801587301587297,0.0
28,mean,17,identity,0,0,iid,paraphrase,24,0.3777404979237777,0.0,0.9883260299439826,0.0,0.5,0.0
28,mean,17,identity,0,0,topic,paraphrase,96,0.3189529039270295,0.0,0.9898054566368696,0.0,0.5,0.0
28,mean,17,identity,0,0,template,paraphrase,24,0.2555527628966539,0.0,0.9932455204637366,0.0,0.5,0.0
28,mean,17,identity,0,0,expression,paraphrase,24,1.2273166971325937,0.0,0.9634204392202794,0.0,0.4930555555555555,0.0
28,mean,17,identity,0,0,joint,paraphrase,96,0.9085554403116806,0.0,0.9728330623406279,0.0,0.5,0.0
28,mean,17,shift,0,3584,dev,canonical,48,0.18865211738216545,0.5616153102543975,0.9945181124840347,0.8958333333333334,0.9479166666666666,0.8958333333333334
28,mean,17,shift,0,3584,expression,canonical,24,0.9053407420480178,0.011783156496659175,0.973567481470957,0.0,0.5,0.0
28,mean,17,shift,0,3584,iid,canonical,24,0.2596833268316054,0.5498172352330379,0.9922383674184188,0.75,0.875,0.75
28,mean,17,shift,0,3584,joint,canonical,96,1.0081315989351507,-0.13414971237136553,0.9686265826558181,0.0,0.49826388888888884,0.0
28,mean,17,shift,0,3584,template,canonical,24,0.21587884376343758,0.17205844207680987,0.9938075674489358,0.7916666666666666,0.8958333333333334,0.7916666666666666
28,mean,17,shift,0,3584,topic,canonical,96,0.21860352276767384,0.5279087846135793,0.9931400779253675,0.7916666666666666,0.8958333333333334,0.7916666666666666
28,mean,17,shift,0,3584,train,canonical,168,0.22582529311365412,0.5509028399362672,0.9934325920789064,0.7797619047619048,0.8898809523809523,0.7797619047619048
28,mean,17,shift,0,3584,iid,paraphrase,24,0.3758484890311294,0.005008753107086927,0.9886389909015065,0.25,0.625,0.25
28,mean,17,shift,0,3584,topic,paraphrase,96,0.34290812461879455,-0.0751058240787974,0.9892554992337231,0.3229166666666667,0.6614583333333334,0.3229166666666667
28,mean,17,shift,0,3584,template,paraphrase,24,0.3093563473053026,-0.21053806579429146,0.9918918817613355,0.2916666666666667,0.6458333333333334,0.2916666666666667
28,mean,17,shift,0,3584,expression,paraphrase,24,1.2047537387460945,0.01838397411133863,0.9646214131969085,0.0,0.5,0.0
28,mean,17,shift,0,3584,joint,paraphrase,96,0.97420225939868,-0.07225405976819554,0.9713774140081032,0.0,0.5,0.0
28,mean,17,lowrank,32,232960,dev,canonical,48,0.09476002908705206,0.7797992064543944,0.997253221532043,1.0,1.0,1.0
28,mean,17,lowrank,32,232960,expression,canonical,24,0.9709678996334979,-0.059851598800567674,0.971706509724417,0.0,0.5,0.0
28,mean,17,lowrank,32,232960,iid,canonical,24,0.1207790051425361,0.7906194936568701,0.9963855100512533,1.0,1.0,1.0
28,mean,17,lowrank,32,232960,joint,canonical,96,1.0487518192173624,-0.17984752721834885,0.9685120201684888,0.0,0.49826388888888884,0.0
28,mean,17,lowrank,32,232960,template,canonical,24,0.2879371675744398,-0.1043006482228912,0.9921811924087472,0.9166666666666666,0.9583333333333334,0.9166666666666666
28,mean,17,lowrank,32,232960,topic,canonical,96,0.16555371529363824,0.6424739470105711,0.994803099992919,1.0,1.0,1.0
28,mean,17,lowrank,32,232960,train,canonical,168,0.07025400320441617,0.8602863616949556,0.9979188004700948,0.9940476190476191,0.9970238095238095,0.9940476190476191
28,mean,17,lowrank,32,232960,iid,paraphrase,24,0.38187918536965704,-0.010956430323535216,0.9887481399897476,0.5833333333333334,0.7916666666666666,0.5833333333333334
28,mean,17,lowrank,32,232960,topic,paraphrase,96,0.33727208820903604,-0.05743538954013605,0.9895161999753695,0.5,0.75,0.5
28,mean,17,lowrank,32,232960,template,paraphrase,24,0.4209733785005234,-0.6473051346768885,0.9890335709791739,0.9583333333333334,0.9791666666666666,0.9583333333333334
28,mean,17,lowrank,32,232960,expression,paraphrase,24,1.2490951651647961,-0.017744782649078195,0.9634398878305879,0.0,0.5,0.0
28,mean,17,lowrank,32,232960,joint,paraphrase,96,1.0520620452038898,-0.15795030058152437,0.9693216231585424,0.0,0.5,0.0
28,mean,17,full_delta,0,12848640,dev,canonical,48,0.08625080129187934,0.7995727199390307,0.9975042418266139,1.0,1.0,1.0
28,mean,17,full_delta,0,12848640,expression,canonical,24,0.9765290425369084,-0.06592181615745729,0.9715249230277457,0.0,0.5,0.0
28,mean,17,full_delta,0,12848640,iid,canonical,24,0.10826639974522125,0.8123111415609883,0.9967610081157954,1.0,1.0,1.0
28,mean,17,full_delta,0,12848640,joint,canonical,96,1.0644447221189466,-0.1975020688782898,0.9680497238898949,0.0,0.49826388888888884,0.0
28,mean,17,full_delta,0,12848640,template,canonical,24,0.31986078957394976,-0.22673456936149305,0.9912560705977219,0.9583333333333334,0.9791666666666666,0.9583333333333334
28,mean,17,full_delta,0,12848640,topic,canonical,96,0.17739378216082077,0.616904406836577,0.9944402149680632,1.0,1.0,1.0
28,mean,17,full_delta,0,12848640,train,canonical,168,0.051075273081122224,0.8984269663776439,0.9984898348637609,1.0,1.0,1.0
28,mean,17,full_delta,0,12848640,iid,paraphrase,24,0.3803362224992058,-0.006871713755065567,0.9887963379929156,0.75,0.875,0.75
28,mean,17,full_delta,0,12848640,topic,paraphrase,96,0.3640710169749977,-0.14145697528526147,0.9886895471460923,0.5520833333333334,0.7760416666666666,0.5520833333333334
28,mean,17,full_delta,0,12848640,template,paraphrase,24,0.4521162130893985,-0.7691697321708677,0.9882331250972017,1.0,1.0,1.0
28,mean,17,full_delta,0,12848640,expression,paraphrase,24,1.2622705409371235,-0.028479889409305015,0.9630736669693212,0.0,0.5,0.0
28,mean,17,full_delta,0,12848640,joint,paraphrase,96,1.100435731889242,-0.21119271655204308,0.9681469948208982,0.0,0.5,0.0
28,mean,17,full_affine,0,12848640,dev,canonical,48,0.11551194715784258,0.7315764603154755,0.9966304276724887,1.0,1.0,1.0
28,mean,17,full_affine,0,12848640,expression,canonical,24,1.0058509811935894,-0.09792792426560992,0.970610741123942,0.0,0.5,0.0
28,mean,17,full_affine,0,12848640,iid,canonical,24,0.1369952467507598,0.762507282640515,0.9958570285057725,1.0,1.0,1.0
28,mean,17,full_affine,0,12848640,joint,canonical,96,1.5143144892700056,-0.7036062992762573,0.9532543381865333,0.5729166666666666,0.7864583333333334,0.5729166666666666
28,mean,17,full_affine,0,12848640,template,canonical,24,1.1717227519438014,-3.4938074699041124,0.9662092171022785,0.875,0.9201388888888888,0.9166666666666666
28,mean,17,full_affine,0,12848640,topic,canonical,96,0.7150261492548838,-0.5441542732756319,0.977124989150774,1.0,1.0,1.0
28,mean,17,full_affine,0,12848640,train,canonical,168,0.0522225179094326,0.896145448717739,0.9984326360313829,1.0,1.0,1.0
28,mean,17,full_affine,0,12848640,iid,paraphrase,24,0.3152750061319956,0.16536614987039766,0.9904874560344714,1.0,1.0,1.0
28,mean,17,full_affine,0,12848640,topic,paraphrase,96,0.8184800451618465,-1.5661470238537145,0.9736497609807199,0.90625,0.953125,0.90625
28,mean,17,full_affine,0,12848640,template,paraphrase,24,1.0983283567365099,-3.297853579382651,0.9710907854862457,0.9583333333333334,0.9791666666666666,0.9583333333333334
28,mean,17,full_affine,0,12848640,expression,paraphrase,24,1.2795600300246393,-0.04256711655117429,0.9621732523008569,0.0,0.5,0.0
28,mean,17,full_affine,0,12848640,joint,paraphrase,96,1.6976142525513005,-0.8684762395665506,0.9490721703535191,0.40625,0.703125,0.40625
28,mean,17,shuffled,32,232960,dev,canonical,48,1.6143823887438835,-2.7514581465660113,0.9520902472267284,0.4791666666666667,0.689236111111111,0.875
28,mean,17,shuffled,32,232960,expression,canonical,24,1.8430438788204686,-1.0117585785943972,0.945875281374807,0.4166666666666667,0.6493055555555555,0.5833333333333334
28,mean,17,shuffled,32,232960,iid,canonical,24,1.9986425566842403,-2.4648140214734577,0.9392916892250195,0.625,0.7743055555555555,0.8333333333333334
28,mean,17,shuffled,32,232960,joint,canonical,96,3.9114952737601043,-3.4004386375377793,0.8857100440833596,0.5729166666666666,0.7803819444444445,0.6354166666666666
28,mean,17,shuffled,32,232960,template,canonical,24,3.305137707755248,-11.675910317123089,0.9075982950593137,0.5416666666666666,0.7708333333333334,0.5416666666666666
28,mean,17,shuffled,32,232960,topic,canonical,96,1.820561476181818,-2.9316433198096012,0.9453766855645339,0.5729166666666666,0.75,0.78125
28,mean,17,shuffled,32,232960,train,canonical,168,1.914251783971547,-2.8068589570960536,0.9419368681755942,0.7202380952380952,0.8244047619047619,0.875
28,mean,17,shuffled,32,232960,iid,paraphrase,24,2.2026692937293277,-4.831170620667189,0.9332809447395506,0.2916666666666667,0.6159722222222223,0.4166666666666667
28,mean,17,shuffled,32,232960,topic,paraphrase,96,2.1408712177916676,-5.712186004368403,0.9359376373753125,0.17708333333333334,0.5166666666666666,0.23958333333333334
28,mean,17,shuffled,32,232960,template,paraphrase,24,3.369051308897012,-12.183388317579896,0.9115062799942587,0.4166666666666667,0.7083333333333334,0.4166666666666667
28,mean,17,shuffled,32,232960,expression,paraphrase,24,1.972477444963274,-0.6071462643436818,0.9403203199472494,0.2916666666666667,0.5812499999999999,0.4166666666666667
28,mean,17,shuffled,32,232960,joint,paraphrase,96,4.234684541728934,-3.6608983379993,0.8800914238360948,0.5,0.7465277777777777,0.53125
28,mean,17,random_subspace,32,118272,dev,canonical,48,0.18779485934463994,0.563607383304133,0.9945414507153622,0.8958333333333334,0.9479166666666666,0.8958333333333334
28,mean,17,random_subspace,32,118272,expression,canonical,24,0.9061095754170768,0.01094394309350144,0.9735446695629889,0.0,0.5,0.0
28,mean,17,random_subspace,32,118272,iid,canonical,24,0.2584571898335822,0.5519428462627791,0.992274039196329,0.75,0.875,0.75
28,mean,17,random_subspace,32,118272,joint,canonical,96,1.010510796145214,-0.1368263131587213,0.9685660800414295,0.0,0.49826388888888884,0.0
28,mean,17,random_subspace,32,118272,template,canonical,24,0.21637472190452953,0.17015664330154112,0.993795123334572,0.8333333333333334,0.9166666666666666,0.8333333333333334
28,mean,17,random_subspace,32,118272,topic,canonical,96,0.2183012794594877,0.5285615024147267,0.9931482116795604,0.7916666666666666,0.8958333333333334,0.7916666666666666
28,mean,17,random_subspace,32,118272,train,canonical,168,0.22436864688025213,0.5537996619778494,0.993473262496683,0.7976190476190477,0.8988095238095238,0.7976190476190477
28,mean,17,random_subspace,32,118272,iid,paraphrase,24,0.37590815989167564,0.004850785240590683,0.9886382939710758,0.25,0.625,0.25
28,mean,17,random_subspace,32,118272,topic,paraphrase,96,0.34318507503348944,-0.07597413539148645,0.9892468551951475,0.3229166666666667,0.6614583333333334,0.3229166666666667
28,mean,17,random_subspace,32,118272,template,paraphrase,24,0.30897811513069257,-0.20905801067642527,0.9919030954740439,0.2916666666666667,0.6458333333333334,0.2916666666666667
28,mean,17,random_subspace,32,118272,expression,paraphrase,24,1.205329978299251,0.017914462407877862,0.9646053308981776,0.0,0.5,0.0
28,mean,17,random_subspace,32,118272,joint,paraphrase,96,0.9758017623601,-0.0740145499820577,0.9713416101352506,0.0,0.5,0.0
28,mean,17,rank1,1,10752,dev,canonical,48,0.1655856811166236,0.615216471196163,0.9951311210110397,0.9791666666666666,0.9895833333333334,0.9791666666666666
28,mean,17,rank1,1,10752,expression,canonical,24,0.9226073563817647,-0.007064066788891266,0.9732212823198644,0.0,0.5,0.0
28,mean,17,rank1,1,10752,iid,canonical,24,0.22038832332333358,0.6179384101144446,0.9934126215454272,0.9583333333333334,0.9791666666666666,0.9583333333333334
28,mean,17,rank1,1,10752,joint,canonical,96,1.1192045931570183,-0.25910701415817394,0.965873987364812,0.0,0.49652777777777773,0.0
28,mean,17,rank1,1,10752,template,canonical,24,0.25898035651903745,0.006754918129728615,0.9927887715859405,0.9583333333333334,0.9791666666666666,0.9583333333333334
28,mean,17,rank1,1,10752,topic,canonical,96,0.19720713372682938,0.5741159416588391,0.9937862947857944,0.9583333333333334,0.9791666666666666,0.9583333333333334
28,mean,17,rank1,1,10752,train,canonical,168,0.1899464145600831,0.6222549114536542,0.9944102120270079,0.9226190476190477,0.9613095238095238,0.9226190476190477
28,mean,17,rank1,1,10752,iid,paraphrase,24,0.41063199453943916,-0.0870743190006027,0.9878317771339113,0.25,0.625,0.25
28,mean,17,rank1,1,10752,topic,paraphrase,96,0.3360410075992745,-0.053575632834352405,0.9894695010719312,0.16666666666666666,0.5833333333333334,0.16666666666666666
28,mean,17,rank1,1,10752,template,paraphrase,24,0.3454405344457309,-0.35173860196310147,0.9910301478849867,0.5,0.75,0.5
28,mean,17,rank1,1,10752,expression,paraphrase,24,1.2259210616440916,0.0011371437313308919,0.9640722465341648,0.0,0.5,0.0
28,mean,17,rank1,1,10752,joint,paraphrase,96,0.9948825554703636,-0.09501579246398939,0.9710684541731492,0.0,0.5,0.0
28,mean,17,rank2,2,17920,dev,canonical,48,0.15609732663659784,0.6372652527982061,0.995417064728307,0.9791666666666666,0.9895833333333334,0.9791666666666666
28,mean,17,rank2,2,17920,expression,canonical,24,0.9315049546208763,-0.0167761630618648,0.9729751869601208,0.0,0.5,0.0
28,mean,17,rank2,2,17920,iid,canonical,24,0.20989977398862,0.6361211875592127,0.9937325687177672,0.9166666666666666,0.9583333333333334,0.9166666666666666
28,mean,17,rank2,2,17920,joint,canonical,96,1.0700161560477968,-0.20376994124195336,0.9680068879125022,0.0,0.49652777777777773,0.0
28,mean,17,rank2,2,17920,template,canonical,24,0.24583866196850676,0.05715612868948183,0.9934126126697859,0.9583333333333334,0.9791666666666666,0.9583333333333334
28,mean,17,rank2,2,17920,topic,canonical,96,0.18777757285248875,0.5944798076998212,0.9940751143426348,0.9166666666666666,0.9583333333333334,0.9166666666666666
28,mean,17,rank2,2,17920,train,canonical,168,0.17239041960363807,0.6571683942098333,0.994890118223571,0.9583333333333334,0.9791666666666666,0.9583333333333334
28,mean,17,rank2,2,17920,iid,paraphrase,24,0.4023560484452144,-0.06516524083791442,0.9882400589883419,0.16666666666666666,0.5833333333333334,0.16666666666666666
28,mean,17,rank2,2,17920,topic,paraphrase,96,0.32000817398740006,-0.0033085450779026804,0.990031129590904,0.10416666666666667,0.5520833333333334,0.10416666666666667
28,mean,17,rank2,2,17920,template,paraphrase,24,0.3558418491010246,-0.392439843215187,0.9907937498162872,0.5,0.75,0.5
28,mean,17,rank2,2,17920,expression,paraphrase,24,1.2376348036232698,-0.008407044827779542,0.963973372452708,0.0,0.5,0.0
28,mean,17,rank2,2,17920,joint,paraphrase,96,0.980557625002847,-0.079249082110461,0.9715902159382726,0.0,0.5,0.0
28,mean,17,rank4,4,32256,dev,canonical,48,0.1362307789740578,0.6834305991203788,0.9960131379505857,1.0,1.0,1.0
28,mean,17,rank4,4,32256,expression,canonical,24,0.9441210551182552,-0.03054715825936083,0.9725743186861683,0.0,0.5,0.0
28,mean,17,rank4,4,32256,iid,canonical,24,0.18305854492150928,0.6826527029191145,0.994536017072936,0.9583333333333334,0.9791666666666666,0.9583333333333334
28,mean,17,rank4,4,32256,joint,canonical,96,1.0843108629451412,-0.21985151008989012,0.9675210620036592,0.0,0.49826388888888884,0.0
28,mean,17,rank4,4,32256,template,canonical,24,0.23107263235656725,0.11378701177242945,0.9937782463080608,0.9583333333333334,0.9791666666666666,0.9583333333333334
28,mean,17,rank4,4,32256,topic,canonical,96,0.1777361038108386,0.61616513675637,0.9944015179084259,0.96875,0.984375,0.96875
28,mean,17,rank4,4,32256,train,canonical,168,0.147945010223407,0.7057828066075265,0.9956109802927793,0.9761904761904762,0.9880952380952381,0.9761904761904762
28,mean,17,rank4,4,32256,iid,paraphrase,24,0.39916494285723686,-0.05671736298124519,0.9882322231392564,0.3333333333333333,0.6666666666666666,0.3333333333333333
28,mean,17,rank4,4,32256,topic,paraphrase,96,0.32610459474457715,-0.022422403839231997,0.9897872999443184,0.22916666666666666,0.6145833333333334,0.22916666666666666
28,mean,17,rank4,4,32256,template,paraphrase,24,0.33544896096835436,-0.31264071327614906,0.9912545868492261,0.7083333333333334,0.8541666666666666,0.7083333333333334
28,mean,17,rank4,4,32256,expression,paraphrase,24,1.2214595569762736,0.004772313592737887,0.9643246962755994,0.0,0.5,0.0
28,mean,17,rank4,4,32256,joint,paraphrase,96,0.9702799368530046,-0.06793696212985023,0.9716975819697264,0.0,0.5,0.0
28,mean,17,rank8,8,60928,dev,canonical,48,0.12009582900629756,0.7209245596114159,0.9964994384815511,1.0,1.0,1.0
28,mean,17,rank8,8,60928,expression,canonical,24,0.961513517912763,-0.049531750341958336,0.9720593102134342,0.0,0.5,0.0
28,mean,17,rank8,8,60928,iid,canonical,24,0.15767926900108445,0.7266498002339117,0.9952925359483386,0.9583333333333334,0.9791666666666666,0.9583333333333334
28,mean,17,rank8,8,60928,joint,canonical,96,1.0406199960451403,-0.1706992127308633,0.9689555721705655,0.0,0.49826388888888884,0.0
28,mean,17,rank8,8,60928,template,canonical,24,0.23404001828543816,0.10240645179684915,0.9937348129368558,0.9583333333333334,0.9791666666666666,0.9583333333333334
28,mean,17,rank8,8,60928,topic,canonical,96,0.1639592061728813,0.6459174127847385,0.9948421128090725,1.0,1.0,1.0
28,mean,17,rank8,8,60928,train,canonical,168,0.11981895572404881,0.7617168918700767,0.9964495620394868,0.9880952380952381,0.9940476190476191,0.9880952380952381
28,mean,17,rank8,8,60928,iid,paraphrase,24,0.3922173422115233,-0.03832484037935191,0.9884555057252405,0.3333333333333333,0.6666666666666666,0.3333333333333333
28,mean,17,rank8,8,60928,topic,paraphrase,96,0.3250797368427642,-0.01920920875872123,0.9898162232730243,0.2916666666666667,0.6458333333333334,0.2916666666666667
28,mean,17,rank8,8,60928,template,paraphrase,24,0.3370185244978285,-0.3187825507256188,0.9912296492426727,0.7916666666666666,0.8958333333333334,0.7916666666666666
28,mean,17,rank8,8,60928,expression,paraphrase,24,1.2457235401569404,-0.014997631065682526,0.9636758813602656,0.0,0.5,0.0
28,mean,17,rank8,8,60928,joint,paraphrase,96,0.9610564134868024,-0.057785106825304355,0.9720025307905443,0.0,0.5,0.0
28,mean,17,rank16,16,118272,dev,canonical,48,0.10352114310724349,0.7594403665703604,0.9969907602206997,1.0,1.0,1.0
28,mean,17,rank16,16,118272,expression,canonical,24,0.9686514082296629,-0.057323052677787256,0.9717915557486272,0.0,0.5,0.0
28,mean,17,rank16,16,118272,iid,canonical,24,0.13646468677966725,0.7634270527219266,0.9959180249245447,1.0,1.0,1.0
28,mean,17,rank16,16,118272,joint,canonical,96,1.0559286337062315,-0.1879214553611539,0.9680876611933747,0.0,0.49826388888888884,0.0
28,mean,17,rank16,16,118272,template,canonical,24,0.2556680423126627,0.019458351854629297,0.9930436821625014,0.9583333333333334,0.9791666666666666,0.9583333333333334
28,mean,17,rank16,16,118272,topic,canonical,96,0.16247328380177883,0.649126377074345,0.9948890639667974,1.0,1.0,1.0
28,mean,17,rank16,16,118272,train,canonical,168,0.09228937303948341,0.8164647778615529,0.9972660691659453,0.9940476190476191,0.9970238095238095,0.9940476190476191
28,mean,17,rank16,16,118272,iid,paraphrase,24,0.3811754069646514,-0.009093303629749583,0.9887013833826473,0.4583333333333333,0.7291666666666666,0.4583333333333333
28,mean,17,rank16,16,118272,topic,paraphrase,96,0.31727120033521,0.005272576518708383,0.9900916080216123,0.3645833333333333,0.6822916666666666,0.3645833333333333
28,mean,17,rank16,16,118272,template,paraphrase,24,0.3646924733433246,-0.42707309915020186,0.9904258371306486,0.9166666666666666,0.9583333333333334,0.9166666666666666
28,mean,17,rank16,16,118272,expression,paraphrase,24,1.2545424845207647,-0.022183180145580295,0.9632499019401398,0.0,0.5,0.0
28,mean,17,rank16,16,118272,joint,paraphrase,96,1.0240693381103199,-0.12714017513230913,0.969688112560091,0.0,0.5,0.0
28,mean,17,rank32,32,232960,dev,canonical,48,0.09476002908705206,0.7797992064543944,0.997253221532043,1.0,1.0,1.0
28,mean,17,rank32,32,232960,expression,canonical,24,0.9709678996334979,-0.059851598800567674,0.971706509724417,0.0,0.5,0.0
28,mean,17,rank32,32,232960,iid,canonical,24,0.1207790051425361,0.7906194936568701,0.9963855100512533,1.0,1.0,1.0
28,mean,17,rank32,32,232960,joint,canonical,96,1.0487518192173624,-0.17984752721834885,0.9685120201684888,0.0,0.49826388888888884,0.0
28,mean,17,rank32,32,232960,template,canonical,24,0.2879371675744398,-0.1043006482228912,0.9921811924087472,0.9166666666666666,0.9583333333333334,0.9166666666666666
28,mean,17,rank32,32,232960,topic,canonical,96,0.16555371529363824,0.6424739470105711,0.994803099992919,1.0,1.0,1.0
28,mean,17,rank32,32,232960,train,canonical,168,0.07025400320441617,0.8602863616949556,0.9979188004700948,0.9940476190476191,0.9970238095238095,0.9940476190476191
28,mean,17,rank32,32,232960,iid,paraphrase,24,0.38187918536965704,-0.010956430323535216,0.9887481399897476,0.5833333333333334,0.7916666666666666,0.5833333333333334
28,mean,17,rank32,32,232960,topic,paraphrase,96,0.33727208820903604,-0.05743538954013605,0.9895161999753695,0.5,0.75,0.5
28,mean,17,rank32,32,232960,template,paraphrase,24,0.4209733785005234,-0.6473051346768885,0.9890335709791739,0.9583333333333334,0.9791666666666666,0.9583333333333334
28,mean,17,rank32,32,232960,expression,paraphrase,24,1.2490951651647961,-0.017744782649078195,0.9634398878305879,0.0,0.5,0.0
28,mean,17,rank32,32,232960,joint,paraphrase,96,1.0520620452038898,-0.15795030058152437,0.9693216231585424,0.0,0.5,0.0
28,mean,29,identity,0,0,dev,canonical,48,0.43033463940458666,0.0,0.9872403844080431,0.0,0.5,0.0
28,mean,29,identity,0,0,expression,canonical,24,0.9161357125208291,0.0,0.973201421167321,0.0,0.4930555555555555,0.0
28,mean,29,identity,0,0,iid,canonical,24,0.5768397796526727,0.0,0.9824356229001853,0.0,0.5,0.0
28,mean,29,identity,0,0,joint,canonical,96,0.8888875850678244,0.0,0.9720305404104992,0.0,0.49826388888888884,0.0
28,mean,29,identity,0,0,template,canonical,24,0.26074164498391456,0.0,0.9924585225435214,0.0,0.5,0.0
28,mean,29,identity,0,0,topic,canonical,96,0.4630535702485807,0.0,0.9852706547881104,0.0,0.4947916666666667,0.0
28,mean,29,identity,0,0,train,canonical,168,0.502842843810472,0.0,0.9850231630219591,0.0,0.49801587301587297,0.0
28,mean,29,identity,0,0,iid,paraphrase,24,0.3777404979237777,0.0,0.9883260299439826,0.0,0.5,0.0
28,mean,29,identity,0,0,topic,paraphrase,96,0.3189529039270295,0.0,0.9898054566368696,0.0,0.5,0.0
28,mean,29,identity,0,0,template,paraphrase,24,0.2555527628966539,0.0,0.9932455204637366,0.0,0.5,0.0
28,mean,29,identity,0,0,expression,paraphrase,24,1.2273166971325937,0.0,0.9634204392202794,0.0,0.4930555555555555,0.0
28,mean,29,identity,0,0,joint,paraphrase,96,0.9085554403116806,0.0,0.9728330623406279,0.0,0.5,0.0
28,mean,29,shift,0,3584,dev,canonical,48,0.18833690203426964,0.5623477991572939,0.9945307819893277,0.8958333333333334,0.9479166666666666,0.8958333333333334
28,mean,29,shift,0,3584,expression,canonical,24,0.9023668161575822,0.01502931953756137,0.9736441463468856,0.0,0.5,0.0
28,mean,29,shift,0,3584,iid,canonical,24,0.2592986858028489,0.5504840426244908,0.992250330270345,0.75,0.875,0.75
28,mean,29,shift,0,3584,joint,canonical,96,1.0005295699420573,-0.12559741720964013,0.968826298329479,0.0,0.49826388888888884,0.0
28,mean,29,shift,0,3584,template,canonical,24,0.21748376003922187,0.16590324475156748,0.9937556243062172,0.7916666666666666,0.8958333333333334,0.7916666666666666
28,mean,29,shift,0,3584,topic,canonical,96,0.21766685616951928,0.5299315885791155,0.9931697863002203,0.7916666666666666,0.8958333333333334,0.7916666666666666
28,mean,29,shift,0,3584,train,canonical,168,0.22557020647296602,0.5514101289308864,0.9934422742247226,0.7738095238095238,0.8869047619047619,0.7738095238095238
28,mean,29,shift,0,3584,iid,paraphrase,24,0.37586327783287327,0.0049696024154741725,0.9886268920572122,0.25,0.625,0.25
28,mean,29,shift,0,3584,topic,paraphrase,96,0.3414783848626415,-0.07062321947307115,0.9892924044652888,0.3125,0.65625,0.3125
28,mean,29,shift,0,3584,template,paraphrase,24,0.31286386057616467,-0.2242632677099543,0.9917957814780913,0.20833333333333334,0.6041666666666666,0.20833333333333334
28,mean,29,shift,0,3584,expression,paraphrase,24,1.2066339647365978,0.01685199300581297,0.9645446702929706,0.0,0.5,0.0
28,mean,29,shift,0,3584,joint,paraphrase,96,0.9714782794770273,-0.06925591590069713,0.9714340936278876,0.0,0.5,0.0
28,mean,29,lowrank,32,232960,dev,canonical,48,0.09512139584675594,0.7789594721485437,0.9972405306503692,1.0,1.0,1.0
28,mean,29,lowrank,32,232960,expression,canonical,24,0.9816486030202155,-0.07151002804936168,0.971322400797677,0.0,0.5,0.0
28,mean,29,lowrank,32,232960,iid,canonical,24,0.1283499095103141,0.77749469776929,0.9961388539734033,1.0,1.0,1.0
28,mean,29,lowrank,32,232960,joint,canonical,96,1.0835829071537857,-0.21903255862337812,0.9673410702921904,0.0,0.49826388888888884,0.0
28,mean,29,lowrank,32,232960,template,canonical,24,0.3419007733461596,-0.31126262307370123,0.9904637608639041,0.9166666666666666,0.9583333333333334,0.9166666666666666
28,mean,29,lowrank,32,232960,topic,canonical,96,0.18359519993479526,0.6035119655027474,0.994224004562434,1.0,1.0,1.0
28,mean,29,lowrank,32,232960,train,canonical,168,0.07063985458374808,0.8595190217912833,0.9979204510866172,0.9940476190476191,0.9970238095238095,0.9940476190476191
28,mean,29,lowrank,32,232960,iid,paraphrase,24,0.37857872491753247,-0.002219055140664228,0.9890157461372505,0.625,0.8125,0.625
28,mean,29,lowrank,32,232960,topic,paraphrase,96,0.36456439870594853,-0.14300385485549327,0.988837725561765,0.2708333333333333,0.6354166666666666,0.2708333333333333
28,mean,29,lowrank,32,232960,template,paraphrase,24,0.4352817340192023,-0.7032949637693064,0.9886084810239698,0.8333333333333334,0.9166666666666666,0.8333333333333334
28,mean,29,lowrank,32,232960,expression,paraphrase,24,1.2830818562103898,-0.04543664989491414,0.9626346909647548,0.0,0.5,0.0
28,mean,29,lowrank,32,232960,joint,paraphrase,96,1.1896886848364423,-0.30942882740135125,0.9659073777888402,0.0,0.5,0.0
28,mean,29,full_delta,0,12848640,dev,canonical,48,0.08624065674068095,0.7995962935728251,0.9974993761671698,1.0,1.0,1.0
28,mean,29,full_delta,0,12848640,expression,canonical,24,0.9774824699380457,-0.06696252157708749,0.9714548309167249,0.0,0.5,0.0
28,mean,29,full_delta,0,12848640,iid,canonical,24,0.11426043722942926,0.8019199762918087,0.9965845740928311,1.0,1.0,1.0
28,mean,29,full_delta,0,12848640,joint,canonical,96,1.038529981028038,-0.16834794238778295,0.9683579035722198,0.0,0.49826388888888884,0.0
28,mean,29,full_delta,0,12848640,template,canonical,24,0.3059559159073376,-0.17340640359238502,0.991381702218297,0.9583333333333334,0.9791666666666666,0.9583333333333334
28,mean,29,full_delta,0,12848640,topic,canonical,96,0.17741017556157831,0.6168690040196876,0.9944107189110616,1.0,1.0,1.0
28,mean,29,full_delta,0,12848640,train,canonical,168,0.057177035175145774,0.8862924353424894,0.9983368191068455,0.9940476190476191,0.9970238095238095,0.9940476190476191
28,mean,29,full_delta,0,12848640,iid,paraphrase,24,0.3659170646295428,0.03130041221214419,0.9891827581560878,0.625,0.8125,0.625
28,mean,29,full_delta,0,12848640,topic,paraphrase,96,0.35273446077330856,-0.10591393409607464,0.9890225868792714,0.3854166666666667,0.6927083333333334,0.3854166666666667
28,mean,29,full_delta,0,12848640,template,paraphrase,24,0.4281484855632031,-0.6753819473920042,0.9887517782539273,0.8333333333333334,0.9166666666666666,0.8333333333333334
28,mean,29,full_delta,0,12848640,expression,paraphrase,24,1.282725921719357,-0.045146639588801385,0.9623761146864166,0.0,0.5,0.0
28,mean,29,full_delta,0,12848640,joint,paraphrase,96,1.121971402417835,-0.23489591568891166,0.9672282960705848,0.0,0.5,0.0
28,mean,29,full_affine,0,12848640,dev,canonical,48,0.10913430646480116,0.7463966493243491,0.9968242231881658,1.0,1.0,1.0
28,mean,29,full_affine,0,12848640,expression,canonical,24,0.9992287454470973,-0.090699480208702,0.9707208340327983,0.0,0.5,0.0
28,mean,29,full_affine,0,12848640,iid,canonical,24,0.1389004703198007,0.7592044182468907,0.9958000906503995,1.0,1.0,1.0
28,mean,29,full_affine,0,12848640,joint,canonical,96,1.503780680394785,-0.6917557469092595,0.9533009360534087,0.3958333333333333,0.6944444444444443,0.3958333333333333
28,mean,29,full_affine,0,12848640,template,canonical,24,1.1847114523227056,-3.5436219150791652,0.9656689656435421,0.75,0.861111111111111,0.7916666666666666
28,mean,29,full_affine,0,12848640,topic,canonical,96,0.6802807093207938,-0.46911880833917174,0.9781771411122673,1.0,1.0,1.0
28,mean,29,full_affine,0,12848640,train,canonical,168,0.05569373869861122,0.8892422565337275,0.9983800853114327,1.0,1.0,1.0
28,mean,29,full_affine,0,12848640,iid,paraphrase,24,0.28223109730718543,0.25284395277062566,0.9916312021370549,1.0,1.0,1.0
28,mean,29,full_affine,0,12848640,topic,paraphrase,96,0.7637191716819686,-1.3944574960091702,0.9755516598704381,0.8645833333333334,0.9322916666666666,0.8645833333333334
28,mean,29,full_affine,0,12848640,template,paraphrase,24,1.0925208616778381,-3.2751283503816238,0.9711399861721838,0.9166666666666666,0.9583333333333334,0.9166666666666666
28,mean,29,full_affine,0,12848640,expression,paraphrase,24,1.319056358303657,-0.07474815700413484,0.9610916718377734,0.0,0.4930555555555555,0.0
28,mean,29,full_affine,0,12848640,joint,paraphrase,96,1.7056224599575225,-0.877290459426898,0.9488323990138173,0.21875,0.609375,0.21875
28,mean,29,shuffled,32,232960,dev,canonical,48,2.138267882133571,-3.968849091702425,0.9364634749982824,0.5,0.6961805555555557,0.8125
28,mean,29,shuffled,32,232960,expression,canonical,24,2.2362414691528705,-1.4409500018284982,0.9341672470566028,0.25,0.5520833333333334,0.5416666666666666
28,mean,29,shuffled,32,232960,iid,canonical,24,2.9307554315326514,-4.080709644014704,0.9124430310989807,0.6666666666666666,0.7604166666666666,0.7083333333333334
28,mean,29,shuffled,32,232960,joint,canonical,96,4.752652130426895,-4.34674148932371,0.862143896909179,0.5729166666666666,0.7769097222222223,0.5833333333333334
28,mean,29,shuffled,32,232960,template,canonical,24,6.9523840114835025,-25.66388030156212,0.8191365931572211,0.2916666666666667,0.6055555555555555,0.2916666666666667
28,mean,29,shuffled,32,232960,topic,canonical,96,2.812158698703041,-5.0730742172949705,0.9197561931075072,0.71875,0.8315972222222222,0.8229166666666666
28,mean,29,shuffled,32,232960,train,canonical,168,2.4025065040087643,-3.7778476587295344,0.9277752233529003,0.625,0.7717261904761905,0.7976190476190477
28,mean,29,shuffled,32,232960,iid,paraphrase,24,3.0824706841510654,-7.160286495871198,0.9068664740726927,0.4166666666666667,0.6680555555555555,0.5
28,mean,29,shuffled,32,232960,topic,paraphrase,96,3.054890410646649,-8.577873012078143,0.9116513943646259,0.6041666666666666,0.78125,0.6875
28,mean,29,shuffled,32,232960,template,paraphrase,24,6.956621312648314,-26.221859133104292,0.8275702882176929,0.08333333333333333,0.5222222222222223,0.08333333333333333
28,mean,29,shuffled,32,232960,expression,paraphrase,24,2.603891373595135,-1.121613255713592,0.9219636483171856,0.2916666666666667,0.5499999999999999,0.375
28,mean,29,shuffled,32,232960,joint,paraphrase,96,5.859346860630787,-5.449080155879903,0.8354052243798874,0.2916666666666667,0.6319444444444444,0.3020833333333333
28,mean,29,random_subspace,32,118272,dev,canonical,48,0.1875091855454172,0.564271224354944,0.994553434783088,0.8958333333333334,0.9479166666666666,0.8958333333333334
28,mean,29,random_subspace,32,118272,expression,canonical,24,0.9026594880224859,0.014709856099007657,0.9736354030234123,0.0,0.5,0.0
28,mean,29,random_subspace,32,118272,iid,canonical,24,0.2579367617833446,0.5528450518120409,0.9922893874894531,0.75,0.875,0.75
28,mean,29,random_subspace,32,118272,joint,canonical,96,1.0009850934959843,-0.12610988195949058,0.9688105866440712,0.0,0.49826388888888884,0.0
28,mean,29,random_subspace,32,118272,template,canonical,24,0.21821378763383947,0.1631034327205333,0.9937355575988415,0.7916666666666666,0.8958333333333334,0.7916666666666666
28,mean,29,random_subspace,32,118272,topic,canonical,96,0.21741618926213455,0.5304729231535367,0.9931763531883341,0.7916666666666666,0.8958333333333334,0.7916666666666666
28,mean,29,random_subspace,32,118272,train,canonical,168,0.22408310790024763,0.5543675113238611,0.9934838874744177,0.7738095238095238,0.8869047619047619,0.7738095238095238
28,mean,29,random_subspace,32,118272,iid,paraphrase,24,0.37584200112390914,0.005025928674059266,0.9886292536911329,0.25,0.625,0.25
28,mean,29,random_subspace,32,118272,topic,paraphrase,96,0.34150093015527316,-0.07069390480734494,0.9892924813022766,0.3125,0.65625,0.3125
28,mean,29,random_subspace,32,118272,template,paraphrase,24,0.31413421440188566,-0.22923427178489253,0.9917609158199664,0.20833333333333334,0.6041666666666666,0.20833333333333334
28,mean,29,random_subspace,32,118272,expression,paraphrase,24,1.20677574896407,0.016736469255664743,0.9645400051757917,0.0,0.5,0.0
28,mean,29,random_subspace,32,118272,joint,paraphrase,96,0.9739380601587433,-0.07196326932414077,0.9713585535289962,0.0,0.5,0.0
28,mean,29,rank1,1,10752,dev,canonical,48,0.16618236533474753,0.6138299125427635,0.9951108298922563,1.0,1.0,1.0
28,mean,29,rank1,1,10752,expression,canonical,24,0.9197156525102915,-0.003907652480451773,0.9732922248775466,0.0,0.5,0.0
28,mean,29,rank1,1,10752,iid,canonical,24,0.2216754017741438,0.6157071519796724,0.9933757746245986,0.9583333333333334,0.9791666666666666,0.9583333333333334
28,mean,29,rank1,1,10752,joint,canonical,96,1.095283056103063,-0.23219524549832715,0.9666212057230957,0.0,0.49826388888888884,0.0
28,mean,29,rank1,1,10752,template,canonical,24,0.2469784001589875,0.052784988856598325,0.9931293779213966,0.9583333333333334,0.9791666666666666,0.9583333333333334
28,mean,29,rank1,1,10752,topic,canonical,96,0.19850184438607543,0.5713199138503265,0.9937548326148701,0.9375,0.96875,0.9375
28,mean,29,rank1,1,10752,train,canonical,168,0.18998340923708973,0.6221813404016605,0.9943981951548512,0.9404761904761905,0.9702380952380952,0.9404761904761905
28,mean,29,rank1,1,10752,iid,paraphrase,24,0.4008184972973972,-0.06109485083136712,0.988062797084095,0.25,0.625,0.25
28,mean,29,rank1,1,10752,topic,paraphrase,96,0.33919177581409593,-0.06345410760610815,0.989359943173151,0.14583333333333334,0.5729166666666666,0.14583333333333334
28,mean,29,rank1,1,10752,template,paraphrase,24,0.32471785711030715,-0.2706489784327777,0.9914983321330334,0.3333333333333333,0.6666666666666666,0.3333333333333333
28,mean,29,rank1,1,10752,expression,paraphrase,24,1.2300221584837798,-0.0022043710132086947,0.9638355067045445,0.0,0.5,0.0
28,mean,29,rank1,1,10752,joint,paraphrase,96,0.9799431349313495,-0.07857274465846498,0.9713081996235468,0.0,0.5,0.0
28,mean,29,rank2,2,17920,dev,canonical,48,0.1583883272947122,0.6319414874111479,0.9953534058143276,1.0,1.0,1.0
28,mean,29,rank2,2,17920,expression,canonical,24,0.9343013817237432,-0.019828578838968713,0.9728259901804263,0.0,0.5,0.0
28,mean,29,rank2,2,17920,iid,canonical,24,0.21143552187767845,0.6334588401566408,0.9936780597133037,0.9583333333333334,0.9791666666666666,0.9583333333333334
28,mean,29,rank2,2,17920,joint,canonical,96,1.0280453036418684,-0.15655266302704174,0.9689351668004363,0.0,0.49826388888888884,0.0
28,mean,29,rank2,2,17920,template,canonical,24,0.2497788058175383,0.04204483394684633,0.9930865336518538,0.9583333333333334,0.9791666666666666,0.9583333333333334
28,mean,29,rank2,2,17920,topic,canonical,96,0.19077373610054885,0.5880093614262905,0.9939860892159395,0.9375,0.96875,0.9375
28,mean,29,rank2,2,17920,train,canonical,168,0.17380866343197965,0.6543479427590494,0.9948540426557186,0.9761904761904762,0.9880952380952381,0.9761904761904762
28,mean,29,rank2,2,17920,iid,paraphrase,24,0.4041763696265175,-0.06998421362825158,0.9879652830530946,0.2916666666666667,0.6458333333333334,0.2916666666666667
28,mean,29,rank2,2,17920,topic,paraphrase,96,0.33426126912839077,-0.047995691567252585,0.9895083400475532,0.17708333333333334,0.5885416666666666,0.17708333333333334
28,mean,29,rank2,2,17920,template,paraphrase,24,0.3467156844028703,-0.3567283737138969,0.9909224508695829,0.4166666666666667,0.7083333333333334,0.4166666666666667
28,mean,29,rank2,2,17920,expression,paraphrase,24,1.2422596059739075,-0.012175267293458303,0.9634976830483715,0.0,0.5,0.0
28,mean,29,rank2,2,17920,joint,paraphrase,96,0.9815889452176153,-0.08038420295065385,0.9713774002248258,0.0,0.5,0.0
28,mean,29,rank4,4,32256,dev,canonical,48,0.1380700714882856,0.6791565009051559,0.9959621236440196,0.9791666666666666,0.9895833333333334,0.9791666666666666
28,mean,29,rank4,4,32256,expression,canonical,24,0.9441387693431363,-0.030566494068061445,0.9725226369418735,0.0,0.5,0.0
28,mean,29,rank4,4,32256,iid,canonical,24,0.1831535674671161,0.6824879733894277,0.9945242520197674,0.9583333333333334,0.9791666666666666,0.9583333333333334
28,mean,29,rank4,4,32256,joint,canonical,96,1.05723946184605,-0.1893961391815142,0.9684322323661133,0.0,0.49826388888888884,0.0
28,mean,29,rank4,4,32256,template,canonical,24,0.2313984587889013,0.11253739768660076,0.9937641697691455,0.9166666666666666,0.9583333333333334,0.9166666666666666
28,mean,29,rank4,4,32256,topic,canonical,96,0.1798394837528834,0.6116227250848314,0.9943388624385312,0.9583333333333334,0.9791666666666666,0.9583333333333334
28,mean,29,rank4,4,32256,train,canonical,168,0.14679192376043457,0.708075941484886,0.9956463322883267,0.9821428571428571,0.9910714285714286,0.9821428571428571
28,mean,29,rank4,4,32256,iid,paraphrase,24,0.3879488459607498,-0.027024764601840445,0.9885556295162224,0.25,0.625,0.25
28,mean,29,rank4,4,32256,topic,paraphrase,96,0.32429240133014886,-0.016740707914485453,0.9898645960939211,0.14583333333333334,0.5729166666666666,0.14583333333333334
28,mean,29,rank4,4,32256,template,paraphrase,24,0.3085738170587211,-0.2074759574542695,0.9919883390102348,0.4583333333333333,0.7291666666666666,0.4583333333333333
28,mean,29,rank4,4,32256,expression,paraphrase,24,1.2374136648174365,-0.00822686410804363,0.9638401939013302,0.0,0.5,0.0
28,mean,29,rank4,4,32256,joint,paraphrase,96,0.9983429908026364,-0.09882451472653586,0.9712332532185556,0.0,0.5,0.0
28,mean,29,rank8,8,60928,dev,canonical,48,0.11973507385597308,0.7217628726759269,0.996513209354823,1.0,1.0,1.0
28,mean,29,rank8,8,60928,expression,canonical,24,0.9579136379626748,-0.045602332570236825,0.9721059483726324,0.0,0.5,0.0
28,mean,29,rank8,8,60928,iid,canonical,24,0.1633317751765806,0.7168507080511575,0.9951054544201238,1.0,1.0,1.0
28,mean,29,rank8,8,60928,joint,canonical,96,1.0338006639342805,-0.16302745285321874,0.9691262450648592,0.0,0.49826388888888884,0.0
28,mean,29,rank8,8,60928,template,canonical,24,0.25487253488525746,0.022509293055273827,0.9930049893972024,0.9166666666666666,0.9583333333333334,0.9166666666666666
28,mean,29,rank8,8,60928,topic,canonical,96,0.16794499396218646,0.6373097957715159,0.9947123777981358,0.9895833333333334,0.9947916666666666,0.9895833333333334
28,mean,29,rank8,8,60928,train,canonical,168,0.11998262352719061,0.7613914068698299,0.996449387585568,0.9940476190476191,0.9970238095238095,0.9940476190476191
28,mean,29,rank8,8,60928,iid,paraphrase,24,0.3792911475463514,-0.0041050658616079705,0.9888364240427157,0.2916666666666667,0.6458333333333334,0.2916666666666667
28,mean,29,rank8,8,60928,topic,paraphrase,96,0.3212328091754693,-0.007148093716561332,0.9899803628230018,0.1875,0.59375,0.1875
28,mean,29,rank8,8,60928,template,paraphrase,24,0.31614958563861156,-0.23712059323914714,0.9918075122054253,0.4166666666666667,0.7083333333333334,0.4166666666666667
28,mean,29,rank8,8,60928,expression,paraphrase,24,1.250415718257042,-0.018820750323380153,0.9635065560170405,0.0,0.5,0.0
28,mean,29,rank8,8,60928,joint,paraphrase,96,1.0041441798195492,-0.10520958355064924,0.9713391465748007,0.0,0.5,0.0
28,mean,29,rank16,16,118272,dev,canonical,48,0.10380991811058053,0.7587693190252764,0.9969843896388081,1.0,1.0,1.0
28,mean,29,rank16,16,118272,expression,canonical,24,0.9727806282695192,-0.06183026703852268,0.971610293436,0.0,0.5,0.0
28,mean,29,rank16,16,118272,iid,canonical,24,0.14051367881358398,0.7564077864078823,0.9957855273224858,1.0,1.0,1.0
28,mean,29,rank16,16,118272,joint,canonical,96,1.0682649714101018,-0.2017998556348275,0.9676943777926347,0.0,0.49826388888888884,0.0
28,mean,29,rank16,16,118272,template,canonical,24,0.2892060501218802,-0.10916708429802857,0.9920064042402504,0.9166666666666666,0.9583333333333334,0.9166666666666666
28,mean,29,rank16,16,118272,topic,canonical,96,0.1735552002580428,0.6251941213521509,0.9945349237300386,1.0,1.0,1.0
28,mean,29,rank16,16,118272,train,canonical,168,0.09251530404391106,0.8160154704741482,0.99726973403739,0.9940476190476191,0.9970238095238095,0.9940476190476191
28,mean,29,rank16,16,118272,iid,paraphrase,24,0.3693256265773491,0.02227685777056021,0.9891728666663658,0.4166666666666667,0.7083333333333334,0.4166666666666667
28,mean,29,rank16,16,118272,topic,paraphrase,96,0.33512143935282473,-0.05069254810576762,0.9896209085810249,0.1875,0.59375,0.1875
28,mean,29,rank16,16,118272,template,paraphrase,24,0.3526466512692557,-0.3799367585466755,0.9907416151887666,0.6666666666666666,0.8333333333333334,0.6666666666666666
28,mean,29,rank16,16,118272,expression,paraphrase,24,1.2752692182825915,-0.03907102483167568,0.9627619766162662,0.0,0.5,0.0
28,mean,29,rank16,16,118272,joint,paraphrase,96,1.1099791123477427,-0.22169662202117646,0.9676338890700888,0.0,0.5,0.0
28,mean,29,rank32,32,232960,dev,canonical,48,0.09512139584675594,0.7789594721485437,0.9972405306503692,1.0,1.0,1.0
28,mean,29,rank32,32,232960,expression,canonical,24,0.9816486030202155,-0.07151002804936168,0.971322400797677,0.0,0.5,0.0
28,mean,29,rank32,32,232960,iid,canonical,24,0.1283499095103141,0.77749469776929,0.9961388539734033,1.0,1.0,1.0
28,mean,29,rank32,32,232960,joint,canonical,96,1.0835829071537857,-0.21903255862337812,0.9673410702921904,0.0,0.49826388888888884,0.0
28,mean,29,rank32,32,232960,template,canonical,24,0.3419007733461596,-0.31126262307370123,0.9904637608639041,0.9166666666666666,0.9583333333333334,0.9166666666666666
28,mean,29,rank32,32,232960,topic,canonical,96,0.18359519993479526,0.6035119655027474,0.994224004562434,1.0,1.0,1.0
28,mean,29,rank32,32,232960,train,canonical,168,0.07063985458374808,0.8595190217912833,0.9979204510866172,0.9940476190476191,0.9970238095238095,0.9940476190476191
28,mean,29,rank32,32,232960,iid,paraphrase,24,0.37857872491753247,-0.002219055140664228,0.9890157461372505,0.625,0.8125,0.625
28,mean,29,rank32,32,232960,topic,paraphrase,96,0.36456439870594853,-0.14300385485549327,0.988837725561765,0.2708333333333333,0.6354166666666666,0.2708333333333333
28,mean,29,rank32,32,232960,template,paraphrase,24,0.4352817340192023,-0.7032949637693064,0.9886084810239698,0.8333333333333334,0.9166666666666666,0.8333333333333334
28,mean,29,rank32,32,232960,expression,paraphrase,24,1.2830818562103898,-0.04543664989491414,0.9626346909647548,0.0,0.5,0.0
28,mean,29,rank32,32,232960,joint,paraphrase,96,1.1896886848364423,-0.30942882740135125,0.9659073777888402,0.0,0.5,0.0
28,mean,43,identity,0,0,dev,canonical,48,0.43033463940458666,0.0,0.9872403844080431,0.0,0.5,0.0
28,mean,43,identity,0,0,expression,canonical,24,0.9161357125208291,0.0,0.973201421167321,0.0,0.4930555555555555,0.0
28,mean,43,identity,0,0,iid,canonical,24,0.5768397796526727,0.0,0.9824356229001853,0.0,0.5,0.0
28,mean,43,identity,0,0,joint,canonical,96,0.8888875850678244,0.0,0.9720305404104992,0.0,0.49826388888888884,0.0
28,mean,43,identity,0,0,template,canonical,24,0.26074164498391456,0.0,0.9924585225435214,0.0,0.5,0.0
28,mean,43,identity,0,0,topic,canonical,96,0.4630535702485807,0.0,0.9852706547881104,0.0,0.4947916666666667,0.0
28,mean,43,identity,0,0,train,canonical,168,0.502842843810472,0.0,0.9850231630219591,0.0,0.49801587301587297,0.0
28,mean,43,identity,0,0,iid,paraphrase,24,0.3777404979237777,0.0,0.9883260299439826,0.0,0.5,0.0
28,mean,43,identity,0,0,topic,paraphrase,96,0.3189529039270295,0.0,0.9898054566368696,0.0,0.5,0.0
28,mean,43,identity,0,0,template,paraphrase,24,0.2555527628966539,0.0,0.9932455204637366,0.0,0.5,0.0
28,mean,43,identity,0,0,expression,paraphrase,24,1.2273166971325937,0.0,0.9634204392202794,0.0,0.4930555555555555,0.0
28,mean,43,identity,0,0,joint,paraphrase,96,0.9085554403116806,0.0,0.9728330623406279,0.0,0.5,0.0
28,mean,43,shift,0,3584,dev,canonical,48,0.19008340231049736,0.5582893290358921,0.9944794309841415,0.8958333333333334,0.9479166666666666,0.8958333333333334
28,mean,43,shift,0,3584,expression,canonical,24,0.9022254003124616,0.015183680778137254,0.9736710064161104,0.0,0.5,0.0
28,mean,43,shift,0,3584,iid,canonical,24,0.2581820499945778,0.5524198241840489,0.9922858545089553,0.75,0.875,0.75
28,mean,43,shift,0,3584,joint,canonical,96,1.0102122095802666,-0.13649040278044255,0.9685755444702681,0.0,0.49826388888888884,0.0
28,mean,43,shift,0,3584,template,canonical,24,0.21267914986531347,0.1843299528219442,0.9939033177072861,0.8333333333333334,0.9166666666666666,0.8333333333333334
28,mean,43,shift,0,3584,topic,canonical,96,0.21885181034759735,0.5273725883808404,0.9931413841959579,0.8020833333333334,0.9010416666666666,0.8020833333333334
28,mean,43,shift,0,3584,train,canonical,168,0.22605273406281182,0.5504505297324783,0.9934321123028893,0.7857142857142857,0.8928571428571429,0.7857142857142857
28,mean,43,shift,0,3584,iid,paraphrase,24,0.3771267062068671,0.0016249031286934557,0.9886081408953253,0.25,0.625,0.25
28,mean,43,shift,0,3584,topic,paraphrase,96,0.3450393901185868,-0.08178789366823058,0.989189821804792,0.3333333333333333,0.6666666666666666,0.3333333333333333
28,mean,43,shift,0,3584,template,paraphrase,24,0.3111303745945007,-0.21747998756844789,0.9918482334020071,0.2916666666666667,0.6458333333333334,0.2916666666666667
28,mean,43,shift,0,3584,expression,paraphrase,24,1.2061526930796227,0.017244126232794588,0.9646124316302114,0.0,0.5,0.0
28,mean,43,shift,0,3584,joint,paraphrase,96,0.9733967619992221,-0.07136749042556789,0.9714160997475435,0.0,0.5,0.0
28,mean,43,lowrank,32,232960,dev,canonical,48,0.0983289593453238,0.7715058228141423,0.9971449081853011,1.0,1.0,1.0
28,mean,43,lowrank,32,232960,expression,canonical,24,0.9848982862129607,-0.07505719158455815,0.9713735656537571,0.0,0.5,0.0
28,mean,43,lowrank,32,232960,iid,canonical,24,0.12382522275574165,0.7853386206646508,0.9962918018280469,1.0,1.0,1.0
28,mean,43,lowrank,32,232960,joint,canonical,96,1.1085393403727062,-0.24710858717654594,0.9663441682019132,0.0,0.49826388888888884,0.0
28,mean,43,lowrank,32,232960,template,canonical,24,0.2847472555134965,-0.09206665291638738,0.9923880586488698,0.9583333333333334,0.9791666666666666,0.9583333333333334
28,mean,43,lowrank,32,232960,topic,canonical,96,0.1725714672543579,0.6273185688607983,0.9945887986330085,1.0,1.0,1.0
28,mean,43,lowrank,32,232960,train,canonical,168,0.0717364962797243,0.8573381382220431,0.9978752990764216,1.0,1.0,1.0
28,mean,43,lowrank,32,232960,iid,paraphrase,24,0.37553280948314044,0.005844457908992129,0.9888375969056731,0.5833333333333334,0.7916666666666666,0.5833333333333334
28,mean,43,lowrank,32,232960,topic,paraphrase,96,0.34733284029645245,-0.08897845424826656,0.989315442671803,0.46875,0.734375,0.46875
28,mean,43,lowrank,32,232960,template,paraphrase,24,0.3983194197453089,-0.5586582403978553,0.9896675214948227,1.0,1.0,1.0
28,mean,43,lowrank,32,232960,expression,paraphrase,24,1.2830633827904219,-0.04542159801791201,0.9624065114275498,0.0,0.5,0.0
28,mean,43,lowrank,32,232960,joint,paraphrase,96,1.0405816222839528,-0.14531439262196333,0.9692035074776791,0.0,0.5,0.0
28,mean,43,full_delta,0,12848640,dev,canonical,48,0.09013624090866156,0.7905438404090023,0.9973882990596401,1.0,1.0,1.0
28,mean,43,full_delta,0,12848640,expression,canonical,24,0.9895192832701977,-0.0801012008880726,0.9712249351931966,0.0,0.5,0.0
28,mean,43,full_delta,0,12848640,iid,canonical,24,0.11489855334267689,0.8008137486428906,0.9965624752751637,1.0,1.0,1.0
28,mean,43,full_delta,0,12848640,joint,canonical,96,1.1243931156930813,-0.2649441105730903,0.9660061826055216,0.0,0.49826388888888884,0.0
28,mean,43,full_delta,0,12848640,template,canonical,24,0.3059227679346129,-0.17327927402423815,0.9918267065637082,1.0,1.0,1.0
28,mean,43,full_delta,0,12848640,topic,canonical,96,0.180990816260038,0.6091363334853961,0.9943565236373235,1.0,1.0,1.0
28,mean,43,full_delta,0,12848640,train,canonical,168,0.05402982714217875,0.8925512656543974,0.9984053458050969,1.0,1.0,1.0
28,mean,43,full_delta,0,12848640,iid,paraphrase,24,0.378350683906951,-0.0016153575974171552,0.9887802589037961,0.625,0.8125,0.625
28,mean,43,full_delta,0,12848640,topic,paraphrase,96,0.36644606364211657,-0.14890336200216137,0.9888278504024773,0.5,0.75,0.5
28,mean,43,full_delta,0,12848640,template,paraphrase,24,0.43147675039087235,-0.6884057346911272,0.9888360451022958,1.0,1.0,1.0
28,mean,43,full_delta,0,12848640,expression,paraphrase,24,1.2956496436432743,-0.055676702411307843,0.9620537425917615,0.0,0.5,0.0
28,mean,43,full_delta,0,12848640,joint,paraphrase,96,1.09221023593648,-0.2021393384225365,0.9679679832887533,0.0,0.5,0.0
28,mean,43,full_affine,0,12848640,dev,canonical,48,0.12071452035667163,0.7194868613791051,0.9964680110283991,1.0,1.0,1.0
28,mean,43,full_affine,0,12848640,expression,canonical,24,1.0094568201392053,-0.10186384652727365,0.9705091551203253,0.0,0.5,0.0
28,mean,43,full_affine,0,12848640,iid,canonical,24,0.1520121692411062,0.7364741916158488,0.9953901005350664,1.0,1.0,1.0
28,mean,43,full_affine,0,12848640,joint,canonical,96,1.576052967230354,-0.7730621888594575,0.9512735727530178,0.28125,0.6388888888888888,0.28125
28,mean,43,full_affine,0,12848640,template,canonical,24,1.1798032690195972,-3.5247979818965263,0.9661608889626375,0.7916666666666666,0.8819444444444443,0.8333333333333334
28,mean,43,full_affine,0,12848640,topic,canonical,96,0.6995574740892252,-0.5107484728250391,0.9777267010978538,1.0,1.0,1.0
28,mean,43,full_affine,0,12848640,train,canonical,168,0.05726575474854944,0.8861159993555886,0.9982895941002662,1.0,1.0,1.0
28,mean,43,full_affine,0,12848640,iid,paraphrase,24,0.3091461513873963,0.1815911900190873,0.9906591799372212,1.0,1.0,1.0
28,mean,43,full_affine,0,12848640,topic,paraphrase,96,0.780238197673557,-1.4462489228568396,0.9753078810264899,0.8645833333333334,0.9322916666666666,0.8645833333333334
28,mean,43,full_affine,0,12848640,template,paraphrase,24,1.1093319205929026,-3.3409114736964076,0.9708322608971279,0.9583333333333334,0.9791666666666666,0.9583333333333334
28,mean,43,full_affine,0,12848640,expression,paraphrase,24,1.3310477447024616,-0.08451856624473275,0.9606030574194815,0.0,0.4930555555555555,0.0
28,mean,43,full_affine,0,12848640,joint,paraphrase,96,1.6816152036121066,-0.8508669135647102,0.9497063728827775,0.25,0.625,0.25
28,mean,43,shuffled,32,232960,dev,canonical,48,1.7207408864031863,-2.998611147789573,0.94829269866411,0.375,0.609375,0.8333333333333334
28,mean,43,shuffled,32,232960,expression,canonical,24,2.0083985539460087,-1.1922500416665573,0.9404849471030361,0.375,0.6284722222222222,0.75
28,mean,43,shuffled,32,232960,iid,canonical,24,2.2857229266816304,-2.962491851823936,0.9303489954526881,0.5416666666666666,0.7083333333333334,0.7916666666666666
28,mean,43,shuffled,32,232960,joint,canonical,96,2.977844145060407,-2.3500795770853182,0.9085669335684167,0.3020833333333333,0.6493055555555556,0.3541666666666667
28,mean,43,shuffled,32,232960,template,canonical,24,3.449595121796996,-12.229935409856777,0.9011328168915059,0.25,0.5868055555555555,0.2916666666666667
28,mean,43,shuffled,32,232960,topic,canonical,96,2.280958761994588,-3.925906868119174,0.9328611486418552,0.6041666666666666,0.7463541666666668,0.9270833333333334
28,mean,43,shuffled,32,232960,train,canonical,168,2.1204389356517614,-3.216901884460312,0.9356423894005365,0.6547619047619048,0.7881944444444444,0.8511904761904762
28,mean,43,shuffled,32,232960,iid,paraphrase,24,2.302001165070299,-5.094133876889229,0.9304668115005229,0.3333333333333333,0.6249999999999999,0.3333333333333333
28,mean,43,shuffled,32,232960,topic,paraphrase,96,2.616518348020333,-7.203463005995843,0.9238601426188028,0.15625,0.4772569444444445,0.22916666666666666
28,mean,43,shuffled,32,232960,template,paraphrase,24,3.165696193468668,-11.387642213631173,0.9158245802119178,0.7083333333333334,0.8472222222222222,0.7083333333333334
28,mean,43,shuffled,32,232960,expression,paraphrase,24,2.176955397056386,-0.773751959981033,0.9343974311604398,0.20833333333333334,0.5083333333333333,0.375
28,mean,43,shuffled,32,232960,joint,paraphrase,96,3.249168509643638,-2.5761917935673893,0.904485317675405,0.20833333333333334,0.5788194444444444,0.2604166666666667
28,mean,43,random_subspace,32,118272,dev,canonical,48,0.1891425482336491,0.5604756603016021,0.9945047319791337,0.8958333333333334,0.9479166666666666,0.8958333333333334
28,mean,43,random_subspace,32,118272,expression,canonical,24,0.9034092223848081,0.013891490051187838,0.973635377543232,0.0,0.5,0.0
28,mean,43,random_subspace,32,118272,iid,canonical,24,0.25675909917889733,0.5548866284265324,0.9923274291186166,0.75,0.875,0.75
28,mean,43,random_subspace,32,118272,joint,canonical,96,1.0102305081303407,-0.1365109886794711,0.9685788226714046,0.0,0.49826388888888884,0.0
28,mean,43,random_subspace,32,118272,template,canonical,24,0.21280746544376003,0.18383783512262353,0.9938997155239283,0.8333333333333334,0.9166666666666666,0.8333333333333334
28,mean,43,random_subspace,32,118272,topic,canonical,96,0.21855685891198337,0.5280095588191758,0.9931495955213787,0.8125,0.90625,0.8125
28,mean,43,random_subspace,32,118272,train,canonical,168,0.22443111632641136,0.5536754294329733,0.9934773834063496,0.7916666666666666,0.8958333333333334,0.7916666666666666
28,mean,43,random_subspace,32,118272,iid,paraphrase,24,0.37701641430532806,0.0019168810927858715,0.9886101080149629,0.25,0.625,0.25
28,mean,43,random_subspace,32,118272,topic,paraphrase,96,0.3451481561016639,-0.08212890320831612,0.9891877176816042,0.3333333333333333,0.6666666666666666,0.3333333333333333
28,mean,43,random_subspace,32,118272,template,paraphrase,24,0.3116552484735891,-0.21953386432226973,0.9918315736855429,0.2916666666666667,0.6458333333333334,0.2916666666666667
28,mean,43,random_subspace,32,118272,expression,paraphrase,24,1.2075376062903007,0.016115718859283312,0.9645669131433299,0.0,0.5,0.0
28,mean,43,random_subspace,32,118272,joint,paraphrase,96,0.9748916469135702,-0.07301283296386729,0.9713736893686069,0.0,0.5,0.0
28,mean,43,rank1,1,10752,dev,canonical,48,0.17182388684190694,0.600720297395433,0.9949347969017411,0.9583333333333334,0.9791666666666666,0.9583333333333334
28,mean,43,rank1,1,10752,expression,canonical,24,0.9309659076297999,-0.016187770988824512,0.9730087133939356,0.0,0.5,0.0
28,mean,43,rank1,1,10752,iid,canonical,24,0.22382135244038226,0.6119869670306897,0.9933057340269927,0.9583333333333334,0.9791666666666666,0.9583333333333334
28,mean,43,rank1,1,10752,joint,canonical,96,1.135169747312208,-0.27706783892767683,0.9656299670478777,0.0,0.49652777777777773,0.0
28,mean,43,rank1,1,10752,template,canonical,24,0.257627429062192,0.011943684415716138,0.9930782900223957,0.9583333333333334,0.9791666666666666,0.9583333333333334
28,mean,43,rank1,1,10752,topic,canonical,96,0.19776675791118914,0.5729073899483765,0.9937601084267452,0.96875,0.984375,0.96875
28,mean,43,rank1,1,10752,train,canonical,168,0.19193829009801727,0.6182936826871472,0.9943421592938105,0.9345238095238095,0.9672619047619048,0.9345238095238095
28,mean,43,rank1,1,10752,iid,paraphrase,24,0.41456437508827076,-0.09748458893577139,0.9877606668059595,0.20833333333333334,0.6041666666666666,0.20833333333333334
28,mean,43,rank1,1,10752,topic,paraphrase,96,0.3663073389746803,-0.14846842422379902,0.988631053544414,0.2916666666666667,0.6458333333333334,0.2916666666666667
28,mean,43,rank1,1,10752,template,paraphrase,24,0.3431720407351109,-0.3428617904393012,0.9912035502901079,0.5,0.75,0.5
28,mean,43,rank1,1,10752,expression,paraphrase,24,1.2401241220351402,-0.010435305681466556,0.9636934816791457,0.0,0.5,0.0
28,mean,43,rank1,1,10752,joint,paraphrase,96,0.9794902066258948,-0.07807422988946056,0.971442180622458,0.0,0.5,0.0
28,mean,43,rank2,2,17920,dev,canonical,48,0.15633461967721196,0.6367138376461691,0.9954119950162275,1.0,1.0,1.0
28,mean,43,rank2,2,17920,expression,canonical,24,0.9363500081186539,-0.022064739231923758,0.9728808229546502,0.0,0.5,0.0
28,mean,43,rank2,2,17920,iid,canonical,24,0.2044667868976805,0.6455397250501791,0.9939064347956595,0.9583333333333334,0.9791666666666666,0.9583333333333334
28,mean,43,rank2,2,17920,joint,canonical,96,1.107099773371423,-0.24548907192459946,0.966521955476385,0.0,0.4947916666666667,0.0
28,mean,43,rank2,2,17920,template,canonical,24,0.22021201268714577,0.15543981207631452,0.994188207197304,0.9166666666666666,0.9583333333333334,0.9166666666666666
28,mean,43,rank2,2,17920,topic,canonical,96,0.18255959878163275,0.6057484262919528,0.9942510633428115,0.96875,0.984375,0.96875
28,mean,43,rank2,2,17920,train,canonical,168,0.1726952593356418,0.6565621615950988,0.9949168310939536,0.9226190476190477,0.9613095238095238,0.9226190476190477
28,mean,43,rank2,2,17920,iid,paraphrase,24,0.3915692853755098,-0.03660922651328358,0.9884532906368485,0.16666666666666666,0.5833333333333334,0.16666666666666666
28,mean,43,rank2,2,17920,topic,paraphrase,96,0.3323576737120329,-0.04202742668262438,0.9896709674985112,0.13541666666666666,0.5677083333333334,0.13541666666666666
28,mean,43,rank2,2,17920,template,paraphrase,24,0.3033402463139293,-0.1869965437884964,0.9922445124393467,0.4583333333333333,0.7291666666666666,0.4583333333333333
28,mean,43,rank2,2,17920,expression,paraphrase,24,1.237604261096398,-0.008382159215986729,0.9638479286147262,0.0,0.5,0.0
28,mean,43,rank2,2,17920,joint,paraphrase,96,0.9686676801713592,-0.06616243455551496,0.9717624506787222,0.0,0.5,0.0
28,mean,43,rank4,4,32256,dev,canonical,48,0.13922936853781798,0.6764625577656111,0.9959124944246917,1.0,1.0,1.0
28,mean,43,rank4,4,32256,expression,canonical,24,0.9463253033510631,-0.03295318632123245,0.9725274456130841,0.0,0.5,0.0
28,mean,43,rank4,4,32256,iid,canonical,24,0.18253914965682394,0.683553118048248,0.9945448825663323,0.9583333333333334,0.9791666666666666,0.9583333333333334
28,mean,43,rank4,4,32256,joint,canonical,96,1.1152429704365256,-0.2546501820603444,0.966270044872955,0.0,0.4947916666666667,0.0
28,mean,43,rank4,4,32256,template,canonical,24,0.22770351040552442,0.12670831535341542,0.9939569356013173,0.9166666666666666,0.9583333333333334,0.9166666666666666
28,mean,43,rank4,4,32256,topic,canonical,96,0.1717532860999539,0.6290854943462552,0.9945835354012657,1.0,1.0,1.0
28,mean,43,rank4,4,32256,train,canonical,168,0.14941949144568956,0.7028505162499484,0.9955714846586488,0.9821428571428571,0.9910714285714286,0.9821428571428571
28,mean,43,rank4,4,32256,iid,paraphrase,24,0.3935779981097102,-0.04192693204192355,0.9883051334821887,0.20833333333333334,0.6041666666666666,0.20833333333333334
28,mean,43,rank4,4,32256,topic,paraphrase,96,0.33168211212388976,-0.03990936605415718,0.9896615986810583,0.21875,0.609375,0.21875
28,mean,43,rank4,4,32256,template,paraphrase,24,0.32649031852531096,-0.27758477280617133,0.9915497065033071,0.7916666666666666,0.8958333333333334,0.7916666666666666
28,mean,43,rank4,4,32256,expression,paraphrase,24,1.2348086277747357,-0.006104317377613633,0.9638122270249045,0.0,0.5,0.0
28,mean,43,rank4,4,32256,joint,paraphrase,96,0.9604162728701365,-0.05708053714439831,0.9716123212793866,0.0,0.5,0.0
28,mean,43,rank8,8,60928,dev,canonical,48,0.12367009413208814,0.7126187789502636,0.996382612660052,1.0,1.0,1.0
28,mean,43,rank8,8,60928,expression,canonical,24,0.9672857537320061,-0.05583238434230786,0.9718991674657506,0.0,0.5,0.0
28,mean,43,rank8,8,60928,iid,canonical,24,0.16458342341907659,0.7146808711455792,0.9950784970440351,1.0,1.0,1.0
28,mean,43,rank8,8,60928,joint,canonical,96,1.1097185344272242,-0.24843518243372675,0.9664441770024469,0.0,0.49826388888888884,0.0
28,mean,43,rank8,8,60928,template,canonical,24,0.24191653339281163,0.07219833100410278,0.9935878702131894,0.9166666666666666,0.9583333333333334,0.9166666666666666
28,mean,43,rank8,8,60928,topic,canonical,96,0.16037326905743507,0.6536615213411657,0.9949292032812037,1.0,1.0,1.0
28,mean,43,rank8,8,60928,train,canonical,168,0.12200503812406223,0.7573694452932346,0.9963831638258733,1.0,1.0,1.0
28,mean,43,rank8,8,60928,iid,paraphrase,24,0.3891695067061634,-0.030256244287293566,0.9884046556888361,0.25,0.625,0.25
28,mean,43,rank8,8,60928,topic,paraphrase,96,0.32600318453181076,-0.022104456545077422,0.9898074069645748,0.3125,0.65625,0.3125
28,mean,43,rank8,8,60928,template,paraphrase,24,0.33760618381498797,-0.32108211231320816,0.9912306648047137,0.9166666666666666,0.9583333333333334,0.9166666666666666
28,mean,43,rank8,8,60928,expression,paraphrase,24,1.2558526938229118,-0.023250719848419976,0.9631396454096633,0.0,0.5,0.0
28,mean,43,rank8,8,60928,joint,paraphrase,96,0.9535628374661743,-0.04953731512416448,0.9717516502638094,0.0,0.5,0.0
28,mean,43,rank16,16,118272,dev,canonical,48,0.11040393822667949,0.743446313363398,0.9967895518242221,1.0,1.0,1.0
28,mean,43,rank16,16,118272,expression,canonical,24,0.974573546738705,-0.063787311660495,0.9716474123792477,0.0,0.5,0.0
28,mean,43,rank16,16,118272,iid,canonical,24,0.14129891377097936,0.7550465159388654,0.99576940365258,1.0,1.0,1.0
28,mean,43,rank16,16,118272,joint,canonical,96,1.1182244684169653,-0.25800437220826056,0.9661099417084604,0.0,0.49826388888888884,0.0
28,mean,43,rank16,16,118272,template,canonical,24,0.26022853461541195,0.0019678880546076805,0.9931014916532076,0.9583333333333334,0.9791666666666666,0.9583333333333334
28,mean,43,rank16,16,118272,topic,canonical,96,0.16261198999020596,0.6488268303321556,0.9948677322892342,1.0,1.0,1.0
28,mean,43,rank16,16,118272,train,canonical,168,0.09534595587762801,0.8103861732323565,0.9971697297203064,1.0,1.0,1.0
28,mean,43,rank16,16,118272,iid,paraphrase,24,0.38288993224253765,-0.013632200802041305,0.988571115372094,0.4583333333333333,0.7291666666666666,0.4583333333333333
28,mean,43,rank16,16,118272,topic,paraphrase,96,0.3296445594562813,-0.0335211104762283,0.9897102137146249,0.34375,0.671875,0.34375
28,mean,43,rank16,16,118272,template,paraphrase,24,0.36619233554911784,-0.43294218930908923,0.9904582638753755,0.9583333333333334,0.9791666666666666,0.9583333333333334
28,mean,43,rank16,16,118272,expression,paraphrase,24,1.2679301041988564,-0.03309122018884669,0.962728300721035,0.0,0.5,0.0
28,mean,43,rank16,16,118272,joint,paraphrase,96,0.968483424921032,-0.06595963432764562,0.9711296402082454,0.0,0.5,0.0
28,mean,43,rank32,32,232960,dev,canonical,48,0.0983289593453238,0.7715058228141423,0.9971449081853011,1.0,1.0,1.0
28,mean,43,rank32,32,232960,expression,canonical,24,0.9848982862129607,-0.07505719158455815,0.9713735656537571,0.0,0.5,0.0
28,mean,43,rank32,32,232960,iid,canonical,24,0.12382522275574165,0.7853386206646508,0.9962918018280469,1.0,1.0,1.0
28,mean,43,rank32,32,232960,joint,canonical,96,1.1085393403727062,-0.24710858717654594,0.9663441682019132,0.0,0.49826388888888884,0.0
28,mean,43,rank32,32,232960,template,canonical,24,0.2847472555134965,-0.09206665291638738,0.9923880586488698,0.9583333333333334,0.9791666666666666,0.9583333333333334
28,mean,43,rank32,32,232960,topic,canonical,96,0.1725714672543579,0.6273185688607983,0.9945887986330085,1.0,1.0,1.0
28,mean,43,rank32,32,232960,train,canonical,168,0.0717364962797243,0.8573381382220431,0.9978752990764216,1.0,1.0,1.0
28,mean,43,rank32,32,232960,iid,paraphrase,24,0.37553280948314044,0.005844457908992129,0.9888375969056731,0.5833333333333334,0.7916666666666666,0.5833333333333334
28,mean,43,rank32,32,232960,topic,paraphrase,96,0.34733284029645245,-0.08897845424826656,0.989315442671803,0.46875,0.734375,0.46875
28,mean,43,rank32,32,232960,template,paraphrase,24,0.3983194197453089,-0.5586582403978553,0.9896675214948227,1.0,1.0,1.0
28,mean,43,rank32,32,232960,expression,paraphrase,24,1.2830633827904219,-0.04542159801791201,0.9624065114275498,0.0,0.5,0.0
28,mean,43,rank32,32,232960,joint,paraphrase,96,1.0405816222839528,-0.14531439262196333,0.9692035074776791,0.0,0.5,0.0
