layer,pool,centered,component,singular_value,energy,cumulative
0,last,False,1,0.0,0.0,0.0
0,last,False,2,0.0,0.0,0.0
0,last,False,3,0.0,0.0,0.0
0,last,False,4,0.0,0.0,0.0
0,last,False,5,0.0,0.0,0.0
0,last,False,6,0.0,0.0,0.0
0,last,False,7,0.0,0.0,0.0
0,last,False,8,0.0,0.0,0.0
0,last,False,9,0.0,0.0,0.0
0,last,False,10,0.0,0.0,0.0
0,last,False,11,0.0,0.0,0.0
0,last,False,12,0.0,0.0,0.0
0,last,False,13,0.0,0.0,0.0
0,last,False,14,0.0,0.0,0.0
0,last,False,15,0.0,0.0,0.0
0,last,False,16,0.0,0.0,0.0
0,last,False,17,0.0,0.0,0.0
0,last,False,18,0.0,0.0,0.0
0,last,False,19,0.0,0.0,0.0
0,last,False,20,0.0,0.0,0.0
0,last,False,21,0.0,0.0,0.0
0,last,False,22,0.0,0.0,0.0
0,last,False,23,0.0,0.0,0.0
0,last,False,24,0.0,0.0,0.0
0,last,False,25,0.0,0.0,0.0
0,last,False,26,0.0,0.0,0.0
0,last,False,27,0.0,0.0,0.0
0,last,False,28,0.0,0.0,0.0
0,last,False,29,0.0,0.0,0.0
0,last,False,30,0.0,0.0,0.0
0,last,False,31,0.0,0.0,0.0
0,last,False,32,0.0,0.0,0.0
0,last,False,33,0.0,0.0,0.0
0,last,False,34,0.0,0.0,0.0
0,last,False,35,0.0,0.0,0.0
0,last,False,36,0.0,0.0,0.0
0,last,False,37,0.0,0.0,0.0
0,last,False,38,0.0,0.0,0.0
0,last,False,39,0.0,0.0,0.0
0,last,False,40,0.0,0.0,0.0
0,last,False,41,0.0,0.0,0.0
0,last,False,42,0.0,0.0,0.0
0,last,False,43,0.0,0.0,0.0
0,last,False,44,0.0,0.0,0.0
0,last,False,45,0.0,0.0,0.0
0,last,False,46,0.0,0.0,0.0
0,last,False,47,0.0,0.0,0.0
0,last,False,48,0.0,0.0,0.0
0,last,False,49,0.0,0.0,0.0
0,last,False,50,0.0,0.0,0.0
0,last,False,51,0.0,0.0,0.0
0,last,False,52,0.0,0.0,0.0
0,last,False,53,0.0,0.0,0.0
0,last,False,54,0.0,0.0,0.0
0,last,False,55,0.0,0.0,0.0
0,last,False,56,0.0,0.0,0.0
0,last,False,57,0.0,0.0,0.0
0,last,False,58,0.0,0.0,0.0
0,last,False,59,0.0,0.0,0.0
0,last,False,60,0.0,0.0,0.0
0,last,False,61,0.0,0.0,0.0
0,last,False,62,0.0,0.0,0.0
0,last,False,63,0.0,0.0,0.0
0,last,False,64,0.0,0.0,0.0
0,last,False,65,0.0,0.0,0.0
0,last,False,66,0.0,0.0,0.0
0,last,False,67,0.0,0.0,0.0
0,last,False,68,0.0,0.0,0.0
0,last,False,69,0.0,0.0,0.0
0,last,False,70,0.0,0.0,0.0
0,last,False,71,0.0,0.0,0.0
0,last,False,72,0.0,0.0,0.0
0,last,False,73,0.0,0.0,0.0
0,last,False,74,0.0,0.0,0.0
0,last,False,75,0.0,0.0,0.0
0,last,False,76,0.0,0.0,0.0
0,last,False,77,0.0,0.0,0.0
0,last,False,78,0.0,0.0,0.0
0,last,False,79,0.0,0.0,0.0
0,last,False,80,0.0,0.0,0.0
0,last,False,81,0.0,0.0,0.0
0,last,False,82,0.0,0.0,0.0
0,last,False,83,0.0,0.0,0.0
0,last,False,84,0.0,0.0,0.0
0,last,False,85,0.0,0.0,0.0
0,last,False,86,0.0,0.0,0.0
0,last,False,87,0.0,0.0,0.0
0,last,False,88,0.0,0.0,0.0
0,last,False,89,0.0,0.0,0.0
0,last,False,90,0.0,0.0,0.0
0,last,False,91,0.0,0.0,0.0
0,last,False,92,0.0,0.0,0.0
0,last,False,93,0.0,0.0,0.0
0,last,False,94,0.0,0.0,0.0
0,last,False,95,0.0,0.0,0.0
0,last,False,96,0.0,0.0,0.0
0,last,False,97,0.0,0.0,0.0
0,last,False,98,0.0,0.0,0.0
0,last,False,99,0.0,0.0,0.0
0,last,False,100,0.0,0.0,0.0
0,last,False,101,0.0,0.0,0.0
0,last,False,102,0.0,0.0,0.0
0,last,False,103,0.0,0.0,0.0
0,last,False,104,0.0,0.0,0.0
0,last,False,105,0.0,0.0,0.0
0,last,False,106,0.0,0.0,0.0
0,last,False,107,0.0,0.0,0.0
0,last,False,108,0.0,0.0,0.0
0,last,False,109,0.0,0.0,0.0
0,last,False,110,0.0,0.0,0.0
0,last,False,111,0.0,0.0,0.0
0,last,False,112,0.0,0.0,0.0
0,last,False,113,0.0,0.0,0.0
0,last,False,114,0.0,0.0,0.0
0,last,False,115,0.0,0.0,0.0
0,last,False,116,0.0,0.0,0.0
0,last,False,117,0.0,0.0,0.0
0,last,False,118,0.0,0.0,0.0
0,last,False,119,0.0,0.0,0.0
0,last,False,120,0.0,0.0,0.0
0,last,False,121,0.0,0.0,0.0
0,last,False,122,0.0,0.0,0.0
0,last,False,123,0.0,0.0,0.0
0,last,False,124,0.0,0.0,0.0
0,last,False,125,0.0,0.0,0.0
0,last,False,126,0.0,0.0,0.0
0,last,False,127,0.0,0.0,0.0
0,last,False,128,0.0,0.0,0.0
0,last,False,129,0.0,0.0,0.0
0,last,False,130,0.0,0.0,0.0
0,last,False,131,0.0,0.0,0.0
0,last,False,132,0.0,0.0,0.0
0,last,False,133,0.0,0.0,0.0
0,last,False,134,0.0,0.0,0.0
0,last,False,135,0.0,0.0,0.0
0,last,False,136,0.0,0.0,0.0
0,last,False,137,0.0,0.0,0.0
0,last,False,138,0.0,0.0,0.0
0,last,False,139,0.0,0.0,0.0
0,last,False,140,0.0,0.0,0.0
0,last,False,141,0.0,0.0,0.0
0,last,False,142,0.0,0.0,0.0
0,last,False,143,0.0,0.0,0.0
0,last,False,144,0.0,0.0,0.0
0,last,False,145,0.0,0.0,0.0
0,last,False,146,0.0,0.0,0.0
0,last,False,147,0.0,0.0,0.0
0,last,False,148,0.0,0.0,0.0
0,last,False,149,0.0,0.0,0.0
0,last,False,150,0.0,0.0,0.0
0,last,False,151,0.0,0.0,0.0
0,last,False,152,0.0,0.0,0.0
0,last,False,153,0.0,0.0,0.0
0,last,False,154,0.0,0.0,0.0
0,last,False,155,0.0,0.0,0.0
0,last,False,156,0.0,0.0,0.0
0,last,False,157,0.0,0.0,0.0
0,last,False,158,0.0,0.0,0.0
0,last,False,159,0.0,0.0,0.0
0,last,False,160,0.0,0.0,0.0
0,last,False,161,0.0,0.0,0.0
0,last,False,162,0.0,0.0,0.0
0,last,False,163,0.0,0.0,0.0
0,last,False,164,0.0,0.0,0.0
0,last,False,165,0.0,0.0,0.0
0,last,False,166,0.0,0.0,0.0
0,last,False,167,0.0,0.0,0.0
0,last,False,168,0.0,0.0,0.0
0,last,True,1,0.0,0.0,0.0
0,last,True,2,0.0,0.0,0.0
0,last,True,3,0.0,0.0,0.0
0,last,True,4,0.0,0.0,0.0
0,last,True,5,0.0,0.0,0.0
0,last,True,6,0.0,0.0,0.0
0,last,True,7,0.0,0.0,0.0
0,last,True,8,0.0,0.0,0.0
0,last,True,9,0.0,0.0,0.0
0,last,True,10,0.0,0.0,0.0
0,last,True,11,0.0,0.0,0.0
0,last,True,12,0.0,0.0,0.0
0,last,True,13,0.0,0.0,0.0
0,last,True,14,0.0,0.0,0.0
0,last,True,15,0.0,0.0,0.0
0,last,True,16,0.0,0.0,0.0
0,last,True,17,0.0,0.0,0.0
0,last,True,18,0.0,0.0,0.0
0,last,True,19,0.0,0.0,0.0
0,last,True,20,0.0,0.0,0.0
0,last,True,21,0.0,0.0,0.0
0,last,True,22,0.0,0.0,0.0
0,last,True,23,0.0,0.0,0.0
0,last,True,24,0.0,0.0,0.0
0,last,True,25,0.0,0.0,0.0
0,last,True,26,0.0,0.0,0.0
0,last,True,27,0.0,0.0,0.0
0,last,True,28,0.0,0.0,0.0
0,last,True,29,0.0,0.0,0.0
0,last,True,30,0.0,0.0,0.0
0,last,True,31,0.0,0.0,0.0
0,last,True,32,0.0,0.0,0.0
0,last,True,33,0.0,0.0,0.0
0,last,True,34,0.0,0.0,0.0
0,last,True,35,0.0,0.0,0.0
0,last,True,36,0.0,0.0,0.0
0,last,True,37,0.0,0.0,0.0
0,last,True,38,0.0,0.0,0.0
0,last,True,39,0.0,0.0,0.0
0,last,True,40,0.0,0.0,0.0
0,last,True,41,0.0,0.0,0.0
0,last,True,42,0.0,0.0,0.0
0,last,True,43,0.0,0.0,0.0
0,last,True,44,0.0,0.0,0.0
0,last,True,45,0.0,0.0,0.0
0,last,True,46,0.0,0.0,0.0
0,last,True,47,0.0,0.0,0.0
0,last,True,48,0.0,0.0,0.0
0,last,True,49,0.0,0.0,0.0
0,last,True,50,0.0,0.0,0.0
0,last,True,51,0.0,0.0,0.0
0,last,True,52,0.0,0.0,0.0
0,last,True,53,0.0,0.0,0.0
0,last,True,54,0.0,0.0,0.0
0,last,True,55,0.0,0.0,0.0
0,last,True,56,0.0,0.0,0.0
0,last,True,57,0.0,0.0,0.0
0,last,True,58,0.0,0.0,0.0
0,last,True,59,0.0,0.0,0.0
0,last,True,60,0.0,0.0,0.0
0,last,True,61,0.0,0.0,0.0
0,last,True,62,0.0,0.0,0.0
0,last,True,63,0.0,0.0,0.0
0,last,True,64,0.0,0.0,0.0
0,last,True,65,0.0,0.0,0.0
0,last,True,66,0.0,0.0,0.0
0,last,True,67,0.0,0.0,0.0
0,last,True,68,0.0,0.0,0.0
0,last,True,69,0.0,0.0,0.0
0,last,True,70,0.0,0.0,0.0
0,last,True,71,0.0,0.0,0.0
0,last,True,72,0.0,0.0,0.0
0,last,True,73,0.0,0.0,0.0
0,last,True,74,0.0,0.0,0.0
0,last,True,75,0.0,0.0,0.0
0,last,True,76,0.0,0.0,0.0
0,last,True,77,0.0,0.0,0.0
0,last,True,78,0.0,0.0,0.0
0,last,True,79,0.0,0.0,0.0
0,last,True,80,0.0,0.0,0.0
0,last,True,81,0.0,0.0,0.0
0,last,True,82,0.0,0.0,0.0
0,last,True,83,0.0,0.0,0.0
0,last,True,84,0.0,0.0,0.0
0,last,True,85,0.0,0.0,0.0
0,last,True,86,0.0,0.0,0.0
0,last,True,87,0.0,0.0,0.0
0,last,True,88,0.0,0.0,0.0
0,last,True,89,0.0,0.0,0.0
0,last,True,90,0.0,0.0,0.0
0,last,True,91,0.0,0.0,0.0
0,last,True,92,0.0,0.0,0.0
0,last,True,93,0.0,0.0,0.0
0,last,True,94,0.0,0.0,0.0
0,last,True,95,0.0,0.0,0.0
0,last,True,96,0.0,0.0,0.0
0,last,True,97,0.0,0.0,0.0
0,last,True,98,0.0,0.0,0.0
0,last,True,99,0.0,0.0,0.0
0,last,True,100,0.0,0.0,0.0
0,last,True,101,0.0,0.0,0.0
0,last,True,102,0.0,0.0,0.0
0,last,True,103,0.0,0.0,0.0
0,last,True,104,0.0,0.0,0.0
0,last,True,105,0.0,0.0,0.0
0,last,True,106,0.0,0.0,0.0
0,last,True,107,0.0,0.0,0.0
0,last,True,108,0.0,0.0,0.0
0,last,True,109,0.0,0.0,0.0
0,last,True,110,0.0,0.0,0.0
0,last,True,111,0.0,0.0,0.0
0,last,True,112,0.0,0.0,0.0
0,last,True,113,0.0,0.0,0.0
0,last,True,114,0.0,0.0,0.0
0,last,True,115,0.0,0.0,0.0
0,last,True,116,0.0,0.0,0.0
0,last,True,117,0.0,0.0,0.0
0,last,True,118,0.0,0.0,0.0
0,last,True,119,0.0,0.0,0.0
0,last,True,120,0.0,0.0,0.0
0,last,True,121,0.0,0.0,0.0
0,last,True,122,0.0,0.0,0.0
0,last,True,123,0.0,0.0,0.0
0,last,True,124,0.0,0.0,0.0
0,last,True,125,0.0,0.0,0.0
0,last,True,126,0.0,0.0,0.0
0,last,True,127,0.0,0.0,0.0
0,last,True,128,0.0,0.0,0.0
0,last,True,129,0.0,0.0,0.0
0,last,True,130,0.0,0.0,0.0
0,last,True,131,0.0,0.0,0.0
0,last,True,132,0.0,0.0,0.0
0,last,True,133,0.0,0.0,0.0
0,last,True,134,0.0,0.0,0.0
0,last,True,135,0.0,0.0,0.0
0,last,True,136,0.0,0.0,0.0
0,last,True,137,0.0,0.0,0.0
0,last,True,138,0.0,0.0,0.0
0,last,True,139,0.0,0.0,0.0
0,last,True,140,0.0,0.0,0.0
0,last,True,141,0.0,0.0,0.0
0,last,True,142,0.0,0.0,0.0
0,last,True,143,0.0,0.0,0.0
0,last,True,144,0.0,0.0,0.0
0,last,True,145,0.0,0.0,0.0
0,last,True,146,0.0,0.0,0.0
0,last,True,147,0.0,0.0,0.0
0,last,True,148,0.0,0.0,0.0
0,last,True,149,0.0,0.0,0.0
0,last,True,150,0.0,0.0,0.0
0,last,True,151,0.0,0.0,0.0
0,last,True,152,0.0,0.0,0.0
0,last,True,153,0.0,0.0,0.0
0,last,True,154,0.0,0.0,0.0
0,last,True,155,0.0,0.0,0.0
0,last,True,156,0.0,0.0,0.0
0,last,True,157,0.0,0.0,0.0
0,last,True,158,0.0,0.0,0.0
0,last,True,159,0.0,0.0,0.0
0,last,True,160,0.0,0.0,0.0
0,last,True,161,0.0,0.0,0.0
0,last,True,162,0.0,0.0,0.0
0,last,True,163,0.0,0.0,0.0
0,last,True,164,0.0,0.0,0.0
0,last,True,165,0.0,0.0,0.0
0,last,True,166,0.0,0.0,0.0
0,last,True,167,0.0,0.0,0.0
0,last,True,168,0.0,0.0,0.0
0,mean,False,1,2.0287060248218625,0.9398725786414803,0.9398725786414803
0,mean,False,2,0.3791989378913312,0.03283711285300778,0.972709691494488
0,mean,False,3,0.1621122897454184,0.006001538839727138,0.9787112303342153
0,mean,False,4,0.09057327775675436,0.001873401702066931,0.9805846320362821
0,mean,False,5,0.08248116938301235,0.0015536041053298719,0.982138236141612
0,mean,False,6,0.07676231812766524,0.0013456338513362885,0.9834838699929482
0,mean,False,7,0.0749144121771477,0.0012816265432100157,0.9847654965361582
0,mean,False,8,0.07257737515578294,0.0012029103339236118,0.985968406870082
0,mean,False,9,0.06704938355589567,0.001026645055256358,0.9869950519253383
0,mean,False,10,0.06628461642914447,0.0010033587352823092,0.9879984106606206
0,mean,False,11,0.06175180049256544,0.0008708231997976787,0.9888692338604183
0,mean,False,12,0.06029353704551124,0.0008301799970446528,0.9896994138574629
0,mean,False,13,0.05573766318303773,0.0007094605556904911,0.9904088744131534
0,mean,False,14,0.054881018555484315,0.0006878204232092695,0.9910966948363626
0,mean,False,15,0.05348569036434668,0.0006532899131130343,0.9917499847494757
0,mean,False,16,0.049984489434836014,0.0005705599215768702,0.9923205446710525
0,mean,False,17,0.04617322343325276,0.0004868678868088098,0.9928074125578613
0,mean,False,18,0.04503976619905839,0.0004632580725594287,0.9932706706304207
0,mean,False,19,0.04189926353046823,0.0004009068897054774,0.9936715775201262
0,mean,False,20,0.04044831393777695,0.0003736212655030068,0.9940451987856294
0,mean,False,21,0.040006711317489924,0.00036550762879238345,0.9944107064144218
0,mean,False,22,0.038974903580214715,0.00034689723638235155,0.9947576036508041
0,mean,False,23,0.03747274478852262,0.0003206725251079097,0.9950782761759122
0,mean,False,24,0.03666128230993712,0.00030693473816565975,0.9953852109140777
0,mean,False,25,0.03608628148833265,0.00029738222466069744,0.9956825931387383
0,mean,False,26,0.034065736779373613,0.0002650124723831606,0.9959476056111215
0,mean,False,27,0.033139828226745265,0.0002508021453314806,0.996198407756453
0,mean,False,28,0.032253025219055285,0.00023755909020577883,0.9964359668466587
0,mean,False,29,0.03038036191566119,0.00021077380101551386,0.9966467406476741
0,mean,False,30,0.029682723658718383,0.00020120475443886925,0.9968479454021131
0,mean,False,31,0.028710907568710503,0.0001882454912764726,0.9970361908933895
0,mean,False,32,0.028060440697901506,0.00017981243241367315,0.9972160033258033
0,mean,False,33,0.026635569140859953,0.00016201480530397727,0.9973780181311073
0,mean,False,34,0.026326660443540848,0.00015827863093582827,0.9975362967620431
0,mean,False,35,0.025424458435998682,0.00014761624804852366,0.9976839130100916
0,mean,False,36,0.024439259085255245,0.00013639762614012568,0.9978203106362318
0,mean,False,37,0.024102680183120995,0.0001326665444903145,0.9979529771807221
0,mean,False,38,0.023593161496718206,0.00012711682062919164,0.9980800940013512
0,mean,False,39,0.023108551394730094,0.00012194842186858572,0.99820204242322
0,mean,False,40,0.02242114103832344,0.00011480112981883673,0.9983168435530385
0,mean,False,41,0.021731403091812426,0.00010784655483467073,0.9984246901078734
0,mean,False,42,0.02112207503143085,0.00010188351108243904,0.9985265736189557
0,mean,False,43,0.020358591396131026,9.465121497470591e-05,0.9986212248339303
0,mean,False,44,0.020201995704558627,9.320072482852594e-05,0.9987144255587589
0,mean,False,45,0.019378656565460065,8.575867713547767e-05,0.9988001842358945
0,mean,False,46,0.01910949044740348,8.33928765500413e-05,0.9988835771124444
0,mean,False,47,0.018874593437580463,8.135531899194082e-05,0.9989649324314364
0,mean,False,48,0.018323312854329258,7.66723429767744e-05,0.9990416047744134
0,mean,False,49,0.01770932169029742,7.162004590073973e-05,0.9991132248203142
0,mean,False,50,0.017446772350310946,6.951218334325886e-05,0.9991827370036575
0,mean,False,51,0.01737676096101095,6.895541790158484e-05,0.999251692421559
0,mean,False,52,0.01703611744048486,6.627839631339773e-05,0.9993179708178722
0,mean,False,53,0.016211605370256895,6.0018175329379975e-05,0.9993779889932017
0,mean,False,54,0.015601440089276816,5.558532080203331e-05,0.9994335743140037
0,mean,False,55,0.015357915168526066,5.386358678749266e-05,0.9994874379007912
0,mean,False,56,0.015034846008807038,5.162127293134121e-05,0.9995390591737224
0,mean,False,57,0.014647832117996973,4.899789792328229e-05,0.9995880570716458
0,mean,False,58,0.014313911240436539,4.678938972947161e-05,0.9996348464613752
0,mean,False,59,0.014206015202418485,4.608666596656558e-05,0.9996809331273419
0,mean,False,60,0.013785761933444192,4.340025585727625e-05,0.9997243333831992
0,mean,False,61,0.01286650646437979,3.780524232163261e-05,0.9997621386255208
0,mean,False,62,0.012608031776752708,3.630156350766802e-05,0.9997984401890283
0,mean,False,63,0.011788058620717927,3.173330565086265e-05,0.9998301734946793
0,mean,False,64,0.011261202539176248,2.8960114873184272e-05,0.9998591336095524
0,mean,False,65,0.010623882598327437,2.5774916474988155e-05,0.9998849085260274
0,mean,False,66,0.009591880121011165,2.1010588919496805e-05,0.999905919114947
0,mean,False,67,0.00904785804378102,1.86948634466929e-05,0.9999246139783935
0,mean,False,68,0.0088587617986537,1.7921600393610767e-05,0.9999425355787872
0,mean,False,69,0.008421158546801673,1.619475674394322e-05,0.9999587303355312
0,mean,False,70,0.007185189405570201,1.1789820222042718e-05,0.9999705201557533
0,mean,False,71,0.006683784954691322,1.020177351673442e-05,0.9999807219292699
0,mean,False,72,0.006126348303853737,8.571051599320606e-06,0.9999892929808694
0,mean,False,73,0.0059928849596522565,8.201676267441782e-06,0.9999974946571367
0,mean,False,74,0.0033122126660143827,2.50534286056524e-06,0.9999999999999971
0,mean,False,75,3.691147758874998e-08,3.1113839155420775e-16,0.9999999999999976
0,mean,False,76,2.2851508491974286e-08,1.1925057718200614e-16,0.9999999999999978
0,mean,False,77,2.202237468588722e-08,1.1075390198169598e-16,0.999999999999998
0,mean,False,78,1.61934326685308e-08,5.988369375799888e-17,0.999999999999998
0,mean,False,79,1.513064561548686e-08,5.228121357303918e-17,0.999999999999998
0,mean,False,80,1.4339290747883646e-08,4.695545816396024e-17,0.9999999999999978
0,mean,False,81,1.4273858872857146e-08,4.652790928448609e-17,0.9999999999999978
0,mean,False,82,1.3525801517839759e-08,4.1778876924675234e-17,0.9999999999999978
0,mean,False,83,1.3269471794699656e-08,4.021036472580365e-17,0.9999999999999978
0,mean,False,84,1.3019576327081371e-08,3.8710113529379156e-17,0.9999999999999978
0,mean,False,85,1.2966674533976978e-08,3.839617489818692e-17,0.9999999999999978
0,mean,False,86,1.287088295480109e-08,3.783096529789781e-17,0.9999999999999978
0,mean,False,87,1.2461706119548877e-08,3.5463839391719346e-17,0.9999999999999978
0,mean,False,88,1.2377832721199583e-08,3.4988067796851575e-17,0.9999999999999982
0,mean,False,89,1.2266574733356215e-08,3.436191500286308e-17,0.9999999999999982
0,mean,False,90,1.2101885827221794e-08,3.344543460563658e-17,0.9999999999999982
0,mean,False,91,1.199951689844448e-08,3.2882002981319e-17,0.9999999999999982
0,mean,False,92,1.1967845857737472e-08,3.270865718088252e-17,0.9999999999999982
0,mean,False,93,1.1846706589068225e-08,3.204985032105797e-17,0.9999999999999982
0,mean,False,94,1.1736338001328667e-08,3.1455454019344855e-17,0.9999999999999982
0,mean,False,95,1.1637637367410414e-08,3.092860853126959e-17,0.9999999999999982
0,mean,False,96,1.1530577874328427e-08,3.0362175588747945e-17,0.9999999999999983
0,mean,False,97,1.14740312850216e-08,3.0065110227189414e-17,0.9999999999999983
0,mean,False,98,1.1430171926483756e-08,2.9835702414090254e-17,0.9999999999999983
0,mean,False,99,1.1363056265107596e-08,2.948635265053213e-17,0.9999999999999983
0,mean,False,100,1.1250578566699885e-08,2.8905497911714624e-17,0.9999999999999983
0,mean,False,101,1.1216363986814868e-08,2.8729953936966897e-17,0.9999999999999983
0,mean,False,102,1.1156623147342363e-08,2.842472476753703e-17,0.9999999999999983
0,mean,False,103,1.1108915457042049e-08,2.8182146250039435e-17,0.9999999999999983
0,mean,False,104,1.106505685005147e-08,2.7960056213464177e-17,0.9999999999999986
0,mean,False,105,1.0998331822056043e-08,2.7623860848707438e-17,0.9999999999999986
0,mean,False,106,1.0938370707488447e-08,2.7323480315332567e-17,0.9999999999999986
0,mean,False,107,1.090415214502943e-08,2.715279533735671e-17,0.9999999999999986
0,mean,False,108,1.0862913203045886e-08,2.694780275957626e-17,0.9999999999999986
0,mean,False,109,1.0821259936873051e-08,2.674153912370754e-17,0.9999999999999986
0,mean,False,110,1.0776371104168228e-08,2.652014037049586e-17,0.9999999999999986
0,mean,False,111,1.0741609524474573e-08,2.6349323108080152e-17,0.9999999999999986
0,mean,False,112,1.0678490989713116e-08,2.6040571552728998e-17,0.9999999999999988
0,mean,False,113,1.0638602929738206e-08,2.5846392823839484e-17,0.9999999999999988
0,mean,False,114,1.0600577709244577e-08,2.5661959140067952e-17,0.9999999999999988
0,mean,False,115,1.0523262965742206e-08,2.5288995973347524e-17,0.9999999999999988
0,mean,False,116,1.0499459008406603e-08,2.5174716336656986e-17,0.9999999999999988
0,mean,False,117,1.0463755393331507e-08,2.5003793217804543e-17,0.9999999999999988
0,mean,False,118,1.0422028836785097e-08,2.480477443103779e-17,0.9999999999999988
0,mean,False,119,1.0394774343245661e-08,2.4675210864883706e-17,0.9999999999999988
0,mean,False,120,1.037990251019543e-08,2.4604655584897764e-17,0.9999999999999988
0,mean,False,121,1.0285808759720105e-08,2.416059535667035e-17,0.9999999999999988
0,mean,False,122,1.0230108041098491e-08,2.3899630234226857e-17,0.9999999999999988
0,mean,False,123,1.0213630366645986e-08,2.382270178556364e-17,0.9999999999999988
0,mean,False,124,1.0195287264109183e-08,2.3737210173243837e-17,0.9999999999999988
0,mean,False,125,1.0137975546341953e-08,2.3471087890221748e-17,0.9999999999999988
0,mean,False,126,1.0120369827988608e-08,2.3389638382846268e-17,0.9999999999999988
0,mean,False,127,1.0052532293484615e-08,2.3077124598557832e-17,0.9999999999999988
0,mean,False,128,1.0020356032760127e-08,2.29296299776978e-17,0.9999999999999992
0,mean,False,129,9.945196906937626e-09,2.2586945996656755e-17,0.9999999999999994
0,mean,False,130,9.90229645842776e-09,2.2392500343418135e-17,0.9999999999999994
0,mean,False,131,9.880729403346636e-09,2.2295065496473907e-17,0.9999999999999994
0,mean,False,132,9.79991551006024e-09,2.193185691870126e-17,0.9999999999999994
0,mean,False,133,9.760666504068974e-09,2.1756532997098237e-17,0.9999999999999994
0,mean,False,134,9.690879993208824e-09,2.1446536802939014e-17,0.9999999999999994
0,mean,False,135,9.659559935960839e-09,2.1308134240359006e-17,0.9999999999999994
0,mean,False,136,9.587384456635601e-09,2.0990898427273156e-17,0.9999999999999994
0,mean,False,137,9.578183831619046e-09,2.0950629526649845e-17,0.9999999999999996
0,mean,False,138,9.549517825984368e-09,2.0825413271191257e-17,0.9999999999999996
0,mean,False,139,9.492090540899114e-09,2.0575693657213362e-17,0.9999999999999996
0,mean,False,140,9.4526805594224e-09,2.0405192891365557e-17,0.9999999999999996
0,mean,False,141,9.409157251341907e-09,2.0217720791219143e-17,0.9999999999999996
0,mean,False,142,9.357183724903931e-09,1.999498370757058e-17,0.9999999999999996
0,mean,False,143,9.349489243661738e-09,1.9962113182596488e-17,0.9999999999999996
0,mean,False,144,9.314581731252664e-09,1.981332925486204e-17,0.9999999999999998
0,mean,False,145,9.281886610904942e-09,1.9674479807204187e-17,0.9999999999999998
0,mean,False,146,9.190350403917015e-09,1.9288341271051275e-17,0.9999999999999998
0,mean,False,147,9.134729845635192e-09,1.9055579330144842e-17,0.9999999999999998
0,mean,False,148,9.11922306886964e-09,1.8990938161139224e-17,0.9999999999999998
0,mean,False,149,9.079534910275357e-09,1.882599533178562e-17,1.0
0,mean,False,150,9.040056124441197e-09,1.8662636386844833e-17,1.0
0,mean,False,151,8.995120646115871e-09,1.8477564474126577e-17,1.0
0,mean,False,152,8.936999567372108e-09,1.8239554011217264e-17,1.0
0,mean,False,153,8.88388051649345e-09,1.8023376657893366e-17,1.0
0,mean,False,154,8.802399790553829e-09,1.7694281013457796e-17,1.0
0,mean,False,155,8.763851451102137e-09,1.7539643269276774e-17,1.0
0,mean,False,156,8.747489748261382e-09,1.7474213008388362e-17,1.0
0,mean,False,157,8.614624899725728e-09,1.6947415808938195e-17,1.0
0,mean,False,158,8.500001292611251e-09,1.6499421775162457e-17,1.0
0,mean,False,159,8.487001500625673e-09,1.644899236340314e-17,1.0
0,mean,False,160,8.261343842713913e-09,1.5585909041147586e-17,0.9999999999999998
0,mean,False,161,8.145328139186717e-09,1.5151230686637327e-17,0.9999999999999998
0,mean,False,162,8.119460585820507e-09,1.5055150348886403e-17,0.9999999999999998
0,mean,False,163,8.082706080305112e-09,1.4919158017055924e-17,0.9999999999999998
0,mean,False,164,7.8828197044256e-09,1.4190376817669123e-17,0.9999999999999998
0,mean,False,165,7.813519805201805e-09,1.3941971019926336e-17,0.9999999999999998
0,mean,False,166,7.663723899842212e-09,1.3412521810347098e-17,0.9999999999999998
0,mean,False,167,6.948636793721642e-09,1.1026304058912528e-17,1.0
0,mean,False,168,4.4910782082449554e-09,4.6060853067370206e-18,1.0
0,mean,True,1,0.42621646563877724,0.4761850549691319,0.4761850549691319
0,mean,True,2,0.2941686064371611,0.22683390033729575,0.7030189553064277
0,mean,True,3,0.1620668414722888,0.0688499533921608,0.7718689086985885
0,mean,True,4,0.08441385503679633,0.018678533798201946,0.7905474424967903
0,mean,True,5,0.08009678870115482,0.01681688378402073,0.8073643262808111
0,mean,True,6,0.07674402435605412,0.0154384769154758,0.822802803196287
0,mean,True,7,0.0730027312931448,0.013969907549236089,0.8367727107455231
0,mean,True,8,0.06721968407864112,0.011844268616704257,0.8486169793622272
0,mean,True,9,0.06643612392063437,0.01156974766550552,0.8601867270277328
0,mean,True,10,0.06184729217806718,0.010026669363890028,0.8702133963916228
0,mean,True,11,0.06031733708003628,0.00953673321898618,0.8797501296106088
0,mean,True,12,0.055977773287276135,0.008213845921469884,0.8879639755320787
0,mean,True,13,0.055151182154800076,0.007973058781483763,0.8959370343135625
0,mean,True,14,0.0534863860015533,0.007498973564516139,0.9034360078780787
0,mean,True,15,0.05082142284694493,0.006770316222038562,0.9102063241001173
0,mean,True,16,0.046657780798520294,0.005706416556075757,0.9159127406561931
0,mean,True,17,0.046169535471781695,0.005587613064639384,0.9215003537208326
0,mean,True,18,0.04236419161552403,0.004704496627911419,0.9262048503487439
0,mean,True,19,0.0405589101858683,0.004312090511820507,0.9305169408605645
0,mean,True,20,0.04007453191873668,0.004209710502954013,0.9347266513635184
0,mean,True,21,0.038983681515513596,0.003983648533662168,0.9387102998971807
0,mean,True,22,0.03755388911338846,0.003696793171660652,0.9424070930688413
0,mean,True,23,0.036811384219347966,0.003552054423119932,0.9459591474919611
0,mean,True,24,0.036203051026178074,0.003435624245892737,0.9493947717378538
0,mean,True,25,0.03448491176255401,0.003117263772103344,0.9525120355099571
0,mean,True,26,0.033147818283947486,0.0028802170232814193,0.9553922525332386
0,mean,True,27,0.03250103940900419,0.002768916215992316,0.9581611687492309
0,mean,True,28,0.030380668044150242,0.002419412682791013,0.9605805814320219
0,mean,True,29,0.030115844063954407,0.002377417163187864,0.9629579985952097
0,mean,True,30,0.02928733619124468,0.0022484076756624427,0.9652064062708722
0,mean,True,31,0.02827398776669371,0.0020955085910662283,0.9673019148619384
0,mean,True,32,0.02726792233595012,0.0019490339805467323,0.9692509488424853
0,mean,True,33,0.026619734658040087,0.0018574740644369749,0.9711084229069222
0,mean,True,34,0.02543695628798448,0.0016960771431554116,0.9728045000500777
0,mean,True,35,0.024503112054710126,0.0015738299524146854,0.9743783300024924
0,mean,True,36,0.024150857108568662,0.0015289046830631633,0.9759072346855555
0,mean,True,37,0.024059943646931176,0.0015174155342821628,0.9774246502198376
0,mean,True,38,0.023147417783108387,0.0014044957021816145,0.9788291459220192
0,mean,True,39,0.022652034956201977,0.0013450231535788702,0.9801741690755982
0,mean,True,40,0.021957206785046052,0.0012637742379240887,0.9814379433135223
0,mean,True,41,0.021236826709769667,0.0011822098151225832,0.9826201531286449
0,mean,True,42,0.020987044955715933,0.0011545637021680042,0.983774716830813
0,mean,True,43,0.0202185276279964,0.0010715547500462469,0.9848462715808592
0,mean,True,44,0.01945256166998277,0.0009919023422787076,0.9858381739231379
0,mean,True,45,0.0191881440070533,0.0009651198600343125,0.9868032937831723
0,mean,True,46,0.018875383279183883,0.000933913970951535,0.9877372077541238
0,mean,True,47,0.01859347219067612,0.0009062255684314157,0.9886434333225552
0,mean,True,48,0.0177109350442635,0.0008222394213034887,0.9894656727438585
0,mean,True,49,0.017446916625356274,0.0007979077539965549,0.990263580497855
0,mean,True,50,0.01738038605439087,0.000791834011087142,0.9910554145089422
0,mean,True,51,0.017090239854001786,0.0007656171090618844,0.9918210316180042
0,mean,True,52,0.0162626563271844,0.0006932634160043115,0.9925142950340083
0,mean,True,53,0.015745912687004787,0.0006499066667008974,0.9931642017007093
0,mean,True,54,0.015521865045206234,0.0006315432830615744,0.9937957449837709
0,mean,True,55,0.01506640779085703,0.0005950243657665939,0.9943907693495374
0,mean,True,56,0.014751192322152258,0.000570386929042391,0.99496115627858
0,mean,True,57,0.014331481069098337,0.0005383905926838538,0.9954995468712639
0,mean,True,58,0.014259615274030584,0.0005330045677725725,0.9960325514390364
0,mean,True,59,0.013789291046541877,0.0004984242804882111,0.9965309757195245
0,mean,True,60,0.012893678767256084,0.0004357817174928237,0.9969667574370173
0,mean,True,61,0.01269905082087888,0.000422724906352692,0.99738948234337
0,mean,True,62,0.01218341443756521,0.00038909293889544577,0.9977785752822654
0,mean,True,63,0.011386180794747344,0.00033983762899391447,0.9981184129112594
0,mean,True,64,0.010857676146332271,0.00030902177420802303,0.9984274346854675
0,mean,True,65,0.010395396344390477,0.0002832679364028823,0.9987107026218703
0,mean,True,66,0.009591878390817047,0.0002411696439081608,0.9989518722657786
0,mean,True,67,0.00892026980031794,0.00020857934266048744,0.9991604516084391
0,mean,True,68,0.008546719265788455,0.0001914759319490096,0.9993519275403883
0,mean,True,69,0.008331248256530477,0.00018194304798165313,0.99953387058837
0,mean,True,70,0.0071798699703137315,0.0001351289718470325,0.9996689995602169
0,mean,True,71,0.006683681738953406,0.00011709728816603916,0.9997860968483829
0,mean,True,72,0.005993035706266201,9.414755470959672e-05,0.9998802444030924
0,mean,True,73,0.005894302409395687,9.107100760493499e-05,0.9999713154106973
0,mean,True,74,0.0033080088347385668,2.868458927034216e-05,0.9999999999999676
0,mean,True,75,3.689190089754447e-08,3.567610067610443e-15,0.9999999999999711
0,mean,True,76,2.2816403557996205e-08,1.3646135946840626e-15,0.9999999999999725
0,mean,True,77,2.200371185745079e-08,1.2691332211571503e-15,0.9999999999999738
0,mean,True,78,1.6164513715358456e-08,6.849211895548274e-16,0.9999999999999746
0,mean,True,79,1.5125422676595787e-08,5.99694897518936e-16,0.9999999999999751
0,mean,True,80,1.4324816251400633e-08,5.378899548538732e-16,0.9999999999999757
0,mean,True,81,1.4211779028916043e-08,5.29434461593806e-16,0.9999999999999762
0,mean,True,82,1.3525791344393076e-08,4.795574930020939e-16,0.9999999999999767
0,mean,True,83,1.3250869757607977e-08,4.60260902616652e-16,0.9999999999999771
0,mean,True,84,1.3018738580849328e-08,4.442762800895078e-16,0.9999999999999776
0,mean,True,85,1.2960793938689596e-08,4.403302541899851e-16,0.999999999999978
0,mean,True,86,1.2699186786261301e-08,4.227339584089522e-16,0.9999999999999785
0,mean,True,87,1.2393469219675576e-08,4.0262533498273607e-16,0.9999999999999789
0,mean,True,88,1.237746954292446e-08,4.015864463644055e-16,0.9999999999999792
0,mean,True,89,1.2258945392916143e-08,3.939322486951146e-16,0.9999999999999797
0,mean,True,90,1.2099849580148199e-08,3.837737421726502e-16,0.99999999999998
0,mean,True,91,1.199948760283296e-08,3.774337368659997e-16,0.9999999999999805
0,mean,True,92,1.1967828824007715e-08,3.754447638891985e-16,0.9999999999999809
0,mean,True,93,1.1844875053432977e-08,3.677699849145743e-16,0.9999999999999813
0,mean,True,94,1.172758214618738e-08,3.605224232200632e-16,0.9999999999999817
0,mean,True,95,1.1629637655940647e-08,3.545256659251257e-16,0.9999999999999819
0,mean,True,96,1.1530451227672419e-08,3.485041229886726e-16,0.9999999999999823
0,mean,True,97,1.1431810373678283e-08,3.425668530021421e-16,0.9999999999999827
0,mean,True,98,1.1403507506959452e-08,3.4087269932790605e-16,0.999999999999983
0,mean,True,99,1.1362189740239555e-08,3.3840703978356926e-16,0.9999999999999832
0,mean,True,100,1.1249930904922778e-08,3.3175312644581657e-16,0.9999999999999836
0,mean,True,101,1.1214894570837302e-08,3.296899469074392e-16,0.9999999999999839
0,mean,True,102,1.1152732066941862e-08,3.2604523069627384e-16,0.9999999999999841
0,mean,True,103,1.1077378262017951e-08,3.216542440250925e-16,0.9999999999999845
0,mean,True,104,1.1064810634041646e-08,3.209248046850311e-16,0.9999999999999849
0,mean,True,105,1.0962395134276605e-08,3.150113617315352e-16,0.9999999999999851
0,mean,True,106,1.0937348721192714e-08,3.1357355706630176e-16,0.9999999999999855
0,mean,True,107,1.0901130401331754e-08,3.115002386566796e-16,0.9999999999999858
0,mean,True,108,1.0859431986499908e-08,3.091217286934936e-16,0.999999999999986
0,mean,True,109,1.0819849372035765e-08,3.06872339148377e-16,0.9999999999999863
0,mean,True,110,1.0776049764945364e-08,3.043928807878919e-16,0.9999999999999866
0,mean,True,111,1.0741583400758939e-08,3.0244884038699285e-16,0.9999999999999869
0,mean,True,112,1.0678237147547641e-08,2.98892100751253e-16,0.9999999999999875
0,mean,True,113,1.0601753765261156e-08,2.946257767182839e-16,0.9999999999999878
0,mean,True,114,1.0553008274875317e-08,2.919227029219457e-16,0.9999999999999881
0,mean,True,115,1.052312621736264e-08,2.9027181810759117e-16,0.9999999999999883
0,mean,True,116,1.049755066097656e-08,2.8886257116586355e-16,0.9999999999999887
0,mean,True,117,1.0454494866877765e-08,2.8649788589185883e-16,0.9999999999999889
0,mean,True,118,1.0412450605846483e-08,2.841981343479251e-16,0.9999999999999892
0,mean,True,119,1.0394714030313519e-08,2.832307523742698e-16,0.9999999999999896
0,mean,True,120,1.035005698174991e-08,2.808023873107998e-16,0.9999999999999898
0,mean,True,121,1.0269231145531998e-08,2.764338184277097e-16,0.9999999999999901
0,mean,True,122,1.0229735174396664e-08,2.7431155117471455e-16,0.9999999999999903
0,mean,True,123,1.0213630288414266e-08,2.734485222307495e-16,0.9999999999999907
0,mean,True,124,1.017657624168726e-08,2.714680325506774e-16,0.999999999999991
0,mean,True,125,1.0120382050165912e-08,2.684782630946549e-16,0.9999999999999912
0,mean,True,126,1.0056273368458381e-08,2.6508762577655563e-16,0.9999999999999916
0,mean,True,127,1.0022366893243703e-08,2.6330306124330977e-16,0.9999999999999919
0,mean,True,128,9.977366344679613e-09,2.609439016290585e-16,0.9999999999999919
0,mean,True,129,9.927658996303916e-09,2.5835032761950433e-16,0.999999999999992
0,mean,True,130,9.884062831308394e-09,2.560862786125491e-16,0.9999999999999923
0,mean,True,131,9.805989029145396e-09,2.520566269666148e-16,0.9999999999999926
0,mean,True,132,9.791176169949903e-09,2.5129569213824037e-16,0.9999999999999927
0,mean,True,133,9.755403656771068e-09,2.494628057584592e-16,0.999999999999993
0,mean,True,134,9.672792402050055e-09,2.452556653141494e-16,0.9999999999999933
0,mean,True,135,9.659003060580961e-09,2.4455690049405376e-16,0.9999999999999934
0,mean,True,136,9.580468855820741e-09,2.405962427771677e-16,0.9999999999999938
0,mean,True,137,9.550223166973692e-09,2.390795085950287e-16,0.999999999999994
0,mean,True,138,9.517285511933247e-09,2.3743323526068047e-16,0.9999999999999942
0,mean,True,139,9.471117108025138e-09,2.3513524276231117e-16,0.9999999999999944
0,mean,True,140,9.4385716219573e-09,2.3352203443063656e-16,0.9999999999999948
0,mean,True,141,9.399768396171266e-09,2.3160590087530407e-16,0.9999999999999949
0,mean,True,142,9.349507242502121e-09,2.2913570005887283e-16,0.9999999999999952
0,mean,True,143,9.316469547955847e-09,2.2751919983465845e-16,0.9999999999999953
0,mean,True,144,9.28702954902158e-09,2.2608355259046343e-16,0.9999999999999957
0,mean,True,145,9.237513656945438e-09,2.236791486589453e-16,0.9999999999999959
0,mean,True,146,9.165039182329562e-09,2.2018309199300745e-16,0.9999999999999961
0,mean,True,147,9.126860304046402e-09,2.183524758623759e-16,0.9999999999999963
0,mean,True,148,9.080687474472735e-09,2.1614877185040615e-16,0.9999999999999966
0,mean,True,149,9.045373787571414e-09,2.1447088828669467e-16,0.9999999999999968
0,mean,True,150,9.015242055738018e-09,2.130443876727621e-16,0.9999999999999969
0,mean,True,151,8.97103307744059e-09,2.1096005505543192e-16,0.9999999999999972
0,mean,True,152,8.886103822578496e-09,2.0698462189462441e-16,0.9999999999999973
0,mean,True,153,8.831483456221453e-09,2.0444789038329357e-16,0.9999999999999976
0,mean,True,154,8.764440498696572e-09,2.0135559796939907e-16,0.9999999999999978
0,mean,True,155,8.759772027789676e-09,2.0114114676861221e-16,0.999999999999998
0,mean,True,156,8.626938514749622e-09,1.950871749262336e-16,0.9999999999999982
0,mean,True,157,8.577938454130436e-09,1.9287732132807002e-16,0.9999999999999984
0,mean,True,158,8.488646123427266e-09,1.888826956394618e-16,0.9999999999999986
0,mean,True,159,8.262094861618694e-09,1.7893515269354852e-16,0.9999999999999987
0,mean,True,160,8.152876772629736e-09,1.7423567033025202e-16,0.999999999999999
0,mean,True,161,8.131254439116774e-09,1.733127112026969e-16,0.9999999999999991
0,mean,True,162,8.091442140675394e-09,1.71619716455678e-16,0.9999999999999992
0,mean,True,163,7.920612621135011e-09,1.6444961500943735e-16,0.9999999999999994
0,mean,True,164,7.818563740567275e-09,1.6023938753468757e-16,0.9999999999999996
0,mean,True,165,7.685218627455039e-09,1.548202511433054e-16,0.9999999999999997
0,mean,True,166,7.575799864502742e-09,1.5044310917003497e-16,0.9999999999999999
0,mean,True,167,6.466239178338695e-09,1.0960209191233507e-16,1.0
0,mean,True,168,9.379111311309187e-17,2.3058905758374466e-32,1.0
5,last,False,1,92.18008583598528,0.763779122205788,0.763779122205788
5,last,False,2,19.16784139556283,0.03302478361691139,0.7968039058226996
5,last,False,3,15.172026101761757,0.020690964177297818,0.8174948699999973
5,last,False,4,12.405712763912168,0.013833657194393233,0.8313285271943905
5,last,False,5,11.481158179376324,0.011848543497015706,0.8431770706914063
5,last,False,6,11.382442805976616,0.011645671085667055,0.8548227417770734
5,last,False,7,10.694237065651253,0.010280001563582762,0.8651027433406562
5,last,False,8,9.853379299619407,0.008726979754136109,0.8738297230947922
5,last,False,9,9.49959676205797,0.008111551092158128,0.8819412741869505
5,last,False,10,8.738877795988302,0.006864436610766227,0.8888057107977168
5,last,False,11,8.279346231538916,0.0061614886902270904,0.8949671994879438
5,last,False,12,8.147053600886153,0.005966157494474938,0.9009333569824187
5,last,False,13,7.95690360691646,0.005690910560324902,0.9066242675427435
5,last,False,14,7.266253336385,0.004745856880564893,0.9113701244233084
5,last,False,15,6.97956440031919,0.00437875054221556,0.915748874965524
5,last,False,16,6.81784800987341,0.004178190112547844,0.9199270650780718
5,last,False,17,6.67943388045618,0.004010263197341083,0.9239373282754129
5,last,False,18,6.440883428086231,0.0037289318350061974,0.9276662601104191
5,last,False,19,6.106870271234271,0.0033522079762961445,0.9310184680867153
5,last,False,20,6.01301942896238,0.0032499657238887376,0.9342684338106041
5,last,False,21,5.744879713704236,0.0029665757763197376,0.9372350095869239
5,last,False,22,5.48430202870857,0.0027035617566173414,0.9399385713435412
5,last,False,23,5.028700708278529,0.002273029874231191,0.9422116012177724
5,last,False,24,4.9092167361414445,0.0021662969021302055,0.9443778981199026
5,last,False,25,4.788581201554129,0.002061138991036939,0.9464390371109395
5,last,False,26,4.758039949009194,0.0020349312192140786,0.9484739683301536
5,last,False,27,4.591173645633391,0.001894702394748652,0.9503686707249022
5,last,False,28,4.416065879164358,0.0017529303226722648,0.9521216010475745
5,last,False,29,4.3838011033954905,0.0017274092852035984,0.9538490103327781
5,last,False,30,4.289566743865624,0.0016539425711946715,0.9555029529039728
5,last,False,31,4.188897356014775,0.0015772226443957708,0.9570801755483684
5,last,False,32,4.031717874848343,0.0014610794574891985,0.9585412550058576
5,last,False,33,3.9914022482149334,0.0014320050899971455,0.9599732600958547
5,last,False,34,3.8789697369253693,0.0013524659782072177,0.961325726074062
5,last,False,35,3.8352780333878,0.0013221699198788846,0.9626478959939408
5,last,False,36,3.6560651170173277,0.0012014934590994467,0.9638493894530403
5,last,False,37,3.633845172397954,0.0011869335480258994,0.9650363230010662
5,last,False,38,3.510129942670586,0.0011074903597222336,0.9661438133607884
5,last,False,39,3.457835460712841,0.001074737033012756,0.9672185503938011
5,last,False,40,3.378473524700867,0.0010259698686323855,0.9682445202624336
5,last,False,41,3.335576191345377,0.0010000812775945735,0.9692446015400282
5,last,False,42,3.3122157492558535,0.0009861223503876992,0.9702307238904159
5,last,False,43,3.2775291723991207,0.0009655765240526395,0.9711963004144685
5,last,False,44,3.1682943419861505,0.0009022868126045391,0.9720985872270731
5,last,False,45,3.125838221227431,0.0008782669918694047,0.9729768542189424
5,last,False,46,3.0815742026984734,0.0008535693774253526,0.9738304235963677
5,last,False,47,2.9865410772232095,0.0008017344610899359,0.9746321580574577
5,last,False,48,2.9671957528899537,0.0007913816279226961,0.9754235396853803
5,last,False,49,2.913914209683323,0.0007632153369739345,0.9761867550223543
5,last,False,50,2.8311510394362047,0.0007204762096765488,0.9769072312320307
5,last,False,51,2.8164280807101325,0.0007130022459638859,0.9776202334779946
5,last,False,52,2.7433133931793354,0.0006764635711549048,0.9782966970491496
5,last,False,53,2.7355003064803087,0.0006726158575137853,0.9789693129066633
5,last,False,54,2.6491794825199513,0.0006308358007393299,0.9796001487074026
5,last,False,55,2.6320980278065655,0.0006227269854288118,0.9802228756928314
5,last,False,56,2.5697703629373603,0.0005935840172028824,0.9808164597100345
5,last,False,57,2.5303788669485394,0.0005755256315032515,0.9813919853415377
5,last,False,58,2.5241366248196146,0.0005726895826424483,0.9819646749241802
5,last,False,59,2.4729086661027435,0.0005496797265245365,0.9825143546507048
5,last,False,60,2.4136281373325654,0.0005236417752900607,0.9830379964259949
5,last,False,61,2.408963728787417,0.0005216198241439817,0.9835596162501388
5,last,False,62,2.349729320417294,0.0004962828170004393,0.9840558990671393
5,last,False,63,2.3238034850281606,0.000485391720121858,0.984541290787261
5,last,False,64,2.2585034449788424,0.0004584955037664164,0.9849997862910274
5,last,False,65,2.2396836291869238,0.0004508861732578653,0.9854506724642852
5,last,False,66,2.190984250732804,0.0004314913341312011,0.9858821637984163
5,last,False,67,2.1751477911509647,0.0004252762282922836,0.9863074400267086
5,last,False,68,2.1467422874749977,0.0004142412933298368,0.9867216813200383
5,last,False,69,2.0893105496574456,0.00039237340272377816,0.9871140547227621
5,last,False,70,2.072304475656936,0.0003860119026898898,0.987500066625452
5,last,False,71,2.0352670505151065,0.0003723371497792849,0.9878724037752312
5,last,False,72,2.016998858321037,0.0003656830842359168,0.9882380868594675
5,last,False,73,1.9796534447275074,0.0003522669557905698,0.9885903538152581
5,last,False,74,1.932568516250879,0.0003357092954969952,0.988926063110755
5,last,False,75,1.9259204864242017,0.00033340359022558403,0.9892594667009806
5,last,False,76,1.9157749489996174,0.0003299001754663006,0.9895893668764469
5,last,False,77,1.8833207502452185,0.0003188174980723412,0.9899081843745192
5,last,False,78,1.8636765215530084,0.00031220124780220363,0.9902203856223214
5,last,False,79,1.825354479472552,0.0002994939117643793,0.9905198795340858
5,last,False,80,1.8132390137251337,0.00029553143052453163,0.9908154109646105
5,last,False,81,1.7742629966480934,0.0002829629384260237,0.9910983739030366
5,last,False,82,1.7562599799303884,0.00027724975860718665,0.9913756236616437
5,last,False,83,1.7347591363222823,0.0002705029048964377,0.99164612656654
5,last,False,84,1.7257888407788107,0.0002677126415569307,0.991913839208097
5,last,False,85,1.693894663676987,0.00025790892195641545,0.9921717481300534
5,last,False,86,1.669601859258948,0.0002505644224976413,0.992422312552551
5,last,False,87,1.6222769258585648,0.00023656121858591612,0.9926588737711368
5,last,False,88,1.6169001251359543,0.0002349957217504378,0.9928938694928873
5,last,False,89,1.580300112219329,0.00022447744383461346,0.9931183469367219
5,last,False,90,1.5535836220427022,0.00021695158877928764,0.9933352985255011
5,last,False,91,1.5373999893430732,0.00021245517487556654,0.9935477537003766
5,last,False,92,1.5107002510687426,0.00020513991404470797,0.9937528936144213
5,last,False,93,1.498944088121485,0.0002019595682713444,0.9939548531826927
5,last,False,94,1.4828775966069068,0.0001976533475723427,0.994152506530265
5,last,False,95,1.4642978528878565,0.0001927313740120567,0.9943452379042771
5,last,False,96,1.4467586609945207,0.0001881419965049187,0.9945333799007822
5,last,False,97,1.4242930441496218,0.00018234433403444691,0.9947157242348167
5,last,False,98,1.386287971777678,0.00017274300752626834,0.9948884672423428
5,last,False,99,1.3751364552898155,0.00016997504211080125,0.9950584422844536
5,last,False,100,1.3501159197481607,0.00016384593946920325,0.9952222882239229
5,last,False,101,1.342864597065454,0.00016209066914904134,0.995384378893072
5,last,False,102,1.3318957241640004,0.0001594534850850724,0.995543832378157
5,last,False,103,1.3027863815543481,0.0001525597564170546,0.9956963921345741
5,last,False,104,1.2932136953744275,0.0001503260191538895,0.9958467181537282
5,last,False,105,1.2748862651178694,0.00014609536946265752,0.9959928135231908
5,last,False,106,1.258208511285428,0.00014229800252321095,0.9961351115257141
5,last,False,107,1.242482113847143,0.00013876305655975205,0.9962738745822738
5,last,False,108,1.2310077040897622,0.00013621191799387575,0.9964100865002677
5,last,False,109,1.1975473715133602,0.00012890773278759126,0.9965389942330554
5,last,False,110,1.1838411924530108,0.00012597386707694525,0.9966649681001323
5,last,False,111,1.16461881806209,0.0001219161312682773,0.9967868842314005
5,last,False,112,1.1493405304748494,0.00011873835020963676,0.9969056225816102
5,last,False,113,1.1200443554843926,0.00011276232190686903,0.997018384903517
5,last,False,114,1.1047962043388257,0.000109712955244854,0.9971280978587619
5,last,False,115,1.0904608016297017,0.00010688424257354158,0.9972349821013354
5,last,False,116,1.0788862212845851,0.00010462726184658032,0.997339609363182
5,last,False,117,1.074723474312705,0.00010382143714180647,0.9974434308003238
5,last,False,118,1.066318220984607,0.00010220384324862839,0.9975456346435724
5,last,False,119,1.0526519145475202,9.960087088633677e-05,0.9976452355144586
5,last,False,120,1.037226117285084,9.670311279952714e-05,0.9977419386272584
5,last,False,121,1.0197436094652235,9.347071205846933e-05,0.9978354093393168
5,last,False,122,1.007741583942744,9.128342489776961e-05,0.9979266927642145
5,last,False,123,0.9861097260079735,8.74065645557241e-05,0.9980140993287703
5,last,False,124,0.9696916616819913,8.45202725315155e-05,0.9980986196013018
5,last,False,125,0.9466096191993725,8.054440787231805e-05,0.9981791640091742
5,last,False,126,0.944407315349922,8.017006788403523e-05,0.9982593340770581
5,last,False,127,0.9349422730959239,7.857115906953859e-05,0.9983379052361276
5,last,False,128,0.9178244136832243,7.572037872968874e-05,0.9984136256148571
5,last,False,129,0.9107613652674492,7.455946195229064e-05,0.9984881850768094
5,last,False,130,0.8976525420074225,7.242860099162436e-05,0.9985606136778011
5,last,False,131,0.8820307916020572,6.992960249736876e-05,0.9986305432802984
5,last,False,132,0.8588707157944592,6.630543931275949e-05,0.9986968487196113
5,last,False,133,0.8547768683404489,6.56748498123128e-05,0.9987625235694235
5,last,False,134,0.8365154618965964,6.289867718058143e-05,0.998825422246604
5,last,False,135,0.8199831152275207,6.0437067806442126e-05,0.9988858593144104
5,last,False,136,0.8055184268607408,5.8323627266738494e-05,0.9989441829416772
5,last,False,137,0.7877593382404409,5.578027956778166e-05,0.998999963221245
5,last,False,138,0.7712433172726766,5.346583999196571e-05,0.999053429061237
5,last,False,139,0.760043287451408,5.1924248769332316e-05,0.9991053533100064
5,last,False,140,0.7546101583873391,5.118454664580157e-05,0.9991565378566521
5,last,False,141,0.7458945604639653,5.0009031798828715e-05,0.9992065468884509
5,last,False,142,0.7339605077668379,4.842157943502711e-05,0.9992549684678859
5,last,False,143,0.719155102672972,4.6487768420879685e-05,0.999301456236307
5,last,False,144,0.7068448893992582,4.490987136204002e-05,0.9993463661076689
5,last,False,145,0.6966030796025245,4.361785923814156e-05,0.999389983966907
5,last,False,146,0.6873377616954791,4.246527834032618e-05,0.9994324492452474
5,last,False,147,0.6812724196334153,4.1719124065720816e-05,0.9994741683693131
5,last,False,148,0.6593098078347827,3.907262948392002e-05,0.9995132409987971
5,last,False,149,0.656718952655868,3.8766149522163044e-05,0.9995520071483193
5,last,False,150,0.6239827627553437,3.499763937482878e-05,0.999587004787694
5,last,False,151,0.6217678748891652,3.474962524247236e-05,0.9996217544129364
5,last,False,152,0.6174823960168321,3.427225873268513e-05,0.9996560266716691
5,last,False,153,0.6005150801190663,3.2414654891529716e-05,0.9996884413265607
5,last,False,154,0.565775830446919,2.877281464235674e-05,0.9997172141412032
5,last,False,155,0.5613443058452287,2.8323845038169718e-05,0.9997455379862412
5,last,False,156,0.5572524003568944,2.7912418125521663e-05,0.9997734504043668
5,last,False,157,0.5335726166357027,2.5590609675811166e-05,0.9997990410140426
5,last,False,158,0.5218459159908978,2.4478124785567674e-05,0.9998235191388282
5,last,False,159,0.5088381281678677,2.32730262364182e-05,0.9998467921650644
5,last,False,160,0.503342742911278,2.2773049455392842e-05,0.9998695652145199
5,last,False,161,0.49120401383952045,2.1687893919525934e-05,0.9998912531084395
5,last,False,162,0.47378688193463697,2.017714106563977e-05,0.9999114302495051
5,last,False,163,0.45018557956783,1.8216994424098794e-05,0.9999296472439292
5,last,False,164,0.44378959393064576,1.770303775661534e-05,0.9999473502816859
5,last,False,165,0.4246047076910543,1.6205527658251102e-05,0.9999635558093442
5,last,False,166,0.39694964132852495,1.416329804020067e-05,0.9999777191073843
5,last,False,167,0.3770396404286478,1.2778138515504172e-05,0.9999904972458998
5,last,False,168,0.325145660716089,9.502754100141345e-06,1.0
5,last,True,1,19.85167512982633,0.14170342843662273,0.14170342843662273
5,last,True,2,15.490249144494474,0.08627855145546987,0.2279819798920926
5,last,True,3,14.66812225559611,0.07736331683290223,0.30534529672499483
5,last,True,4,12.400433474850816,0.05529167832133755,0.36063697504633235
5,last,True,5,11.481128386818328,0.04739747279235643,0.40803444783868886
5,last,True,6,11.334081644567695,0.04619114337780444,0.4542255912164933
5,last,True,7,9.917332280801036,0.03536517147226006,0.4895907626887534
5,last,True,8,9.5386963119693,0.032716292579932214,0.5223070552686855
5,last,True,9,8.805802308598569,0.0278819986352445,0.55018905390393
5,last,True,10,8.49801365878451,0.02596694682859856,0.5761560007325286
5,last,True,11,8.279225218376295,0.024647077612564874,0.6008030783450935
5,last,True,12,7.956983368765886,0.022765801232673223,0.6235688795777666
5,last,True,13,7.301094141690809,0.019167343933351837,0.6427362235111185
5,last,True,14,6.980633917743167,0.01752168083704233,0.6602579043481608
5,last,True,15,6.8370942660725875,0.016808508363548472,0.6770664127117092
5,last,True,16,6.679869254545519,0.01604434393781719,0.6931107566495266
5,last,True,17,6.461754249338171,0.015013671638858183,0.7081244282883847
5,last,True,18,6.2746948471314505,0.014157000875624898,0.7222814291640097
5,last,True,19,6.016698667176316,0.01301674993891375,0.7352981791029234
5,last,True,20,5.7601295136036095,0.01193027723581232,0.7472284563387358
5,last,True,21,5.49243368124305,0.010847150915128487,0.7580756072538642
5,last,True,22,5.029595220670472,0.009096034698708184,0.7671716419525725
5,last,True,23,4.966895070557832,0.008870661552131204,0.7760423035047036
5,last,True,24,4.8951620226921495,0.008616287484078219,0.7846585909887817
5,last,True,25,4.772669889784891,0.0081904701594172,0.792849061148199
5,last,True,26,4.5924264163107305,0.0075835132845092695,0.8004325744327083
5,last,True,27,4.450660197801508,0.007122540288835974,0.8075551147215442
5,last,True,28,4.383812243612948,0.006910189059236737,0.8144653037807809
5,last,True,29,4.290302664504149,0.00661853547879546,0.8210838392595763
5,last,True,30,4.189131810427302,0.006310068738667889,0.8273939079982441
5,last,True,31,4.032168659088615,0.00584606201956455,0.8332399700178087
5,last,True,32,3.9921051952537696,0.005730466693017838,0.8389704367108267
5,last,True,33,3.8977815121782853,0.0054628719627717185,0.8444333086735984
5,last,True,34,3.8372821016970082,0.005294604141465105,0.8497279128150635
5,last,True,35,3.6603753906363194,0.004817672710314059,0.8545455855253775
5,last,True,36,3.6393350295744504,0.004762446548725391,0.859308032074103
5,last,True,37,3.5399581049619724,0.0045059076193824125,0.8638139396934854
5,last,True,38,3.479660947375887,0.004353714007796725,0.8681676537012822
5,last,True,39,3.407344856716732,0.004174632217006948,0.8723422859182892
5,last,True,40,3.364518201043844,0.004070350453255647,0.8764126363715448
5,last,True,41,3.3150253192221233,0.003951479549358145,0.8803641159209028
5,last,True,42,3.29338866901458,0.003900066506881729,0.8842641824277847
5,last,True,43,3.1741020585893205,0.003622661974880236,0.8878868444026649
5,last,True,44,3.1404843553520223,0.003546331319893473,0.8914331757225583
5,last,True,45,3.094240560849097,0.0034426604367200735,0.8948758361592785
5,last,True,46,2.986867076165998,0.003207877907099605,0.8980837140663782
5,last,True,47,2.967197087813546,0.0031657661219050416,0.9012494801882832
5,last,True,48,2.921258389529602,0.0030684989878615424,0.9043179791761445
5,last,True,49,2.8319366128533114,0.0028837200414336883,0.9072016992175782
5,last,True,50,2.8173486834974337,0.002854087206740077,0.9100557864243183
5,last,True,51,2.7582360979585396,0.0027355768191320877,0.9127913632434503
5,last,True,52,2.735594969052587,0.0026908508852610848,0.9154822141287114
5,last,True,53,2.6494217593400258,0.002523993526259163,0.9180062076549707
5,last,True,54,2.6328686998214654,0.002492553232590722,0.9204987608875614
5,last,True,55,2.570469621125068,0.002375806084278747,0.9228745669718401
5,last,True,56,2.5468431420062285,0.002332332343941077,0.925206899315781
5,last,True,57,2.5299753667132023,0.002301540515101757,0.9275084398308828
5,last,True,58,2.4743221467931718,0.0022013977781590826,0.9297098376090419
5,last,True,59,2.440215939175217,0.0021411276415877973,0.9318509652506298
5,last,True,60,2.4099626537595333,0.00208836624118474,0.9339393314918144
5,last,True,61,2.3636106737996023,0.0020088056635860097,0.9359481371554005
5,last,True,62,2.332816589445059,0.0019568035572882915,0.9379049407126887
5,last,True,63,2.2585239839903135,0.0018341525449211322,0.9397390932576098
5,last,True,64,2.246874303604172,0.0018152798795655635,0.9415543731371755
5,last,True,65,2.2052048436466305,0.0017485735895202321,0.9433029467266958
5,last,True,66,2.1764348913515303,0.0017032460811065929,0.9450061928078023
5,last,True,67,2.1472645866569615,0.001657895536692416,0.9466640883444947
5,last,True,68,2.1082603772774973,0.0015982125345409938,0.9482623008790356
5,last,True,69,2.0764869745264183,0.0015504025052165812,0.9498127033842522
5,last,True,70,2.048081356993208,0.0015082747054843634,0.9513209780897366
5,last,True,71,2.017168468681673,0.0014630877726382711,0.9527840658623747
5,last,True,72,1.9940552734296106,0.0014297510490330347,0.9542138169114078
5,last,True,73,1.9327353637572373,0.001343169511799868,0.9555569864232076
5,last,True,74,1.9260361980244505,0.0013338743740466772,0.9568908607972544
5,last,True,75,1.9181495711219652,0.0013229729884472272,0.9582138337857015
5,last,True,76,1.8860082711549742,0.001279007894505782,0.9594928416802073
5,last,True,77,1.8637208420316371,0.0012489577953870355,0.9607417994755943
5,last,True,78,1.8341301433472412,0.0012096126943510472,0.9619514121699453
5,last,True,79,1.825257625501218,0.001197938112005157,0.9631493502819505
5,last,True,80,1.7749625394162643,0.0011328291674999338,0.9642821794494506
5,last,True,81,1.7565782879274594,0.00110948404147083,0.9653916634909215
5,last,True,82,1.7484521837301277,0.0010992426203646764,0.9664909061112862
5,last,True,83,1.72579751887527,0.0010709414295269285,0.9675618475408131
5,last,True,84,1.6940080538573554,0.001031850979160643,0.9685936985199738
5,last,True,85,1.6734434686511368,0.0010069505205707089,0.9696006490405444
5,last,True,86,1.6261420893988132,0.0009508303170178274,0.9705514793575624
5,last,True,87,1.6171673392241142,0.000940363929947553,0.9714918432875099
5,last,True,88,1.584108185133965,0.0009023098847182273,0.9723941531722281
5,last,True,89,1.559222083109688,0.0008741822683014347,0.9732683354405296
5,last,True,90,1.5379522146480378,0.0008504949176137813,0.9741188303581434
5,last,True,91,1.513620931504561,0.0008237971569052285,0.9749426275150486
5,last,True,92,1.5040656309494242,0.0008134289293537625,0.9757560564444023
5,last,True,93,1.4892443702586327,0.000797476645018385,0.9765535330894207
5,last,True,94,1.4675982330163604,0.0007744625101521386,0.9773279955995728
5,last,True,95,1.4471520230001962,0.0007530335939966551,0.9780810291935694
5,last,True,96,1.4257230052860397,0.0007308972937233191,0.9788119264872929
5,last,True,97,1.386778328685716,0.0006915126539181931,0.9795034391412111
5,last,True,98,1.3778854088356876,0.0006826722372777837,0.9801861113784889
5,last,True,99,1.351303859777261,0.0006565866883504888,0.9808426980668394
5,last,True,100,1.3429900283066614,0.0006485323063804028,0.98149123037322
5,last,True,101,1.3343455024743862,0.0006402102622004555,0.9821314406354205
5,last,True,102,1.304441546196531,0.0006118363623171706,0.9827432769977377
5,last,True,103,1.2935918325767635,0.0006017007721718547,0.9833449777699095
5,last,True,104,1.2778458540558861,0.0005871417670663458,0.9839321195369757
5,last,True,105,1.262385752341235,0.0005730205639028076,0.9845051401008785
5,last,True,106,1.2427679645676613,0.0005553491845293256,0.9850604892854079
5,last,True,107,1.231176299247811,0.0005450376860130925,0.9856055269714209
5,last,True,108,1.1979751458122112,0.0005160379661620638,0.9861215649375831
5,last,True,109,1.1858427329661558,0.0005056386138410045,0.986627203551424
5,last,True,110,1.165747226762811,0.0004886465321688328,0.9871158500835928
5,last,True,111,1.1494361665204396,0.00047506797486554134,0.9875909180584582
5,last,True,112,1.1223857716381316,0.0004529709432294826,0.9880438890016878
5,last,True,113,1.1048100106790473,0.00043889561368117924,0.988482784615369
5,last,True,114,1.0922805354140077,0.00042899717088670016,0.9889117817862557
5,last,True,115,1.0806264278013349,0.0004198916206513459,0.989331673406907
5,last,True,116,1.0750025362510902,0.00041553251909943795,0.9897472059260065
5,last,True,117,1.0672613195559906,0.0004095694722136807,0.9901567753982201
5,last,True,118,1.0527400935501907,0.000398500036708546,0.9905552754349287
5,last,True,119,1.0377179869759976,0.0003872083624542722,0.990942483797383
5,last,True,120,1.0215015452395606,0.000375201093072592,0.9913176848904555
5,last,True,121,1.0090876395491193,0.00036613716293373367,0.9916838220533891
5,last,True,122,0.9863495307888273,0.00034982248757202525,0.9920336445409611
5,last,True,123,0.9709975944057425,0.00033901767958387366,0.992372662220545
5,last,True,124,0.9527032250648197,0.00032636329550539585,0.9926990255160505
5,last,True,125,0.9465975319961272,0.0003221935000748196,0.9930212190161253
5,last,True,126,0.934945124899981,0.0003143100602518416,0.9933355290763771
5,last,True,127,0.921724167094619,0.0003054836621290877,0.9936410127385061
5,last,True,128,0.9111137140942601,0.0002984909762861174,0.9939395037147922
5,last,True,129,0.8977494929503084,0.00028979866205830414,0.9942293023768505
5,last,True,130,0.8834440921472597,0.0002806365164041254,0.9945099388932547
5,last,True,131,0.8607677258165441,0.0002664145801369655,0.9947763534733916
5,last,True,132,0.8559844701182228,0.00026346189425023966,0.9950398153676419
5,last,True,133,0.8365426513323065,0.0002516298832011413,0.9952914452508429
5,last,True,134,0.820296115315063,0.00024195095954376164,0.9955333962103868
5,last,True,135,0.8055373256109218,0.00023332290591700352,0.9957667191163038
5,last,True,136,0.7877969349072412,0.00022315910583801975,0.9959898782221419
5,last,True,137,0.7724862822383554,0.00021456930329660822,0.9962044475254385
5,last,True,138,0.7603411310698758,0.00020787535701861646,0.9964123228824571
5,last,True,139,0.7554903849953116,0.0002052314540508658,0.996617554336508
5,last,True,140,0.749290372762472,0.0002018767685277344,0.9968194311050356
5,last,True,141,0.7343625255526937,0.0001939130568228883,0.9970133441618585
5,last,True,142,0.7191689732424996,0.00018597215526624348,0.9971993163171247
5,last,True,143,0.7068818027568082,0.00017967168578028687,0.9973789880029051
5,last,True,144,0.6966038730362901,0.00017448488380839046,0.9975534728867133
5,last,True,145,0.6873716991490321,0.00016989059344485306,0.9977233634801582
5,last,True,146,0.682158780512832,0.00016732351767383805,0.997890686997832
5,last,True,147,0.6595106050352397,0.00015639742775235525,0.9980470844255843
5,last,True,148,0.657396409708473,0.00015539630747346344,0.9982024807330577
5,last,True,149,0.6242880401348044,0.0001401380496619391,0.9983426187827198
5,last,True,150,0.6217857087758277,0.0001390168715663581,0.9984816356542862
5,last,True,151,0.6177429594818832,0.00013721501828602197,0.9986188506725721
5,last,True,152,0.6056650064530344,0.00013190188538492523,0.9987507525579571
5,last,True,153,0.56591407323181,0.00011515612100959249,0.9988659086789666
5,last,True,154,0.5614936365506595,0.00011336414490761457,0.9989792728238743
5,last,True,155,0.5573522823308245,0.00011169805398019159,0.9990909708778545
5,last,True,156,0.536145145795014,0.00010335959421638505,0.9991943304720708
5,last,True,157,0.5242774131531662,9.883444659920587e-05,0.99929316491867
5,last,True,158,0.5088480450192682,9.310269654550245e-05,0.9993862676152157
5,last,True,159,0.5039267471115231,9.131052912575983e-05,0.9994775781443413
5,last,True,160,0.4912768785176236,8.678380526245883e-05,0.9995643619496039
5,last,True,161,0.47383006568757696,8.072931504888523e-05,0.9996450912646527
5,last,True,162,0.4507521952246561,7.30569841151345e-05,0.9997181482487678
5,last,True,163,0.4438176131395437,7.082638991282085e-05,0.9997889746386808
5,last,True,164,0.4252941706965132,6.50376587916899e-05,0.9998540122974724
5,last,True,165,0.3969784790441866,5.666566189788524e-05,0.9999106779593703
5,last,True,166,0.37718630323150304,5.11561517157752e-05,0.9999618341110861
5,last,True,167,0.32579519244816396,3.8165888913957644e-05,1.0
5,last,True,168,4.6749183970662974e-15,7.858399582901094e-33,1.0
5,mean,False,1,1924.6244169227969,0.999348901578084,0.999348901578084
5,mean,False,2,24.477484437483955,0.00016164367783715522,0.9995105452559211
5,mean,False,3,17.94478871102701,8.687640781795088e-05,0.9995974216637391
5,mean,False,4,15.193266693862288,6.227697073792097e-05,0.999659698634477
5,mean,False,5,13.724078650137539,5.081495596176066e-05,0.9997105135904388
5,mean,False,6,11.211926929526774,3.3914519974873035e-05,0.9997444281104138
5,mean,False,7,9.099517676017934,2.2338906117910344e-05,0.9997667670165317
5,mean,False,8,8.570245262033367,1.9815802194877957e-05,0.9997865828187265
5,mean,False,9,7.522886133212654,1.526842126059904e-05,0.9998018512399871
5,mean,False,10,7.3114869022439715,1.44223678977662e-05,0.9998162736078848
5,mean,False,11,6.754825387715692,1.2309868426254655e-05,0.9998285834763111
5,mean,False,12,6.420871008552519,1.112277232470045e-05,0.9998397062486357
5,mean,False,13,5.9206147183328826,9.45711691182227e-06,0.9998491633655475
5,mean,False,14,5.784061952479974,9.025910629602146e-06,0.9998581892761772
5,mean,False,15,5.6964112478076805,8.754429055830149e-06,0.9998669437052329
5,mean,False,16,5.38195497712995,7.814573453759932e-06,0.9998747582786867
5,mean,False,17,5.219267331728025,7.349270646792786e-06,0.9998821075493336
5,mean,False,18,4.921265145874731,6.533993315442145e-06,0.999888641542649
5,mean,False,19,4.851758088030028,6.350726854202167e-06,0.9998949922695032
5,mean,False,20,4.786791545047987,6.181789144281741e-06,0.9999011740586474
5,mean,False,21,4.500844091337892,5.465288541842938e-06,0.9999066393471893
5,mean,False,22,4.412928452054041,5.253865243759091e-06,0.999911893212433
5,mean,False,23,4.137103387443852,4.617616969150428e-06,0.9999165108294022
5,mean,False,24,4.000109578866691,4.316869639997601e-06,0.9999208276990422
5,mean,False,25,3.8305401888309794,3.958632659884857e-06,0.999924786331702
5,mean,False,26,3.588757655872622,3.4746688509858174e-06,0.999928261000553
5,mean,False,27,3.5576142542338833,3.414623855348599e-06,0.9999316756244083
5,mean,False,28,3.4520123798858933,3.2149175994020606e-06,0.9999348905420078
5,mean,False,29,3.329328328868627,2.99046283431465e-06,0.9999378810048422
5,mean,False,30,3.23829163266165,2.829157154556764e-06,0.9999407101619967
5,mean,False,31,3.205341246376614,2.7718753809908665e-06,0.9999434820373777
5,mean,False,32,3.1241718207485505,2.633267497932925e-06,0.9999461153048756
5,mean,False,33,2.928960336139008,2.3144731028088844e-06,0.9999484297779785
5,mean,False,34,2.7642487961479683,2.061481374428797e-06,0.999950491259353
5,mean,False,35,2.684669035392133,1.9444942556421816e-06,0.9999524357536086
5,mean,False,36,2.663808785570252,1.9143936758159797e-06,0.9999543501472844
5,mean,False,37,2.593296865966119,1.8143857545845304e-06,0.9999561645330389
5,mean,False,38,2.491923667119986,1.6753078624517273e-06,0.9999578398409014
5,mean,False,39,2.4389371957197157,1.604820233208938e-06,0.9999594446611345
5,mean,False,40,2.351989764336352,1.4924370152496583e-06,0.9999609370981499
5,mean,False,41,2.321676994957678,1.4542154458372262e-06,0.9999623913135958
5,mean,False,42,2.2004118393613563,1.3062704516928655e-06,0.9999636975840475
5,mean,False,43,2.14920911911994,1.2461849621419084e-06,0.9999649437690096
5,mean,False,44,2.127030624946344,1.2205979686489774e-06,0.9999661643669783
5,mean,False,45,2.1163995179221002,1.2084271244125712e-06,0.9999673727941027
5,mean,False,46,2.052013159613339,1.1360185950056175e-06,0.9999685088126977
5,mean,False,47,1.9961841061497945,1.0750442576826145e-06,0.9999695838569553
5,mean,False,48,1.970172575579464,1.0472097957062196e-06,0.9999706310667509
5,mean,False,49,1.96189187608314,1.0384253814226736e-06,0.9999716694921323
5,mean,False,50,1.8819940061660618,9.55568068683648e-07,0.999972625060201
5,mean,False,51,1.8557280774884979,9.29081547278036e-07,0.9999735541417483
5,mean,False,52,1.8261089501466687,8.996602392457566e-07,0.9999744538019876
5,mean,False,53,1.8086085516782002,8.824991932027532e-07,0.9999753363011807
5,mean,False,54,1.7607616042456844,8.364235951726973e-07,0.999976172724776
5,mean,False,55,1.7332517761181747,8.104915005337925e-07,0.9999769832162765
5,mean,False,56,1.693038812929326,7.733195434789928e-07,0.9999777565358201
5,mean,False,57,1.678095047649181,7.597282374200907e-07,0.9999785162640575
5,mean,False,58,1.6515074084194834,7.358447733450091e-07,0.9999792521088309
5,mean,False,59,1.6154258792771221,7.040430717716931e-07,0.9999799561519026
5,mean,False,60,1.59142796589216,6.832806597294684e-07,0.9999806394325624
5,mean,False,61,1.573695143698742,6.681382977673446e-07,0.9999813075708601
5,mean,False,62,1.5462883258235196,6.450689102747664e-07,0.9999819526397703
5,mean,False,63,1.523532181974594,6.26222145486323e-07,0.9999825788619158
5,mean,False,64,1.485819940956838,5.956038855931059e-07,0.9999831744658013
5,mean,False,65,1.4613822221781771,5.761728589579354e-07,0.9999837506386603
5,mean,False,66,1.4361340364265618,5.564358555885584e-07,0.999984307074516
5,mean,False,67,1.407900639522431,5.347726272310518e-07,0.9999848418471432
5,mean,False,68,1.4000383082860177,5.288164974210044e-07,0.9999853706636406
5,mean,False,69,1.3628682703698212,5.01109825535303e-07,0.9999858717734661
5,mean,False,70,1.3406107407181993,4.848758413011925e-07,0.9999863566493075
5,mean,False,71,1.3274396327142295,4.7539511753603903e-07,0.9999868320444251
5,mean,False,72,1.279791498266657,4.4187924025174495e-07,0.9999872739236653
5,mean,False,73,1.2758863141843777,4.391866344945089e-07,0.9999877131102999
5,mean,False,74,1.2458695348992106,4.187649159816238e-07,0.9999881318752158
5,mean,False,75,1.2329127853783206,4.1010009468905804e-07,0.9999885419753105
5,mean,False,76,1.2016445602736971,3.8956255595028553e-07,0.9999889315378664
5,mean,False,77,1.1801753319466903,3.7576664095234024e-07,0.9999893073045074
5,mean,False,78,1.1576888572963244,3.615837158564511e-07,0.9999896688882233
5,mean,False,79,1.132223257412803,3.458512106947883e-07,0.999990014739434
5,mean,False,80,1.103630044926573,3.2860350177763857e-07,0.9999903433429357
5,mean,False,81,1.102581902054421,3.2797963354152346e-07,0.9999906713225692
5,mean,False,82,1.0817167687241824,3.156837895918282e-07,0.9999909870063588
5,mean,False,83,1.042508007139798,2.9321349572304706e-07,0.9999912802198546
5,mean,False,84,1.034709593753208,2.888431740506027e-07,0.9999915690630287
5,mean,False,85,1.0303588647871396,2.8641923531095625e-07,0.9999918554822641
5,mean,False,86,1.0226082687692772,2.8212641950280837e-07,0.9999921376086836
5,mean,False,87,1.011251205218686,2.7589463888976566e-07,0.9999924135033225
5,mean,False,88,0.9870587220877065,2.628519105156509e-07,0.9999926763552327
5,mean,False,89,0.9805434264341382,2.593933404902911e-07,0.9999929357485733
5,mean,False,90,0.9740870669538949,2.5598865084420405e-07,0.9999931917372241
5,mean,False,91,0.9481746932682611,2.425503338412971e-07,0.9999934342875579
5,mean,False,92,0.9344558840418727,2.3558235726584174e-07,0.9999936698699152
5,mean,False,93,0.9212372449279204,2.2896448984180494e-07,0.999993898834405
5,mean,False,94,0.9191317177274367,2.2791906957860434e-07,0.9999941267534745
5,mean,False,95,0.899121513494301,2.1810314876255437e-07,0.9999943448566233
5,mean,False,96,0.8806109831533283,2.0921525716033022e-07,0.9999945540718806
5,mean,False,97,0.8788098736509217,2.0836031839336944e-07,0.999994762432199
5,mean,False,98,0.862971257906929,2.0091752503735473e-07,0.9999949633497242
5,mean,False,99,0.8347284781753883,1.8798171953379226e-07,0.9999951513314437
5,mean,False,100,0.8311763890741614,1.8638525525608803e-07,0.999995337716699
5,mean,False,101,0.8125883638644589,1.7814201280528754e-07,0.9999955158587118
5,mean,False,102,0.8103228066461605,1.771500510198243e-07,0.9999956930087629
5,mean,False,103,0.7957790761326773,1.7084811387862601e-07,0.9999958638568768
5,mean,False,104,0.778033540681455,1.6331339093172103e-07,0.9999960271702674
5,mean,False,105,0.7545125050764346,1.5358826736286026e-07,0.9999961807585348
5,mean,False,106,0.7461587751051038,1.5020613063186398e-07,0.9999963309646654
5,mean,False,107,0.7324823055831925,1.4475028684571669e-07,0.9999964757149523
5,mean,False,108,0.7299010547374438,1.4373189103262385e-07,0.9999966194468433
5,mean,False,109,0.7257869813784792,1.4211617326383392e-07,0.9999967615630165
5,mean,False,110,0.7046165938124734,1.3394635204929e-07,0.9999968955093685
5,mean,False,111,0.6863205849307411,1.2708058545709688e-07,0.9999970225899539
5,mean,False,112,0.6853039740669359,1.2670438860602502e-07,0.9999971492943427
5,mean,False,113,0.6555232826360867,1.1593148525493452e-07,0.999997265225828
5,mean,False,114,0.6451131928498216,1.1227860394168687e-07,0.999997377504432
5,mean,False,115,0.6355190080181097,1.089638014573374e-07,0.9999974864682334
5,mean,False,116,0.630622810406104,1.0729130021981568e-07,0.9999975937595336
5,mean,False,117,0.616080814870049,1.0240013440104143e-07,0.999997696159668
5,mean,False,118,0.6114876747491186,1.0087895448264344e-07,0.9999977970386225
5,mean,False,119,0.5959126665717304,9.580548871171537e-08,0.9999978928441112
5,mean,False,120,0.5871668627366442,9.301398101914452e-08,0.9999979858580922
5,mean,False,121,0.5770775529032324,8.984491870044822e-08,0.999998075703011
5,mean,False,122,0.5685273331264796,8.72022830328849e-08,0.9999981629052941
5,mean,False,123,0.5597026563453903,8.451618657516834e-08,0.9999982474214806
5,mean,False,124,0.544934722006214,8.011505203987297e-08,0.9999983275365326
5,mean,False,125,0.5374358204985009,7.792528068327451e-08,0.9999984054618133
5,mean,False,126,0.5343912468909027,7.70448881397546e-08,0.9999984825067015
5,mean,False,127,0.5266986840338387,7.484273050181836e-08,0.999998557349432
5,mean,False,128,0.5053054356377319,6.888633781457497e-08,0.9999986262357698
5,mean,False,129,0.5022389243833326,6.805278351449387e-08,0.999998694288553
5,mean,False,130,0.4969764462049823,6.663413577285528e-08,0.9999987609226888
5,mean,False,131,0.48258005421570366,6.282954183778958e-08,0.9999988237522307
5,mean,False,132,0.4817967214280331,6.262573525601121e-08,0.9999988863779659
5,mean,False,133,0.4699232746559676,5.957706003556379e-08,0.9999989459550259
5,mean,False,134,0.46701749526191616,5.8842546279153254e-08,0.9999990047975722
5,mean,False,135,0.45341497441918166,5.546472639636446e-08,0.9999990602622987
5,mean,False,136,0.4501443436859505,5.466744186268461e-08,0.9999991149297405
5,mean,False,137,0.4396111554855427,5.213898422452194e-08,0.9999991670687247
5,mean,False,138,0.4279296608732496,4.940488994123196e-08,0.9999992164736147
5,mean,False,139,0.4215507181191874,4.794295780159715e-08,0.9999992644165725
5,mean,False,140,0.41208062323986633,4.5813085717951544e-08,0.9999993102296582
5,mean,False,141,0.4060879387145585,4.449030041671137e-08,0.9999993547199586
5,mean,False,142,0.3920911877793036,4.147623441755408e-08,0.9999993961961929
5,mean,False,143,0.37352130394226174,3.764054570212879e-08,0.9999994338367386
5,mean,False,144,0.36701341206676025,3.634034346563439e-08,0.9999994701770824
5,mean,False,145,0.36039069719353173,3.504066188216426e-08,0.9999995052177443
5,mean,False,146,0.3569029096444168,3.436571104547621e-08,0.9999995395834553
5,mean,False,147,0.34717751752786913,3.251833822778274e-08,0.9999995721017936
5,mean,False,148,0.343723718494384,3.187455717565996e-08,0.9999996039763507
5,mean,False,149,0.33584726004697507,3.043047812715853e-08,0.9999996344068288
5,mean,False,150,0.3237295487930101,2.827416844018422e-08,0.9999996626809973
5,mean,False,151,0.3202663533255083,2.7672461161152302e-08,0.9999996903534584
5,mean,False,152,0.3170040605918295,2.7111578722855786e-08,0.9999997174650371
5,mean,False,153,0.30508509956316426,2.5111181740788808e-08,0.9999997425762188
5,mean,False,154,0.3002475045189644,2.4321142370819783e-08,0.9999997668973613
5,mean,False,155,0.29417944533576246,2.334800655695899e-08,0.9999997902453678
5,mean,False,156,0.28120442756004166,2.1333861227209894e-08,0.999999811579229
5,mean,False,157,0.27932204527832827,2.104919947922412e-08,0.9999998326284285
5,mean,False,158,0.2730055701391372,2.0107967431490313e-08,0.9999998527363959
5,mean,False,159,0.2674096310112241,1.929208854348279e-08,0.9999998720284845
5,mean,False,160,0.2657147688862368,1.9048314146209894e-08,0.9999998910767985
5,mean,False,161,0.25490091701219486,1.7529436388150543e-08,0.999999908606235
5,mean,False,162,0.24160783077085005,1.574878917673604e-08,0.9999999243550242
5,mean,False,163,0.23639183948080225,1.5076138456476894e-08,0.9999999394311626
5,mean,False,164,0.23070241021464327,1.4359172754877912e-08,0.9999999537903355
5,mean,False,165,0.219362299901474,1.298222520615166e-08,0.9999999667725605
5,mean,False,166,0.2150733138584639,1.247952945995804e-08,0.99999997925209
5,mean,False,167,0.20595596827765872,1.1443896473048659e-08,0.9999999906959866
5,mean,False,168,0.1857045676327241,9.304013433934495e-09,1.0
5,mean,True,1,748.3681120274567,0.9965812365658574,0.9965812365658574
5,mean,True,2,19.408975583081265,0.0006703280387257151,0.9972515646045831
5,mean,True,3,15.215402896790657,0.00041195432974737136,0.9976635189343304
5,mean,True,4,13.871372052074003,0.000342389942413755,0.9980059088767442
5,mean,True,5,11.397938913423253,0.00023117177538973878,0.998237080652134
5,mean,True,6,9.135556173681277,0.00014850878432528763,0.9983855894364593
5,mean,True,7,8.597762695124905,0.0001315385549232466,0.9985171279913826
5,mean,True,8,8.513708687856436,0.00012897921520350534,0.9986461072065859
5,mean,True,9,7.36791386684625,9.659869038575052e-05,0.9987427058969716
5,mean,True,10,6.908399528726386,8.492529223612749e-05,0.9988276311892078
5,mean,True,11,6.7500461289503315,8.107662086555239e-05,0.9989087078100733
5,mean,True,12,6.32063835623638,7.108926807894783e-05,0.9989797970781522
5,mean,True,13,5.907195956270233,6.209332463094286e-05,0.9990418904027831
5,mean,True,14,5.783955332686388,5.9529470421546334e-05,0.9991014198732047
5,mean,True,15,5.693215276750916,5.767629710435672e-05,0.999159096170309
5,mean,True,16,5.381615729747125,5.153562251157434e-05,0.9992106317928205
5,mean,True,17,5.033114227524989,4.5077075481953494e-05,0.9992557088683026
5,mean,True,18,4.877288451156257,4.232910060035188e-05,0.999298037968903
5,mean,True,19,4.796062778083534,4.093095489226447e-05,0.9993389689237955
5,mean,True,20,4.564438077119399,3.707292030150345e-05,0.999376041844097
5,mean,True,21,4.429837621758649,3.4918676345709846e-05,0.9994109605204426
5,mean,True,22,4.138683599147595,3.047941381113376e-05,0.9994414399342538
5,mean,True,23,4.000878659499438,2.848347146243137e-05,0.9994699234057163
5,mean,True,24,3.954062373839072,2.782077282538138e-05,0.9994977441785419
5,mean,True,25,3.760295791013134,2.5160900216678758e-05,0.9995229050787585
5,mean,True,26,3.5879317192200046,2.2907120337609827e-05,0.9995458121990961
5,mean,True,27,3.4526219319601537,2.121193111837346e-05,0.9995670241302145
5,mean,True,28,3.3991220350935913,2.055964786427797e-05,0.9995875837780787
5,mean,True,29,3.2680893971747427,1.900509365778394e-05,0.9996065888717365
5,mean,True,30,3.2334981848785542,1.860490262021966e-05,0.9996251937743568
5,mean,True,31,3.126312260173366,1.7391893436610684e-05,0.9996425856677934
5,mean,True,32,2.9518373270246254,1.5504829639021365e-05,0.9996580904974322
5,mean,True,33,2.776684476615518,1.3719403297051703e-05,0.9996718099007292
5,mean,True,34,2.7144386483594203,1.3111193249750998e-05,0.9996849210939791
5,mean,True,35,2.6841962766693706,1.2820669283265337e-05,0.9996977417632623
5,mean,True,36,2.5943980196508947,1.197720179056933e-05,0.9997097189650529
5,mean,True,37,2.4928370127957846,1.105783045585934e-05,0.9997207767955087
5,mean,True,38,2.4429024946855638,1.061926416047778e-05,0.9997313960596691
5,mean,True,39,2.3523902501682428,9.84693111328519e-06,0.9997412429907824
5,mean,True,40,2.3279094331872194,9.643047778919504e-06,0.9997508860385613
5,mean,True,41,2.210669092021786,8.69620235260492e-06,0.999759582240914
5,mean,True,42,2.154043727743064,8.256408817178139e-06,0.9997678386497311
5,mean,True,43,2.1298838197971683,8.072238536230678e-06,0.9997759108882673
5,mean,True,44,2.1167228721319624,7.972787031118749e-06,0.9997838836752985
5,mean,True,45,2.0547722076516717,7.512933142965998e-06,0.9997913966084413
5,mean,True,46,2.0026659730400374,7.136728838434562e-06,0.9997985333372797
5,mean,True,47,1.9748352046859163,6.939750861961408e-06,0.9998054730881416
5,mean,True,48,1.9661310157399254,6.878711050921698e-06,0.9998123517991928
5,mean,True,49,1.8869751733784417,6.335990694779865e-06,0.9998186877898876
5,mean,True,50,1.8577724770452617,6.141397491323079e-06,0.9998248291873789
5,mean,True,51,1.8346042955550759,5.989174547950845e-06,0.9998308183619269
5,mean,True,52,1.8086107347565568,5.820661808116453e-06,0.999836639023735
5,mean,True,53,1.7608508023053615,5.517308616424997e-06,0.9998421563323514
5,mean,True,54,1.7332649321354558,5.345792027079602e-06,0.9998475021243783
5,mean,True,55,1.694026872923456,5.106493095828771e-06,0.9998526086174743
5,mean,True,56,1.678551791506121,5.013622722984722e-06,0.9998576222401974
5,mean,True,57,1.6565920791759419,4.883299030025392e-06,0.9998625055392273
5,mean,True,58,1.6214104496245545,4.67808483714165e-06,0.9998671836240646
5,mean,True,59,1.595255346826775,4.528377001866531e-06,0.9998717120010663
5,mean,True,60,1.5760748467448975,4.420138057823862e-06,0.9998761321391241
5,mean,True,61,1.5465198898097108,4.255917277116402e-06,0.9998803880564012
5,mean,True,62,1.5240704878562172,4.133255622453584e-06,0.9998845213120237
5,mean,True,63,1.4912033930026476,3.956907742827839e-06,0.9998884782197663
5,mean,True,64,1.4833362065918756,3.915266723310272e-06,0.9998923934864898
5,mean,True,65,1.4453169260833059,3.7171350126046815e-06,0.9998961106215025
5,mean,True,66,1.4079267526961934,3.5272990446264156e-06,0.999899637920547
5,mean,True,67,1.4025703858295626,3.5005113326561352e-06,0.9999031384318796
5,mean,True,68,1.3661607467840908,3.3211291451342547e-06,0.9999064595610248
5,mean,True,69,1.3414454819074133,3.202050761217092e-06,0.999909661611786
5,mean,True,70,1.340400205916541,3.1970625260652208e-06,0.9999128586743119
5,mean,True,71,1.2814891604010694,2.922214102210952e-06,0.9999157808884142
5,mean,True,72,1.2762990095242457,2.8985915555499226e-06,0.99991867947997
5,mean,True,73,1.2566599239788068,2.810073560439628e-06,0.9999214895535303
5,mean,True,74,1.233357957461802,2.7068266183081348e-06,0.9999241963801486
5,mean,True,75,1.205146139124906,2.5844110293364447e-06,0.9999267807911779
5,mean,True,76,1.180180032630441,2.4784415622733876e-06,0.9999292592327402
5,mean,True,77,1.1576959820691548,2.384905692968152e-06,0.9999316441384333
5,mean,True,78,1.1322235894575088,2.281111722096471e-06,0.9999339252501553
5,mean,True,79,1.1099756227895943,2.1923457161541663e-06,0.9999361175958715
5,mean,True,80,1.1028877915172226,2.1644363394652127e-06,0.9999382820322109
5,mean,True,81,1.082049728220074,2.0834188962171544e-06,0.999940365451107
5,mean,True,82,1.0435962988558591,1.937970753196844e-06,0.9999423034218602
5,mean,True,83,1.0363972783687345,1.9113256404880405e-06,0.9999442147475007
5,mean,True,84,1.031255305683553,1.892407018832832e-06,0.9999461071545196
5,mean,True,85,1.0257507501632983,1.8722586457039812e-06,0.9999479794131654
5,mean,True,86,1.0123507353120635,1.823661222353114e-06,0.9999498030743877
5,mean,True,87,0.9904304414670317,1.7455412589987141e-06,0.9999515486156467
5,mean,True,88,0.985258360402005,1.727358238859678e-06,0.9999532759738854
5,mean,True,89,0.9740944585073477,1.6884348347070128e-06,0.9999549644087201
5,mean,True,90,0.9498911879747262,1.6055723329655823e-06,0.999956569981053
5,mean,True,91,0.9345128993783558,1.554006242921663e-06,0.9999581239872959
5,mean,True,92,0.9266534339821487,1.5279770709714272e-06,0.9999596519643669
5,mean,True,93,0.9192931525826936,1.503800444135628e-06,0.999961155764811
5,mean,True,94,0.9012801159853129,1.4454455545941841e-06,0.9999626012103655
5,mean,True,95,0.8806194346512098,1.3799351900955897e-06,0.9999639811455557
5,mean,True,96,0.8793669893153275,1.3760128047667614e-06,0.9999653571583604
5,mean,True,97,0.8633899602033795,1.3264660735198612e-06,0.999966683624434
5,mean,True,98,0.8359215626730814,1.2434067318476957e-06,0.9999679270311658
5,mean,True,99,0.8321634279377458,1.2322516521086652e-06,0.9999691592828177
5,mean,True,100,0.8150909832468005,1.182209203495637e-06,0.9999703414920212
5,mean,True,101,0.8122055518789721,1.1738539504629623e-06,0.9999715153459716
5,mean,True,102,0.7958150404826227,1.1269546604286156e-06,0.999972642300632
5,mean,True,103,0.7787068107779046,1.079021515631473e-06,0.9999737213221476
5,mean,True,104,0.7546619675264166,1.013414433253755e-06,0.9999747347365814
5,mean,True,105,0.7463008021287842,9.910828819700962e-07,0.9999757258194635
5,mean,True,106,0.7344323566530322,9.598110877895717e-07,0.9999766856305514
5,mean,True,107,0.7304673103152113,9.494754256191705e-07,0.999977635105977
5,mean,True,108,0.7264297126936258,9.390081405987187e-07,0.9999785741141175
5,mean,True,109,0.7047093903394307,8.836947510077575e-07,0.9999794578088687
5,mean,True,110,0.6865585286664346,8.38759189159838e-07,0.9999802965680578
5,mean,True,111,0.6853059250793596,8.357014036903154e-07,0.9999811322694615
5,mean,True,112,0.6560129985374389,7.657853394861864e-07,0.9999818980548009
5,mean,True,113,0.6452632152211872,7.408938227983021e-07,0.9999826389486237
5,mean,True,114,0.6355214886364695,7.186917139849326e-07,0.9999833576403379
5,mean,True,115,0.6309604463593635,7.084128467768033e-07,0.9999840660531846
5,mean,True,116,0.6160915205515715,6.754179856812784e-07,0.9999847414711702
5,mean,True,117,0.6143645645222846,6.716367864879631e-07,0.9999854131079566
5,mean,True,118,0.5970473749634482,6.34307351307116e-07,0.9999860474153079
5,mean,True,119,0.5880759634499751,6.15387989311722e-07,0.9999866628032973
5,mean,True,120,0.5791765600234907,5.969034822124366e-07,0.9999872597067793
5,mean,True,121,0.5685286538201462,5.751576151063538e-07,0.9999878348643944
5,mean,True,122,0.5602118685342656,5.584531811258492e-07,0.9999883933175755
5,mean,True,123,0.5486203668360594,5.355820468073331e-07,0.9999889288996224
5,mean,True,124,0.5380923627131897,5.152236788791807e-07,0.9999894441233014
5,mean,True,125,0.5356264702628998,5.1051231270142e-07,0.999989954635614
5,mean,True,126,0.5272878636489157,4.947407797432942e-07,0.9999904493763937
5,mean,True,127,0.5066521881583553,4.5677466054790045e-07,0.9999909061510543
5,mean,True,128,0.5027557266298814,4.497759302717406e-07,0.9999913559269846
5,mean,True,129,0.4970793720638752,4.3967689121286264e-07,0.9999917956038759
5,mean,True,130,0.48442653019943377,4.1757837297762307e-07,0.9999922131822488
5,mean,True,131,0.4818294604964014,4.131129976997109e-07,0.9999926262952465
5,mean,True,132,0.47527755287346896,4.019543793899593e-07,0.9999930282496259
5,mean,True,133,0.46730106953803546,3.88575762846254e-07,0.9999934168253887
5,mean,True,134,0.4537434110047462,3.663555889187263e-07,0.9999937831809775
5,mean,True,135,0.45080090560438574,3.616193971787108e-07,0.9999941448003747
5,mean,True,136,0.44165453163704493,3.4709434663080074e-07,0.9999944918947213
5,mean,True,137,0.4292161352757407,3.2781908805305746e-07,0.9999948197138094
5,mean,True,138,0.4215603654553028,3.162290059785994e-07,0.9999951359428155
5,mean,True,139,0.41285546177602067,3.033040622370197e-07,0.9999954392468778
5,mean,True,140,0.40682504219568943,2.9450828353783747e-07,0.9999957337551614
5,mean,True,141,0.39215585529437563,2.7365259193067834e-07,0.9999960074077532
5,mean,True,142,0.3735610357627173,2.4831634089994164e-07,0.999996255724094
5,mean,True,143,0.3670216992622944,2.3969867947483596e-07,0.9999964954227737
5,mean,True,144,0.3609334748271548,2.318123040176452e-07,0.9999967272350776
5,mean,True,145,0.35696062067806866,2.2673719750645863e-07,0.9999969539722753
5,mean,True,146,0.347498608061179,2.148761910035563e-07,0.9999971688484662
5,mean,True,147,0.3439494033596363,2.105092961171624e-07,0.9999973793577623
5,mean,True,148,0.3358502852719724,2.0071212145291412e-07,0.9999975800698836
5,mean,True,149,0.3264398717931187,1.8962192690047948e-07,0.9999977696918108
5,mean,True,150,0.3203834617148298,1.826511190764225e-07,0.9999979523429298
5,mean,True,151,0.31700423165382546,1.7881842997216296e-07,0.9999981311613597
5,mean,True,152,0.3053435407672018,1.6590506039966512e-07,0.9999982970664201
5,mean,True,153,0.30242968323453046,1.6275374381433093e-07,0.999998459820164
5,mean,True,154,0.2947004872308294,1.545410526108074e-07,0.9999986143612165
5,mean,True,155,0.28128168008628357,1.4078780990414904e-07,0.9999987551490265
5,mean,True,156,0.27936539122377824,1.3887605289310985e-07,0.9999988940250792
5,mean,True,157,0.2736888099768717,1.3328959265357356e-07,0.999999027314672
5,mean,True,158,0.2677851997680988,1.2760135871721129e-07,0.9999991549160308
5,mean,True,159,0.26578082516423907,1.25698313017453e-07,0.9999992806143436
5,mean,True,160,0.25492348169774215,1.1563833793986667e-07,0.9999993962526814
5,mean,True,161,0.24164308677161073,1.0390367484326402e-07,0.9999995001563563
5,mean,True,162,0.23685859714416665,9.982986037653981e-08,0.9999995999862167
5,mean,True,163,0.23109366893731934,9.50294582865437e-08,0.999999695015675
5,mean,True,164,0.21946789504033415,8.570855136280061e-08,0.9999997807242264
5,mean,True,165,0.21519382072379695,8.240275865352146e-08,0.999999863126985
5,mean,True,166,0.20596017212607318,7.54829127488597e-08,0.9999999386098978
5,mean,True,167,0.18574113687138818,6.139010229920631e-08,1.0
5,mean,True,168,6.63290926149511e-14,7.82871116901807e-33,1.0
9,last,False,1,243.19742305385796,0.6098813814500353,0.6098813814500353
9,last,False,2,65.48203635892233,0.04421522007804131,0.6540966015280767
9,last,False,3,51.2425728673851,0.027076298449666903,0.6811728999777434
9,last,False,4,45.236234459151994,0.021100868474679624,0.7022737684524232
9,last,False,5,44.70055885520561,0.020604085499052224,0.7228778539514753
9,last,False,6,43.341269898355264,0.019370048214995356,0.7422479021664706
9,last,False,7,41.5950392170383,0.017840643456135757,0.7600885456226064
9,last,False,8,34.74356816108135,0.0124473320343724,0.7725358776569788
9,last,False,9,33.644531767022414,0.0116722992934284,0.7842081769504072
9,last,False,10,32.679345428368016,0.011012201151182044,0.7952203781015893
9,last,False,11,30.493655286027167,0.0095884059078989,0.8048087840094882
9,last,False,12,28.772939684066188,0.008536815754719021,0.8133455997642072
9,last,False,13,27.967813591048838,0.00806574468150234,0.8214113444457095
9,last,False,14,27.146632630199626,0.0075990511757837624,0.8290103956214933
9,last,False,15,25.36317755935146,0.0066333782416777625,0.835643773863171
9,last,False,16,24.664137216186816,0.006272768984720913,0.8419165428478921
9,last,False,17,23.990910430004025,0.005935002365289018,0.847851545213181
9,last,False,18,23.36236905785145,0.005628092132338497,0.8534796373455195
9,last,False,19,22.446704462242216,0.005195562995527762,0.8586752003410473
9,last,False,20,21.7508478471329,0.004878427088812017,0.8635536274298592
9,last,False,21,21.16036798383426,0.004617148784170222,0.8681707762140294
9,last,False,22,20.959566112912118,0.004529935452856838,0.8727007116668862
9,last,False,23,20.657867354779935,0.004400463334371957,0.8771011750012582
9,last,False,24,19.628400145341157,0.0039728049529590805,0.8810739799542174
9,last,False,25,19.050751974185395,0.0037424127455097426,0.8848163926997271
9,last,False,26,18.318819810321717,0.0034603690533943346,0.8882767617531214
9,last,False,27,17.98536848662718,0.003335539730553249,0.8916123014836747
9,last,False,28,17.43301022684614,0.003133806720900411,0.894746108204575
9,last,False,29,16.852747330262332,0.0029286593341182675,0.8976747675386934
9,last,False,30,16.390026257594,0.0027700444393209604,0.9004448119780143
9,last,False,31,16.179763971382283,0.002699428330726468,0.9031442403087407
9,last,False,32,15.782226047839542,0.0025684076612374446,0.9057126479699782
9,last,False,33,15.412526654976483,0.0024494868885906783,0.9081621348585689
9,last,False,34,15.174287680729542,0.002374346316862924,0.910536481175432
9,last,False,35,14.950590607767818,0.002304857800350861,0.9128413389757828
9,last,False,36,14.495161801569157,0.002166574227986808,0.9150079132037696
9,last,False,37,14.48314248542426,0.0021629826924761957,0.9171708958962458
9,last,False,38,14.20644184193646,0.002081124554252948,0.9192520204504987
9,last,False,39,13.995821542793598,0.0020198737737419955,0.9212718942242407
9,last,False,40,13.72895706162383,0.0019435804915525232,0.9232154747157932
9,last,False,41,13.575938947977429,0.001900497008281562,0.9251159717240748
9,last,False,42,13.363733637395784,0.001841548068419485,0.9269575197924943
9,last,False,43,13.261344768534501,0.001813437406094002,0.9287709571985884
9,last,False,44,13.000591197301395,0.0017428244421803438,0.9305137816407687
9,last,False,45,12.712620828589584,0.0016664704812905105,0.9321802521220592
9,last,False,46,12.669441119003357,0.0016551690342416162,0.9338354211563009
9,last,False,47,12.529520065146523,0.0016188116070721612,0.935454232763373
9,last,False,48,12.315364936320714,0.0015639469197489032,0.937018179683122
9,last,False,49,12.194041374569668,0.0015332845736869827,0.9385514642568089
9,last,False,50,11.982560243124919,0.0014805622774195389,0.9400320265342285
9,last,False,51,11.876580233179673,0.0014544883658728512,0.9414865149001013
9,last,False,52,11.713512652801327,0.0014148217897074623,0.9429013366898088
9,last,False,53,11.525775825763922,0.001369833473566547,0.9442711701633753
9,last,False,54,11.287339731481875,0.0013137436547229848,0.9455849138180983
9,last,False,55,11.119800760854144,0.0012750330712172026,0.9468599468893155
9,last,False,56,11.0649029769797,0.0012624746257451748,0.9481224215150607
9,last,False,57,10.902647132788806,0.0012257202194517508,0.9493481417345124
9,last,False,58,10.767977728942657,0.0011956270583901453,0.9505437687929026
9,last,False,59,10.640150196327491,0.001167408778613721,0.9517111775715162
9,last,False,60,10.609875246653282,0.0011607748572072542,0.9528719524287236
9,last,False,61,10.358155003045521,0.0011063492584457368,0.9539783016871692
9,last,False,62,10.298762207634935,0.001093698204338142,0.9550719998915075
9,last,False,63,10.17844970647688,0.001068293799913333,0.9561402936914208
9,last,False,64,10.09302888213077,0.0010504381105033986,0.957190731801924
9,last,False,65,10.062283666914402,0.001044048203871516,0.9582347800057955
9,last,False,66,9.980382236470776,0.0010271214214455054,0.9592619014272411
9,last,False,67,9.801925421281235,0.000990718391938921,0.96025261981918
9,last,False,68,9.707339209800338,0.0009716902593815299,0.9612243100785616
9,last,False,69,9.590548667305292,0.0009484497901522607,0.9621727598687139
9,last,False,70,9.400858985833645,0.0009113024005165552,0.9630840622692304
9,last,False,71,9.344178677081253,0.0009003465534213064,0.9639844088226517
9,last,False,72,9.217396935887564,0.0008760805089818927,0.9648604893316335
9,last,False,73,9.162996106299346,0.0008657698183952775,0.9657262591500289
9,last,False,74,9.086829643842323,0.0008514363944874378,0.9665776955445162
9,last,False,75,8.921846849405965,0.0008207992778776475,0.9673984948223939
9,last,False,76,8.864169684119345,0.0008102211201827655,0.9682087159425766
9,last,False,77,8.810358997428247,0.0008004139477001107,0.9690091298902767
9,last,False,78,8.71409958537793,0.0007830193154385318,0.9697921492057151
9,last,False,79,8.57022857818096,0.0007573772369580696,0.9705495264426732
9,last,False,80,8.51064673907472,0.0007468829855391925,0.9712964094282125
9,last,False,81,8.29433845828375,0.0007093996079687549,0.9720058090361812
9,last,False,82,8.201271416833727,0.0006935692140148514,0.972699378250196
9,last,False,83,8.099386939788403,0.0006764438187685407,0.9733758220689646
9,last,False,84,8.061991983237,0.0006702119416151426,0.9740460340105797
9,last,False,85,7.943398435606685,0.0006506390599274114,0.9746966730705071
9,last,False,86,7.895917516848961,0.0006428840390081642,0.9753395571095153
9,last,False,87,7.774096623514648,0.0006231998010685017,0.9759627569105838
9,last,False,88,7.702101452776818,0.0006117104610231027,0.9765744673716071
9,last,False,89,7.607367720852609,0.0005967552613255247,0.9771712226329327
9,last,False,90,7.482883755600131,0.000577384917537436,0.97774860755047
9,last,False,91,7.473964205399469,0.0005760092595603134,0.9783246168100304
9,last,False,92,7.448951684828279,0.0005721603421887372,0.978896777152219
9,last,False,93,7.344473708927758,0.0005562228151778629,0.979452999967397
9,last,False,94,7.257735409000955,0.0005431624022797522,0.9799961623696766
9,last,False,95,7.1868156172684206,0.000532599118753624,0.9805287614884302
9,last,False,96,7.147517581509433,0.0005267904611601862,0.9810555519495905
9,last,False,97,6.957977400846465,0.0004992217121967716,0.9815547736617872
9,last,False,98,6.89639063555929,0.0004904233557523519,0.9820451970175396
9,last,False,99,6.8678492948816094,0.0004863724322540504,0.9825315694497936
9,last,False,100,6.824217006577314,0.0004802120959537459,0.9830117815457474
9,last,False,101,6.7613558733608405,0.000471405915102526,0.98348318746085
9,last,False,102,6.710840606917031,0.00046438831698009553,0.98394757577783
9,last,False,103,6.640898787554415,0.0004547588508496403,0.9844023346286795
9,last,False,104,6.5812179083882345,0.0004466218635945149,0.9848489564922741
9,last,False,105,6.519615497490823,0.00043829993335214553,0.9852872564256263
9,last,False,106,6.469601566737517,0.00043160106565357767,0.9857188574912799
9,last,False,107,6.382288265825916,0.0004200299605333332,0.9861388874518132
9,last,False,108,6.310729754158059,0.00041066397174532496,0.9865495514235586
9,last,False,109,6.278679522508622,0.0004065032951192587,0.9869560547186779
9,last,False,110,6.210165501471614,0.00039768003321259844,0.9873537347518905
9,last,False,111,6.135356637645767,0.00038815667853014913,0.9877418914304206
9,last,False,112,6.09992104605778,0.00038368592265835443,0.9881255773530789
9,last,False,113,6.044156156255161,0.00037670274959031676,0.9885022801026693
9,last,False,114,5.974516126120377,0.00036807211198206674,0.9888703522146514
9,last,False,115,5.930625721494683,0.00036268406223678533,0.9892330362768881
9,last,False,116,5.888684720239433,0.0003575724444611447,0.9895906087213492
9,last,False,117,5.870601784028897,0.0003553797538362461,0.9899459884751854
9,last,False,118,5.792767943556175,0.000346018803511352,0.9902920072786967
9,last,False,119,5.7154842632192935,0.00033684763645670736,0.9906288549151534
9,last,False,120,5.6605350154784615,0.0003304017966458265,0.9909592567117994
9,last,False,121,5.571859323560975,0.0003201309944425189,0.9912793877062419
9,last,False,122,5.520411953220157,0.00031424647365465105,0.9915936341798965
9,last,False,123,5.452897609236628,0.00030660704075064486,0.9919002412206472
9,last,False,124,5.399535466165755,0.0003006354805209653,0.9922008767011682
9,last,False,125,5.343416680736534,0.0002944187886515546,0.9924952954898196
9,last,False,126,5.3097578267919685,0.00029072130890755066,0.9927860167987272
9,last,False,127,5.243147461770675,0.00028347292326021356,0.9930694897219875
9,last,False,128,5.2134864087980075,0.0002802747211600787,0.9933497644431476
9,last,False,129,5.061862753989295,0.0002642093417332343,0.9936139737848808
9,last,False,130,5.029924149921088,0.0002608857211502666,0.993874859506031
9,last,False,131,4.951136156692645,0.00025277677985547915,0.9941276362858866
9,last,False,132,4.891017620354937,0.00024667542923819,0.9943743117151248
9,last,False,133,4.81017718893344,0.00023858854388824764,0.9946129002590129
9,last,False,134,4.77785543524283,0.0002353929479738383,0.9948482932069868
9,last,False,135,4.749935689809169,0.00023264991442312509,0.9950809431214099
9,last,False,136,4.703338571383489,0.00022810768824008164,0.99530905080965
9,last,False,137,4.651652298968712,0.000223121760064808,0.9955321725697149
9,last,False,138,4.563636034952492,0.00021475804369996818,0.9957469306134149
9,last,False,139,4.551687150232698,0.0002136349218401872,0.995960565535255
9,last,False,140,4.507338327246496,0.00020949214998594156,0.996170057685241
9,last,False,141,4.453682609672749,0.00020453421374833574,0.9963745918989892
9,last,False,142,4.362280551639317,0.00019622512918202606,0.9965708170281714
9,last,False,143,4.3282126666349745,0.00019317219785468817,0.996763989226026
9,last,False,144,4.2507503102360324,0.00018631963645707636,0.996950308862483
9,last,False,145,4.218221881086531,0.00018347896350823733,0.9971337878259912
9,last,False,146,4.133572729237847,0.0001761889244650691,0.9973099767504564
9,last,False,147,4.041819866801387,0.00016845400712246525,0.9974784307575787
9,last,False,148,4.0207214919324805,0.00016669993115762794,0.9976451306887364
9,last,False,149,3.9748074813225958,0.00016291446062907563,0.9978080451493655
9,last,False,150,3.881730673080393,0.00015537396063559488,0.9979634191100011
9,last,False,151,3.789909140474022,0.00014811022249341723,0.9981115293324945
9,last,False,152,3.7487451029655245,0.00014491030170302763,0.9982564396341975
9,last,False,153,3.6999597561904802,0.00014116318170956642,0.9983976028159072
9,last,False,154,3.670534311845598,0.00013892679414612827,0.9985365296100531
9,last,False,155,3.5986326568015086,0.0001335372632067812,0.99867006687326
9,last,False,156,3.537728221607772,0.0001290554560934241,0.9987991223293534
9,last,False,157,3.465604004457534,0.00012384694877089867,0.9989229692781243
9,last,False,158,3.423625563053438,0.00012086483365265862,0.9990438341117769
9,last,False,159,3.3482600180525326,0.00011560211814623579,0.9991594362299232
9,last,False,160,3.3032814499608345,0.00011251711674138782,0.9992719533466645
9,last,False,161,3.244313336968648,0.00010853580245421664,0.9993804891491188
9,last,False,162,3.1587808841021934,0.0001028884062578883,0.9994833775553766
9,last,False,163,3.12134849484639,0.00010046434507568538,0.9995838419004524
9,last,False,164,3.1006441239779066,9.913597535457309e-05,0.999682977875807
9,last,False,165,2.9397677187296467,8.911554574495043e-05,0.9997720934215519
9,last,False,166,2.8986300219958943,8.66389159808061e-05,0.9998587323375328
9,last,False,167,2.733035428967941,7.702256208630664e-05,0.999935754899619
9,last,False,168,2.496067278927744,6.424510038097784e-05,1.0
9,last,True,1,66.10916211027093,0.11346839360401662,0.11346839360401662
9,last,True,2,53.05612919699994,0.0730840700287822,0.18655246363279882
9,last,True,3,45.3108713678352,0.053303586241882264,0.23985604987468107
9,last,True,4,44.88667601594791,0.05231021350896709,0.29216626338364815
9,last,True,5,43.398123155298016,0.048898270282817353,0.34106453366646555
9,last,True,6,41.59515466391997,0.04491972489994915,0.3859842585664147
9,last,True,7,35.96803373952966,0.03358806575927662,0.41957232432569136
9,last,True,8,34.24780467229675,0.03045208803862167,0.450024412364313
9,last,True,9,32.76131681289404,0.027865978645809916,0.4778903910101229
9,last,True,10,30.50175196754355,0.024154673488226145,0.502045064498349
9,last,True,11,28.856138200221125,0.021618622570839914,0.5236636870691889
9,last,True,12,28.173259495081496,0.02060752293096013,0.544271210000149
9,last,True,13,27.916584958858895,0.020233740725220863,0.5645049507253699
9,last,True,14,25.673628237981372,0.01711299790944642,0.5816179486348162
9,last,True,15,25.01841823732724,0.016250670991877388,0.5978686196266936
9,last,True,16,24.645010622741335,0.015769198508738987,0.6136378181354327
9,last,True,17,23.370314512719606,0.014180146413020742,0.6278179645484535
9,last,True,18,22.448749630124354,0.013083860755383321,0.6409018253038368
9,last,True,19,22.4220412229734,0.01305274622051281,0.6539545715243497
9,last,True,20,21.1885644137496,0.011656137634992224,0.6656107091593418
9,last,True,21,21.01083549945587,0.011461415212434168,0.677072124371776
9,last,True,22,20.762463580111366,0.011192042952602196,0.6882641673243782
9,last,True,23,20.04782686597206,0.010434849917249996,0.6986990172416283
9,last,True,24,19.0542776794971,0.00942619849433398,0.7081252157359622
9,last,True,25,18.352535914998928,0.008744676869052713,0.7168698926050149
9,last,True,26,18.242770533697907,0.008640386938184374,0.7255102795431992
9,last,True,27,17.618326894893297,0.008058995780271448,0.7335692753234707
9,last,True,28,16.924695009016077,0.007436923315775577,0.7410061986392463
9,last,True,29,16.519650371674558,0.007085219413258045,0.7480914180525043
9,last,True,30,16.180443876104665,0.006797237796609746,0.7548886558491141
9,last,True,31,15.856390166241766,0.006527700920812523,0.7614163567699267
9,last,True,32,15.438888034351391,0.006188474933653574,0.7676048317035802
9,last,True,33,15.19006895407775,0.005990610612532277,0.7735954423161124
9,last,True,34,15.031014587523295,0.005865812726540712,0.7794612550426532
9,last,True,35,14.647128945733236,0.005570018154256505,0.7850312731969097
9,last,True,36,14.489307175271662,0.00545063173103778,0.7904819049279475
9,last,True,37,14.261347270620686,0.005280471603479674,0.795762376531427
9,last,True,38,14.05785830462951,0.005130857156370633,0.8008932336877976
9,last,True,39,13.762053659197383,0.004917202509814491,0.8058104361976122
9,last,True,40,13.691993128506578,0.004867264481294124,0.8106777006789064
9,last,True,41,13.410714013059966,0.004669338976659387,0.8153470396555659
9,last,True,42,13.274131030232237,0.004574712454381444,0.8199217521099473
9,last,True,43,13.016715433172077,0.004399004659862963,0.8243207567698103
9,last,True,44,12.735338582516068,0.004210877352320797,0.828531634122131
9,last,True,45,12.669713338618198,0.004167591834409688,0.8326992259565408
9,last,True,46,12.546883813761339,0.004087176133212618,0.8367864020897534
9,last,True,47,12.323849428865628,0.003943159712494274,0.8407295618022477
9,last,True,48,12.207326511621245,0.0038689464853483777,0.8445985082875959
9,last,True,49,12.031924440039548,0.003758562641256775,0.8483570709288527
9,last,True,50,11.879773574980101,0.0036641051418794,0.8520211760707321
9,last,True,51,11.794390344387118,0.0036116245367373103,0.8556328006074694
9,last,True,52,11.529198694907832,0.003451038852667969,0.8590838394601374
9,last,True,53,11.326628795703384,0.0033308335953788288,0.8624146730555163
9,last,True,54,11.191310929053836,0.0032517228647423978,0.8656663959202587
9,last,True,55,11.081733574298262,0.003188357491419877,0.8688547534116785
9,last,True,56,10.960214171671037,0.003118815488431933,0.8719735689001105
9,last,True,57,10.90263343872137,0.003086131464690325,0.8750597003648009
9,last,True,58,10.725420071627422,0.002986621742529903,0.8780463221073306
9,last,True,59,10.609920451594844,0.002922643584073139,0.8809689656914037
9,last,True,60,10.360817456412747,0.0027870171751296713,0.8837559828665333
9,last,True,61,10.305890092184649,0.00275754503631683,0.8865135279028501
9,last,True,62,10.1787101700461,0.0026899059629627024,0.8892034338658128
9,last,True,63,10.095474309877265,0.0026460927132549838,0.8918495265790679
9,last,True,64,10.088789781208154,0.0026425897521834114,0.8944921163312514
9,last,True,65,9.980421039111901,0.002586123894620938,0.8970782402258722
9,last,True,66,9.860637035838005,0.002524419619798538,0.8996026598456708
9,last,True,67,9.710240647002617,0.0024480009784497896,0.9020506608241207
9,last,True,68,9.591165370272279,0.002388330139092468,0.904438990963213
9,last,True,69,9.425701460943628,0.002306635445703691,0.9067456264089166
9,last,True,70,9.3726858208453,0.0022807606932896602,0.9090263871022063
9,last,True,71,9.222802909006573,0.0022083985670019375,0.9112347856692083
9,last,True,72,9.168028820219947,0.0021822451683892615,0.9134170308375977
9,last,True,73,9.090714976761532,0.0021455946805882895,0.915562625518186
9,last,True,74,8.928015227044503,0.002069481009645418,0.9176321065278313
9,last,True,75,8.864527958380787,0.002040153426625437,0.9196722599544568
9,last,True,76,8.813607498154209,0.002016782260716527,0.9216890422151733
9,last,True,77,8.720894592983685,0.0019745751883429,0.9236636174035161
9,last,True,78,8.570275613443863,0.001906958221144427,0.9255705756246606
9,last,True,79,8.53868048464121,0.0018929237761416285,0.9274634994008021
9,last,True,80,8.327197232076008,0.0018003183298083,0.9292638177306106
9,last,True,81,8.24500044899943,0.0017649522822191551,0.9310287700128299
9,last,True,82,8.200676595590343,0.0017460270652043218,0.9327747970780342
9,last,True,83,8.065381190560995,0.0016888901276964805,0.9344636872057308
9,last,True,84,8.046976512801448,0.001681191046253207,0.936144878251984
9,last,True,85,7.924433709902792,0.001630377129103558,0.9377752553810875
9,last,True,86,7.787760841579079,0.0015746238060237296,0.9393498791871112
9,last,True,87,7.702107571108019,0.0015401774505156894,0.940890056637627
9,last,True,88,7.610570913378015,0.0015037861299264875,0.9423938427675532
9,last,True,89,7.485353707506526,0.0014547094326677632,0.9438485522002209
9,last,True,90,7.4800323950631835,0.0014526418718828961,0.9453011940721039
9,last,True,91,7.452881518209306,0.0014421154681685648,0.9467433095402723
9,last,True,92,7.3449304470187595,0.001400641454970429,0.9481439509952428
9,last,True,93,7.261847634420001,0.0013691337171995912,0.9495130847124424
9,last,True,94,7.19743454624489,0.0013449528175153223,0.9508580375299578
9,last,True,95,7.164893427648354,0.001332818679831344,0.952190856209789
9,last,True,96,6.958362178936224,0.0012570879415095542,0.9534479441512986
9,last,True,97,6.912247766751928,0.001240481222507325,0.9546884253738059
9,last,True,98,6.890707663192044,0.0012327620370802103,0.9559211874108863
9,last,True,99,6.825569948733374,0.0012095656480677417,0.957130753058954
9,last,True,100,6.807472897122896,0.00120316016001555,0.9583339132189695
9,last,True,101,6.728121222526746,0.0011752742372436453,0.9595091874562133
9,last,True,102,6.643794845538932,0.0011459984431127588,0.960655185899326
9,last,True,103,6.583753454560508,0.0011253787735202513,0.9617805646728463
9,last,True,104,6.534824531675127,0.0011087138234172002,0.9628892784962634
9,last,True,105,6.486300085587015,0.0010923094108649146,0.9639815879071283
9,last,True,106,6.389813486397671,0.0010600539390494051,0.9650416418461777
9,last,True,107,6.310938116004377,0.0010340450120994678,0.9660756868582773
9,last,True,108,6.283341053942119,0.0010250212473023083,0.9671007081055797
9,last,True,109,6.211952814006365,0.0010018619834854217,0.9681025700890652
9,last,True,110,6.15388273619685,0.0009832184822651303,0.9690857885713303
9,last,True,111,6.104384554453336,0.0009674652406616469,0.9700532538119919
9,last,True,112,6.0459733626944,0.000949038999987747,0.9710022928119794
9,last,True,113,5.975358027240143,0.0009269994259345862,0.971929292237914
9,last,True,114,5.93810260300644,0.0009154760681056504,0.9728447683060196
9,last,True,115,5.898723983036576,0.0009033743403651762,0.973748142646385
9,last,True,116,5.872154503992391,0.0008952545743128298,0.9746433972206978
9,last,True,117,5.796230604545737,0.0008722538845294406,0.9755156511052272
9,last,True,118,5.720702003002567,0.0008496699362789955,0.9763653210415063
9,last,True,119,5.661535136994303,0.0008321852519327224,0.977197506293439
9,last,True,120,5.5788630994230815,0.000808058884334138,0.9780055651777728
9,last,True,121,5.521960353124675,0.0007916590287440202,0.9787972242065168
9,last,True,122,5.453133437789101,0.0007720471975197278,0.9795692714040366
9,last,True,123,5.401108667258784,0.0007573862756763311,0.9803266576797129
9,last,True,124,5.344153737032613,0.0007414971518092664,0.9810681548315222
9,last,True,125,5.310312794368763,0.0007321360759958644,0.9818002909075181
9,last,True,126,5.243704746185896,0.000713884678644268,0.9825141755861625
9,last,True,127,5.213918061960103,0.0007057973193891035,0.9832199729055516
9,last,True,128,5.061868354778147,0.000665232246763562,0.9838852051523151
9,last,True,129,5.036143407393842,0.0006584878677505291,0.9845436930200656
9,last,True,130,4.954076697143249,0.0006372018861637805,0.9851808949062295
9,last,True,131,4.891081576887631,0.00062109983461607,0.9858019947408455
9,last,True,132,4.8124068533738065,0.0006012793294748266,0.9864032740703204
9,last,True,133,4.785371600458442,0.0005945425433707239,0.9869978166136909
9,last,True,134,4.752608594311735,0.0005864293512443901,0.9875842459649353
9,last,True,135,4.707814853171282,0.0005754271518204815,0.9881596731167559
9,last,True,136,4.6552170641458535,0.000562641125518129,0.988722314242274
9,last,True,137,4.56490396443025,0.0005410219577799733,0.989263336200054
9,last,True,138,4.551693636092772,0.0005378951729325484,0.9898012313729866
9,last,True,139,4.507379307335972,0.0005274724898449078,0.9903287038628313
9,last,True,140,4.462359640045338,0.0005169883287461401,0.9908456921915775
9,last,True,141,4.371023875400402,0.0004960414385425637,0.9913417336301201
9,last,True,142,4.328898039237501,0.00048652629180970816,0.9918282599219299
9,last,True,143,4.258632127479116,0.0004708600594900062,0.9922991199814197
9,last,True,144,4.2504917423580215,0.0004690616797612161,0.9927681816611811
9,last,True,145,4.143517339913261,0.0004457485326119538,0.9932139301937931
9,last,True,146,4.051087875574959,0.0004260837082043975,0.9936400139019975
9,last,True,147,4.0398714495797465,0.00042372754096024317,0.9940637414429577
9,last,True,148,3.9819417212487975,0.0004116625879243639,0.9944754040308822
9,last,True,149,3.882793690079718,0.0003914174932511075,0.9948668215241333
9,last,True,150,3.804413154924231,0.0003757741925927637,0.995242595716726
9,last,True,151,3.750446579116809,0.00036518889994631583,0.9956077846166722
9,last,True,152,3.6999633265400584,0.00035542374595016427,0.9959632083626224
9,last,True,153,3.6739318784998276,0.0003504401033526916,0.9963136484659751
9,last,True,154,3.5988464464044334,0.0003362623428529538,0.9966499108088281
9,last,True,155,3.5393958583160114,0.00032524443738767884,0.9969751552462157
9,last,True,156,3.4663671223833714,0.0003119612951091555,0.997287116541325
9,last,True,157,3.4237571553643633,0.00030433892812522736,0.9975914554694503
9,last,True,158,3.3482607548147683,0.0002910651074813112,0.9978825205769314
9,last,True,159,3.3051428117396857,0.00028361687022212476,0.9981661374471537
9,last,True,160,3.2445881945715365,0.0002733195948271944,0.9984394570419808
9,last,True,161,3.1587820909749684,0.0002590543772960791,0.9986985114192769
9,last,True,162,3.1215929363739225,0.0002529904569923442,0.9989515018762692
9,last,True,163,3.1011147684995644,0.00024968202584050404,0.9992011839021097
9,last,True,164,2.9397707070424266,0.00022437709303956552,0.9994255609951492
9,last,True,165,2.898836843883021,0.00021817206684944345,0.9996437330619986
9,last,True,166,2.7366619662234,0.00019444371670698793,0.9998381767787057
9,last,True,167,2.496575018981498,0.0001618232212943218,1.0
9,last,True,168,1.3517924599764503e-14,4.744294505327599e-33,1.0
9,mean,False,1,2014.2706307415222,0.9978691656078275,0.9978691656078275
9,mean,False,2,41.3967239406188,0.000421473145546744,0.9982906387533742
9,mean,False,3,29.818593792067762,0.00021868161855854933,0.9985093203719327
9,mean,False,4,23.858088957407304,0.00013999395051409794,0.9986493143224467
9,mean,False,5,20.441768713558705,0.0001027720222881746,0.9987520863447349
9,mean,False,6,19.623349940918153,9.470747527901081e-05,0.9988467938200138
9,mean,False,7,19.00028933949071,8.878884182746154e-05,0.9989355826618413
9,mean,False,8,17.790388620197696,7.78410762897038e-05,0.9990134237381311
9,mean,False,9,17.118899976521483,7.207583308193829e-05,0.999085499571213
9,mean,False,10,15.62451326439553,6.004142017108188e-05,0.999145540991384
9,mean,False,11,15.052918053110485,5.572875703875365e-05,0.9992012697484227
9,mean,False,12,13.480383267721676,4.469330199699992e-05,0.9992459630504197
9,mean,False,13,12.964854572510747,4.1340265480557657e-05,0.9992873033159002
9,mean,False,14,12.630933111122623,3.923817796238593e-05,0.9993265414938626
9,mean,False,15,12.367386343995005,3.761783678477062e-05,0.9993641593306474
9,mean,False,16,12.122531666778253,3.614303485397297e-05,0.9994003023655016
9,mean,False,17,11.989280860365167,3.5352833687781695e-05,0.9994356551991894
9,mean,False,18,11.192091815965254,3.080778612209772e-05,0.9994664629853115
9,mean,False,19,10.733518965643272,2.8334934824827763e-05,0.9994947979201363
9,mean,False,20,10.077923959236713,2.4979291513111494e-05,0.9995197772116495
9,mean,False,21,9.840058168991206,2.381405177520057e-05,0.9995435912634247
9,mean,False,22,9.074055324218717,2.0250735797523138e-05,0.9995638419992222
9,mean,False,23,8.58451654803974,1.8124650730499658e-05,0.9995819666499528
9,mean,False,24,8.484576886635256,1.770509825161039e-05,0.9995996717482042
9,mean,False,25,8.334116296785236,1.7082722061062604e-05,0.9996167544702653
9,mean,False,26,8.078858827808663,1.605232708635511e-05,0.9996328067973517
9,mean,False,27,7.95250179275957,1.5554122441471462e-05,0.9996483609197933
9,mean,False,28,7.382338823264579,1.3403737371256209e-05,0.9996617646571644
9,mean,False,29,7.178682109347141,1.2674399911324648e-05,0.9996744390570758
9,mean,False,30,7.084222669937447,1.234304660483186e-05,0.9996867821036806
9,mean,False,31,6.9664771195612385,1.1936153415395365e-05,0.999698718257096
9,mean,False,32,6.576295999522778,1.0636547091662495e-05,0.9997093548041875
9,mean,False,33,6.360847615670507,9.951027924898749e-06,0.9997193058321124
9,mean,False,34,6.282980919513593,9.708886938140046e-06,0.9997290147190506
9,mean,False,35,5.87749172893264,8.496146948044253e-06,0.9997375108659986
9,mean,False,36,5.670229504784757,7.907500662879731e-06,0.9997454183666615
9,mean,False,37,5.597432642665486,7.705764183170214e-06,0.9997531241308447
9,mean,False,38,5.447334080054107,7.2980357081204335e-06,0.9997604221665528
9,mean,False,39,5.365054770380232,7.079234227094786e-06,0.99976750140078
9,mean,False,40,5.290584118919465,6.884068924520861e-06,0.9997743854697045
9,mean,False,41,5.277149132533829,6.849150307478885e-06,0.999781234620012
9,mean,False,42,5.031868114261495,6.227252295261822e-06,0.9997874618723073
9,mean,False,43,5.003845450645038,6.158085821839775e-06,0.9997936199581292
9,mean,False,44,4.897731155056472,5.89967172024464e-06,0.9997995196298494
9,mean,False,45,4.817702454234773,5.708446170984945e-06,0.9998052280760203
9,mean,False,46,4.771161164053866,5.598686316641426e-06,0.999810826762337
9,mean,False,47,4.677928646011878,5.3820180281677016e-06,0.9998162087803651
9,mean,False,48,4.567642667603875,5.1312385379577e-06,0.9998213400189031
9,mean,False,49,4.538433408136728,5.0658216646061026e-06,0.9998264058405677
9,mean,False,50,4.465536394556806,4.904392600669034e-06,0.9998313102331683
9,mean,False,51,4.373044002343453,4.703332224464979e-06,0.9998360135653929
9,mean,False,52,4.3104780545322186,4.5697120907996144e-06,0.9998405832774837
9,mean,False,53,4.210225611688258,4.3596206364349705e-06,0.9998449428981201
9,mean,False,54,4.09481070729826,4.123876231494006e-06,0.9998490667743516
9,mean,False,55,4.058064415079434,4.050194083725461e-06,0.9998531169684354
9,mean,False,56,4.031259093822336,3.996864132970327e-06,0.9998571138325683
9,mean,False,57,4.019549927744805,3.9736793277062525e-06,0.999861087511896
9,mean,False,58,3.9208759484821174,3.780978135972455e-06,0.9998648684900319
9,mean,False,59,3.89275398291069,3.7269355063891863e-06,0.9998685954255383
9,mean,False,60,3.8149111451645163,3.579371832449106e-06,0.9998721747973708
9,mean,False,61,3.7710523544995636,3.497543186782903e-06,0.9998756723405575
9,mean,False,62,3.7217681875314192,3.4067212595535043e-06,0.9998790790618172
9,mean,False,63,3.7083598538095397,3.3822188344392572e-06,0.9998824612806516
9,mean,False,64,3.6871168420871028,3.3435803375082894e-06,0.999885804860989
9,mean,False,65,3.6058484507582254,3.19781180825219e-06,0.9998890026727972
9,mean,False,66,3.5714267182320167,3.137050056705695e-06,0.999892139722854
9,mean,False,67,3.50880821916717,3.028009443702745e-06,0.9998951677322977
9,mean,False,68,3.461794813003117,2.9474103737850617e-06,0.9998981151426715
9,mean,False,69,3.398362084349793,2.840385332477948e-06,0.999900955528004
9,mean,False,70,3.3461446828499546,2.7537682775923177e-06,0.9999037092962815
9,mean,False,71,3.321488672188882,2.7133356019650642e-06,0.9999064226318835
9,mean,False,72,3.284856944026395,2.653816460220357e-06,0.9999090764483436
9,mean,False,73,3.227100686111642,2.5613150028213458e-06,0.9999116377633465
9,mean,False,74,3.1948065968635464,2.5103085603179745e-06,0.9999141480719068
9,mean,False,75,3.171520810789769,2.4738484620309783e-06,0.9999166219203689
9,mean,False,76,3.125762323781303,2.4029783958315524e-06,0.9999190248987647
9,mean,False,77,3.0886969214320166,2.346327076942194e-06,0.9999213712258417
9,mean,False,78,3.049498847049044,2.2871513733697998e-06,0.999923658377215
9,mean,False,79,3.0104553240084093,2.228960309049698e-06,0.9999258873375241
9,mean,False,80,2.9784740016804823,2.1818535130297267e-06,0.999928069191037
9,mean,False,81,2.920823523563066,2.0982082838613437e-06,0.999930167399321
9,mean,False,82,2.8773195772007525,2.0361706041131824e-06,0.9999322035699251
9,mean,False,83,2.8555821612508936,2.0055213171173054e-06,0.9999342090912422
9,mean,False,84,2.799291020874985,1.9272322931579527e-06,0.9999361363235354
9,mean,False,85,2.7691112755975924,1.8859005106091632e-06,0.999938022224046
9,mean,False,86,2.7275718357579337,1.8297441055444785e-06,0.9999398519681516
9,mean,False,87,2.67884773363759,1.764956556113249e-06,0.9999416169247076
9,mean,False,88,2.6489407651188066,1.7257681742252407e-06,0.9999433426928818
9,mean,False,89,2.630988998297043,1.702456508559284e-06,0.9999450451493904
9,mean,False,90,2.6003217307210154,1.6629995540173223e-06,0.9999467081489444
9,mean,False,91,2.536852153618371,1.5828081471554326e-06,0.9999482909570916
9,mean,False,92,2.526366146860104,1.5697502047817125e-06,0.9999498607072963
9,mean,False,93,2.480783364118587,1.5136157697628245e-06,0.999951374323066
9,mean,False,94,2.4543401479341522,1.4815198176137195e-06,0.9999528558428836
9,mean,False,95,2.448027386953611,1.4739084416298349e-06,0.9999543297513254
9,mean,False,96,2.4144018756174566,1.4336960266519519e-06,0.999955763447352
9,mean,False,97,2.3651432388001363,1.3757922465700412e-06,0.9999571392395985
9,mean,False,98,2.360308986807166,1.370173872853121e-06,0.9999585094134714
9,mean,False,99,2.336032887159315,1.342133965281757e-06,0.9999598515474366
9,mean,False,100,2.3043633873952762,1.3059901299481966e-06,0.9999611575375665
9,mean,False,101,2.286923087882753,1.2862964764384598e-06,0.999962443834043
9,mean,False,102,2.250394628854218,1.2455332543912868e-06,0.9999636893672973
9,mean,False,103,2.238999726501265,1.2329516412875153e-06,0.9999649223189386
9,mean,False,104,2.2199071497538507,1.2120138479290346e-06,0.9999661343327867
9,mean,False,105,2.156530517879099,1.1437975943468936e-06,0.999967278130381
9,mean,False,106,2.1224389415694116,1.1079199243271666e-06,0.9999683860503054
9,mean,False,107,2.0928581849565995,1.0772526320283864e-06,0.9999694633029373
9,mean,False,108,2.0726295305900986,1.0565287641904375e-06,0.9999705198317016
9,mean,False,109,2.0287877857899113,1.0123045879136456e-06,0.9999715321362894
9,mean,False,110,2.019557085473936,1.0031138556335482e-06,0.9999725352501451
9,mean,False,111,1.9999938955083791,9.837739132725669e-07,0.9999735190240584
9,mean,False,112,1.9760693718281366,9.603782938339267e-07,0.9999744794023523
9,mean,False,113,1.941886964647765,9.274400684526113e-07,0.9999754068424208
9,mean,False,114,1.9318139339339775,9.178433179409005e-07,0.9999763246857387
9,mean,False,115,1.9171662414612973,9.039772651396374e-07,0.9999772286630039
9,mean,False,116,1.876067696922953,8.656353296939364e-07,0.9999780942983335
9,mean,False,117,1.8519365997038078,8.435099141750126e-07,0.9999789378082476
9,mean,False,118,1.8325305344328588,8.25924599798439e-07,0.9999797637328475
9,mean,False,119,1.7963457677331363,7.936295540938408e-07,0.9999805573624014
9,mean,False,120,1.7776425103693723,7.77189307184264e-07,0.9999813345517088
9,mean,False,121,1.7553961172627828,7.57858679558032e-07,0.9999820924103884
9,mean,False,122,1.7464251630850942,7.501323971553912e-07,0.9999828425427855
9,mean,False,123,1.7174226319601993,7.254246775577191e-07,0.999983567967463
9,mean,False,124,1.6796046064045969,6.938284056782997e-07,0.9999842617958687
9,mean,False,125,1.6460944706001401,6.664191589788952e-07,0.9999849282150277
9,mean,False,126,1.6139486212468386,6.406448988223454e-07,0.9999855688599265
9,mean,False,127,1.584798992516986,6.177124219293017e-07,0.9999861865723485
9,mean,False,128,1.5706599734978648,6.067395634595524e-07,0.999986793311912
9,mean,False,129,1.5438364591837686,5.861928920001537e-07,0.999987379504804
9,mean,False,130,1.5232114138290909,5.706349041098058e-07,0.9999879501397081
9,mean,False,131,1.5097044310325693,5.605596346804403e-07,0.9999885106993427
9,mean,False,132,1.48764600446715,5.442985311693198e-07,0.9999890549978738
9,mean,False,133,1.4725647672288096,5.333186518093442e-07,0.9999895883165257
9,mean,False,134,1.4645136795929519,5.275028705685939e-07,0.9999901158193962
9,mean,False,135,1.4232592287815153,4.982025879213268e-07,0.9999906140219842
9,mean,False,136,1.4095281859047966,4.886360351923099e-07,0.9999911026580194
9,mean,False,137,1.364563612574412,4.579578780902119e-07,0.9999915606158974
9,mean,False,138,1.3513879454664577,4.491568664551461e-07,0.9999920097727639
9,mean,False,139,1.3148405542957549,4.251910786389027e-07,0.9999924349638426
9,mean,False,140,1.3014650357851256,4.1658437085723044e-07,0.9999928515482134
9,mean,False,141,1.2714210186328347,3.975728650619276e-07,0.9999932491210785
9,mean,False,142,1.2464542481463787,3.8211197319656e-07,0.9999936312330516
9,mean,False,143,1.2384780804923423,3.772372854441464e-07,0.9999940084703371
9,mean,False,144,1.2276508968265314,3.706702516345816e-07,0.9999943791405886
9,mean,False,145,1.2197882565252862,3.6593745031325684e-07,0.999994745078039
9,mean,False,146,1.2000138633426036,3.5416895388038684e-07,0.9999950992469928
9,mean,False,147,1.1906410187146004,3.4865800648851383e-07,0.9999954479049993
9,mean,False,148,1.1578400701432958,3.2971227261142935e-07,0.9999957776172719
9,mean,False,149,1.1267012651668982,3.1221626641360913e-07,0.9999960898335384
9,mean,False,150,1.109068138542445,3.025202286831013e-07,0.999996392353767
9,mean,False,151,1.0779951080773496,2.8580613179998486e-07,0.9999966781598988
9,mean,False,152,1.0527356644703965,2.725691088998936e-07,0.9999969507290077
9,mean,False,153,1.0298107661603397,2.608271630624102e-07,0.9999972115561708
9,mean,False,154,1.0219638386122054,2.5686741773593933e-07,0.9999974684235885
9,mean,False,155,1.0090384132098507,2.5041097635339413e-07,0.9999977188345649
9,mean,False,156,0.9698391925524819,2.3133291116367805e-07,0.9999979501674761
9,mean,False,157,0.9520403263416974,2.2291980325701443e-07,0.9999981730872792
9,mean,False,158,0.9368486654637,2.158623232788943e-07,0.9999983889496026
9,mean,False,159,0.9210942280347441,2.0866330588471246e-07,0.9999985976129085
9,mean,False,160,0.8942633946705806,1.9668392655358544e-07,0.9999987942968351
9,mean,False,161,0.8820528719703596,1.9134944140670844e-07,0.9999989856462765
9,mean,False,162,0.8681087510391783,1.853472856792718e-07,0.9999991709935623
9,mean,False,163,0.8419708678957857,1.7435407110325863e-07,0.9999993453476332
9,mean,False,164,0.7907862555816484,1.5379994733264049e-07,0.9999994991475807
9,mean,False,165,0.7808044827907753,1.4994174407973455e-07,0.9999996490893247
9,mean,False,166,0.7223632414944847,1.283362184784732e-07,0.9999997774255431
9,mean,False,167,0.6989321095259444,1.2014562129749488e-07,0.9999998975711645
9,mean,False,168,0.6453452780718275,1.0242883553101367e-07,1.0
9,mean,True,1,782.2745154968817,0.9884328353795528,0.9884328353795528
9,mean,True,2,30.123511592163354,0.00146568281098081,0.9898985181905338
9,mean,True,3,24.00723861059478,0.0009309218362845228,0.9908294400268183
9,mean,True,4,21.44813757340202,0.0007430327784564139,0.9915724728052747
9,mean,True,5,19.722120163728054,0.0006282550680133152,0.992200727873288
9,mean,True,6,19.254786499009743,0.0005988336747229771,0.992799561548011
9,mean,True,7,18.401985709156506,0.0005469632881459305,0.9933465248361568
9,mean,True,8,17.35254769895749,0.0004863571370021094,0.993832881973159
9,mean,True,9,15.872139342929497,0.00040691128514548186,0.9942397932583046
9,mean,True,10,15.538519269397263,0.0003899851417444583,0.994629778400049
9,mean,True,11,13.624100714830913,0.0002998088788997275,0.9949295872789486
9,mean,True,12,13.415115182164092,0.00029068164635950595,0.995220268925308
9,mean,True,13,12.66866701395431,0.0002592332125778956,0.9954795021378859
9,mean,True,14,12.502971483769448,0.00025249645253368414,0.9957319985904196
9,mean,True,15,12.268038315196833,0.00024309669076615073,0.9959750952811857
9,mean,True,16,12.120268474911628,0.00023727570881090538,0.9962123709899968
9,mean,True,17,11.37369768542214,0.00020894508534710342,0.9964213160753439
9,mean,True,18,11.185496133941863,0.0002020874312652261,0.996623403506609
9,mean,True,19,10.375077871984027,0.0001738647456986211,0.9967972682523077
9,mean,True,20,9.920995813716171,0.00015897884310570016,0.9969562470954134
9,mean,True,21,9.372620613766546,0.00014188970161956103,0.9970981367970331
9,mean,True,22,9.0358729580539,0.00013187699178158428,0.9972300137888147
9,mean,True,23,8.567041287482468,0.00011854698672039158,0.9973485607755349
9,mean,True,24,8.466462903875668,0.00011577980644688277,0.9974643405819819
9,mean,True,25,8.087053270735364,0.00010563538203713333,0.9975699759640191
9,mean,True,26,7.954307329768888,0.00010219591420937692,0.9976721718782284
9,mean,True,27,7.3921441982045355,8.826116582074236e-05,0.9977604330440493
9,mean,True,28,7.352705376433123,8.732189014032115e-05,0.9978477549341896
9,mean,True,29,7.16213095232117,8.285396838786057e-05,0.9979306089025775
9,mean,True,30,6.977038811757769,7.862688625357215e-05,0.9980092357888309
9,mean,True,31,6.640353723467914,7.122151837169557e-05,0.9980804573072026
9,mean,True,32,6.364634571994689,6.542982316723071e-05,0.9981458871303698
9,mean,True,33,6.326120210721331,6.464034713106714e-05,0.9982105274775008
9,mean,True,34,6.010514042016566,5.8351500956845794e-05,0.9982688789784577
9,mean,True,35,5.738710663682442,5.319336411158743e-05,0.9983220723425693
9,mean,True,36,5.597476945192044,5.0607330186834205e-05,0.9983726796727561
9,mean,True,37,5.450510763279459,4.7984746269946175e-05,0.998420664419026
9,mean,True,38,5.385071104431829,4.683943887753134e-05,0.9984675038579035
9,mean,True,39,5.304726545770311,4.545218881381729e-05,0.9985129560467173
9,mean,True,40,5.277149784012111,4.498084832450867e-05,0.9985579368950421
9,mean,True,41,5.090651300012536,4.1857713293490404e-05,0.9985997946083356
9,mean,True,42,5.017500891825656,4.066340258699262e-05,0.9986404580109225
9,mean,True,43,4.897740430911209,3.8745416082241574e-05,0.9986792034270047
9,mean,True,44,4.826957486760361,3.763359848938696e-05,0.9987168370254941
9,mean,True,45,4.772460031524376,3.678861172917819e-05,0.9987536256372233
9,mean,True,46,4.703514660168188,3.573335578586273e-05,0.9987893589930091
9,mean,True,47,4.5678137575486595,3.370121636226593e-05,0.9988230602093713
9,mean,True,48,4.538441987837088,3.3269201430997786e-05,0.9988563294108024
9,mean,True,49,4.470106144483919,3.2274867725065524e-05,0.9988886042785274
9,mean,True,50,4.374070983563202,3.090298654021821e-05,0.9989195072650675
9,mean,True,51,4.315188756952389,3.007657608441936e-05,0.998949583841152
9,mean,True,52,4.213162925098987,2.8671162830391918e-05,0.9989782550039824
9,mean,True,53,4.112648398674641,2.731945074985186e-05,0.9990055744547321
9,mean,True,54,4.084167404891647,2.6942374556297955e-05,0.9990325168292885
9,mean,True,55,4.0376883519214815,2.6332639251393554e-05,0.9990588494685398
9,mean,True,56,4.022776306751934,2.613849430594966e-05,0.9990849879628458
9,mean,True,57,3.92306234323736,2.4858746125455485e-05,0.9991098467089713
9,mean,True,58,3.9022588824728928,2.459580012955968e-05,0.9991344425091009
9,mean,True,59,3.8459947994353345,2.38916522493642e-05,0.9991583341613504
9,mean,True,60,3.796360544558997,2.3278966846995667e-05,0.9991816131281973
9,mean,True,61,3.7217850799099614,2.237336875024916e-05,0.9992039864969475
9,mean,True,62,3.708399033324287,2.2212718758739938e-05,0.9992261992157063
9,mean,True,63,3.690619427853558,2.200023534738616e-05,0.9992481994510537
9,mean,True,64,3.6070007780086915,2.101460694963783e-05,0.9992692140580033
9,mean,True,65,3.5841148547704242,2.0748783365899734e-05,0.9992899628413693
9,mean,True,66,3.5096925972891473,1.989605436133551e-05,0.9993098588957307
9,mean,True,67,3.462316119297032,1.9362535849893752e-05,0.9993292214315804
9,mean,True,68,3.3983692153276643,1.8653911905469257e-05,0.9993478753434859
9,mean,True,69,3.346771810000743,1.8091767754068718e-05,0.99936596711124
9,mean,True,70,3.324033959240841,1.784677315699022e-05,0.999383813884397
9,mean,True,71,3.2900293062448456,1.7483498173519464e-05,0.9994012973825704
9,mean,True,72,3.2271170165970546,1.6821248484984545e-05,0.9994181186310557
9,mean,True,73,3.1972565455584476,1.6511395103516458e-05,0.9994346300261592
9,mean,True,74,3.1716204990444354,1.624767531727826e-05,0.9994508777014764
9,mean,True,75,3.133544059076523,1.585989875018705e-05,0.9994667376002266
9,mean,True,76,3.0909420300874064,1.5431584440837216e-05,0.9994821691846675
9,mean,True,77,3.0498284580367256,1.5023794154623322e-05,0.9994971929788221
9,mean,True,78,3.0188749409694506,1.472038078448046e-05,0.9995119133596065
9,mean,True,79,2.9787210862836337,1.4331395427787557e-05,0.9995262447550344
9,mean,True,80,2.921898544974286,1.378983481323392e-05,0.9995400345898475
9,mean,True,81,2.8848988680878698,1.3442807701519392e-05,0.9995534773975491
9,mean,True,82,2.860430239247099,1.321574105603198e-05,0.9995666931386051
9,mean,True,83,2.8046147930369205,1.2705016702917406e-05,0.9995793981553079
9,mean,True,84,2.7691487692973022,1.238572337601119e-05,0.999591783878684
9,mean,True,85,2.7331711149533278,1.2065975638944854e-05,0.9996038498543228
9,mean,True,86,2.6824624964627417,1.162240800087752e-05,0.9996154722623237
9,mean,True,87,2.6494199475371993,1.1337842067958172e-05,0.9996268101043917
9,mean,True,88,2.633049152049238,1.1198161642910879e-05,0.9996380082660349
9,mean,True,89,2.6003324340688487,1.0921607014064582e-05,0.999648929873049
9,mean,True,90,2.5749891911485134,1.070975708128143e-05,0.9996596396301302
9,mean,True,91,2.530559815122535,1.0343368894382161e-05,0.9996699829990245
9,mean,True,92,2.4807881580534796,9.94049840177358e-06,0.9996799234974263
9,mean,True,93,2.454361607542898,9.729844448405292e-06,0.9996896533418747
9,mean,True,94,2.4481174477090484,9.680399883710187e-06,0.9996993337417583
9,mean,True,95,2.415113996135533,9.421153265642726e-06,0.999708754895024
9,mean,True,96,2.382174305529848,9.165915970178794e-06,0.9997179208109942
9,mean,True,97,2.3630594852388933,9.01940955791979e-06,0.9997269402205521
9,mean,True,98,2.337794402625975,8.827575252121095e-06,0.9997357677958042
9,mean,True,99,2.3050662688697154,8.582140705892621e-06,0.9997443499365101
9,mean,True,100,2.288716522376642,8.460826885617985e-06,0.9997528107633956
9,mean,True,101,2.250733143635072,8.182326629780601e-06,0.9997609930900255
9,mean,True,102,2.241607477292967,8.116110153878848e-06,0.9997691092001794
9,mean,True,103,2.2225384210861057,7.978612154778938e-06,0.9997770878123342
9,mean,True,104,2.1595064451179957,7.532476902500709e-06,0.9997846202892366
9,mean,True,105,2.1245274751297156,7.2904360258682564e-06,0.9997919107252626
9,mean,True,106,2.0928866369474437,7.074898434103307e-06,0.9997989856236967
9,mean,True,107,2.0752568934287945,6.9562075242122065e-06,0.999805941831221
9,mean,True,108,2.028938472122218,6.649156483392398e-06,0.9998125909877043
9,mean,True,109,2.0204018965253203,6.593322736530221e-06,0.9998191843104409
9,mean,True,110,2.0008246975227535,6.466166431042256e-06,0.9998256504768719
9,mean,True,111,1.9778858889713233,6.318751319367143e-06,0.9998319692281912
9,mean,True,112,1.9419164806732143,6.091018163609869e-06,0.9998380602463549
9,mean,True,113,1.9321224988455046,6.02973346148353e-06,0.9998440899798164
9,mean,True,114,1.9175877328948012,5.9393550125585675e-06,0.9998500293348289
9,mean,True,115,1.8834436575780917,5.7297287885534244e-06,0.9998557590636175
9,mean,True,116,1.8537755216413863,5.5506403175024645e-06,0.999861309703935
9,mean,True,117,1.8326624384214516,5.424925233901629e-06,0.999866734629169
9,mean,True,118,1.7991513664008658,5.2283446160254225e-06,0.9998719629737851
9,mean,True,119,1.778120046985611,5.1068247699141945e-06,0.9998770697985551
9,mean,True,120,1.7581332409321333,4.992664348834429e-06,0.9998820624629037
9,mean,True,121,1.7465940037167145,4.9273422507312105e-06,0.9998869898051544
9,mean,True,122,1.7177251063801842,4.765803438550725e-06,0.9998917556085929
9,mean,True,123,1.6801486836312574,4.559573612154549e-06,0.999896315182205
9,mean,True,124,1.6577854618612773,4.4390031475815295e-06,0.9999007541853526
9,mean,True,125,1.6342486899039286,4.313850502995913e-06,0.9999050680358555
9,mean,True,126,1.584803457307738,4.056762840335434e-06,0.9999091247986958
9,mean,True,127,1.5731090959027276,3.997113532240736e-06,0.999913121912228
9,mean,True,128,1.5438365920522512,3.849740538395592e-06,0.9999169716527667
9,mean,True,129,1.529323074121287,3.777698396239731e-06,0.9999207493511626
9,mean,True,130,1.5097170616098567,3.6814586408066665e-06,0.9999244308098035
9,mean,True,131,1.4876523441723708,3.5746349842102652e-06,0.9999280054447877
9,mean,True,132,1.4729381774676271,3.504272232379363e-06,0.9999315097170202
9,mean,True,133,1.46452830691787,3.464370566235778e-06,0.9999349740875862
9,mean,True,134,1.4239397817697126,3.275005595881555e-06,0.9999382490931822
9,mean,True,135,1.410388217610602,3.2129660897176814e-06,0.9999414620592719
9,mean,True,136,1.3650262005427105,3.0096138325781565e-06,0.9999444716731044
9,mean,True,137,1.3526341492856666,2.9552178058133467e-06,0.9999474268909103
9,mean,True,138,1.3149586832411522,2.7928847460463233e-06,0.9999502197756565
9,mean,True,139,1.3015240617770831,2.7361077895361343e-06,0.9999529558834459
9,mean,True,140,1.2716930588171156,2.6121216645374087e-06,0.9999555680051104
9,mean,True,141,1.2486165263226432,2.518181083407412e-06,0.9999580861861939
9,mean,True,142,1.2387926359688377,2.478711773255968e-06,0.9999605648979671
9,mean,True,143,1.231407342516755,2.4492452653997495e-06,0.9999630141432325
9,mean,True,144,1.2220488150853062,2.4121588704579412e-06,0.999965426302103
9,mean,True,145,1.2003086231385303,2.327097886752526e-06,0.9999677533999898
9,mean,True,146,1.1907398574790524,2.290142895806524e-06,0.9999700435428857
9,mean,True,147,1.1609135047523456,2.1768501101488355e-06,0.9999722203929957
9,mean,True,148,1.1267089480348889,2.0504646492856327e-06,0.9999742708576451
9,mean,True,149,1.109115498023318,1.9869289943236385e-06,0.9999762577866393
9,mean,True,150,1.0779955185940289,1.8769932480338496e-06,0.9999781347798875
9,mean,True,151,1.0534576943081406,1.7925158253204395e-06,0.9999799272957127
9,mean,True,152,1.0314018861327978,1.718243232506707e-06,0.9999816455389453
9,mean,True,153,1.0223026324652584,1.6880595286932212e-06,0.9999833335984739
9,mean,True,154,1.0105129097961212,1.6493488878208287e-06,0.9999849829473618
9,mean,True,155,0.970574385452052,1.5215507790846586e-06,0.9999865044981409
9,mean,True,156,0.9522776692594855,1.4647246829355086e-06,0.9999879692228237
9,mean,True,157,0.9408551793682357,1.4297969278484858e-06,0.9999893990197516
9,mean,True,158,0.9220717633952458,1.3732773122192751e-06,0.9999907722970639
9,mean,True,159,0.897093807750827,1.2998837583408789e-06,0.9999920721808222
9,mean,True,160,0.8821083455362173,1.2568187795176487e-06,0.9999933289996018
9,mean,True,161,0.8681923942288955,1.2174769659226266e-06,0.9999945464765677
9,mean,True,162,0.8421229362698337,1.1454596403501154e-06,0.999995691936208
9,mean,True,163,0.7916194271459219,1.0121891716010438e-06,0.9999967041253796
9,mean,True,164,0.7808079436443587,9.847301736739908e-07,0.9999976888555533
9,mean,True,165,0.7223973246358224,8.429097111535983e-07,0.9999985317652643
9,mean,True,166,0.7008047564842731,7.932733805324303e-07,0.9999993250386449
9,mean,True,167,0.6464352854531892,6.749613550575836e-07,1.0
9,mean,True,168,7.294361863876349e-14,8.594159472021752e-33,1.0
14,last,False,1,321.71729049733756,0.53504846123855,0.53504846123855
14,last,False,2,85.54338446335274,0.03782833027750898,0.5728767915160591
14,last,False,3,80.24157719414906,0.03328459120244617,0.6061613827185053
14,last,False,4,72.76928283418182,0.027374141270867257,0.6335355239893725
14,last,False,5,66.16408442226769,0.02263022796276582,0.6561657519521383
14,last,False,6,60.83974498351134,0.019134586633070137,0.6753003385852084
14,last,False,7,53.08677481883006,0.01456857242944092,0.6898689110146493
14,last,False,8,51.632669259832994,0.01378140416390275,0.703650315178552
14,last,False,9,50.447277038011144,0.01315587606850326,0.7168061912470552
14,last,False,10,45.85548243663386,0.010869932530276788,0.7276761237773322
14,last,False,11,43.66897391707314,0.009858033497397315,0.7375341572747294
14,last,False,12,42.62915498727032,0.009394155884567035,0.7469283131592965
14,last,False,13,41.12137760451785,0.00874137246270601,0.7556696856220025
14,last,False,14,40.030148733882235,0.008283592420540706,0.7639532780425433
14,last,False,15,37.49896072041435,0.007269135719608124,0.7712224137621514
14,last,False,16,36.94456787946632,0.007055787571053098,0.7782782013332042
14,last,False,17,35.49877080006119,0.0065143478478465085,0.7847925491810508
14,last,False,18,34.88495618234554,0.006291014384236869,0.7910835635652876
14,last,False,19,34.31529849109628,0.0060872323127029605,0.7971707958779907
14,last,False,20,33.826843377675424,0.005915170396457442,0.8030859662744482
14,last,False,21,31.765005318288424,0.0052160552067900285,0.8083020214812382
14,last,False,22,30.78352889107693,0.004898703144735341,0.8132007246259735
14,last,False,23,30.28454206933204,0.004741178832482791,0.8179419034584563
14,last,False,24,29.762542887664715,0.004579144865117489,0.8225210483235739
14,last,False,25,29.1600828626158,0.004395637017227966,0.8269166853408019
14,last,False,26,28.267475876910407,0.004130649783999046,0.8310473351248009
14,last,False,27,28.206378351771235,0.004112813048927725,0.8351601481737286
14,last,False,28,27.974607972022863,0.004045501186603903,0.8392056493603325
14,last,False,29,26.724769522095528,0.0036920897661558674,0.8428977391264884
14,last,False,30,26.278387307765755,0.0035697823100145076,0.8464675214365028
14,last,False,31,25.85231475113537,0.003454961276823667,0.8499224827133266
14,last,False,32,25.350351231082712,0.003322096750119399,0.8532445794634459
14,last,False,33,25.258795898514425,0.0032981439120955474,0.8565427233755415
14,last,False,34,24.89326538640937,0.003203376998416781,0.8597461003739583
14,last,False,35,24.596661659709167,0.003127495179661814,0.8628735955536201
14,last,False,36,24.38353068785906,0.0030735302809668753,0.865947125834587
14,last,False,37,24.0847798520939,0.0029986769165498304,0.8689458027511368
14,last,False,38,23.731400770211813,0.0029113274944673863,0.8718571302456042
14,last,False,39,23.372992214865224,0.002824053652671571,0.8746811838982756
14,last,False,40,23.061416682124644,0.0027492629553860755,0.8774304468536618
14,last,False,41,22.59013848134042,0.0026380444017152778,0.8800684912553771
14,last,False,42,22.362612024037798,0.002585171579915354,0.8826536628352925
14,last,False,43,22.032778491150196,0.002509474870358356,0.8851631377056508
14,last,False,44,21.906877139470577,0.002480877153880849,0.8876440148595316
14,last,False,45,21.711508707735177,0.0024368248836328663,0.8900808397431644
14,last,False,46,21.455079433117444,0.002379603330419213,0.8924604430735837
14,last,False,47,21.100980783737466,0.0023017046681797905,0.8947621477417637
14,last,False,48,20.9152728563446,0.002261368737335704,0.8970235164790993
14,last,False,49,20.551869191621726,0.002183468689993443,0.8992069851690927
14,last,False,50,20.375864918454607,0.002146230785989978,0.9013532159550827
14,last,False,51,20.185176255318456,0.00210624751843477,0.9034594634735174
14,last,False,52,19.96532738209789,0.0020606165636595473,0.905520080037177
14,last,False,53,19.759776170545706,0.0020184051989337775,0.9075384852361107
14,last,False,54,19.590438037301293,0.001983958613107949,0.9095224438492185
14,last,False,55,19.398673240399173,0.0019453079868392994,0.9114677518360578
14,last,False,56,19.159055704240004,0.001897546882637406,0.9133652987186954
14,last,False,57,18.959774567495874,0.0018582778618658194,0.9152235765805613
14,last,False,58,18.776767872379146,0.0018225774358335831,0.9170461540163949
14,last,False,59,18.359774060037207,0.001742524846114281,0.9187886788625091
14,last,False,60,18.146504660911205,0.0017022772056105033,0.9204909560681196
14,last,False,61,17.99239105566779,0.0016734859786812423,0.9221644420468008
14,last,False,62,17.86193746237624,0.0016493067772070833,0.9238137488240079
14,last,False,63,17.587964789862927,0.001599099507750937,0.9254128483317589
14,last,False,64,17.495997701338826,0.001582419917005387,0.9269952682487642
14,last,False,65,17.124410576772686,0.001515917541765851,0.9285111857905299
14,last,False,66,17.060517659138057,0.0015046265599625885,0.9300158123504926
14,last,False,67,16.95474466140805,0.001486027416170334,0.9315018397666629
14,last,False,68,16.72574427156849,0.0014461562513432972,0.9329479960180063
14,last,False,69,16.519526439085652,0.001410715705183263,0.9343587117231895
14,last,False,70,16.457665122661936,0.0014001699632541656,0.9357588816864437
14,last,False,71,16.277176142131754,0.0013696274166124975,0.9371285091030562
14,last,False,72,16.22720472857779,0.0013612307318762837,0.9384897398349326
14,last,False,73,16.07530795801044,0.0013358660651229361,0.9398256059000555
14,last,False,74,15.915939699395416,0.0013095101973726294,0.9411351160974281
14,last,False,75,15.84580573204807,0.0012979948489788794,0.9424331109464069
14,last,False,76,15.695925826933243,0.0012735564216083029,0.9437066673680152
14,last,False,77,15.533222424742947,0.001247289989277219,0.9449539573572925
14,last,False,78,15.419472129709094,0.001229088986816791,0.9461830463441093
14,last,False,79,15.359656354645821,0.0012195716296543304,0.9474026179737636
14,last,False,80,15.205899155935587,0.0011952769002733805,0.948597894874037
14,last,False,81,15.017215075553159,0.001165797490317302,0.9497636923643542
14,last,False,82,14.843294538445734,0.0011389506983299981,0.9509026430626842
14,last,False,83,14.770576973900576,0.0011278185540257836,0.9520304616167101
14,last,False,84,14.705235385710587,0.0011178622125356998,0.9531483238292457
14,last,False,85,14.529355227335065,0.0010912820165309121,0.9542396058457767
14,last,False,86,14.443959757258233,0.0010784918165190004,0.9553180976622957
14,last,False,87,14.416421888836249,0.0010743833788268854,0.9563924810411226
14,last,False,88,14.232276294187123,0.0010471117837301527,0.9574395928248527
14,last,False,89,14.177560695123443,0.0010390760744744486,0.9584786688993272
14,last,False,90,13.938538724488328,0.0010043354830557006,0.9594830043823829
14,last,False,91,13.774989821947395,0.0009809048634469013,0.9604639092458298
14,last,False,92,13.683394045050758,0.0009679033252174893,0.9614318125710474
14,last,False,93,13.457000975204371,0.0009361401721544337,0.9623679527432017
14,last,False,94,13.41765793011038,0.0009306743531533314,0.9632986270963552
14,last,False,95,13.291611147295871,0.0009132707936189548,0.9642118978899742
14,last,False,96,13.196905127605163,0.0009003025986436851,0.9651122004886176
14,last,False,97,13.082228371344335,0.0008847239150882065,0.9659969244037058
14,last,False,98,13.02209251052085,0.0008766088829153952,0.9668735332866213
14,last,False,99,12.923737557355706,0.0008634169595472179,0.9677369502461686
14,last,False,100,12.72280073154912,0.0008367770586230609,0.9685737273047915
14,last,False,101,12.660089329747196,0.0008285483460634806,0.969402275650855
14,last,False,102,12.467904185286248,0.0008035838996294573,0.9702058595504846
14,last,False,103,12.38029725933656,0.000792330656154054,0.9709981902066387
14,last,False,104,12.233107239113743,0.0007736025281728744,0.9717717927348115
14,last,False,105,12.218432135668383,0.0007717475803770833,0.9725435403151885
14,last,False,106,12.082335929810354,0.000754650957463906,0.9732981912726524
14,last,False,107,11.977338597365337,0.0007415918851087445,0.9740397831577612
14,last,False,108,11.92361101690293,0.0007349535869603542,0.9747747367447215
14,last,False,109,11.724834607099625,0.0007106532801244744,0.975485390024846
14,last,False,110,11.541009486941764,0.0006885443367887384,0.9761739343616348
14,last,False,111,11.517210434610657,0.0006857075300131769,0.976859641891648
14,last,False,112,11.392361853136652,0.0006709217272698173,0.9775305636189177
14,last,False,113,11.281975678936186,0.0006579829390773426,0.9781885465579951
14,last,False,114,11.152183302460195,0.0006429306242886896,0.9788314771822838
14,last,False,115,11.146235361472524,0.000642245001836775,0.9794737221841205
14,last,False,116,11.080626477785337,0.0006347064988199066,0.9801084286829405
14,last,False,117,11.019193704169853,0.0006276881786222746,0.9807361168615626
14,last,False,118,10.85195339504401,0.0006087796890787695,0.9813448965506413
14,last,False,119,10.83210765718031,0.0006065550877794956,0.9819514516384209
14,last,False,120,10.674400533286914,0.0005890217124390046,0.9825404733508599
14,last,False,121,10.619651862115786,0.0005829950590362763,0.9831234684098963
14,last,False,122,10.51245210176057,0.000571284412638591,0.9836947528225348
14,last,False,123,10.456421523329944,0.000565210835904331,0.9842599636584393
14,last,False,124,10.394248199191127,0.0005585093916165729,0.9848184730500559
14,last,False,125,10.3481088688233,0.0005535620294012858,0.9853720350794571
14,last,False,126,10.109887531853357,0.0005283685546821308,0.9859004036341393
14,last,False,127,10.010995544424722,0.0005180824140691126,0.9864184860482085
14,last,False,128,9.918531393333696,0.0005085563238250266,0.9869270423720333
14,last,False,129,9.828257670825762,0.0004993411792559518,0.9874263835512893
14,last,False,130,9.802329211619359,0.0004967099765455902,0.9879230935278348
14,last,False,131,9.629264851965948,0.00047932554942825475,0.988402419077263
14,last,False,132,9.542672952048143,0.00047074356752099686,0.9888731626447841
14,last,False,133,9.450592231062641,0.00046170264687076136,0.9893348652916548
14,last,False,134,9.340678664928621,0.00045102558481933746,0.9897858908764741
14,last,False,135,9.317471102834542,0.0004487871605261352,0.9902346780370003
14,last,False,136,9.156715541757144,0.0004334347828008199,0.990668112819801
14,last,False,137,9.105039923449828,0.000428556437703496,0.9910966692575046
14,last,False,138,9.061178331725413,0.00042443742406216153,0.9915211066815667
14,last,False,139,8.93628267473105,0.00041281751062626263,0.9919339241921931
14,last,False,140,8.799334155093737,0.0004002616075638508,0.9923341857997569
14,last,False,141,8.6757917902613,0.000389101187548871,0.9927232869873058
14,last,False,142,8.591415473509253,0.00038156959217625514,0.993104856579482
14,last,False,143,8.527490671535393,0.00037591254609017807,0.9934807691255721
14,last,False,144,8.500075530750108,0.00037349937911920864,0.9938542685046914
14,last,False,145,8.394016281116865,0.00036423688991545463,0.9942185053946069
14,last,False,146,8.310628706951801,0.00035703605416608316,0.994575541448773
14,last,False,147,8.15211393840452,0.00034354592106832643,0.9949190873698412
14,last,False,148,8.108506942943988,0.0003398803841033159,0.9952589677539445
14,last,False,149,8.015494465013402,0.00033212758810383596,0.9955910953420484
14,last,False,150,7.960430944575054,0.00032758007129587557,0.9959186754133442
14,last,False,151,7.884623503804022,0.0003213706677442846,0.9962400460810885
14,last,False,152,7.725916243077188,0.000308563325067403,0.996548609406156
14,last,False,153,7.648785060592059,0.00030243303547047547,0.9968510424416265
14,last,False,154,7.533885392477601,0.0002934150142199673,0.9971444574558465
14,last,False,155,7.419983112008799,0.0002846099953456538,0.9974290674511921
14,last,False,156,7.232649725976526,0.0002704202315931769,0.9976994876827854
14,last,False,157,7.022427577458866,0.00025492877117521014,0.9979544164539604
14,last,False,158,6.7216524886283455,0.0002335589024275191,0.9981879753563879
14,last,False,159,6.564162656055667,0.00022274244509795803,0.998410717801486
14,last,False,160,6.4624800100737785,0.00021589507733890068,0.9986266128788249
14,last,False,161,6.343552507412503,0.00020802205988712088,0.9988346349387119
14,last,False,162,6.304056595367662,0.00020543977058474054,0.9990400747092968
14,last,False,163,6.2109851714116,0.0001994184330015503,0.9992394931422982
14,last,False,164,6.006403806174556,0.0001864976513259372,0.9994259907936242
14,last,False,165,5.856415846518184,0.00017729975225263102,0.9996032905458768
14,last,False,166,5.8403867806151135,0.0001763305382259843,0.9997796210841028
14,last,False,167,4.755994590968458,0.00011693028779724603,0.9998965513719001
14,last,False,168,4.473425515118332,0.00010344862809996438,1.0
14,last,True,1,86.62286225117211,0.08247428569403965,0.08247428569403965
14,last,True,2,80.30281214651326,0.0708785805410674,0.15335286623510705
14,last,True,3,73.30455122276106,0.059062983579791874,0.21241584981489894
14,last,True,4,67.19543131927163,0.04962871094585776,0.2620445607607567
14,last,True,5,61.318554846479145,0.04132732778331371,0.30337188854407043
14,last,True,6,53.08822816039511,0.030977756718582453,0.3343496452626529
14,last,True,7,51.96878595220693,0.02968510885075224,0.3640347541134051
14,last,True,8,51.167301375433254,0.028776536902322607,0.3928112910157277
14,last,True,9,45.96266401982339,0.023220089449858938,0.4160313804655867
14,last,True,10,43.79440378955723,0.021080977254015427,0.4371123577196021
14,last,True,11,42.80024311411933,0.02013473763247985,0.4572470953520819
14,last,True,12,41.9926993185905,0.019382111499569702,0.47662920685165167
14,last,True,13,40.161639368440134,0.01772867861551449,0.4943578854671662
14,last,True,14,38.06465513628403,0.01592565495186829,0.5102835404190346
14,last,True,15,36.953444593761525,0.015009400885503114,0.5252929413045376
14,last,True,16,36.610410855182465,0.014732033864599854,0.5400249751691374
14,last,True,17,35.05596058569611,0.013507570624182468,0.5535325457933199
14,last,True,18,34.39359895758467,0.013001957703269139,0.5665345034965891
14,last,True,19,34.005282377858734,0.012710021177248787,0.5792445246738378
14,last,True,20,32.279271066652875,0.011452516887181512,0.5906970415610193
14,last,True,21,30.860405706214603,0.010467832519093506,0.6011648740801129
14,last,True,22,30.386993386261732,0.010149133512597565,0.6113140075927104
14,last,True,23,29.76273041839593,0.009736414274338955,0.6210504218670494
14,last,True,24,29.22785168388791,0.009389604350241922,0.6304400262172912
14,last,True,25,28.405832460059937,0.008868875236888101,0.6393089014541793
14,last,True,26,28.267073169769372,0.00878243995503065,0.64809134140921
14,last,True,27,27.984995843356028,0.008608034452613345,0.6566993758618234
14,last,True,28,26.91130563380454,0.007960182783767115,0.6646595586455905
14,last,True,29,26.334252950105935,0.007622466224713415,0.6722820248703039
14,last,True,30,26.07893677329697,0.007475379856034935,0.6797574047263387
14,last,True,31,25.427386249729988,0.007106519357937679,0.6868639240842764
14,last,True,32,25.26980330380937,0.007018708827088935,0.6938826329113653
14,last,True,33,24.92843775476054,0.006830360532419022,0.7007129934437843
14,last,True,34,24.771396047417923,0.006744573143860657,0.707457566587645
14,last,True,35,24.55528493423141,0.0066274042047296195,0.7140849707923747
14,last,True,36,24.26394792897737,0.006471075004728766,0.7205560457971035
14,last,True,37,23.79087946449525,0.0062212047710491795,0.7267772505681527
14,last,True,38,23.379144687502716,0.006007734622299392,0.7327849851904521
14,last,True,39,23.141813270986088,0.005886379703631217,0.7386713648940832
14,last,True,40,22.590172472955206,0.005609092428146585,0.7442804573222297
14,last,True,41,22.386575215493597,0.005508442498737958,0.7497888998209675
14,last,True,42,22.046764931748807,0.0053424841969190486,0.7551313840178866
14,last,True,43,21.907627880158287,0.0052752641851373985,0.760406648203024
14,last,True,44,21.75537341261417,0.005202194517374011,0.765608842720398
14,last,True,45,21.502368093918612,0.005081899678379825,0.7706907423987779
14,last,True,46,21.101641541258903,0.004894248153629334,0.7755849905524071
14,last,True,47,20.918631550374666,0.004809722765623406,0.7803947133180306
14,last,True,48,20.589129033795817,0.004659394190172879,0.7850541075082036
14,last,True,49,20.405511423644263,0.0045766581149176535,0.7896307656231212
14,last,True,50,20.189098022977184,0.004480096166564577,0.7941108617896857
14,last,True,51,19.97761054864011,0.004386726802882248,0.798497588592568
14,last,True,52,19.760575355930484,0.004291930434157612,0.8027895190267257
14,last,True,53,19.694238509384018,0.004263162523284325,0.80705268155001
14,last,True,54,19.403234738873458,0.004138107595326484,0.8111907891453365
14,last,True,55,19.16049645912476,0.004035218151431468,0.8152260072967681
14,last,True,56,18.97323596739716,0.003956729118625442,0.8191827364153936
14,last,True,57,18.84202807689988,0.0039021934561138975,0.8230849298715076
14,last,True,58,18.367060096067387,0.0037079408455532974,0.826792870717061
14,last,True,59,18.206543406897556,0.0036434138493416576,0.8304362845664025
14,last,True,60,18.029431337543702,0.003572872849880818,0.8340091574162833
14,last,True,61,17.87917932683859,0.003513570432407111,0.8375227278486904
14,last,True,62,17.59808972257858,0.0034039608637482523,0.8409266887124387
14,last,True,63,17.522501324467232,0.0033747818599264303,0.8443014705723652
14,last,True,64,17.13699816820869,0.0032279217908634207,0.8475293923632284
14,last,True,65,17.090455137113995,0.0032104119276733295,0.8507398042909018
14,last,True,66,16.954746302032152,0.003159629023489693,0.8538994333143914
14,last,True,67,16.799546515606888,0.0031020487615895354,0.8570014820759809
14,last,True,68,16.522053680568373,0.0030004166084899556,0.860001898684471
14,last,True,69,16.457712149332473,0.0029770931761374992,0.8629789918606084
14,last,True,70,16.278048810439355,0.002912448106107747,0.8658914399667162
14,last,True,71,16.245134390062066,0.002900682000012012,0.8687921219667282
14,last,True,72,16.07559505447071,0.002840453071960721,0.8716325750386889
14,last,True,73,15.928547318187329,0.0027887259828077242,0.8744213010214966
14,last,True,74,15.870096120183192,0.0027682965874657505,0.8771895976089624
14,last,True,75,15.738822048675734,0.0027226884758911447,0.8799122860848535
14,last,True,76,15.564091303953958,0.0026625700514749536,0.8825748561363285
14,last,True,77,15.513124477247244,0.0026451606756485923,0.885220016811977
14,last,True,78,15.363326625938166,0.002594322908886515,0.8878143397208634
14,last,True,79,15.248765190871824,0.002555776408435872,0.8903701161292993
14,last,True,80,15.146271814091532,0.0025215349715141926,0.8928916511008136
14,last,True,81,14.894827428924184,0.002438509516341663,0.8953301606171553
14,last,True,82,14.812060487703869,0.0024114844003770655,0.8977416450175324
14,last,True,83,14.72708769511322,0.00238389569242338,0.9001255407099557
14,last,True,84,14.531703001071747,0.0023210608667659114,0.9024466015767215
14,last,True,85,14.491979670524255,0.0023083886768115163,0.9047549902535331
14,last,True,86,14.417813781348048,0.002284821763747133,0.9070398120172802
14,last,True,87,14.272943604190878,0.002239136671383984,0.9092789486886643
14,last,True,88,14.198205704394887,0.0022157483317647698,0.911494697020429
14,last,True,89,13.942710951623232,0.0021367216533814287,0.9136314186738104
14,last,True,90,13.844624653098743,0.0021067639335200826,0.9157381826073305
14,last,True,91,13.706541977865916,0.0020649488769166214,0.9178031314842472
14,last,True,92,13.481953020505976,0.001997832721632548,0.9198009642058796
14,last,True,93,13.418343640978403,0.0019790251929904805,0.9217799893988701
14,last,True,94,13.328722976069365,0.0019526777893946678,0.9237326671882647
14,last,True,95,13.25249516536931,0.0019304066811156684,0.9256630738693804
14,last,True,96,13.096937568358054,0.0018853544816049247,0.9275484283509855
14,last,True,97,13.059580304370014,0.0018746143774807248,0.9294230427284662
14,last,True,98,12.923834172388984,0.001835846039090618,0.9312588887675568
14,last,True,99,12.775425106859885,0.0017939247586173615,0.9330528135261742
14,last,True,100,12.660844203802275,0.0017618901694756394,0.9348147036956498
14,last,True,101,12.473184923285691,0.0017100477019841185,0.936524751397634
14,last,True,102,12.383825816092541,0.001685633573600719,0.9382103849712348
14,last,True,103,12.247149089113462,0.00164863119223103,0.9398590161634657
14,last,True,104,12.224181747279365,0.001642453563191865,0.9415014697266576
14,last,True,105,12.097006979421344,0.0016084566681556062,0.9431099263948132
14,last,True,106,12.055817806207815,0.0015975220276771634,0.9447074484224902
14,last,True,107,11.95914377327952,0.001572004109792461,0.9462794525322827
14,last,True,108,11.763748838509265,0.0015210552525709486,0.9478005077848537
14,last,True,109,11.546813742255987,0.0014654730085077014,0.9492659807933613
14,last,True,110,11.524387886691024,0.001459786145867562,0.950725766939229
14,last,True,111,11.399363201517858,0.0014282843758315535,0.9521540513150605
14,last,True,112,11.283081436681565,0.0013992939244645939,0.953553345239525
14,last,True,113,11.157377283686115,0.001368288701447756,0.9549216339409727
14,last,True,114,11.147183420594299,0.0013657895879872618,0.95628742352896
14,last,True,115,11.10378884557784,0.0013551765935899888,0.9576426001225501
14,last,True,116,11.034272453305034,0.0013382612698565716,0.9589808613924067
14,last,True,117,10.855764281702148,0.0012953117715565235,0.9602761731639633
14,last,True,118,10.832255341936742,0.0012897076642328538,0.9615658808281962
14,last,True,119,10.681546768293817,0.0012540700491997453,0.9628199508773958
14,last,True,120,10.621738411646755,0.0012400657315270642,0.9640600166089228
14,last,True,121,10.514147859677504,0.0012150710215380477,0.9652750876304609
14,last,True,122,10.457326560011241,0.0012019733639900508,0.9664770609944509
14,last,True,123,10.39671964221932,0.0011880813237488078,0.9676651423181998
14,last,True,124,10.352003954012925,0.0011778835632610157,0.9688430258814608
14,last,True,125,10.110958932412844,0.0011236684729080085,0.9699666943543688
14,last,True,126,10.047689815088626,0.0011096498066618962,0.9710763441610306
14,last,True,127,9.919654537409317,0.0010815499918010686,0.9721578941528317
14,last,True,128,9.844749155389534,0.001065277643099328,0.9732231717959311
14,last,True,129,9.805263644913463,0.0010567495074884792,0.9742799213034196
14,last,True,130,9.63268647609119,0.0010198783045892747,0.9752997996080088
14,last,True,131,9.553812416710967,0.0010032448127652665,0.9763030444207741
14,last,True,132,9.450606288715685,0.0009816865590804966,0.9772847309798546
14,last,True,133,9.343242939335529,0.0009595084102739221,0.9782442393901286
14,last,True,134,9.317542531888103,0.000954237041109399,0.979198476431238
14,last,True,135,9.15717396167572,0.0009216720815741143,0.9801201485128122
14,last,True,136,9.11872882757197,0.000913949300518692,0.9810340978133307
14,last,True,137,9.096488327059253,0.0009094965084770561,0.9819435943218079
14,last,True,138,8.974251150566225,0.0008852173998816318,0.9828288117216893
14,last,True,139,8.818908842502477,0.0008548368003132878,0.9836836485220026
14,last,True,140,8.675955736119237,0.0008273478798159178,0.9845109964018187
14,last,True,141,8.591728837163767,0.0008113619308876245,0.9853223583327062
14,last,True,142,8.53118160165643,0.0007999666402360712,0.9861223249729424
14,last,True,143,8.501571388659624,0.000794423193451257,0.9869167481663935
14,last,True,144,8.394392029446289,0.0007745188608631717,0.9876912670272568
14,last,True,145,8.317268612592006,0.0007603524650077868,0.9884516194922646
14,last,True,146,8.152226871194152,0.0007304761110632981,0.9891820956033278
14,last,True,147,8.10855846518151,0.000722671300629397,0.9899047669039572
14,last,True,148,8.015572653357644,0.0007061917065055431,0.9906109586104628
14,last,True,149,7.965968402069646,0.0006974782381810544,0.9913084368486438
14,last,True,150,7.884749978842715,0.0006833282197072351,0.9919917650683511
14,last,True,151,7.729596322341113,0.0006567001720716322,0.9926484652404226
14,last,True,152,7.665093263160512,0.0006457856492884179,0.993294250889711
14,last,True,153,7.53408158279155,0.0006238987857053707,0.9939181496754166
14,last,True,154,7.425161799556795,0.0006059898449609745,0.9945241395203774
14,last,True,155,7.239429232497453,0.0005760526214245624,0.9951001921418021
14,last,True,156,7.0523718264902095,0.0005466683198337755,0.9956468604616358
14,last,True,157,6.723115405683995,0.0004968149264942385,0.99614367538813
14,last,True,158,6.564947282722264,0.0004737137481953527,0.9966173891363254
14,last,True,159,6.4669862751220775,0.0004596818765410157,0.9970770710128664
14,last,True,160,6.346013047991906,0.00044264485892398035,0.9975197158717903
14,last,True,161,6.311738508621524,0.00043787635991081005,0.9979575922317012
14,last,True,162,6.211286489925571,0.0004240495682385743,0.9983816417999398
14,last,True,163,6.008774970796328,0.0003968490846822734,0.998778490884622
14,last,True,164,5.857277120850203,0.00037709002727591336,0.999155580911898
14,last,True,165,5.844889953670223,0.00037549674840667334,0.9995310776603046
14,last,True,166,4.758947266734213,0.00024892888165588354,0.9997800065419605
14,last,True,167,4.473816136753908,0.00021999345803949783,1.0
14,last,True,168,2.0588680660681864e-14,4.6591912554755544e-33,1.0
14,mean,False,1,2126.4679674119047,0.9970968098679676,0.9970968098679676
14,mean,False,2,49.36662034694459,0.0005373861007390108,0.9976341959687066
14,mean,False,3,33.349328713293616,0.0002452414242704564,0.997879437392977
14,mean,False,4,29.29128918787092,0.00018918931724345618,0.9980686267102206
14,mean,False,5,25.67220924489086,0.0001453269384542275,0.9982139536486747
14,mean,False,6,22.007326383790843,0.00010679580791502368,0.9983207494565899
14,mean,False,7,21.658738513527602,0.00010343939051652448,0.9984241888471064
14,mean,False,8,20.827351548697532,9.565060735774402e-05,0.9985198394544641
14,mean,False,9,18.726131098599048,7.732425702469209e-05,0.9985971637114888
14,mean,False,10,17.423491370744333,6.694066247055718e-05,0.9986641043739594
14,mean,False,11,17.075498407980458,6.429340320929014e-05,0.9987283977771687
14,mean,False,12,16.237315371220795,5.813639374528089e-05,0.9987865341709139
14,mean,False,13,15.980218659780624,5.63099409419036e-05,0.9988428441118558
14,mean,False,14,15.575047479468935,5.349071404115299e-05,0.998896334825897
14,mean,False,15,14.725708153937518,4.78158647971067e-05,0.9989441506906941
14,mean,False,16,13.419645332015797,3.971016693757479e-05,0.9989838608576316
14,mean,False,17,13.228878404538694,3.858919206707129e-05,0.9990224500496987
14,mean,False,18,12.857861493827885,3.645500172757718e-05,0.9990589050514261
14,mean,False,19,12.671422247790852,3.540546992007373e-05,0.9990943105213462
14,mean,False,20,12.059193988832554,3.206684257078534e-05,0.999126377363917
14,mean,False,21,11.96332415054604,3.155901045620397e-05,0.9991579363743732
14,mean,False,22,11.487219296598159,2.9097083534008428e-05,0.9991870334579073
14,mean,False,23,11.257683328787195,2.7945873763389852e-05,0.9992149793316707
14,mean,False,24,10.749059007110459,2.547771825680257e-05,0.9992404570499275
14,mean,False,25,10.570369581026203,2.463768969816353e-05,0.9992650947396255
14,mean,False,26,10.504195155815207,2.433017319455026e-05,0.9992894249128201
14,mean,False,27,9.947246301617442,2.1818524612245152e-05,0.9993112434374324
14,mean,False,28,9.44771794255784,1.9682192498417433e-05,0.9993309256299309
14,mean,False,29,9.108448357812968,1.829399000534443e-05,0.9993492196199362
14,mean,False,30,8.967873730127057,1.7733669327473e-05,0.9993669532892637
14,mean,False,31,8.952511018464863,1.767296287620523e-05,0.9993846262521399
14,mean,False,32,8.789547033898886,1.7035411382489565e-05,0.9994016616635225
14,mean,False,33,8.511507911627856,1.5974697797678824e-05,0.9994176363613201
14,mean,False,34,8.456729892712705,1.5769740823690175e-05,0.9994334061021437
14,mean,False,35,8.208298490251536,1.485682195054434e-05,0.9994482629240942
14,mean,False,36,8.169706316110316,1.471744855629517e-05,0.9994629803726505
14,mean,False,37,7.804524165744161,1.3431128252708498e-05,0.9994764115009033
14,mean,False,38,7.768112702175714,1.3306096612275057e-05,0.9994897175975154
14,mean,False,39,7.6179067377352,1.2796492303036816e-05,0.9995025140898184
14,mean,False,40,7.508762160500241,1.2432438895274576e-05,0.9995149465287136
14,mean,False,41,7.439965247522385,1.2205665130237731e-05,0.9995271521938439
14,mean,False,42,7.265104723984521,1.1638671073672767e-05,0.9995387908649175
14,mean,False,43,7.211503674909996,1.1467567234916926e-05,0.9995502584321523
14,mean,False,44,7.123254749446329,1.1188621682535617e-05,0.9995614470538348
14,mean,False,45,7.002500114569562,1.0812494161919373e-05,0.9995722595479968
14,mean,False,46,6.974635882200012,1.0726615570835763e-05,0.9995829861635677
14,mean,False,47,6.779564019366191,1.0134986371494163e-05,0.9995931211499391
14,mean,False,48,6.7207720964927065,9.959968707617072e-06,0.999603081118647
14,mean,False,49,6.621789993254978,9.66875249660533e-06,0.9996127498711436
14,mean,False,50,6.482615623532676,9.2665949459166e-06,0.9996220164660895
14,mean,False,51,6.431081611044893,9.11984964769605e-06,0.9996311363157373
14,mean,False,52,6.404977106868856,9.045962860848477e-06,0.9996401822785981
14,mean,False,53,6.280595965145178,8.698038957468138e-06,0.9996488803175556
14,mean,False,54,6.137939022745704,8.307393378682642e-06,0.9996571877109343
14,mean,False,55,6.109410737834547,8.230349627401668e-06,0.9996654180605616
14,mean,False,56,5.968924563135069,7.856187086887251e-06,0.9996732742476484
14,mean,False,57,5.952637766425206,7.813372822547495e-06,0.999681087620471
14,mean,False,58,5.92060340046383,7.729503128519675e-06,0.9996888171235996
14,mean,False,59,5.820577672527274,7.470536893271161e-06,0.9996962876604929
14,mean,False,60,5.724100088859212,7.224937171861866e-06,0.9997035125976648
14,mean,False,61,5.675932095221137,7.1038538656322505e-06,0.9997106164515305
14,mean,False,62,5.597871913986747,6.909801173334604e-06,0.9997175262527038
14,mean,False,63,5.556670350485977,6.808460196325304e-06,0.9997243347129001
14,mean,False,64,5.481715396175364,6.626017892656477e-06,0.9997309607307928
14,mean,False,65,5.467593695395339,6.5919226835993924e-06,0.9997375526534763
14,mean,False,66,5.365590931867659,6.348260731253191e-06,0.9997439009142076
14,mean,False,67,5.297537206404462,6.188247398908149e-06,0.9997500891616066
14,mean,False,68,5.247807578894551,6.072610715582588e-06,0.9997561617723222
14,mean,False,69,5.206141293564594,5.976563497135623e-06,0.9997621383358194
14,mean,False,70,5.157646550060046,5.865739753289812e-06,0.9997680040755728
14,mean,False,71,5.0923611194298415,5.718182657037181e-06,0.9997737222582298
14,mean,False,72,5.039060226018089,5.599106584343999e-06,0.9997793213648137
14,mean,False,73,5.013003888015314,5.541351760178462e-06,0.9997848627165739
14,mean,False,74,4.961384604679063,5.427819865146481e-06,0.9997902905364391
14,mean,False,75,4.891300806900185,5.275557742129516e-06,0.9997955660941813
14,mean,False,76,4.806288616507379,5.093769983090067e-06,0.9998006598641643
14,mean,False,77,4.7619836431827665,5.000292794825707e-06,0.9998056601569592
14,mean,False,78,4.725842468180219,4.924681161197251e-06,0.9998105848381202
14,mean,False,79,4.678679085483596,4.826876108972174e-06,0.9998154117142292
14,mean,False,80,4.654205044380625,4.776509675849919e-06,0.9998201882239052
14,mean,False,81,4.593378743428857,4.652476084680581e-06,0.9998248406999899
14,mean,False,82,4.544521366382597,4.554030511746315e-06,0.9998293947305016
14,mean,False,83,4.4958996592161355,4.457104912031908e-06,0.9998338518354136
14,mean,False,84,4.448311144975195,4.363248529977535e-06,0.9998382150839435
14,mean,False,85,4.374677513852763,4.219992940755868e-06,0.9998424350768844
14,mean,False,86,4.345702051015752,4.164276238045218e-06,0.9998465993531224
14,mean,False,87,4.2821758350381955,4.0434179012715864e-06,0.9998506427710235
14,mean,False,88,4.266224492968942,4.013350096795749e-06,0.9998546561211206
14,mean,False,89,4.189607526186905,3.870493290062223e-06,0.9998585266144104
14,mean,False,90,4.104353960715006,3.7145760271476217e-06,0.9998622411904377
14,mean,False,91,4.094720381709674,3.6971590763718243e-06,0.999865938349514
14,mean,False,92,4.052820705053444,3.621883018496749e-06,0.9998695602325325
14,mean,False,93,3.9792795539766566,3.4916325839662663e-06,0.9998730518651164
14,mean,False,94,3.936298319354806,3.4166118776119574e-06,0.999876468476994
14,mean,False,95,3.869789499638668,3.3021311686226176e-06,0.9998797706081626
14,mean,False,96,3.8487443860237174,3.2663128061912906e-06,0.9998830369209688
14,mean,False,97,3.828200920468852,3.2315366328810233e-06,0.9998862684576018
14,mean,False,98,3.8002564271438053,3.184530708375842e-06,0.9998894529883101
14,mean,False,99,3.727788138489327,3.0642350859090005e-06,0.999892517223396
14,mean,False,100,3.654423420959484,2.94481060188499e-06,0.9998954620339978
14,mean,False,101,3.6527780290963037,2.9421594167103486e-06,0.9998984041934146
14,mean,False,102,3.630056628407248,2.905670985845282e-06,0.9999013098644004
14,mean,False,103,3.597631303038877,2.8539932625416314e-06,0.999904163857663
14,mean,False,104,3.540685452124062,2.764358279847348e-06,0.999906928215943
14,mean,False,105,3.5038224700224476,2.7070970377985713e-06,0.9999096353129807
14,mean,False,106,3.4595765115016484,2.639158761446289e-06,0.9999122744717421
14,mean,False,107,3.410860269087457,2.5653551238917508e-06,0.999914839826866
14,mean,False,108,3.4002240832355053,2.5493808247472775e-06,0.9999173892076908
14,mean,False,109,3.3556275639072037,2.4829452486678798e-06,0.9999198721529395
14,mean,False,110,3.3329119035075117,2.4494428194592983e-06,0.9999223215957591
14,mean,False,111,3.2861880749096386,2.3812471181663126e-06,0.9999247028428772
14,mean,False,112,3.264959871738119,2.3505816019664435e-06,0.999927053424479
14,mean,False,113,3.2499237425949006,2.3289811745120883e-06,0.9999293824056534
14,mean,False,114,3.2067394417596176,2.2674983711662218e-06,0.9999316499040245
14,mean,False,115,3.1914866733226424,2.2459790831682498e-06,0.9999338958831078
14,mean,False,116,3.1565546712264667,2.197082010380457e-06,0.9999360929651182
14,mean,False,117,3.1330871867049996,2.1645349257188995e-06,0.999938257500044
14,mean,False,118,3.1114497713333438,2.1347411695389012e-06,0.9999403922412136
14,mean,False,119,3.081165253316622,2.093387468372392e-06,0.9999424856286818
14,mean,False,120,3.066414359789769,2.07339151447724e-06,0.9999445590201962
14,mean,False,121,3.0380540624950614,2.0352165828890583e-06,0.9999465942367791
14,mean,False,122,2.997270066631076,1.980940310935184e-06,0.9999485751770899
14,mean,False,123,2.9280762071468076,1.89053354632582e-06,0.9999504657106364
14,mean,False,124,2.9026751088874128,1.8578750150086392e-06,0.9999523235856513
14,mean,False,125,2.8648304506758975,1.809745415716241e-06,0.999954133331067
14,mean,False,126,2.8440470202324373,1.7835824127170406e-06,0.9999559169134798
14,mean,False,127,2.767042030000194,1.6883059405360467e-06,0.9999576052194203
14,mean,False,128,2.756056758724076,1.6749272615209009e-06,0.9999592801466819
14,mean,False,129,2.7275229674687096,1.640425340346033e-06,0.9999609205720227
14,mean,False,130,2.720106031602933,1.6315158741675393e-06,0.9999625520878966
14,mean,False,131,2.6647785674905466,1.5658201956452979e-06,0.9999641179080924
14,mean,False,132,2.6226740299427256,1.5167299703391282e-06,0.9999656346380628
14,mean,False,133,2.595466835616639,1.4854245748874913e-06,0.9999671200626375
14,mean,False,134,2.586120898232834,1.474746195178347e-06,0.9999685948088328
14,mean,False,135,2.542697277490655,1.4256369823775356e-06,0.9999700204458152
14,mean,False,136,2.5249354583063326,1.4057891897221773e-06,0.9999714262350049
14,mean,False,137,2.510599178512719,1.3898707061830782e-06,0.9999728161057111
14,mean,False,138,2.4626975021413333,1.3373398212717788e-06,0.9999741534455324
14,mean,False,139,2.436279280403156,1.3088014884133512e-06,0.9999754622470208
14,mean,False,140,2.4270024441622335,1.2988531865296584e-06,0.9999767611002073
14,mean,False,141,2.397743584799706,1.2677251673380422e-06,0.9999780288253747
14,mean,False,142,2.345335315428539,1.2129126428746847e-06,0.9999792417380174
14,mean,False,143,2.3093800062544934,1.1760084433731297e-06,0.999980417746461
14,mean,False,144,2.275851112868557,1.1421084129567316e-06,0.9999815598548737
14,mean,False,145,2.2642325551260236,1.1304769132541501e-06,0.999982690331787
14,mean,False,146,2.22773219729949,1.0943231842328331e-06,0.9999837846549711
14,mean,False,147,2.2024965995115835,1.069670773812939e-06,0.999984854325745
14,mean,False,148,2.1645458803312447,1.0331258497651318e-06,0.9999858874515948
14,mean,False,149,2.156618199408475,1.0255720310800694e-06,0.9999869130236259
14,mean,False,150,2.1165373899903885,9.878056973712953e-07,0.9999879008293232
14,mean,False,151,2.0864926369308456,9.599604700119066e-07,0.9999888607897932
14,mean,False,152,2.0533676093762154,9.297218780000241e-07,0.9999897905116713
14,mean,False,153,1.9994047649707345,8.814974947224747e-07,0.9999906720091659
14,mean,False,154,1.9830386929013664,8.671256103476966e-07,0.9999915391347762
14,mean,False,155,1.9783517917684112,8.630315609041112e-07,0.9999924021663372
14,mean,False,156,1.9200520610839176,8.129159518253512e-07,0.999993215082289
14,mean,False,157,1.8749276112924804,7.751551671637343e-07,0.999993990237456
14,mean,False,158,1.8457923825785687,7.512514711884936e-07,0.9999947414889274
14,mean,False,159,1.7763112999116994,6.957573355067662e-07,0.9999954372462629
14,mean,False,160,1.7270386155160602,6.576937778985781e-07,0.9999960949400407
14,mean,False,161,1.6560959766709427,6.04770558950333e-07,0.9999966997105997
14,mean,False,162,1.6393385393024233,5.925935695557147e-07,0.9999972923041692
14,mean,False,163,1.616256480637719,5.760234915571141e-07,0.9999978683276608
14,mean,False,164,1.5601767735318044,5.367440678356173e-07,0.9999984050717287
14,mean,False,165,1.5114516284738766,5.037419772401979e-07,0.9999989088137058
14,mean,False,166,1.3411569751935268,3.9662388306156354e-07,0.9999993054375889
14,mean,False,167,1.2824107559429745,3.626385258376563e-07,0.9999996680761146
14,mean,False,168,1.2269007568119372,3.319238853381938e-07,1.0
14,mean,True,1,826.7363907333792,0.9841160955473235,0.9841160955473235
14,mean,True,2,33.83435273380598,0.001648268546346623,0.9857643640936701
14,mean,True,3,29.292101633625826,0.0012354161958240057,0.9869997802894941
14,mean,True,4,26.920261844561566,0.0010434479386867005,0.9880432282281808
14,mean,True,5,23.66555323695937,0.0008063907714440459,0.9888496189996249
14,mean,True,6,21.684542778711315,0.000677037563091064,0.989526656562716
14,mean,True,7,20.953944680284017,0.0006321844538816152,0.9901588410165977
14,mean,True,8,19.277864324953992,0.0005350939795969512,0.9906939349961945
14,mean,True,9,18.34305356381351,0.00048445728874980606,0.9911783922849443
14,mean,True,10,17.249304783962316,0.0004284058747867163,0.9916067981597311
14,mean,True,11,16.423280785774402,0.0003883578264938281,0.9919951559862249
14,mean,True,12,15.99883592887469,0.00036854370296732236,0.9923636996891921
14,mean,True,13,15.580911767412504,0.00034954086953916633,0.9927132405587313
14,mean,True,14,14.733163232403053,0.0003125390062233808,0.9930257795649547
14,mean,True,15,13.83220482259669,0.0002754831550504065,0.9933012627200052
14,mean,True,16,13.336925363200939,0.0002561083082313065,0.9935573710282363
14,mean,True,17,13.039345114253305,0.0002448069740757041,0.993802178002312
14,mean,True,18,12.680152725991146,0.00023150543680615243,0.9940336834391181
14,mean,True,19,12.32024584921104,0.00021855008224422044,0.9942522335213624
14,mean,True,20,12.045711097441899,0.00020891860228252238,0.9944611521236448
14,mean,True,21,11.600675938332952,0.00019376655410961009,0.9946549186777545
14,mean,True,22,11.403716308630178,0.00018724276055953035,0.9948421614383139
14,mean,True,23,10.81524730841868,0.00016841669297925876,0.9950105781312932
14,mean,True,24,10.571947776935382,0.000160924528046921,0.9951715026593403
14,mean,True,25,10.504287280258186,0.0001588712846217544,0.9953303739439621
14,mean,True,26,9.958526528604718,0.00014279151291099668,0.995473165456873
14,mean,True,27,9.54647014042985,0.00013121934416915,0.9956043848010423
14,mean,True,28,9.379475190454194,0.00012666869719921774,0.9957310534982415
14,mean,True,29,9.069680164441392,0.00011843939228267009,0.9958494928905242
14,mean,True,30,8.956867880768325,0.00011551132408932551,0.9959650042146135
14,mean,True,31,8.791961546842916,0.00011129708395863185,0.9960763012985723
14,mean,True,32,8.582196334332446,0.00010604962010263625,0.9961823509186746
14,mean,True,33,8.487158755345032,0.00010371387899952586,0.9962860647976741
14,mean,True,34,8.25782757126185,9.818470653592901e-05,0.9963842495042101
14,mean,True,35,8.180263010091627,9.634889990213444e-05,0.9964805984041123
14,mean,True,36,7.835387981202967,8.839612716654587e-05,0.9965689945312788
14,mean,True,37,7.768158921607148,8.688572502429663e-05,0.9966558802563031
14,mean,True,38,7.6504116770820545,8.427171594176974e-05,0.996740151972245
14,mean,True,39,7.5508534091928485,8.209265543070316e-05,0.9968222446276757
14,mean,True,40,7.4782876875619175,8.052237251385395e-05,0.9969027670001894
14,mean,True,41,7.327675225529935,7.731159811894938e-05,0.9969800785983084
14,mean,True,42,7.2208092765008365,7.507303508184027e-05,0.9970551516333903
14,mean,True,43,7.130070562729711,7.31981123579218e-05,0.9971283497457483
14,mean,True,44,7.009646843088964,7.07464255332268e-05,0.9971990961712816
14,mean,True,45,6.975937332058301,7.006762013052059e-05,0.9972691637914121
14,mean,True,46,6.807602670557302,6.672685036297362e-05,0.9973358906417751
14,mean,True,47,6.720785015604332,6.503576193720784e-05,0.9974009264037123
14,mean,True,48,6.632602234977727,6.334030228636773e-05,0.9974642667059985
14,mean,True,49,6.483132045584641,6.051763675404374e-05,0.9975247843427525
14,mean,True,50,6.4621384149025385,6.0126335799697205e-05,0.9975849106785522
14,mean,True,51,6.4120473110620635,5.919781294469553e-05,0.9976441084914969
14,mean,True,52,6.284349883415789,5.686341509160973e-05,0.9977009719065885
14,mean,True,53,6.138366253226833,5.4252258324801235e-05,0.9977552241649132
14,mean,True,54,6.109779936175613,5.37481303551646e-05,0.9978089722952683
14,mean,True,55,6.007365502226749,5.1961339523264476e-05,0.9978609336347917
14,mean,True,56,5.960006197286075,5.114529035604292e-05,0.9979120789251477
14,mean,True,57,5.920933538145864,5.047689105432355e-05,0.997962555816202
14,mean,True,58,5.8207929359939055,4.8783901090746836e-05,0.9980113397172926
14,mean,True,59,5.724504859199981,4.718327505187752e-05,0.9980585229923445
14,mean,True,60,5.681789748573821,4.648175781598876e-05,0.9981050047501606
14,mean,True,61,5.608463185359321,4.52897551477014e-05,0.9981502945053083
14,mean,True,62,5.557568152073895,4.4471504286785813e-05,0.9981947660095952
14,mean,True,63,5.4853079557773565,4.332257430521546e-05,0.9982380885839004
14,mean,True,64,5.469198733439791,4.306848895460436e-05,0.9982811570728549
14,mean,True,65,5.365705925050807,4.145395385062495e-05,0.9983226110267055
14,mean,True,66,5.300607072710583,4.0454184354810005e-05,0.9983630652110603
14,mean,True,67,5.263829083546329,3.989475335380846e-05,0.9984029599644141
14,mean,True,68,5.210536372995255,3.909102783414683e-05,0.9984420509922483
14,mean,True,69,5.163492590210792,3.838834083569658e-05,0.998480439333084
14,mean,True,70,5.092361633778213,3.73379698583689e-05,0.9985177773029423
14,mean,True,71,5.045616183302276,3.665562658939637e-05,0.9985544329295317
14,mean,True,72,5.013951722333951,3.619699533029168e-05,0.9985906299248619
14,mean,True,73,4.981474288962644,3.572958830570297e-05,0.9986263595131677
14,mean,True,74,4.901763568928846,3.4595287591420666e-05,0.9986609548007591
14,mean,True,75,4.82372618237303,3.350252348127677e-05,0.9986944573242404
14,mean,True,76,4.763459205072109,3.267060119035858e-05,0.9987271279254308
14,mean,True,77,4.7271969202835145,3.217507840629664e-05,0.9987593030038371
14,mean,True,78,4.6874318564697655,3.163604322682088e-05,0.9987909390470638
14,mean,True,79,4.673645965888492,3.145023159014501e-05,0.9988223892786541
14,mean,True,80,4.596210694475368,3.0416699252842947e-05,0.9988528059779069
14,mean,True,81,4.5471671442225645,2.977104384371038e-05,0.9988825770217507
14,mean,True,82,4.499272557416862,2.9147199345258807e-05,0.998911724221096
14,mean,True,83,4.449490300357387,2.8505768547621505e-05,0.9989402299896436
14,mean,True,84,4.421260311640152,2.8145203769501244e-05,0.9989683751934131
14,mean,True,85,4.364598892670831,2.742842701662676e-05,0.9989958036204296
14,mean,True,86,4.29140003384975,2.6516135303069338e-05,0.9990223197557327
14,mean,True,87,4.26633572503081,2.6207300076589823e-05,0.9990485270558094
14,mean,True,88,4.1985912418375575,2.5381624619945938e-05,0.9990739086804294
14,mean,True,89,4.107876492193564,2.429668263803581e-05,0.9990982053630674
14,mean,True,90,4.100722692966218,2.421213177918601e-05,0.9991224174948465
14,mean,True,91,4.062927054597328,2.3767870692762306e-05,0.9991461853655392
14,mean,True,92,3.982827449201172,2.283995316269168e-05,0.999169025318702
14,mean,True,93,3.9363367737687405,2.2309853618450508e-05,0.9991913351723205
14,mean,True,94,3.8769906500303875,2.1642216294456443e-05,0.9992129773886149
14,mean,True,95,3.848748400739044,2.1328055820781736e-05,0.9992343054444356
14,mean,True,96,3.828578304858393,2.110509414969224e-05,0.9992554105385855
14,mean,True,97,3.802303413536727,2.0816406718501883e-05,0.999276226945304
14,mean,True,98,3.7496914807580604,2.024432486771551e-05,0.9992964712701718
14,mean,True,99,3.6894197032688347,1.9598749018750165e-05,0.9993160700191906
14,mean,True,100,3.6530386773435928,1.921413185489653e-05,0.9993352841510456
14,mean,True,101,3.6302267126547294,1.8974909890842946e-05,0.9993542590609363
14,mean,True,102,3.5981836965862293,1.8641415590408173e-05,0.9993729004765267
14,mean,True,103,3.5618161871329432,1.8266495423686736e-05,0.9993911669719505
14,mean,True,104,3.50579682246839,1.7696432013679914e-05,0.9994088634039638
14,mean,True,105,3.465543059883272,1.729238215091592e-05,0.9994261557861148
14,mean,True,106,3.4111861704246764,1.675417588850759e-05,0.9994429099620034
14,mean,True,107,3.4057962509802078,1.6701272112077633e-05,0.9994596112341154
14,mean,True,108,3.3556275671957514,1.6212863748693558e-05,0.9994758240978641
14,mean,True,109,3.3396763245401107,1.605909182712497e-05,0.9994918831896913
14,mean,True,110,3.286867536414043,1.5555236906761298e-05,0.999507438426598
14,mean,True,111,3.2759733014411188,1.5452292954971165e-05,0.999522890719553
14,mean,True,112,3.2503050884199984,1.52110950917143e-05,0.9995381018146448
14,mean,True,113,3.208940842305775,1.4826397772783843e-05,0.9995529282124176
14,mean,True,114,3.194770783490436,1.4695745898276701e-05,0.9995676239583158
14,mean,True,115,3.1663970752915276,1.4435870492903842e-05,0.9995820598288087
14,mean,True,116,3.13747909742624,1.4173395567784659e-05,0.9995962332243765
14,mean,True,117,3.1188110261632924,1.4005233299797662e-05,0.9996102384576764
14,mean,True,118,3.085086551969885,1.3703986784166014e-05,0.9996239424444605
14,mean,True,119,3.0664372004323863,1.3538806325960738e-05,0.9996374812507864
14,mean,True,120,3.0383999816685066,1.3292360627765093e-05,0.9996507736114142
14,mean,True,121,3.0050579639400916,1.3002232651777746e-05,0.999663775844066
14,mean,True,122,2.9284751491968968,1.234796278216553e-05,0.9996761238068482
14,mean,True,123,2.9027108365826915,1.2131647262428359e-05,0.9996882554541107
14,mean,True,124,2.86774896464615,1.1841166535015818e-05,0.9997000966206457
14,mean,True,125,2.845278919202928,1.1656332254927042e-05,0.9997117529529006
14,mean,True,126,2.767050899575125,1.1024185741292272e-05,0.9997227771386419
14,mean,True,127,2.7564128224789872,1.0939582526640065e-05,0.9997337167211685
14,mean,True,128,2.7311379479875937,1.0739881735754807e-05,0.9997444566029043
14,mean,True,129,2.721495115558131,1.066417698772728e-05,0.9997551207798917
14,mean,True,130,2.664881006135863,1.0225107172158874e-05,0.9997653458870638
14,mean,True,131,2.6234577677927615,9.909697111417365e-06,0.9997752555841752
14,mean,True,132,2.5977784194723434,9.716647219249592e-06,0.9997849722313944
14,mean,True,133,2.5866316472650737,9.633440059618034e-06,0.9997946056714542
14,mean,True,134,2.5460017414765748,9.333179502609386e-06,0.9998039388509568
14,mean,True,135,2.525424685746293,9.182925659466234e-06,0.9998131217766162
14,mean,True,136,2.5113910099023022,9.081150983976598e-06,0.9998222029276002
14,mean,True,137,2.4632048126782595,8.736013061565912e-06,0.9998309389406618
14,mean,True,138,2.4363330225740607,8.546445536492666e-06,0.9998394853861983
14,mean,True,139,2.4270867137779044,8.48169813075371e-06,0.9998479670843291
14,mean,True,140,2.39876665196139,8.284918317317136e-06,0.9998562520026464
14,mean,True,141,2.3456022611522584,7.921747018476095e-06,0.9998641737496649
14,mean,True,142,2.309501065053062,7.679776117200466e-06,0.999871853525782
14,mean,True,143,2.276670223965009,7.462983491201766e-06,0.9998793165092732
14,mean,True,144,2.270392482781854,7.421883041284326e-06,0.9998867383923143
14,mean,True,145,2.2292785586843213,7.15551512064597e-06,0.999893893907435
14,mean,True,146,2.20254516976447,6.984927025063507e-06,0.9999008788344601
14,mean,True,147,2.1666288972700505,6.7589819752215105e-06,0.9999076378164353
14,mean,True,148,2.158349264605022,6.707422651295678e-06,0.9999143452390866
14,mean,True,149,2.116891571865356,6.4522242560490675e-06,0.9999207974633426
14,mean,True,150,2.089201125895081,6.284528907693343e-06,0.9999270819922503
14,mean,True,151,2.0537431598665825,6.073016846066068e-06,0.9999331550090965
14,mean,True,152,2.0003212634189715,5.761183774320133e-06,0.9999389161928707
14,mean,True,153,1.9870948858509525,5.6852483008037475e-06,0.9999446014411716
14,mean,True,154,1.981616549407617,5.653943535756861e-06,0.9999502553847074
14,mean,True,155,1.9224400722464918,5.321301261576646e-06,0.9999555766859689
14,mean,True,156,1.8759614316309992,5.067106549061832e-06,0.9999606437925179
14,mean,True,157,1.8464745702394294,4.909066187711165e-06,0.9999655528587057
14,mean,True,158,1.7789166358643296,4.556416531268891e-06,0.999970109275237
14,mean,True,159,1.72752534670852,4.296957737058315e-06,0.999974406232974
14,mean,True,160,1.6576952978352435,3.9565953564836465e-06,0.9999783628283305
14,mean,True,161,1.6400847685693245,3.872976095918648e-06,0.9999822358044265
14,mean,True,162,1.6201883815915092,3.7795774817217434e-06,0.9999860153819082
14,mean,True,163,1.5601881142198675,3.5048235305015434e-06,0.9999895202054386
14,mean,True,164,1.515047652986256,3.304949378001799e-06,0.9999928251548167
14,mean,True,165,1.3437726553348086,2.5999429859328986e-06,0.9999954250978026
14,mean,True,166,1.2930660182180984,2.4074297498312394e-06,0.9999978325275524
14,mean,True,167,1.2269325262090733,2.167472447478081e-06,1.0
14,mean,True,168,1.2924658759006543e-13,2.4051955790064305e-32,1.0
19,last,False,1,385.57537192240807,0.4580585205447116,0.4580585205447116
19,last,False,2,139.9313166050944,0.060329848470083415,0.518388369014795
19,last,False,3,122.15967514801211,0.04597885289039408,0.5643672219051891
19,last,False,4,100.18516576080836,0.03092496635886611,0.5952921882640552
19,last,False,5,85.59069772771056,0.022571245639050563,0.6178634339031056
19,last,False,6,82.01396759079726,0.02072421257081064,0.6385876464739163
19,last,False,7,74.20672473605515,0.01696636949203179,0.6555540159659481
19,last,False,8,68.44091578335615,0.014432249154105011,0.6699862651200532
19,last,False,9,66.36384301835328,0.013569550086607842,0.6835558152066611
19,last,False,10,62.93017001110838,0.012201696090858928,0.69575751129752
19,last,False,11,59.76228602774857,0.011004157487530329,0.7067616687850503
19,last,False,12,58.650698942750616,0.010598606731845811,0.7173602755168961
19,last,False,13,57.642177555966164,0.010237246281381347,0.7275975217982774
19,last,False,14,52.29421070843693,0.008425770362386563,0.736023292160664
19,last,False,15,50.7352054819398,0.007930877484558027,0.743954169645222
19,last,False,16,48.793068818196,0.007335313187606411,0.7512894828328284
19,last,False,17,47.92828889445879,0.007077603718269402,0.7583670865510977
19,last,False,18,47.634270449504164,0.006991034251501336,0.765358120802599
19,last,False,19,47.052248449435,0.0068212372780239025,0.772179358080623
19,last,False,20,43.977533489526756,0.005958873002619037,0.7781382310832421
19,last,False,21,43.21761760219322,0.00575471789367758,0.7838929489769196
19,last,False,22,42.91891955658524,0.005675445461502844,0.7895683944384225
19,last,False,23,42.04068837532053,0.005445553521191184,0.7950139479596137
19,last,False,24,40.30267894572416,0.005004609818125402,0.8000185577777391
19,last,False,25,39.69887960151489,0.004855778791168809,0.8048743365689079
19,last,False,26,39.181344895212256,0.004729999248616771,0.8096043358175247
19,last,False,27,38.74721712354609,0.004625763515505256,0.81423009933303
19,last,False,28,37.60522270407088,0.004357112000031752,0.8185872113330618
19,last,False,29,36.92193484133397,0.004200212825855248,0.8227874241589171
19,last,False,30,36.6779142227946,0.004144877070701334,0.8269323012296185
19,last,False,31,35.98533428051751,0.003989821593044965,0.8309221228226633
19,last,False,32,35.32947572018977,0.0038457121915323857,0.8347678350141957
19,last,False,33,34.50335522824602,0.003667963899257206,0.8384357989134529
19,last,False,34,34.29949399798078,0.0036247480096115304,0.8420605469230644
19,last,False,35,33.84112576487248,0.003528515240128156,0.8455890621631926
19,last,False,36,33.333035693091446,0.003423356504375506,0.849012418667568
19,last,False,37,32.98249523172001,0.003351732961681138,0.8523641516292493
19,last,False,38,32.67597668072669,0.0032897246468926683,0.855653876276142
19,last,False,39,31.956118741377797,0.0031463747354849568,0.8588002510116269
19,last,False,40,31.602608846144424,0.003077147153474539,0.8618773981651014
19,last,False,41,30.972704227765693,0.002955701991797288,0.8648331001568987
19,last,False,42,30.638873274367807,0.0028923308802161164,0.8677254310371149
19,last,False,43,30.344509078831525,0.0028370214879969414,0.8705624525251118
19,last,False,44,30.20291742977194,0.0028106073937999654,0.8733730599189118
19,last,False,45,29.696715946134688,0.0027171852193186817,0.8760902451382304
19,last,False,46,29.295666081850424,0.0026442903939078452,0.8787345355321383
19,last,False,47,29.246364210632922,0.002635397695232185,0.8813699332273705
19,last,False,48,28.45294860865492,0.0024943474742476846,0.8838642807016182
19,last,False,49,28.19674432135347,0.0024496290649401336,0.8863139097665583
19,last,False,50,27.73825851615568,0.002370613626814227,0.8886845233933726
19,last,False,51,27.50383564175458,0.0023307136618567438,0.8910152370552293
19,last,False,52,27.251753885313416,0.002288185925288992,0.8933034229805185
19,last,False,53,26.957524579251082,0.002239042893273359,0.8955424658737917
19,last,False,54,26.878546253140197,0.002225942519874361,0.8977684083936662
19,last,False,55,26.594519077195,0.002179147744164821,0.8999475561378311
19,last,False,56,26.19567564109396,0.0021142756217799852,0.9020618317596107
19,last,False,57,25.94798677998912,0.00207448228097033,0.9041363140405811
19,last,False,58,25.431699599324908,0.0019927515873907186,0.9061290656279719
19,last,False,59,25.22777186018222,0.001960921388484362,0.9080899870164562
19,last,False,60,25.078284706456945,0.0019377513614023873,0.9100277383778587
19,last,False,61,24.600838923213306,0.0018646710512612047,0.9118924094291199
19,last,False,62,24.25773363022784,0.0018130210203145443,0.9137054304494345
19,last,False,63,23.989875667955552,0.001773202716775387,0.9154786331662099
19,last,False,64,23.93601963023905,0.0017652501554506726,0.9172438833216604
19,last,False,65,23.820427157737782,0.001748241736155908,0.9189921250578162
19,last,False,66,23.63169851440056,0.0017206489291311737,0.9207127739869475
19,last,False,67,23.163094547798025,0.0016530864020739477,0.9223658603890214
19,last,False,68,23.02688840614918,0.0016337022465144017,0.9239995626355357
19,last,False,69,22.799734759302673,0.001601629218485984,0.9256011918540217
19,last,False,70,22.75719265031522,0.0015956578230076116,0.9271968496770292
19,last,False,71,22.42844633627425,0.0015498896355001337,0.9287467393125294
19,last,False,72,22.3356453624217,0.0015370903801309771,0.9302838296926604
19,last,False,73,22.16293182918226,0.0015134107514807337,0.9317972404441413
19,last,False,74,22.048575529687078,0.0014978332497133076,0.9332950736938546
19,last,False,75,21.85734884179494,0.0014719645844192707,0.9347670382782738
19,last,False,76,21.381269145645955,0.001408540550875476,0.9361755788291493
19,last,False,77,21.301012981996507,0.0013979862754863173,0.9375735651046355
19,last,False,78,21.04627517926663,0.0013647493076890324,0.9389383144123244
19,last,False,79,20.826372773822097,0.0013363790814249084,0.9402746934937495
19,last,False,80,20.696875711536396,0.0013198117091041425,0.9415945052028536
19,last,False,81,20.59303391913927,0.0013066012320252604,0.9429011064348788
19,last,False,82,20.504463470218123,0.0012953860425246302,0.9441964924774034
19,last,False,83,20.244638852827734,0.0012627647821958847,0.9454592572595995
19,last,False,84,20.08976768553527,0.0012435184207865773,0.9467027756803861
19,last,False,85,19.834270137504472,0.0012120899254962224,0.9479148656058822
19,last,False,86,19.773003298545447,0.0012046133484350432,0.9491194789543173
19,last,False,87,19.64883100320818,0.0011895311749836894,0.9503090101293009
19,last,False,88,19.562693920778877,0.0011791246367662993,0.9514881347660673
19,last,False,89,19.39443566075298,0.0011589286193215047,0.9526470633853887
19,last,False,90,19.078446292522685,0.0011214719131434321,0.9537685352985322
19,last,False,91,18.915363236287273,0.0011023811153989106,0.9548709164139312
19,last,False,92,18.792721587731926,0.0010881324283236779,0.9559590488422549
19,last,False,93,18.570209094820008,0.001062517229732357,0.9570215660719873
19,last,False,94,18.433408222855075,0.001046920431993185,0.9580684865039805
19,last,False,95,18.307434545137273,0.0010326600448427193,0.9591011465488233
19,last,False,96,17.993860767334468,0.0009975877443167257,0.9600987342931397
19,last,False,97,17.93324308669343,0.0009908777227131652,0.961089612015853
19,last,False,98,17.839379474119603,0.0009805322476291855,0.962070144263482
19,last,False,99,17.652569968054898,0.000960103994997324,0.9630302482584794
19,last,False,100,17.547629870668093,0.0009487227706133289,0.9639789710290926
19,last,False,101,17.47548682379098,0.0009409378952265878,0.9649199089243192
19,last,False,102,17.290069100793193,0.000921076817290645,0.9658409857416098
19,last,False,103,17.232191308109922,0.0009149206051398566,0.9667559063467496
19,last,False,104,17.086670222988747,0.0008995333487360872,0.9676554396954858
19,last,False,105,16.862362079970875,0.0008760708191554804,0.9685315105146415
19,last,False,106,16.644151298811583,0.0008535435869293759,0.9693850541015708
19,last,False,107,16.579437059523833,0.000846919152871164,0.970231973254442
19,last,False,108,16.49076572313067,0.0008378842704398471,0.9710698575248818
19,last,False,109,16.2697478429168,0.0008155752498520629,0.9718854327747338
19,last,False,110,16.233588772284612,0.0008119540908154056,0.9726973868655492
19,last,False,111,16.096625923611263,0.0007983109688184762,0.9734956978343677
19,last,False,112,15.903720926139046,0.000779291404771251,0.974274989239139
19,last,False,113,15.72368531693536,0.0007617475758652166,0.9750367368150042
19,last,False,114,15.665075511379058,0.0007560793539463731,0.9757928161689507
19,last,False,115,15.584210232352484,0.0007482935300147537,0.9765411096989656
19,last,False,116,15.464127103313192,0.0007368061037194125,0.977277915802685
19,last,False,117,15.374408558080253,0.0007282814182412365,0.9780061972209262
19,last,False,118,15.321815182254882,0.0007233072737889816,0.9787295044947151
19,last,False,119,15.105564331199117,0.0007030339586940596,0.9794325384534093
19,last,False,120,14.86951929963829,0.0006812339001103776,0.9801137723535194
19,last,False,121,14.838268720608669,0.000678373473703701,0.9807921458272231
19,last,False,122,14.724332922129689,0.0006679956749341269,0.9814601415021572
19,last,False,123,14.623872971741134,0.0006589116794367968,0.982119053181594
19,last,False,124,14.375718983529797,0.0006367391346825109,0.9827557923162766
19,last,False,125,14.21965682544081,0.0006229893527491395,0.9833787816690257
19,last,False,126,14.189533351587341,0.000620352618859222,0.983999134287885
19,last,False,127,14.078213730393307,0.0006106572282552637,0.9846097915161401
19,last,False,128,14.002626302142238,0.0006041174645217272,0.985213908980662
19,last,False,129,13.866698325878172,0.0005924456685013444,0.9858063546491632
19,last,False,130,13.800437885641001,0.0005867973273580797,0.9863931519765213
19,last,False,131,13.457772964538233,0.0005580187455782897,0.9869511707220997
19,last,False,132,13.31565225685893,0.0005462950727348808,0.9874974657948346
19,last,False,133,13.155073913619926,0.0005331985734989931,0.9880306643683335
19,last,False,134,13.037458601513332,0.0005237068790158942,0.9885543712473494
19,last,False,135,12.927660624150777,0.0005149229856550517,0.9890692942330044
19,last,False,136,12.823491893170829,0.0005066581078259398,0.9895759523408304
19,last,False,137,12.727998949296989,0.0004991403224911812,0.9900750926633216
19,last,False,138,12.57151131753115,0.00048694215685461456,0.9905620348201761
19,last,False,139,12.388488727447617,0.0004728670509082411,0.9910349018710846
19,last,False,140,12.323996126032478,0.00046795651710366707,0.9915028583881882
19,last,False,141,12.047938419382003,0.0004472268526391615,0.9919500852408274
19,last,False,142,11.972851821258125,0.0004416697027211856,0.9923917549435485
19,last,False,143,11.811427240480677,0.00042984032082288396,0.9928215952643713
19,last,False,144,11.787794536257197,0.00042812196343321884,0.9932497172278044
19,last,False,145,11.689909310971787,0.00042104128032158824,0.9936707585081261
19,last,False,146,11.402852838616568,0.000400617053746879,0.994071375561873
19,last,False,147,11.192200546023479,0.00038595205752223384,0.9944573276193951
19,last,False,148,11.037413322277077,0.00037535050611634197,0.9948326781255115
19,last,False,149,10.921707875857363,0.0003675221395820136,0.9952002002650936
19,last,False,150,10.864089294174438,0.00036365456752961986,0.9955638548326232
19,last,False,151,10.759620958403918,0.00035669443861971,0.9959205492712427
19,last,False,152,10.645323406613036,0.000349156485621447,0.9962697057568644
19,last,False,153,10.365415254708912,0.00033103644105818064,0.9966007421979225
19,last,False,154,10.161348023956073,0.0003181303079877165,0.9969188725059103
19,last,False,155,10.115418356272336,0.0003152608861821426,0.9972341333920923
19,last,False,156,9.802436508552217,0.00029605368402845183,0.9975301870761207
19,last,False,157,9.530103620579013,0.0002798321692846191,0.9978100192454054
19,last,False,158,9.34879545440991,0.0002692859590700017,0.9980793052044754
19,last,False,159,9.20258633946748,0.00026092890705385944,0.9983402341115293
19,last,False,160,9.05608626705707,0.00025268734686868707,0.998592921458398
19,last,False,161,8.889380546929557,0.00024346996340049852,0.9988363914217984
19,last,False,162,8.449124502370339,0.0002199509353352522,0.9990563423571337
19,last,False,163,7.999282180752461,0.00019715347121512585,0.9992534958283489
19,last,False,164,7.630098729271331,0.00017937532821907915,0.9994328711565679
19,last,False,165,7.325854806810784,0.00016535563816069291,0.9995982267947287
19,last,False,166,7.078394308471516,0.00015437319661045656,0.9997525999913391
19,last,False,167,6.380785407946542,0.00012544422476399537,0.999878044216103
19,last,False,168,6.291439203072115,0.00012195578389689178,1.0
19,last,True,1,142.01156461359258,0.11333963051584087,0.11333963051584087
19,last,True,2,122.91071475141675,0.08490120541101112,0.198240835926852
19,last,True,3,100.22220468172242,0.056449782393950425,0.2546906183208024
19,last,True,4,86.44356515792484,0.041995205227341514,0.29668582354814393
19,last,True,5,82.78853149604407,0.03851897538101489,0.33520479892915883
19,last,True,6,74.24068974065264,0.030975502760898655,0.3661803016900575
19,last,True,7,68.7482290688485,0.0265617936612453,0.39274209535130283
19,last,True,8,66.83446878273098,0.025103563162445375,0.4178456585137481
19,last,True,9,64.45902395394181,0.023350802903027202,0.4411964614167753
19,last,True,10,59.79251554190181,0.02009222431551066,0.46128868573228604
19,last,True,11,59.12674069069085,0.019647271521252237,0.48093595725353827
19,last,True,12,57.994978190587936,0.018902321554162497,0.4998382788077007
19,last,True,13,52.37963024987199,0.015419107089227448,0.5152573858969282
19,last,True,14,51.11770591322781,0.014685105744013355,0.5299424916409415
19,last,True,15,49.05982896865846,0.01352653085835953,0.5434690224993011
19,last,True,16,47.96481682697034,0.012929446947685755,0.5563984694469868
19,last,True,17,47.64194971841911,0.012755967990540403,0.5691544374375272
19,last,True,18,47.09665693472124,0.012465638527129352,0.5816200759646566
19,last,True,19,44.15885421637246,0.01095897561329878,0.5925790515779554
19,last,True,20,43.43400262134601,0.010602153173915297,0.6031812047518708
19,last,True,21,42.93033001040083,0.010357687929377479,0.6135388926812482
19,last,True,22,42.073961558432565,0.009948581900131388,0.6234874745813795
19,last,True,23,41.84348809191337,0.009839887397748341,0.6333273619791279
19,last,True,24,40.29731007840408,0.009126126454365143,0.642453488433493
19,last,True,25,39.44414107979354,0.008743783079764707,0.6511972715132577
19,last,True,26,38.84942467725756,0.008482103184437087,0.6596793746976948
19,last,True,27,38.10505381956536,0.00816017601622538,0.6678395507139201
19,last,True,28,37.25271946959901,0.007799204929882881,0.675638755643803
19,last,True,29,36.70979339532633,0.007573528228602873,0.6832122838724058
19,last,True,30,36.02482455631153,0.007293535763162789,0.6905058196355687
19,last,True,31,35.36002426640548,0.007026830483992029,0.6975326501195607
19,last,True,32,34.72143659894944,0.006775318871686304,0.704307968991247
19,last,True,33,34.34897853939834,0.006630740339758015,0.7109387093310051
19,last,True,34,33.84192497508056,0.006436421614574467,0.7173751309455795
19,last,True,35,33.337683667706116,0.006246046464990011,0.7236211774105695
19,last,True,36,33.032938267189365,0.006132376058043439,0.7297535534686129
19,last,True,37,32.67835551756282,0.006001430132562841,0.7357549836011757
19,last,True,38,31.963990177476454,0.005741909524294754,0.7414968931254705
19,last,True,39,31.809921361633105,0.005686690062729789,0.7471835831882003
19,last,True,40,31.077888341338383,0.005427969165578159,0.7526115523537786
19,last,True,41,30.729112392444325,0.005306820519132585,0.7579183728729112
19,last,True,42,30.36455175949581,0.005181650502288769,0.7631000233752001
19,last,True,43,30.237093357823273,0.005138240755765995,0.768238264130966
19,last,True,44,29.853765280886986,0.0050087873716613066,0.7732470515026274
19,last,True,45,29.3044117356731,0.004826145191729477,0.7780731966943569
19,last,True,46,29.246984599739992,0.00480724836931447,0.7828804450636713
19,last,True,47,28.466213932232524,0.004554007963314467,0.7874344530269858
19,last,True,48,28.240721392504,0.004482145396919909,0.7919165984239054
19,last,True,49,27.76906913133447,0.004333681711485017,0.7962502801353905
19,last,True,50,27.637203000386055,0.004292620991288486,0.800542901126679
19,last,True,51,27.315117041584752,0.004193150974100299,0.8047360521007793
19,last,True,52,26.957636396293246,0.004084115263948687,0.808820167364728
19,last,True,53,26.894121257546338,0.004064892691706046,0.812885060056434
19,last,True,54,26.64615192195243,0.003990279961975931,0.81687534001841
19,last,True,55,26.208426842156328,0.0038602574912222835,0.8207355975096322
19,last,True,56,25.952282175696464,0.0037851707646921755,0.8245207682743244
19,last,True,57,25.497372624600366,0.003653635595321149,0.8281744038696456
19,last,True,58,25.34570877880816,0.003610299647878522,0.831784703517524
19,last,True,59,25.093924028207645,0.0035389263592991815,0.8353236298768232
19,last,True,60,24.612036175885464,0.003404312797922509,0.8387279426747457
19,last,True,61,24.272044905112875,0.0033109079128454495,0.8420388505875912
19,last,True,62,24.019722616031157,0.003242428017946169,0.8452812786055374
19,last,True,63,23.93797781672265,0.0032203960723547805,0.8485016746778921
19,last,True,64,23.823909576532078,0.0031897778064954325,0.8516914524843876
19,last,True,65,23.652925758143596,0.0031441561403721487,0.8548356086247598
19,last,True,66,23.25609543879158,0.0030395407486667318,0.8578751493734266
19,last,True,67,23.07006641597679,0.0029911077461821597,0.8608662571196086
19,last,True,68,22.88833102571457,0.002944168214490444,0.863810425334099
19,last,True,69,22.7848047109684,0.002917594886248957,0.866728020220348
19,last,True,70,22.48462854614377,0.0028412261454260684,0.869569246365774
19,last,True,71,22.38638578346914,0.002816451877974982,0.872385698243749
19,last,True,72,22.28911635943254,0.0027920299382635395,0.8751777281820127
19,last,True,73,22.064227514273753,0.0027359730934280175,0.8779137012754408
19,last,True,74,21.87157848621094,0.0026884045571383347,0.8806021058325791
19,last,True,75,21.39021203098713,0.00257136984791038,0.8831734756804894
19,last,True,76,21.30290607013844,0.002550422157872995,0.8857238978383625
19,last,True,77,21.194271604433908,0.0025244766551971737,0.8882483744935595
19,last,True,78,20.87706984683504,0.0024494775101340125,0.8906978520036936
19,last,True,79,20.696891919902374,0.0024073799073456585,0.8931052319110392
19,last,True,80,20.614558170048213,0.0023882645375909303,0.8954934964486303
19,last,True,81,20.504556296293345,0.002362844382022435,0.8978563408306528
19,last,True,82,20.365034233084742,0.0023307981078240334,0.9001871389384768
19,last,True,83,20.143174597510253,0.0022802906274874816,0.9024674295659644
19,last,True,84,20.048082543905384,0.0022588118190282123,0.9047262413849927
19,last,True,85,19.83390279532751,0.0022108064799223046,0.906937047864915
19,last,True,86,19.64989877840492,0.002169976362147202,0.9091070242270621
19,last,True,87,19.563883516430227,0.0021510202784429267,0.9112580445055051
19,last,True,88,19.39569992180142,0.0021141961647168795,0.9133722406702217
19,last,True,89,19.124190990949813,0.0020554196897884336,0.9154276603600101
19,last,True,90,18.962688182473272,0.0020208504495243624,0.9174485108095345
19,last,True,91,18.796006060959954,0.001985480018294192,0.9194339908278287
19,last,True,92,18.66829026904384,0.0019585896625050597,0.9213925804903338
19,last,True,93,18.567905494372972,0.001937582493892288,0.923330162984226
19,last,True,94,18.30752553243802,0.0018836216127876117,0.9252137845970135
19,last,True,95,18.112826248186796,0.001843770279203248,0.9270575548762168
19,last,True,96,17.933890784103145,0.0018075212392164592,0.9288650761154333
19,last,True,97,17.850757106740254,0.001790802323521968,0.9306558784389554
19,last,True,98,17.6845214223808,0.0017576038322443329,0.9324134822711997
19,last,True,99,17.574298851115547,0.0017357628239863536,0.934149245095186
19,last,True,100,17.531332266393328,0.0017272858278085486,0.9358765309229946
19,last,True,101,17.308661288368555,0.0016836868757645308,0.9375602177987591
19,last,True,102,17.256201223599234,0.001673496316380436,0.9392337141151397
19,last,True,103,17.089639373588223,0.0016413460886264407,0.9408750602037661
19,last,True,104,16.871409291929428,0.001599694643396965,0.9424747548471629
19,last,True,105,16.704171826351995,0.0015681379505021909,0.9440428927976652
19,last,True,106,16.63671115677539,0.0015554975127980652,0.9455983903104632
19,last,True,107,16.49118406812077,0.0015284035797670566,0.9471267938902304
19,last,True,108,16.3490748267076,0.0015021756953389545,0.9486289695855693
19,last,True,109,16.23487439431983,0.0014812632009978967,0.9501102327865671
19,last,True,110,16.100725791354137,0.001456885011503387,0.9515671177980705
19,last,True,111,15.923722602936307,0.001425028580728224,0.9529921463787987
19,last,True,112,15.748546374080206,0.0013938476756129292,0.9543859940544116
19,last,True,113,15.666199009268157,0.0013793092419902514,0.9557653032964019
19,last,True,114,15.593299467740449,0.0013665024259604864,0.9571318057223623
19,last,True,115,15.46497147813609,0.0013441031988649004,0.9584759089212272
19,last,True,116,15.375698291057303,0.0013286300320195425,0.9598045389532468
19,last,True,117,15.321889766466862,0.0013193470030494676,0.9611238859562963
19,last,True,118,15.121868029939879,0.0012851246537726741,0.962409010610069
19,last,True,119,14.888404692008839,0.0012457494331118478,0.9636547600431808
19,last,True,120,14.854960491368095,0.0012401590021129288,0.9648949190452938
19,last,True,121,14.724448430061809,0.001218463260086177,0.96611338230538
19,last,True,122,14.657821450633696,0.0012074613057988556,0.9673208436111789
19,last,True,123,14.386126860023282,0.0011631136145906604,0.9684839572257694
19,last,True,124,14.25838433617429,0.0011425494403040175,0.9696265066660735
19,last,True,125,14.191913778712982,0.0011319214656392781,0.9707584281317128
19,last,True,126,14.078587486775017,0.0011139162405181162,0.9718723443722309
19,last,True,127,14.012663493111814,0.001103508679714053,0.9729758530519449
19,last,True,128,13.88234596008282,0.001083078897789118,0.9740589319497341
19,last,True,129,13.800452298097749,0.0010703381579611274,0.975129270107695
19,last,True,130,13.4579505109826,0.0010178697828422186,0.9761471398905373
19,last,True,131,13.316945228644855,0.0009966521202538843,0.9771437920107912
19,last,True,132,13.174885133597273,0.0009755017276066301,0.9781192937383978
19,last,True,133,13.116666705664596,0.0009668994973584163,0.9790861932357563
19,last,True,134,12.927869759251621,0.0009392653565579252,0.9800254585923142
19,last,True,135,12.85040226731647,0.0009280423900771728,0.9809535009823912
19,last,True,136,12.745578129039277,0.0009129635672729868,0.9818664645496643
19,last,True,137,12.619641151684913,0.0008950110127438893,0.9827614755624081
19,last,True,138,12.388539021746015,0.0008625306847892077,0.9836240062471975
19,last,True,139,12.328840372982267,0.0008542378828514495,0.9844782441300488
19,last,True,140,12.053279529174421,0.0008164786348455874,0.9852947227648945
19,last,True,141,11.975546199625954,0.0008059814175863295,0.9861007041824807
19,last,True,142,11.828729009941107,0.0007863402981163316,0.9868870444805972
19,last,True,143,11.787919584217779,0.0007809238683164151,0.9876679683489135
19,last,True,144,11.690382722441376,0.000768054126443431,0.988436022475357
19,last,True,145,11.408256441416173,0.00073143025030538,0.9891674527256623
19,last,True,146,11.22405425183271,0.0007080010183165231,0.9898754537439788
19,last,True,147,11.047724369492597,0.0006859303651114599,0.9905613841090903
19,last,True,148,10.922362375106292,0.0006704517524588047,0.9912318358615492
19,last,True,149,10.86460356043925,0.0006633796361532295,0.9918952154977024
19,last,True,150,10.76561873712599,0.0006513469119395135,0.9925465624096419
19,last,True,151,10.67549854995257,0.0006404875610719588,0.9931870499707138
19,last,True,152,10.366321178802325,0.0006039259467019051,0.9937909759174158
19,last,True,153,10.166889016899505,0.0005809122482586561,0.9943718881656745
19,last,True,154,10.128319918676073,0.0005765131123502876,0.9949484012780249
19,last,True,155,9.802603249567381,0.000540029169411395,0.9954884304474361
19,last,True,156,9.533990194675647,0.0005108386750476623,0.9959992691224838
19,last,True,157,9.349336256215993,0.000491242493954811,0.9964905116164386
19,last,True,158,9.204749872564514,0.00047616596619709533,0.9969666775826357
19,last,True,159,9.057386842443405,0.00046104169345179754,0.9974277192760875
19,last,True,160,8.897163634333804,0.00044487451144747324,0.997872593787535
19,last,True,161,8.4751269670535,0.0004036702970405771,0.9982762640845756
19,last,True,162,8.011779237080333,0.0003607383510041995,0.9986370024355797
19,last,True,163,7.630260789963351,0.00032719987667800696,0.9989642023122578
19,last,True,164,7.337948229564723,0.0003026102642255625,0.9992668125764834
19,last,True,165,7.0813161715244135,0.0002818138537868146,0.9995486264302702
19,last,True,166,6.380795634173654,0.0002288147612936289,0.9997774411915639
19,last,True,167,6.292963456240095,0.00022255880843618728,1.0
19,last,True,168,2.6648769105810812e-14,3.991063850712102e-33,1.0
19,mean,False,1,2133.8585470965745,0.9949641483029537,0.9949641483029537
19,mean,False,2,64.74806155898267,0.0009160722348865986,0.9958802205378402
19,mean,False,3,45.125101074497,0.0004449513756668162,0.996325171913507
19,mean,False,4,36.34342906904422,0.00028862103599339904,0.9966137929495004
19,mean,False,5,35.269625779197206,0.0002718177929622543,0.9968856107424626
19,mean,False,6,30.15486866938177,0.00019869688616343733,0.9970843076286261
19,mean,False,7,28.589690988605994,0.00017860561211754887,0.9972629132407438
19,mean,False,8,27.571162503440757,0.00016610638794557823,0.9974290196286892
19,mean,False,9,24.316246362029567,0.0001292020034765645,0.9975582216321658
19,mean,False,10,23.255637134954313,0.00011817691899092558,0.9976763985511569
19,mean,False,11,21.538466664847668,0.00010136913562342247,0.9977777676867803
19,mean,False,12,20.540593728393947,9.219389513253804e-05,0.9978699615819129
19,mean,False,13,20.31859933883647,9.02118754514845e-05,0.9979601734573644
19,mean,False,14,18.84832343171735,7.7628577769687e-05,0.998037802035134
19,mean,False,15,18.662380580131536,7.610448683255555e-05,0.9981139065219666
19,mean,False,16,17.925401546002256,7.021242364300946e-05,0.9981841189456097
19,mean,False,17,17.27679346975172,6.522325395529776e-05,0.998249342199565
19,mean,False,18,16.72939810002407,6.115568152541631e-05,0.9983104978810905
19,mean,False,19,16.326137739209162,5.8242913393438395e-05,0.9983687407944839
19,mean,False,20,15.361723313732872,5.156512271802094e-05,0.9984203059172019
19,mean,False,21,15.127409556334653,5.0004064716345555e-05,0.9984703099819183
19,mean,False,22,15.007507595450079,4.921452775487409e-05,0.9985195245096731
19,mean,False,23,14.49052575070796,4.588222438272912e-05,0.9985654067340558
19,mean,False,24,14.237322113899507,4.4292765821464094e-05,0.998609699499877
19,mean,False,25,14.141557988565623,4.369891921640223e-05,0.9986533984190933
19,mean,False,26,13.355451625797059,3.8975647223258114e-05,0.9986923740663165
19,mean,False,27,12.815947829731758,3.589034558728855e-05,0.9987282644119038
19,mean,False,28,12.66281306356228,3.503777905294282e-05,0.9987633021909568
19,mean,False,29,12.26400934685162,3.286556661956568e-05,0.9987961677575764
19,mean,False,30,11.857569592824705,3.072327745799101e-05,0.9988268910350344
19,mean,False,31,11.735303294710604,3.0092953565410538e-05,0.9988569839885998
19,mean,False,32,11.662093319916764,2.9718658611010814e-05,0.9988867026472109
19,mean,False,33,11.417812645016014,2.8486690902083515e-05,0.9989151893381129
19,mean,False,34,11.338038892260272,2.8090020959806363e-05,0.9989432793590727
19,mean,False,35,10.860406004512907,2.5773197444947963e-05,0.9989690525565176
19,mean,False,36,10.83940577416419,2.567362109477434e-05,0.9989947261776124
19,mean,False,37,10.626323243248423,2.46741513142401e-05,0.9990194003289266
19,mean,False,38,10.318877387324788,2.3267037111036594e-05,0.9990426673660375
19,mean,False,39,10.248744081389498,2.2951838307397967e-05,0.999065619204345
19,mean,False,40,10.14789612793257,2.2502367072687973e-05,0.9990881215714178
19,mean,False,41,9.948108349592543,2.162505356759731e-05,0.9991097466249853
19,mean,False,42,9.841507076667376,2.116408010592582e-05,0.9991309107050913
19,mean,False,43,9.746778281082738,2.0758613943993304e-05,0.9991516693190352
19,mean,False,44,9.693143030753026,2.0530778654456608e-05,0.9991722000976897
19,mean,False,45,9.506491694504373,1.9747709263833116e-05,0.9991919478069536
19,mean,False,46,9.128819717591144,1.8209811042579892e-05,0.9992101576179961
19,mean,False,47,9.050480598940995,1.7898616462984196e-05,0.999228056234459
19,mean,False,48,9.019901532761082,1.7777871858311596e-05,0.9992458341063174
19,mean,False,49,8.910560208956621,1.7349469374965845e-05,0.9992631835756922
19,mean,False,50,8.885690435270995,1.725275822988645e-05,0.9992804363339223
19,mean,False,51,8.60003256242207,1.6161302888563667e-05,0.9992965976368109
19,mean,False,52,8.575254807737837,1.6068311627012155e-05,0.9993126659484378
19,mean,False,53,8.51270733322437,1.583476358511477e-05,0.9993285007120231
19,mean,False,54,8.374583091381874,1.5325073649509993e-05,0.9993438257856726
19,mean,False,55,8.348989133731804,1.5231545428104075e-05,0.9993590573311006
19,mean,False,56,8.21915997125867,1.4761518836960335e-05,0.9993738188499376
19,mean,False,57,8.145365397975981,1.4497640330120138e-05,0.9993883164902678
19,mean,False,58,8.120552509824373,1.4409447745086733e-05,0.9994027259380128
19,mean,False,59,7.936694868578807,1.3764344894754506e-05,0.9994164902829075
19,mean,False,60,7.866073859906192,1.3520483373306535e-05,0.9994300107662808
19,mean,False,61,7.709884463116368,1.298888639633806e-05,0.9994429996526772
19,mean,False,62,7.6777308324885,1.2880773496352056e-05,0.9994558804261736
19,mean,False,63,7.541707506650066,1.2428409332153283e-05,0.9994683088355057
19,mean,False,64,7.485847263935634,1.2244980620227305e-05,0.9994805538161258
19,mean,False,65,7.417951990935471,1.2023868418228926e-05,0.999492577684544
19,mean,False,66,7.353821813229855,1.1816867977258678e-05,0.9995043945525213
19,mean,False,67,7.238747634029245,1.144993577018956e-05,0.9995158444882914
19,mean,False,68,7.138260040783832,1.1134248457835312e-05,0.9995269787367493
19,mean,False,69,7.05902178704314,1.0888428987850942e-05,0.9995378671657371
19,mean,False,70,6.9661189210311925,1.0603712565722065e-05,0.9995484708783028
19,mean,False,71,6.912632473870008,1.0441505291715264e-05,0.9995589123835945
19,mean,False,72,6.870379383920311,1.0314249140987661e-05,0.9995692266327356
19,mean,False,73,6.793676496048751,1.0085232245381422e-05,0.999579311864981
19,mean,False,74,6.735956648761559,9.914589679521513e-06,0.9995892264546605
19,mean,False,75,6.674920075250652,9.735725450890899e-06,0.9995989621801115
19,mean,False,76,6.588269565377775,9.484597368527231e-06,0.9996084467774801
19,mean,False,77,6.5174813743965645,9.281876292476771e-06,0.9996177286537726
19,mean,False,78,6.4677376672988895,9.140731907428174e-06,0.9996268693856799
19,mean,False,79,6.4208764087362695,9.008755486476046e-06,0.9996358781411665
19,mean,False,80,6.342361095289569,8.789782068112866e-06,0.9996446679232345
19,mean,False,81,6.293166538059053,8.653954909272596e-06,0.9996533218781437
19,mean,False,82,6.2002949493868025,8.400417624173442e-06,0.999661722295768
19,mean,False,83,6.188758843081743,8.369187510392076e-06,0.9996700914832782
19,mean,False,84,6.112193792804637,8.163387450514172e-06,0.9996782548707287
19,mean,False,85,6.076599270767435,8.068584894236407e-06,0.9996863234556229
19,mean,False,86,5.989450305529608,7.838809500620233e-06,0.9996941622651235
19,mean,False,87,5.920358307268616,7.659001623161157e-06,0.9997018212667468
19,mean,False,88,5.832593837701819,7.433607868258896e-06,0.9997092548746148
19,mean,False,89,5.778590510632894,7.29659125904892e-06,0.9997165514658739
19,mean,False,90,5.709316122953568,7.122695187351131e-06,0.9997236741610612
19,mean,False,91,5.702684608865086,7.106158418119823e-06,0.9997307803194794
19,mean,False,92,5.656222088757271,6.990835539943764e-06,0.9997377711550193
19,mean,False,93,5.627942921608192,6.921106735064727e-06,0.9997446922617543
19,mean,False,94,5.54639084294454,6.721978496218088e-06,0.9997514142402505
19,mean,False,95,5.4860259567653955,6.576455634865851e-06,0.9997579906958852
19,mean,False,96,5.369467218363821,6.299971271180545e-06,0.9997642906671566
19,mean,False,97,5.326175237610866,6.198792241150934e-06,0.9997704894593977
19,mean,False,98,5.267820331619833,6.0637053089072894e-06,0.9997765531647065
19,mean,False,99,5.244748695860444,6.010706827506257e-06,0.999782563871534
19,mean,False,100,5.1978026512912505,5.903584054939291e-06,0.9997884674555888
19,mean,False,101,5.135278489332661,5.762410322323517e-06,0.9997942298659112
19,mean,False,102,5.106625030067162,5.698284356432854e-06,0.9997999281502676
19,mean,False,103,5.055470354067545,5.584693131264415e-06,0.9998055128433988
19,mean,False,104,5.030435941362315,5.529519887873646e-06,0.9998110423632869
19,mean,False,105,4.993509538959235,5.44863788959574e-06,0.9998164910011765
19,mean,False,106,4.902962335289133,5.252829355583426e-06,0.9998217438305321
19,mean,False,107,4.881651980167964,5.207266537561353e-06,0.9998269510970698
19,mean,False,108,4.8565771761937775,5.15390925355531e-06,0.9998321050063232
19,mean,False,109,4.831497560245566,5.100816586697534e-06,0.99983720582291
19,mean,False,110,4.734648764327773,4.8983714148120025e-06,0.9998421041943247
19,mean,False,111,4.705272951270602,4.837776738905851e-06,0.9998469419710637
19,mean,False,112,4.637826385978852,4.70007894479686e-06,0.9998516420500088
19,mean,False,113,4.608211587612567,4.640245965106974e-06,0.9998562822959739
19,mean,False,114,4.537599015827139,4.499128615475341e-06,0.9998607814245893
19,mean,False,115,4.500154439112481,4.425180758281268e-06,0.9998652066053476
19,mean,False,116,4.474270502170119,4.374421748493409e-06,0.999869581027096
19,mean,False,117,4.41964763317311,4.2682659275403545e-06,0.9998738492930236
19,mean,False,118,4.365956993758818,4.1651925731906235e-06,0.9998780144855969
19,mean,False,119,4.3398041652709605,4.115441598643662e-06,0.9998821299271954
19,mean,False,120,4.2800802454537115,4.002948488428184e-06,0.9998861328756838
19,mean,False,121,4.271343345204527,3.986622782276226e-06,0.9998901194984661
19,mean,False,122,4.223135473230912,3.8971417723363354e-06,0.9998940166402385
19,mean,False,123,4.151549073466626,3.766140607583017e-06,0.9998977827808462
19,mean,False,124,4.136703002572707,3.7392530929565704e-06,0.999901522033939
19,mean,False,125,4.0722471149893416,3.623634843834431e-06,0.9999051456687829
19,mean,False,126,4.035181478670667,3.557970324286451e-06,0.9999087036391071
19,mean,False,127,4.017862440936832,3.527494181156197e-06,0.9999122311332883
19,mean,False,128,3.9752724543436284,3.4531065336954995e-06,0.9999156842398222
19,mean,False,129,3.904603731876598,3.3314255218665513e-06,0.9999190156653438
19,mean,False,130,3.8284041179086987,3.202666579507911e-06,0.9999222183319233
19,mean,False,131,3.811745559220561,3.1748556522892143e-06,0.9999253931875756
19,mean,False,132,3.7985978783279752,3.152991653774515e-06,0.9999285461792294
19,mean,False,133,3.739835961309683,3.056196578554512e-06,0.9999316023758079
19,mean,False,134,3.7121472088256313,3.011109568821052e-06,0.9999346134853768
19,mean,False,135,3.6867746613515844,2.9700883373768955e-06,0.9999375835737142
19,mean,False,136,3.639726018388377,2.8947666788698332e-06,0.999940478340393
19,mean,False,137,3.592070717431807,2.819459980762436e-06,0.9999432978003737
19,mean,False,138,3.523605378466195,2.7130057044324675e-06,0.9999460108060783
19,mean,False,139,3.4615019124372557,2.6182151422939237e-06,0.9999486290212204
19,mean,False,140,3.439477612054602,2.5850036003905476e-06,0.999951214024821
19,mean,False,141,3.430214670747287,2.5710988763314156e-06,0.9999537851236973
19,mean,False,142,3.3939595320223983,2.517036409997016e-06,0.9999563021601072
19,mean,False,143,3.321500862986096,2.4107097129642578e-06,0.9999587128698202
19,mean,False,144,3.2886200477484313,2.3632168709628817e-06,0.9999610760866912
19,mean,False,145,3.2601214902523132,2.3224359615083755e-06,0.9999633985226527
19,mean,False,146,3.1917338593601667,2.2260223481663786e-06,0.9999656245450009
19,mean,False,147,3.135854549434745,2.1487604391781563e-06,0.9999677733054402
19,mean,False,148,3.1278439556885775,2.137796370909008e-06,0.999969911101811
19,mean,False,149,3.062059845795521,2.0488186902850973e-06,0.9999719599205011
19,mean,False,150,3.0436317965520523,2.024232546916732e-06,0.9999739841530483
19,mean,False,151,2.9988564201639862,1.9651129810934748e-06,0.9999759492660293
19,mean,False,152,2.9513320559136162,1.9033222666281367e-06,0.9999778525882959
19,mean,False,153,2.940327472678177,1.889154955886822e-06,0.9999797417432518
19,mean,False,154,2.8995346886705837,1.8370999954324902e-06,0.9999815788432472
19,mean,False,155,2.848143264126398,1.7725554924370037e-06,0.9999833513987397
19,mean,False,156,2.776270705265215,1.6842237974977658e-06,0.9999850356225372
19,mean,False,157,2.7320949616391808,1.6310518202733217e-06,0.9999866666743573
19,mean,False,158,2.6890862226287364,1.5801038589694668e-06,0.9999882467782165
19,mean,False,159,2.6692678553784144,1.5568991856512715e-06,0.9999898036774021
19,mean,False,160,2.5672945602329356,1.4402158284651596e-06,0.9999912438932307
19,mean,False,161,2.553830507770859,1.4251491556978144e-06,0.9999926690423864
19,mean,False,162,2.4906191742420223,1.3554728805873249e-06,0.9999940245152669
19,mean,False,163,2.3857153101831616,1.2436936408135434e-06,0.9999952682089077
19,mean,False,164,2.332757138208754,1.1890913847190402e-06,0.9999964573002924
19,mean,False,165,2.214910678295045,1.0719847627447265e-06,0.9999975292850551
19,mean,False,166,2.0644786414741967,9.313157910484306e-07,0.9999984606008463
19,mean,False,167,2.01771006745154,8.895978002429918e-07,0.9999993501986465
19,mean,False,168,1.7244563926159209,6.498013534871258e-07,1.0
19,mean,True,1,827.1370085068008,0.9722517469058368,0.9722517469058368
19,mean,True,2,46.657422991859534,0.003093608286051551,0.9753453551918885
19,mean,True,3,38.13059738367368,0.0020661937574354625,0.9774115489493239
19,mean,True,4,36.14517174651385,0.0018566259307583725,0.9792681748800822
19,mean,True,5,31.48521839945482,0.0014087607619140538,0.9806769356419962
19,mean,True,6,30.12654229767253,0.0012898000970182535,0.9819667357390144
19,mean,True,7,27.7609598513829,0.0010951983541938857,0.9830619340932082
19,mean,True,8,24.848460914914572,0.0008774508819704809,0.9839393849751791
19,mean,True,9,23.633456499113958,0.0007937400862441443,0.9847331250614233
19,mean,True,10,21.69003040870237,0.0006685657867519473,0.9854016908481753
19,mean,True,11,20.54783310663329,0.0006000064039975717,0.9860016972521728
19,mean,True,12,20.371101658718942,0.0005897295075321346,0.9865914267597049
19,mean,True,13,19.25486637378416,0.000526871666830764,0.9871182984265356
19,mean,True,14,18.82048509673296,0.0005033678255786229,0.9876216662521142
19,mean,True,15,17.961323536845107,0.00045845899514635884,0.9880801252472606
19,mean,True,16,17.390583654940507,0.00042978587886883103,0.9885099111261294
19,mean,True,17,17.1503628481657,0.00041799438901264554,0.988927905515142
19,mean,True,18,16.404942371530105,0.0003824487489753945,0.9893103542641173
19,mean,True,19,15.85740402508491,0.0003573452466571005,0.9896676995107744
19,mean,True,20,15.133220092554486,0.00032545168405549436,0.9899931511948299
19,mean,True,21,15.12021378251352,0.00032489250280029095,0.9903180436976302
19,mean,True,22,14.50817635320239,0.00029912277308858395,0.9906171664707187
19,mean,True,23,14.239425754292965,0.00028814346701063663,0.9909053099377295
19,mean,True,24,14.148326216449139,0.00028446835142772195,0.9911897782891571
19,mean,True,25,13.428647836407576,0.0002562644691607962,0.991446042758318
19,mean,True,26,13.149101716046577,0.00024570613262790486,0.9916917488909459
19,mean,True,27,12.689377064918592,0.0002288255061712887,0.9919205743971173
19,mean,True,28,12.520804604338636,0.00022278620861540635,0.9921433606057327
19,mean,True,29,11.87512612424636,0.00020040118638854659,0.9923437617921214
19,mean,True,30,11.73543970817612,0.00019571430032169619,0.9925394760924431
19,mean,True,31,11.675405398048772,0.00019371701347300585,0.9927331931059161
19,mean,True,32,11.435632340986283,0.00018584213874819287,0.9929190352446642
19,mean,True,33,11.346935580683155,0.00018297047055830138,0.9931020057152224
19,mean,True,34,10.873703398033724,0.00016802689095253472,0.993270032606175
19,mean,True,35,10.854931963199366,0.00016744725709113038,0.9934374798632661
19,mean,True,36,10.646624421704578,0.00016108225256124923,0.9935985621158274
19,mean,True,37,10.333312253164685,0.00015174099682523193,0.9937503031126526
19,mean,True,38,10.310602850713662,0.0001510747707940649,0.9939013778834466
19,mean,True,39,10.222652369373925,0.00014850839735203015,0.9940498862807985
19,mean,True,40,10.069970231913345,0.00014410538163081647,0.9941939916624294
19,mean,True,41,9.858452297268816,0.00013811514544484227,0.9943321068078742
19,mean,True,42,9.758093145226079,0.00013531743130179447,0.994467424239176
19,mean,True,43,9.695028180600463,0.00013357401429432708,0.9946009982534704
19,mean,True,44,9.51361358469929,0.00012862187662728824,0.9947296201300976
19,mean,True,45,9.156576894212439,0.00011914892273613146,0.9948487690528337
19,mean,True,46,9.07455641423612,0.00011702391850291627,0.9949657929713366
19,mean,True,47,9.022849955692308,0.00011569412269931221,0.995081487094036
19,mean,True,48,8.910798632438684,0.00011283844314907251,0.9951943255371851
19,mean,True,49,8.897839516283575,0.00011251047632173073,0.9953068360135069
19,mean,True,50,8.612703455374875,0.00010541509753732917,0.9954122511110443
19,mean,True,51,8.576178946008639,0.00010452291060578725,0.99551677402165
19,mean,True,52,8.51425138093595,0.00010301886561039994,0.9956197928872604
19,mean,True,53,8.382635017317146,9.985847765252843e-05,0.995719651364913
19,mean,True,54,8.34921440583445,9.906381616533414e-05,0.9958187151810782
19,mean,True,55,8.225245713291073,9.614386735217228e-05,0.9959148590484305
19,mean,True,56,8.163468029250378,9.470506771641247e-05,0.9960095641161468
19,mean,True,57,8.139726710503846,9.415501871392011e-05,0.9961037191348607
19,mean,True,58,7.950396999933028,8.982587522538227e-05,0.9961935450100862
19,mean,True,59,7.882911231562687,8.83074000727196e-05,0.9962818524101588
19,mean,True,60,7.7636542656366165,8.565568654041159e-05,0.9963675080966993
19,mean,True,61,7.6787388269711165,8.379220503298502e-05,0.9964513003017322
19,mean,True,62,7.5442438791198185,8.08826300675214e-05,0.9965321829317998
19,mean,True,63,7.486637919990694,7.965214684093857e-05,0.9966118350786407
19,mean,True,64,7.4256276242547985,7.835923002146765e-05,0.9966901943086619
19,mean,True,65,7.370175111473886,7.71932701880578e-05,0.99676738757885
19,mean,True,66,7.241714138195495,7.45257887478766e-05,0.9968419133675979
19,mean,True,67,7.142362780657128,7.249493041664538e-05,0.9969144082980146
19,mean,True,68,7.08125859956562,7.1259822407829e-05,0.9969856681204224
19,mean,True,69,6.966741432049422,6.897365029121755e-05,0.9970546417707137
19,mean,True,70,6.917360684098581,6.799933551416875e-05,0.9971226411062277
19,mean,True,71,6.872625202135523,6.712265819936651e-05,0.997189763764427
19,mean,True,72,6.803710472227219,6.578327256528746e-05,0.9972555470369926
19,mean,True,73,6.743212421474955,6.46185945780869e-05,0.9973201656315708
19,mean,True,74,6.679137481499716,6.339639933078978e-05,0.9973835620309015
19,mean,True,75,6.607947014075272,6.20521638086594e-05,0.9974456141947102
19,mean,True,76,6.5269273971688575,6.05398568990628e-05,0.9975061540516094
19,mean,True,77,6.468988505497312,5.9469814707959356e-05,0.9975656238663173
19,mean,True,78,6.4212282090896515,5.859492953025365e-05,0.9976242187958476
19,mean,True,79,6.343440496955421,5.718387313177098e-05,0.9976814026689794
19,mean,True,80,6.33551240069223,5.704102448532634e-05,0.9977384436934643
19,mean,True,81,6.204009069541113,5.469765082544536e-05,0.9977931413442898
19,mean,True,82,6.190083519966231,5.445237716847578e-05,0.9978475937214583
19,mean,True,83,6.115201474711506,5.314291426129112e-05,0.9979007366357195
19,mean,True,84,6.102592524236857,5.2923989157801865e-05,0.9979536606248773
19,mean,True,85,6.0021191281849235,5.119564845878196e-05,0.9980048562733361
19,mean,True,86,5.921271788851951,4.9825746958715704e-05,0.9980546820202948
19,mean,True,87,5.855260227677674,4.872100398648166e-05,0.9981034030242814
19,mean,True,88,5.792917902749887,4.768903932812278e-05,0.9981510920636095
19,mean,True,89,5.720317585332053,4.650119443846016e-05,0.9981975932580479
19,mean,True,90,5.702937035941002,4.621904630352903e-05,0.9982438123043514
19,mean,True,91,5.657619932335782,4.5487426260106815e-05,0.9982892997306116
19,mean,True,92,5.633757997735694,4.510453414652656e-05,0.9983344042647581
19,mean,True,93,5.5464007265778905,4.3716593626498644e-05,0.9983781208583845
19,mean,True,94,5.5016923728677485,4.301465388745054e-05,0.998421135512272
19,mean,True,95,5.369841230230552,4.097761867284047e-05,0.9984621131309448
19,mean,True,96,5.358161340503684,4.079955249454739e-05,0.9985029126834396
19,mean,True,97,5.317532613969236,4.018316594726214e-05,0.9985430958493869
19,mean,True,98,5.245161163731535,3.909682589641333e-05,0.9985821926752834
19,mean,True,99,5.2050651548300815,3.8501368535684754e-05,0.9986206940438191
19,mean,True,100,5.140294954062485,3.7549132347344e-05,0.9986582431761665
19,mean,True,101,5.120265351020254,3.725707559877731e-05,0.9986955002517652
19,mean,True,102,5.056433157452515,3.6333929361361386e-05,0.9987318341811267
19,mean,True,103,5.0340279720740195,3.601264959021955e-05,0.9987678468307168
19,mean,True,104,5.0142794253717815,3.573064779027829e-05,0.9988035774785067
19,mean,True,105,4.907627557366972,3.422685691880438e-05,0.9988378043354255
19,mean,True,106,4.882063787752987,3.38712110889511e-05,0.9988716755465145
19,mean,True,107,4.857013051160833,3.352450448091223e-05,0.9989052000509953
19,mean,True,108,4.831747948448558,3.317663755646315e-05,0.9989383766885517
19,mean,True,109,4.74847588215732,3.204293578909995e-05,0.9989704196243407
19,mean,True,110,4.708117487130151,3.15005698244519e-05,0.9990019201941652
19,mean,True,111,4.637844857515974,3.0567242332451076e-05,0.9990324874364976
19,mean,True,112,4.608850944168653,3.0186249124506006e-05,0.9990626736856223
19,mean,True,113,4.55272978787205,2.9455579842039968e-05,0.9990921292654643
19,mean,True,114,4.5079225418104345,2.8878638653575093e-05,0.9991210079041178
19,mean,True,115,4.481937514966436,2.8546667821146843e-05,0.999149554571939
19,mean,True,116,4.4201583906413076,2.7765115884792193e-05,0.9991773196878238
19,mean,True,117,4.371371616823722,2.7155592476314595e-05,0.9992044752803
19,mean,True,118,4.3521978119129985,2.6917894024813246e-05,0.9992313931743249
19,mean,True,119,4.280598241621244,2.6039507381495423e-05,0.9992574326817063
19,mean,True,120,4.277991975866598,2.6007808440239622e-05,0.9992834404901468
19,mean,True,121,4.2236531868811,2.535130537762944e-05,0.9993087917955243
19,mean,True,122,4.162170783150346,2.4618615137354615e-05,0.9993334104106617
19,mean,True,123,4.139817619283924,2.435489399357928e-05,0.9993577653046554
19,mean,True,124,4.078376609146878,2.36373334093488e-05,0.9993814026380647
19,mean,True,125,4.038073635793086,2.3172468200116194e-05,0.9994045751062648
19,mean,True,126,4.018226977978162,2.2945248034792498e-05,0.9994275203542996
19,mean,True,127,3.975660476004703,2.2461688647979323e-05,0.9994499820429477
19,mean,True,128,3.9099353779025994,2.1725160100314597e-05,0.9994717072030479
19,mean,True,129,3.862201796973563,2.11979444430082e-05,0.9994929051474909
19,mean,True,130,3.822953610785504,2.0769301111523828e-05,0.9995136744486025
19,mean,True,131,3.8085187226737847,2.0612753811239817e-05,0.9995342872024137
19,mean,True,132,3.7401694364691447,1.9879542266249086e-05,0.9995541667446799
19,mean,True,133,3.713168935386811,1.9593555136864995e-05,0.9995737602998168
19,mean,True,134,3.6917779515159217,1.93684545980703e-05,0.9995931287544149
19,mean,True,135,3.6465108188026636,1.88963898060193e-05,0.9996120251442209
19,mean,True,136,3.60707650727257,1.848989880703293e-05,0.9996305150430279
19,mean,True,137,3.5239445507499516,1.7647449946584012e-05,0.9996481624929745
19,mean,True,138,3.4619921088128613,1.7032404936452678e-05,0.9996651948979108
19,mean,True,139,3.4428918116851794,1.684498303843447e-05,0.9996820398809494
19,mean,True,140,3.430216114051002,1.672117499484436e-05,0.9996987610559442
19,mean,True,141,3.394377318772661,1.6373595608001783e-05,0.9997151346515522
19,mean,True,142,3.3349811803492986,1.5805585972974016e-05,0.9997309402375253
19,mean,True,143,3.2913345557930467,1.5394581436959887e-05,0.9997463348189621
19,mean,True,144,3.2668971958444444,1.516682803554746e-05,0.9997615016469978
19,mean,True,145,3.197966155885712,1.4533544777625722e-05,0.9997760351917755
19,mean,True,146,3.136125186313826,1.3976891925769778e-05,0.9997900120837013
19,mean,True,147,3.129492779647871,1.3917836625147438e-05,0.9998039299203265
19,mean,True,148,3.0640624827126697,1.334194238540289e-05,0.9998172718627119
19,mean,True,149,3.048983019896979,1.3210943582916755e-05,0.9998304828062947
19,mean,True,150,2.998856798137156,1.278013030747661e-05,0.9998432629366022
19,mean,True,151,2.9615379664175268,1.2464028564496627e-05,0.9998557269651668
19,mean,True,152,2.9433916502558186,1.23117541195408e-05,0.9998680387192862
19,mean,True,153,2.8995468354087226,1.194769377064549e-05,0.999879986413057
19,mean,True,154,2.8488332078023797,1.153341376197558e-05,0.9998915198268189
19,mean,True,155,2.7784927821792564,1.0970902926193576e-05,0.9999024907297451
19,mean,True,156,2.733164406392187,1.0615863828002505e-05,0.999913106593573
19,mean,True,157,2.6953723303735484,1.0324317646848315e-05,0.99992343091122
19,mean,True,158,2.669363722692796,1.0126032908048895e-05,0.999933556944128
19,mean,True,159,2.5736108258029136,9.412599408714867e-06,0.9999429695435368
19,mean,True,160,2.5590346475622767,9.306280927477927e-06,0.9999522758244641
19,mean,True,161,2.494486772392938,8.842727402697843e-06,0.9999611185518668
19,mean,True,162,2.3867585115929963,8.095446116484303e-06,0.9999692139979832
19,mean,True,163,2.3332588624989383,7.736591649080473e-06,0.9999769505896323
19,mean,True,164,2.214921595150562,6.971729709345449e-06,0.9999839223193417
19,mean,True,165,2.0649046824811372,6.059319385043163e-06,0.9999899816387267
19,mean,True,166,2.0177156326432826,5.78553791470144e-06,0.9999957671766414
19,mean,True,167,1.7258504469872102,4.23282335859493e-06,1.0
19,mean,True,168,5.887055780251369e-14,4.925157554687825e-33,1.0
23,last,False,1,672.0904730214243,0.37576286756072597,0.37576286756072597
23,last,False,2,379.33206529597106,0.11970092157821599,0.49546378913894196
23,last,False,3,261.0224671010953,0.056677953848855225,0.5521417429877972
23,last,False,4,198.71241993533272,0.03284796032122544,0.5849897033090226
23,last,False,5,174.43425390646914,0.025311735693634027,0.6103014390026565
23,last,False,6,165.14843855473313,0.022688580570678938,0.6329900195733354
23,last,False,7,152.42220698673168,0.01932657401303554,0.652316593586371
23,last,False,8,146.01915670837155,0.017736913777574487,0.6700535073639456
23,last,False,9,135.69169805675511,0.015316690525209621,0.6853701978891552
23,last,False,10,130.10748357698765,0.01408195451909023,0.6994521524082454
23,last,False,11,123.56603402252533,0.012701546382001846,0.7121536987902473
23,last,False,12,113.4307572806666,0.010703357857234181,0.7228570566474815
23,last,False,13,110.79362970841821,0.010211462902895289,0.7330685195503768
23,last,False,14,102.88783303227768,0.008806156996138733,0.7418746765465155
23,last,False,15,100.7110574347205,0.008437478803286307,0.7503121553498018
23,last,False,16,96.21383960304847,0.0077007579992001175,0.758012913349002
23,last,False,17,91.96991209287754,0.007036390371559918,0.7650493037205619
23,last,False,18,89.86924148590472,0.0067186270673179485,0.7717679307878799
23,last,False,19,87.93301935116845,0.0064322416879545865,0.7782001724758344
23,last,False,20,86.82305087041908,0.00627087967629338,0.7844710521521279
23,last,False,21,85.1244467435044,0.006027913165078807,0.7904989653172066
23,last,False,22,82.03213724035085,0.00559791675943232,0.796096882076639
23,last,False,23,81.02944771031358,0.005461904980045467,0.8015587870566845
23,last,False,24,77.94918150740502,0.005054538414442793,0.8066133254711272
23,last,False,25,77.68881770732385,0.005020828734927436,0.8116341542060546
23,last,False,26,75.91707008909151,0.004794433071752184,0.8164285872778068
23,last,False,27,75.21338883742838,0.0047059650401873035,0.8211345523179941
23,last,False,28,72.80734809707853,0.0044096976023065984,0.8255442499203007
23,last,False,29,70.94878960678207,0.004187437754714107,0.8297316876750148
23,last,False,30,70.46431525164897,0.004130445106943207,0.8338621327819581
23,last,False,31,69.93221033758338,0.004068299274036343,0.8379304320559945
23,last,False,32,68.90420957306361,0.003949570706842355,0.8418800027628366
23,last,False,33,68.48229936214231,0.003901351228569145,0.8457813539914057
23,last,False,34,66.5942078479906,0.003689192333244039,0.8494705463246498
23,last,False,35,65.4362642155461,0.003562011994364883,0.8530325583190146
23,last,False,36,65.10212061113627,0.003525726773516747,0.8565582850925313
23,last,False,37,64.03920052090886,0.003411537785630389,0.8599698228781617
23,last,False,38,62.04154282889717,0.0032020164685526483,0.8631718393467144
23,last,False,39,60.877159708369966,0.00308295472135737,0.8662547940680717
23,last,False,40,60.155475576778024,0.0030102926074278454,0.8692650866754997
23,last,False,41,58.823149670434454,0.0028784250985371676,0.8721435117740369
23,last,False,42,58.62795920086682,0.00285935407012719,0.8750028658441641
23,last,False,43,58.04049327840536,0.002802338365032328,0.8778052042091964
23,last,False,44,57.85250239835242,0.0027842144360057538,0.8805894186452021
23,last,False,45,56.56501141349389,0.0026616695798529232,0.883251088225055
23,last,False,46,55.92604822951467,0.002601876320694854,0.8858529645457498
23,last,False,47,55.18443049416202,0.002533328522604072,0.8883862930683539
23,last,False,48,54.20545106403895,0.0024442425959698647,0.8908305356643238
23,last,False,49,53.941150233878695,0.002420464899127449,0.8932510005634513
23,last,False,50,52.86243232657935,0.0023246237324203536,0.8955756242958716
23,last,False,51,52.47167477079653,0.002290383651257911,0.8978660079471296
23,last,False,52,51.35935726095005,0.00219430778089883,0.9000603157280285
23,last,False,53,50.77134083603205,0.0021443498847743803,0.9022046656128028
23,last,False,54,50.49062135574577,0.0021207028182738804,0.9043253684310766
23,last,False,55,49.74638960739443,0.002058645260066246,0.9063840136911429
23,last,False,56,49.593306883454666,0.002045994768742685,0.9084300084598855
23,last,False,57,48.99744767916883,0.0019971252316009747,0.9104271336914865
23,last,False,58,48.70460243027368,0.0019733239555112013,0.9124004576469977
23,last,False,59,47.72371586839525,0.001894640801472359,0.9142950984484701
23,last,False,60,47.586898008682844,0.0018837929821781084,0.9161788914306482
23,last,False,61,46.809400907191616,0.0018227392624914302,0.9180016306931396
23,last,False,62,46.35380851239565,0.0017874307606983331,0.919789061453838
23,last,False,63,46.03232913998652,0.0017627238579442104,0.9215517853117823
23,last,False,64,45.076746605081496,0.0016902989040406273,0.9232420842158228
23,last,False,65,44.450560957991954,0.001643663363436785,0.9248857475792595
23,last,False,66,44.31958552652259,0.001633991388616002,0.9265197389678755
23,last,False,67,43.683845108810345,0.0015874501637929467,0.9281071891316686
23,last,False,68,43.59658197298979,0.0015811142966638632,0.9296883034283324
23,last,False,69,42.879975275020065,0.0015295632321888758,0.9312178666605213
23,last,False,70,42.54722648052637,0.0015059165042601763,0.9327237831647813
23,last,False,71,41.934954095925455,0.001462886818976941,0.9341866699837583
23,last,False,72,41.44643554904573,0.0014290017348376712,0.9356156717185962
23,last,False,73,41.26711166135339,0.0014166629277364274,0.9370323346463326
23,last,False,74,41.01632235145065,0.001399496504669068,0.9384318311510017
23,last,False,75,40.630375135851494,0.0013732830103227488,0.9398051141613245
23,last,False,76,40.409453855732515,0.001358389589879172,0.9411635037512036
23,last,False,77,39.794221709943855,0.0013173416208797377,0.9424808453720833
23,last,False,78,39.41413407500293,0.0012922970772364535,0.9437731424493198
23,last,False,79,38.830163204559966,0.001254286692841741,0.9450274291421615
23,last,False,80,38.632217343718544,0.0012415312468804756,0.9462689603890421
23,last,False,81,38.389021533092425,0.001225949183296982,0.947494909572339
23,last,False,82,37.827657072437184,0.0011903571075987103,0.9486852666799376
23,last,False,83,37.66416546837291,0.0011800898667909004,0.9498653565467285
23,last,False,84,37.32149554381188,0.0011587145482178415,0.9510240710949465
23,last,False,85,36.96031504121799,0.0011363960400468088,0.9521604671349931
23,last,False,86,36.837454901058344,0.0011288535867857064,0.9532893207217789
23,last,False,87,36.322418343678,0.001097508506706859,0.9543868292284858
23,last,False,88,35.991313269406916,0.0010775905404433615,0.9554644197689292
23,last,False,89,35.78672063929728,0.0010653742337691007,0.9565297940026982
23,last,False,90,35.640121494072325,0.00105666356958855,0.9575864575722868
23,last,False,91,35.48568478559479,0.0010475258858578486,0.9586339834581447
23,last,False,92,35.01682960758828,0.0010200278480033478,0.9596540113061481
23,last,False,93,34.497209416643244,0.0009899797543329893,0.9606439910604812
23,last,False,94,34.376083770335214,0.0009830399801389316,0.96162703104062
23,last,False,95,33.93251614079058,0.0009578345791059898,0.962584865619726
23,last,False,96,33.633729878515055,0.0009410407859998775,0.9635259064057258
23,last,False,97,33.33194687832447,0.0009242293265702477,0.964450135732296
23,last,False,98,33.13796450750616,0.0009135031301496957,0.9653636388624457
23,last,False,99,32.91875807838298,0.000901457523069427,0.9662650963855152
23,last,False,100,32.70699271090581,0.0008898967306277697,0.9671549931161428
23,last,False,101,32.50786048961968,0.0008790936792342616,0.968034086795377
23,last,False,102,32.11849677354521,0.0008581610617110775,0.968892247857088
23,last,False,103,31.880656667791296,0.0008454986129341245,0.9697377464700222
23,last,False,104,31.536744030288396,0.0008273553683482131,0.9705651018383705
23,last,False,105,31.150304633311176,0.0008072033939767085,0.9713723052323472
23,last,False,106,30.870588039240662,0.0007927717891874818,0.9721650770215347
23,last,False,107,30.36362994483121,0.0007669477233386431,0.9729320247448733
23,last,False,108,30.22983760442753,0.0007602037562831383,0.9736922285011563
23,last,False,109,29.833357598544268,0.0007403935906891289,0.9744326220918454
23,last,False,110,29.721961342312593,0.0007348747287074539,0.9751674968205528
23,last,False,111,29.477862150710017,0.0007228536030770288,0.9758903504236299
23,last,False,112,29.19700214445693,0.0007091447734864075,0.9765994951971164
23,last,False,113,29.027150310327695,0.0007009179571985726,0.9773004131543152
23,last,False,114,28.777563104931893,0.0006889162243997701,0.9779893293787149
23,last,False,115,28.602568652889328,0.0006805631912633397,0.9786698925699783
23,last,False,116,28.278107944925654,0.000665210474138724,0.9793351030441169
23,last,False,117,28.127582376183135,0.0006581474355596139,0.9799932504796764
23,last,False,118,27.973234601127228,0.0006509441946116858,0.9806441946742882
23,last,False,119,27.704680324657026,0.000638505539722582,0.9812827002140108
23,last,False,120,27.360946000648305,0.0006227598435336366,0.9819054600575444
23,last,False,121,27.02973794283153,0.0006077739101796321,0.9825132339677239
23,last,False,122,26.708613106564076,0.0005934184666603039,0.9831066524343842
23,last,False,123,26.583133186710956,0.0005878556779162908,0.9836945081123004
23,last,False,124,26.442591642176193,0.000581656277062995,0.9842761643893635
23,last,False,125,26.149920409797257,0.0005688517856169629,0.9848450161749803
23,last,False,126,26.051197612617784,0.0005645647643340374,0.9854095809393143
23,last,False,127,25.608981163869384,0.000545560582361849,0.9859551415216762
23,last,False,128,25.587398070839306,0.0005446413796159983,0.9864997829012926
23,last,False,129,25.227600452362672,0.0005294321020903243,0.9870292150033827
23,last,False,130,24.94546822290118,0.0005176565372619394,0.9875468715406447
23,last,False,131,24.8952674788697,0.0005155751495743468,0.988062446690219
23,last,False,132,24.617384843992376,0.0005041296176095389,0.9885665763078286
23,last,False,133,24.288609848420705,0.000490753833209983,0.9890573301410385
23,last,False,134,24.063983819483116,0.00048171862349632647,0.989539048764535
23,last,False,135,23.90772111518981,0.0004754827273663531,0.9900145314919012
23,last,False,136,23.57271404696475,0.0004622506800942516,0.9904767821719955
23,last,False,137,23.347542849850292,0.0004534618392305629,0.9909302440112261
23,last,False,138,23.061679060479122,0.00044242558194735167,0.9913726695931735
23,last,False,139,22.858742660442047,0.00043467339561783174,0.9918073429887914
23,last,False,140,22.796567833233045,0.00043231202437198324,0.9922396550131632
23,last,False,141,22.412265657574448,0.0004178591400304311,0.9926575141531937
23,last,False,142,22.175077343103382,0.00040906155921663335,0.9930665757124103
23,last,False,143,21.828025901790927,0.00039635770384803564,0.9934629334162584
23,last,False,144,21.621767108072202,0.00038890251638734174,0.9938518359326457
23,last,False,145,21.442349919243906,0.0003824750771802466,0.9942343110098261
23,last,False,146,21.035973516373137,0.000368115084053662,0.9946024260938798
23,last,False,147,20.833669879622093,0.0003610687807213485,0.994963494874601
23,last,False,148,20.474535637608906,0.0003487277473323766,0.9953122226219334
23,last,False,149,20.342592231655843,0.0003442476390016914,0.9956564702609353
23,last,False,150,19.991183763985404,0.0003324569417791685,0.9959889272027144
23,last,False,151,19.69093657330674,0.00032254560564211744,0.9963114728083564
23,last,False,152,19.27785870515262,0.0003091547820218011,0.9966206275903782
23,last,False,153,19.104983360036126,0.00030363491555044915,0.9969242625059287
23,last,False,154,18.57893325106347,0.0002871441228676784,0.9972114066287965
23,last,False,155,18.48131795917961,0.00028413469042185344,0.9974955413192181
23,last,False,156,18.058814454791158,0.0002712919171594244,0.9977668332363777
23,last,False,157,17.586595191863225,0.00025728941359144273,0.9980241226499692
23,last,False,158,17.249442106532946,0.0002475189703067745,0.9982716416202759
23,last,False,159,16.960480025851485,0.0002392955720341558,0.99851093719231
23,last,False,160,16.681308946501645,0.0002314827507364449,0.9987424199430465
23,last,False,161,15.78148623775436,0.00020718303216504228,0.9989496029752114
23,last,False,162,15.466847205535792,0.00019900407675143387,0.9991486070519631
23,last,False,163,14.988264593700954,0.00018687925126394247,0.999335486303227
23,last,False,164,14.086955784580951,0.00016507932554245903,0.9995005656287694
23,last,False,165,13.361090629081351,0.00014850538519835366,0.9996490710139677
23,last,False,166,12.72451298114867,0.00013469166488138372,0.9997837626788492
23,last,False,167,12.429923896010596,0.00012852728159889058,0.999912289960448
23,last,False,168,10.268227021412105,8.771003955201954e-05,1.0
23,last,True,1,379.4702887970488,0.18995903373725023,0.18995903373725023
23,last,True,2,263.22700390240203,0.09140401592865302,0.28136304966590325
23,last,True,3,199.26149746587149,0.052378273091810805,0.33374132275771407
23,last,True,4,174.81309105393746,0.04031366665039078,0.37405498940810483
23,last,True,5,171.8812418319797,0.038972777827624386,0.4130277672357292
23,last,True,6,152.43125423315138,0.030651550097124832,0.44367931733285404
23,last,True,7,146.02986916345455,0.028131169555242773,0.4718104868880968
23,last,True,8,136.17060165559317,0.024460825467174846,0.49627131235527167
23,last,True,9,130.42189376543573,0.022439098251785226,0.5187104106070569
23,last,True,10,124.67300268378378,0.020504502424346597,0.5392149130314035
23,last,True,11,114.02705562365779,0.017152215188453033,0.5563671282198566
23,last,True,12,111.98780588772595,0.016544203668583918,0.5729113318884405
23,last,True,13,103.73891314490486,0.014196712369619812,0.5871080442580603
23,last,True,14,101.46133519514152,0.013580180504539468,0.6006882247625998
23,last,True,15,97.40363534324811,0.012515688005595762,0.6132039127681955
23,last,True,16,92.04034864782247,0.011175344151366515,0.624379256919562
23,last,True,17,90.64294193905515,0.010838579851663761,0.6352178367712257
23,last,True,18,88.15877329397563,0.010252634446929735,0.6454704712181555
23,last,True,19,87.1747304309987,0.01002502864762752,0.655495499865783
23,last,True,20,85.96343352259474,0.009748367730263868,0.6652438675960468
23,last,True,21,82.44812697126649,0.00896738847207061,0.6742112560681175
23,last,True,22,81.13826073092095,0.008684719260418406,0.682895975328536
23,last,True,23,78.19352884534105,0.008065773504804245,0.6909617488333402
23,last,True,24,77.86863489676355,0.007998886208341594,0.6989606350416817
23,last,True,25,76.01600399857251,0.0076227989942648225,0.7065834340359466
23,last,True,26,75.30289273311821,0.007480449850345998,0.7140638838862926
23,last,True,27,73.95057285097175,0.007214188424500312,0.7212780723107929
23,last,True,28,71.33326285593382,0.006712566099060773,0.7279906384098537
23,last,True,29,70.94647940077533,0.006639969653978033,0.7346306080638317
23,last,True,30,70.15340809366646,0.006492350299711319,0.741122958363543
23,last,True,31,69.44031754134392,0.006361035106483772,0.7474839934700268
23,last,True,32,68.53655547248763,0.006196535522359873,0.7536805289923867
23,last,True,33,66.92997517957377,0.005909431788887251,0.7595899607812739
23,last,True,34,66.00282757378281,0.005746844930720004,0.7653368057119939
23,last,True,35,65.38819345893596,0.005640311295768742,0.7709771170077626
23,last,True,36,64.32718083419488,0.005458752873201867,0.7764358698809645
23,last,True,37,62.41242448659928,0.005138620005900368,0.7815744898868648
23,last,True,38,61.86960306405795,0.005049624166269225,0.786624114053134
23,last,True,39,60.17413695449581,0.004776657876089343,0.7914007719292234
23,last,True,40,59.571428570351735,0.004681450396473377,0.7960822223256968
23,last,True,41,58.820122667330686,0.004564111524659427,0.8006463338503562
23,last,True,42,58.20864306228824,0.004469710002462783,0.8051160438528191
23,last,True,43,57.896350475915334,0.004421878175503591,0.8095379220283226
23,last,True,44,57.78489854825401,0.0044048701088302234,0.8139427921371528
23,last,True,45,55.926353925994995,0.004126077772144853,0.8180688699092977
23,last,True,46,55.32312085288798,0.004037548374396688,0.8221064182836944
23,last,True,47,54.26733283534862,0.003884913473246762,0.8259913317569411
23,last,True,48,53.94231946508419,0.0038385184256185052,0.8298298501825596
23,last,True,49,53.00945247326259,0.003706901389466627,0.8335367515720261
23,last,True,50,52.69360359851772,0.00366285895934932,0.8371996105313755
23,last,True,51,51.36332528867635,0.0034802517539119352,0.8406798622852873
23,last,True,52,51.149168518011344,0.0034512907905503857,0.8441311530758376
23,last,True,53,50.582470435235564,0.0033752385206476223,0.8475063915964853
23,last,True,54,49.799334252601035,0.003271534239545231,0.8507779258360305
23,last,True,55,49.64543620761614,0.003251345023813916,0.8540292708598444
23,last,True,56,49.093022960656874,0.0031793910429504125,0.8572086619027951
23,last,True,57,48.77220003099666,0.0031379721786412114,0.8603466340814363
23,last,True,58,48.375118700739336,0.0030870842606287785,0.8634337183420651
23,last,True,59,47.60749452112204,0.0029898888828173826,0.8664236072248825
23,last,True,60,47.10301000138442,0.0029268584353076706,0.8693504656601903
23,last,True,61,46.46346349854752,0.002847918496400058,0.8721983841565903
23,last,True,62,46.032495708611535,0.002795332274543366,0.8749937164311337
23,last,True,63,45.295103464445425,0.002706493000174733,0.8777002094313083
23,last,True,64,44.57146450150241,0.0026207054047691193,0.8803209148360774
23,last,True,65,44.353440413006815,0.002595129424682287,0.8829160442607598
23,last,True,66,44.222308858789496,0.002579807037245182,0.885495851298005
23,last,True,67,43.62426664316958,0.0025105025947742793,0.8880063538927793
23,last,True,68,43.020352216940196,0.002441475213777294,0.8904478291065566
23,last,True,69,42.60384237196299,0.002394428838688868,0.8928422579452454
23,last,True,70,42.54328580763402,0.0023876268543373707,0.8952298847995828
23,last,True,71,41.809675688032605,0.0023059930484905238,0.8975358778480733
23,last,True,72,41.331099447089635,0.002253503891293382,0.8997893817393665
23,last,True,73,41.26693321677308,0.002246512226067375,0.9020358939654339
23,last,True,74,40.6375905907345,0.002178513710217575,0.9042144076756514
23,last,True,75,40.48289289910064,0.0021619591076130883,0.9063763667832645
23,last,True,76,39.79428113257604,0.002089035035595274,0.9084654018188598
23,last,True,77,39.440313434507516,0.0020520366420369693,0.9105174384608967
23,last,True,78,38.83330614598663,0.001989358845655496,0.9125067973065523
23,last,True,79,38.72700911168159,0.0019784829480612933,0.9144852802546136
23,last,True,80,38.52028734122833,0.0019574173448003575,0.9164426975994141
23,last,True,81,38.30154161963874,0.0019352492379434945,0.9183779468373575
23,last,True,82,37.71484210052259,0.001876415379158797,0.9202543622165164
23,last,True,83,37.535054912259795,0.0018585682220616168,0.9221129304385779
23,last,True,84,36.98495397401534,0.001804490339308623,0.9239174207778866
23,last,True,85,36.93033344937235,0.0017991644205982672,0.9257165851984849
23,last,True,86,36.39968912443767,0.0017478322370141715,0.927464417435499
23,last,True,87,36.04934796589822,0.0017143489430549714,0.929178766378554
23,last,True,88,35.96199506510378,0.0017060507671194864,0.9308848171456734
23,last,True,89,35.64099561917942,0.001675730023999574,0.932560547169673
23,last,True,90,35.48624262286795,0.001661209596298291,0.9342217567659712
23,last,True,91,35.01698394042076,0.0016175654798477337,0.935839322245819
23,last,True,92,34.59054552168279,0.0015784078009872377,0.9374177300468063
23,last,True,93,34.41864087063321,0.0015627583563356177,0.9389804884031419
23,last,True,94,33.95204369271662,0.0015206744125100481,0.9405011628156519
23,last,True,95,33.69762076676103,0.0014979691626287202,0.9419991319782806
23,last,True,96,33.422385489336804,0.0014735988847084933,0.9434727308629891
23,last,True,97,33.16397564038139,0.001450900302033599,0.9449236311650226
23,last,True,98,32.92089270071212,0.001429708840752172,0.9463533400057749
23,last,True,99,32.721030227199726,0.0014124020338152367,0.9477657420395902
23,last,True,100,32.516524247499184,0.001394802219743596,0.9491605442593337
23,last,True,101,32.11883488192808,0.0013608929419469057,0.9505214372012806
23,last,True,102,31.901572460081546,0.0013425441512975003,0.9518639813525781
23,last,True,103,31.53705171688915,0.001312038493169921,0.953176019845748
23,last,True,104,31.219475173430357,0.0012857472141479692,0.9544617670598959
23,last,True,105,31.04375643065004,0.001271314296243952,0.95573308135614
23,last,True,106,30.522973586895983,0.001229017531226043,0.9569620988873659
23,last,True,107,30.30790477146892,0.001211758916785223,0.9581738578041512
23,last,True,108,29.99037164291622,0.0011865009529642312,0.9593603587571153
23,last,True,109,29.73288941623878,0.0011662150116030434,0.9605265737687184
23,last,True,110,29.511519521142034,0.001148914046647338,0.9616754878153657
23,last,True,111,29.201666870618645,0.0011249149296993113,0.9628004027450651
23,last,True,112,29.038083179986746,0.0011123469954280288,0.9639127497404932
23,last,True,113,28.80607359862381,0.0010946430602351194,0.9650073928007283
23,last,True,114,28.618967036534457,0.0010804689852353757,0.9660878617859636
23,last,True,115,28.278272818689697,0.0010548972406543324,0.9671427590266181
23,last,True,116,28.1445260137864,0.0010449422137650002,0.9681877012403831
23,last,True,117,28.068302453585765,0.001039289863529648,0.9692269911039126
23,last,True,118,27.704810388383205,0.0010125459958176847,0.9702395370997304
23,last,True,119,27.390590423797864,0.0009897082350989075,0.9712292453348292
23,last,True,120,27.21248231703446,0.0009768788699451054,0.9722061242047744
23,last,True,121,26.71119271675031,0.0009412195896349588,0.9731473437944093
23,last,True,122,26.584233075712934,0.0009322935251859609,0.9740796373195952
23,last,True,123,26.4428076900665,0.0009224004989837353,0.975002037818579
23,last,True,124,26.25412749215997,0.0009092840559637258,0.9759113218745427
23,last,True,125,26.05151571439443,0.0008953037192848206,0.9768066255938275
23,last,True,126,25.662543511327343,0.0008687679555762634,0.9776753935494037
23,last,True,127,25.60136467159114,0.0008646306524184978,0.9785400242018222
23,last,True,128,25.232446531351204,0.0008398913711399932,0.9793799155729623
23,last,True,129,25.048888612579148,0.0008277159407443609,0.9802076315137068
23,last,True,130,24.896503664311727,0.0008176757515504814,0.9810253072652573
23,last,True,131,24.62437456423811,0.0007998983730267858,0.9818252056382841
23,last,True,132,24.28863121136078,0.0007782344965375636,0.9826034401348216
23,last,True,133,24.08278042263977,0.000765099024229469,0.9833685391590511
23,last,True,134,23.97008469029719,0.0007579551935333845,0.9841264943525844
23,last,True,135,23.6769612913762,0.0007395308991358611,0.9848660252517203
23,last,True,136,23.347874474857594,0.0007191162383461437,0.9855851414900665
23,last,True,137,23.084531138691755,0.0007029857352125239,0.986288127225279
23,last,True,138,23.046059781466944,0.000700644576147092,0.9869887718014261
23,last,True,139,22.82065621176206,0.0006870061947266136,0.9876757779961527
23,last,True,140,22.414462784342323,0.0006627672881319958,0.9883385452842848
23,last,True,141,22.179944140996355,0.0006489710029886936,0.9889875162872733
23,last,True,142,21.89204977268704,0.0006322331301157444,0.9896197494173892
23,last,True,143,21.625209810212915,0.0006169146101927526,0.9902366640275818
23,last,True,144,21.47317108775207,0.0006082705145613801,0.9908449345421433
23,last,True,145,21.035990063185892,0.0005837545923507418,0.991428689134494
23,last,True,146,20.851752499522515,0.0005735740823739925,0.9920022632168679
23,last,True,147,20.516895237431168,0.0005553000056910858,0.9925575632225591
23,last,True,148,20.34402905911261,0.0005459820076807087,0.9931035452302398
23,last,True,149,20.00200613822256,0.0005277782741006786,0.9936313235043404
23,last,True,150,19.69095172759627,0.0005114907818099427,0.9941428142861503
23,last,True,151,19.2860369982945,0.0004906709961219609,0.9946334852822722
23,last,True,152,19.10669628305047,0.00048158793314330883,0.9951150732154156
23,last,True,153,18.588180808961464,0.0004558040425711014,0.9955708772579867
23,last,True,154,18.504834233022706,0.00045172569444180857,0.9960226029524284
23,last,True,155,18.059507924526958,0.00043024538600637676,0.9964528483384348
23,last,True,156,17.640963436458104,0.0004105338724356268,0.9968633822108706
23,last,True,157,17.249445132630157,0.0003925135514820027,0.9972558957623525
23,last,True,158,16.96951309752035,0.0003798771393653674,0.9976357729017179
23,last,True,159,16.68403002028561,0.00036720308516689575,0.9980029759868848
23,last,True,160,15.788023841106984,0.0003288213009445416,0.9983317972878295
23,last,True,161,15.467458229815147,0.0003156038554136236,0.998647401143243
23,last,True,162,14.98941578850414,0.0002963970039094868,0.9989437981471525
23,last,True,163,14.087370717436533,0.00026179676945293747,0.9992055949166054
23,last,True,164,13.400818656997295,0.0002369010887598653,0.9994424960053654
23,last,True,165,12.739465835602461,0.00021409515195198965,0.9996565911573174
23,last,True,166,12.439361657688696,0.00020412706219157605,0.9998607182195088
23,last,True,167,10.275310561054582,0.0001392817804910374,1.0
23,last,True,168,4.62682025706716e-14,2.8240322555247942e-33,1.0
23,mean,False,1,2086.9640432239203,0.9766364880130552,0.9766364880130552
23,mean,False,2,144.20626894669124,0.0046630631148339196,0.9812995511278892
23,mean,False,3,100.8531434551411,0.0022807720960742323,0.9835803232239636
23,mean,False,4,76.78329374200882,0.0013220153220316517,0.9849023385459951
23,mean,False,5,74.20516491051285,0.0012347279576888262,0.9861370665036838
23,mean,False,6,66.06610063999489,0.0009787242790482134,0.987115790782732
23,mean,False,7,61.525128667727124,0.0008488052830072384,0.9879645960657393
23,mean,False,8,58.68574503547724,0.0007722683877619956,0.9887368644535014
23,mean,False,9,50.4653439584357,0.0005710701867495875,0.989307934640251
23,mean,False,10,48.33700023946696,0.0005239168937349792,0.9898318515339861
23,mean,False,11,47.177681136494456,0.0004990869270910214,0.990330938461077
23,mean,False,12,45.22902135635122,0.00045870914061408116,0.9907896476016911
23,mean,False,13,41.54980769859557,0.00038711593522850575,0.9911767635369196
23,mean,False,14,39.38045499513089,0.000347747864688857,0.9915245114016086
23,mean,False,15,38.483148826318455,0.00033208114161662914,0.9918565925432253
23,mean,False,16,37.07710496758152,0.0003082582053675455,0.9921648507485925
23,mean,False,17,35.58429149896642,0.0002839354765503087,0.9924487862251429
23,mean,False,18,34.62242120243692,0.0002687929562439055,0.9927175791813868
23,mean,False,19,33.87688281875911,0.00025734154056766996,0.9929749207219545
23,mean,False,20,32.38773294362623,0.00023521451150917958,0.9932101352334636
23,mean,False,21,31.518887679702814,0.0002227638821876276,0.9934328991156514
23,mean,False,22,31.374548257103474,0.00022072827817753415,0.9936536273938289
23,mean,False,23,30.16789175915901,0.00020407647075233043,0.9938577038645813
23,mean,False,24,28.93494424655818,0.00018773632514571898,0.9940454401897268
23,mean,False,25,28.651668476377093,0.00018407840706188505,0.9942295185967888
23,mean,False,26,27.254638435041443,0.0001665650435438814,0.9943960836403325
23,mean,False,27,26.95297513642994,0.00016289825575195507,0.9945589818960846
23,mean,False,28,26.622315931410995,0.000158925899693133,0.9947179077957777
23,mean,False,29,25.705651386283243,0.00014816998592910946,0.9948660777817069
23,mean,False,30,24.915363146884147,0.00013919942961826732,0.9950052772113253
23,mean,False,31,24.376590946102258,0.00013324439586714345,0.9951385216071924
23,mean,False,32,24.191133764588283,0.0001312246607051421,0.9952697462678974
23,mean,False,33,23.252794080729984,0.00012124205923896457,0.9953909883271365
23,mean,False,34,23.031857417272263,0.00011894903945462213,0.995509937366591
23,mean,False,35,22.755926771112343,0.00011611600029308143,0.995626053366884
23,mean,False,36,22.301980359492212,0.00011152952967458842,0.9957375828965587
23,mean,False,37,22.069372963180868,0.00010921517877102963,0.9958467980753296
23,mean,False,38,21.600257216904065,0.00010462147974319218,0.9959514195550728
23,mean,False,39,21.31338619284165,0.00010186099669455847,0.9960532805517675
23,mean,False,40,21.105902851665476,9.988743989020595e-05,0.996153167991658
23,mean,False,41,20.693937876773447,9.602610086996057e-05,0.996249194092528
23,mean,False,42,20.27615343402048,9.218794852814107e-05,0.9963413820410562
23,mean,False,43,20.064555171187084,9.027387492833088e-05,0.9964316559159845
23,mean,False,44,19.643956861154667,8.652885485842193e-05,0.9965181847708431
23,mean,False,45,19.179628874782413,8.248660162051225e-05,0.9966006713724634
23,mean,False,46,19.033450827198394,8.123404545271311e-05,0.9966819054179162
23,mean,False,47,18.813009504098954,7.936327160890309e-05,0.9967612686895251
23,mean,False,48,18.76819842874891,7.898564802142961e-05,0.9968402543375462
23,mean,False,49,18.39034602031539,7.583729153587102e-05,0.9969160916290821
23,mean,False,50,18.059891262194,7.313634876572543e-05,0.9969892279778477
23,mean,False,51,17.94158620501449,7.218129758310209e-05,0.9970614092754307
23,mean,False,52,17.738426419467967,7.055587698953514e-05,0.9971319651524203
23,mean,False,53,17.382152308951753,6.775012718741558e-05,0.9971997152796077
23,mean,False,54,17.162901121025158,6.605176294887725e-05,0.9972657670425565
23,mean,False,55,16.917998063347593,6.418018351271499e-05,0.9973299472260693
23,mean,False,56,16.782758828881896,6.31581965129639e-05,0.9973931054225826
23,mean,False,57,16.542368011611572,6.136183931808801e-05,0.9974544672619008
23,mean,False,58,16.422999654245686,6.0479470496138145e-05,0.9975149467323969
23,mean,False,59,16.27720196106453,5.941040553497303e-05,0.997574357137932
23,mean,False,60,16.193379302157645,5.8800089881934e-05,0.9976331572278139
23,mean,False,61,16.053341184569497,5.778749709319706e-05,0.997690944724907
23,mean,False,62,15.772412675862004,5.578266721452033e-05,0.9977467273921217
23,mean,False,63,15.538717007340482,5.41418794355793e-05,0.9978008692715573
23,mean,False,64,15.19932618983134,5.1802615004864136e-05,0.9978526718865619
23,mean,False,65,15.13488112235401,5.1364260629231757e-05,0.997904036147191
23,mean,False,66,14.989627271092349,5.03830762236154e-05,0.9979544192234147
23,mean,False,67,14.849739061996342,4.9447080813255484e-05,0.998003866304228
23,mean,False,68,14.666389220308428,4.823357198198378e-05,0.99805209987621
23,mean,False,69,14.604379805828806,4.782657163822726e-05,0.9980999264478483
23,mean,False,70,14.338024120705485,4.6097951437322715e-05,0.9981460243992856
23,mean,False,71,14.163227518476933,4.49808311683842e-05,0.9981910052304539
23,mean,False,72,13.974821236094144,4.379207612978524e-05,0.9982347973065836
23,mean,False,73,13.8009473532522,4.2709138485518314e-05,0.9982775064450691
23,mean,False,74,13.61173290060257,4.154606054454582e-05,0.9983190525056136
23,mean,False,75,13.580520626079709,4.1355745276265004e-05,0.9983604082508898
23,mean,False,76,13.340672594522504,3.9907862251578225e-05,0.9984003161131415
23,mean,False,77,13.260219878986472,3.942797420986473e-05,0.9984397440873515
23,mean,False,78,13.187621725148604,3.899742893751664e-05,0.998478741516289
23,mean,False,79,12.912826534529385,3.738915469521065e-05,0.9985161306709842
23,mean,False,80,12.738393942326688,3.6385836516642744e-05,0.9985525165075005
23,mean,False,81,12.670722595855622,3.600027170120112e-05,0.9985885167792018
23,mean,False,82,12.661490463023712,3.594782982882601e-05,0.9986244646090305
23,mean,False,83,12.386569343565242,3.440369503867916e-05,0.9986588683040694
23,mean,False,84,12.278477299277087,3.380586369031651e-05,0.9986926741677596
23,mean,False,85,12.225062043782495,3.351237109944836e-05,0.998726186538859
23,mean,False,86,12.011461829903094,3.2351523982323075e-05,0.9987585380628414
23,mean,False,87,11.794290620313303,3.119224709815189e-05,0.9987897303099396
23,mean,False,88,11.746739506643404,3.094123817032579e-05,0.99882067154811
23,mean,False,89,11.684469343186436,3.0614064976521e-05,0.9988512856130866
23,mean,False,90,11.536383077588212,2.984299116632543e-05,0.998881128604253
23,mean,False,91,11.425356193849343,2.9271333615423872e-05,0.9989103999378685
23,mean,False,92,11.291138811170532,2.858765325893737e-05,0.9989389875911274
23,mean,False,93,11.238473134832208,2.8321590316338924e-05,0.9989673091814437
23,mean,False,94,11.164737772889497,2.7951174863113048e-05,0.9989952603563068
23,mean,False,95,10.857374581724903,2.6433377327558365e-05,0.9990216937336344
23,mean,False,96,10.817727593531322,2.6240680587476353e-05,0.9990479344142218
23,mean,False,97,10.712420425505227,2.5732277754409283e-05,0.9990736666919762
23,mean,False,98,10.659116445452064,2.5476832167157023e-05,0.9990991435241434
23,mean,False,99,10.532937622491607,2.4877230905644576e-05,0.999124020755049
23,mean,False,100,10.46523889784495,2.4558469977829377e-05,0.9991485792250268
23,mean,False,101,10.307844468681754,2.3825319142746196e-05,0.9991724045441694
23,mean,False,102,10.291298925575616,2.3748894538062053e-05,0.9991961534387076
23,mean,False,103,10.175350231953546,2.3216767143521816e-05,0.9992193702058512
23,mean,False,104,10.064804783967709,2.2715051420809077e-05,0.9992420852572719
23,mean,False,105,9.958935923582462,2.2239698174930248e-05,0.9992643249554469
23,mean,False,106,9.86843186089763,2.1837318393684296e-05,0.9992861622738406
23,mean,False,107,9.773185500956556,2.1417821599630647e-05,0.9993075800954402
23,mean,False,108,9.716299114172756,2.1169215535913543e-05,0.999328749310976
23,mean,False,109,9.611803050909502,2.0716326137357554e-05,0.9993494656371135
23,mean,False,110,9.38349605219341,1.9743873689021548e-05,0.9993692095108024
23,mean,False,111,9.335488904430687,1.9542366190353885e-05,0.9993887518769927
23,mean,False,112,9.264909149704632,1.924798815951071e-05,0.9994079998651525
23,mean,False,113,9.173188617230512,1.886877299725246e-05,0.9994268686381498
23,mean,False,114,9.046533380744805,1.8351323571908448e-05,0.9994452199617218
23,mean,False,115,8.937059160198263,1.7909863602840614e-05,0.9994631298253246
23,mean,False,116,8.88261181838884,1.7692303439849317e-05,0.9994808221287644
23,mean,False,117,8.779342280067073,1.72833122056901e-05,0.9994981054409701
23,mean,False,118,8.739271760920218,1.7125903870208724e-05,0.9995152313448403
23,mean,False,119,8.60284953148642,1.6595397779109814e-05,0.9995318267426194
23,mean,False,120,8.43461511914745,1.5952676296855664e-05,0.9995477794189164
23,mean,False,121,8.397543304411865,1.581275408270116e-05,0.9995635921729992
23,mean,False,122,8.369257982232353,1.5706409747688184e-05,0.999579298582747
23,mean,False,123,8.224803701469165,1.5168900266613691e-05,0.9995944674830135
23,mean,False,124,8.09526223685729,1.4694839816232504e-05,0.9996091623228296
23,mean,False,125,8.043111395337181,1.4506117134420307e-05,0.9996236684399641
23,mean,False,126,7.962130062139362,1.4215480627385603e-05,0.9996378839205915
23,mean,False,127,7.9329677985391465,1.4111539493530754e-05,0.999651995460085
23,mean,False,128,7.8365953198516225,1.3770758234095838e-05,0.9996657662183187
23,mean,False,129,7.708469506835549,1.3324144386635699e-05,0.9996790903627053
23,mean,False,130,7.560754332792581,1.2818383680391957e-05,0.9996919087463858
23,mean,False,131,7.547659249884099,1.2774019738275274e-05,0.9997046827661241
23,mean,False,132,7.49919378852214,1.2610495910968419e-05,0.9997172932620351
23,mean,False,133,7.3653140030063415,1.2164255852689359e-05,0.9997294575178878
23,mean,False,134,7.322936618109045,1.2024680980176591e-05,0.9997414821988679
23,mean,False,135,7.270824754737516,1.1854148599092102e-05,0.999753336347467
23,mean,False,136,7.237686016392725,1.1746337910676285e-05,0.9997650826853777
23,mean,False,137,7.123945481567851,1.1380050444629533e-05,0.9997764627358222
23,mean,False,138,7.059688254669915,1.1175682630527604e-05,0.9997876384184528
23,mean,False,139,6.976290171650929,1.09131992728717e-05,0.9997985516177257
23,mean,False,140,6.881077403025199,1.0617344252210092e-05,0.9998091689619778
23,mean,False,141,6.6722857667182875,9.982798141932615e-06,0.9998191517601198
23,mean,False,142,6.648367595098917,9.911355662666111e-06,0.9998290631157823
23,mean,False,143,6.61386264443688,9.808742993010132e-06,0.9998388718587755
23,mean,False,144,6.480886158189887,9.41828435278952e-06,0.9998482901431281
23,mean,False,145,6.414475470107095,9.226251948938249e-06,0.9998575163950773
23,mean,False,146,6.355246584428429,9.056655006153919e-06,0.9998665730500833
23,mean,False,147,6.16887242311995,8.533252376093949e-06,0.9998751063024592
23,mean,False,148,6.161210435784962,8.512068255619738e-06,0.9998836183707149
23,mean,False,149,6.0356275883256725,8.168604752537538e-06,0.9998917869754675
23,mean,False,150,5.883899203845771,7.763069268518513e-06,0.999899550044736
23,mean,False,151,5.819088585422413,7.592992134017584e-06,0.9999071430368701
23,mean,False,152,5.711057540136163,7.313682187092339e-06,0.9999144567190572
23,mean,False,153,5.685967007306174,7.2495605826561595e-06,0.9999217062796399
23,mean,False,154,5.619730288117595,7.081641837940888e-06,0.9999287879214777
23,mean,False,155,5.480176950241475,6.734295607017188e-06,0.9999355222170848
23,mean,False,156,5.407010586565538,6.555675564650253e-06,0.9999420778926493
23,mean,False,157,5.374754669346371,6.477692144086444e-06,0.9999485555847936
23,mean,False,158,5.212622101469412,6.092779974309168e-06,0.9999546483647677
23,mean,False,159,5.100427809050448,5.833325660301029e-06,0.9999604816904281
23,mean,False,160,5.014563699677713,5.638574432287777e-06,0.9999661202648602
23,mean,False,161,4.888033427798198,5.357613092797424e-06,0.999971477877953
23,mean,False,162,4.776652335976697,5.116232571143494e-06,0.9999765941105242
23,mean,False,163,4.653818478242688,4.85648321504799e-06,0.9999814505937393
23,mean,False,164,4.575135805803251,4.693653145020845e-06,0.9999861442468844
23,mean,False,165,4.437260290266559,4.41502150394254e-06,0.9999905592683883
23,mean,False,166,3.934069197316371,3.470459670055136e-06,0.9999940297280583
23,mean,False,167,3.8133164216004167,3.2606839075277178e-06,0.9999972904119658
23,mean,False,168,3.4761629507009326,2.7095880341261743e-06,1.0
23,mean,True,1,821.112780282358,0.8854937850962972,0.8854937850962972
23,mean,True,2,105.35494601789974,0.014577724945424702,0.9000715100417218
23,mean,True,3,81.65385937602375,0.008756555948236286,0.9088280659899581
23,mean,True,4,74.4735470105397,0.0072842353881250035,0.9161123013780831
23,mean,True,5,70.89044185476504,0.006600172106578252,0.9227124734846612
23,mean,True,6,64.40398508477132,0.00544760205865242,0.9281600755433137
23,mean,True,7,61.28629981963623,0.004932949809746754,0.9330930253530605
23,mean,True,8,50.474670404058315,0.0033460072469280113,0.9364390325999885
23,mean,True,9,48.75052286325808,0.003121321111581866,0.9395603537115703
23,mean,True,10,47.40387900331816,0.0029512612505967592,0.9425116149621671
23,mean,True,11,46.902502125008354,0.0028891621549514087,0.9454007771171185
23,mean,True,12,41.72268803045363,0.002286253876881069,0.9476870309939995
23,mean,True,13,40.47431454806184,0.002151487854780551,0.9498385188487801
23,mean,True,14,39.29500379885567,0.002027937490059884,0.95186645633884
23,mean,True,15,37.576155163029014,0.0018544049369352915,0.9537208612757753
23,mean,True,16,35.924549430619265,0.0016949720986231967,0.9554158333743987
23,mean,True,17,34.8319099265821,0.0015934354359549033,0.9570092688103535
23,mean,True,18,34.057922069079524,0.0015234078481308805,0.9585326766584843
23,mean,True,19,33.29653829395345,0.0014560559448797482,0.959988732603364
23,mean,True,20,31.682995991580228,0.0013183550241894371,0.9613070876275535
23,mean,True,21,31.51844518282628,0.0013046964018636178,0.962611784029417
23,mean,True,22,30.17398771602036,0.0011957635537511186,0.9638075475831681
23,mean,True,23,29.084317260970078,0.0011109579999916146,0.9649185055831597
23,mean,True,24,28.739441166400756,0.001084767167546753,0.9660032727507065
23,mean,True,25,27.463038486417208,0.0009905515111337186,0.9669938242618402
23,mean,True,26,27.005236897622428,0.0009578023022039389,0.9679516265640442
23,mean,True,27,26.642845071660286,0.0009322686765633027,0.9688838952406076
23,mean,True,28,25.71980065691488,0.0008687905538399363,0.9697526857944474
23,mean,True,29,25.13394886336976,0.0008296622846855855,0.970582348079133
23,mean,True,30,24.540624293561795,0.0007909537821357483,0.9713733018612687
23,mean,True,31,24.370185531024262,0.0007800053200250288,0.9721533071812938
23,mean,True,32,23.29701180302644,0.0007128207497321988,0.9728661279310261
23,mean,True,33,23.0322401749487,0.0006967103384384293,0.9735628382694645
23,mean,True,34,22.758884194245372,0.0006802707938881622,0.9742431090633527
23,mean,True,35,22.353256901341798,0.0006562382080138865,0.9748993472713666
23,mean,True,36,22.08484359746995,0.0006405728826887367,0.9755399201540553
23,mean,True,37,21.61912290586194,0.0006138412009306921,0.9761537613549861
23,mean,True,38,21.419280119346862,0.0006025452052252388,0.9767563065602114
23,mean,True,39,21.1517385954253,0.0005875868055442845,0.9773438933657558
23,mean,True,40,20.86637848845055,0.0005718393736102981,0.9779157327393657
23,mean,True,41,20.5656688944167,0.0005554763494048074,0.9784712090887705
23,mean,True,42,20.259903394734927,0.0005390817557720446,0.9790102908445425
23,mean,True,43,19.854604276298222,0.0005177288482402893,0.9795280196927829
23,mean,True,44,19.34048986951279,0.000491263879836292,0.9800192835726192
23,mean,True,45,19.059749778788728,0.0004771053466054585,0.9804963889192246
23,mean,True,46,18.86288131946576,0.00046730019083021917,0.9809636891100549
23,mean,True,47,18.768370851048186,0.00046262920576112043,0.981426318315816
23,mean,True,48,18.404962774044638,0.00044488706670159416,0.9818712053825175
23,mean,True,49,18.062046637456305,0.0004284634816032926,0.9822996688641208
23,mean,True,50,17.95105825695254,0.0004232139811906878,0.9827228828453115
23,mean,True,51,17.75376686213711,0.0004139624216691996,0.9831368452669808
23,mean,True,52,17.39098540942065,0.00039721740995186613,0.9835340626769326
23,mean,True,53,17.281652508395727,0.0003922386905549087,0.9839263013674875
23,mean,True,54,16.934652004006836,0.00037664520859385014,0.9843029465760813
23,mean,True,55,16.855321200234144,0.0003731246660594674,0.9846760712421408
23,mean,True,56,16.737336179009365,0.0003679193017586499,0.9850439905438996
23,mean,True,57,16.430187791857243,0.00035453976168502133,0.9853985303055847
23,mean,True,58,16.279568171183158,0.00034806924818957783,0.9857465995537742
23,mean,True,59,16.20837595723052,0.0003450316199447725,0.9860916311737191
23,mean,True,60,16.05792000767195,0.00033865576580955085,0.9864302869395286
23,mean,True,61,15.79309740980813,0.00032757784528790414,0.9867578647848165
23,mean,True,62,15.586524336514866,0.00031906447920558524,0.9870769292640221
23,mean,True,63,15.22231019020644,0.00030432738113922805,0.9873812566451613
23,mean,True,64,15.176997806424303,0.00030251828977138597,0.9876837749349326
23,mean,True,65,14.999493266561258,0.0002954833870332003,0.9879792583219659
23,mean,True,66,14.858674381671968,0.0002899612911033641,0.9882692196130692
23,mean,True,67,14.731816906982894,0.00028503127734386574,0.988554250890413
23,mean,True,68,14.634206648237406,0.0002812666629307816,0.9888355175533439
23,mean,True,69,14.347601023908936,0.0002703575340487694,0.9891058750873928
23,mean,True,70,14.22891537755622,0.0002659031528713883,0.9893717782402641
23,mean,True,71,13.983783229975096,0.00025682024742366646,0.9896285984876878
23,mean,True,72,13.820488125972632,0.00025085725062943995,0.9898794557383171
23,mean,True,73,13.619104612929002,0.00024359984382266552,0.9901230555821399
23,mean,True,74,13.599185972761209,0.00024288781032379687,0.9903659433924636
23,mean,True,75,13.393012036254392,0.00023557891220729973,0.9906015223046709
23,mean,True,76,13.262328950689001,0.0002310039920771203,0.990832526296748
23,mean,True,77,13.213947132058811,0.00022932163188342023,0.9910618479286315
23,mean,True,78,12.926904688041084,0.0002194668787764775,0.991281314807408
23,mean,True,79,12.762272089149223,0.00021391236670262637,0.9914952271741106
23,mean,True,80,12.672726951654262,0.000210921110397514,0.991706148284508
23,mean,True,81,12.664683296010159,0.0002106534429318653,0.9919168017274399
23,mean,True,82,12.386660184838581,0.0002015061662752067,0.9921183078937151
23,mean,True,83,12.29503614745285,0.0001985361124259742,0.9923168440061411
23,mean,True,84,12.241518900516501,0.00019681151693887186,0.99251365552308
23,mean,True,85,12.011552322024281,0.0001894864540161217,0.9927031419770961
23,mean,True,86,11.813889532869025,0.00018330136753114636,0.9928864433446273
23,mean,True,87,11.748105824911685,0.00018126568378456278,0.9930677090284118
23,mean,True,88,11.68617439428668,0.00017935959719886016,0.9932470686256106
23,mean,True,89,11.556096502242047,0.00017538894412805984,0.9934224575697387
23,mean,True,90,11.467605767075261,0.0001727131490069398,0.9935951707187455
23,mean,True,91,11.30538390660832,0.00016786127716420055,0.9937630319959097
23,mean,True,92,11.283909743658183,0.00016722419009677678,0.9939302561860064
23,mean,True,93,11.165603555277263,0.00016373604705471203,0.994093992233061
23,mean,True,94,10.91956793687752,0.00015659965577456217,0.9942505918888357
23,mean,True,95,10.828933794700747,0.0001540108404786453,0.9944046027293143
23,mean,True,96,10.726970472575069,0.00015112421715068902,0.9945557269464652
23,mean,True,97,10.674915721199113,0.0001496610554633394,0.9947053880019285
23,mean,True,98,10.533896746993575,0.00014573303449853009,0.9948511210364271
23,mean,True,99,10.465302316002951,0.00014384125078551708,0.9949949622872126
23,mean,True,100,10.324496035905618,0.00013999664162873856,0.9951349589288414
23,mean,True,101,10.291304339336765,0.00013909795238095622,0.9952740568812224
23,mean,True,102,10.175352455899983,0.00013598118343465917,0.995410038064657
23,mean,True,103,10.127455333138908,0.0001347040230985429,0.9955447420877556
23,mean,True,104,9.971506719492073,0.0001305874574813653,0.995675329545237
23,mean,True,105,9.868470587952158,0.00012790266569958256,0.9958032322109366
23,mean,True,106,9.817294805826062,0.00012657955345784236,0.9959298117643944
23,mean,True,107,9.726877323115822,0.00012425869003257107,0.996054070454427
23,mean,True,108,9.611931327930657,0.00012133922381118588,0.9961754096782381
23,mean,True,109,9.426780582177678,0.00011670962964899083,0.9962921193078871
23,mean,True,110,9.342313815882994,0.00011462749370978655,0.9964067468015968
23,mean,True,111,9.281118377914956,0.00011313071132583699,0.9965198775129226
23,mean,True,112,9.221932028746318,0.00011169242690042922,0.996631569939823
23,mean,True,113,9.04918934938058,0.00010754723397701294,0.9967391171738
23,mean,True,114,8.958588546068253,0.0001054044811946756,0.9968445216549948
23,mean,True,115,8.930106054125622,0.00010473531109578626,0.9969492569660906
23,mean,True,116,8.800027494909953,0.00010170632263682323,0.9970509632887274
23,mean,True,117,8.739356048159385,0.00010030873654506374,0.9971512720252727
23,mean,True,118,8.623886724442015,9.767557591157577e-05,0.9972489476011841
23,mean,True,119,8.452820995828617,9.3838971246399e-05,0.9973427865724305
23,mean,True,120,8.405548479262839,9.279231472364945e-05,0.997435578887154
23,mean,True,121,8.37094523047947,9.202988825091626e-05,0.9975276087754048
23,mean,True,122,8.236874702832342,8.910556188532239e-05,0.9976167143372902
23,mean,True,123,8.096274168197713,8.60895240423094e-05,0.9977028038613325
23,mean,True,124,8.043114940308424,8.496272712426608e-05,0.9977877665884568
23,mean,True,125,7.962182819373394,8.326149108729972e-05,0.9978710280795441
23,mean,True,126,7.934341020258244,8.268021915192987e-05,0.9979537082986959
23,mean,True,127,7.849142245852168,8.091411587883632e-05,0.9980346224145749
23,mean,True,128,7.719777109675155,7.826893354899572e-05,0.998112891348124
23,mean,True,129,7.593777539282122,7.573482641868867e-05,0.9981886261745427
23,mean,True,130,7.547775644739106,7.482002666671172e-05,0.9982634462012093
23,mean,True,131,7.500494028459366,7.388557084658126e-05,0.998337331772056
23,mean,True,132,7.402690958344187,7.197126434714685e-05,0.9984093030364031
23,mean,True,133,7.349347058104777,7.09377495886998e-05,0.998480240785992
23,mean,True,134,7.276881177665964,6.954572850546495e-05,0.9985497865144973
23,mean,True,135,7.2452233700378,6.89419324262806e-05,0.9986187284469236
23,mean,True,136,7.136413115124114,6.688671379294434e-05,0.9986856151607165
23,mean,True,137,7.061788779123,6.549518011666356e-05,0.9987511103408332
23,mean,True,138,6.977249353645504,6.393642985440162e-05,0.9988150467706876
23,mean,True,139,6.883212609863675,6.222462134253274e-05,0.9988772713920302
23,mean,True,140,6.689637972056472,5.877398321031067e-05,0.9989360453752404
23,mean,True,141,6.664025005218934,5.832478275041297e-05,0.9989943701579909
23,mean,True,142,6.6166369406944225,5.74982337843007e-05,0.9990518683917752
23,mean,True,143,6.494470703613609,5.539459836765614e-05,0.9991072629901427
23,mean,True,144,6.423311152128175,5.41873377262417e-05,0.9991614503278692
23,mean,True,145,6.356174872315122,5.306052808711914e-05,0.9992145108559563
23,mean,True,146,6.237786515059995,5.1102354241415443e-05,0.9992656132101977
23,mean,True,147,6.166395308769784,4.993931936663726e-05,0.9993155525295642
23,mean,True,148,6.08558770430725,4.863903448774816e-05,0.999364191564052
23,mean,True,149,5.892599878170297,4.560304042463895e-05,0.9994097946044767
23,mean,True,150,5.828991535901303,4.462381980476177e-05,0.9994544184242814
23,mean,True,151,5.764472687122365,4.36414393131329e-05,0.9994980598635945
23,mean,True,152,5.689044248679682,4.2506810330203934e-05,0.9995405666739247
23,mean,True,153,5.626304344319895,4.1574433046295504e-05,0.999582141106971
23,mean,True,154,5.492830116992234,3.962526945136725e-05,0.9996217663764224
23,mean,True,155,5.409804865234417,3.843643449309034e-05,0.9996602028109155
23,mean,True,156,5.3753683320772945,3.794865173990233e-05,0.9996981514626554
23,mean,True,157,5.214459216959164,3.571070664113792e-05,0.9997338621692966
23,mean,True,158,5.11055748014784,3.430176351137936e-05,0.9997681639328079
23,mean,True,159,5.02022479256172,3.309986497266333e-05,0.9998012637977807
23,mean,True,160,4.899006701061557,3.152070778368668e-05,0.9998327845055642
23,mean,True,161,4.77999007416149,3.000778112123453e-05,0.9998627922866854
23,mean,True,162,4.653860091072483,2.844503940483017e-05,0.9998912373260902
23,mean,True,163,4.576370499176464,2.7505671282514623e-05,0.9999187429973728
23,mean,True,164,4.4408505955464195,2.5900742756361454e-05,0.9999446437401291
23,mean,True,165,3.9345777214640623,2.0331815070898384e-05,0.9999649755552001
23,mean,True,166,3.818850439825262,1.915336981313554e-05,0.9999841289250131
23,mean,True,167,3.4762677938303823,1.587107498682244e-05,1.0
23,mean,True,168,6.260335960504362e-14,5.147248956687598e-33,1.0
28,last,False,1,845.7774134579894,0.34362412559515165,0.34362412559515165
28,last,False,2,594.4543115014116,0.16974947668613138,0.513373602281283
28,last,False,3,398.73475317324613,0.07637296671901143,0.5897465690002944
28,last,False,4,322.56296862030047,0.04998048846666616,0.6397270574669607
28,last,False,5,235.59183480496858,0.026661952509403206,0.6663890099763639
28,last,False,6,216.84110868304933,0.02258680069805535,0.6889758106744193
28,last,False,7,207.4959383139021,0.020681911782988414,0.7096577224574077
28,last,False,8,182.8339659524696,0.016057770302701058,0.7257154927601087
28,last,False,9,173.2155728040788,0.014412700108600828,0.7401281928687096
28,last,False,10,165.42395770764875,0.013145233212281797,0.7532734260809915
28,last,False,11,157.10445921740737,0.011856281601115482,0.7651297076821069
28,last,False,12,146.16172599338546,0.01026216060688565,0.7753918682889925
28,last,False,13,139.2278117999276,0.009311582095207745,0.7847034503842003
28,last,False,14,135.05906873083555,0.00876231744932695,0.7934657678335273
28,last,False,15,129.00441067571873,0.007994302906481109,0.8014600707400084
28,last,False,16,126.87457259149811,0.007732513127525341,0.8091925838675337
28,last,False,17,122.51949726152247,0.007210774158759062,0.8164033580262928
28,last,False,18,118.04347312307993,0.006693533472680346,0.8230968914989731
28,last,False,19,110.81111731339456,0.005898453354630409,0.8289953448536036
28,last,False,20,109.09774120863783,0.005717458215444,0.8347128030690476
28,last,False,21,105.85478689122141,0.0053826046945711,0.8400954077636187
28,last,False,22,104.23669006111233,0.005219305357079836,0.8453147131206985
28,last,False,23,101.10601858113665,0.004910497554627224,0.8502252106753256
28,last,False,24,100.34642882315882,0.004836991497178776,0.8550622021725045
28,last,False,25,95.58609918011568,0.004388953289476683,0.8594511554619811
28,last,False,26,91.68939517516925,0.004038403386248422,0.8634895588482296
28,last,False,27,91.43321245298965,0.004015868089483896,0.8675054269377135
28,last,False,28,89.78431509406836,0.0038723306136582945,0.8713777575513718
28,last,False,29,88.54248996523225,0.0037659534138815365,0.8751437109652533
28,last,False,30,85.35865766875042,0.0034999886437809134,0.8786436996090342
28,last,False,31,81.63685985759297,0.003201430397067126,0.8818451300061014
28,last,False,32,81.14961080067218,0.0031633290091363383,0.8850084590152376
28,last,False,33,80.08358862642712,0.0030807647302744713,0.8880892237455121
28,last,False,34,78.20775165202465,0.0029381305108331737,0.8910273542563453
28,last,False,35,76.42710396323274,0.0028058618748141267,0.8938332161311594
28,last,False,36,74.85752657107797,0.0026917977624780296,0.8965250138936375
28,last,False,37,72.33462129308849,0.0025134132813328033,0.8990384271749702
28,last,False,38,71.5140657053057,0.002456712976868389,0.9014951401518386
28,last,False,39,70.84560153587864,0.0024110003078444517,0.903906140459683
28,last,False,40,69.84996068421056,0.002343709678765038,0.9062498501384479
28,last,False,41,68.90131719356508,0.002280481378920767,0.9085303315173688
28,last,False,42,67.72652655146075,0.002203378397028778,0.9107337099143976
28,last,False,43,66.73883391315124,0.0021395808884847657,0.9128732908028824
28,last,False,44,65.72880221164107,0.0020753097085603493,0.9149486005114427
28,last,False,45,64.31435668487224,0.001986951842525438,0.9169355523539682
28,last,False,46,63.29567477660356,0.001924507242174447,0.9188600595961425
28,last,False,47,62.50776781553217,0.0018768927732596486,0.9207369523694022
28,last,False,48,62.21968371141006,0.0018596322949743045,0.9225965846643766
28,last,False,49,60.75456746960493,0.0017730841525540086,0.9243696688169306
28,last,False,50,59.7939185714463,0.0017174555780780612,0.9260871243950086
28,last,False,51,58.469955473698754,0.001642241443428396,0.9277293658384371
28,last,False,52,57.90288009389315,0.0016105411056054756,0.9293399069440426
28,last,False,53,57.455180999702876,0.0015857323120511992,0.9309256392560937
28,last,False,54,56.89269735835816,0.0015548357975216595,0.9324804750536153
28,last,False,55,56.00794802646735,0.0015068527144475774,0.9339873277680628
28,last,False,56,55.56906155528615,0.0014833294065648892,0.9354706571746279
28,last,False,57,54.732965050767326,0.0014390286257152404,0.9369096858003432
28,last,False,58,54.51669128266709,0.0014276786375692543,0.9383373644379124
28,last,False,59,53.47323035086368,0.001373549525771894,0.9397109139636843
28,last,False,60,53.048995756082725,0.0013518416265837798,0.9410627555902681
28,last,False,61,52.606310203116074,0.0013293739510947095,0.9423921295413629
28,last,False,62,52.14476440167098,0.0013061495366421486,0.943698279078005
28,last,False,63,51.653595039247705,0.0012816592854275955,0.9449799383634325
28,last,False,64,51.167647664269204,0.0012576574988085983,0.9462375958622411
28,last,False,65,50.229835943700536,0.001211978737875201,0.9474495746001163
28,last,False,66,49.82816986565736,0.0011926729077582558,0.9486422475078745
28,last,False,67,49.080726410383846,0.0011571600860810567,0.9497994075939556
28,last,False,68,48.455655655935935,0.0011278735974902037,0.9509272811914458
28,last,False,69,47.71772909150694,0.0010937826142506076,0.9520210638056964
28,last,False,70,47.47542236632356,0.001082702540417204,0.9531037663461136
28,last,False,71,46.722469887977105,0.0010486319049492663,0.9541523982510629
28,last,False,72,46.16174018739819,0.0010236130785379492,0.9551760113296007
28,last,False,73,45.5128291523579,0.0009950368099225515,0.9561710481395232
28,last,False,74,45.388487416318966,0.0009896073256243233,0.9571606554651476
28,last,False,75,45.31848411876032,0.0009865571092578314,0.9581472125744054
28,last,False,76,44.66703936718309,0.0009583978180863696,0.9591056103924918
28,last,False,77,44.173025401700215,0.0009373154411280477,0.9600429258336198
28,last,False,78,43.68478278139332,0.0009167097334786329,0.9609596355670985
28,last,False,79,43.33215572602883,0.0009019699565275431,0.9618616055236261
28,last,False,80,42.86737592060806,0.00088272470296403,0.96274433022659
28,last,False,81,42.44706614231998,0.0008654995324311129,0.9636098297590212
28,last,False,82,42.13707143196958,0.0008529040533682809,0.9644627338123894
28,last,False,83,41.69899834505763,0.0008352620067632379,0.9652979958191527
28,last,False,84,41.50049508054802,0.0008273285982673587,0.96612532441742
28,last,False,85,41.117459346822166,0.0008121271414211364,0.9669374515588413
28,last,False,86,40.67998886255308,0.0007949377700752119,0.9677323893289164
28,last,False,87,40.30265519515001,0.0007802590228973704,0.9685126483518137
28,last,False,88,39.418444548092786,0.000746397966531103,0.9692590463183449
28,last,False,89,39.25685057455365,0.000740290866656552,0.9699993371850015
28,last,False,90,38.8508280460674,0.0007250568178164362,0.9707243940028178
28,last,False,91,38.56067427033208,0.0007142672213139102,0.9714386612241318
28,last,False,92,38.33485225260065,0.0007059258233809396,0.9721445870475128
28,last,False,93,37.95755136210703,0.0006920984207355298,0.9728366854682483
28,last,False,94,37.64346078068969,0.0006806918787114839,0.9735173773469598
28,last,False,95,37.321568570641986,0.0006691003513802898,0.97418647769834
28,last,False,96,36.97148018435118,0.0006566064703494173,0.9748430841686895
28,last,False,97,36.69167426396064,0.0006467054787162509,0.9754897896474057
28,last,False,98,36.42549178272433,0.0006373563680462649,0.976127146015452
28,last,False,99,35.92209720596525,0.0006198617656502053,0.9767470077811022
28,last,False,100,35.64488332664389,0.0006103316285970897,0.9773573394096994
28,last,False,101,35.22413181034636,0.0005960079829416445,0.977953347392641
28,last,False,102,35.1699748627539,0.0005941766725405964,0.9785475240651816
28,last,False,103,34.67646264167865,0.0005776184523603066,0.9791251425175419
28,last,False,104,34.56507964021542,0.0005739137175077499,0.9796990562350495
28,last,False,105,34.12901067048435,0.0005595242062928882,0.9802585804413424
28,last,False,106,34.003903343886314,0.0005554296090539403,0.9808140100503964
28,last,False,107,33.584634485883235,0.0005418171327004715,0.9813558271830968
28,last,False,108,33.43155793903027,0.0005368892553783988,0.9818927164384752
28,last,False,109,33.07607701545653,0.0005255323688722578,0.9824182488073475
28,last,False,110,32.82779880198125,0.0005176723959573975,0.9829359212033049
28,last,False,111,32.3191366265148,0.00050175416077782,0.9834376753640827
28,last,False,112,32.10275551676609,0.0004950580242222526,0.983932733388305
28,last,False,113,31.64763812844135,0.000481120752059543,0.9844138541403645
28,last,False,114,31.21112142212523,0.00046794006170409303,0.9848817942020687
28,last,False,115,30.990659078610904,0.00046135274236612045,0.9853431469444347
28,last,False,116,30.796084398727462,0.00045557772742607037,0.9857987246718608
28,last,False,117,30.523205899407976,0.00044753991403392054,0.9862462645858947
28,last,False,118,30.086898564690728,0.0004348368341850317,0.9866811014200798
28,last,False,119,29.85580879114284,0.00042818274583718524,0.987109284165917
28,last,False,120,29.698521953356853,0.0004236831116148917,0.9875329672775319
28,last,False,121,29.581914353051612,0.0004203625638566397,0.9879533298413885
28,last,False,122,29.190429367876725,0.00040931008732675794,0.9883626399287152
28,last,False,123,29.10002969127074,0.00040677883270269076,0.9887694187614179
28,last,False,124,28.797743227332997,0.00039837161989818943,0.989167790381316
28,last,False,125,28.422307897053766,0.00038805221002402167,0.9895558425913401
28,last,False,126,28.199227348797322,0.0003819846396044288,0.9899378272309445
28,last,False,127,27.867202122480048,0.00037304241729867795,0.9903108696482431
28,last,False,128,27.69497785709511,0.000368445728532649,0.990679315376776
28,last,False,129,27.356191236975167,0.00035948663072241105,0.9910388020074984
28,last,False,130,27.182552595199788,0.00035493755681865287,0.9913937395643171
28,last,False,131,27.01333999199176,0.0003505323068001381,0.9917442718711171
28,last,False,132,26.824157114705088,0.0003456397241678029,0.992089911595285
28,last,False,133,26.413813635740564,0.0003351457374308184,0.9924250573327157
28,last,False,134,26.285094580137816,0.0003318872507952807,0.992756944583511
28,last,False,135,26.256990223252398,0.00033117791408851494,0.9930881224975996
28,last,False,136,25.63355453033776,0.0003156379012100289,0.9934037603988096
28,last,False,137,25.294532620744462,0.0003073440428992676,0.9937111044417088
28,last,False,138,25.148711257528152,0.00030381061980987037,0.9940149150615187
28,last,False,139,24.919591310296145,0.000298300040589926,0.9943132151021087
28,last,False,140,24.641391501784927,0.000291676835272644,0.9946048919373813
28,last,False,141,24.43768067154014,0.0002868741741448732,0.9948917661115262
28,last,False,142,24.218366382311622,0.0002817482139075978,0.9951735143254338
28,last,False,143,23.875888766964238,0.00027383602085097585,0.9954473503462847
28,last,False,144,23.631760516479446,0.0002682647655278354,0.9957156151118126
28,last,False,145,23.25645331944078,0.00025981154764320014,0.9959754266594558
28,last,False,146,23.128408203018036,0.00025695848856118153,0.996232385148017
28,last,False,147,22.889902634965296,0.0002516861817263647,0.9964840713297434
28,last,False,148,22.40331139723878,0.00024109927942784736,0.9967251706091711
28,last,False,149,22.199440459126844,0.00023673122081767085,0.9969619018299888
28,last,False,150,21.759994508610255,0.00022745162522585504,0.9971893534552146
28,last,False,151,21.526822745645212,0.00022260317331423065,0.9974119566285289
28,last,False,152,20.8918973691324,0.0002096656326674344,0.9976216222611963
28,last,False,153,20.692564118137255,0.00020568380634534988,0.9978273060675417
28,last,False,154,20.19427020523232,0.00019589701002767072,0.9980232030775693
28,last,False,155,19.926346773589984,0.0001907334434427666,0.9982139365210121
28,last,False,156,19.39602537858913,0.00018071615131444818,0.9983946526723266
28,last,False,157,19.190268468635267,0.00017690234197554434,0.9985715550143021
28,last,False,158,18.762364732161537,0.0001691011767988239,0.998740656191101
28,last,False,159,18.425315859774493,0.00016308024854463376,0.9989037364396456
28,last,False,160,18.240399995509403,0.00015982333806424442,0.9990635597777098
28,last,False,161,17.86842204418586,0.00015337122453315104,0.9992169310022428
28,last,False,162,17.707555831609724,0.00015062210790418968,0.9993675531101471
28,last,False,163,17.22941163368661,0.00014259765232774437,0.9995101507624748
28,last,False,164,15.989831882081678,0.00012281722392556312,0.9996329679864003
28,last,False,165,15.5829022628498,0.00011664554994631609,0.9997496135363467
28,last,False,166,14.517118732168923,0.00010123538508448489,0.9998508489214312
28,last,False,167,14.428527781951573,0.00010000357403455276,0.9999508524954658
28,last,False,168,10.114979221077945,4.9147504534252724e-05,1.0
28,last,True,1,633.390108365318,0.2782665657978413,0.2782665657978413
28,last,True,2,400.61109113390256,0.1113177481508768,0.38958431394871806
28,last,True,3,326.04641519476155,0.07373561960446717,0.46331993355318524
28,last,True,4,239.01292120373492,0.03962426636988626,0.5029441999230715
28,last,True,5,219.99857102303778,0.03357052975570553,0.536514729678777
28,last,True,6,213.33785818601493,0.03156852831599565,0.5680832579947727
28,last,True,7,199.48371670481353,0.027601544035576332,0.595684802030349
28,last,True,8,179.3014638544248,0.022299038907922,0.617983840938271
28,last,True,9,166.80641705598262,0.01929940779068937,0.6372832487289604
28,last,True,10,157.65411511729206,0.017239675914086205,0.6545229246430465
28,last,True,11,149.7259143900322,0.015549356576574589,0.6700722812196211
28,last,True,12,141.9404827859256,0.013974331163426565,0.6840466123830478
28,last,True,13,138.43005753640958,0.013291661532977905,0.6973382739160257
28,last,True,14,134.91558529730557,0.0126253294145963,0.7099636033306219
28,last,True,15,127.03214962572562,0.011192981070295802,0.7211565844009178
28,last,True,16,122.64089937227362,0.010432517651699015,0.731589102052617
28,last,True,17,120.04389372736924,0.009995364179503348,0.7415844662321203
28,last,True,18,111.9249665177404,0.008689052495899177,0.7502735187280195
28,last,True,19,110.50626534489624,0.00847017295474252,0.7587436916827619
28,last,True,20,106.17722012598344,0.007819539470804058,0.766563231153566
28,last,True,21,104.28827339690461,0.0075437872065183134,0.7741070183600843
28,last,True,22,101.28224510403211,0.0071151672677154994,0.7812221856277998
28,last,True,23,101.10595511106938,0.007090419768248023,0.7883126053960479
28,last,True,24,96.37570803934595,0.006442488294796073,0.7947550936908439
28,last,True,25,95.57643130574297,0.006336071885046565,0.8010911655758904
28,last,True,26,91.62613520071407,0.005823139731649793,0.8069143053075403
28,last,True,27,89.79754986800245,0.005593033865294104,0.8125073391728344
28,last,True,28,89.2677420759703,0.005527230480835063,0.8180345696536695
28,last,True,29,85.35937385980927,0.005053833341661182,0.8230884029953306
28,last,True,30,83.17395479678517,0.0047983638755863004,0.8278867668709169
28,last,True,31,81.54032805325815,0.004611724802468803,0.8324984916733859
28,last,True,32,80.68314276084394,0.004515273771406686,0.8370137654447924
28,last,True,33,78.86824815974596,0.004314424399427702,0.8413281898442201
28,last,True,34,76.60215433320182,0.0040700565395691305,0.8453982463837892
28,last,True,35,74.89921576942314,0.003891105586562649,0.8492893519703518
28,last,True,36,74.53133088317637,0.003852975323091662,0.8531423272934434
28,last,True,37,71.8602880780694,0.003581759179518613,0.856724086472962
28,last,True,38,71.51183970018005,0.0035471077103666495,0.8602711941833288
28,last,True,39,70.39309325806805,0.003436992418359221,0.863708186601688
28,last,True,40,68.92511000335872,0.003295136506007211,0.8670033231076952
28,last,True,41,67.86583164866279,0.0031946319123650297,0.8701979550200603
28,last,True,42,66.95708600521995,0.0031096503839036288,0.873307605403964
28,last,True,43,65.90137926197458,0.0030123642373235593,0.8763199696412876
28,last,True,44,65.34991475119875,0.0029621600851264876,0.8792821297264141
28,last,True,45,64.21355047251362,0.0028600382517565675,0.8821421679781707
28,last,True,46,63.27258347402889,0.002776832026889529,0.8849190000050602
28,last,True,47,62.27500247223757,0.0026899609888629984,0.8876089609939233
28,last,True,48,60.75718011709934,0.002560434632657148,0.8901693956265803
28,last,True,49,59.79831821625682,0.0024802554619125505,0.8926496510884928
28,last,True,50,59.456483168407225,0.002451979920040898,0.8951016310085337
28,last,True,51,57.95211980915672,0.0023294700321731857,0.8974311010407068
28,last,True,52,57.46671173284793,0.002290610090350493,0.8997217111310574
28,last,True,53,56.9600923257803,0.0022504006465862655,0.9019721117776436
28,last,True,54,56.17761156559052,0.002188996245019701,0.9041611080226634
28,last,True,55,55.97774470188187,0.00217344807461815,0.9063345560972814
28,last,True,56,54.832140519606675,0.0020853976265610393,0.9084199537238424
28,last,True,57,54.51878274086835,0.0020616302411357863,0.9104815839649782
28,last,True,58,53.914619320757566,0.0020161904856842183,0.9124977744506625
28,last,True,59,53.430962470463896,0.0019801790867918726,0.9144779535374543
28,last,True,60,52.64033223106022,0.0019220103322002285,0.9163999638696546
28,last,True,61,52.14531991088358,0.0018860323913491178,0.9182859962610037
28,last,True,62,51.77742057749765,0.0018595133349794083,0.9201455095959831
28,last,True,63,51.20116867005249,0.001818353105379594,0.9219638627013627
28,last,True,64,50.35952280029454,0.0017590641879662227,0.923722926889329
28,last,True,65,49.86110720530706,0.00172441706113866,0.9254473439504677
28,last,True,66,49.395508517664375,0.0016923625110474732,0.9271397064615151
28,last,True,67,48.64756816282288,0.0016414994641942655,0.9287812059257093
28,last,True,68,47.81625396037851,0.0015858772669654843,0.9303670831926749
28,last,True,69,47.49865947332943,0.0015648805067923714,0.9319319636994673
28,last,True,70,46.73947476224898,0.001515256410896102,0.9334472201103633
28,last,True,71,46.16233239083999,0.001478066460724019,0.9349252865710873
28,last,True,72,46.020093630127164,0.0014689718405061108,0.9363942584115933
28,last,True,73,45.50634351745082,0.0014363568721250117,0.9378306152837184
28,last,True,74,45.3557709007022,0.001426867285127726,0.9392574825688461
28,last,True,75,45.144229801872484,0.0014135883939047243,0.9406710709627509
28,last,True,76,44.24600700432102,0.001357896416770481,0.9420289673795214
28,last,True,77,43.9717716782297,0.0013411161835991813,0.9433700835631206
28,last,True,78,43.542387976182304,0.0013150521061338586,0.9446851356692545
28,last,True,79,42.90325909935927,0.0012767299404342705,0.9459618656096886
28,last,True,80,42.62631207775707,0.0012603001710196104,0.9472221657807084
28,last,True,81,42.439951611376785,0.001249304300393964,0.9484714700811023
28,last,True,82,41.96910814135553,0.0012217376442460722,0.9496932077253484
28,last,True,83,41.62652102345639,0.0012018733530074672,0.9508950810783557
28,last,True,84,41.13349034868646,0.0011735716247328937,0.9520686527030887
28,last,True,85,40.69031995140447,0.0011484198336428034,0.9532170725367316
28,last,True,86,40.30295956066651,0.001126658642213222,0.9543437311789449
28,last,True,87,39.75422870570226,0.0010961882398698736,0.9554399194188148
28,last,True,88,39.25696727651525,0.001068936647485848,0.9565088560663004
28,last,True,89,39.077520730816055,0.0010591866032359498,0.9575680426695363
28,last,True,90,38.612970420871136,0.0010341532460559327,0.9586021959155923
28,last,True,91,38.44418590155074,0.0010251320511910074,0.9596273279667832
28,last,True,92,38.167419149752604,0.0010104249543295871,0.9606377529211128
28,last,True,93,37.730805469885624,0.0009874397996467805,0.9616251927207595
28,last,True,94,37.39506665301636,0.0009699449764783933,0.9625951376972379
28,last,True,95,37.00637184966437,0.0009498860105080116,0.963545023707746
28,last,True,96,36.73700426219482,0.0009361079899638812,0.9644811316977099
28,last,True,97,36.683802170051486,0.0009333986323256247,0.9654145303300354
28,last,True,98,36.098945369515334,0.0009038731864333644,0.9663184035164689
28,last,True,99,35.660398615843086,0.0008820452422237185,0.9672004487586926
28,last,True,100,35.27028130181045,0.0008628520230319569,0.9680633007817246
28,last,True,101,35.22297867508888,0.0008605391524741104,0.9689238399341986
28,last,True,102,34.68137548590929,0.0008342785965632617,0.969758118530762
28,last,True,103,34.567108022743916,0.0008287901261463048,0.9705869086569083
28,last,True,104,34.12918720584169,0.0008079237332115599,0.9713948323901199
28,last,True,105,34.019511495392514,0.0008027394765006962,0.9721975718666206
28,last,True,106,33.59239234766398,0.0007827090276523365,0.972980280894273
28,last,True,107,33.43443365789879,0.0007753653999449709,0.973755646294218
28,last,True,108,33.09595227065682,0.0007597456775953752,0.9745153919718134
28,last,True,109,32.84087473006558,0.0007480797644148101,0.9752634717362282
28,last,True,110,32.31938060654897,0.0007245102480456482,0.9759879819842738
28,last,True,111,32.17024718721998,0.0007178393650919777,0.9767058213493658
28,last,True,112,31.730201727482427,0.0006983355339455057,0.9774041568833112
28,last,True,113,31.357152296894636,0.0006820115120331263,0.9780861683953442
28,last,True,114,31.039251837550527,0.000668253072087321,0.9787544214674316
28,last,True,115,30.901213279234064,0.0006623225442083675,0.9794167440116399
28,last,True,116,30.524683690345096,0.0006462801534033706,0.9800630241650433
28,last,True,117,30.23876738181543,0.0006342297985905812,0.9806972539636338
28,last,True,118,29.860200166616426,0.0006184490178271337,0.981315702981461
28,last,True,119,29.83243122893964,0.0006172992809412155,0.9819330022624021
28,last,True,120,29.59405867456153,0.000607473777681813,0.982540476040084
28,last,True,121,29.298972504529186,0.0005954197762657509,0.9831358958163497
28,last,True,122,29.100170949333346,0.0005873670167515636,0.9837232628331014
28,last,True,123,28.859001306910336,0.0005776716712812756,0.9843009345043826
28,last,True,124,28.422577788021712,0.0005603319703257219,0.9848612664747084
28,last,True,125,28.208869362308786,0.0005519374133803371,0.9854132038880888
28,last,True,126,27.94933858088526,0.0005418281249007414,0.9859550320129896
28,last,True,127,27.696083941606624,0.0005320533823203425,0.9864870853953099
28,last,True,128,27.37538205728862,0.0005198030851509733,0.9870068884804609
28,last,True,129,27.19382836992816,0.0005129312739562407,0.987519819754417
28,last,True,130,27.032747057747013,0.0005068726246925876,0.9880266923791097
28,last,True,131,26.832871158931198,0.0004994048612353695,0.988526097240345
28,last,True,132,26.500969001327583,0.0004871267544712826,0.9890132239948164
28,last,True,133,26.326853385178755,0.0004807467804861438,0.9894939707753025
28,last,True,134,26.259745537555876,0.00047829903156434593,0.9899722698068668
28,last,True,135,25.65742390664004,0.00045660911200748723,0.9904288789188743
28,last,True,136,25.429980336696264,0.0004485496514375193,0.9908774285703118
28,last,True,137,25.2900446186431,0.00044362668909188037,0.9913210552594037
28,last,True,138,24.994815679584676,0.0004333295957747534,0.9917543848551785
28,last,True,139,24.702878014336523,0.00042326619334370703,0.9921776510485223
28,last,True,140,24.437705405828957,0.00041422787895153805,0.9925918789274737
28,last,True,141,24.248453644825585,0.0004078369510569667,0.9929997158785306
28,last,True,142,23.87759495802561,0.00039545733612182123,0.9933951732146525
28,last,True,143,23.82065117995817,0.0003935733957054325,0.9937887466103579
28,last,True,144,23.260409274467037,0.0003752780634237303,0.9941640246737816
28,last,True,145,23.234418256319287,0.0003744398658327006,0.9945384645396143
28,last,True,146,22.932889408077063,0.00036478420744614934,0.9949032487470604
28,last,True,147,22.405881919101358,0.00034821105946462915,0.9952514598065251
28,last,True,148,22.20100663682521,0.0003418722168212681,0.9955933320233462
28,last,True,149,21.764829868189917,0.0003285708476833668,0.9959219028710297
28,last,True,150,21.531111926429,0.0003215521308898849,0.9962434550019196
28,last,True,151,20.93279370512982,0.0003039295042585143,0.9965473845061781
28,last,True,152,20.743207989462366,0.0002984491310552834,0.9968458336372334
28,last,True,153,20.324761179413258,0.0002865295233146425,0.9971323631605479
28,last,True,154,20.063928216012044,0.00027922249633342974,0.9974115856568815
28,last,True,155,19.405715969256832,0.0002612027926709149,0.9976727884495523
28,last,True,156,19.212400436508712,0.0002560246225700522,0.9979288130721223
28,last,True,157,18.886102061416718,0.000247401961980208,0.9981762150341027
28,last,True,158,18.4393855735666,0.00023583668742642832,0.998412051721529
28,last,True,159,18.241988028619645,0.00023081435087224096,0.9986428660724013
28,last,True,160,17.87338910683767,0.00022158088624788395,0.9988644469586493
28,last,True,161,17.7549444418398,0.00021865384064837534,0.9990831007992976
28,last,True,162,17.287940136626293,0.00020730270777978669,0.9992904035070775
28,last,True,163,16.026313146546507,0.0001781499577084632,0.9994685534647859
28,last,True,164,15.586209808366021,0.00016849984701122636,0.9996370533117971
28,last,True,165,14.518714171489993,0.00014620922855008322,0.9997832625403472
28,last,True,166,14.467397267408753,0.0001451774918478051,0.9999284400321952
28,last,True,167,10.157242726293838,7.155996780499786e-05,1.0
28,last,True,168,7.434121793798959e-14,3.833344216163915e-33,1.0
28,mean,False,1,421.48140458630166,0.5867421403475708,0.5867421403475708
28,mean,False,2,137.9453219609379,0.06284987202730714,0.6495920123748778
28,mean,False,3,101.59758693258095,0.034092372855173275,0.6836843852300512
28,mean,False,4,91.61430141052183,0.02772151697621305,0.7114059022062642
28,mean,False,5,84.76354297493128,0.02373059600320487,0.7351364982094691
28,mean,False,6,78.21726596299632,0.02020671453769262,0.7553432127471618
28,mean,False,7,71.3257549135866,0.016802859551091016,0.7721460722982527
28,mean,False,8,64.29673301101194,0.013654262770638114,0.7858003350688908
28,mean,False,9,59.979787728127846,0.011882293958910549,0.7976826290278014
28,mean,False,10,57.01333935107173,0.010736022213076332,0.8084186512408778
28,mean,False,11,55.01793935830475,0.00999767659342159,0.8184163278342993
28,mean,False,12,54.193504028963574,0.009700294246453151,0.8281166220807524
28,mean,False,13,48.32814062577039,0.0077141950621860845,0.8358308171429385
28,mean,False,14,47.63115326770238,0.0074932916684568905,0.8433241088113954
28,mean,False,15,45.15178888057673,0.006733492275674137,0.8500576010870695
28,mean,False,16,43.935991735619986,0.006375750463674178,0.8564333515507438
28,mean,False,17,41.49618762149617,0.005687309208106757,0.8621206607588506
28,mean,False,18,40.86753282247214,0.0055162924637555,0.8676369532226061
28,mean,False,19,39.92787471622533,0.005265538975056628,0.8729024921976629
28,mean,False,20,39.22266208450478,0.005081179955098127,0.877983672152761
28,mean,False,21,37.36904635230009,0.004612267350315178,0.8825959395030762
28,mean,False,22,35.99027878035667,0.004278197847103789,0.8868741373501801
28,mean,False,23,34.68896961099652,0.003974415274312195,0.8908485526244921
28,mean,False,24,33.84654115731499,0.0037837203541444993,0.8946322729786363
28,mean,False,25,33.493834313640356,0.00370527271765443,0.8983375456962908
28,mean,False,26,32.773986941333725,0.0035477172209331873,0.901885262917224
28,mean,False,27,31.809588504406666,0.003342000768757948,0.905227263685982
28,mean,False,28,30.471488680331877,0.0030667458602289667,0.9082940095462111
28,mean,False,29,29.21759154387851,0.0028195465579037185,0.9111135561041147
28,mean,False,30,28.723296380530606,0.0027249529150549135,0.9138385090191696
28,mean,False,31,28.482064715173163,0.0026793742616789754,0.9165178832808486
28,mean,False,32,27.82337115758809,0.002556877619547659,0.9190747609003961
28,mean,False,33,26.87087524484883,0.002384811562422228,0.9214595724628184
28,mean,False,34,26.077065184842567,0.0022459902603817867,0.9237055627232001
28,mean,False,35,25.816409358005885,0.0022013146359641206,0.9259068773591642
28,mean,False,36,25.479093246744362,0.002144165875144954,0.9280510432343091
28,mean,False,37,24.779183899696626,0.0020279836115276013,0.9300790268458367
28,mean,False,38,24.39688022558616,0.00196588917625819,0.9320449160220949
28,mean,False,39,23.8845574064599,0.0018841906285210716,0.933929106650616
28,mean,False,40,23.37517657681943,0.0018046801599992462,0.9357337868106153
28,mean,False,41,22.969746836868293,0.0017426206681711537,0.9374764074787865
28,mean,False,42,22.599907101066083,0.0016869559846675079,0.9391633634634541
28,mean,False,43,22.169104919369715,0.0016232550436818536,0.940786618507136
28,mean,False,44,21.894743973419715,0.0015833254248676365,0.9423699439320037
28,mean,False,45,21.73475907156025,0.0015602712433162333,0.9439302151753199
28,mean,False,46,21.30923367867581,0.0014997749905823145,0.9454299901659023
28,mean,False,47,20.84040271641001,0.0014345069520389868,0.9468644971179413
28,mean,False,48,20.17407996727814,0.0013442434202297277,0.9482087405381706
28,mean,False,49,20.092421299653054,0.0013333832501034716,0.9495421237882742
28,mean,False,50,19.822025181904486,0.0012977364126074225,0.9508398602008816
28,mean,False,51,19.776478482336312,0.0012917794327579996,0.9521316396336396
28,mean,False,52,19.526024364070626,0.0012592677964149966,0.9533909074300545
28,mean,False,53,19.09823701260203,0.0012046947032128385,0.9545956021332674
28,mean,False,54,18.86694229118241,0.0011756917901878212,0.9557712939234552
28,mean,False,55,18.535922670407903,0.0011347987829373558,0.9569060927063925
28,mean,False,56,18.167157238613417,0.0010900951152503701,0.9579961878216431
28,mean,False,57,17.947164747054117,0.0010638542731710432,0.9590600420948142
28,mean,False,58,17.87955133063487,0.0010558535300597145,0.9601158956248739
28,mean,False,59,17.393307177584038,0.0009992054113091568,0.961115101036183
28,mean,False,60,17.237995677474274,0.0009814405063575725,0.9620965415425407
28,mean,False,61,17.128781854214143,0.0009690437842541838,0.9630655853267949
28,mean,False,62,16.94680698518341,0.0009485630638743018,0.9640141483906692
28,mean,False,63,16.785652692165918,0.00093060827376687,0.964944756664436
28,mean,False,64,16.591651107125102,0.0009092214163853924,0.9658539780808212
28,mean,False,65,16.1335588362965,0.0008597076630268019,0.966713685743848
28,mean,False,66,16.050795851979696,0.0008509099175900909,0.9675645956614382
28,mean,False,67,15.888872645581431,0.0008338282627198891,0.968398423924158
28,mean,False,68,15.446248489546857,0.0007880186170029884,0.969186442541161
28,mean,False,69,15.401696575916727,0.0007834793780513412,0.9699699219192125
28,mean,False,70,15.243280697457008,0.0007674451352017047,0.9707373670544142
28,mean,False,71,14.99351836709615,0.0007425018762665737,0.9714798689306808
28,mean,False,72,14.87975489257589,0.0007312771411152154,0.9722111460717959
28,mean,False,73,14.611182659745278,0.000705116996967239,0.9729162630687632
28,mean,False,74,14.497885572511203,0.0006942242480715393,0.9736104873168347
28,mean,False,75,14.280404562642463,0.0006735525205838542,0.9742840398374186
28,mean,False,76,14.017730546809597,0.0006490017361536459,0.9749330415735723
28,mean,False,77,13.848351521143703,0.0006334124587370082,0.9755664540323093
28,mean,False,78,13.76240802528924,0.0006255748818841176,0.9761920289141934
28,mean,False,79,13.648839979071669,0.0006152929337978722,0.9768073218479913
28,mean,False,80,13.505721132378449,0.0006024569234321993,0.9774097787714233
28,mean,False,81,13.24461735664213,0.0005793877052083781,0.9779891664766317
28,mean,False,82,13.064440408931265,0.0005637311950755136,0.9785528976717073
28,mean,False,83,13.004355800412325,0.0005585578117815296,0.9791114554834889
28,mean,False,84,12.828439430112546,0.0005435482469700717,0.979655003730459
28,mean,False,85,12.6604000872976,0.0005294016662915941,0.9801844053967506
28,mean,False,86,12.534059523127791,0.000518888384550885,0.9807032937813016
28,mean,False,87,12.323132107521142,0.0005015712697784974,0.9812048650510802
28,mean,False,88,12.234633222316226,0.0004943930444250036,0.9816992580955047
28,mean,False,89,12.182375594112498,0.0004901786750425929,0.9821894367705474
28,mean,False,90,12.014614349787145,0.0004767713102449279,0.9826662080807922
28,mean,False,91,11.899273771799198,0.0004676612183051693,0.9831338692990973
28,mean,False,92,11.822384023219824,0.0004616369553429748,0.9835955062544403
28,mean,False,93,11.612140956119125,0.00044536393071414665,0.9840408701851543
28,mean,False,94,11.539540979462023,0.00043981244186473,0.9844806826270189
28,mean,False,95,11.497611226294337,0.0004366220682793644,0.9849173046952984
28,mean,False,96,11.384731598388864,0.0004280909394463768,0.985345395634745
28,mean,False,97,11.160273823151314,0.00041137713019170755,0.9857567727649368
28,mean,False,98,11.037533180477887,0.00040237824093031677,0.9861591510058669
28,mean,False,99,10.89354130365747,0.00039194814396992846,0.986551099149837
28,mean,False,100,10.8313478559392,0.00038748549583459514,0.9869385846456715
28,mean,False,101,10.7136605453308,0.0003791108442158276,0.9873176954898875
28,mean,False,102,10.51496217244825,0.00036517906533699046,0.9876828745552244
28,mean,False,103,10.482612032156101,0.0003629355154205273,0.9880458100706451
28,mean,False,104,10.346510283038672,0.000353572297737268,0.9883993823683823
28,mean,False,105,10.193209437679073,0.0003431723895278945,0.9887425547579102
28,mean,False,106,10.145563800453715,0.00033997173840786285,0.989082526496318
28,mean,False,107,10.04049055726383,0.00033296632096766154,0.9894154928172856
28,mean,False,108,9.906479667731842,0.00032413740318104633,0.9897396302204666
28,mean,False,109,9.879233423361804,0.0003223568752203456,0.990061987095687
28,mean,False,110,9.754492516769764,0.00031426774058132095,0.9903762548362682
28,mean,False,111,9.672079100378248,0.0003089798248594814,0.9906852346611278
28,mean,False,112,9.459530730489284,0.00029554909118612895,0.9909807837523139
28,mean,False,113,9.38941143271906,0.0002911837822614419,0.9912719675345754
28,mean,False,114,9.310834279958822,0.0002863305168250067,0.9915582980514005
28,mean,False,115,9.180686964081268,0.00027838177667221956,0.9918366798280727
28,mean,False,116,9.090603224993403,0.000272945443530331,0.992109625271603
28,mean,False,117,9.009756601598347,0.0002681121904320547,0.992377737462035
28,mean,False,118,8.873799853533093,0.0002600816439233455,0.9926378191059582
28,mean,False,119,8.790271547606764,0.00025520843614935897,0.9928930275421076
28,mean,False,120,8.640811228228127,0.00024660363745537925,0.9931396311795633
28,mean,False,121,8.553760451394037,0.00024165991072771912,0.9933812910902908
28,mean,False,122,8.449337133818222,0.00023579561345265878,0.9936170867037436
28,mean,False,123,8.436298560481719,0.00023506844013862602,0.9938521551438821
28,mean,False,124,8.309638423327343,0.00022806292864422373,0.9940802180725264
28,mean,False,125,8.257310726363881,0.00022519964347537992,0.9943054177160018
28,mean,False,126,8.159898094356926,0.0002199175626370134,0.9945253352786387
28,mean,False,127,8.08214434883358,0.00021574644533605073,0.9947410817239749
28,mean,False,128,8.019938206188781,0.00021243813863761188,0.9949535198626124
28,mean,False,129,7.848816587026742,0.00020346925945640624,0.9951569891220686
28,mean,False,130,7.764266489418264,0.00019910919181095302,0.9953560983138797
28,mean,False,131,7.75769552887593,0.0001987723190320283,0.9955548706329117
28,mean,False,132,7.632452828462888,0.00019240603995405274,0.9957472766728658
28,mean,False,133,7.550519570984434,0.00018829731123472517,0.9959355739841005
28,mean,False,134,7.492735142774483,0.00018542624591873753,0.9961210002300191
28,mean,False,135,7.250626634697334,0.0001736367016519635,0.9962946369316712
28,mean,False,136,7.1580976997941,0.00016923324689007717,0.9964638701785612
28,mean,False,137,7.1326946838739715,0.00016803421141173297,0.9966319043899731
28,mean,False,138,7.030421405421266,0.00016324998817413344,0.996795154378147
28,mean,False,139,6.973108800199721,0.00016059918106727403,0.9969557535592144
28,mean,False,140,6.805954923826321,0.000152991950060262,0.9971087455092748
28,mean,False,141,6.753790990042775,0.00015065573763158938,0.9972594012469064
28,mean,False,142,6.687435452286853,0.0001477099155438151,0.9974071111624501
28,mean,False,143,6.608353612182349,0.0001442371031241345,0.9975513482655742
28,mean,False,144,6.542608682930136,0.00014138141853139107,0.9976927296841056
28,mean,False,145,6.530258211001382,0.0001408481513761741,0.997833577835482
28,mean,False,146,6.410700551716894,0.0001357379937022775,0.9979693158291842
28,mean,False,147,6.317638566725183,0.00013182567259461094,0.9981011415017786
28,mean,False,148,6.21472381271858,0.000127565756668254,0.998228707258447
28,mean,False,149,6.176432241332722,0.0001259986251005799,0.9983547058835477
28,mean,False,150,6.000079721711816,0.00011890619585098883,0.9984736120793987
28,mean,False,151,5.965016240168447,0.00011752051994483628,0.9985911325993434
28,mean,False,152,5.844237026664682,0.00011280960701465463,0.998703942206358
28,mean,False,153,5.744593739216968,0.00010899562964643632,0.9988129378360046
28,mean,False,154,5.666919210005391,0.00010606802585793327,0.9989190058618626
28,mean,False,155,5.57876674589492,0.0001027937832829712,0.9990217996451454
28,mean,False,156,5.461264006103461,9.850919871103602e-05,0.9991203088438564
28,mean,False,157,5.402588567266591,9.640381793440869e-05,0.9992167126617908
28,mean,False,158,5.28970830933699,9.241743105118953e-05,0.999309130092842
28,mean,False,159,5.2491610958105825,9.100604610669915e-05,0.9994001361389487
28,mean,False,160,5.188768549600616,8.892401051686858e-05,0.9994890601494656
28,mean,False,161,4.96477194625051,8.141211771875316e-05,0.9995704722671843
28,mean,False,162,4.952389714810825,8.10065375108737e-05,0.9996514788046952
28,mean,False,163,4.7934289722529275,7.588973501755388e-05,0.9997273685397128
28,mean,False,164,4.6776642564746576,7.226841617088913e-05,0.9997996369558836
28,mean,False,165,4.21569536067024,5.869875407822231e-05,0.9998583357099619
28,mean,False,166,3.9957918240473695,5.273466011776766e-05,0.9999110703700796
28,mean,False,167,3.6913716055874524,4.5005540101276766e-05,0.9999560759101809
28,mean,False,168,3.646751445424493,4.392408981904914e-05,1.0
28,mean,True,1,153.09118914959657,0.17328125081298926,0.17328125081298926
28,mean,True,2,112.43378725358146,0.09346410699709609,0.26674535781008535
28,mean,True,3,93.893806651771,0.06518160865679475,0.3319269664668801
28,mean,True,4,88.35528591685538,0.05771866192470801,0.38964562839158806
28,mean,True,5,78.50990522814983,0.0455722097350942,0.4352178381266823
28,mean,True,6,73.91571820526546,0.04039473686391758,0.47561257499059983
28,mean,True,7,68.16615600074431,0.034354907969095745,0.5099674829596956
28,mean,True,8,60.38593981657309,0.026960183317861503,0.5369276662775571
28,mean,True,9,59.02622448778777,0.02575972317691799,0.562687389454475
28,mean,True,10,56.686171344731896,0.023757756762106896,0.586445146216582
28,mean,True,11,54.19793559434916,0.021717842051282854,0.6081629882678649
28,mean,True,12,51.675850672055965,0.01974360484793967,0.6279065931158044
28,mean,True,13,47.91186419139669,0.01697216789530775,0.6448787610111122
28,mean,True,14,46.505299709499546,0.015990280287884556,0.6608690412989968
28,mean,True,15,44.059852068822586,0.01435282040358939,0.6752218617025862
28,mean,True,16,42.42848662581003,0.01330963861970898,0.6885315003222952
28,mean,True,17,40.940353321163514,0.012392369493598825,0.7009238698158939
28,mean,True,18,40.025091317059974,0.011844475776760843,0.7127683455926548
28,mean,True,19,39.422298072881304,0.01149039757695259,0.7242587431696074
28,mean,True,20,37.57861715100868,0.010440775806081978,0.7346995189756893
28,mean,True,21,36.65678395994174,0.009934817672604386,0.7446343366482937
28,mean,True,22,35.09637288565234,0.00910700662484075,0.7537413432731345
28,mean,True,23,33.96248734521744,0.008528058295973855,0.7622694015691083
28,mean,True,24,33.68291297779115,0.008388232659969689,0.7706576342290782
28,mean,True,25,32.840877695449166,0.007974081903542683,0.7786317161326208
28,mean,True,26,31.81831857905808,0.007485238332377829,0.7861169544649986
28,mean,True,27,30.471493770475693,0.006864970425119619,0.7929819248901183
28,mean,True,28,29.663610181424893,0.006505777285376113,0.7994877021754944
28,mean,True,29,29.114562758585475,0.00626717361449897,0.8057548757899934
28,mean,True,30,28.48368360680613,0.00599851138269595,0.8117533871726893
28,mean,True,31,27.8440923169073,0.00573214689351322,0.8174855340662026
28,mean,True,32,27.20627465098662,0.005472544947608163,0.8229580790138108
28,mean,True,33,26.456907104657603,0.005175226072580409,0.8281333050863912
28,mean,True,34,26.07703827825183,0.00502768095103465,0.8331609860374258
28,mean,True,35,25.535203769551533,0.0048209190256204544,0.8379819050630463
28,mean,True,36,24.980405656229365,0.004613708528102488,0.8425956135911487
28,mean,True,37,24.48651107960222,0.004433074203237736,0.8470286877943864
28,mean,True,38,23.888636242305523,0.004219236757810445,0.8512479245521969
28,mean,True,39,23.38414419814679,0.004042910638275956,0.8552908351904729
28,mean,True,40,23.08576416084419,0.003940394376551183,0.859231229567024
28,mean,True,41,22.59998233581112,0.0037763077566093746,0.8630075373236333
28,mean,True,42,22.398418024649164,0.0037092480119691722,0.8667167853356025
28,mean,True,43,22.152228658258483,0.003628156670602062,0.8703449420062045
28,mean,True,44,21.883766827100416,0.003540750609815382,0.87388569261602
28,mean,True,45,21.37625226160087,0.0033784252407967723,0.8772641178568167
28,mean,True,46,20.840628352569883,0.003211240253605338,0.8804753581104221
28,mean,True,47,20.334876443779322,0.003057273254960815,0.8835326313653828
28,mean,True,48,20.10742965661857,0.002989264174996543,0.8865218955403795
28,mean,True,49,19.922196537542323,0.002934442619302294,0.8894563381596818
28,mean,True,50,19.80623636374261,0.0029003812993872876,0.8923567194590691
28,mean,True,51,19.719123758597185,0.0028749242527313203,0.8952316437118004
28,mean,True,52,19.23770297756668,0.00273626157324816,0.8979679052850486
28,mean,True,53,18.870283846455457,0.002632740455295859,0.9006006457403444
28,mean,True,54,18.574723104463008,0.0025509143566837334,0.9031515600970281
28,mean,True,55,18.174002432948686,0.002442037591327037,0.9055935976883551
28,mean,True,56,17.947487215743575,0.0023815433246365692,0.9079751410129918
28,mean,True,57,17.879789602928895,0.002363610928042312,0.9103387519410342
28,mean,True,58,17.530297830197775,0.0022721121831174515,0.9126108641241516
28,mean,True,59,17.31305497516399,0.002216147168526753,0.9148270112926784
28,mean,True,60,17.12878598828105,0.0021692237346620058,0.9169962350273405
28,mean,True,61,16.950904108438824,0.00212440304565178,0.9191206380729923
28,mean,True,62,16.786303288344243,0.002083345564059207,0.9212039836370515
28,mean,True,63,16.607333336688125,0.0020391585129656714,0.9232431421500171
28,mean,True,64,16.237265198401143,0.0019492922185215622,0.9251924343685385
28,mean,True,65,16.066851518736016,0.001908590428819877,0.9271010247973583
28,mean,True,66,16.034905187045027,0.0019010081285916955,0.9290020329259501
28,mean,True,67,15.447022854763468,0.0017641713279034576,0.9307662042538536
28,mean,True,68,15.42232854286121,0.0017585352678110133,0.9325247395216645
28,mean,True,69,15.253750500329145,0.0017203010653061577,0.9342450405869707
28,mean,True,70,14.994446646575733,0.0016623101922086845,0.9359073507791793
28,mean,True,71,14.912440690163804,0.0016441772701866959,0.937551528049366
28,mean,True,72,14.616372631813887,0.0015795391480206266,0.9391310671973867
28,mean,True,73,14.502502022574156,0.0015550238367165426,0.9406860910341033
28,mean,True,74,14.300807138697488,0.001512071336433366,0.9421981623705367
28,mean,True,75,14.021251567548227,0.001453532491149131,0.9436516948616858
28,mean,True,76,13.865702086936846,0.001421460876767304,0.9450731557384531
28,mean,True,77,13.764677585765698,0.0014008230126538134,0.946473978751107
28,mean,True,78,13.648843036888591,0.0013773453906056258,0.9478513241417125
28,mean,True,79,13.554395550321862,0.0013583493890381218,0.9492096735307506
28,mean,True,80,13.25465927820392,0.0012989376881734186,0.950508611218924
28,mean,True,81,13.125435782015021,0.0012737337140955156,0.9517823449330195
28,mean,True,82,13.012533208593535,0.001251915115089736,0.9530342600481093
28,mean,True,83,12.829076884040376,0.001216863870850211,0.9542511239189595
28,mean,True,84,12.664478867407981,0.001185839270728742,0.9554369631896883
28,mean,True,85,12.554852585248135,0.0011653983978878713,0.9566023615875761
28,mean,True,86,12.324350928558419,0.001122998803198433,0.9577253603907746
28,mean,True,87,12.246761829116378,0.0011089034255123977,0.9588342638162869
28,mean,True,88,12.182379817095839,0.001097274919179743,0.9599315387354667
28,mean,True,89,12.08390601258271,0.0010796074148207435,0.9610111461502874
28,mean,True,90,11.963041757529176,0.0010581187703301018,0.9620692649206175
28,mean,True,91,11.848432093284677,0.0010379416725288992,0.9631072065931464
28,mean,True,92,11.626223854865824,0.0009993751417933586,0.9641065817349397
28,mean,True,93,11.552883948264986,0.0009868065028909305,0.9650933882378306
28,mean,True,94,11.49956935422969,0.0009777196302993459,0.9660711078681301
28,mean,True,95,11.45449277352378,0.000970069625649601,0.9670411774937796
28,mean,True,96,11.236357268757683,0.0009334740733365563,0.9679746515671162
28,mean,True,97,11.157185094095208,0.0009203657678496498,0.9688950173349659
28,mean,True,98,10.95298865908506,0.0008869853712466452,0.9697820027062124
28,mean,True,99,10.837868859074636,0.0008684382919520923,0.9706504409981644
28,mean,True,100,10.714443375930626,0.0008487707589613988,0.9714992117571257
28,mean,True,101,10.564982737646002,0.0008252561411143872,0.9723244678982401
28,mean,True,102,10.486846572859024,0.0008130944739979538,0.9731375623722381
28,mean,True,103,10.356738807202271,0.0007930438992742111,0.9739306062715122
28,mean,True,104,10.226907367575468,0.0007732854269992508,0.9747038916985118
28,mean,True,105,10.179305089185021,0.0007661034944000988,0.9754699951929119
28,mean,True,106,10.08986768510126,0.0007527003594229769,0.9762226955523349
28,mean,True,107,9.944016863106413,0.0007310968041197298,0.9769537923564545
28,mean,True,108,9.891201729895421,0.0007233513559574768,0.977677143712412
28,mean,True,109,9.77117751089809,0.0007059029346842092,0.9783830466470963
28,mean,True,110,9.672216020316082,0.0006916767161535606,0.9790747233632497
28,mean,True,111,9.465416828738006,0.0006624157786608954,0.9797371391419106
28,mean,True,112,9.422266804222216,0.0006563900311815617,0.9803935291730923
28,mean,True,113,9.351611453790905,0.0006465827137277481,0.9810401118868199
28,mean,True,114,9.21647222940504,0.0006280303313007321,0.9816681422181207
28,mean,True,115,9.090961800221054,0.0006110416967672268,0.982279183914888
28,mean,True,116,9.018169821332162,0.0006012955637910261,0.9828804794786791
28,mean,True,117,8.925684138243662,0.0005890256527009608,0.9834695051313801
28,mean,True,118,8.802695802336036,0.0005729049430067307,0.9840424100743868
28,mean,True,119,8.664931609358113,0.0005551130788737481,0.9845975231532605
28,mean,True,120,8.557694063983758,0.0005414578995340231,0.9851389810527945
28,mean,True,121,8.468050705451125,0.0005301735788647071,0.9856691546316592
28,mean,True,122,8.447227978319203,0.0005275694171694848,0.9861967240488286
28,mean,True,123,8.313445702274178,0.0005109910699122372,0.9867077151187409
28,mean,True,124,8.257488350633633,0.000504135314390346,0.9872118504331312
28,mean,True,125,8.164826690410655,0.0004928844565375178,0.9877047348896686
28,mean,True,126,8.082382166227159,0.0004829808868829541,0.9881877157765516
28,mean,True,127,8.028810102553473,0.00047659946822078796,0.9886643152447725
28,mean,True,128,7.855441264209482,0.0004562389432498304,0.9891205541880224
28,mean,True,129,7.773553522915939,0.00044677654724018076,0.9895673307352626
28,mean,True,130,7.759438819356551,0.00044515556569374524,0.9900124863009564
28,mean,True,131,7.655539178098506,0.0004333140269997396,0.990445800327956
28,mean,True,132,7.559608400659747,0.0004225224400456183,0.9908683227680016
28,mean,True,133,7.505624818262297,0.00041650947413406905,0.9912848322421357
28,mean,True,134,7.253302234361182,0.00038897593169964203,0.9916738081738354
28,mean,True,135,7.1625250565604235,0.00037930056511991257,0.9920531087389552
28,mean,True,136,7.141024381210304,0.00037702679212475,0.9924301355310801
28,mean,True,137,7.070525776433906,0.0003696192666201925,0.9927997547977003
28,mean,True,138,7.007391651406712,0.00036304792930303125,0.9931628027270033
28,mean,True,139,6.832387265584763,0.0003451406640554425,0.9935079433910587
28,mean,True,140,6.756962282794945,0.00033756248136493664,0.9938455058724236
28,mean,True,141,6.6972231038574135,0.00033161999986829207,0.994177125872292
28,mean,True,142,6.632080637672906,0.000325200180007647,0.9945023260522995
28,mean,True,143,6.543273884898853,0.0003165493160659665,0.9948188753683657
28,mean,True,144,6.530262481421231,0.0003152916411332966,0.9951341670094989
28,mean,True,145,6.414336320734066,0.0003041967964021113,0.995438363805901
28,mean,True,146,6.322211189238751,0.00029552156591885933,0.99573388537182
28,mean,True,147,6.267686765453155,0.0002904462336938417,0.9960243316055137
28,mean,True,148,6.195797454882675,0.00028382170526652435,0.9963081533107802
28,mean,True,149,6.004579611128845,0.00026657314497566324,0.9965747264557558
28,mean,True,150,5.999012135171817,0.0002660790382702049,0.9968408054940262
28,mean,True,151,5.847819307661192,0.00025283609314166207,0.9970936415871677
28,mean,True,152,5.746325810869763,0.0002441359153272624,0.997337777502495
28,mean,True,153,5.679007714136375,0.00023844932559239414,0.9975762268280873
28,mean,True,154,5.589026891039197,0.00023095298492105192,0.9978071798130086
28,mean,True,155,5.479291482645881,0.00022197291727117156,0.9980291527302796
28,mean,True,156,5.403011236123943,0.00021583552231765427,0.9982449882525974
28,mean,True,157,5.290203584904749,0.00020691689472778751,0.9984519051473251
28,mean,True,158,5.250171866482379,0.00020379720433615398,0.9986557023516611
28,mean,True,159,5.190320411832559,0.00019917715229189742,0.9988548795039531
28,mean,True,160,4.965458332553134,0.00018229294660633026,0.9990371724505593
28,mean,True,161,4.9523926731402765,0.00018133487031324637,0.9992185073208727
28,mean,True,162,4.793918129080394,0.00016991526881877825,0.9993884225896915
28,mean,True,163,4.683344271265492,0.00016216732347431936,0.9995505899131658
28,mean,True,164,4.21569551279422,0.00013139827150948684,0.9996819881846752
28,mean,True,165,4.008259201070923,0.00011878532153176646,0.9998007735062069
28,mean,True,166,3.6934284285624326,0.00010085804752383345,0.9999016315537309
28,mean,True,167,3.647558914672571,9.836844626921198e-05,1.0
28,mean,True,168,2.5322693402114148e-14,4.7410111283133196e-33,1.0
