layer,pool,method,split,variant,n,mse,mse_seed_sd,relative_improvement,relative_improvement_seed_sd,cosine,cosine_seed_sd,recall1,recall1_seed_sd,mrr,mrr_seed_sd,neg_over_pos,neg_over_pos_seed_sd
0,last,identity,dev,canonical,48,0.0,0.0,nan,nan,1.0,0.0,0.0,0.0,0.19999999999999998,0.0,0.0,0.0
0,last,identity,expression,canonical,24,0.0,0.0,nan,nan,1.0,0.0,0.0,0.0,0.20000000000000004,0.0,0.0,0.0
0,last,identity,iid,canonical,24,0.0,0.0,nan,nan,1.0,0.0,0.0,0.0,0.20000000000000004,0.0,0.0,0.0
0,last,identity,joint,canonical,96,0.0,0.0,nan,nan,1.0,0.0,0.0,0.0,0.19999999999999998,0.0,0.0,0.0
0,last,identity,template,canonical,24,0.0,0.0,nan,nan,1.0,0.0,0.0,0.0,0.20000000000000004,0.0,0.0,0.0
0,last,identity,topic,canonical,96,0.0,0.0,nan,nan,1.0,0.0,0.0,0.0,0.19999999999999998,0.0,0.0,0.0
0,last,identity,train,canonical,168,0.0,0.0,nan,nan,1.0,0.0,0.0,0.0,0.19999999999999996,0.0,0.0,0.0
0,last,identity,iid,paraphrase,24,0.0,0.0,nan,nan,1.0,0.0,0.0,0.0,0.20000000000000004,0.0,0.0,0.0
0,last,identity,topic,paraphrase,96,0.0,0.0,nan,nan,1.0,0.0,0.0,0.0,0.19999999999999998,0.0,0.0,0.0
0,last,identity,template,paraphrase,24,0.0,0.0,nan,nan,1.0,0.0,0.0,0.0,0.20000000000000004,0.0,0.0,0.0
0,last,identity,expression,paraphrase,24,0.0,0.0,nan,nan,1.0,0.0,0.0,0.0,0.20000000000000004,0.0,0.0,0.0
0,last,identity,joint,paraphrase,96,0.0,0.0,nan,nan,1.0,0.0,0.0,0.0,0.19999999999999998,0.0,0.0,0.0
0,last,shift,dev,canonical,48,0.0,0.0,nan,nan,1.0,0.0,0.0,0.0,0.19999999999999998,0.0,0.0,0.0
0,last,shift,expression,canonical,24,0.0,0.0,nan,nan,1.0,0.0,0.0,0.0,0.20000000000000004,0.0,0.0,0.0
0,last,shift,iid,canonical,24,0.0,0.0,nan,nan,1.0,0.0,0.0,0.0,0.20000000000000004,0.0,0.0,0.0
0,last,shift,joint,canonical,96,0.0,0.0,nan,nan,1.0,0.0,0.0,0.0,0.19999999999999998,0.0,0.0,0.0
0,last,shift,template,canonical,24,0.0,0.0,nan,nan,1.0,0.0,0.0,0.0,0.20000000000000004,0.0,0.0,0.0
0,last,shift,topic,canonical,96,0.0,0.0,nan,nan,1.0,0.0,0.0,0.0,0.19999999999999998,0.0,0.0,0.0
0,last,shift,train,canonical,168,0.0,0.0,nan,nan,1.0,0.0,0.0,0.0,0.19999999999999996,0.0,0.0,0.0
0,last,shift,iid,paraphrase,24,0.0,0.0,nan,nan,1.0,0.0,0.0,0.0,0.20000000000000004,0.0,0.0,0.0
0,last,shift,topic,paraphrase,96,0.0,0.0,nan,nan,1.0,0.0,0.0,0.0,0.19999999999999998,0.0,0.0,0.0
0,last,shift,template,paraphrase,24,0.0,0.0,nan,nan,1.0,0.0,0.0,0.0,0.20000000000000004,0.0,0.0,0.0
0,last,shift,expression,paraphrase,24,0.0,0.0,nan,nan,1.0,0.0,0.0,0.0,0.20000000000000004,0.0,0.0,0.0
0,last,shift,joint,paraphrase,96,0.0,0.0,nan,nan,1.0,0.0,0.0,0.0,0.19999999999999998,0.0,0.0,0.0
0,last,lowrank,dev,canonical,48,0.0,0.0,nan,nan,1.0,0.0,0.0,0.0,0.19999999999999998,0.0,0.0,0.0
0,last,lowrank,expression,canonical,24,0.0,0.0,nan,nan,1.0,0.0,0.0,0.0,0.20000000000000004,0.0,0.0,0.0
0,last,lowrank,iid,canonical,24,0.0,0.0,nan,nan,1.0,0.0,0.0,0.0,0.20000000000000004,0.0,0.0,0.0
0,last,lowrank,joint,canonical,96,0.0,0.0,nan,nan,1.0,0.0,0.0,0.0,0.19999999999999998,0.0,0.0,0.0
0,last,lowrank,template,canonical,24,0.0,0.0,nan,nan,1.0,0.0,0.0,0.0,0.20000000000000004,0.0,0.0,0.0
0,last,lowrank,topic,canonical,96,0.0,0.0,nan,nan,1.0,0.0,0.0,0.0,0.19999999999999998,0.0,0.0,0.0
0,last,lowrank,train,canonical,168,0.0,0.0,nan,nan,1.0,0.0,0.0,0.0,0.19999999999999996,0.0,0.0,0.0
0,last,lowrank,iid,paraphrase,24,0.0,0.0,nan,nan,1.0,0.0,0.0,0.0,0.20000000000000004,0.0,0.0,0.0
0,last,lowrank,topic,paraphrase,96,0.0,0.0,nan,nan,1.0,0.0,0.0,0.0,0.19999999999999998,0.0,0.0,0.0
0,last,lowrank,template,paraphrase,24,0.0,0.0,nan,nan,1.0,0.0,0.0,0.0,0.20000000000000004,0.0,0.0,0.0
0,last,lowrank,expression,paraphrase,24,0.0,0.0,nan,nan,1.0,0.0,0.0,0.0,0.20000000000000004,0.0,0.0,0.0
0,last,lowrank,joint,paraphrase,96,0.0,0.0,nan,nan,1.0,0.0,0.0,0.0,0.19999999999999998,0.0,0.0,0.0
0,last,full_delta,dev,canonical,48,0.0,0.0,nan,nan,1.0,0.0,0.0,0.0,0.19999999999999998,0.0,0.0,0.0
0,last,full_delta,expression,canonical,24,0.0,0.0,nan,nan,1.0,0.0,0.0,0.0,0.20000000000000004,0.0,0.0,0.0
0,last,full_delta,iid,canonical,24,0.0,0.0,nan,nan,1.0,0.0,0.0,0.0,0.20000000000000004,0.0,0.0,0.0
0,last,full_delta,joint,canonical,96,0.0,0.0,nan,nan,1.0,0.0,0.0,0.0,0.19999999999999998,0.0,0.0,0.0
0,last,full_delta,template,canonical,24,0.0,0.0,nan,nan,1.0,0.0,0.0,0.0,0.20000000000000004,0.0,0.0,0.0
0,last,full_delta,topic,canonical,96,0.0,0.0,nan,nan,1.0,0.0,0.0,0.0,0.19999999999999998,0.0,0.0,0.0
0,last,full_delta,train,canonical,168,0.0,0.0,nan,nan,1.0,0.0,0.0,0.0,0.19999999999999996,0.0,0.0,0.0
0,last,full_delta,iid,paraphrase,24,0.0,0.0,nan,nan,1.0,0.0,0.0,0.0,0.20000000000000004,0.0,0.0,0.0
0,last,full_delta,topic,paraphrase,96,0.0,0.0,nan,nan,1.0,0.0,0.0,0.0,0.19999999999999998,0.0,0.0,0.0
0,last,full_delta,template,paraphrase,24,0.0,0.0,nan,nan,1.0,0.0,0.0,0.0,0.20000000000000004,0.0,0.0,0.0
0,last,full_delta,expression,paraphrase,24,0.0,0.0,nan,nan,1.0,0.0,0.0,0.0,0.20000000000000004,0.0,0.0,0.0
0,last,full_delta,joint,paraphrase,96,0.0,0.0,nan,nan,1.0,0.0,0.0,0.0,0.19999999999999998,0.0,0.0,0.0
0,last,full_affine,dev,canonical,48,0.0,0.0,nan,nan,1.0,0.0,0.0,0.0,0.19999999999999998,0.0,0.0,0.0
0,last,full_affine,expression,canonical,24,0.0,0.0,nan,nan,1.0,0.0,0.0,0.0,0.20000000000000004,0.0,0.0,0.0
0,last,full_affine,iid,canonical,24,0.0,0.0,nan,nan,1.0,0.0,0.0,0.0,0.20000000000000004,0.0,0.0,0.0
0,last,full_affine,joint,canonical,96,0.0,0.0,nan,nan,1.0,0.0,0.0,0.0,0.19999999999999998,0.0,0.0,0.0
0,last,full_affine,template,canonical,24,0.0,0.0,nan,nan,1.0,0.0,0.0,0.0,0.20000000000000004,0.0,0.0,0.0
0,last,full_affine,topic,canonical,96,0.0,0.0,nan,nan,1.0,0.0,0.0,0.0,0.19999999999999998,0.0,0.0,0.0
0,last,full_affine,train,canonical,168,0.0,0.0,nan,nan,1.0,0.0,0.0,0.0,0.19999999999999996,0.0,0.0,0.0
0,last,full_affine,iid,paraphrase,24,0.0,0.0,nan,nan,1.0,0.0,0.0,0.0,0.20000000000000004,0.0,0.0,0.0
0,last,full_affine,topic,paraphrase,96,0.0,0.0,nan,nan,1.0,0.0,0.0,0.0,0.19999999999999998,0.0,0.0,0.0
0,last,full_affine,template,paraphrase,24,0.0,0.0,nan,nan,1.0,0.0,0.0,0.0,0.20000000000000004,0.0,0.0,0.0
0,last,full_affine,expression,paraphrase,24,0.0,0.0,nan,nan,1.0,0.0,0.0,0.0,0.20000000000000004,0.0,0.0,0.0
0,last,full_affine,joint,paraphrase,96,0.0,0.0,nan,nan,1.0,0.0,0.0,0.0,0.19999999999999998,0.0,0.0,0.0
0,last,shuffled,dev,canonical,48,0.0,0.0,nan,nan,1.0,0.0,0.0,0.0,0.19999999999999998,0.0,0.0,0.0
0,last,shuffled,expression,canonical,24,0.0,0.0,nan,nan,1.0,0.0,0.0,0.0,0.20000000000000004,0.0,0.0,0.0
0,last,shuffled,iid,canonical,24,0.0,0.0,nan,nan,1.0,0.0,0.0,0.0,0.20000000000000004,0.0,0.0,0.0
0,last,shuffled,joint,canonical,96,0.0,0.0,nan,nan,1.0,0.0,0.0,0.0,0.19999999999999998,0.0,0.0,0.0
0,last,shuffled,template,canonical,24,0.0,0.0,nan,nan,1.0,0.0,0.0,0.0,0.20000000000000004,0.0,0.0,0.0
0,last,shuffled,topic,canonical,96,0.0,0.0,nan,nan,1.0,0.0,0.0,0.0,0.19999999999999998,0.0,0.0,0.0
0,last,shuffled,train,canonical,168,0.0,0.0,nan,nan,1.0,0.0,0.0,0.0,0.19999999999999996,0.0,0.0,0.0
0,last,shuffled,iid,paraphrase,24,0.0,0.0,nan,nan,1.0,0.0,0.0,0.0,0.20000000000000004,0.0,0.0,0.0
0,last,shuffled,topic,paraphrase,96,0.0,0.0,nan,nan,1.0,0.0,0.0,0.0,0.19999999999999998,0.0,0.0,0.0
0,last,shuffled,template,paraphrase,24,0.0,0.0,nan,nan,1.0,0.0,0.0,0.0,0.20000000000000004,0.0,0.0,0.0
0,last,shuffled,expression,paraphrase,24,0.0,0.0,nan,nan,1.0,0.0,0.0,0.0,0.20000000000000004,0.0,0.0,0.0
0,last,shuffled,joint,paraphrase,96,0.0,0.0,nan,nan,1.0,0.0,0.0,0.0,0.19999999999999998,0.0,0.0,0.0
0,last,random_subspace,dev,canonical,48,0.0,0.0,nan,nan,1.0,0.0,0.0,0.0,0.19999999999999998,0.0,0.0,0.0
0,last,random_subspace,expression,canonical,24,0.0,0.0,nan,nan,1.0,0.0,0.0,0.0,0.20000000000000004,0.0,0.0,0.0
0,last,random_subspace,iid,canonical,24,0.0,0.0,nan,nan,1.0,0.0,0.0,0.0,0.20000000000000004,0.0,0.0,0.0
0,last,random_subspace,joint,canonical,96,0.0,0.0,nan,nan,1.0,0.0,0.0,0.0,0.19999999999999998,0.0,0.0,0.0
0,last,random_subspace,template,canonical,24,0.0,0.0,nan,nan,1.0,0.0,0.0,0.0,0.20000000000000004,0.0,0.0,0.0
0,last,random_subspace,topic,canonical,96,0.0,0.0,nan,nan,1.0,0.0,0.0,0.0,0.19999999999999998,0.0,0.0,0.0
0,last,random_subspace,train,canonical,168,0.0,0.0,nan,nan,1.0,0.0,0.0,0.0,0.19999999999999996,0.0,0.0,0.0
0,last,random_subspace,iid,paraphrase,24,0.0,0.0,nan,nan,1.0,0.0,0.0,0.0,0.20000000000000004,0.0,0.0,0.0
0,last,random_subspace,topic,paraphrase,96,0.0,0.0,nan,nan,1.0,0.0,0.0,0.0,0.19999999999999998,0.0,0.0,0.0
0,last,random_subspace,template,paraphrase,24,0.0,0.0,nan,nan,1.0,0.0,0.0,0.0,0.20000000000000004,0.0,0.0,0.0
0,last,random_subspace,expression,paraphrase,24,0.0,0.0,nan,nan,1.0,0.0,0.0,0.0,0.20000000000000004,0.0,0.0,0.0
0,last,random_subspace,joint,paraphrase,96,0.0,0.0,nan,nan,1.0,0.0,0.0,0.0,0.19999999999999998,0.0,0.0,0.0
0,last,rank1,dev,canonical,48,0.0,0.0,nan,nan,1.0,0.0,0.0,0.0,0.19999999999999998,0.0,0.0,0.0
0,last,rank1,expression,canonical,24,0.0,0.0,nan,nan,1.0,0.0,0.0,0.0,0.20000000000000004,0.0,0.0,0.0
0,last,rank1,iid,canonical,24,0.0,0.0,nan,nan,1.0,0.0,0.0,0.0,0.20000000000000004,0.0,0.0,0.0
0,last,rank1,joint,canonical,96,0.0,0.0,nan,nan,1.0,0.0,0.0,0.0,0.19999999999999998,0.0,0.0,0.0
0,last,rank1,template,canonical,24,0.0,0.0,nan,nan,1.0,0.0,0.0,0.0,0.20000000000000004,0.0,0.0,0.0
0,last,rank1,topic,canonical,96,0.0,0.0,nan,nan,1.0,0.0,0.0,0.0,0.19999999999999998,0.0,0.0,0.0
0,last,rank1,train,canonical,168,0.0,0.0,nan,nan,1.0,0.0,0.0,0.0,0.19999999999999996,0.0,0.0,0.0
0,last,rank1,iid,paraphrase,24,0.0,0.0,nan,nan,1.0,0.0,0.0,0.0,0.20000000000000004,0.0,0.0,0.0
0,last,rank1,topic,paraphrase,96,0.0,0.0,nan,nan,1.0,0.0,0.0,0.0,0.19999999999999998,0.0,0.0,0.0
0,last,rank1,template,paraphrase,24,0.0,0.0,nan,nan,1.0,0.0,0.0,0.0,0.20000000000000004,0.0,0.0,0.0
0,last,rank1,expression,paraphrase,24,0.0,0.0,nan,nan,1.0,0.0,0.0,0.0,0.20000000000000004,0.0,0.0,0.0
0,last,rank1,joint,paraphrase,96,0.0,0.0,nan,nan,1.0,0.0,0.0,0.0,0.19999999999999998,0.0,0.0,0.0
0,last,rank2,dev,canonical,48,0.0,0.0,nan,nan,1.0,0.0,0.0,0.0,0.19999999999999998,0.0,0.0,0.0
0,last,rank2,expression,canonical,24,0.0,0.0,nan,nan,1.0,0.0,0.0,0.0,0.20000000000000004,0.0,0.0,0.0
0,last,rank2,iid,canonical,24,0.0,0.0,nan,nan,1.0,0.0,0.0,0.0,0.20000000000000004,0.0,0.0,0.0
0,last,rank2,joint,canonical,96,0.0,0.0,nan,nan,1.0,0.0,0.0,0.0,0.19999999999999998,0.0,0.0,0.0
0,last,rank2,template,canonical,24,0.0,0.0,nan,nan,1.0,0.0,0.0,0.0,0.20000000000000004,0.0,0.0,0.0
0,last,rank2,topic,canonical,96,0.0,0.0,nan,nan,1.0,0.0,0.0,0.0,0.19999999999999998,0.0,0.0,0.0
0,last,rank2,train,canonical,168,0.0,0.0,nan,nan,1.0,0.0,0.0,0.0,0.19999999999999996,0.0,0.0,0.0
0,last,rank2,iid,paraphrase,24,0.0,0.0,nan,nan,1.0,0.0,0.0,0.0,0.20000000000000004,0.0,0.0,0.0
0,last,rank2,topic,paraphrase,96,0.0,0.0,nan,nan,1.0,0.0,0.0,0.0,0.19999999999999998,0.0,0.0,0.0
0,last,rank2,template,paraphrase,24,0.0,0.0,nan,nan,1.0,0.0,0.0,0.0,0.20000000000000004,0.0,0.0,0.0
0,last,rank2,expression,paraphrase,24,0.0,0.0,nan,nan,1.0,0.0,0.0,0.0,0.20000000000000004,0.0,0.0,0.0
0,last,rank2,joint,paraphrase,96,0.0,0.0,nan,nan,1.0,0.0,0.0,0.0,0.19999999999999998,0.0,0.0,0.0
0,last,rank4,dev,canonical,48,0.0,0.0,nan,nan,1.0,0.0,0.0,0.0,0.19999999999999998,0.0,0.0,0.0
0,last,rank4,expression,canonical,24,0.0,0.0,nan,nan,1.0,0.0,0.0,0.0,0.20000000000000004,0.0,0.0,0.0
0,last,rank4,iid,canonical,24,0.0,0.0,nan,nan,1.0,0.0,0.0,0.0,0.20000000000000004,0.0,0.0,0.0
0,last,rank4,joint,canonical,96,0.0,0.0,nan,nan,1.0,0.0,0.0,0.0,0.19999999999999998,0.0,0.0,0.0
0,last,rank4,template,canonical,24,0.0,0.0,nan,nan,1.0,0.0,0.0,0.0,0.20000000000000004,0.0,0.0,0.0
0,last,rank4,topic,canonical,96,0.0,0.0,nan,nan,1.0,0.0,0.0,0.0,0.19999999999999998,0.0,0.0,0.0
0,last,rank4,train,canonical,168,0.0,0.0,nan,nan,1.0,0.0,0.0,0.0,0.19999999999999996,0.0,0.0,0.0
0,last,rank4,iid,paraphrase,24,0.0,0.0,nan,nan,1.0,0.0,0.0,0.0,0.20000000000000004,0.0,0.0,0.0
0,last,rank4,topic,paraphrase,96,0.0,0.0,nan,nan,1.0,0.0,0.0,0.0,0.19999999999999998,0.0,0.0,0.0
0,last,rank4,template,paraphrase,24,0.0,0.0,nan,nan,1.0,0.0,0.0,0.0,0.20000000000000004,0.0,0.0,0.0
0,last,rank4,expression,paraphrase,24,0.0,0.0,nan,nan,1.0,0.0,0.0,0.0,0.20000000000000004,0.0,0.0,0.0
0,last,rank4,joint,paraphrase,96,0.0,0.0,nan,nan,1.0,0.0,0.0,0.0,0.19999999999999998,0.0,0.0,0.0
0,last,rank8,dev,canonical,48,0.0,0.0,nan,nan,1.0,0.0,0.0,0.0,0.19999999999999998,0.0,0.0,0.0
0,last,rank8,expression,canonical,24,0.0,0.0,nan,nan,1.0,0.0,0.0,0.0,0.20000000000000004,0.0,0.0,0.0
0,last,rank8,iid,canonical,24,0.0,0.0,nan,nan,1.0,0.0,0.0,0.0,0.20000000000000004,0.0,0.0,0.0
0,last,rank8,joint,canonical,96,0.0,0.0,nan,nan,1.0,0.0,0.0,0.0,0.19999999999999998,0.0,0.0,0.0
0,last,rank8,template,canonical,24,0.0,0.0,nan,nan,1.0,0.0,0.0,0.0,0.20000000000000004,0.0,0.0,0.0
0,last,rank8,topic,canonical,96,0.0,0.0,nan,nan,1.0,0.0,0.0,0.0,0.19999999999999998,0.0,0.0,0.0
0,last,rank8,train,canonical,168,0.0,0.0,nan,nan,1.0,0.0,0.0,0.0,0.19999999999999996,0.0,0.0,0.0
0,last,rank8,iid,paraphrase,24,0.0,0.0,nan,nan,1.0,0.0,0.0,0.0,0.20000000000000004,0.0,0.0,0.0
0,last,rank8,topic,paraphrase,96,0.0,0.0,nan,nan,1.0,0.0,0.0,0.0,0.19999999999999998,0.0,0.0,0.0
0,last,rank8,template,paraphrase,24,0.0,0.0,nan,nan,1.0,0.0,0.0,0.0,0.20000000000000004,0.0,0.0,0.0
0,last,rank8,expression,paraphrase,24,0.0,0.0,nan,nan,1.0,0.0,0.0,0.0,0.20000000000000004,0.0,0.0,0.0
0,last,rank8,joint,paraphrase,96,0.0,0.0,nan,nan,1.0,0.0,0.0,0.0,0.19999999999999998,0.0,0.0,0.0
0,last,rank16,dev,canonical,48,0.0,0.0,nan,nan,1.0,0.0,0.0,0.0,0.19999999999999998,0.0,0.0,0.0
0,last,rank16,expression,canonical,24,0.0,0.0,nan,nan,1.0,0.0,0.0,0.0,0.20000000000000004,0.0,0.0,0.0
0,last,rank16,iid,canonical,24,0.0,0.0,nan,nan,1.0,0.0,0.0,0.0,0.20000000000000004,0.0,0.0,0.0
0,last,rank16,joint,canonical,96,0.0,0.0,nan,nan,1.0,0.0,0.0,0.0,0.19999999999999998,0.0,0.0,0.0
0,last,rank16,template,canonical,24,0.0,0.0,nan,nan,1.0,0.0,0.0,0.0,0.20000000000000004,0.0,0.0,0.0
0,last,rank16,topic,canonical,96,0.0,0.0,nan,nan,1.0,0.0,0.0,0.0,0.19999999999999998,0.0,0.0,0.0
0,last,rank16,train,canonical,168,0.0,0.0,nan,nan,1.0,0.0,0.0,0.0,0.19999999999999996,0.0,0.0,0.0
0,last,rank16,iid,paraphrase,24,0.0,0.0,nan,nan,1.0,0.0,0.0,0.0,0.20000000000000004,0.0,0.0,0.0
0,last,rank16,topic,paraphrase,96,0.0,0.0,nan,nan,1.0,0.0,0.0,0.0,0.19999999999999998,0.0,0.0,0.0
0,last,rank16,template,paraphrase,24,0.0,0.0,nan,nan,1.0,0.0,0.0,0.0,0.20000000000000004,0.0,0.0,0.0
0,last,rank16,expression,paraphrase,24,0.0,0.0,nan,nan,1.0,0.0,0.0,0.0,0.20000000000000004,0.0,0.0,0.0
0,last,rank16,joint,paraphrase,96,0.0,0.0,nan,nan,1.0,0.0,0.0,0.0,0.19999999999999998,0.0,0.0,0.0
0,last,rank32,dev,canonical,48,0.0,0.0,nan,nan,1.0,0.0,0.0,0.0,0.19999999999999998,0.0,0.0,0.0
0,last,rank32,expression,canonical,24,0.0,0.0,nan,nan,1.0,0.0,0.0,0.0,0.20000000000000004,0.0,0.0,0.0
0,last,rank32,iid,canonical,24,0.0,0.0,nan,nan,1.0,0.0,0.0,0.0,0.20000000000000004,0.0,0.0,0.0
0,last,rank32,joint,canonical,96,0.0,0.0,nan,nan,1.0,0.0,0.0,0.0,0.19999999999999998,0.0,0.0,0.0
0,last,rank32,template,canonical,24,0.0,0.0,nan,nan,1.0,0.0,0.0,0.0,0.20000000000000004,0.0,0.0,0.0
0,last,rank32,topic,canonical,96,0.0,0.0,nan,nan,1.0,0.0,0.0,0.0,0.19999999999999998,0.0,0.0,0.0
0,last,rank32,train,canonical,168,0.0,0.0,nan,nan,1.0,0.0,0.0,0.0,0.19999999999999996,0.0,0.0,0.0
0,last,rank32,iid,paraphrase,24,0.0,0.0,nan,nan,1.0,0.0,0.0,0.0,0.20000000000000004,0.0,0.0,0.0
0,last,rank32,topic,paraphrase,96,0.0,0.0,nan,nan,1.0,0.0,0.0,0.0,0.19999999999999998,0.0,0.0,0.0
0,last,rank32,template,paraphrase,24,0.0,0.0,nan,nan,1.0,0.0,0.0,0.0,0.20000000000000004,0.0,0.0,0.0
0,last,rank32,expression,paraphrase,24,0.0,0.0,nan,nan,1.0,0.0,0.0,0.0,0.20000000000000004,0.0,0.0,0.0
0,last,rank32,joint,paraphrase,96,0.0,0.0,nan,nan,1.0,0.0,0.0,0.0,0.19999999999999998,0.0,0.0,0.0
0,mean,identity,dev,canonical,48,6.699968855527166e-06,0.0,0.0,0.0,0.9044011521617478,0.0,0.0,0.0,0.5,0.0,0.0,0.0
0,mean,identity,expression,canonical,24,6.617515117095302e-06,0.0,0.0,0.0,0.8992706384392223,0.0,0.0,0.0,0.5,0.0,0.0,0.0
0,mean,identity,iid,canonical,24,7.4662002014447134e-06,0.0,0.0,0.0,0.8957512207583344,0.0,0.0,0.0,0.5,0.0,0.0,0.0
0,mean,identity,joint,canonical,96,5.72854210309506e-06,0.0,0.0,0.0,0.9103309691933347,0.0,0.0,0.0,0.5,0.0,0.0,0.0
0,mean,identity,template,canonical,24,5.693099051431195e-06,0.0,0.0,0.0,0.918118254224242,0.0,0.0,0.0,0.5,0.0,0.0,0.0
0,mean,identity,topic,canonical,96,6.592156399361127e-06,0.0,0.0,0.0,0.9031461211683635,0.0,0.0,0.0,0.5,0.0,0.0,0.0
0,mean,identity,train,canonical,168,7.272638090467472e-06,0.0,0.0,0.0,0.8985889792388871,0.0,0.0,0.0,0.49900793650793657,0.0,0.0,0.0
0,mean,identity,iid,paraphrase,24,7.657324668042698e-06,0.0,0.0,0.0,0.8898298909144389,0.0,0.0,0.0,0.5,0.0,0.0,0.0
0,mean,identity,topic,paraphrase,96,6.751323492569548e-06,0.0,0.0,0.0,0.8977548332246199,0.0,0.0,0.0,0.5,0.0,0.0,0.0
0,mean,identity,template,paraphrase,24,8.785975012773465e-06,0.0,0.0,0.0,0.8727594858468065,0.0,0.0,0.0,0.5,0.0,0.0,0.0
0,mean,identity,expression,paraphrase,24,8.762943251808297e-06,0.0,0.0,0.0,0.8611705805995716,0.0,0.0,0.0,0.4930555555555555,0.0,0.0,0.0
0,mean,identity,joint,paraphrase,96,7.596417004700389e-06,0.0,0.0,0.0,0.8759862778080821,0.0,0.0,0.0,0.5,0.0,0.0,0.0
0,mean,shift,dev,canonical,48,5.905517666236125e-07,6.427828152534023e-09,0.9118575355560893,0.0009593817958170446,0.9921057724408783,0.0001399639545153099,1.0,0.0,1.0,0.0,1.0,0.0
0,mean,shift,expression,canonical,24,1.1855195534166137e-05,1.1809616991602747e-07,-0.7914874880361236,0.01784599926503305,0.8112061726090437,0.001664551103417098,0.0,0.0,0.4861111111111111,0.0,0.0,0.0
0,mean,shift,iid,canonical,24,5.65588788216863e-07,1.9494348228620924e-09,0.9242467690449258,0.0002611013327080093,0.993366836298636,2.0691319731888266e-05,1.0,0.0,1.0,0.0,1.0,0.0
0,mean,shift,joint,canonical,96,1.1252480362127733e-05,1.2111496217997317e-07,-0.9642834354046483,0.02114237095587307,0.8195594915675374,0.0016951316155430357,0.0,0.0,0.5,0.0,0.0,0.0
0,mean,shift,template,canonical,24,4.111571721999333e-07,1.4369654791810872e-08,0.9277797262114081,0.00252404791520333,0.9943081441580017,0.00024053962387848594,1.0,0.0,1.0,0.0,1.0,0.0
0,mean,shift,topic,canonical,96,7.080876246362645e-07,9.604056342947291e-09,0.8925863432632016,0.0014568914572290648,0.9900187887548763,0.00018401459352166257,1.0,0.0,1.0,0.0,1.0,0.0
0,mean,shift,train,canonical,168,6.362791924080689e-07,1.2316840360633923e-09,0.9125105381990526,0.00016935863172926348,0.9919177943320671,5.680009332483693e-05,0.9880952380952381,0.0,0.9940476190476191,0.0,0.9880952380952381,0.0
0,mean,shift,iid,paraphrase,24,7.982474596307057e-06,7.093226085503986e-08,-0.04246260180417175,0.009263321581631588,0.8869030927904147,0.0008612546519218294,0.20833333333333334,0.0,0.6041666666666666,0.0,0.20833333333333334,0.0
0,mean,shift,topic,paraphrase,96,7.615630314649685e-06,7.456266684516116e-08,-0.12802035379157686,0.011044155553681212,0.8866476111347571,0.000930832196017835,0.3854166666666667,0.0,0.6927083333333334,0.0,0.3854166666666667,0.0
0,mean,shift,template,paraphrase,24,6.1720228362764866e-06,4.4144390470135685e-08,0.2975141828535469,0.00502441566314,0.9095793281452652,0.0006223754990917815,0.75,0.0,0.875,0.0,0.75,0.0
0,mean,shift,expression,paraphrase,24,1.4226301228104866e-05,1.215879453092142e-07,-0.6234615264875947,0.013875240523111225,0.7789600185302076,0.001514952543051086,0.0,0.0,0.4930555555555555,0.0,0.0,0.0
0,mean,shift,joint,paraphrase,96,1.2137861282717066e-05,1.1435701213348841e-07,-0.5978403075037344,0.015054072474263604,0.7935255954407753,0.0016682574624364596,0.0,0.0,0.5,0.0,0.0,0.0
0,mean,lowrank,dev,canonical,48,1.905152917996061e-07,1.2091384937468317e-07,0.9715647496417182,0.018046927080106478,0.9973619982888616,0.0017389736480532508,0.9791666666666666,0.020833333333333315,0.9895833333333334,0.010416666666666685,0.9791666666666666,0.020833333333333315
0,mean,lowrank,expression,canonical,24,1.2330968721178983e-05,1.427190580410459e-07,-0.8633835364159393,0.02156686543448221,0.8129461352078234,0.0018824640677513227,0.0,0.0,0.4791666666666667,0.0,0.0,0.0
0,mean,lowrank,iid,canonical,24,6.532807545008268e-08,2.959300882908082e-09,0.9912501575517032,0.0003963597014630449,0.9992435227155158,4.9463857224041626e-05,1.0,0.0,1.0,0.0,1.0,0.0
0,mean,lowrank,joint,canonical,96,1.1368233395954165e-05,1.569874171806265e-08,-0.9844898041007765,0.002740442757605115,0.8204433852976601,0.00033921720394263253,0.0,0.0,0.5,0.0,0.0,0.0
0,mean,lowrank,template,canonical,24,8.285828087622989e-08,3.311433189953996e-09,0.985445838878317,0.0005816573996058639,0.9989087227455236,4.6565729111597004e-05,1.0,0.0,1.0,0.0,1.0,0.0
0,mean,lowrank,topic,canonical,96,1.9451815344686853e-07,4.966302208423931e-08,0.9704924850591045,0.007533653492968171,0.9973929435362843,0.0007277327921948541,1.0,0.0,1.0,0.0,1.0,0.0
0,mean,lowrank,train,canonical,168,6.189508779701417e-08,2.416647107278659e-08,0.9914893210651933,0.003322930520145487,0.9992283778681824,0.0003077782425484216,0.996031746031746,0.0034366087451763315,0.998015873015873,0.0017183043725881658,0.996031746031746,0.0034366087451763315
0,mean,lowrank,iid,paraphrase,24,7.401417278835769e-06,1.5433606091392256e-08,0.03341994760584462,0.002015535028285164,0.8991721356443358,0.00044363410572825806,0.013888888888888888,0.024056261216234408,0.5069444444444445,0.012028130608117225,0.013888888888888888,0.024056261216234408
0,mean,lowrank,topic,paraphrase,96,6.783264353938306e-06,6.667367850009011e-08,-0.004731051830639192,0.00987564565280726,0.9009757590664264,0.0009558671995029898,0.06597222222222222,0.01591172116304111,0.532986111111111,0.00795586058152055,0.06597222222222222,0.01591172116304111
0,mean,lowrank,template,paraphrase,24,5.613068483930649e-06,1.0481390571057485e-08,0.3611331154743662,0.0011929684020064988,0.9191965043704449,0.0002133355786765422,1.0,0.0,1.0,0.0,1.0,0.0
0,mean,lowrank,expression,paraphrase,24,1.4313276956608773e-05,1.4652015562260212e-07,-0.6333869278059201,0.016720427305331055,0.7871189556217466,0.0018177993685664928,0.0,0.0,0.4930555555555555,0.0,0.0,0.0
0,mean,lowrank,joint,paraphrase,96,1.2383502767642189e-05,2.227648517962484e-08,-0.6301768004547044,0.0029324989881204513,0.7928574690460094,0.0002572337706203809,0.0,0.0,0.5,0.0,0.0,0.0
0,mean,full_delta,dev,canonical,48,1.6797077844648992e-07,1.2169960563635953e-07,0.9749296180223403,0.018164204679244622,0.9976380758451692,0.0017459147140670758,0.9722222222222223,0.024056261216234387,0.986111111111111,0.012028130608117226,0.9722222222222223,0.024056261216234387
0,mean,full_delta,expression,canonical,24,1.2478689116459584e-05,1.3500361122331013e-07,-0.8857061745462231,0.020400952447324105,0.8124604309910218,0.0018238138484218127,0.0,0.0,0.4791666666666667,0.0,0.0,0.0
0,mean,full_delta,iid,canonical,24,3.06607761058849e-08,3.71257658511525e-09,0.9958933895048846,0.0004972511431446566,0.9996400293785247,4.13406455184003e-05,1.0,0.0,1.0,0.0,1.0,0.0
0,mean,full_delta,joint,canonical,96,1.1418552923462961e-05,1.641024457497243e-08,-0.9932738064879819,0.002864645887145769,0.8202391790263373,0.000313098185609862,0.0,0.0,0.5,0.0,0.0,0.0
0,mean,full_delta,template,canonical,24,6.428756672718299e-08,2.5643762702887434e-09,0.9887078081469491,0.00045043591322098874,0.9991236815374269,3.857644451901777e-05,1.0,0.0,1.0,0.0,1.0,0.0
0,mean,full_delta,topic,canonical,96,1.8436285935085954e-07,5.091681729238494e-08,0.9720329967643475,0.007723848496270451,0.9974967216575807,0.0007532694122951609,1.0,0.0,1.0,0.0,1.0,0.0
0,mean,full_delta,train,canonical,168,4.214579267997606e-08,2.5589637835968764e-08,0.9942048824435225,0.003518618349716863,0.9994682004330131,0.00032458497988834846,0.996031746031746,0.0034366087451763315,0.998015873015873,0.0017183043725881658,0.996031746031746,0.0034366087451763315
0,mean,full_delta,iid,paraphrase,24,7.377288560617053e-06,8.94139684774947e-09,0.036571011360450156,0.0011676920119458789,0.9006621253562636,0.000423535654035852,0.027777777777777776,0.024056261216234408,0.513888888888889,0.012028130608117226,0.027777777777777776,0.024056261216234408
0,mean,full_delta,topic,paraphrase,96,6.77836857319113e-06,7.23851626853067e-08,-0.004005893163221604,0.01072162558422406,0.9013636305628204,0.0009958751153192832,0.0625,0.010416666666666668,0.53125,0.00520833333333337,0.0625,0.010416666666666668
0,mean,full_delta,template,paraphrase,24,5.550262220626689e-06,1.1033034201014902e-08,0.3682815837106917,0.0012557552445772377,0.9204590596915816,0.0002077364402427498,1.0,0.0,1.0,0.0,1.0,0.0
0,mean,full_delta,expression,paraphrase,24,1.4488247701463081e-05,1.4714500614507952e-07,-0.6533540484212682,0.016791733315711533,0.7867189419878521,0.0017991931997770444,0.0,0.0,0.4907407407407407,0.004009376869372387,0.0,0.0
0,mean,full_delta,joint,paraphrase,96,1.2438003656159636e-05,2.3746976904394567e-08,-0.6373513524156781,0.003126076002633929,0.7926854209243238,0.00032821390216216837,0.0,0.0,0.5,0.0,0.0,0.0
0,mean,full_affine,dev,canonical,48,1.1971230166742795e-06,8.028008736593671e-08,0.8213240923222042,0.011982158290140342,0.9820213236508732,0.001612300430744386,1.0,0.0,1.0,0.0,1.0,0.0
0,mean,full_affine,expression,canonical,24,1.2847839536045645e-05,6.886295701804358e-08,-0.9414900168275079,0.010406165426074646,0.8018016101890434,0.003730904214886193,0.0,0.0,0.48148148148148145,0.004009376869372387,0.0,0.0
0,mean,full_affine,iid,canonical,24,8.99337608393936e-07,4.1910949642177283e-07,0.8795454737176867,0.056134243003646576,0.9866925373360503,0.005655445693220549,1.0,0.0,1.0,0.0,1.0,0.0
0,mean,full_affine,joint,canonical,96,1.6090451094200517e-05,3.2375550116035256e-08,-1.8088213029816165,0.00565162122113825,0.7034627913192416,0.0006484867023719989,0.0,0.0,0.4947916666666667,0.0,0.0,0.0
0,mean,full_affine,template,canonical,24,4.2315490688329635e-06,1.7476927979432812e-07,0.2567230904283686,0.03069844353935712,0.9375053075430229,0.002383299177151553,1.0,0.0,1.0,0.0,1.0,0.0
0,mean,full_affine,topic,canonical,96,9.376642807236406e-06,3.599921225933946e-08,-0.4223938631287835,0.005460915985371365,0.8509739056805675,0.0006741088487475246,1.0,0.0,1.0,0.0,1.0,0.0
0,mean,full_affine,train,canonical,168,5.237468175652867e-07,8.212757680417273e-08,0.9279839294833353,0.011292680287751515,0.9922562111257327,0.0010713788668959637,0.998015873015873,0.0034366087451763315,0.9990079365079364,0.0017183043725881658,1.0,0.0
0,mean,full_affine,iid,paraphrase,24,5.1061380307118315e-06,4.6705823576574246e-07,0.33316944859058456,0.06099496312530368,0.9265506473522845,0.007031391213365873,1.0,0.0,1.0,0.0,1.0,0.0
0,mean,full_affine,topic,paraphrase,96,1.3025633899348238e-05,5.7965416027858944e-08,-0.9293452481849146,0.008585785600653675,0.7843797402522327,0.0012984683494840434,0.9895833333333334,0.0,0.9947916666666666,0.0,1.0,0.0
0,mean,full_affine,template,paraphrase,24,6.09237592036632e-06,2.634015823527983e-07,0.30657941645532377,0.029979778222662012,0.9093021005964074,0.003749401762388761,0.9861111111111112,0.024056261216234387,0.9930555555555555,0.012028130608117225,1.0,0.0
0,mean,full_affine,expression,paraphrase,24,1.4065278085238566e-05,7.461204127004921e-08,-0.6050860631028385,0.008514495544023101,0.7765733199105173,0.004652411590284922,0.0,0.0,0.4791666666666667,0.0,0.0,0.0
0,mean,full_affine,joint,paraphrase,96,1.5582988116910347e-05,2.965942489391604e-08,-1.0513602804148527,0.00390439662219235,0.6955497765967151,0.0005133316692946001,0.0,0.0,0.49074074074074076,0.0010023442173431288,0.0,0.0
0,mean,shuffled,dev,canonical,48,2.0711574815205175e-05,1.171419834303398e-06,-2.091294192825849,0.17483959396871385,0.6920784943783795,0.010846437208695891,0.7847222222222222,0.060140653040585995,0.8842592592592592,0.03425613098830729,0.986111111111111,0.012028130608117226
0,mean,shuffled,expression,canonical,24,2.487287685019224e-05,1.1258508190149193e-06,-2.758642996664579,0.17013196027410077,0.5886791184709406,0.008197159202862344,0.027777777777777776,0.024056261216234408,0.4282407407407407,0.03131423439460343,0.1527777777777778,0.04811252243246882
0,mean,shuffled,iid,canonical,24,2.4892765236256772e-05,1.2022273637639241e-06,-2.3340607758468637,0.1610226529327854,0.6479656897703,0.004499205995505843,0.7916666666666666,0.041666666666666685,0.8842592592592591,0.01747646860016377,1.0,0.0
0,mean,shuffled,joint,canonical,96,1.6779348046717267e-05,4.4468397698138736e-07,-1.9290782444719385,0.07762602927211279,0.7296036420396498,0.0006537361058926239,0.0,0.0,0.484375,0.006553675725061407,0.0,0.0
0,mean,shuffled,template,canonical,24,1.7320613432314134e-05,2.0157084871384628e-06,-2.0423875073734905,0.3540617278794282,0.7501870732140156,0.021508401035922196,0.8888888888888888,0.048112522432468774,0.9444444444444445,0.024056261216234453,1.0,0.0
0,mean,shuffled,topic,canonical,96,1.121850686606923e-05,3.064903675639564e-07,-0.7017962236388176,0.046493188115752156,0.8299860124535581,0.0026916060619300145,0.9965277777777778,0.00601406530405858,0.9982638888888888,0.0030070326520293222,1.0,0.0
0,mean,shuffled,train,canonical,168,2.1956002873120844e-05,5.11054132122978e-07,-2.0189874155706207,0.07027080486692114,0.6704022965432372,0.003185993960955033,0.8273809523809522,0.0472455591261534,0.9047619047619048,0.028701341550574272,1.0,0.0
0,mean,shuffled,iid,paraphrase,24,3.272874912457289e-05,1.7190201320344562e-06,-3.274175452056252,0.22449356747385513,0.5464744478017337,0.006388310446395877,0.027777777777777776,0.048112522432468816,0.44328703703703703,0.016671488500028555,0.027777777777777776,0.048112522432468816
0,mean,shuffled,topic,paraphrase,96,1.8629206655818327e-05,8.934014688079617e-07,-1.7593414352491745,0.1323298268541319,0.7240985508434369,0.00534933121974232,0.09375,0.02083333333333333,0.5393518518518517,0.007828558598650856,0.09375,0.02083333333333333
0,mean,shuffled,template,paraphrase,24,2.464859272657171e-05,1.9939641176822e-06,-1.805447624280336,0.22694853044577076,0.6383070166205426,0.019379270951198325,0.05555555555555555,0.024056261216234408,0.4611111111111111,0.025354355921567637,0.08333333333333333,0.04166666666666667
0,mean,shuffled,expression,paraphrase,24,2.6061118227284675e-05,1.3863905037000136e-06,-1.9740142642036134,0.1582105993227699,0.5807601937786536,0.00664952598096192,0.06944444444444443,0.06364688465216445,0.5143518518518518,0.03378123078719813,0.1111111111111111,0.08673608331108888
0,mean,shuffled,joint,paraphrase,96,1.7356031831732323e-05,1.0366372339196773e-06,-1.2847655442023571,0.13646397153792938,0.7086771503608728,0.005345042967161061,0.0,0.0,0.49508101851851855,0.007069902617401955,0.0,0.0
0,mean,random_subspace,dev,canonical,48,5.867623626006786e-07,7.612939619339278e-09,0.9124231208751624,0.0011362649265241303,0.9921506043218028,0.00015557446851042597,1.0,0.0,1.0,0.0,1.0,0.0
0,mean,random_subspace,expression,canonical,24,1.186232976824604e-05,1.1838634772684834e-07,-0.7925655715695444,0.017889849230720463,0.8111946236429972,0.0016796680366672337,0.0,0.0,0.4861111111111111,0.0,0.0,0.0
0,mean,random_subspace,iid,canonical,24,5.61092091432472e-07,1.4079370878198975e-09,0.9248490428472705,0.000188574783669407,0.9934141773563264,3.09479881162932e-05,1.0,0.0,1.0,0.0,1.0,0.0
0,mean,random_subspace,joint,canonical,96,1.125313409871945e-05,1.2200272663237502e-07,-0.9643975545958755,0.021297343099993742,0.8195764368440593,0.0017077890896027269,0.0,0.0,0.5,0.0,0.0,0.0
0,mean,random_subspace,template,canonical,24,4.081778840905235e-07,1.4702660584088806e-08,0.9283030419103789,0.0025825408009356042,0.9943460674628798,0.00024611785768936204,1.0,0.0,1.0,0.0,1.0,0.0
0,mean,random_subspace,topic,canonical,96,7.038237779902143e-07,1.0356153155598426e-08,0.8932331493138687,0.0015709811066681877,0.9900786672349989,0.00019427975818940804,1.0,0.0,1.0,0.0,1.0,0.0
0,mean,random_subspace,train,canonical,168,6.312490388955231e-07,1.4910066429437465e-09,0.913202192788484,0.00020501592742504688,0.9919757186189678,6.805247005891287e-05,0.9880952380952381,0.0,0.9940476190476191,0.0,0.9880952380952381,0.0
0,mean,random_subspace,iid,paraphrase,24,7.977705281795783e-06,7.210126371832643e-08,-0.04183975835452965,0.009415986241152334,0.8870156655470027,0.0008816398456544576,0.20833333333333334,0.0,0.6041666666666666,0.0,0.20833333333333334,0.0
0,mean,random_subspace,topic,paraphrase,96,7.609040038548129e-06,7.653301359617608e-08,-0.12704420798715646,0.01133600155294105,0.8867702665334486,0.0009665706652938513,0.3854166666666667,0.0,0.6927083333333334,0.0,0.3854166666666667,0.0
0,mean,random_subspace,template,paraphrase,24,6.165898359985718e-06,4.505511173621669e-08,0.29821125702936285,0.005128071918109651,0.9096842988296988,0.0006345205296080434,0.75,0.0,0.875,0.0,0.75,0.0
0,mean,random_subspace,expression,paraphrase,24,1.4229490158328011e-05,1.2458477720083166e-07,-0.6238254373485359,0.014217229716182727,0.7790316628985666,0.0015692153415547338,0.0,0.0,0.4930555555555555,0.0,0.0,0.0
0,mean,random_subspace,joint,paraphrase,96,1.2138942906681692e-05,1.1488637099618116e-07,-0.5979826935738983,0.015123757809121518,0.7935397372083076,0.0016723191215699041,0.0,0.0,0.5,0.0,0.0,0.0
0,mean,rank1,dev,canonical,48,4.341079114619214e-07,1.410342323373564e-08,0.9352074732252221,0.002104998327283422,0.994384221386337,0.00021054736279832833,0.9930555555555555,0.012028130608117225,0.9965277777777778,0.006014065304058581,0.9930555555555555,0.012028130608117225
0,mean,rank1,expression,canonical,24,1.1736117464635955e-05,1.0342241913452362e-07,-0.7734931098710384,0.015628588269839896,0.8138477634284094,0.0019843357348358296,0.0,0.0,0.4861111111111111,0.0,0.0,0.0
0,mean,rank1,iid,canonical,24,3.1894560589137843e-07,2.193085071095664e-08,0.9572814018796786,0.0029373510111225147,0.9965988975379343,0.0003743601291133319,0.9861111111111112,0.024056261216234387,0.9930555555555555,0.012028130608117225,0.9861111111111112,0.024056261216234387
0,mean,rank1,joint,canonical,96,1.1123864498875598e-05,1.3499219816437704e-07,-0.941831673518732,0.023564843503802255,0.821654368073914,0.0020471811667826163,0.0,0.0,0.5,0.0,0.0,0.0
0,mean,rank1,template,canonical,24,2.163864111726038e-07,5.404103130583567e-09,0.9619914550550098,0.00094923750346919,0.9972447273166005,0.0001056120259412325,1.0,0.0,1.0,0.0,1.0,0.0
0,mean,rank1,topic,canonical,96,3.30622027659155e-07,3.7785626900402414e-08,0.9498461493281324,0.005731906922606419,0.9957119624963364,0.0007048039417851937,0.9965277777777778,0.006014065304058581,0.9982638888888888,0.0030070326520293222,0.9965277777777778,0.006014065304058581
0,mean,rank1,train,canonical,168,3.4536497439705745e-07,1.354882331412387e-08,0.9525117336926554,0.0018629860506716187,0.995995053493098,0.00032216779366338506,0.9821428571428572,0.020619652471058052,0.9910714285714285,0.01030982623552906,0.9821428571428572,0.020619652471058052
0,mean,rank1,iid,paraphrase,24,7.690757421018933e-06,7.987116251543474e-08,-0.004366114070592397,0.010430687737294372,0.8909507152857006,0.0010772050693906433,0.027777777777777776,0.048112522432468816,0.5138888888888888,0.024056261216234387,0.027777777777777776,0.048112522432468816
0,mean,rank1,topic,paraphrase,96,7.075810524980727e-06,7.698801860729545e-08,-0.04806272914759709,0.011403396488411228,0.8947886249713327,0.0011009247003158334,0.1076388888888889,0.08859271404286857,0.5538194444444445,0.044296357021434245,0.1076388888888889,0.08859271404286857
0,mean,rank1,template,paraphrase,24,5.9170297064477275e-06,3.4250075812966116e-08,0.3265369298404252,0.0038982669269115736,0.9136268728491405,0.0004977447675313825,0.9722222222222223,0.024056261216234387,0.986111111111111,0.012028130608117226,0.9722222222222223,0.024056261216234387
0,mean,rank1,expression,paraphrase,24,1.3844206362489437e-05,2.303541265113262e-07,-0.5798580413758337,0.02628730095493783,0.7850469765448453,0.0035263051999841538,0.0,0.0,0.4930555555555555,0.0,0.0,0.0
0,mean,rank1,joint,paraphrase,96,1.1996120361363568e-05,9.26080952694409e-08,-0.5791813895868015,0.012191023111571945,0.7958127779016788,0.001502415021631426,0.0,0.0,0.5,0.0,0.0,0.0
0,mean,rank2,dev,canonical,48,3.363084794353409e-07,5.582415214506007e-09,0.9498044712315488,0.0008332001737442039,0.9958585246266826,8.991733255558988e-05,1.0,0.0,1.0,0.0,1.0,0.0
0,mean,rank2,expression,canonical,24,1.1666875716553302e-05,5.15851153392876e-08,-0.763029703765055,0.007795239516117696,0.8154435320250005,0.000782418436195106,0.0,0.0,0.4791666666666667,0.0,0.0,0.0
0,mean,rank2,iid,canonical,24,1.7463405948180235e-07,4.551112179955487e-09,0.976610048649913,0.0006095620338542125,0.9984951777034308,7.194640164605227e-05,1.0,0.0,1.0,0.0,1.0,0.0
0,mean,rank2,joint,canonical,96,1.1100500633224523e-05,8.268506595032525e-09,-0.9377531723520128,0.0014433875925543966,0.821820953431934,0.0001691377608127011,0.0,0.0,0.5,0.0,0.0,0.0
0,mean,rank2,template,canonical,24,1.3892091562795432e-07,1.1039903609984444e-09,0.9755983666588356,0.000193917293731413,0.9985178276481838,1.874001642978059e-05,1.0,0.0,1.0,0.0,1.0,0.0
0,mean,rank2,topic,canonical,96,2.0655692382235165e-07,3.5122500218480036e-09,0.9686662586096455,0.0005327922775297363,0.9976255891570599,7.123531717751444e-05,1.0,0.0,1.0,0.0,1.0,0.0
0,mean,rank2,train,canonical,168,1.9221720129370967e-07,9.74387246393592e-10,0.973569810720314,0.00013397988931565158,0.9981734656189502,2.016242899017978e-05,0.996031746031746,0.0034366087451763315,0.998015873015873,0.0017183043725881658,0.996031746031746,0.0034366087451763315
0,mean,rank2,iid,paraphrase,24,7.485567567208574e-06,1.09514085669578e-08,0.022430432073872963,0.0014301873097614184,0.8943652143072497,0.00012387898482100817,0.027777777777777776,0.024056261216234408,0.513888888888889,0.012028130608117226,0.027777777777777776,0.024056261216234408
0,mean,rank2,topic,paraphrase,96,6.7751777441499e-06,2.0174637032696766e-08,-0.0035332704182530574,0.002988249201049379,0.8993022015967016,0.00027421239255541707,0.03472222222222222,0.0060140653040586,0.5173611111111112,0.0030070326520293222,0.03472222222222222,0.0060140653040586
0,mean,rank2,template,paraphrase,24,5.813891443633611e-06,3.622550950588328e-09,0.3382758959385724,0.0004123106365909083,0.9153152813368327,4.268670281185037e-05,1.0,0.0,1.0,0.0,1.0,0.0
0,mean,rank2,expression,paraphrase,24,1.345974686127318e-05,5.03738621227004e-08,-0.5359847113577582,0.0057485094534082655,0.7900317460711959,0.0007568028105561258,0.0,0.0,0.4930555555555555,0.0,0.0,0.0
0,mean,rank2,joint,paraphrase,96,1.2086529757140994e-05,2.5731877460584765e-08,-0.5910829736785496,0.0033873703148026594,0.7944402243342562,0.00046035761779911086,0.0,0.0,0.5,0.0,0.0,0.0
0,mean,rank4,dev,canonical,48,2.66563634247575e-07,1.0171587563352849e-07,0.9602141980066561,0.015181544545482125,0.9967574748023074,0.0015285064919582261,1.0,0.0,1.0,0.0,1.0,0.0
0,mean,rank4,expression,canonical,24,1.1801185347791624e-05,1.0126598157311845e-07,-0.7833257860348715,0.01530272009677988,0.8143513173874419,0.0017281549498764305,0.0,0.0,0.4791666666666667,0.0,0.0,0.0
0,mean,rank4,iid,canonical,24,1.635547310469237e-07,2.62693773300296e-09,0.9780939799852573,0.00035184399857031103,0.9985220726146178,7.063837085623057e-05,1.0,0.0,1.0,0.0,1.0,0.0
0,mean,rank4,joint,canonical,96,1.1153017316601669e-05,1.1269536354987399e-08,-0.9469207201210637,0.001967260806008253,0.8215357435928339,0.0002104303213990536,0.0,0.0,0.5,0.0,0.0,0.0
0,mean,rank4,template,canonical,24,1.3197202100805447e-07,4.474578759286541e-09,0.9768189487279555,0.0007859653799913481,0.9985363818908533,4.660228216303799e-05,1.0,0.0,1.0,0.0,1.0,0.0
0,mean,rank4,topic,canonical,96,2.279942876639764e-07,5.2430981907219474e-08,0.9654143084824153,0.007953540348693902,0.9972237407711305,0.000762211323996223,1.0,0.0,1.0,0.0,1.0,0.0
0,mean,rank4,train,canonical,168,1.614924636947746e-07,2.0331493147060216e-08,0.9777945139458474,0.002795614589114439,0.9984245375724017,0.00030526112245759417,1.0,0.0,1.0,0.0,1.0,0.0
0,mean,rank4,iid,paraphrase,24,7.468610647389197e-06,7.257492295161487e-09,0.02464490260431107,0.0009477843254381075,0.8950368101622984,5.5704671755352144e-05,0.027777777777777776,0.024056261216234408,0.513888888888889,0.012028130608117226,0.027777777777777776,0.024056261216234408
0,mean,rank4,topic,paraphrase,96,6.8008963052772805e-06,7.501572119744782e-08,-0.007342680699908992,0.01111126155930906,0.8992185348653016,0.0011919161092679555,0.03819444444444445,0.012028130608117206,0.5190972222222222,0.00601406530405858,0.03819444444444445,0.012028130608117206
0,mean,rank4,template,paraphrase,24,5.778415638292151e-06,4.353883118762063e-09,0.342313672655429,0.0004955492261737789,0.9159553279416693,9.168910112203323e-05,1.0,0.0,1.0,0.0,1.0,0.0
0,mean,rank4,expression,paraphrase,24,1.3618855196605293e-05,1.0131512834912e-07,-0.5541416628248667,0.011561769309439843,0.7889064315777689,0.0016814761879475055,0.0,0.0,0.4930555555555555,0.0,0.0,0.0
0,mean,rank4,joint,paraphrase,96,1.2138403703493701e-05,4.737834064025621e-08,-0.5979117123221245,0.006236932571097712,0.7942012006154359,0.0005445921267272354,0.0,0.0,0.5,0.0,0.0,0.0
0,mean,rank8,dev,canonical,48,2.3915343463662624e-07,1.1154050240438443e-07,0.9643052915926115,0.01664791356639945,0.9969438784528813,0.0016427966778734427,1.0,0.0,1.0,0.0,1.0,0.0
0,mean,rank8,expression,canonical,24,1.1966588224686996e-05,1.1105646289628604e-07,-0.80832049688458,0.016782200105503235,0.8138206311636974,0.0017849419567782425,0.0,0.0,0.4791666666666667,0.0,0.0,0.0
0,mean,rank8,iid,canonical,24,1.4008320661944142e-07,5.7151343574510345e-09,0.9812376841177746,0.0007654676010891257,0.9986280722081738,9.288716148209143e-05,1.0,0.0,1.0,0.0,1.0,0.0
0,mean,rank8,joint,canonical,96,1.1216328743524206e-05,1.5048135962554656e-08,-0.957972646734003,0.002626870099187125,0.8211569936786995,0.00029560785616151243,0.0,0.0,0.5,0.0,0.0,0.0
0,mean,rank8,template,canonical,24,1.1841360369788434e-07,4.625608796883542e-09,0.9792005017604399,0.0008124939958177854,0.9985992520422937,4.5904758355373635e-05,1.0,0.0,1.0,0.0,1.0,0.0
0,mean,rank8,topic,canonical,96,2.2087755596473368e-07,4.848488211241025e-08,0.9664938841581275,0.007354935043274943,0.9972199917109563,0.0007262850794594412,1.0,0.0,1.0,0.0,1.0,0.0
0,mean,rank8,train,canonical,168,1.3055585352047953e-07,2.0558246808196844e-08,0.9820483500077359,0.002826793599855221,0.9986034518748306,0.00029018063370879276,1.0,0.0,1.0,0.0,1.0,0.0
0,mean,rank8,iid,paraphrase,24,7.4459499271417684e-06,1.408241973339479e-08,0.02760425475794263,0.0018390783131041553,0.8961887441846642,0.00019581399054377431,0.013888888888888888,0.024056261216234408,0.5069444444444445,0.012028130608117225,0.013888888888888888,0.024056261216234408
0,mean,rank8,topic,paraphrase,96,6.803792041273543e-06,6.800754854030393e-08,-0.007771594526871854,0.010073217290676733,0.899620590769148,0.0009305987699905874,0.04861111111111111,0.015911721163041112,0.5243055555555555,0.007955860581520553,0.04861111111111111,0.015911721163041112
0,mean,rank8,template,paraphrase,24,5.72770212976328e-06,7.186055458397202e-09,0.3480857706246517,0.0008179007392975687,0.9169288492506205,0.00013270170363464956,1.0,0.0,1.0,0.0,1.0,0.0
0,mean,rank8,expression,paraphrase,24,1.3843655046000367e-05,1.1594074045231982e-07,-0.5797951268420718,0.01323079895883093,0.7881502084348834,0.0017876833644520805,0.0,0.0,0.4930555555555555,0.0,0.0,0.0
0,mean,rank8,joint,paraphrase,96,1.2206183682988195e-05,2.1355361846449508e-08,-0.6068343372191717,0.0028112413830409296,0.7937755278490167,0.0002924069291942907,0.0,0.0,0.5,0.0,0.0,0.0
0,mean,rank16,dev,canonical,48,2.1486501683707577e-07,1.1848618819507067e-07,0.9679304454288885,0.017684587906304186,0.9971094652201882,0.0017165398708142271,1.0,0.0,1.0,0.0,1.0,0.0
0,mean,rank16,expression,canonical,24,1.218016922612378e-05,1.1690842170887536e-07,-0.8405956028204972,0.01766651373517244,0.8131544934541125,0.0017667168172060023,0.0,0.0,0.4791666666666667,0.0,0.0,0.0
0,mean,rank16,iid,canonical,24,1.046826711049965e-07,2.234780867233255e-09,0.9859791234790704,0.0002993197084107962,0.998876807713908,6.201323989350207e-05,1.0,0.0,1.0,0.0,1.0,0.0
0,mean,rank16,joint,canonical,96,1.1290799752181882e-05,7.589128469586427e-09,-0.9709726399814018,0.0013247923002061145,0.8208648916652295,0.00017844892958786542,0.0,0.0,0.5,0.0,0.0,0.0
0,mean,rank16,template,canonical,24,1.0061005453852046e-07,3.187885857635474e-09,0.982327717534929,0.0005599561554851349,0.9987414779581224,4.4311740520204235e-05,1.0,0.0,1.0,0.0,1.0,0.0
0,mean,rank16,topic,canonical,96,2.0645606227651295e-07,4.963508802235997e-08,0.9686815588452177,0.007529416023438156,0.9973036248425639,0.0007276700130087444,1.0,0.0,1.0,0.0,1.0,0.0
0,mean,rank16,train,canonical,168,9.35341002017389e-08,2.3862637269920793e-08,0.9871389035122843,0.00328115285995028,0.9988954589046409,0.0003024938662914615,0.996031746031746,0.0034366087451763315,0.998015873015873,0.0017183043725881658,0.996031746031746,0.0034366087451763315
0,mean,rank16,iid,paraphrase,24,7.420765469114256e-06,1.8572303567087178e-08,0.030893191706459138,0.0024254298168389556,0.8976410935391228,0.00035771033464406475,0.013888888888888888,0.024056261216234408,0.5069444444444445,0.012028130608117225,0.013888888888888888,0.024056261216234408
0,mean,rank16,topic,paraphrase,96,6.7940971419439365e-06,6.83390633242813e-08,-0.006335594705462633,0.01012232096410348,0.9003389768737114,0.0009661029312353178,0.052083333333333336,0.020833333333333336,0.5260416666666666,0.010416666666666685,0.052083333333333336,0.020833333333333336
0,mean,rank16,template,paraphrase,24,5.669746346690695e-06,7.661561216755359e-09,0.3546821680635615,0.0008720217398315248,0.9180604531458741,0.00013967922741420937,1.0,0.0,1.0,0.0,1.0,0.0
0,mean,rank16,expression,paraphrase,24,1.4117207309161686e-05,1.221601751759341e-07,-0.6110120656377067,0.013940541626892946,0.7873532976561503,0.001774341729707428,0.0,0.0,0.4930555555555555,0.0,0.0,0.0
0,mean,rank16,joint,paraphrase,96,1.2292455066533701e-05,2.67648440331132e-08,-0.6181911892050651,0.003523351076771035,0.7934269461708675,0.0003625938323165387,0.0,0.0,0.5,0.0,0.0,0.0
0,mean,rank32,dev,canonical,48,1.905152917996061e-07,1.2091384937468317e-07,0.9715647496417182,0.018046927080106478,0.9973619982888616,0.0017389736480532508,0.9791666666666666,0.020833333333333315,0.9895833333333334,0.010416666666666685,0.9791666666666666,0.020833333333333315
0,mean,rank32,expression,canonical,24,1.2330968721178983e-05,1.427190580410459e-07,-0.8633835364159393,0.02156686543448221,0.8129461352078234,0.0018824640677513227,0.0,0.0,0.4791666666666667,0.0,0.0,0.0
0,mean,rank32,iid,canonical,24,6.532807545008268e-08,2.959300882908082e-09,0.9912501575517032,0.0003963597014630449,0.9992435227155158,4.9463857224041626e-05,1.0,0.0,1.0,0.0,1.0,0.0
0,mean,rank32,joint,canonical,96,1.1368233395954165e-05,1.569874171806265e-08,-0.9844898041007765,0.002740442757605115,0.8204433852976601,0.00033921720394263253,0.0,0.0,0.5,0.0,0.0,0.0
0,mean,rank32,template,canonical,24,8.285828087622989e-08,3.311433189953996e-09,0.985445838878317,0.0005816573996058639,0.9989087227455236,4.6565729111597004e-05,1.0,0.0,1.0,0.0,1.0,0.0
0,mean,rank32,topic,canonical,96,1.9451815344686853e-07,4.966302208423931e-08,0.9704924850591045,0.007533653492968171,0.9973929435362843,0.0007277327921948541,1.0,0.0,1.0,0.0,1.0,0.0
0,mean,rank32,train,canonical,168,6.189508779701417e-08,2.416647107278659e-08,0.9914893210651933,0.003322930520145487,0.9992283778681824,0.0003077782425484216,0.996031746031746,0.0034366087451763315,0.998015873015873,0.0017183043725881658,0.996031746031746,0.0034366087451763315
0,mean,rank32,iid,paraphrase,24,7.401417278835769e-06,1.5433606091392256e-08,0.03341994760584462,0.002015535028285164,0.8991721356443358,0.00044363410572825806,0.013888888888888888,0.024056261216234408,0.5069444444444445,0.012028130608117225,0.013888888888888888,0.024056261216234408
0,mean,rank32,topic,paraphrase,96,6.783264353938306e-06,6.667367850009011e-08,-0.004731051830639192,0.00987564565280726,0.9009757590664264,0.0009558671995029898,0.06597222222222222,0.01591172116304111,0.532986111111111,0.00795586058152055,0.06597222222222222,0.01591172116304111
0,mean,rank32,template,paraphrase,24,5.613068483930649e-06,1.0481390571057485e-08,0.3611331154743662,0.0011929684020064988,0.9191965043704449,0.0002133355786765422,1.0,0.0,1.0,0.0,1.0,0.0
0,mean,rank32,expression,paraphrase,24,1.4313276956608773e-05,1.4652015562260212e-07,-0.6333869278059201,0.016720427305331055,0.7871189556217466,0.0018177993685664928,0.0,0.0,0.4930555555555555,0.0,0.0,0.0
0,mean,rank32,joint,paraphrase,96,1.2383502767642189e-05,2.227648517962484e-08,-0.6301768004547044,0.0029324989881204513,0.7928574690460094,0.0002572337706203809,0.0,0.0,0.5,0.0,0.0,0.0
5,last,identity,dev,canonical,48,0.01720915791012118,0.0,0.0,0.0,0.9558571442829779,0.0,0.0,0.0,0.4930555555555555,0.0,0.0,0.0
5,last,identity,expression,canonical,24,0.06709222392295776,0.0,0.0,0.0,0.8156378978523442,0.0,0.0,0.0,0.29513888888888884,0.0,0.0,0.0
5,last,identity,iid,canonical,24,0.019575633499057,0.0,0.0,0.0,0.952209265612929,0.0,0.0,0.0,0.5,0.0,0.0,0.0
5,last,identity,joint,canonical,96,0.06099718204302932,0.0,0.0,0.0,0.8192674195873871,0.0,0.0,0.0,0.32812500000000006,0.0,0.0,0.0
5,last,identity,template,canonical,24,0.019140768484531733,0.0,0.0,0.0,0.9448066454422767,0.0,0.0,0.0,0.4791666666666667,0.0,0.0,0.0
5,last,identity,topic,canonical,96,0.017739304331347367,0.0,0.0,0.0,0.9548453904347033,0.0,0.0,0.0,0.49652777777777773,0.0,0.0,0.0
5,last,identity,train,canonical,168,0.01847690180842842,0.0,0.0,0.0,0.953955954513114,0.0,0.0,0.0,0.4920634920634921,0.0,0.0,0.0
5,last,identity,iid,paraphrase,24,0.016635437670145255,0.0,0.0,0.0,0.9588171556312967,0.0,0.0,0.0,0.5,0.0,0.0,0.0
5,last,identity,topic,paraphrase,96,0.01534750415447409,0.0,0.0,0.0,0.9607128423166701,0.0,0.0,0.0,0.5,0.0,0.0,0.0
5,last,identity,template,paraphrase,24,0.018593237711482,0.0,0.0,0.0,0.9463284926492038,0.0,0.0,0.0,0.5,0.0,0.0,0.0
5,last,identity,expression,paraphrase,24,0.06770020469623994,0.0,0.0,0.0,0.8143991837647245,0.0,0.0,0.0,0.25416666666666665,0.0,0.0,0.0
5,last,identity,joint,paraphrase,96,0.061693636318545374,0.0,0.0,0.0,0.821897167629318,0.0,0.0,0.0,0.29861111111111116,0.0,0.0,0.0
5,last,shift,dev,canonical,48,0.004077545822034436,2.184886289039257e-05,0.7630595382220114,0.001269606741044736,0.9898662930640296,3.737019028079973e-05,1.0,0.0,1.0,0.0,1.0,0.0
5,last,shift,expression,canonical,24,0.06279037202590308,0.0003912927282895844,0.06411848714382333,0.005832162140562046,0.8346030638562252,0.0005789110511673577,0.0,0.0,0.31249999999999994,0.0,0.0,0.0
5,last,shift,iid,canonical,24,0.005065567665345224,1.4540371932908459e-05,0.7412309713711567,0.0007427791255700185,0.9880768901812567,1.9313589018659127e-05,1.0,0.0,1.0,0.0,1.0,0.0
5,last,shift,joint,canonical,96,0.05847562850640101,0.0002284288803247354,0.04133885291372186,0.0037449087428923352,0.8336294161644373,0.00032398842879202157,0.0,0.0,0.3272569444444445,0.0,0.0,0.0
5,last,shift,template,canonical,24,0.010762241314937068,3.321097332563011e-05,0.4377320156380147,0.0017350909057005,0.9698143148530187,5.8639170637533046e-05,0.9166666666666666,0.0,0.9583333333333334,0.0,0.9166666666666666,0.0
5,last,shift,topic,canonical,96,0.004374419852355596,2.1667925316499717e-05,0.753405219807549,0.0012214642080529794,0.9891959399640813,6.994045380056359e-05,1.0,0.0,1.0,0.0,1.0,0.0
5,last,shift,train,canonical,168,0.004645863585254198,2.0770266686563387e-06,0.7485583008762355,0.00011241206400248205,0.9888369537924002,2.2414391626164792e-05,1.0,0.0,1.0,0.0,1.0,0.0
5,last,shift,iid,paraphrase,24,0.011396751505516299,0.00010211917803639584,0.314911231583077,0.006138652920425647,0.972749050387734,0.00028282098644529235,0.8472222222222222,0.08673608331108884,0.9236111111111112,0.04336804165554445,0.8472222222222222,0.08673608331108884
5,last,shift,topic,paraphrase,96,0.010470857873978444,9.825373033070127e-05,0.3177484906608748,0.006401935411892877,0.9741376187935745,0.00028755735255792483,0.9097222222222222,0.01202813060811716,0.9548611111111112,0.0060140653040586444,0.9097222222222222,0.01202813060811716
5,last,shift,template,paraphrase,24,0.013852997906421331,4.4450539856820275e-05,0.25494429096302035,0.0023906831368788553,0.9615334756878227,0.00010262638877348614,0.6527777777777778,0.024056261216234387,0.826388888888889,0.012028130608117226,0.6527777777777778,0.024056261216234387
5,last,shift,expression,paraphrase,24,0.06965584001102881,0.00032002959578351616,-0.028886697219949298,0.004727158466055344,0.8195634903316228,0.0003986716789512006,0.0,0.0,0.268287037037037,0.005303907054347018,0.0,0.0
5,last,shift,joint,paraphrase,96,0.061473033995354136,0.00024328249072774028,0.0035757711225221276,0.00394339684358348,0.8294212304425552,0.0003544569072348895,0.0,0.0,0.29340277777777785,0.00030070326520294504,0.0,0.0
5,last,lowrank,dev,canonical,48,0.0015450796884291284,4.065084023509905e-05,0.9102175890012361,0.0023621632416535383,0.9961464445789631,9.532574860097002e-05,1.0,0.0,1.0,0.0,1.0,0.0
5,last,lowrank,expression,canonical,24,0.06294584917167928,3.668762791500481e-05,0.06180112252710216,0.0005468238458920441,0.8351268380254143,4.4063917273408564e-05,0.0,0.0,0.31249999999999994,0.0,0.0,0.0
5,last,lowrank,iid,canonical,24,0.001843761457946834,5.902555619514991e-05,0.9058134461888218,0.0030152565023243475,0.9956480685990995,0.00014192257464973185,1.0,0.0,1.0,0.0,1.0,0.0
5,last,lowrank,joint,canonical,96,0.05816929406046672,0.00036733764185785297,0.04636096107796787,0.006022206757005899,0.8357593587608881,0.0004899514974168206,0.0,0.0,0.3272569444444445,0.0,0.0,0.0
5,last,lowrank,template,canonical,24,0.009899214684349046,0.00011404728390991918,0.48282041589140384,0.005958344044654452,0.9724565283157619,0.00032419692115712487,0.9861111111111112,0.024056261216234387,0.9930555555555555,0.012028130608117225,0.9861111111111112,0.024056261216234387
5,last,lowrank,topic,canonical,96,0.0022765836584031514,3.8383107825191675e-05,0.8716644341920349,0.002163732416347584,0.9943821564562905,9.042169924931994e-05,1.0,0.0,1.0,0.0,1.0,0.0
5,last,lowrank,train,canonical,168,0.0010520241909011867,1.18999967553167e-05,0.9430627384499443,0.0006440471935554068,0.9974504397439351,1.774862742755504e-05,1.0,0.0,1.0,0.0,1.0,0.0
5,last,lowrank,iid,paraphrase,24,0.010448384354282322,1.6046531101710067e-05,0.3719200804056098,0.0009645992741452016,0.9752805253948544,3.0346327858073857e-05,1.0,0.0,1.0,0.0,1.0,0.0
5,last,lowrank,topic,paraphrase,96,0.009515838360250444,3.6254803717282765e-05,0.3799748633737039,0.002362260557311144,0.9766912858243301,5.6223779968148926e-05,0.9965277777777778,0.006014065304058581,0.9982638888888888,0.0030070326520293222,0.9965277777777778,0.006014065304058581
5,last,lowrank,template,paraphrase,24,0.013148101962313,0.0002180138287350609,0.29285570558840485,0.011725436533327862,0.9639056934487235,0.0003548127310121919,0.8333333333333334,0.0,0.9166666666666666,0.0,0.8333333333333334,0.0
5,last,lowrank,expression,paraphrase,24,0.07041776906458765,0.00025104165304302485,-0.04014115438115732,0.0037081372821457883,0.8189895994448739,0.00031352251891037945,0.0,0.0,0.27175925925925926,0.0072280069425907445,0.0,0.0
5,last,lowrank,joint,paraphrase,96,0.061398782077625,0.0005183444673564463,0.00477932990362151,0.008401911417249785,0.830928215440406,0.0007380418766570531,0.0,0.0,0.28813657407407406,0.00020046884346861934,0.0,0.0
5,last,full_delta,dev,canonical,48,0.0011811743454467926,2.264669899942885e-05,0.9313636174636928,0.0013159678769703222,0.9970661363883285,6.012721917307931e-05,1.0,0.0,1.0,0.0,1.0,0.0
5,last,full_delta,expression,canonical,24,0.0628447017149878,0.00012309923978768715,0.06330871089990127,0.0018347765596358626,0.8353765590476442,0.00034453949853816815,0.0,0.0,0.31481481481481477,0.004009376869372419,0.0,0.0
5,last,full_delta,iid,canonical,24,0.0014763131700581533,3.579110322150118e-05,0.9245841433367011,0.0018283496788609607,0.9965154782731757,8.774234284906176e-05,1.0,0.0,1.0,0.0,1.0,0.0
5,last,full_delta,joint,canonical,96,0.0581018970666397,0.00020663379745346398,0.047465880872122855,0.003387595795945124,0.836890438339576,0.0005165505489740997,0.0,0.0,0.3272569444444445,0.0,0.0,0.0
5,last,full_delta,template,canonical,24,0.010001914114990849,0.00037027534021111496,0.4774549348384985,0.0193448523506434,0.9723354160170122,0.0009119466689723639,1.0,0.0,1.0,0.0,1.0,0.0
5,last,full_delta,topic,canonical,96,0.0021464600178533436,6.451896919444935e-05,0.8789997635893587,0.003637063099505963,0.9947074746054696,0.00015481538822760733,1.0,0.0,1.0,0.0,1.0,0.0
5,last,full_delta,train,canonical,168,0.0005219186642330137,3.844656129574697e-05,0.971752912385185,0.002080790475284614,0.9987458690960681,0.00010097863370689731,1.0,0.0,1.0,0.0,1.0,0.0
5,last,full_delta,iid,paraphrase,24,0.010390833729116844,2.6329154352377557e-05,0.3753796001553522,0.0015827148569484062,0.9754705446441679,7.487071997933123e-05,1.0,0.0,1.0,0.0,1.0,0.0
5,last,full_delta,topic,paraphrase,96,0.009565489603370432,7.885557246986691e-05,0.37673972868207956,0.00513800626317988,0.976594737665394,0.00014017588248392456,0.9965277777777778,0.006014065304058581,0.9982638888888888,0.0030070326520293222,0.9965277777777778,0.006014065304058581
5,last,full_delta,template,paraphrase,24,0.013489811453541715,0.0005086596438966063,0.27447754592997714,0.02735723878700755,0.9631794454511923,0.0009804006970607388,0.8472222222222223,0.024056261216234387,0.923611111111111,0.012028130608117226,0.8472222222222223,0.024056261216234387
5,last,full_delta,expression,paraphrase,24,0.07040674821348109,0.0002215702283669362,-0.03997836534446194,0.003272814747918134,0.8192926898528655,0.00046140562739693884,0.0,0.0,0.2752314814814815,0.004009376869372419,0.0,0.0
5,last,full_delta,joint,paraphrase,96,0.06161189447543408,0.0006087514792881063,0.001324963934517161,0.009867330175594047,0.8312289222563035,0.000643841626466573,0.0,0.0,0.2853587962962963,0.0011817464037420066,0.0,0.0
5,last,full_affine,dev,canonical,48,0.002305368048656192,5.9436972421150294e-05,0.8660383000320812,0.003453799002343638,0.9942174846162969,0.0001692853889205084,1.0,0.0,1.0,0.0,1.0,0.0
5,last,full_affine,expression,canonical,24,0.061179456577813256,0.0003241944883483411,0.08812895145544968,0.004832072472670076,0.8382962428301418,0.000754869606731497,0.0,0.0,0.3275462962962963,0.005303907054347049,0.0,0.0
5,last,full_affine,iid,canonical,24,0.002807930644756903,6.317510316334545e-05,0.8565599092927355,0.0032272316074158426,0.993274755190931,0.00015854806505932848,1.0,0.0,1.0,0.0,1.0,0.0
5,last,full_affine,joint,canonical,96,0.05390353468430711,0.000531553297737911,0.11629467331323821,0.008714391057654706,0.8465113722341916,0.0005199737305539757,0.0,0.0,0.31423611111111116,0.001736111111111105,0.0,0.0
5,last,full_affine,template,canonical,24,0.02358226174019487,0.0003745314365217491,-0.2320436224518597,0.01956721000122959,0.9342247916532324,0.0007782920720344111,1.0,0.0,1.0,0.0,1.0,0.0
5,last,full_affine,topic,canonical,96,0.007204119824696296,9.99709131455473e-05,0.5938893831385599,0.005635559956479651,0.9819908341762339,0.00025334871141654257,1.0,0.0,1.0,0.0,1.0,0.0
5,last,full_affine,train,canonical,168,0.00099226015777382,7.947675174405887e-05,0.9462972651983682,0.004301411165577794,0.9975827081111421,0.0001783738483242416,0.998015873015873,0.0034366087451763315,0.9990079365079364,0.0017183043725881658,1.0,0.0
5,last,full_affine,iid,paraphrase,24,0.007652205244410473,0.00022083988138254222,0.5400057758538278,0.01327526727949405,0.9813232585618108,0.0005245587864725729,1.0,0.0,1.0,0.0,1.0,0.0
5,last,full_affine,topic,paraphrase,96,0.011841000831668898,0.0002272935085897234,0.22847384744202726,0.014809802708114184,0.9700561330231178,0.0005429945811000876,0.9895833333333334,0.010416666666666685,0.9947916666666666,0.005208333333333315,1.0,0.0
5,last,full_affine,template,paraphrase,24,0.02204618030091722,0.000461160115238439,-0.1857095920041351,0.024802571902453396,0.938635491539694,0.0008305896506793091,1.0,0.0,1.0,0.0,1.0,0.0
5,last,full_affine,expression,paraphrase,24,0.06701670247878376,8.024131815180937e-05,0.010096014044905196,0.0011852448380597885,0.821878454519566,0.0004735904352732432,0.0,0.0,0.2423611111111111,0.0024056261216234324,0.0,0.0
5,last,full_affine,joint,paraphrase,96,0.05959743126158684,0.0011698466404982464,0.03397765445588433,0.01896219302843373,0.8336256981331167,0.001973121125844158,0.0,0.0,0.2508101851851852,0.0044781347504984186,0.0,0.0
5,last,shuffled,dev,canonical,48,0.026905515584787543,0.0054016798187715735,-0.5634417282535173,0.3138840288980496,0.9335768696914023,0.012418463086249007,0.7777777777777778,0.06364688465216443,0.8831018518518517,0.03336466505879519,1.0,0.0
5,last,shuffled,expression,canonical,24,0.06428555023780796,0.003731172138227479,0.041833069781271735,0.05561258697449039,0.8266631531013573,0.007279053075544305,0.0,0.0,0.30046296296296293,0.008018753738744774,0.0,0.0
5,last,shuffled,iid,canonical,24,0.03418348365829273,0.008513039777864276,-0.7462261775558593,0.43487940138817827,0.9185241307555949,0.019406819388321096,0.8055555555555555,0.06364688465216445,0.886574074074074,0.04464653130089334,1.0,0.0
5,last,shuffled,joint,canonical,96,0.08543172000800865,0.01821362177391751,-0.40058470156445014,0.29859775753360296,0.7832974223325909,0.025536760501076627,0.0,0.0,0.31238425925925933,0.016739148429629796,0.0,0.0
5,last,shuffled,template,canonical,24,0.039777385459572843,0.017849588429975166,-1.0781498659115083,0.9325429354834937,0.90296210131267,0.033799446815712286,0.9027777777777778,0.09622504486493767,0.9490740740740741,0.046238389711662414,0.9583333333333334,0.0
5,last,shuffled,topic,canonical,96,0.027131062316995747,0.004972581890954542,-0.5294321474068223,0.2803143684821634,0.9335523298996408,0.011512329606761287,0.8784722222222222,0.07090478422452134,0.9322916666666666,0.04170281996341768,1.0,0.0
5,last,shuffled,train,canonical,168,0.03377508018602377,0.005154466154323474,-0.8279623140399514,0.27896809799423267,0.9176983974021532,0.012189815768877368,0.7599206349206349,0.05131951252530778,0.8697089947089948,0.03042148315372208,1.0,0.0
5,last,shuffled,iid,paraphrase,24,0.038643689135958115,0.0074806671073615405,-1.3229739969697287,0.4496826146502114,0.9075722278252579,0.017170460424858255,0.7083333333333334,0.08333333333333331,0.8368055555555555,0.053454181660905084,0.8472222222222223,0.024056261216234387
5,last,shuffled,topic,paraphrase,96,0.03327868293636002,0.006519446542117909,-1.168344937483444,0.42478871329820517,0.9189011116075108,0.014880944193115041,0.78125,0.06336210969060642,0.8832175925925926,0.038066520833391855,0.8645833333333334,0.010416666666666685
5,last,shuffled,template,paraphrase,24,0.04359040219402793,0.012710217555361279,-1.344422357764472,0.6835935597979398,0.8930610508676585,0.026042588620470524,0.7916666666666666,0.15023130314433292,0.8958333333333334,0.0751156515721664,0.7916666666666666,0.15023130314433292
5,last,shuffled,expression,paraphrase,24,0.07163954125600741,0.0014351829813043693,-0.058187956409329056,0.021199093676951324,0.8127746428719421,0.0038643042530351187,0.0,0.0,0.25625,0.03128084897098667,0.0,0.0
5,last,shuffled,joint,paraphrase,96,0.0867402482302239,0.011018695947805865,-0.4059837190071645,0.17860344446082843,0.7828909062712524,0.016495382644623333,0.0,0.0,0.2702546296296296,0.014042481178523136,0.0,0.0
5,last,random_subspace,dev,canonical,48,0.004051280683539945,2.2323324664771463e-05,0.7645857685368048,0.0012971770484854377,0.9899307207888035,3.8739716118365944e-05,1.0,0.0,1.0,0.0,1.0,0.0
5,last,random_subspace,expression,canonical,24,0.0627859870349408,0.0003860206512832238,0.06418384480684114,0.005753582586955132,0.8346220514779588,0.000574764038424951,0.0,0.0,0.31249999999999994,0.0,0.0,0.0
5,last,random_subspace,iid,canonical,24,0.005035349818062938,1.644805050620483e-05,0.7427746173167012,0.0008402308158761712,0.98814771757904,2.4196409705120203e-05,1.0,0.0,1.0,0.0,1.0,0.0
5,last,random_subspace,joint,canonical,96,0.058470663277319805,0.00023091143709937393,0.04142025387217444,0.003785608275091843,0.833647693969534,0.00035257141008983024,0.0,0.0,0.3272569444444445,0.0,0.0,0.0
5,last,random_subspace,template,canonical,24,0.01075850475560386,3.4400834737587635e-05,0.43792723033570197,0.0017972546277537137,0.9698262896520782,6.212645873911184e-05,0.9166666666666666,0.0,0.9583333333333334,0.0,0.9166666666666666,0.0
5,last,random_subspace,topic,canonical,96,0.00435430998694019,2.2115317972698804e-05,0.7545388530684584,0.001246684625260008,0.9892445610009029,6.988826744034239e-05,1.0,0.0,1.0,0.0,1.0,0.0
5,last,random_subspace,train,canonical,168,0.00461009224017486,3.41263739241702e-06,0.7504943042955436,0.00018469749029349325,0.9889219925331766,2.2840866072389408e-05,1.0,0.0,1.0,0.0,1.0,0.0
5,last,random_subspace,iid,paraphrase,24,0.011389896256656049,9.731352417927814e-05,0.3153233186586429,0.005849772402076412,0.9727702630504932,0.00027194612137007264,0.875,0.07216878364870323,0.9375,0.03608439182435161,0.875,0.07216878364870323
5,last,random_subspace,topic,paraphrase,96,0.010463776612873952,9.569140049764506e-05,0.3182098856234184,0.006234981240891168,0.9741570463549073,0.00028311242174939904,0.9131944444444445,0.0159117211630411,0.9565972222222222,0.007955860581520565,0.9131944444444445,0.0159117211630411
5,last,random_subspace,template,paraphrase,24,0.013856343056653333,4.800115597189444e-05,0.254764378766774,0.002581645903566954,0.9615304235104588,0.0001398772412196107,0.6527777777777778,0.024056261216234387,0.826388888888889,0.012028130608117226,0.6527777777777778,0.024056261216234387
5,last,random_subspace,expression,paraphrase,24,0.06966499213568107,0.0002914284952763115,-0.02902188329055755,0.004304691493680225,0.81956003769851,0.0003459930603171524,0.0,0.0,0.268287037037037,0.005303907054347018,0.0,0.0
5,last,random_subspace,joint,paraphrase,96,0.061490210750734686,0.00022271396001975006,0.0032973509092629008,0.0036099989125264508,0.8293949191094617,0.00034088730377367164,0.0,0.0,0.29340277777777785,0.00030070326520294504,0.0,0.0
5,last,rank1,dev,canonical,48,0.00369016489286932,5.4811958319836674e-05,0.7855697000316888,0.0031850459276453196,0.9908119729581251,0.0001219936102653602,1.0,0.0,1.0,0.0,1.0,0.0
5,last,rank1,expression,canonical,24,0.06302044511958405,0.0004996429827573257,0.0606892805945641,0.0074471071838528744,0.8340970505420361,0.0007248851641596197,0.0,0.0,0.3136574074074074,0.0020046884346861934,0.0,0.0
5,last,rank1,iid,canonical,24,0.004461660229588334,9.651364843789682e-05,0.7720809275570438,0.004930295024298731,0.9894702033723033,0.00021860399747834238,1.0,0.0,1.0,0.0,1.0,0.0
5,last,rank1,joint,canonical,96,0.05852427045073358,0.0002898383045529072,0.04054140715142011,0.004751667123711529,0.8336490785398589,0.00039635630990732376,0.0,0.0,0.3272569444444445,0.0,0.0,0.0
5,last,rank1,template,canonical,24,0.010704838465735549,3.054536462982026e-05,0.4407309991557303,0.0015958274953539362,0.9699917379319539,2.3069643021225017e-05,0.9166666666666666,0.0,0.9583333333333334,0.0,0.9166666666666666,0.0
5,last,rank1,topic,canonical,96,0.003926220787762395,6.128886279385496e-05,0.7786710958656752,0.0034549755531027683,0.9902703717365847,0.00014370550614704883,1.0,0.0,1.0,0.0,1.0,0.0
5,last,rank1,train,canonical,168,0.004041165660641759,4.3564643660382357e-05,0.7812855367993382,0.0023577894233604677,0.9902367622690038,9.401045627419679e-05,1.0,0.0,1.0,0.0,1.0,0.0
5,last,rank1,iid,paraphrase,24,0.011357258053904765,0.00010569691786328422,0.3172852870419491,0.006353720290327718,0.9729539911858943,0.00034128680141298816,0.9583333333333334,0.041666666666666685,0.9791666666666666,0.020833333333333315,0.9583333333333334,0.041666666666666685
5,last,rank1,topic,paraphrase,96,0.010315452491929208,0.000102784469284647,0.327874266193174,0.006697145558659703,0.9745735286851603,0.0003098649114418998,0.9861111111111112,0.024056261216234387,0.9930555555555555,0.012028130608117225,0.9861111111111112,0.024056261216234387
5,last,rank1,template,paraphrase,24,0.013993566784882174,7.899937794991974e-05,0.24738407575778817,0.004248823103097052,0.9611928698615554,0.0002965788170432488,0.6527777777777778,0.024056261216234387,0.826388888888889,0.012028130608117226,0.6527777777777778,0.024056261216234387
5,last,rank1,expression,paraphrase,24,0.06999701227124411,0.00035374886075306813,-0.03392615406865559,0.005225225866602373,0.8188933530737396,0.00040485548619163575,0.0,0.0,0.2659722222222222,0.00347222222222221,0.0,0.0
5,last,rank1,joint,paraphrase,96,0.061542081274882116,0.0003610275559751996,0.002456574984180282,0.0058519415861806425,0.8294526748628246,0.0006190081476044046,0.0,0.0,0.29340277777777785,0.00030070326520294504,0.0,0.0
5,last,rank2,dev,canonical,48,0.003432678815323643,8.437693643190822e-05,0.800531854420094,0.004903025288778591,0.9914731501523452,0.0002009015421411624,1.0,0.0,1.0,0.0,1.0,0.0
5,last,rank2,expression,canonical,24,0.06334256395421468,0.000556209825228552,0.05588814544363311,0.008290227878975228,0.8336368644184523,0.0008762968700585877,0.0,0.0,0.31249999999999994,0.0,0.0,0.0
5,last,rank2,iid,canonical,24,0.004194677386325997,5.853205379757282e-05,0.7857194564595794,0.0029900464677371464,0.9901332392582004,0.00011120382366232483,1.0,0.0,1.0,0.0,1.0,0.0
5,last,rank2,joint,canonical,96,0.05754669605652029,0.00012071090892926683,0.056567957255385215,0.0019789587795074675,0.8356623214069466,6.772639339218293e-05,0.0,0.0,0.3272569444444445,0.0,0.0,0.0
5,last,rank2,template,canonical,24,0.010314646084190917,4.704344721270628e-05,0.46111640749813615,0.0024577616750719442,0.9709668388492988,9.8111557735359e-05,0.8333333333333334,0.0,0.9166666666666666,0.0,0.8333333333333334,0.0
5,last,rank2,topic,canonical,96,0.003687833999686424,3.736975927088908e-05,0.792109435026175,0.0021066079352870643,0.9908886468608796,8.054559692243998e-05,1.0,0.0,1.0,0.0,1.0,0.0
5,last,rank2,train,canonical,168,0.0036780624588363133,3.724600368651018e-05,0.8009372730898786,0.002015814343372252,0.9911390078521954,6.933473462359496e-05,1.0,0.0,1.0,0.0,1.0,0.0
5,last,rank2,iid,paraphrase,24,0.010907813747260213,0.00016224133204750078,0.34430256879649807,0.009752754046180968,0.9740115608406347,0.0004242949689869762,0.9166666666666666,0.07216878364870322,0.9583333333333334,0.036084391824351615,0.9166666666666666,0.07216878364870322
5,last,rank2,topic,paraphrase,96,0.009897580889528617,9.076799637819155e-05,0.3551015989369657,0.005914186141577335,0.9755723795439439,0.00024527214920595607,0.96875,0.018042195912175808,0.984375,0.009021097956087904,0.96875,0.018042195912175808
5,last,rank2,template,paraphrase,24,0.013595714191456346,7.838507170168036e-05,0.2687817795681439,0.004215783873578659,0.9621096760465996,0.00025059408489891367,0.4444444444444445,0.08673608331108884,0.7222222222222223,0.04336804165554445,0.4444444444444445,0.08673608331108884
5,last,rank2,expression,paraphrase,24,0.06966730779539675,0.00019159046748823448,-0.029056087909672772,0.0028299835775662746,0.8194821084994991,0.00014693293457617807,0.0,0.0,0.2659722222222222,0.0,0.0,0.0
5,last,rank2,joint,paraphrase,96,0.060612647360633244,0.000175098895078714,0.01752188754656329,0.0028382002671169955,0.8313574691134676,0.00022325674353045356,0.0,0.0,0.2932291666666667,0.0003007032652029451,0.0,0.0
5,last,rank4,dev,canonical,48,0.0029288507355926113,5.823100222143249e-05,0.8298085966269114,0.0033837217675355105,0.992709421303727,0.00013684754259331975,1.0,0.0,1.0,0.0,1.0,0.0
5,last,rank4,expression,canonical,24,0.0635326850233572,0.00025811348809266836,0.05305441810496533,0.0038471446167750154,0.8333766623530549,0.0005053887344228838,0.0,0.0,0.3101851851851851,0.004009376869372387,0.0,0.0
5,last,rank4,iid,canonical,24,0.003680399342040766,5.867346169416707e-05,0.8119907924196651,0.0029972701367234726,0.9913143581121533,0.00013458479187299362,1.0,0.0,1.0,0.0,1.0,0.0
5,last,rank4,joint,canonical,96,0.05808922601115018,0.00027441069824340005,0.04767361268964495,0.004498743860820028,0.8349424665809609,0.0005429395081580449,0.0,0.0,0.3272569444444445,0.0,0.0,0.0
5,last,rank4,template,canonical,24,0.010223126283595244,4.6246187542472204e-05,0.4658978142984762,0.0024161092371941546,0.9713119117640838,0.00016638468324752193,0.9027777777777777,0.024056261216234387,0.951388888888889,0.012028130608117226,0.9027777777777777,0.024056261216234387
5,last,rank4,topic,canonical,96,0.003295342634166412,1.499821104280441e-05,0.8142349568723973,0.0008454790989915963,0.9918511761778742,4.212805756158859e-05,1.0,0.0,1.0,0.0,1.0,0.0
5,last,rank4,train,canonical,168,0.00308360155090835,1.0781161948697471e-05,0.8331104650076272,0.0005834940327376591,0.9925443923537193,3.1973316085703286e-05,1.0,0.0,1.0,0.0,1.0,0.0
5,last,rank4,iid,paraphrase,24,0.010685503398167873,6.216836936654351e-05,0.357666229765353,0.003737104523442391,0.9745724762070546,0.00016716385626978174,0.9583333333333334,0.041666666666666685,0.9791666666666666,0.020833333333333315,0.9583333333333334,0.041666666666666685
5,last,rank4,topic,paraphrase,96,0.009708421904914772,6.131199842630406e-05,0.36742666382764383,0.003994916555108467,0.9761083883505651,0.0001597105985643974,0.9826388888888888,0.0060140653040586444,0.9913194444444445,0.003007032652029258,0.9826388888888888,0.0060140653040586444
5,last,rank4,template,paraphrase,24,0.013549402058350667,0.00017941955084037995,0.27127258476432975,0.009649720700853619,0.9623330602781711,0.00041761469307951264,0.5833333333333334,0.14433756729740646,0.7916666666666666,0.07216878364870323,0.5833333333333334,0.14433756729740646
5,last,rank4,expression,paraphrase,24,0.0700881928729442,4.2379675056236986e-05,-0.035272983108674216,0.000625990353299313,0.8188825048798511,9.527285890833762e-05,0.0,0.0,0.2706018518518518,0.0020046884346861934,0.0,0.0
5,last,rank4,joint,paraphrase,96,0.06108706586872911,0.0002597446212929654,0.009831977591405602,0.004210233612293711,0.8305602169345438,0.00043176656880992135,0.0,0.0,0.2935185185185185,0.0008018753738744775,0.0,0.0
5,last,rank8,dev,canonical,48,0.002516542679804027,5.003083961212379e-05,0.8537672387604754,0.002907221833480783,0.9937216113605193,0.00011796441779126125,1.0,0.0,1.0,0.0,1.0,0.0
5,last,rank8,expression,canonical,24,0.06325684356742074,0.00017856942041360587,0.05716579554645851,0.0026615516668318778,0.8341718782461456,0.00032559684146994433,0.0,0.0,0.31249999999999994,0.0,0.0,0.0
5,last,rank8,iid,canonical,24,0.003015411021495718,0.00011200651134053072,0.8459609993392564,0.005721731117714581,0.9928695684342603,0.0002503152428540751,1.0,0.0,1.0,0.0,1.0,0.0
5,last,rank8,joint,canonical,96,0.05806031541419782,0.00026023911099215996,0.04814757879732445,0.0042664120255354755,0.8352251053949541,0.0005866953022936853,0.0,0.0,0.3272569444444445,0.0,0.0,0.0
5,last,rank8,template,canonical,24,0.010153531699681341,5.9307806874148625e-05,0.4695337489773865,0.0030985070908765527,0.9715565619585589,0.00019208199928765106,0.9444444444444445,0.024056261216234453,0.9722222222222222,0.012028130608117162,0.9444444444444445,0.024056261216234453
5,last,rank8,topic,canonical,96,0.0029795326500597734,4.582098711144321e-05,0.8320377961612282,0.0025830205207354926,0.9926420992100459,0.00010357258379200156,1.0,0.0,1.0,0.0,1.0,0.0
5,last,rank8,train,canonical,168,0.0024089626718995145,9.767890957300284e-06,0.8696230192228093,0.0005286541574217852,0.9941804442712684,1.2265867820240111e-05,1.0,0.0,1.0,0.0,1.0,0.0
5,last,rank8,iid,paraphrase,24,0.010583102472464275,9.071043488485346e-05,0.36382181928058244,0.005452843302562854,0.9748501877256198,0.00023769671925544865,0.9722222222222223,0.024056261216234387,0.986111111111111,0.012028130608117226,0.9722222222222223,0.024056261216234387
5,last,rank8,topic,paraphrase,96,0.009665396002744754,5.373676892379014e-05,0.3702301100256027,0.0035013360076611567,0.9762464216734398,0.00016224072272864854,0.9895833333333334,0.0,0.9947916666666666,0.0,0.9895833333333334,0.0
5,last,rank8,template,paraphrase,24,0.013275270143479264,1.382196587163937e-05,0.28601622001092897,0.0007433867132835913,0.9631699835161595,5.472003325556337e-05,0.6666666666666666,0.11023963796102464,0.8333333333333334,0.055119818980512277,0.6666666666666666,0.11023963796102464
5,last,rank8,expression,paraphrase,24,0.07023460854226964,4.663602301647488e-05,-0.03743568955812123,0.0006888608863994341,0.818680228657881,0.0002819739416121698,0.0,0.0,0.2740740740740741,0.005303907054347049,0.0,0.0
5,last,rank8,joint,paraphrase,96,0.061110992033823607,0.0002802898496982914,0.00944415533740591,0.004543253833362289,0.8306626139172338,0.000754854915884111,0.0,0.0,0.29218750000000004,0.0031870763456051717,0.0,0.0
5,last,rank16,dev,canonical,48,0.0019936807539509133,2.9035579320607645e-05,0.8841500110369506,0.001687216740775642,0.9950291439797595,6.6644392715721e-05,1.0,0.0,1.0,0.0,1.0,0.0
5,last,rank16,expression,canonical,24,0.06308644192828929,0.00011486836498468719,0.059705607601684384,0.001712096548127392,0.8348667146510271,0.0002265628045239509,0.0,0.0,0.3171296296296296,0.004009376869372419,0.0,0.0
5,last,rank16,iid,canonical,24,0.0024196168059363228,0.00010811875767293346,0.8763965004732602,0.005523129439368665,0.9942894432163653,0.00025431024139976676,1.0,0.0,1.0,0.0,1.0,0.0
5,last,rank16,joint,canonical,96,0.05820788952985287,0.00024617630819342713,0.04572821923492798,0.004035863624319003,0.8353982240005422,0.0004780883320412273,0.0,0.0,0.3272569444444445,0.0,0.0,0.0
5,last,rank16,template,canonical,24,0.009904852251046412,5.978797189257868e-05,0.48252588400247154,0.0031235930752150664,0.9723850336686671,0.00023505669273885075,0.9583333333333334,0.041666666666666685,0.9791666666666666,0.020833333333333315,0.9583333333333334,0.041666666666666685
5,last,rank16,topic,canonical,96,0.0025801312616384655,3.5131531916733424e-05,0.8545528497936034,0.0019804345909242935,0.9936247591827772,8.238866038100609e-05,1.0,0.0,1.0,0.0,1.0,0.0
5,last,rank16,train,canonical,168,0.001685177841966099,2.1294595971138304e-05,0.9087954322949647,0.0011524981943360308,0.9959213286168994,3.75665574272767e-05,1.0,0.0,1.0,0.0,1.0,0.0
5,last,rank16,iid,paraphrase,24,0.010456791637157676,7.75388224614022e-05,0.371414696475108,0.004661062966834751,0.9752506027097633,0.00014337277478850756,1.0,0.0,1.0,0.0,1.0,0.0
5,last,rank16,topic,paraphrase,96,0.009539479923598293,0.00011531357782646848,0.37843444591495,0.007513506865078922,0.9766481507132839,0.00026945191690321636,0.9930555555555557,0.00601406530405858,0.9965277777777777,0.0030070326520293222,0.9930555555555557,0.00601406530405858
5,last,rank16,template,paraphrase,24,0.013145084577726627,0.000111394988736897,0.29301798956676284,0.005991156057135039,0.9637512724863965,0.0003047170491134764,0.7916666666666666,0.041666666666666685,0.8958333333333334,0.020833333333333315,0.7916666666666666,0.041666666666666685
5,last,rank16,expression,paraphrase,24,0.07043671521659112,0.00020526644030186827,-0.040421008069760976,0.0030319914278378675,0.8189173754676956,0.00034525449885521595,0.0,0.0,0.27291666666666664,0.00347222222222221,0.0,0.0
5,last,rank16,joint,paraphrase,96,0.06114573152698391,0.000211900783143726,0.008881058473072375,0.0034347267528470524,0.8311541501443148,0.0005718620867576479,0.0,0.0,0.2916666666666667,0.0025574513650444856,0.0,0.0
5,last,rank32,dev,canonical,48,0.0015450796884291284,4.065084023509905e-05,0.9102175890012361,0.0023621632416535383,0.9961464445789631,9.532574860097002e-05,1.0,0.0,1.0,0.0,1.0,0.0
5,last,rank32,expression,canonical,24,0.06294584917167928,3.668762791500481e-05,0.06180112252710216,0.0005468238458920441,0.8351268380254143,4.4063917273408564e-05,0.0,0.0,0.31249999999999994,0.0,0.0,0.0
5,last,rank32,iid,canonical,24,0.001843761457946834,5.902555619514991e-05,0.9058134461888218,0.0030152565023243475,0.9956480685990995,0.00014192257464973185,1.0,0.0,1.0,0.0,1.0,0.0
5,last,rank32,joint,canonical,96,0.05816929406046672,0.00036733764185785297,0.04636096107796787,0.006022206757005899,0.8357593587608881,0.0004899514974168206,0.0,0.0,0.3272569444444445,0.0,0.0,0.0
5,last,rank32,template,canonical,24,0.009899214684349046,0.00011404728390991918,0.48282041589140384,0.005958344044654452,0.9724565283157619,0.00032419692115712487,0.9861111111111112,0.024056261216234387,0.9930555555555555,0.012028130608117225,0.9861111111111112,0.024056261216234387
5,last,rank32,topic,canonical,96,0.0022765836584031514,3.8383107825191675e-05,0.8716644341920349,0.002163732416347584,0.9943821564562905,9.042169924931994e-05,1.0,0.0,1.0,0.0,1.0,0.0
5,last,rank32,train,canonical,168,0.0010520241909011867,1.18999967553167e-05,0.9430627384499443,0.0006440471935554068,0.9974504397439351,1.774862742755504e-05,1.0,0.0,1.0,0.0,1.0,0.0
5,last,rank32,iid,paraphrase,24,0.010448384354282322,1.6046531101710067e-05,0.3719200804056098,0.0009645992741452016,0.9752805253948544,3.0346327858073857e-05,1.0,0.0,1.0,0.0,1.0,0.0
5,last,rank32,topic,paraphrase,96,0.009515838360250444,3.6254803717282765e-05,0.3799748633737039,0.002362260557311144,0.9766912858243301,5.6223779968148926e-05,0.9965277777777778,0.006014065304058581,0.9982638888888888,0.0030070326520293222,0.9965277777777778,0.006014065304058581
5,last,rank32,template,paraphrase,24,0.013148101962313,0.0002180138287350609,0.29285570558840485,0.011725436533327862,0.9639056934487235,0.0003548127310121919,0.8333333333333334,0.0,0.9166666666666666,0.0,0.8333333333333334,0.0
5,last,rank32,expression,paraphrase,24,0.07041776906458765,0.00025104165304302485,-0.04014115438115732,0.0037081372821457883,0.8189895994448739,0.00031352251891037945,0.0,0.0,0.27175925925925926,0.0072280069425907445,0.0,0.0
5,last,rank32,joint,paraphrase,96,0.061398782077625,0.0005183444673564463,0.00477932990362151,0.008401911417249785,0.830928215440406,0.0007380418766570531,0.0,0.0,0.28813657407407406,0.00020046884346861934,0.0,0.0
5,mean,identity,dev,canonical,48,5.463886054067065,0.0,0.0,0.0,0.9999903128408055,0.0,0.0,0.0,0.5,0.0,0.0,0.0
5,mean,identity,expression,canonical,24,37.045235790615415,0.0,0.0,0.0,0.9996517294109669,0.0,0.0,0.0,0.4166666666666667,0.0,0.0,0.0
5,mean,identity,iid,canonical,24,6.180527625146023,0.0,0.0,0.0,0.9999895007361387,0.0,0.0,0.0,0.5,0.0,0.0,0.0
5,mean,identity,joint,canonical,96,33.89449981386603,0.0,0.0,0.0,0.9997639163398291,0.0,0.0,0.0,0.3333333333333333,0.0,0.0,0.0
5,mean,identity,template,canonical,24,3.818189821617445,0.0,0.0,0.0,0.9999930365293007,0.0,0.0,0.0,0.5,0.0,0.0,0.0
5,mean,identity,topic,canonical,96,4.893514456335834,0.0,0.0,0.0,0.9999903575181185,0.0,0.0,0.0,0.5,0.0,0.0,0.0
5,mean,identity,train,canonical,168,6.155985103676122,0.0,0.0,0.0,0.9999901146624625,0.0,0.0,0.0,0.5,0.0,0.0,0.0
5,mean,identity,iid,paraphrase,24,6.1850502193462935,0.0,0.0,0.0,0.9999894983584886,0.0,0.0,0.0,0.5,0.0,0.0,0.0
5,mean,identity,topic,paraphrase,96,4.896659848147043,0.0,0.0,0.0,0.9999903599934394,0.0,0.0,0.0,0.5,0.0,0.0,0.0
5,mean,identity,template,paraphrase,24,17.128729892653528,0.0,0.0,0.0,0.999985758595459,0.0,0.0,0.0,0.5,0.0,0.0,0.0
5,mean,identity,expression,paraphrase,24,62.89166783685675,0.0,0.0,0.0,0.9996328840875467,0.0,0.0,0.0,0.4166666666666667,0.0,0.0,0.0
5,mean,identity,joint,paraphrase,96,42.030560909863176,0.0,0.0,0.0,0.9996170139924067,0.0,0.0,0.0,0.3758680555555555,0.0,0.0,0.0
5,mean,shift,dev,canonical,48,0.6725553609322286,0.01105797947142302,0.8769089702316157,0.002023830541486495,0.9999970002015908,1.1252436796364918e-07,1.0,0.0,1.0,0.0,1.0,0.0
5,mean,shift,expression,canonical,24,69.26527490220468,0.9539857859265013,-0.8697485229599075,0.025751915612538086,0.9996670260622151,6.008521475811733e-07,0.0,0.0,0.4166666666666667,0.0,0.0,0.0
5,mean,shift,iid,canonical,24,0.7258607396192214,0.0061813417053437295,0.8825568327425651,0.0010001317169418384,0.9999968126786228,6.05084534684367e-08,1.0,0.0,1.0,0.0,1.0,0.0
5,mean,shift,joint,canonical,96,65.56082657372127,0.9397501947227149,-0.9342615154008188,0.02772574311122512,0.9997721837939232,3.938064178523454e-07,0.0,0.0,0.3333333333333333,0.0,0.0,0.0
5,mean,shift,template,canonical,24,0.5012094860100084,0.04851490977034264,0.8687311240598069,0.012706259258160943,0.9999956384875236,1.8456314136137164e-07,1.0,0.0,1.0,0.0,1.0,0.0
5,mean,shift,topic,canonical,96,0.9799023065742856,0.033320482745465826,0.799754896952319,0.006809110924833268,0.9999967743272213,9.775325587087579e-08,1.0,0.0,1.0,0.0,1.0,0.0
5,mean,shift,train,canonical,168,0.9357447940105059,0.0015716498323977142,0.8479943050135527,0.00025530435924210913,0.999996951273633,8.488130531469209e-08,0.9940476190476191,0.0,0.9970238095238096,1.3597399555105182e-16,0.9940476190476191,0.0
5,mean,shift,iid,paraphrase,24,0.7330718239853636,0.006295373896125211,0.8814768194294721,0.001017837151335297,0.9999890707366247,1.0477886484997433e-07,0.23611111111111113,0.0240562612162344,0.6180555555555555,0.012028130608117225,0.23611111111111113,0.0240562612162344
5,mean,shift,topic,paraphrase,96,0.9884514265194434,0.03331209612442528,0.7981376168300752,0.006803024338525581,0.9999891119890884,1.3955816056803918e-07,0.3958333333333333,0.0375578257860832,0.6979166666666666,0.018778912893041573,0.3958333333333333,0.0375578257860832
5,mean,shift,template,paraphrase,24,4.00713288573501,0.20144451320621368,0.7660577923262331,0.011760621743040788,0.9999887284239923,1.662637701768291e-07,0.875,0.04166666666666663,0.9375,0.02083333333333337,0.875,0.04166666666666663
5,mean,shift,expression,paraphrase,24,103.45036910019229,1.1665095500294675,-0.6448978482896378,0.01854791882853918,0.9996472706341352,5.831007195387256e-07,0.0,0.0,0.40277777777777773,0.0,0.0,0.0
5,mean,shift,joint,paraphrase,96,76.50438486203576,1.0114634774744327,-0.8202085150874758,0.02406495310979954,0.9996440507151205,6.341090339876362e-07,0.0,0.0,0.3087962962962963,0.0010023442173430967,0.0,0.0
5,mean,lowrank,dev,canonical,48,0.2763901628477267,0.011533042462903601,0.9494150939253219,0.0021107765331817062,0.9999990444336971,2.399301416760654e-08,1.0,0.0,1.0,0.0,1.0,0.0
5,mean,lowrank,expression,canonical,24,69.27659645022841,0.42690760353898105,-0.8700541371038618,0.011523954279894931,0.9996448100025006,4.6090095667393364e-07,0.0,0.0,0.4166666666666667,0.0,0.0,0.0
5,mean,lowrank,iid,canonical,24,0.27477646764948677,0.07667910382927179,0.9555415840984945,0.012406562753201856,0.9999989736279525,4.07082666475921e-08,1.0,0.0,1.0,0.0,1.0,0.0
5,mean,lowrank,joint,canonical,96,62.95664834305213,0.928230677804091,-0.8574296327953764,0.027385879210536583,0.999768778832434,2.2204602018165026e-07,0.0,0.0,0.3333333333333333,0.0,0.0,0.0
5,mean,lowrank,template,canonical,24,0.1113561491485381,0.055420488631213224,0.970835355403738,0.01451485945445639,0.9999969983003977,1.3632964567464786e-07,1.0,0.0,1.0,0.0,1.0,0.0
5,mean,lowrank,topic,canonical,96,0.2905486411944291,0.05447477131154177,0.9406257723795536,0.011132034409546104,0.9999987899030424,1.3213842099720363e-08,1.0,0.0,1.0,0.0,1.0,0.0
5,mean,lowrank,train,canonical,168,0.2392005305341887,0.044132813436736744,0.961143419533074,0.007169090355722661,0.9999992330975286,1.9949461099239773e-08,1.0,0.0,1.0,0.0,1.0,0.0
5,mean,lowrank,iid,paraphrase,24,0.2845378557293426,0.07321261546687312,0.9539958697765568,0.0118370284590205,0.9999904549868416,2.295416509800019e-09,0.041666666666666664,0.0,0.5208333333333334,0.0,0.041666666666666664,0.0
5,mean,lowrank,topic,paraphrase,96,0.2972877086703713,0.053293543090407264,0.9392876536476454,0.010883652273819744,0.999990988023669,1.5850759607291865e-08,0.1597222222222222,0.03348489847566998,0.5798611111111112,0.016742449237835005,0.1597222222222222,0.03348489847566998
5,mean,lowrank,template,paraphrase,24,4.817018028769547,0.25537463100481955,0.7187755274933983,0.014909139942381196,0.9999903169756575,5.5620798382004356e-08,0.9444444444444445,0.024056261216234453,0.9722222222222222,0.01202813060811716,0.9444444444444445,0.024056261216234453
5,mean,lowrank,expression,paraphrase,24,103.13372303186007,0.5097105950769389,-0.6398630626141554,0.008104580663994283,0.9996252433524094,4.712432822577995e-07,0.0,0.0,0.3958333333333333,0.0,0.0,0.0
5,mean,lowrank,joint,paraphrase,96,71.12693136584188,0.8521276284002496,-0.6922670034877111,0.020274000868741232,0.9996382979514905,4.691855721089787e-07,0.0,0.0,0.3128472222222222,0.0,0.0,0.0
5,mean,full_delta,dev,canonical,48,0.2763565223450169,0.011540657237454193,0.9494212508075073,0.002112170188626786,0.9999990760322297,3.0451860594027345e-08,1.0,0.0,1.0,0.0,1.0,0.0
5,mean,full_delta,expression,canonical,24,69.27661371331938,0.42692835523995193,-0.8700546031041615,0.011524514451818041,0.999644799934849,4.788905142229247e-07,0.0,0.0,0.4166666666666667,0.0,0.0,0.0
5,mean,full_delta,iid,canonical,24,0.2747301030456762,0.07667266857971244,0.9555490858211018,0.01240552153957904,0.9999990106974419,3.7463068907736044e-08,1.0,0.0,1.0,0.0,1.0,0.0
5,mean,full_delta,joint,canonical,96,62.9566252234147,0.9282278270788019,-0.857428950689502,0.027385795104699295,0.9997687844842528,2.1470723983584246e-07,0.0,0.0,0.3333333333333333,0.0,0.0,0.0
5,mean,full_delta,template,canonical,24,0.11134280370237341,0.05541541847440345,0.9708388506323117,0.014513531559027782,0.999997011645236,1.3051355631836287e-07,1.0,0.0,1.0,0.0,1.0,0.0
5,mean,full_delta,topic,canonical,96,0.2905357873051299,0.05447290408199866,0.9406283990989418,0.011131652837250781,0.999998802219041,1.1320445035963347e-08,1.0,0.0,1.0,0.0,1.0,0.0
5,mean,full_delta,train,canonical,168,0.23915796073557738,0.04412961160548597,0.9611503347217716,0.00716857023892627,0.9999992693361662,2.2225654093578138e-08,1.0,0.0,1.0,0.0,1.0,0.0
5,mean,full_delta,iid,paraphrase,24,0.28450249349515566,0.0732128654359633,0.954001587148758,0.011837068874066669,0.9999904839223985,3.659001698236973e-09,0.041666666666666664,0.0,0.5208333333333334,0.0,0.041666666666666664,0.0
5,mean,full_delta,topic,paraphrase,96,0.297274254778697,0.05329532605948631,0.9392904012127391,0.010884016393267304,0.9999910012402652,1.702290233933106e-08,0.1597222222222222,0.03348489847566998,0.5798611111111112,0.016742449237835005,0.1597222222222222,0.03348489847566998
5,mean,full_delta,template,paraphrase,24,4.817010083734551,0.25537757202830014,0.7187759913360212,0.014909311643581414,0.9999903254985445,4.911200060169586e-08,0.9444444444444445,0.024056261216234453,0.9722222222222222,0.01202813060811716,0.9444444444444445,0.024056261216234453
5,mean,full_delta,expression,paraphrase,24,103.13374411873791,0.5097260971153929,-0.6398633979030508,0.008104827151947063,0.9996252431572659,4.98252905667068e-07,0.0,0.0,0.3958333333333333,0.0,0.0,0.0
5,mean,full_delta,joint,paraphrase,96,71.12689706250187,0.8521178612684605,-0.6922661873353859,0.02027376848707474,0.9996382878968793,4.7544294361862655e-07,0.0,0.0,0.3128472222222222,0.0,0.0,0.0
5,mean,full_affine,dev,canonical,48,0.28385418586320715,0.011867723150525474,0.9480490290144467,0.002172029766559946,0.9999920188631696,3.60447365176718e-07,0.9930555555555555,0.012028130608117225,0.9965277777777778,0.006014065304058581,1.0,0.0
5,mean,full_affine,expression,canonical,24,69.27318356294171,0.426593250264362,-0.8699620095410632,0.011515468619919792,0.9996400945143532,3.1407074659114695e-07,0.0,0.0,0.4166666666666667,0.0,0.0,0.0
5,mean,full_affine,iid,canonical,24,0.2844150031066255,0.07620408276078823,0.9539820836736563,0.012329705064458471,0.999990948867802,4.188268747764771e-07,1.0,0.0,1.0,0.0,1.0,0.0
5,mean,full_affine,joint,canonical,96,62.925488805738716,0.9266562061009782,-0.8565103232470861,0.02733942708078823,0.9997657474060125,1.5030996402008535e-07,0.0,0.0,0.2649884259259259,0.0029171488798908725,0.0,0.0
5,mean,full_affine,template,canonical,24,0.2793012410121079,0.05532813786678971,0.9268498283058668,0.014490672400187761,0.9998289505150316,4.3224461151431275e-07,0.9305555555555555,0.024056261216234453,0.9652777777777778,0.012028130608117162,1.0,0.0
5,mean,full_affine,topic,canonical,96,0.3083865481411645,0.054323304268599965,0.9369805584732903,0.011101081799863754,0.9999814610622231,1.7556749601107628e-07,0.9895833333333334,0.0,0.9947916666666666,0.0,1.0,0.0
5,mean,full_affine,train,canonical,168,0.24607602633277503,0.04390974926608035,0.9600265396701776,0.007132855022644394,0.9999932086437197,3.2059451676474683e-07,0.9920634920634921,0.0034366087451763315,0.996031746031746,0.0017183043725881658,1.0,0.0
5,mean,full_affine,iid,paraphrase,24,0.2873742134487243,0.07269485805588628,0.953537286964972,0.011753317350359253,0.9999878656854225,4.2824508984642177e-07,1.0,0.0,1.0,0.0,1.0,0.0
5,mean,full_affine,topic,paraphrase,96,0.3097631381150754,0.05310654852072396,0.9367399109349419,0.01084546408524172,0.9999784246405691,1.8361584014650967e-07,0.9791666666666666,0.0,0.9895833333333334,0.0,1.0,0.0
5,mean,full_affine,template,paraphrase,24,5.075921191784931,0.2554401744639813,0.703660386753954,0.014912966464229129,0.9997443741596957,6.652780002345897e-07,0.0,0.0,0.27777777777777773,0.0,1.0,0.0
5,mean,full_affine,expression,paraphrase,24,103.12439296428603,0.5094726085554605,-0.6397147112045817,0.00810079659323157,0.9996180023740422,3.4263394328450344e-07,0.0,0.0,0.33796296296296297,0.0020046884346861934,0.0,0.0
5,mean,full_affine,joint,paraphrase,96,71.02278670031171,0.8501095244255087,-0.6897891715655172,0.020225985711887516,0.9997359922921744,5.30690105093593e-07,0.0,0.0,0.2276041666666667,0.0005208333333333315,0.5486111111111112,0.0060140653040586444
5,mean,shuffled,dev,canonical,48,14.122472831402021,2.7580670701582806,-1.5846938775177979,0.5047812203377304,0.9998768642788547,5.230409281749434e-06,0.6597222222222222,0.05242940580049135,0.7887731481481483,0.029581893331324268,1.0,0.0
5,mean,shuffled,expression,canonical,24,82.02978224529794,4.917085348682159,-1.2143139460345491,0.13273192203375844,0.9997481010979903,7.120643284784298e-06,0.0,0.0,0.3534722222222222,0.013411949941547206,0.05555555555555555,0.06364688465216445
5,mean,shuffled,iid,canonical,24,14.182961702234502,5.782380174115093,-1.2947817018938437,0.9355803460191602,0.9998505641574259,1.877055801697142e-05,0.7222222222222223,0.10485881160098265,0.8125,0.07316426217258855,1.0,0.0
5,mean,shuffled,joint,canonical,96,102.04276742402983,10.601857175771965,-2.0105995953445164,0.3127898990689579,0.999740749433972,1.019641537080352e-05,0.0,0.0,0.3223958333333334,0.00655367572506138,0.0,0.0
5,mean,shuffled,template,canonical,24,11.169794784814366,1.8074208189607956,-1.9254163115658471,0.47337112700047596,0.9999225886874767,1.5662448191603117e-05,0.9722222222222223,0.024056261216234387,0.986111111111111,0.012028130608117226,1.0,0.0
5,mean,shuffled,topic,canonical,96,17.024057922177395,6.020266246260813,-2.4789021416163695,1.230254104688733,0.9998750166070605,6.5592172753269944e-06,0.8159722222222223,0.015911721163041116,0.8804976851851851,0.009200296930315153,0.9930555555555557,0.00601406530405858
5,mean,shuffled,train,canonical,168,17.636460824201247,6.505977696325541,-1.864929093748037,1.0568540350171438,0.9998662092910827,7.496792651746449e-06,0.9126984126984127,0.022535350578572564,0.9436177248677248,0.015210741576860929,0.998015873015873,0.0034366087451763315
5,mean,shuffled,iid,paraphrase,24,14.07620873159784,5.756297798589764,-1.2758438868561965,0.9306792337084944,0.9998434979191568,1.8080611705562468e-05,0.4305555555555555,0.08673608331108887,0.6472222222222221,0.045202946000902355,0.47222222222222227,0.0481125224324688
5,mean,shuffled,topic,paraphrase,96,17.096977372662185,6.078365002716258,-2.4915591245595494,1.241328822343334,0.9998685372700246,6.218705335932246e-06,0.5208333333333334,0.03125000000000003,0.7251157407407408,0.016973390481553812,0.6215277777777778,0.03182344232608222
5,mean,shuffled,template,paraphrase,24,9.926255967136946,0.969498193793777,0.4204908344433469,0.05660070535700334,0.9999229622462287,6.804158470264502e-06,0.8333333333333334,0.08333333333333331,0.9166666666666666,0.041666666666666685,0.8333333333333334,0.08333333333333331
5,mean,shuffled,expression,paraphrase,24,117.59975705473165,6.277679330421841,-0.8698781746381679,0.09981734538677468,0.9997264786086294,5.745307899684643e-06,0.0,0.0,0.2881944444444445,0.004861111111111125,0.013888888888888888,0.024056261216234408
5,mean,shuffled,joint,paraphrase,96,136.87645458181345,16.430632059625164,-2.256593574264984,0.39092107514009977,0.9996335665471849,6.0308124020580495e-06,0.0,0.0,0.29218750000000004,0.0034722222222222376,0.0,0.0
5,mean,random_subspace,dev,canonical,48,0.6693385412812617,0.010857297557139144,0.877497712313558,0.0019871017531666083,0.9999933902501655,1.758650363667325e-06,1.0,0.0,1.0,0.0,1.0,0.0
5,mean,random_subspace,expression,canonical,24,69.26548052906274,0.9493708472391288,-0.8697540736563382,0.025627339844861475,0.999663372863886,2.108712391373137e-06,0.0,0.0,0.4166666666666667,0.0,0.0,0.0
5,mean,random_subspace,iid,canonical,24,0.7224024189029512,0.006507033318509476,0.883116383791605,0.001052828126199889,0.9999935187107916,1.5023633588419663e-06,1.0,0.0,1.0,0.0,1.0,0.0
5,mean,random_subspace,joint,canonical,96,65.54080501252506,0.9330202894814101,-0.9336708130359463,0.027527188617774395,0.9997709611539326,4.4298508756828864e-07,0.0,0.0,0.3333333333333333,0.0,0.0,0.0
5,mean,random_subspace,template,canonical,24,0.4981507273688406,0.04795592589329075,0.8695322258342263,0.01255985902580817,0.9999936751320094,7.069137305646399e-07,1.0,0.0,1.0,0.0,1.0,0.0
5,mean,random_subspace,topic,canonical,96,0.9744491722587206,0.03271479476685421,0.8008692564508394,0.0066853373089553105,0.9999927798858521,1.8477715017458616e-06,1.0,0.0,1.0,0.0,1.0,0.0
5,mean,random_subspace,train,canonical,168,0.9302354571394852,0.0032923008287650594,0.848889261186811,0.0005348129947226577,0.9999930213447462,1.953152321754283e-06,0.9940476190476191,0.0,0.9970238095238096,1.3597399555105182e-16,0.9940476190476191,0.0
5,mean,random_subspace,iid,paraphrase,24,0.7296655976080441,0.006645402249244195,0.8820275387052292,0.0010744297966179806,0.9999858054178982,1.4324948270261117e-06,0.22222222222222224,0.0240562612162344,0.611111111111111,0.012028130608117226,0.22222222222222224,0.0240562612162344
5,mean,random_subspace,topic,paraphrase,96,0.9829715067619514,0.03269036788300113,0.7992567306602031,0.006676054473208187,0.99998512007252,1.8037611142063603e-06,0.3819444444444444,0.042098457128410205,0.6909722222222222,0.021049228564205085,0.3819444444444444,0.042098457128410205
5,mean,random_subspace,template,paraphrase,24,4.013248809463671,0.19947644144344856,0.765700735862211,0.011645722869913614,0.9999855335710356,9.502549024702259e-07,0.9166666666666666,0.041666666666666685,0.9583333333333334,0.020833333333333315,0.9166666666666666,0.041666666666666685
5,mean,random_subspace,expression,paraphrase,24,103.44787831377694,1.1609713433302289,-0.6448582438952718,0.01845985936232168,0.9996435999911565,2.1873673043372216e-06,0.0,0.0,0.40277777777777773,0.0,0.0,0.0
5,mean,random_subspace,joint,paraphrase,96,76.46188413161859,0.9994188096171843,-0.8191973287150569,0.023778383823154205,0.9996411757894186,1.0641794682897867e-06,0.0,0.0,0.30966435185185187,0.0005011721086715644,0.0,0.0
5,mean,rank1,dev,canonical,48,0.2780856979343503,0.011515760044978875,0.9491047772258435,0.0021076135063993846,0.9999975778724965,2.4044449517841597e-08,1.0,0.0,1.0,0.0,1.0,0.0
5,mean,rank1,expression,canonical,24,69.25853918505653,0.42701844411940343,-0.8695666988466476,0.011526946313230835,0.9996601118536836,1.0400506584078738e-06,0.0,0.0,0.4166666666666667,0.0,0.0,0.0
5,mean,rank1,iid,canonical,24,0.2767735872406805,0.0765817517087096,0.9552184531762947,0.012390811327681777,0.9999973522722053,6.044825479242515e-08,1.0,0.0,1.0,0.0,1.0,0.0
5,mean,rank1,joint,canonical,96,62.95768283432054,0.9279404344798603,-0.8574601537139354,0.02737731607121232,0.9997713191850964,4.025166079272883e-07,0.0,0.0,0.3333333333333333,0.0,0.0,0.0
5,mean,rank1,template,canonical,24,0.11238476934780206,0.055488018384901416,0.9705659554400587,0.014532545781444608,0.9999960567135028,2.0233281240751573e-07,1.0,0.0,1.0,0.0,1.0,0.0
5,mean,rank1,topic,canonical,96,0.2918897629449789,0.05444451133641322,0.9403517113212861,0.011125850719807694,0.9999974845139703,3.774267131738574e-08,1.0,0.0,1.0,0.0,1.0,0.0
5,mean,rank1,train,canonical,168,0.2413479636388102,0.044117181060741056,0.9607945829019817,0.007166550977258841,0.9999975101551684,4.3743427521606274e-08,0.998015873015873,0.003436608745176332,0.9990079365079364,0.0017183043725881658,0.998015873015873,0.003436608745176332
5,mean,rank1,iid,paraphrase,24,0.2857259923319795,0.07317059850264154,0.9538037716430736,0.011830235148903115,0.9999894267010502,5.6349765881372675e-08,0.027777777777777776,0.024056261216234408,0.513888888888889,0.012028130608117226,0.027777777777777776,0.024056261216234408
5,mean,rank1,topic,paraphrase,96,0.29831251110069684,0.05324558560055412,0.9390783676318497,0.010873858354834053,0.9999899296643594,1.3219042857639023e-08,0.07291666666666667,0.0180421959121758,0.5364583333333334,0.009021097956087902,0.07291666666666667,0.0180421959121758
5,mean,rank1,template,paraphrase,24,4.816783642561543,0.2551794272924513,0.7187892112988804,0.014897743667608257,0.9999893935927617,1.0453110201181673e-07,0.7777777777777778,0.06364688465216443,0.8888888888888888,0.03182344232608223,0.7777777777777778,0.06364688465216443
5,mean,rank1,expression,paraphrase,24,103.11599907395147,0.5098854500746539,-0.6395812453477637,0.008107360920962063,0.9996402594480448,1.05356048825362e-06,0.0,0.0,0.3958333333333333,0.0,0.0,0.0
5,mean,rank1,joint,paraphrase,96,71.13147777401245,0.851613793664567,-0.6923751725930511,0.02026177560396826,0.9996392582302763,7.118296062635024e-07,0.0,0.0,0.31603009259259257,0.0021845585750204493,0.0,0.0
5,mean,rank2,dev,canonical,48,0.2776178911492601,0.01150239030971461,0.9491903951872104,0.002105166578492709,0.9999979054284364,4.499058465444357e-08,1.0,0.0,1.0,0.0,1.0,0.0
5,mean,rank2,expression,canonical,24,69.26602941151856,0.4254729338539361,-0.8697688902027605,0.011485226771365847,0.9996543514062369,8.167287580323325e-07,0.0,0.0,0.4166666666666667,0.0,0.0,0.0
5,mean,rank2,iid,canonical,24,0.2763812668374714,0.07656388793144338,0.9552819300227718,0.012387920995601813,0.9999975892209867,6.696822734290137e-08,1.0,0.0,1.0,0.0,1.0,0.0
5,mean,rank2,joint,canonical,96,62.952800624444954,0.9267738417546842,-0.8573161123531717,0.027342897722171022,0.9997701697329141,8.282491586340674e-07,0.0,0.0,0.3333333333333333,0.0,0.0,0.0
5,mean,rank2,template,canonical,24,0.11184121331190576,0.055398792978392106,0.9707083150558167,0.014509177271580626,0.9999964609397597,1.8459772348646904e-07,1.0,0.0,1.0,0.0,1.0,0.0
5,mean,rank2,topic,canonical,96,0.2915625651868203,0.05443019505426548,0.9404185748732545,0.011122925157356451,0.9999977653812269,5.1455807679783866e-08,1.0,0.0,1.0,0.0,1.0,0.0
5,mean,rank2,train,canonical,168,0.2408936945452489,0.044115545999299906,0.9608683759807352,0.00716628537209354,0.9999978708843938,4.803765378816303e-08,1.0,0.0,1.0,0.0,1.0,0.0
5,mean,rank2,iid,paraphrase,24,0.28551513604256024,0.07310353072446792,0.9538378629247837,0.011819391618811143,0.9999895362184593,4.1730705278392314e-08,0.027777777777777776,0.024056261216234408,0.513888888888889,0.012028130608117226,0.027777777777777776,0.024056261216234408
5,mean,rank2,topic,paraphrase,96,0.2980896556285034,0.05320931701443474,0.9391238793641539,0.01086645155361769,0.9999901169502078,2.2022627433040547e-08,0.0763888888888889,0.006014065304058597,0.5381944444444445,0.003007032652029258,0.0763888888888889,0.006014065304058597
5,mean,rank2,template,paraphrase,24,4.817947038498327,0.2551733656358504,0.7187212905631296,0.014897389779337552,0.9999898027375548,3.5471770021238274e-08,0.9027777777777777,0.024056261216234387,0.951388888888889,0.012028130608117226,0.9027777777777777,0.024056261216234387
5,mean,rank2,expression,paraphrase,24,103.12318023739982,0.5082032253294827,-0.6396954284135868,0.008080612946182023,0.99963476477082,7.862933979873915e-07,0.0,0.0,0.3958333333333333,0.0,0.0,0.0
5,mean,rank2,joint,paraphrase,96,71.12468650918868,0.8509662357609272,-0.6922135933831441,0.020246368769283672,0.9996401934802973,6.64741394946651e-07,0.0,0.0,0.31342592592592594,0.0010023442173430967,0.0,0.0
5,mean,rank4,dev,canonical,48,0.27715814428199287,0.011518876002687665,0.9492745380230452,0.002108183788736527,0.9999983533870038,1.4834086529361805e-08,1.0,0.0,1.0,0.0,1.0,0.0
5,mean,rank4,expression,canonical,24,69.27330290487741,0.4270062878136295,-0.8699652310601907,0.011526618165615891,0.9996470039201947,4.86626255881933e-07,0.0,0.0,0.4166666666666667,0.0,0.0,0.0
5,mean,rank4,iid,canonical,24,0.2758823151888729,0.07664391863117989,0.9553626596430989,0.012400869841491769,0.9999980659375397,4.1050814410922915e-08,1.0,0.0,1.0,0.0,1.0,0.0
5,mean,rank4,joint,canonical,96,62.956545514607996,0.9280182947569051,-0.857426599015716,0.027379613207251442,0.9997688066306883,5.067800633154812e-07,0.0,0.0,0.3333333333333333,0.0,0.0,0.0
5,mean,rank4,template,canonical,24,0.11170897125607772,0.0554027023082496,0.970742949807363,0.01451020114153993,0.9999966318906397,1.1179623215290418e-07,1.0,0.0,1.0,0.0,1.0,0.0
5,mean,rank4,topic,canonical,96,0.2911992662740236,0.054478902938517156,0.9404928157723135,0.0111328787162325,0.9999981889030981,1.478800389010037e-08,1.0,0.0,1.0,0.0,1.0,0.0
5,mean,rank4,train,canonical,168,0.24030023191407726,0.04412743348084654,0.9609647801502023,0.0071682164166536255,0.9999983688688657,1.0422879543818e-08,1.0,0.0,1.0,0.0,1.0,0.0
5,mean,rank4,iid,paraphrase,24,0.2852176311244769,0.07311223438936902,0.9538859635719139,0.011820798828872919,0.9999898557333237,9.053784642185426e-08,0.041666666666666664,0.0,0.5208333333333334,0.0,0.041666666666666664,0.0
5,mean,rank4,topic,paraphrase,96,0.29784088202849957,0.053235104078133026,0.9391746841183575,0.010871717809493755,0.99999042388309,6.128711981528813e-08,0.10763888888888888,0.021684020827772217,0.5538194444444443,0.010842010413886122,0.10763888888888888,0.021684020827772217
5,mean,rank4,template,paraphrase,24,4.817491165141897,0.25542099090907705,0.718747905108358,0.014911846500575986,0.9999899087968097,2.3777345936774426e-08,0.9444444444444445,0.024056261216234453,0.9722222222222222,0.012028130608117162,0.9444444444444445,0.024056261216234453
5,mean,rank4,expression,paraphrase,24,103.13027872769142,0.5098046450927733,-0.6398082969466653,0.008106076092865332,0.9996274408536245,5.062223371932835e-07,0.0,0.0,0.3958333333333333,0.0,0.0,0.0
5,mean,rank4,joint,paraphrase,96,71.12674198780805,0.852314823735732,-0.6922624977654525,0.020278454659778844,0.9996384262220713,5.85065300497334e-07,0.0,0.0,0.3111111111111111,0.001736111111111105,0.0,0.0
5,mean,rank8,dev,canonical,48,0.27685609221928126,0.011534354908288694,0.949329819568034,0.0021110167368338538,0.99999862254835,2.572323674636017e-08,1.0,0.0,1.0,0.0,1.0,0.0
5,mean,rank8,expression,canonical,24,69.27611564555527,0.4269016974193017,-0.8700411582507686,0.011523794849956038,0.9996451438917333,4.1863571056117664e-07,0.0,0.0,0.4166666666666667,0.0,0.0,0.0
5,mean,rank8,iid,canonical,24,0.27540187961108464,0.07671805773107347,0.9554403933912393,0.012412865435458827,0.999998483581547,5.646201149390429e-08,1.0,0.0,1.0,0.0,1.0,0.0
5,mean,rank8,joint,canonical,96,62.956448731818284,0.9281521807957374,-0.8574237436028836,0.027383563288815208,0.9997690410316996,1.692643182833096e-07,0.0,0.0,0.3333333333333333,0.0,0.0,0.0
5,mean,rank8,template,canonical,24,0.11160219583501507,0.055403606145449355,0.9707709147399752,0.014510437860310333,0.9999967497032848,1.281951960636512e-07,1.0,0.0,1.0,0.0,1.0,0.0
5,mean,rank8,topic,canonical,96,0.2908861613564429,0.05448478617722935,0.9405567994225866,0.011134080968471528,0.9999984783611949,1.9390139177414116e-08,1.0,0.0,1.0,0.0,1.0,0.0
5,mean,rank8,train,canonical,168,0.2397946293146772,0.04415006571237229,0.9610469120252613,0.007171892876415084,0.9999987470241346,1.1974113544188179e-08,1.0,0.0,1.0,0.0,1.0,0.0
5,mean,rank8,iid,paraphrase,24,0.284895093452084,0.07324220774418735,0.9539381115191342,0.011841812943586496,0.9999901558555626,3.336374226083118e-08,0.027777777777777776,0.024056261216234408,0.513888888888889,0.012028130608117226,0.027777777777777776,0.024056261216234408
5,mean,rank8,topic,paraphrase,96,0.2975596133973969,0.0533312231855571,0.9392321250351916,0.010891347334599592,0.9999907167772562,5.7955074091788145e-08,0.06597222222222222,0.046971351591905144,0.532986111111111,0.023485675795952572,0.06597222222222222,0.046971351591905144
5,mean,rank8,template,paraphrase,24,4.817344537767731,0.25535061154621946,0.7187564654263198,0.014907737651683036,0.9999900504402367,9.495281980002844e-08,0.9166666666666666,0.041666666666666685,0.9583333333333334,0.020833333333333315,0.9166666666666666,0.041666666666666685
5,mean,rank8,expression,paraphrase,24,103.13316803581102,0.5096940175967936,-0.6398542379785853,0.008104317076134045,0.999625555924939,4.3702028438563515e-07,0.0,0.0,0.3958333333333333,0.0,0.0,0.0
5,mean,rank8,joint,paraphrase,96,71.12682631923398,0.8520200022139167,-0.6922645041965853,0.020271440203739454,0.9996382587655551,3.7662261558482003e-07,0.0,0.0,0.31226851851851856,0.0010023442173430967,0.0,0.0
5,mean,rank16,dev,canonical,48,0.2765744778943253,0.01152199818210692,0.9493813605998508,0.0021087552097706188,0.9999988739197607,1.6607256801266003e-08,1.0,0.0,1.0,0.0,1.0,0.0
5,mean,rank16,expression,canonical,24,69.27647659068681,0.4269749610376673,-0.8700509016124677,0.011525772529860116,0.9996449328371416,4.6737566547834755e-07,0.0,0.0,0.4166666666666667,0.0,0.0,0.0
5,mean,rank16,iid,canonical,24,0.275045987192968,0.0766766157171985,0.9554979762449537,0.012406160180440412,0.9999987549916903,3.003827992379615e-08,1.0,0.0,1.0,0.0,1.0,0.0
5,mean,rank16,joint,canonical,96,62.95652748654951,0.9281574610441228,-0.8574260671282836,0.027383719073630425,0.9997688442765836,2.4091364176248744e-07,0.0,0.0,0.3333333333333333,0.0,0.0,0.0
5,mean,rank16,template,canonical,24,0.11148044773123013,0.05540931782758625,0.9708028010812711,0.01451193377392487,0.9999968738284913,1.294690255180601e-07,1.0,0.0,1.0,0.0,1.0,0.0
5,mean,rank16,topic,canonical,96,0.2906656716719845,0.0544757433461373,0.9406018569546376,0.01113223304686582,0.9999986760158791,1.802803400018964e-08,1.0,0.0,1.0,0.0,1.0,0.0
5,mean,rank16,train,canonical,168,0.23941850866614592,0.04413760066400401,0.9611080103941164,0.007169868009857048,0.9999990463025131,8.231760789960655e-09,1.0,0.0,1.0,0.0,1.0,0.0
5,mean,rank16,iid,paraphrase,24,0.28470600383579414,0.0732086359114895,0.95396868356133,0.011836385043810863,0.9999903135301667,1.7663510824373957e-08,0.013888888888888888,0.024056261216234408,0.5069444444444445,0.012028130608117225,0.013888888888888888,0.024056261216234408
5,mean,rank16,topic,paraphrase,96,0.2973694461019277,0.05328839357016564,0.9392709611605028,0.010882600634457146,0.9999909065509103,2.0484639415674052e-08,0.14583333333333334,0.041666666666666664,0.5729166666666666,0.020833333333333315,0.14583333333333334,0.041666666666666664
5,mean,rank16,template,paraphrase,24,4.817132010397241,0.2553856551385542,0.7187688730812845,0.014909783547237185,0.9999902189754191,3.6406167837982756e-08,0.9444444444444445,0.024056261216234453,0.9722222222222222,0.01202813060811716,0.9444444444444445,0.024056261216234453
5,mean,rank16,expression,paraphrase,24,103.13358312713903,0.5098176907833213,-0.63986083807908,0.008106283524008362,0.999625356352666,5.066363935062718e-07,0.0,0.0,0.3958333333333333,0.0,0.0,0.0
5,mean,rank16,joint,paraphrase,96,71.12689930180682,0.8521045982190951,-0.6922662406134034,0.020273452929797462,0.9996382760925892,4.4474445057108284e-07,0.0,0.0,0.3128472222222222,0.0,0.0,0.0
5,mean,rank32,dev,canonical,48,0.2763901628477267,0.011533042462903601,0.9494150939253219,0.0021107765331817062,0.9999990444336971,2.399301416760654e-08,1.0,0.0,1.0,0.0,1.0,0.0
5,mean,rank32,expression,canonical,24,69.27659645022841,0.42690760353898105,-0.8700541371038618,0.011523954279894931,0.9996448100025006,4.6090095667393364e-07,0.0,0.0,0.4166666666666667,0.0,0.0,0.0
5,mean,rank32,iid,canonical,24,0.27477646764948677,0.07667910382927179,0.9555415840984945,0.012406562753201856,0.9999989736279525,4.07082666475921e-08,1.0,0.0,1.0,0.0,1.0,0.0
5,mean,rank32,joint,canonical,96,62.95664834305213,0.928230677804091,-0.8574296327953764,0.027385879210536583,0.999768778832434,2.2204602018165026e-07,0.0,0.0,0.3333333333333333,0.0,0.0,0.0
5,mean,rank32,template,canonical,24,0.1113561491485381,0.055420488631213224,0.970835355403738,0.01451485945445639,0.9999969983003977,1.3632964567464786e-07,1.0,0.0,1.0,0.0,1.0,0.0
5,mean,rank32,topic,canonical,96,0.2905486411944291,0.05447477131154177,0.9406257723795536,0.011132034409546104,0.9999987899030424,1.3213842099720363e-08,1.0,0.0,1.0,0.0,1.0,0.0
5,mean,rank32,train,canonical,168,0.2392005305341887,0.044132813436736744,0.961143419533074,0.007169090355722661,0.9999992330975286,1.9949461099239773e-08,1.0,0.0,1.0,0.0,1.0,0.0
5,mean,rank32,iid,paraphrase,24,0.2845378557293426,0.07321261546687312,0.9539958697765568,0.0118370284590205,0.9999904549868416,2.295416509800019e-09,0.041666666666666664,0.0,0.5208333333333334,0.0,0.041666666666666664,0.0
5,mean,rank32,topic,paraphrase,96,0.2972877086703713,0.053293543090407264,0.9392876536476454,0.010883652273819744,0.999990988023669,1.5850759607291865e-08,0.1597222222222222,0.03348489847566998,0.5798611111111112,0.016742449237835005,0.1597222222222222,0.03348489847566998
5,mean,rank32,template,paraphrase,24,4.817018028769547,0.25537463100481955,0.7187755274933983,0.014909139942381196,0.9999903169756575,5.5620798382004356e-08,0.9444444444444445,0.024056261216234453,0.9722222222222222,0.01202813060811716,0.9444444444444445,0.024056261216234453
5,mean,rank32,expression,paraphrase,24,103.13372303186007,0.5097105950769389,-0.6398630626141554,0.008104580663994283,0.9996252433524094,4.712432822577995e-07,0.0,0.0,0.3958333333333333,0.0,0.0,0.0
5,mean,rank32,joint,paraphrase,96,71.12693136584188,0.8521276284002496,-0.6922670034877111,0.020274000868741232,0.9996382979514905,4.691855721089787e-07,0.0,0.0,0.3128472222222222,0.0,0.0,0.0
9,last,identity,dev,canonical,48,0.15673835763451463,0.0,0.0,0.0,0.8866290586574399,0.0,0.0,0.0,0.4930555555555555,0.0,0.0,0.0
9,last,identity,expression,canonical,24,0.5032387579809051,0.0,0.0,0.0,0.6342205910298974,0.0,0.0,0.0,0.24583333333333335,0.0,0.0,0.0
9,last,identity,iid,canonical,24,0.16669800926515624,0.0,0.0,0.0,0.8816511231658105,0.0,0.0,0.0,0.5,0.0,0.0,0.0
9,last,identity,joint,canonical,96,0.535913772018248,0.0,0.0,0.0,0.6203428709429875,0.0,0.0,0.0,0.2420138888888889,0.0,0.0,0.0
9,last,identity,template,canonical,24,0.18285882610037496,0.0,0.0,0.0,0.8671048641816123,0.0,0.0,0.0,0.5,0.0,0.0,0.0
9,last,identity,topic,canonical,96,0.15957220915485346,0.0,0.0,0.0,0.8838364542654781,0.0,0.0,0.0,0.49652777777777785,0.0,0.0,0.0
9,last,identity,train,canonical,168,0.16106281286664728,0.0,0.0,0.0,0.8835588803318443,0.0,0.0,0.0,0.49107142857142855,0.0,0.0,0.0
9,last,identity,iid,paraphrase,24,0.159541655519828,0.0,0.0,0.0,0.883397054642586,0.0,0.0,0.0,0.5,0.0,0.0,0.0
9,last,identity,topic,paraphrase,96,0.15120242496469552,0.0,0.0,0.0,0.8872775169278121,0.0,0.0,0.0,0.5,0.0,0.0,0.0
9,last,identity,template,paraphrase,24,0.20058321666085752,0.0,0.0,0.0,0.8539902435572978,0.0,0.0,0.0,0.5,0.0,0.0,0.0
9,last,identity,expression,paraphrase,24,0.4369979882538792,0.0,0.0,0.0,0.6531694721730328,0.0,0.0,0.0,0.22708333333333333,0.0,0.0,0.0
9,last,identity,joint,paraphrase,96,0.48932355562555024,0.0,0.0,0.0,0.6121520924822715,0.0,0.0,0.0,0.22135416666666666,0.0,0.0,0.0
9,last,shift,dev,canonical,48,0.06004719981417613,0.00022437622613065048,0.6168953106284596,0.0014315336049000307,0.9580019865382674,0.00018729729184267278,1.0,0.0,1.0,0.0,1.0,0.0
9,last,shift,expression,canonical,24,0.47083354057611676,0.0012879537977602113,0.06439332601249677,0.0025593294978466085,0.6657647474936578,0.0005356475170797797,0.0,0.0,0.2534722222222222,0.0012028130608117162,0.0,0.0
9,last,shift,iid,canonical,24,0.07046779472978004,0.0003470713437859539,0.5772727278482895,0.0020820365241068475,0.951767050537416,0.0002491913905842854,0.9166666666666666,0.0,0.9583333333333334,0.0,0.9166666666666666,0.0
9,last,shift,joint,canonical,96,0.5186602841075731,0.001101698204613386,0.032194522349553334,0.0020557378110743394,0.644387028620215,0.0003814175316649931,0.0,0.0,0.23715277777777777,0.000300703265202913,0.0,0.0
9,last,shift,template,canonical,24,0.1258420327614821,0.0005638494194791462,0.3118077183083041,0.003083523128217172,0.9126973802044088,0.00031557550475997943,0.09722222222222221,0.02405626121623441,0.548611111111111,0.012028130608117226,0.09722222222222221,0.02405626121623441
9,last,shift,topic,canonical,96,0.06570815010573407,0.00012128799634833169,0.5882230969054956,0.0007600822034783725,0.9535632602275097,8.147538282616026e-05,0.9826388888888888,0.0060140653040586444,0.9913194444444445,0.003007032652029258,0.9826388888888888,0.0060140653040586444
9,last,shift,train,canonical,168,0.06432233260147625,1.8439195308672915e-05,0.6006382140194445,0.00011448449819347969,0.9550396837872229,4.434227024136824e-05,0.9642857142857143,0.0,0.9821428571428571,0.0,0.9642857142857143,0.0
9,last,shift,iid,paraphrase,24,0.14347767705608971,0.0007495191135552583,0.10068830244613973,0.004697952463343375,0.9029432531443464,0.0003727242966433496,0.027777777777777776,0.024056261216234408,0.513888888888889,0.012028130608117226,0.027777777777777776,0.024056261216234408
9,last,shift,topic,paraphrase,96,0.13212825129781405,0.001027771787703651,0.12614991903294628,0.006797323442025709,0.9079763307490767,0.0005970229327869695,0.0,0.0,0.5,0.0,0.0,0.0
9,last,shift,template,paraphrase,24,0.17332634672052516,0.00093176868678592,0.13588808871490868,0.004645297359855102,0.8794247071662643,0.0005064411072801844,0.0,0.0,0.5,0.0,0.0,0.0
9,last,shift,expression,paraphrase,24,0.4725705957039908,0.0014593649442620532,-0.08140222245015301,0.003339523255228777,0.6533718918435439,0.00044420456744121426,0.0,0.0,0.24097222222222223,0.0,0.0,0.0
9,last,shift,joint,paraphrase,96,0.5022631405988158,0.0010249399021768218,-0.026443821934392098,0.0020946056865514596,0.624059860399611,0.0002476713867294047,0.0,0.0,0.22413194444444443,0.0,0.0,0.0
9,last,lowrank,dev,canonical,48,0.027698376770756743,0.0008569929116326277,0.8232827165680509,0.005467665506812212,0.9804727906115458,0.0006353631368396248,1.0,0.0,1.0,0.0,1.0,0.0
9,last,lowrank,expression,canonical,24,0.4586891845982899,0.002345116746363484,0.08852572000089398,0.004660047957698155,0.6718012844370455,0.0012885245048679756,0.0,0.0,0.2548611111111111,0.0,0.0,0.0
9,last,lowrank,iid,canonical,24,0.03210838376611943,9.772953995241514e-05,0.8073859195580039,0.0005862669889294329,0.9777069348443915,5.652871229701342e-05,1.0,0.0,1.0,0.0,1.0,0.0
9,last,lowrank,joint,canonical,96,0.5041298059460462,0.0011187216736281472,0.05930798522401015,0.002087503124644573,0.6520182383098998,0.0006579578310230905,0.0,0.0,0.2388888888888889,0.0003007032652029451,0.0,0.0
9,last,lowrank,template,canonical,24,0.10543761204511054,0.0006693923053398453,0.42339336692868373,0.0036607054721679213,0.92637375520398,0.0006306926432671242,0.5694444444444445,0.024056261216234453,0.7847222222222222,0.012028130608117162,0.5694444444444445,0.024056261216234453
9,last,lowrank,topic,canonical,96,0.0360009616070782,0.0005001255857946607,0.7743907802132273,0.003134164704765916,0.9744581761373419,0.0003229077697137851,1.0,0.0,1.0,0.0,1.0,0.0
9,last,lowrank,train,canonical,168,0.019578970564423658,0.00023535292698820143,0.878438913266502,0.0014612493275097008,0.9861833618503605,0.00018759178516524494,1.0,0.0,1.0,0.0,1.0,0.0
9,last,lowrank,iid,paraphrase,24,0.13214856293681465,0.0007713255464390036,0.17169868579938927,0.004834634214655926,0.909381695843555,0.00029379300955074587,0.2222222222222222,0.04811252243246882,0.6111111111111112,0.024056261216234387,0.2222222222222222,0.04811252243246882
9,last,lowrank,topic,paraphrase,96,0.1233691732906611,0.0011766716421988642,0.1840794000528315,0.007782095045589443,0.9135467712268626,0.0004120961455347057,0.2708333333333333,0.010416666666666657,0.6354166666666666,0.005208333333333315,0.2708333333333333,0.010416666666666657
9,last,lowrank,template,paraphrase,24,0.16082245692680486,0.0011923941255209487,0.19822575585314026,0.0059446355750542605,0.8876956595127802,0.0007101423882358222,0.0,0.0,0.5,0.0,0.0,0.0
9,last,lowrank,expression,paraphrase,24,0.4597536538409633,0.0029948793933539924,-0.05207270101633502,0.0068533024724454165,0.6601511128176011,0.001127196917035744,0.0,0.0,0.24629629629629632,0.0039487782660259235,0.0,0.0
9,last,lowrank,joint,paraphrase,96,0.4858694527458902,0.00226101897504109,0.007058934400254402,0.004620703313885217,0.6338791767330618,0.0013194011459155587,0.0,0.0,0.2274884259259259,0.0016862039680941331,0.0,0.0
9,last,full_delta,dev,canonical,48,0.021666720976248863,0.00029996308303388536,0.8617650375872145,0.0019137822263861342,0.9846585925746223,0.00023089675127672572,1.0,0.0,1.0,0.0,1.0,0.0
9,last,full_delta,expression,canonical,24,0.45370156917087123,0.0017931071486226558,0.09843675198783779,0.0035631340396295604,0.6742020148597345,0.001054518798064083,0.0,0.0,0.25416666666666665,0.0012028130608117162,0.0,0.0
9,last,full_delta,iid,canonical,24,0.026018408617678335,0.0003272070892757959,0.8439189002173837,0.001962873406336463,0.9819279456557278,0.00020785839639135298,1.0,0.0,1.0,0.0,1.0,0.0
9,last,full_delta,joint,canonical,96,0.49987399232925583,0.0003829443809429682,0.06724921353162201,0.0007145634259422357,0.6543988130247134,0.0012445140388455678,0.0,0.0,0.2381365740740741,0.0008018753738744454,0.0,0.0
9,last,full_delta,template,canonical,24,0.1043258293258722,0.0004235989059594282,0.4294733727066277,0.0023165351927115093,0.9270137615635706,0.0001194656804796345,0.7777777777777778,0.06364688465216443,0.8888888888888888,0.03182344232608223,0.7777777777777778,0.06364688465216443
9,last,full_delta,topic,canonical,96,0.032108992552825955,0.0005283892752361549,0.7987807982173983,0.003311286332593092,0.9772089056877564,0.0003181563776753076,1.0,0.0,1.0,0.0,1.0,0.0
9,last,full_delta,train,canonical,168,0.009747773254136014,0.0003515993849885151,0.9394784365140404,0.0021829954334624943,0.9931501486737532,0.00025347065943803944,1.0,0.0,1.0,0.0,1.0,0.0
9,last,full_delta,iid,paraphrase,24,0.12929987242378652,0.00032183746650268116,0.1895541512184132,0.0020172629239307367,0.9111322664016416,0.0001259183835293526,0.23611111111111113,0.0240562612162344,0.6180555555555555,0.012028130608117225,0.23611111111111113,0.0240562612162344
9,last,full_delta,topic,paraphrase,96,0.12136475404484527,0.0005324891969555419,0.1973359284867097,0.003521697466689933,0.9147605345175179,0.00021791291488188448,0.29513888888888884,0.012028130608117193,0.6475694444444443,0.00601406530405858,0.29513888888888884,0.012028130608117193
9,last,full_delta,template,paraphrase,24,0.16137819041251256,0.0008794397582702599,0.1954551676904859,0.004384413476413637,0.8874245555458637,0.0002832650678342953,0.0,0.0,0.5,0.0,0.0,0.0
9,last,full_delta,expression,paraphrase,24,0.4557668995512179,0.0018916124874643154,-0.04294965149000799,0.004328652621543305,0.661961226893821,0.0008104675290536445,0.0,0.0,0.2474537037037037,0.0020046884346861934,0.0,0.0
9,last,full_delta,joint,paraphrase,96,0.4828002745118669,0.0029273828377435634,0.0133312223347678,0.005982509536049635,0.6367461918659164,0.0021755109268632184,0.0,0.0,0.23217592592592592,0.0011559597427915412,0.0,0.0
9,last,full_affine,dev,canonical,48,0.0271582245475282,0.00076949513231853,0.8267289197271275,0.004909424495265298,0.9803473066115297,0.0005830663252566256,1.0,0.0,1.0,0.0,1.0,0.0
9,last,full_affine,expression,canonical,24,0.42964414187607064,0.0016449398332465362,0.14624194765941886,0.003268706567527454,0.6858589666027998,0.0005063350583224032,0.0,0.0,0.2472222222222222,0.0,0.0,0.0
9,last,full_affine,iid,canonical,24,0.029924601947214028,0.000691911538351281,0.820486146900442,0.004150688669897069,0.9789110608107056,0.00046876679621524756,1.0,0.0,1.0,0.0,1.0,0.0
9,last,full_affine,joint,canonical,96,0.3992069611272395,9.400387642310911e-05,0.25509105760833767,0.00017540858498390558,0.6971480076068283,0.0005105668841841285,0.0,0.0,0.2434606481481482,0.003087805919433839,0.0,0.0
9,last,full_affine,template,canonical,24,0.16571854735532798,0.0014106669896530926,0.09373503653380293,0.0077145140857392365,0.8730815321677037,0.0008798227855428357,0.9861111111111112,0.024056261216234387,0.9930555555555555,0.012028130608117225,1.0,0.0
9,last,full_affine,topic,canonical,96,0.05230420701569263,0.0009125781502989103,0.6722223293597751,0.0057189040317999,0.9619377822495737,0.0006592092441320541,1.0,0.0,1.0,0.0,1.0,0.0
9,last,full_affine,train,canonical,168,0.010788767542431457,0.0006990650016073714,0.9330151550788818,0.0043403253002054585,0.9923079369547653,0.0005241367339030515,0.998015873015873,0.0034366087451763315,0.9990079365079364,0.0017183043725881658,1.0,0.0
9,last,full_affine,iid,paraphrase,24,0.06613666641982384,0.0008423773605167167,0.5854583167992493,0.005279983824738705,0.9520503375966,0.0005137827419881672,1.0,0.0,1.0,0.0,1.0,0.0
9,last,full_affine,topic,paraphrase,96,0.08993953481944812,0.000687420444674512,0.4051713466867463,0.004546358597324208,0.932940335819302,0.00044296763041079426,0.9791666666666666,0.0,0.9895833333333334,0.0,1.0,0.0
9,last,full_affine,template,paraphrase,24,0.19588846339616364,0.0034422413327082463,0.023405513895171315,0.017161163281812986,0.8542630131194425,0.0022911911178121816,0.875,0.0,0.9351851851851851,0.004009376869372451,1.0,0.0
9,last,full_affine,expression,paraphrase,24,0.36080063092987213,0.00120268016527598,0.17436546476671486,0.0027521411942456643,0.7076899425572667,0.0011250826138761712,0.0,0.0,0.24143518518518517,0.005906180936191259,0.0,0.0
9,last,full_affine,joint,paraphrase,96,0.34761676509821715,0.0032733113613443855,0.28959732041956454,0.006689462061886195,0.7084890271149756,0.0014940939498107424,0.0,0.0,0.2896412037037037,0.00399808459477218,0.0,0.0
9,last,shuffled,dev,canonical,48,0.13797671827415284,0.007608295368873139,0.11970036973406688,0.04854137483445055,0.899016679783397,0.005515146951668583,0.8333333333333334,0.020833333333333315,0.9166666666666666,0.010416666666666685,1.0,0.0
9,last,shuffled,expression,canonical,24,0.4217363818220267,0.004081836982506499,0.16195568180376707,0.008111133965284489,0.6845836128800205,0.0008975291669774095,0.0,0.0,0.2298611111111111,0.0024056261216234645,0.0,0.0
9,last,shuffled,iid,canonical,24,0.16874963184590652,0.01278735667253993,-0.012307421005171718,0.07670971434457784,0.8781897339687808,0.008630156590675443,0.8611111111111112,0.048112522432468774,0.9305555555555555,0.024056261216234453,1.0,0.0
9,last,shuffled,joint,canonical,96,0.547738168743823,0.003062965563269964,-0.022063991154853985,0.005715407446490538,0.6286997288490531,0.0013646698059734655,0.0,0.0,0.2305555555555556,0.0073800039259834535,0.0,0.0
9,last,shuffled,template,canonical,24,0.20189752160706828,0.01773997206830901,-0.10411690763147848,0.09701457920642653,0.8608136960870506,0.010504564123289267,0.3611111111111111,0.08673608331108884,0.6805555555555555,0.043368041655544406,0.3611111111111111,0.08673608331108884
9,last,shuffled,topic,canonical,96,0.1445927520661818,0.0036763725380030065,0.0938725932792918,0.023038927376353806,0.8943404702089855,0.0027188702086569498,0.96875,0.01041666666666663,0.984375,0.00520833333333337,1.0,0.0
9,last,shuffled,train,canonical,168,0.16997495094940232,0.007327735606184157,-0.05533330707525819,0.0454961357979709,0.8752318348215146,0.005395661990840373,0.8472222222222223,0.04387568330852374,0.9221230158730158,0.020445896672147693,1.0,0.0
9,last,shuffled,iid,paraphrase,24,0.23221508765044482,0.00883212868887014,-0.4555138399048697,0.055359389747416075,0.8392273224855775,0.007086215070316882,0.09722222222222221,0.02405626121623441,0.5254629629629629,0.008018753738744774,0.09722222222222221,0.02405626121623441
9,last,shuffled,topic,paraphrase,96,0.20687253674385805,0.005511793410751311,-0.3681826650079256,0.03645307548498818,0.8535853787501634,0.004805758728046778,0.1840277777777778,0.031823442326082224,0.5891203703703703,0.018563674690214648,0.1840277777777778,0.031823442326082224
9,last,shuffled,template,paraphrase,24,0.27696880853657596,0.029838854664716013,-0.3808174639300446,0.14876047538497214,0.8107347523874241,0.016004731468442127,0.0,0.0,0.4976851851851852,0.004009376869372419,0.0,0.0
9,last,shuffled,expression,paraphrase,24,0.45598004111470797,0.016864715127652967,-0.04343739186689555,0.03859220312441163,0.6561072383222513,0.007594803860128498,0.0,0.0,0.2175925925925926,0.0010607814108694036,0.0,0.0
9,last,shuffled,joint,paraphrase,96,0.5284094442437318,0.011597046276390133,-0.07987739026422742,0.023700159420211257,0.6118863811331662,0.006632128219564007,0.0,0.0,0.21267361111111113,0.004968433340713273,0.0,0.0
9,last,random_subspace,dev,canonical,48,0.059698103299497096,0.0002214520064178431,0.619122567057247,0.001412876910030073,0.9582444988716308,0.00017229968175679688,1.0,0.0,1.0,0.0,1.0,0.0
9,last,random_subspace,expression,canonical,24,0.4707139835328055,0.0011884071707391666,0.06463090120203685,0.002361517573700601,0.6658374220177635,0.0004495141393583587,0.0,0.0,0.25416666666666665,0.0012028130608117162,0.0,0.0
9,last,random_subspace,iid,canonical,24,0.07010712542762101,0.00033270104486853404,0.5794363367824871,0.0019958309420440154,0.9520072790878302,0.00022780579643235676,0.9166666666666666,0.0,0.9583333333333334,0.0,0.9166666666666666,0.0
9,last,random_subspace,joint,canonical,96,0.5186040183086621,0.0011977019741608785,0.03229951274511463,0.002234878140284318,0.6444389846735386,0.00044159712123400364,0.0,0.0,0.23680555555555557,0.0005208333333333315,0.0,0.0
9,last,random_subspace,template,canonical,24,0.12570301438615905,0.0006075316849292994,0.3125679680500733,0.003322408318403035,0.9127883679725457,0.0003272648132925478,0.09722222222222221,0.02405626121623441,0.548611111111111,0.012028130608117226,0.09722222222222221,0.02405626121623441
9,last,random_subspace,topic,canonical,96,0.06541920883387221,0.00014607901618039537,0.5900338211750422,0.0009154414603525545,0.9537736535446338,9.593320063587852e-05,0.9861111111111112,0.0060140653040586444,0.9930555555555555,0.003007032652029258,0.9861111111111112,0.0060140653040586444
9,last,random_subspace,train,canonical,168,0.06384586345370359,4.5617718136694934e-05,0.6035964955699297,0.0002832293645241959,0.9553669658696659,5.0766316120628855e-05,0.9682539682539683,0.0034366087451763315,0.9841269841269842,0.00171830437258823,0.9682539682539683,0.0034366087451763315
9,last,random_subspace,iid,paraphrase,24,0.14348788932667952,0.0006424403918276424,0.1006242923883492,0.004026787798674902,0.9029049359296054,0.00028916259223358935,0.041666666666666664,0.0,0.5208333333333334,0.0,0.041666666666666664,0.0
9,last,random_subspace,topic,paraphrase,96,0.13210653272494186,0.00092781227690869,0.12629355808421985,0.006136226169159173,0.9079824210657258,0.0005257215333034048,0.0,0.0,0.5,0.0,0.0,0.0
9,last,random_subspace,template,paraphrase,24,0.17323047817631598,0.0010875257352043917,0.13636603769690794,0.005421818202482819,0.8794787653900537,0.0006062769073079536,0.0,0.0,0.5,0.0,0.0,0.0
9,last,random_subspace,expression,paraphrase,24,0.4724301761558247,0.0013880394228171816,-0.08108089477373233,0.0031763062076404403,0.6533890397178352,0.00043711684304340904,0.0,0.0,0.24120370370370373,0.0017476468600163858,0.0,0.0
9,last,random_subspace,joint,paraphrase,96,0.502080644626588,0.001193789304183965,-0.026070866309980012,0.002439672667419137,0.6241792760727788,0.00032594539223630286,0.0,0.0,0.22413194444444443,0.0,0.0,0.0
9,last,rank1,dev,canonical,48,0.05552002216336182,0.0003748717475661487,0.6457789720316937,0.0023917039403990913,0.9613107094216379,0.00026638691286239756,1.0,0.0,1.0,0.0,1.0,0.0
9,last,rank1,expression,canonical,24,0.473900371234685,0.0010335560489293598,0.058299139883286465,0.002053808520385414,0.6642750656782119,0.0005013700303813277,0.0,0.0,0.2548611111111111,0.0,0.0,0.0
9,last,rank1,iid,canonical,24,0.06334789895685596,0.00030014508991502506,0.6199840703790748,0.0018005319393923208,0.9564982407048562,0.00024190697668913754,0.9583333333333334,0.0,0.9791666666666666,0.0,0.9583333333333334,0.0
9,last,rank1,joint,canonical,96,0.5125448406123086,0.001404456057432931,0.04360576761804802,0.0026206754346762722,0.6471725620091511,0.0003707304570632978,0.0,0.0,0.23697916666666666,0.000300703265202913,0.0,0.0
9,last,rank1,template,canonical,24,0.12093140008885661,0.00033328604976565673,0.3386624935321696,0.0018226413068117798,0.9153968309257867,0.0003609959470581356,0.125,0.0,0.5625,0.0,0.125,0.0
9,last,rank1,topic,canonical,96,0.05938110410268898,0.0001601688073245796,0.6278731464758763,0.0010037387347890195,0.9581009948811442,9.118261261870835e-05,1.0,0.0,1.0,0.0,1.0,0.0
9,last,rank1,train,canonical,168,0.05752060389421584,0.0002158284903947993,0.6428685003667464,0.0013400268289955836,0.9597636295650536,0.0001125681707387734,0.9801587301587302,0.006873217490352728,0.9900793650793651,0.003436608745176332,0.9801587301587302,0.006873217490352728
9,last,rank1,iid,paraphrase,24,0.14135475870152203,0.0009166326475449297,0.11399466026003262,0.005745412660776923,0.904174393641998,0.0004079585443139667,0.041666666666666664,0.0,0.5208333333333334,0.0,0.041666666666666664,0.0
9,last,rank1,topic,paraphrase,96,0.13209026075004057,0.0010187970844966828,0.1264011752398644,0.006737967891285856,0.9080893177933128,0.0005505661721966916,0.03125,0.020833333333333336,0.515625,0.01041666666666663,0.03125,0.020833333333333336
9,last,rank1,template,paraphrase,24,0.17041359983026946,0.000664861852248417,0.15040947758654358,0.003314643484716637,0.8810825233169973,0.00032141698332758287,0.0,0.0,0.5,0.0,0.0,0.0
9,last,rank1,expression,paraphrase,24,0.47518131179661793,0.0013502921626576926,-0.08737642865430233,0.003089927640292016,0.6521638605686335,0.0004233896340156841,0.0,0.0,0.2388888888888889,0.0012028130608117162,0.0,0.0
9,last,rank1,joint,paraphrase,96,0.49876897688812155,0.0010047533993511387,-0.019303017714927373,0.0020533517910591246,0.6257630497795571,0.00019493645565133176,0.0,0.0,0.22528935185185187,0.0007016409521401827,0.0,0.0
9,last,rank2,dev,canonical,48,0.0525913025415792,0.0003939186343850976,0.6644643765873025,0.002513224205804447,0.9633093191690106,0.000286720405535465,1.0,0.0,1.0,0.0,1.0,0.0
9,last,rank2,expression,canonical,24,0.47448046297518376,0.00236519657446202,0.05714642314337115,0.004699949153264108,0.6640548683150178,0.0007812209111018019,0.0,0.0,0.2548611111111111,0.0,0.0,0.0
9,last,rank2,iid,canonical,24,0.06148545886273809,0.000347843522637793,0.6311566098852629,0.002086668726106408,0.9577868424819043,0.0003006130422662913,0.9722222222222223,0.024056261216234387,0.986111111111111,0.012028130608117226,0.9722222222222223,0.024056261216234387
9,last,rank2,joint,canonical,96,0.5117371395493677,0.0011230761455083744,0.04511291504570073,0.002095628446492241,0.6474844494581166,0.0002264153923602236,0.0,0.0,0.23611111111111113,0.0007955860581520497,0.0,0.0
9,last,rank2,template,canonical,24,0.1191575274689007,0.0003281849076637577,0.3483632701246114,0.0017947446927370015,0.9166630998656112,0.0004142707999020329,0.16666666666666666,0.04166666666666667,0.5833333333333334,0.020833333333333315,0.16666666666666666,0.04166666666666667
9,last,rank2,topic,canonical,96,0.056460525935709854,0.0008564890151522035,0.6461756954124829,0.0053674071424369115,0.9601783201113835,0.0006871184293353842,1.0,0.0,1.0,0.0,1.0,0.0
9,last,rank2,train,canonical,168,0.05361925964283024,0.0003579283861404359,0.6670910020227664,0.002222290668900611,0.9624838518442268,0.0003118155692351582,0.9880952380952381,0.0,0.9940476190476191,0.0,0.9880952380952381,0.0
9,last,rank2,iid,paraphrase,24,0.14028467004829195,0.0004076389619141936,0.12070192833835025,0.002555062880512338,0.9046436883474932,0.000269179086379536,0.041666666666666664,0.0,0.5208333333333334,0.0,0.041666666666666664,0.0
9,last,rank2,topic,paraphrase,96,0.13042550862476046,0.0009022610753492789,0.13741126403750667,0.00596723945108652,0.9090677669967601,0.0006498401270564967,0.05555555555555555,0.024056261216234408,0.5277777777777778,0.012028130608117162,0.05555555555555555,0.024056261216234408
9,last,rank2,template,paraphrase,24,0.1693345707062975,0.0001870218696043108,0.155788936256789,0.0009323904198850311,0.8817854616716284,0.00023463399996486017,0.0,0.0,0.5,0.0,0.0,0.0
9,last,rank2,expression,paraphrase,24,0.4724744673673417,0.0012814295200389593,-0.08118224812708304,0.0029323464969695004,0.6532938902692722,0.0008923137254056636,0.0,0.0,0.24120370370370373,0.0032075014954979254,0.0,0.0
9,last,rank2,joint,paraphrase,96,0.49770923973631437,0.0016390703289326993,-0.017137299061852573,0.0033496656968359803,0.6260828435365884,0.0006538129870583842,0.0,0.0,0.22592592592592595,0.00020046884346864338,0.0,0.0
9,last,rank4,dev,canonical,48,0.047103585248747415,0.0008047818367351118,0.6994763377667614,0.005134555758276624,0.9670655248635649,0.0005509485742310567,1.0,0.0,1.0,0.0,1.0,0.0
9,last,rank4,expression,canonical,24,0.4721892023725831,0.001777727211472576,0.06169945203127647,0.0035325721305830746,0.6646056159716156,0.0005905821281779201,0.0,0.0,0.2548611111111111,0.0,0.0,0.0
9,last,rank4,iid,canonical,24,0.056399504250338926,0.0004255662809094947,0.6616665999854401,0.002552917595029993,0.9612310134713518,0.0002677290531206847,0.9861111111111112,0.024056261216234387,0.9930555555555555,0.012028130608117225,0.9861111111111112,0.024056261216234387
9,last,rank4,joint,canonical,96,0.5097635920247033,0.000694966718909123,0.04879549912491177,0.0012967883178143982,0.6482592931703577,0.0001656736029857706,0.0,0.0,0.23628472222222222,0.0,0.0,0.0
9,last,rank4,template,canonical,24,0.11568985684720486,0.0011996725489890536,0.3673269192721366,0.006560648859960019,0.9189512585979047,0.0007333785513341458,0.2916666666666667,0.08333333333333333,0.6458333333333334,0.041666666666666685,0.2916666666666667,0.08333333333333333
9,last,rank4,topic,canonical,96,0.05144950092005792,0.00031513022075743365,0.6775785633817363,0.0019748440058983685,0.9636476929879837,0.00014216399737198014,1.0,0.0,1.0,0.0,1.0,0.0
9,last,rank4,train,canonical,168,0.047107990184100834,0.0004147997371690594,0.7075178972373709,0.0025753911147230447,0.9670302041277226,0.00022955763586093498,0.9920634920634921,0.003436608745176332,0.996031746031746,0.001718304372588166,0.9920634920634921,0.003436608745176332
9,last,rank4,iid,paraphrase,24,0.13949025000680326,0.0003330222037632066,0.12568131782067857,0.002087368359555599,0.9051277274150915,0.0003283155561027318,0.09722222222222221,0.02405626121623441,0.548611111111111,0.012028130608117226,0.09722222222222221,0.02405626121623441
9,last,rank4,topic,paraphrase,96,0.12973493187788102,0.0006859249872201139,0.14197849731462295,0.004536468164318604,0.9095278167894096,0.0005900662014619412,0.125,0.03125,0.5625,0.015625,0.125,0.03125
9,last,rank4,template,paraphrase,24,0.1673795297375079,0.00089420569820655,0.1655357186712677,0.004458028508528963,0.8830375681549848,0.0005211139946366895,0.0,0.0,0.5,0.0,0.0,0.0
9,last,rank4,expression,paraphrase,24,0.4708931765343705,0.001069401932853852,-0.07756371697711247,0.0024471552766796114,0.6539374381551589,0.00031271536395441714,0.0,0.0,0.244212962962963,0.0020046884346861934,0.0,0.0
9,last,rank4,joint,paraphrase,96,0.49661284180978155,0.0026174731344575848,-0.014896659072365074,0.0053491664244764816,0.6263358662912809,0.0014301411794403283,0.0,0.0,0.225,0.00030070326520292905,0.0,0.0
9,last,rank8,dev,canonical,48,0.03998950829711331,0.0007721151896770444,0.7448645698434483,0.004926140616309619,0.9718885447715556,0.00046972964490257134,1.0,0.0,1.0,0.0,1.0,0.0
9,last,rank8,expression,canonical,24,0.4677122966762177,0.0019494543314434942,0.07059563823586772,0.0038738159581847152,0.6669930950409171,0.0009021699579635418,0.0,0.0,0.2548611111111111,0.0,0.0,0.0
9,last,rank8,iid,canonical,24,0.04762449911704906,0.0007410900157945987,0.7143067315141377,0.00444570405526433,0.9671496140398187,0.000531813572458692,1.0,0.0,1.0,0.0,1.0,0.0
9,last,rank8,joint,canonical,96,0.508282996455558,0.0011801593235986794,0.051558248743324264,0.0022021440485736894,0.6492863803676377,0.0005162310293077137,0.0,0.0,0.23709490740740738,0.000782855859865083,0.0,0.0
9,last,rank8,template,canonical,24,0.1122803697859085,0.0005090601683177743,0.3859723800027268,0.0027838971690562295,0.9213186080506616,0.0002172371094304214,0.4166666666666667,0.0,0.7083333333333334,0.0,0.4166666666666667,0.0
9,last,rank8,topic,canonical,96,0.0454322812356889,0.0001574988130736834,0.7152870072031146,0.000987006533956318,0.9678421546776984,9.877705801903078e-05,1.0,0.0,1.0,0.0,1.0,0.0
9,last,rank8,train,canonical,168,0.0376412186367463,0.00018571365356750096,0.7662947891769932,0.0011530511001398237,0.9735424271496447,6.298179585487523e-05,1.0,0.0,1.0,0.0,1.0,0.0
9,last,rank8,iid,paraphrase,24,0.13778096024834444,0.0014527283931468156,0.1363950699933605,0.009105636947375564,0.9059602542447953,0.000823128333119405,0.125,0.0,0.5625,0.0,0.125,0.0
9,last,rank8,topic,paraphrase,96,0.12791576401689597,0.001301688142064103,0.1540098378265877,0.008608910487831327,0.9105589103565831,0.0007420583201098758,0.16666666666666666,0.010416666666666671,0.5833333333333334,0.005208333333333315,0.16666666666666666,0.010416666666666671
9,last,rank8,template,paraphrase,24,0.16549692439993816,0.0009520633900682096,0.17492137600047886,0.0047464758314148744,0.8840979224327947,0.0005389436812975237,0.0,0.0,0.5,0.0,0.0,0.0
9,last,rank8,expression,paraphrase,24,0.4682367402238868,0.002478903592262501,-0.07148488736716814,0.005672574379958804,0.6548791956032863,0.0007634088432452628,0.0,0.0,0.24444444444444446,0.004553776752987497,0.0,0.0
9,last,rank8,joint,paraphrase,96,0.4942534973892963,0.0022618016333833513,-0.010075014184517764,0.004622302783874538,0.6275263029778134,0.0013167387130514302,0.0,0.0,0.2242476851851852,0.0021215628217388072,0.0,0.0
9,last,rank16,dev,canonical,48,0.03306801132480605,0.0008744367607068297,0.7890241302520558,0.005578958296512547,0.9767159756696498,0.0006220671143989087,1.0,0.0,1.0,0.0,1.0,0.0
9,last,rank16,expression,canonical,24,0.4628748259328332,0.002321900336749283,0.08020831346540185,0.0046139139720978856,0.6699140723281746,0.0010995617527376701,0.0,0.0,0.2548611111111111,0.0,0.0,0.0
9,last,rank16,iid,canonical,24,0.03856848161091134,0.0011284865467832282,0.7686326202638519,0.006769646210880794,0.9732729478809281,0.0007501514441563458,1.0,0.0,1.0,0.0,1.0,0.0
9,last,rank16,joint,canonical,96,0.5055620584565635,0.000738310992330268,0.056635442391002634,0.001377667510856823,0.6502949393861414,0.0003511121783954463,0.0,0.0,0.23854166666666665,0.000300703265202913,0.0,0.0
9,last,rank16,template,canonical,24,0.10882407312851504,0.0005367930897678643,0.4048738283555465,0.002935560187142426,0.9236651539471322,0.00029426713785070965,0.5416666666666666,0.041666666666666685,0.7708333333333334,0.020833333333333315,0.5416666666666666,0.041666666666666685
9,last,rank16,topic,canonical,96,0.0404922536511764,0.00031287051752385453,0.7462449516389063,0.0019606829985053076,0.9713224947030176,0.00018363548005789684,1.0,0.0,1.0,0.0,1.0,0.0
9,last,rank16,train,canonical,168,0.028486624768054955,8.013009144933947e-05,0.8231334455108481,0.0004975083324521376,0.9799152351777645,5.0198244809867e-05,1.0,0.0,1.0,0.0,1.0,0.0
9,last,rank16,iid,paraphrase,24,0.13485778402032345,0.00152038722527951,0.15471740856065522,0.009529719497554977,0.9076765927188571,0.0010196746265909201,0.18055555555555555,0.024056261216234418,0.5902777777777778,0.012028130608117162,0.18055555555555555,0.024056261216234418
9,last,rank16,topic,paraphrase,96,0.12560552681023274,0.001305848253393222,0.1692889393833428,0.008636424010382962,0.9120608790565656,0.0009139086767969854,0.20833333333333334,0.018042195912175804,0.6041666666666666,0.009021097956087902,0.20833333333333334,0.018042195912175804
9,last,rank16,template,paraphrase,24,0.1637940203661423,0.0012645252249098115,0.18341113931240682,0.006304242428457267,0.885313277332187,0.0007484264654673171,0.0,0.0,0.5,0.0,0.0,0.0
9,last,rank16,expression,paraphrase,24,0.46411399297443,0.0010379165359660264,-0.06205063970408357,0.0023751059818679053,0.6577289682631343,0.0005539568924909738,0.0,0.0,0.2474537037037037,0.005303907054347033,0.0,0.0
9,last,rank16,joint,paraphrase,96,0.490325835475216,0.0005170203557123771,-0.0020482967520017623,0.0010566022211038245,0.6298011688597415,0.00030354965824155763,0.0,0.0,0.2263888888888889,0.002755990949025611,0.0,0.0
9,last,rank32,dev,canonical,48,0.027698376770756743,0.0008569929116326277,0.8232827165680509,0.005467665506812212,0.9804727906115458,0.0006353631368396248,1.0,0.0,1.0,0.0,1.0,0.0
9,last,rank32,expression,canonical,24,0.4586891845982899,0.002345116746363484,0.08852572000089398,0.004660047957698155,0.6718012844370455,0.0012885245048679756,0.0,0.0,0.2548611111111111,0.0,0.0,0.0
9,last,rank32,iid,canonical,24,0.03210838376611943,9.772953995241514e-05,0.8073859195580039,0.0005862669889294329,0.9777069348443915,5.652871229701342e-05,1.0,0.0,1.0,0.0,1.0,0.0
9,last,rank32,joint,canonical,96,0.5041298059460462,0.0011187216736281472,0.05930798522401015,0.002087503124644573,0.6520182383098998,0.0006579578310230905,0.0,0.0,0.2388888888888889,0.0003007032652029451,0.0,0.0
9,last,rank32,template,canonical,24,0.10543761204511054,0.0006693923053398453,0.42339336692868373,0.0036607054721679213,0.92637375520398,0.0006306926432671242,0.5694444444444445,0.024056261216234453,0.7847222222222222,0.012028130608117162,0.5694444444444445,0.024056261216234453
9,last,rank32,topic,canonical,96,0.0360009616070782,0.0005001255857946607,0.7743907802132273,0.003134164704765916,0.9744581761373419,0.0003229077697137851,1.0,0.0,1.0,0.0,1.0,0.0
9,last,rank32,train,canonical,168,0.019578970564423658,0.00023535292698820143,0.878438913266502,0.0014612493275097008,0.9861833618503605,0.00018759178516524494,1.0,0.0,1.0,0.0,1.0,0.0
9,last,rank32,iid,paraphrase,24,0.13214856293681465,0.0007713255464390036,0.17169868579938927,0.004834634214655926,0.909381695843555,0.00029379300955074587,0.2222222222222222,0.04811252243246882,0.6111111111111112,0.024056261216234387,0.2222222222222222,0.04811252243246882
9,last,rank32,topic,paraphrase,96,0.1233691732906611,0.0011766716421988642,0.1840794000528315,0.007782095045589443,0.9135467712268626,0.0004120961455347057,0.2708333333333333,0.010416666666666657,0.6354166666666666,0.005208333333333315,0.2708333333333333,0.010416666666666657
9,last,rank32,template,paraphrase,24,0.16082245692680486,0.0011923941255209487,0.19822575585314026,0.0059446355750542605,0.8876956595127802,0.0007101423882358222,0.0,0.0,0.5,0.0,0.0,0.0
9,last,rank32,expression,paraphrase,24,0.4597536538409633,0.0029948793933539924,-0.05207270101633502,0.0068533024724454165,0.6601511128176011,0.001127196917035744,0.0,0.0,0.24629629629629632,0.0039487782660259235,0.0,0.0
9,last,rank32,joint,paraphrase,96,0.4858694527458902,0.00226101897504109,0.007058934400254402,0.004620703313885217,0.6338791767330618,0.0013194011459155587,0.0,0.0,0.2274884259259259,0.0016862039680941331,0.0,0.0
9,mean,identity,dev,canonical,48,5.990566556708875,0.0,0.0,0.0,0.9999662594727442,0.0,0.0,0.0,0.5,0.0,0.0,0.0
9,mean,identity,expression,canonical,24,39.939831407128956,0.0,0.0,0.0,0.9996209303314875,0.0,0.0,0.0,0.4375,0.0,0.0,0.0
9,mean,identity,iid,canonical,24,6.807467399878111,0.0,0.0,0.0,0.999963289157718,0.0,0.0,0.0,0.5,0.0,0.0,0.0
9,mean,identity,joint,canonical,96,36.22310927128493,0.0,0.0,0.0,0.9997140845804098,0.0,0.0,0.0,0.3333333333333333,0.0,0.0,0.0
9,mean,identity,template,canonical,24,4.1792240797698055,0.0,0.0,0.0,0.999976046495688,0.0,0.0,0.0,0.5,0.0,0.0,0.0
9,mean,identity,topic,canonical,96,5.376506174007019,0.0,0.0,0.0,0.99996692102532,0.0,0.0,0.0,0.5,0.0,0.0,0.0
9,mean,identity,train,canonical,168,6.7528134965754605,0.0,0.0,0.0,0.9999654730825811,0.0,0.0,0.0,0.5,0.0,0.0,0.0
9,mean,identity,iid,paraphrase,24,6.7305057770518575,0.0,0.0,0.0,0.9999699005154316,0.0,0.0,0.0,0.5,0.0,0.0,0.0
9,mean,identity,topic,paraphrase,96,5.341192862275122,0.0,0.0,0.0,0.9999724571358465,0.0,0.0,0.0,0.5,0.0,0.0,0.0
9,mean,identity,template,paraphrase,24,18.63417244404022,0.0,0.0,0.0,0.999960105854353,0.0,0.0,0.0,0.5,0.0,0.0,0.0
9,mean,identity,expression,paraphrase,24,67.97027923266772,0.0,0.0,0.0,0.9995700787227415,0.0,0.0,0.0,0.4166666666666667,0.0,0.0,0.0
9,mean,identity,joint,paraphrase,96,45.78959804335447,0.0,0.0,0.0,0.9995599396622804,0.0,0.0,0.0,0.42534722222222227,0.0,0.0,0.0
9,mean,shift,dev,canonical,48,0.7449701390282715,0.012283874331850781,0.875642790715016,0.002050536324998191,0.9999903863431198,1.5410878652885305e-07,1.0,0.0,1.0,0.0,1.0,0.0
9,mean,shift,expression,canonical,24,74.94231537421916,1.0471985177013101,-0.8763803635095598,0.026219402556476347,0.9996158562611447,1.8897799214098475e-07,0.0,0.0,0.4375,0.0,0.0,0.0
9,mean,shift,iid,canonical,24,0.8126636265636559,0.0072661175452626405,0.8806217380375253,0.001067374563614212,0.999988942609019,7.457587736811584e-08,0.9722222222222223,0.024056261216234387,0.986111111111111,0.012028130608117226,0.9722222222222223,0.024056261216234387
9,mean,shift,joint,canonical,96,70.49878634415852,1.028325885969927,-0.9462378509854994,0.02838866973755643,0.9996923868227937,4.873502374082261e-07,0.0,0.0,0.308738425925926,0.0021845585750204823,0.0,0.0
9,mean,shift,template,canonical,24,0.5525135720880815,0.053677578551925176,0.8677951788317332,0.01284391014393315,0.999987499755777,2.860478435656353e-07,1.0,0.0,1.0,0.0,1.0,0.0
9,mean,shift,topic,canonical,96,1.0797383513215302,0.036539717525355134,0.799174721208063,0.0067961825659214,0.9999892301812855,1.3911103677026802e-07,1.0,0.0,1.0,0.0,1.0,0.0
9,mean,shift,train,canonical,168,1.0309501159753909,0.0017558625915818358,0.8473302844069047,0.000260019411534524,0.9999898565818813,8.896053807450935e-08,0.9940476190476191,0.005952380952380931,0.9970238095238096,0.0029761904761904656,0.9940476190476191,0.005952380952380931
9,mean,shift,iid,paraphrase,24,0.8178170335020708,0.005779166025587167,0.8784909989542723,0.0008586525614897361,0.9999709757381309,3.2819172367891473e-07,0.3194444444444445,0.0481125224324688,0.6597222222222223,0.024056261216234387,0.3194444444444445,0.0481125224324688
9,mean,shift,topic,paraphrase,96,1.0996236001704112,0.03759797564691142,0.7941239665886136,0.007039246965311103,0.999970753099268,4.065250067822228e-07,0.46527777777777785,0.024056261216234418,0.732638888888889,0.012028130608117226,0.46527777777777785,0.024056261216234418
9,mean,shift,template,paraphrase,24,4.341950947866046,0.22094330419875738,0.7669898697725782,0.0118568884592147,0.9999731205340966,2.1531053631125012e-07,0.9583333333333334,0.0,0.9791666666666666,0.0,0.9583333333333334,0.0
9,mean,shift,expression,paraphrase,24,112.06934398018382,1.2813171666790357,-0.6487992288005977,0.01885113877924475,0.9995629572003417,2.0542723966356992e-07,0.0,0.0,0.3831018518518518,0.0053039070543470426,0.0,0.0
9,mean,shift,joint,paraphrase,96,83.42014284784949,1.114917708293637,-0.821814263773744,0.024348711409041275,0.9995585213683937,3.43977450063688e-07,0.0,0.0,0.314525462962963,0.0013259767635867728,0.0,0.0
9,mean,lowrank,dev,canonical,48,0.2764231997347883,0.020876859175882875,0.9538569186873952,0.003484955718003439,0.9999965708335455,4.8922784187415984e-08,1.0,0.0,1.0,0.0,1.0,0.0
9,mean,lowrank,expression,canonical,24,75.0326065319055,0.6631901873641001,-0.8786410429993139,0.01660473176773917,0.9995944741239292,5.217961631600654e-07,0.0,0.0,0.4236111111111111,0.0,0.0,0.0
9,mean,lowrank,iid,canonical,24,0.21264919903172086,0.07282172565365778,0.968762362485125,0.010697330060656885,0.9999961080694756,1.4706047655723765e-07,1.0,0.0,1.0,0.0,1.0,0.0
9,mean,lowrank,joint,canonical,96,67.25977843746263,0.7258583249450814,-0.8568195770753819,0.02003854278518521,0.9996922130204889,2.3763315626953e-07,0.0,0.0,0.3177083333333333,0.001736111111111105,0.0,0.0
9,mean,lowrank,template,canonical,24,0.10334189835031016,0.059273052091786065,0.9752724677170211,0.01418278870920237,0.9999913704115756,1.6577232373931756e-07,1.0,0.0,1.0,0.0,1.0,0.0
9,mean,lowrank,topic,canonical,96,0.21374377700991273,0.06592787129945453,0.9602448560287593,0.0122622143759801,0.9999952388244729,5.585839838744245e-08,1.0,0.0,1.0,0.0,1.0,0.0
9,mean,lowrank,train,canonical,168,0.17601696028892133,0.03663132211440371,0.9739342778564543,0.005424601483956343,0.9999974029582884,6.420623481839401e-08,1.0,0.0,1.0,0.0,1.0,0.0
9,mean,lowrank,iid,paraphrase,24,0.24504106526645486,0.0653508654446343,0.9635924738224072,0.00970965148970717,0.9999725253670545,1.7547742528775918e-07,0.6944444444444443,0.048112522432468836,0.8472222222222223,0.024056261216234387,0.6944444444444443,0.048112522432468836
9,mean,lowrank,topic,paraphrase,96,0.2466119563447433,0.05956721346406296,0.953828299650708,0.011152417634043206,0.9999744531189898,1.304960803084821e-07,0.6666666666666666,0.03125,0.8333333333333334,0.015625,0.6666666666666666,0.03125
9,mean,lowrank,template,paraphrase,24,5.325139720621375,0.2508149506034268,0.7142271954060124,0.013459945772029426,0.9999756102900362,2.1285224752750012e-07,1.0,0.0,1.0,0.0,1.0,0.0
9,mean,lowrank,expression,paraphrase,24,111.94688285417818,0.538059104845764,-0.646997542425492,0.007916093782753764,0.9995425969520383,6.654337178428642e-07,0.0,0.0,0.37499999999999994,0.00347222222222221,0.0,0.0
9,mean,lowrank,joint,paraphrase,96,77.54515201865912,0.9615614178453571,-0.6935102148142444,0.02099956013885364,0.9995563814894691,7.473099380856654e-08,0.0,0.0,0.3350694444444445,0.00347222222222221,0.0,0.0
9,mean,full_delta,dev,canonical,48,0.2761099903987487,0.020923236729456833,0.9539092024460473,0.0034926974821813464,0.9999968420868365,5.106751716815588e-08,1.0,0.0,1.0,0.0,1.0,0.0
9,mean,full_delta,expression,canonical,24,75.03270674520064,0.6632734773623028,-0.8786435521059278,0.016606817154563996,0.99959434680922,5.631664006454238e-07,0.0,0.0,0.4236111111111111,0.0,0.0,0.0
9,mean,full_delta,iid,canonical,24,0.21223653932076036,0.07277576522514369,0.9688229811685091,0.01069057858822016,0.9999964146473216,1.0864984951599573e-07,1.0,0.0,1.0,0.0,1.0,0.0
9,mean,full_delta,joint,canonical,96,67.25952495121855,0.7259329006706092,-0.8568125791602612,0.020040601573815677,0.999692554994715,2.912898324326175e-07,0.0,0.0,0.3177083333333333,0.001736111111111105,0.0,0.0
9,mean,full_delta,template,canonical,24,0.10328124229024882,0.05925378299685854,0.9752869814303095,0.014178178022012697,0.9999914275815148,1.4246807515284107e-07,1.0,0.0,1.0,0.0,1.0,0.0
9,mean,full_delta,topic,canonical,96,0.21357886492887798,0.06589155492172434,0.9602755287510996,0.012255459733363722,0.9999953780362717,3.1985974179759295e-08,1.0,0.0,1.0,0.0,1.0,0.0
9,mean,full_delta,train,canonical,168,0.17555566645039855,0.036601682806150185,0.9740025892112335,0.005420212304798816,0.9999977602578732,7.929307589540406e-08,1.0,0.0,1.0,0.0,1.0,0.0
9,mean,full_delta,iid,paraphrase,24,0.24480336415278584,0.06532438965246841,0.9636277907988043,0.009705717789470812,0.9999727065369376,1.8397372453392588e-07,0.6944444444444443,0.048112522432468836,0.8472222222222223,0.024056261216234387,0.6944444444444443,0.048112522432468836
9,mean,full_delta,topic,paraphrase,96,0.24648839277233467,0.0595340532156486,0.9538514337287306,0.011146209236542989,0.999974558723865,1.6229683787830967e-07,0.6875,0.02755990949025616,0.84375,0.013779954745128069,0.6875,0.02755990949025616
9,mean,full_delta,template,paraphrase,24,5.325126865192491,0.25084586062172587,0.7142278852906273,0.013461604553410346,0.9999756798118584,2.227862033999023e-07,1.0,0.0,1.0,0.0,1.0,0.0
9,mean,full_delta,expression,paraphrase,24,111.94707578744077,0.5381333222580309,-0.6470003809199746,0.007917185692528226,0.9995425033496047,7.078437624580219e-07,0.0,0.0,0.37499999999999994,0.00347222222222221,0.0,0.0
9,mean,full_delta,joint,paraphrase,96,77.54496769064416,0.9616373621067369,-0.6935061892708273,0.021001218687183996,0.9995563483325349,2.905672752137425e-07,0.0,0.0,0.3333333333333333,0.001736111111111105,0.0,0.0
9,mean,full_affine,dev,canonical,48,0.28927492994267756,0.021423973861368198,0.9517115906810657,0.0035762850906606762,0.9999853812195055,5.865820853601407e-07,1.0,0.0,1.0,0.0,1.0,0.0
9,mean,full_affine,expression,canonical,24,75.02860333347765,0.662213867917357,-0.8785408122700692,0.016580287011405723,0.9995839527995957,1.4171220207211033e-06,0.0,0.0,0.39351851851851843,0.008018753738744807,0.0,0.0
9,mean,full_affine,iid,canonical,24,0.22804589501082576,0.07182049844979743,0.9665006262071988,0.010550252279002184,0.999984174640848,5.590248422699718e-07,1.0,0.0,1.0,0.0,1.0,0.0
9,mean,full_affine,joint,canonical,96,67.26797900625091,0.7234028665600125,-0.857045967602127,0.01997075571680632,0.9996274440481357,1.020840386190084e-06,0.0,0.0,0.2421875,0.0,0.0,0.0
9,mean,full_affine,template,canonical,24,0.3264597353426143,0.05973325227663752,0.9218850846206371,0.014292904887724472,0.9997866490784597,4.03795594483871e-07,0.9305555555555557,0.048112522432468836,0.9652777777777777,0.024056261216234387,1.0,0.0
9,mean,full_affine,topic,canonical,96,0.25522277910362007,0.06566333530750566,0.9525299942298018,0.01221301216484384,0.9999584101160117,2.862653788631305e-07,1.0,0.0,1.0,0.0,1.0,0.0
9,mean,full_affine,train,canonical,168,0.1856924474314703,0.03622229624308188,0.9725014695688485,0.005364030305509111,0.999989547689036,5.463072708484236e-07,0.998015873015873,0.0034366087451763315,0.9990079365079364,0.0017183043725881658,1.0,0.0
9,mean,full_affine,iid,paraphrase,24,0.23693307093485524,0.06447371675321831,0.9647971372756717,0.009579327154438504,0.999977558145369,7.185343695139032e-07,1.0,0.0,1.0,0.0,1.0,0.0
9,mean,full_affine,topic,paraphrase,96,0.27021498211218936,0.059334610426915554,0.9494092445115173,0.011108868740912955,0.9999519470721842,3.724872494177673e-07,0.9930555555555557,0.00601406530405858,0.9965277777777777,0.0030070326520293222,1.0,0.0
9,mean,full_affine,template,paraphrase,24,5.62027426507596,0.25094486802255694,0.6983888454422083,0.013466917770357861,0.9997188253947983,1.5556611348464674e-06,0.375,0.041666666666666685,0.6030092592592592,0.014456013885181532,1.0,0.0
9,mean,full_affine,expression,paraphrase,24,111.9198820661715,0.5377550716450683,-0.6466002983901354,0.007911620751244682,0.9995330763219187,1.1948393341816572e-06,0.0,0.0,0.31666666666666665,0.0,0.0,0.0
9,mean,full_affine,joint,paraphrase,96,77.47948774325482,0.9584602804711474,-0.6920761713150606,0.020931834334157216,0.9995718963159644,1.4361809571421732e-06,0.0,0.0,0.2152777777777778,0.0005208333333333315,0.041666666666666664,0.0
9,mean,shuffled,dev,canonical,48,15.966878065586263,2.5295746978589655,-1.6653368950061747,0.4222596767623051,0.9998393532090657,7.326054477513685e-06,0.7152777777777777,0.06696979695133996,0.835648148148148,0.03425613098830731,1.0,0.0
9,mean,shuffled,expression,canonical,24,88.27317943497599,5.5452833402066375,-1.2101540323282358,0.13884093009007645,0.9996313850838111,3.6266000209512292e-06,0.0,0.0,0.2712962962962963,0.012272885316492177,0.0,0.0
9,mean,shuffled,iid,canonical,24,15.793966695295895,6.033410664791229,-1.320094356320926,0.8862929942050488,0.9998145823335358,2.406084678753643e-05,0.75,0.125,0.8449074074074074,0.07649403537897359,1.0,0.0
9,mean,shuffled,joint,canonical,96,115.59348208670997,16.62361740635672,-2.1911529521388746,0.4589229842711135,0.9996290092551007,1.4887658119393993e-05,0.0,0.0,0.2818865740740741,0.012708444013887583,0.0,0.0
9,mean,shuffled,template,canonical,24,12.950263166621932,0.8183016975840752,-2.0987242893506783,0.19580230252433545,0.9998826976456714,2.385024870062118e-05,0.9861111111111112,0.024056261216234387,0.9930555555555555,0.012028130608117225,1.0,0.0
9,mean,shuffled,topic,canonical,96,19.160468653148055,7.130681639008662,-2.5637397285583483,1.3262668000796296,0.9998438086099593,1.0072455965669511e-05,0.8159722222222223,0.015911721163041116,0.8912037037037036,0.006097021847715652,1.0,0.0
9,mean,shuffled,train,canonical,168,19.882332558932543,7.168631832256303,-1.9443035216381181,1.0615770502016257,0.9998227571881168,1.2770466269043254e-05,0.9027777777777778,0.040517019556869344,0.9424603174603173,0.02370595862172323,1.0,0.0
9,mean,shuffled,iid,paraphrase,24,15.543804238649392,5.442308045224048,-1.3094555971777198,0.8086031311019728,0.9997955903713066,2.0958230806956275e-05,0.4861111111111111,0.0481125224324688,0.6932870370370371,0.05258248468333589,0.5555555555555555,0.024056261216234453
9,mean,shuffled,topic,paraphrase,96,19.134421840566066,7.344836884459274,-2.5824248129500447,1.375130438808136,0.9998285792900777,7.659298425128138e-06,0.5729166666666666,0.02755990949025618,0.765625,0.015792886630781405,0.7083333333333334,0.018042195912175808
9,mean,shuffled,template,paraphrase,24,11.859485551674387,0.48037495612816,0.3635625307595876,0.025779248183452275,0.9998659498504153,1.4574130418891949e-05,0.9722222222222223,0.024056261216234387,0.986111111111111,0.012028130608117226,0.9722222222222223,0.024056261216234387
9,mean,shuffled,expression,paraphrase,24,124.80961945262136,10.85327169372401,-0.8362381449896361,0.15967672659652302,0.999574709068669,3.839424975501039e-06,0.0,0.0,0.2351851851851852,0.008847923543340923,0.0,0.0
9,mean,shuffled,joint,paraphrase,96,158.51744822704316,23.84015483426718,-2.461865904063098,0.5206456455829742,0.9995061500135219,1.3740654489828111e-05,0.0,0.0,0.28651620370370373,0.0065337160243959524,0.0,0.0
9,mean,random_subspace,dev,canonical,48,0.7410671242124117,0.012036186173524747,0.8762943175412206,0.0020091899588437537,0.9999866490367145,1.6538710552391643e-06,1.0,0.0,1.0,0.0,1.0,0.0
9,mean,random_subspace,expression,canonical,24,74.94361825255918,1.0419568233410388,-0.8764129845370933,0.026088162784659665,0.9996121126465533,2.100429990411844e-06,0.0,0.0,0.4375,0.0,0.0,0.0
9,mean,random_subspace,iid,canonical,24,0.8078995247401403,0.007926597251007963,0.8813215727254741,0.0011643973867799648,0.9999858799732496,1.3664648554713582e-06,1.0,0.0,1.0,0.0,1.0,0.0
9,mean,random_subspace,joint,canonical,96,70.47259434747973,1.0205007291122508,-0.9455147767600757,0.02817264309006274,0.9996910363255452,4.744424666931686e-07,0.0,0.0,0.308738425925926,0.0010023442173430967,0.0,0.0
9,mean,random_subspace,template,canonical,24,0.5489006763999985,0.05303031460342482,0.8686596684161927,0.012689033560111397,0.9999853562271253,7.355827476031057e-07,1.0,0.0,1.0,0.0,1.0,0.0
9,mean,random_subspace,topic,canonical,96,1.0728591416645676,0.035766605585908086,0.8004542156295927,0.006652388080352865,0.9999849518469474,1.5386358950785151e-06,1.0,0.0,1.0,0.0,1.0,0.0
9,mean,random_subspace,train,canonical,168,1.0240902308323723,0.004108576620273027,0.8483461402640963,0.0006084244178159082,0.9999857096622454,1.800692092565545e-06,0.998015873015873,0.003436608745176332,0.9990079365079364,0.0017183043725881658,0.998015873015873,0.003436608745176332
9,mean,random_subspace,iid,paraphrase,24,0.8132768660295105,0.006593511272450054,0.879165564525264,0.0009796457340443595,0.9999680684689306,1.1035292352457475e-06,0.3194444444444445,0.0481125224324688,0.6597222222222223,0.024056261216234387,0.3194444444444445,0.0481125224324688
9,mean,random_subspace,topic,paraphrase,96,1.0927634463727964,0.0368542987635322,0.7954083526751129,0.006900012733828513,0.9999666795883729,1.4385666434778334e-06,0.4583333333333333,0.020833333333333343,0.7291666666666666,0.010416666666666685,0.4583333333333333,0.020833333333333343
9,mean,random_subspace,template,paraphrase,24,4.349642321294902,0.21857459230539003,0.7665771133997393,0.011729771899545587,0.999969562069897,1.0372578481241354e-06,0.9583333333333334,0.0,0.9791666666666666,0.0,0.9583333333333334,0.0
9,mean,random_subspace,expression,paraphrase,24,112.06820701437086,1.2748181954144024,-0.648782501404068,0.018755523881998443,0.9995593235924739,2.145169981888183e-06,0.0,0.0,0.3831018518518518,0.0053039070543470426,0.0,0.0
9,mean,random_subspace,joint,paraphrase,96,83.37343727827869,1.1025546492429035,-0.8207942598521857,0.024078714300985626,0.9995556859759929,9.98514444502414e-07,0.0,0.0,0.3171296296296297,0.0013259767635867364,0.0,0.0
9,mean,rank1,dev,canonical,48,0.2827379015969616,0.020871683926249066,0.9528028110662886,0.0034840918181394203,0.9999914690512165,3.2298754924404045e-08,1.0,0.0,1.0,0.0,1.0,0.0
9,mean,rank1,expression,canonical,24,75.01216999135158,0.6628095210999219,-0.8781293598040195,0.01659520077447336,0.9996113055026234,9.351363282964362e-07,0.0,0.0,0.4236111111111111,0.0,0.0,0.0
9,mean,rank1,iid,canonical,24,0.22088701963547883,0.07262299792357463,0.96755224716325,0.01066813745224469,0.9999902830541795,3.646753465299282e-08,1.0,0.0,1.0,0.0,1.0,0.0
9,mean,rank1,joint,canonical,96,67.27179085587966,0.7259053732110653,-0.8571512001375288,0.020039841631886428,0.9996935636527984,4.733015158810598e-07,0.0,0.0,0.32146990740740744,0.0013259767635867667,0.0,0.0
9,mean,rank1,template,canonical,24,0.1073335532463333,0.05938989719314932,0.9743173490586688,0.01421074727259436,0.9999879156831405,3.340317850244895e-07,1.0,0.0,1.0,0.0,1.0,0.0
9,mean,rank1,topic,canonical,96,0.2191988146125888,0.0658955485623867,0.9592302496233862,0.012256202528132833,0.9999907863555553,1.2373325284415729e-08,1.0,0.0,1.0,0.0,1.0,0.0
9,mean,rank1,train,canonical,168,0.18447000347964626,0.036567465205166926,0.9726824969217355,0.00541514514264483,0.9999911971651821,4.9441100782882376e-08,0.9900793650793651,0.009092412093166365,0.9950396825396824,0.004546206046583158,0.9900793650793651,0.009092412093166365
9,mean,rank1,iid,paraphrase,24,0.2462530163184096,0.06557999968342888,0.9634124054750792,0.009743695623444642,0.9999713860022527,1.8682364797321946e-07,0.20833333333333334,0.0,0.6041666666666666,0.0,0.20833333333333334,0.0
9,mean,rank1,topic,paraphrase,96,0.2489397058271817,0.059774939426736506,0.9533924888604108,0.01119130893941824,0.9999722831505754,2.5182378335610197e-07,0.3298611111111111,0.021684020827772224,0.6649305555555556,0.010842010413886124,0.3298611111111111,0.021684020827772224
9,mean,rank1,template,paraphrase,24,5.323494052959244,0.25051169847695764,0.7143155099081494,0.013443671793274607,0.9999735532662536,2.828499923947291e-07,0.9305555555555555,0.024056261216234453,0.9652777777777778,0.012028130608117162,0.9305555555555555,0.024056261216234453
9,mean,rank1,expression,paraphrase,24,111.92621052394924,0.5379744283446649,-0.6466934046396489,0.007914847995594283,0.999558596133317,1.0873163371421307e-06,0.0,0.0,0.3796296296296296,0.004009376869372387,0.0,0.0
9,mean,rank1,joint,paraphrase,96,77.55965868082063,0.9607787896227088,-0.6938270261159675,0.02098246830454862,0.9995571826410233,9.351946453181002e-07,0.0,0.0,0.33449074074074076,0.0010023442173431288,0.0,0.0
9,mean,rank2,dev,canonical,48,0.2817630388485192,0.020877025980134085,0.952965544046419,0.0034849835624902307,0.9999921490338884,3.515800689943764e-08,1.0,0.0,1.0,0.0,1.0,0.0
9,mean,rank2,expression,canonical,24,75.02044529194632,0.662074991944872,-0.8783365539834437,0.016576809881743683,0.9996059795463582,3.4578185655548725e-07,0.0,0.0,0.4236111111111111,0.0,0.0,0.0
9,mean,rank2,iid,canonical,24,0.21970001585547952,0.0726143060088675,0.9677266150610705,0.010666860631630424,0.9999909465124438,9.567259571820924e-08,1.0,0.0,1.0,0.0,1.0,0.0
9,mean,rank2,joint,canonical,96,67.25527904510989,0.724643861083574,-0.8566953637639552,0.020005015462822816,0.9996930100465499,1.4185952519984694e-06,0.0,0.0,0.31828703703703703,0.0021845585750204493,0.0,0.0
9,mean,rank2,template,canonical,24,0.10567630600737243,0.05904963231706493,0.9747138932992573,0.014129329078788546,0.9999890780362016,3.309116116602179e-07,1.0,0.0,1.0,0.0,1.0,0.0
9,mean,rank2,topic,canonical,96,0.2182639678190157,0.06586722858714426,0.9594041258849058,0.012250935171539936,0.9999914355398071,4.5783981076045273e-08,1.0,0.0,1.0,0.0,1.0,0.0
9,mean,rank2,train,canonical,168,0.18322299219801827,0.036578142339539654,0.9728671623626307,0.005416726281288459,0.9999920815825841,1.6048692395960266e-08,1.0,0.0,1.0,0.0,1.0,0.0
9,mean,rank2,iid,paraphrase,24,0.24665943629250275,0.06536719040400935,0.9633520207153664,0.00971207700718179,0.9999710285052933,2.7754698533812143e-07,0.19444444444444445,0.024056261216234418,0.5972222222222222,0.012028130608117162,0.19444444444444445,0.024056261216234418
9,mean,rank2,topic,paraphrase,96,0.24894381303254895,0.059617385554410963,0.9533917198926029,0.011161811058254204,0.9999722192354176,2.7615114622525287e-07,0.31597222222222227,0.006014065304058612,0.6579861111111112,0.0030070326520293222,0.31597222222222227,0.006014065304058612
9,mean,rank2,template,paraphrase,24,5.327572189533609,0.25123101178098767,0.7140966573357256,0.013482273631171585,0.999974039288067,4.5187748094430643e-07,0.9722222222222223,0.024056261216234387,0.986111111111111,0.012028130608117226,0.9722222222222223,0.024056261216234387
9,mean,rank2,expression,paraphrase,24,111.93376413043482,0.5367779204437697,-0.6468045356600135,0.007897244597250157,0.9995537432649867,2.2124191980287555e-07,0.0,0.0,0.38425925925925924,0.008018753738744774,0.0,0.0
9,mean,rank2,joint,paraphrase,96,77.54108620916219,0.9608824637888375,-0.6934214215146591,0.020984732446855132,0.9995587184139655,1.638548464024116e-06,0.0,0.0,0.3350694444444445,0.002296659124188015,0.0,0.0
9,mean,rank4,dev,canonical,48,0.280903862177287,0.021022704431598583,0.9531089656515541,0.003509301538108311,0.9999928997849411,1.5831288609727555e-07,1.0,0.0,1.0,0.0,1.0,0.0
9,mean,rank4,expression,canonical,24,75.02301117193112,0.6627317256715494,-0.8784007976192928,0.016593252958830844,0.9996026568889836,2.682788157441226e-07,0.0,0.0,0.4236111111111111,0.0,0.0,0.0
9,mean,rank4,iid,canonical,24,0.21824474930308338,0.07287529523722262,0.9679403900917704,0.010705199299012041,0.9999920890557236,2.827510492951309e-07,1.0,0.0,1.0,0.0,1.0,0.0
9,mean,rank4,joint,canonical,96,67.2576819230719,0.7254698911265373,-0.8567616992611103,0.020027819414763382,0.9996936614132985,1.3062766664076509e-06,0.0,0.0,0.3208912037037037,0.0005011721086715644,0.0,0.0
9,mean,rank4,template,canonical,24,0.10513112273344781,0.05909800355991494,0.9748443441349911,0.014140903294941316,0.9999896625923151,2.4743557106150666e-08,1.0,0.0,1.0,0.0,1.0,0.0
9,mean,rank4,topic,canonical,96,0.21741672222889438,0.06589278662303881,0.9595617088138008,0.012255688822901513,0.9999921711126184,1.35216598549823e-07,1.0,0.0,1.0,0.0,1.0,0.0
9,mean,rank4,train,canonical,168,0.18175838507553352,0.03651829774939891,0.9730840507933903,0.005407864109962222,0.9999931374568646,9.879572845578099e-08,1.0,0.0,1.0,0.0,1.0,0.0
9,mean,rank4,iid,paraphrase,24,0.24683506835576718,0.06536626627365973,0.9633259257874247,0.009711939702441183,0.9999710601969624,3.0351008588717303e-07,0.20833333333333334,0.0,0.6041666666666666,0.0,0.20833333333333334,0.0
9,mean,rank4,topic,paraphrase,96,0.24873385673631973,0.05959359952551379,0.9534310287701594,0.01115735774051967,0.9999725002903029,3.4949939686510586e-07,0.3645833333333333,0.02755990949025617,0.6822916666666666,0.01377995474512811,0.3645833333333333,0.02755990949025617
9,mean,rank4,template,paraphrase,24,5.327070918139781,0.2512939641962538,0.7141235579880263,0.013485651962860574,0.9999741060633037,5.3876405570365e-07,0.9861111111111112,0.024056261216234387,0.9930555555555555,0.012028130608117225,0.9861111111111112,0.024056261216234387
9,mean,rank4,expression,paraphrase,24,111.93622461270591,0.5375229804080219,-0.6468407350444924,0.007908206152398435,0.9995509181083199,4.255363984946231e-08,0.0,0.0,0.3773148148148147,0.0020046884346861613,0.0,0.0
9,mean,rank4,joint,paraphrase,96,77.54350745382088,0.9620735096643661,-0.6934742991279635,0.021010743722918376,0.9995581820799279,1.0380987567281578e-06,0.0,0.0,0.33449074074074076,0.0005011721086715644,0.0,0.0
9,mean,rank8,dev,canonical,48,0.2792743670324746,0.020920645548091546,0.9533809758411392,0.0034922649385578093,0.9999942332060586,8.670382104855698e-08,1.0,0.0,1.0,0.0,1.0,0.0
9,mean,rank8,expression,canonical,24,75.02883282043608,0.6639757434462785,-0.8785465580869726,0.016624400255424297,0.9995980416411195,7.803172246958733e-07,0.0,0.0,0.4236111111111111,0.0,0.0,0.0
9,mean,rank8,iid,canonical,24,0.21666291541421923,0.07283533346801062,0.9681727575488502,0.010699329014680958,0.999993228780791,2.2346328078772122e-07,1.0,0.0,1.0,0.0,1.0,0.0
9,mean,rank8,joint,canonical,96,67.2606866870014,0.7257316944774626,-0.8568446508351181,0.020035046937640195,0.9996926767962937,1.137451491784377e-06,0.0,0.0,0.3191550925925926,0.0005011721086715644,0.0,0.0
9,mean,rank8,template,canonical,24,0.10450930692093467,0.059094593128622565,0.9749931315176833,0.014140087250807941,0.9999902726115316,3.026831184824469e-07,1.0,0.0,1.0,0.0,1.0,0.0
9,mean,rank8,topic,canonical,96,0.21605620611899404,0.06593654302774181,0.9598147571812475,0.012263827268815449,0.9999933106663863,7.137856329778762e-08,1.0,0.0,1.0,0.0,1.0,0.0
9,mean,rank8,train,canonical,168,0.179762624397484,0.03654660021282618,0.9733795958545803,0.005412055320550495,0.999994607933461,7.435562112434791e-08,1.0,0.0,1.0,0.0,1.0,0.0
9,mean,rank8,iid,paraphrase,24,0.2466040119226143,0.06510298524467675,0.9633602555155024,0.009672822132721436,0.9999712467246488,3.935115529391375e-07,0.36111111111111116,0.06364688465216443,0.6805555555555557,0.03182344232608222,0.36111111111111116,0.06364688465216443
9,mean,rank8,topic,paraphrase,96,0.24824483262113853,0.059621700541589995,0.9535225858675703,0.01116261892782387,0.9999729252208818,2.115863320130087e-07,0.47222222222222215,0.03658213108629422,0.7361111111111112,0.018291065543147134,0.47222222222222215,0.03658213108629422
9,mean,rank8,template,paraphrase,24,5.326501395337227,0.2515824465766954,0.7141541213416854,0.01350113332546512,0.9999742285872322,5.018294512662221e-07,1.0,0.0,1.0,0.0,1.0,0.0
9,mean,rank8,expression,paraphrase,24,111.94223686553956,0.538581690727308,-0.6469291891880024,0.007923782229637404,0.9995464092044685,8.064880130617522e-07,0.0,0.0,0.37499999999999994,0.00347222222222221,0.0,0.0
9,mean,rank8,joint,paraphrase,96,77.54532040385392,0.9618443039605793,-0.6935138921820743,0.021005738094706336,0.9995569416713304,1.0002511673046712e-06,0.0,0.0,0.33391203703703703,0.0043691171500409316,0.0,0.0
9,mean,rank16,dev,canonical,48,0.27755021760737003,0.0207506993886823,0.9536687865863805,0.003463895975822761,0.9999956361071098,8.582007359911212e-08,1.0,0.0,1.0,0.0,1.0,0.0
9,mean,rank16,expression,canonical,24,75.03168944578594,0.6630555435309438,-0.8786180813070071,0.016601360600951253,0.9995955382766945,2.720614164374341e-07,0.0,0.0,0.4236111111111111,0.0,0.0,0.0
9,mean,rank16,iid,canonical,24,0.2144649796965865,0.07274273191732361,0.9684956288295371,0.010685726077605052,0.999994796280803,1.0748387960049506e-07,1.0,0.0,1.0,0.0,1.0,0.0
9,mean,rank16,joint,canonical,96,67.2603033701081,0.7258628299955752,-0.8568340687260445,0.020038667154699114,0.9996919272552081,4.2440570741949557e-07,0.0,0.0,0.3168402777777778,0.0015035163260146611,0.0,0.0
9,mean,rank16,template,canonical,24,0.1038278256537813,0.05917027916078404,0.9751561955827217,0.014158197318781554,0.999990922341501,7.700222124564498e-08,1.0,0.0,1.0,0.0,1.0,0.0
9,mean,rank16,topic,canonical,96,0.21463309103515457,0.06595925559516115,0.9600794486068277,0.012268051678996387,0.9999944768215419,8.898713981765638e-08,1.0,0.0,1.0,0.0,1.0,0.0
9,mean,rank16,train,canonical,168,0.17752197335258957,0.03665642334328915,0.9737114058543722,0.0054283186351701575,0.9999962622687497,3.970667198711414e-08,1.0,0.0,1.0,0.0,1.0,0.0
9,mean,rank16,iid,paraphrase,24,0.24575166295052867,0.06534355282368383,0.9634868951768176,0.009708565000638936,0.9999719324966735,1.158124015929549e-07,0.5833333333333334,0.041666666666666685,0.7916666666666666,0.020833333333333315,0.5833333333333334,0.041666666666666685
9,mean,rank16,topic,paraphrase,96,0.24723140108400576,0.059690818850753426,0.953712324669981,0.011175559540706748,0.9999738503898183,6.455793648543775e-08,0.6145833333333334,0.027559909490256117,0.8072916666666666,0.01377995474512811,0.6145833333333334,0.027559909490256117
9,mean,rank16,template,paraphrase,24,5.3259152796864475,0.25074470956193606,0.7141855751479943,0.01345617629733441,0.9999749219197281,2.412524710848368e-07,1.0,0.0,1.0,0.0,1.0,0.0
9,mean,rank16,expression,paraphrase,24,111.94571424701577,0.5379735806160254,-0.6469803495115359,0.007914835523545471,0.9995436670580693,3.148326280307011e-07,0.0,0.0,0.37499999999999994,0.00347222222222221,0.0,0.0
9,mean,rank16,joint,paraphrase,96,77.54452911566473,0.9612565224919549,-0.6934966112225768,0.020992901522782957,0.9995566405998461,5.813740592782659e-07,0.0,0.0,0.33449074074074076,0.002651953527173509,0.0,0.0
9,mean,rank32,dev,canonical,48,0.2764231997347883,0.020876859175882875,0.9538569186873952,0.003484955718003439,0.9999965708335455,4.8922784187415984e-08,1.0,0.0,1.0,0.0,1.0,0.0
9,mean,rank32,expression,canonical,24,75.0326065319055,0.6631901873641001,-0.8786410429993139,0.01660473176773917,0.9995944741239292,5.217961631600654e-07,0.0,0.0,0.4236111111111111,0.0,0.0,0.0
9,mean,rank32,iid,canonical,24,0.21264919903172086,0.07282172565365778,0.968762362485125,0.010697330060656885,0.9999961080694756,1.4706047655723765e-07,1.0,0.0,1.0,0.0,1.0,0.0
9,mean,rank32,joint,canonical,96,67.25977843746263,0.7258583249450814,-0.8568195770753819,0.02003854278518521,0.9996922130204889,2.3763315626953e-07,0.0,0.0,0.3177083333333333,0.001736111111111105,0.0,0.0
9,mean,rank32,template,canonical,24,0.10334189835031016,0.059273052091786065,0.9752724677170211,0.01418278870920237,0.9999913704115756,1.6577232373931756e-07,1.0,0.0,1.0,0.0,1.0,0.0
9,mean,rank32,topic,canonical,96,0.21374377700991273,0.06592787129945453,0.9602448560287593,0.0122622143759801,0.9999952388244729,5.585839838744245e-08,1.0,0.0,1.0,0.0,1.0,0.0
9,mean,rank32,train,canonical,168,0.17601696028892133,0.03663132211440371,0.9739342778564543,0.005424601483956343,0.9999974029582884,6.420623481839401e-08,1.0,0.0,1.0,0.0,1.0,0.0
9,mean,rank32,iid,paraphrase,24,0.24504106526645486,0.0653508654446343,0.9635924738224072,0.00970965148970717,0.9999725253670545,1.7547742528775918e-07,0.6944444444444443,0.048112522432468836,0.8472222222222223,0.024056261216234387,0.6944444444444443,0.048112522432468836
9,mean,rank32,topic,paraphrase,96,0.2466119563447433,0.05956721346406296,0.953828299650708,0.011152417634043206,0.9999744531189898,1.304960803084821e-07,0.6666666666666666,0.03125,0.8333333333333334,0.015625,0.6666666666666666,0.03125
9,mean,rank32,template,paraphrase,24,5.325139720621375,0.2508149506034268,0.7142271954060124,0.013459945772029426,0.9999756102900362,2.1285224752750012e-07,1.0,0.0,1.0,0.0,1.0,0.0
9,mean,rank32,expression,paraphrase,24,111.94688285417818,0.538059104845764,-0.646997542425492,0.007916093782753764,0.9995425969520383,6.654337178428642e-07,0.0,0.0,0.37499999999999994,0.00347222222222221,0.0,0.0
9,mean,rank32,joint,paraphrase,96,77.54515201865912,0.9615614178453571,-0.6935102148142444,0.02099956013885364,0.9995563814894691,7.473099380856654e-08,0.0,0.0,0.3350694444444445,0.00347222222222221,0.0,0.0
14,last,identity,dev,canonical,48,0.3192917797499455,0.0,0.0,0.0,0.8708424502152242,0.0,0.0,0.0,0.4375,0.0,0.0,0.0
14,last,identity,expression,canonical,24,0.8001432657821859,0.0,0.0,0.0,0.6607178848472232,0.0,0.0,0.0,0.22916666666666666,0.0,0.0,0.0
14,last,identity,iid,canonical,24,0.3252082616643788,0.0,0.0,0.0,0.8691088158932171,0.0,0.0,0.0,0.4930555555555555,0.0,0.0,0.0
14,last,identity,joint,canonical,96,0.879616657972063,0.0,0.0,0.0,0.6397058624989757,0.0,0.0,0.0,0.2425347222222222,0.0,0.0,0.0
14,last,identity,template,canonical,24,0.36429143416128323,0.0,0.0,0.0,0.85466793814643,0.0,0.0,0.0,0.4861111111111111,0.0,0.0,0.0
14,last,identity,topic,canonical,96,0.3063205574772159,0.0,0.0,0.0,0.8753055888339382,0.0,0.0,0.0,0.48784722222222215,0.0,0.0,0.0
14,last,identity,train,canonical,168,0.3212760877971795,0.0,0.0,0.0,0.8698956098389322,0.0,0.0,0.0,0.47123015873015867,0.0,0.0,0.0
14,last,identity,iid,paraphrase,24,0.3144903343643303,0.0,0.0,0.0,0.8737928115466312,0.0,0.0,0.0,0.5,0.0,0.0,0.0
14,last,identity,topic,paraphrase,96,0.2882401127806783,0.0,0.0,0.0,0.8837453956611903,0.0,0.0,0.0,0.5,0.0,0.0,0.0
14,last,identity,template,paraphrase,24,0.39725205570938876,0.0,0.0,0.0,0.8510299678088868,0.0,0.0,0.0,0.5,0.0,0.0,0.0
14,last,identity,expression,paraphrase,24,0.7192596345327885,0.0,0.0,0.0,0.6920639012693449,0.0,0.0,0.0,0.23750000000000002,0.0,0.0,0.0
14,last,identity,joint,paraphrase,96,0.8357699045943958,0.0,0.0,0.0,0.6524267032408761,0.0,0.0,0.0,0.26406250000000003,0.0,0.0,0.0
14,last,shift,dev,canonical,48,0.14700260524663375,0.0003730366407434864,0.5395979020764038,0.0011683252260225052,0.9429628882600612,0.00022532638674537846,0.7777777777777778,0.01202813060811716,0.8888888888888888,0.0060140653040586444,0.7777777777777778,0.01202813060811716
14,last,shift,expression,canonical,24,0.7297863253652834,0.0013958611933537431,0.0879304287440631,0.001744514080224386,0.703595613462765,0.00041676710952467613,0.0,0.0,0.2298611111111111,0.0012028130608117162,0.0,0.0
14,last,shift,iid,canonical,24,0.15591346305233136,0.0004722747937096943,0.5205734864963637,0.0014522226197226553,0.9400570630784449,0.00026893995623538796,0.7083333333333334,0.0,0.8541666666666666,0.0,0.7083333333333334,0.0
14,last,shift,joint,canonical,96,0.8388368867025449,0.0014323364822847896,0.04636084469288596,0.0016283644350108695,0.6739807074561498,0.0006154847154630698,0.0,0.0,0.24079861111111112,0.000300703265202913,0.0,0.0
14,last,shift,template,canonical,24,0.24519376000066972,0.00023956761728606834,0.3269296584884432,0.0006576262706742664,0.9067373500394775,0.00013621355859776444,0.041666666666666664,0.0,0.5208333333333334,0.0,0.041666666666666664,0.0
14,last,shift,topic,canonical,96,0.15150395153256274,0.000249466847405779,0.5054071695993451,0.0008143979935931853,0.9408013999306774,0.00021446146233487282,0.7847222222222222,0.012028130608117162,0.8923611111111112,0.0060140653040586444,0.7847222222222222,0.012028130608117162
14,last,shift,train,canonical,168,0.15194857753536115,8.01516948463578e-05,0.5270467261438835,0.0002494791797171366,0.9409448213455591,8.138595802974352e-05,0.746031746031746,0.028129854918170293,0.8730158730158729,0.014064927459085157,0.746031746031746,0.028129854918170293
14,last,shift,iid,paraphrase,24,0.25929266596759687,0.0009158423602017368,0.17551467363314313,0.0029121478790529337,0.904436728612308,0.00038562193297223766,0.0,0.0,0.5,0.0,0.0,0.0
14,last,shift,topic,paraphrase,96,0.24191737084083811,0.0007638649840150995,0.16070886696844697,0.002650099518231579,0.9096659306249574,0.000321135982359579,0.03125,0.0,0.5138888888888888,0.0,0.03125,0.0
14,last,shift,template,paraphrase,24,0.3281061679729939,0.0010607187328785241,0.17406049066988036,0.002670140324344847,0.8824528121926373,0.000473259114789036,0.0,0.0,0.5,0.0,0.0,0.0
14,last,shift,expression,paraphrase,24,0.7777501152497125,0.002808020677194715,-0.08132039935053197,0.003904043188825287,0.6967043521125583,0.0006844085913427876,0.0,0.0,0.23194444444444443,0.0,0.0,0.0
14,last,shift,joint,paraphrase,96,0.8715348401403761,0.000767537492700663,-0.04279280140308147,0.0009183598122896789,0.662788833606052,0.0003706427322678407,0.0,0.0,0.24357638888888888,0.00030070326520294504,0.0,0.0
14,last,lowrank,dev,canonical,48,0.08612184748910635,0.0017377438055132886,0.7302722683416624,0.0054424946576269945,0.9662641087877724,0.0007374904948674652,1.0,0.0,1.0,0.0,1.0,0.0
14,last,lowrank,expression,canonical,24,0.7180199963776053,0.001760786638567682,0.10263570652475651,0.002200589211791219,0.7080133799073508,0.00021638655183023054,0.0,0.0,0.23124999999999998,0.0,0.0,0.0
14,last,lowrank,iid,canonical,24,0.09004802285522284,0.001092921862448207,0.7231065951573084,0.003360682956991197,0.9649587257706309,0.000295150048672572,1.0,0.0,1.0,0.0,1.0,0.0
14,last,lowrank,joint,canonical,96,0.845059017179786,0.0036754199404445548,0.03928716046823033,0.004178433761041013,0.6788366984118043,0.001955046114425379,0.0,0.0,0.2407986111111111,0.000300703265202921,0.0,0.0
14,last,lowrank,template,canonical,24,0.21641252244159845,0.0021399373745540212,0.4059357367546945,0.0058742456557641645,0.9191159270168946,0.0007111264130394695,0.7222222222222222,0.08673608331108884,0.8611111111111112,0.04336804165554445,0.7222222222222222,0.08673608331108884
14,last,lowrank,topic,canonical,96,0.10298095615111326,0.0009460828765515162,0.6638131080746256,0.0030885386352886308,0.9596565123001094,0.00038190071281868154,1.0,0.0,1.0,0.0,1.0,0.0
14,last,lowrank,train,canonical,168,0.05989281210960034,0.0006671178770868964,0.8135783695566835,0.0020764629003700965,0.9765362230666895,0.0002402038843742939,1.0,0.0,1.0,0.0,1.0,0.0
14,last,lowrank,iid,paraphrase,24,0.23500104571084032,0.004607427427971876,0.2527559036564964,0.014650457977618698,0.9137264346602608,0.0008485159010767262,0.20833333333333334,0.04166666666666667,0.6041666666666666,0.020833333333333315,0.20833333333333334,0.04166666666666667
14,last,lowrank,topic,paraphrase,96,0.22461432507009774,0.002366283785430502,0.22073883852173404,0.008209418746762008,0.9168121582253242,0.0006376756052478682,0.23958333333333334,0.020833333333333343,0.6192129629629629,0.009561754422371699,0.23958333333333334,0.020833333333333343
14,last,lowrank,template,paraphrase,24,0.3051940417242795,0.0046710560310810785,0.2317370361261382,0.011758418777065332,0.8921522018857031,0.0013103721038511997,0.05555555555555555,0.024056261216234408,0.5277777777777778,0.01202813060811716,0.05555555555555555,0.024056261216234408
14,last,lowrank,expression,paraphrase,24,0.7910752813302584,0.003494829054871985,-0.09984662470891943,0.004858925604996695,0.6943857468639507,0.001483181717562012,0.0,0.0,0.2261574074074074,0.0017476468600163858,0.0,0.0
14,last,lowrank,joint,paraphrase,96,0.8863971142687396,0.0030963609262904777,-0.06057553567798483,0.0037048006984567597,0.6626862345632856,0.0006518228713332427,0.0,0.0,0.2461805555555556,0.000300703265202929,0.0,0.0
14,last,full_delta,dev,canonical,48,0.07272115896751753,0.0008732937495629473,0.7722423075706196,0.0027350962503540303,0.9714746529424265,0.0003584543406893105,1.0,0.0,1.0,0.0,1.0,0.0
14,last,full_delta,expression,canonical,24,0.7127533021028492,0.0017462723527628845,0.10921789561511586,0.0021824496030167966,0.709379340826334,0.0004407862280715685,0.0,0.0,0.23263888888888887,0.0012028130608117162,0.0,0.0
14,last,full_delta,iid,canonical,24,0.07686371094102257,0.0009234047369702491,0.7636477297727836,0.002839425825913419,0.9701376344044799,0.0004665012697929014,1.0,0.0,1.0,0.0,1.0,0.0
14,last,full_delta,joint,canonical,96,0.8463352757694783,0.0024558893955910544,0.037836234569856964,0.002791999643632339,0.6775698915650982,0.0016009791552001338,0.0,0.0,0.2407986111111111,0.000300703265202921,0.0,0.0
14,last,full_delta,template,canonical,24,0.21421911449987496,0.0020799452575338915,0.41195676205487325,0.005709563998732487,0.9197643750694638,0.0006402767703560105,0.7916666666666666,0.0,0.8958333333333334,0.0,0.7916666666666666,0.0
14,last,full_delta,topic,canonical,96,0.09560615300118207,0.0007147501899791897,0.6878885511681885,0.002333340588910207,0.9625039420733521,0.0002652649742996974,1.0,0.0,1.0,0.0,1.0,0.0
14,last,full_delta,train,canonical,168,0.030559636665932394,0.0020488451290604265,0.9048804507193059,0.006377210153137362,0.9881235522404874,0.0007695542913956077,1.0,0.0,1.0,0.0,1.0,0.0
14,last,full_delta,iid,paraphrase,24,0.2272622736352704,0.003786610447123875,0.2773632483979876,0.012040466854975484,0.9160567706852095,0.000823944797862861,0.3194444444444444,0.024056261216234387,0.6597222222222222,0.01202813060811716,0.3194444444444444,0.024056261216234387
14,last,full_delta,topic,paraphrase,96,0.22035452382742582,0.0029765516629487363,0.23551749372547112,0.010326639253064625,0.9179556822333628,0.0008976547116646788,0.3125,0.02755990949025615,0.6550925925925927,0.012559337045260861,0.3125,0.02755990949025615
14,last,full_delta,template,paraphrase,24,0.304336986475577,0.0047956597661947716,0.23389449569465326,0.012072082943991256,0.8919113423002143,0.0013357634033024414,0.08333333333333333,0.0,0.5416666666666666,0.0,0.08333333333333333,0.0
14,last,full_delta,expression,paraphrase,24,0.7872086982825075,0.003469276603459808,-0.09447084263787005,0.004823399558232363,0.6936523380398397,0.001241064969578001,0.0,0.0,0.22291666666666665,0.0012028130608117162,0.0,0.0
14,last,full_delta,joint,paraphrase,96,0.8873456893661964,0.002500816737356455,-0.06171050726794306,0.0029922311435347866,0.6601999204207347,0.0009682922020048295,0.0,0.0,0.24542824074074074,0.0010172682772712372,0.0,0.0
14,last,full_affine,dev,canonical,48,0.06910467723494555,0.0008870449126909866,0.7835688808241005,0.00277816395206186,0.9724233840512305,0.00029673816625596234,1.0,0.0,1.0,0.0,1.0,0.0
14,last,full_affine,expression,canonical,24,0.6504662516219998,0.0062337096577353025,0.18706276808299852,0.007790741888756028,0.7271005999665773,0.0015791821362614307,0.0,0.0,0.23287037037037037,0.0014456013885181648,0.0,0.0
14,last,full_affine,iid,canonical,24,0.07060083712060587,0.0009578621245421729,0.7829057701078108,0.0029453806605033253,0.971945991443293,0.0003532988333820982,1.0,0.0,1.0,0.0,1.0,0.0
14,last,full_affine,joint,canonical,96,0.6587363600861981,0.007982929487211495,0.2511097259061687,0.009075464197797235,0.722874891791028,0.003405261913068279,0.0,0.0,0.23524305555555558,0.0007955860581520649,0.0,0.0
14,last,full_affine,template,canonical,24,0.263004940401276,0.0031251303065155576,0.278036989788688,0.008578654377944977,0.8946392479493112,0.0012041044383446578,0.9305555555555555,0.024056261216234453,0.9652777777777778,0.012028130608117162,1.0,0.0
14,last,full_affine,topic,canonical,96,0.1085426674519052,0.0006964862112238728,0.6456566012224675,0.0022737168440798224,0.9559019998626509,0.000271830474945672,1.0,0.0,1.0,0.0,1.0,0.0
14,last,full_affine,train,canonical,168,0.028066415624433766,0.0015958379968847988,0.9126408198728068,0.004967185724361345,0.9889321818629222,0.0005742651631584614,0.996031746031746,0.0034366087451763315,0.998015873015873,0.0017183043725881658,1.0,0.0
14,last,full_affine,iid,paraphrase,24,0.12963693593380035,0.002167647592531771,0.5877872170671586,0.006892573016315942,0.9477658095363403,0.0009513935379894166,1.0,0.0,1.0,0.0,1.0,0.0
14,last,full_affine,topic,paraphrase,96,0.16683717513588667,0.0020961274147260085,0.4211868239767414,0.007272157211237828,0.9324277572480971,0.0008515463909318866,0.9618055555555557,0.00601406530405858,0.9809027777777777,0.0030070326520293222,0.9930555555555557,0.00601406530405858
14,last,full_affine,template,paraphrase,24,0.32276572099257783,0.005507367437989399,0.1875039629028419,0.013863660008391057,0.8789400086766835,0.002146635558230605,0.9444444444444445,0.024056261216234453,0.9722222222222222,0.01202813060811716,1.0,0.0
14,last,full_affine,expression,paraphrase,24,0.61715966434181,0.005288045815015548,0.14195148078523803,0.007352068100485741,0.7328183733817876,0.001091954418554678,0.0,0.0,0.22013888888888888,0.004811252243246865,0.0,0.0
14,last,full_affine,joint,paraphrase,96,0.6452221803363326,0.004954124475797849,0.2279906505493724,0.005927617695449423,0.7179155415079307,0.0020721932158149327,0.0,0.0,0.2315393518518519,0.0022658300868578607,0.0,0.0
14,last,shuffled,dev,canonical,48,0.23898458726153862,0.005117695715280976,0.2515166301847787,0.01602827269555422,0.9042729663729036,0.0021412659154643977,0.7152777777777778,0.012028130608117162,0.8530092592592592,0.007228006942590686,0.9722222222222222,0.012028130608117162
14,last,shuffled,expression,canonical,24,0.6630230829401883,0.003512359503738758,0.17136953931363122,0.00438966326899623,0.7189475971882363,0.0006756689672649681,0.0,0.0,0.22430555555555556,0.0018373272993504038,0.0,0.0
14,last,shuffled,iid,canonical,24,0.2741229126416473,0.012582420566715043,0.1570850284100486,0.038690347232630755,0.8906082747233427,0.004729841955941214,0.861111111111111,0.06364688465216445,0.9305555555555557,0.03182344232608222,1.0,0.0
14,last,shuffled,joint,canonical,96,0.8542388716121008,0.002439478116386174,0.02885096152961686,0.0027733423352967407,0.6715231575406156,0.0032030969736786276,0.0,0.0,0.2402199074074074,0.009682354600619617,0.0,0.0
14,last,shuffled,template,canonical,24,0.3571130910262125,0.03095933324489773,0.01970494626533718,0.08498507058277703,0.865437704100966,0.010511875659101038,0.2222222222222222,0.06364688465216446,0.6064814814814815,0.03425613098830728,0.2222222222222222,0.06364688465216446
14,last,shuffled,topic,canonical,96,0.24253020902538755,0.006986025224095757,0.20824703695106425,0.022806256562181187,0.9031235066479019,0.0027798927261312237,0.9513888888888888,0.03007032652029303,0.9751157407407408,0.016037507477489613,0.9722222222222222,0.012028130608117162
14,last,shuffled,train,canonical,168,0.28898456594282756,0.009106400928106547,0.1005101938203925,0.028344471543289583,0.8840744376438502,0.003728066608688944,0.7698412698412699,0.026840772338231532,0.8827711640211641,0.011657625487481707,0.9841269841269842,0.0034366087451763957
14,last,shuffled,iid,paraphrase,24,0.36502240174070066,0.008417122530371928,-0.1606792382936324,0.026764328218179353,0.8632589197686812,0.001958073663309779,0.08333333333333333,0.04166666666666667,0.5277777777777778,0.020833333333333315,0.08333333333333333,0.04166666666666667
14,last,shuffled,topic,paraphrase,96,0.33168989346276656,0.006886339791644278,-0.15074161699051647,0.023890983545666673,0.8743182307288034,0.0016762993859884452,0.17361111111111113,0.015911721163041112,0.5688657407407406,0.010172682772712348,0.17361111111111113,0.015911721163041112
14,last,shuffled,template,paraphrase,24,0.4847605487104673,0.05131231340180505,-0.22028455672762,0.1291681507101948,0.8292701809185519,0.014799004796396066,0.0,0.0,0.5,0.0,0.0,0.0
14,last,shuffled,expression,paraphrase,24,0.7593088153070123,0.009761254690791591,-0.05568111826578267,0.013571253302894165,0.6943161935372597,0.0015032730909376425,0.0,0.0,0.20972222222222225,0.0024056261216234484,0.0,0.0
14,last,shuffled,joint,paraphrase,96,0.8994769809129127,0.011040001064303636,-0.07622561660608529,0.013209378566534263,0.6552446274250009,0.005688578031946325,0.0,0.0,0.24282407407407405,0.006789356192621529,0.0,0.0
14,last,random_subspace,dev,canonical,48,0.14632047153990035,0.0003114320593333755,0.5417342981567149,0.0009753838936200726,0.9432208467722257,0.0001947627448820625,0.7777777777777778,0.01202813060811716,0.8888888888888888,0.0060140653040586444,0.7777777777777778,0.01202813060811716
14,last,random_subspace,expression,canonical,24,0.7295796980022713,0.0013842716555470581,0.08818866670199954,0.0017300297518518103,0.7036671897196656,0.0004444826005205136,0.0,0.0,0.2298611111111111,0.0012028130608117162,0.0,0.0
14,last,random_subspace,iid,canonical,24,0.15526498543157094,0.00042246761452134466,0.522567524462809,0.0012990679030083511,0.9403008294956484,0.0002543858796480698,0.7222222222222223,0.024056261216234387,0.861111111111111,0.012028130608117226,0.7222222222222223,0.024056261216234387
14,last,random_subspace,joint,canonical,96,0.838981856378456,0.001534884806955102,0.04619603463091496,0.0017449474075374506,0.6739768165099728,0.0007108673655025042,0.0,0.0,0.240625,0.000300703265202913,0.0,0.0
14,last,random_subspace,template,canonical,24,0.2450067646869062,0.00024129765243531356,0.32744297089776203,0.0006623753122026473,0.9068198447165877,0.00013302661029837432,0.041666666666666664,0.0,0.5208333333333334,0.0,0.041666666666666664,0.0
14,last,random_subspace,topic,canonical,96,0.151007134684746,0.00017162266327972841,0.5070290550252153,0.0005602714512313138,0.9409906218992758,0.00019144193558378014,0.795138888888889,0.012028130608117226,0.8975694444444443,0.00601406530405858,0.795138888888889,0.012028130608117226
14,last,random_subspace,train,canonical,168,0.15088702981020505,0.00014466674701373708,0.5303508865388714,0.0004502879377224704,0.9413493927768363,6.374660829660556e-05,0.7678571428571428,0.025945827044884934,0.8839285714285715,0.012972913522442472,0.7678571428571428,0.025945827044884934
14,last,random_subspace,iid,paraphrase,24,0.2590835626390338,0.0009719656254189229,0.17617956951614586,0.003090605717290275,0.904501178249551,0.00036935165664448723,0.0,0.0,0.5,0.0,0.0,0.0
14,last,random_subspace,topic,paraphrase,96,0.2418528563233622,0.0007371151512963071,0.16093268910358816,0.00255729552762548,0.9096856527448246,0.00029565831516128983,0.03125,0.0,0.5138888888888888,0.0,0.03125,0.0
14,last,random_subspace,template,paraphrase,24,0.32802181532103636,0.0012156964832593946,0.1742728310486026,0.003060264801118443,0.8824808326858297,0.0004966763657789641,0.0,0.0,0.5,0.0,0.0,0.0
14,last,random_subspace,expression,paraphrase,24,0.7778092591957301,0.0022040185267206596,-0.0814026282748006,0.00306428780499035,0.6966514612634152,0.00047443189063930665,0.0,0.0,0.23194444444444443,0.0,0.0,0.0
14,last,random_subspace,joint,paraphrase,96,0.8719262359347066,0.000640462432657511,-0.04326110708408152,0.0007663143038971529,0.6626048280603309,0.0004946334543473317,0.0,0.0,0.24357638888888888,0.00030070326520294504,0.0,0.0
14,last,rank1,dev,canonical,48,0.13873346892764168,0.0005335492366393862,0.5654962710399519,0.0016710396899576642,0.9461134279191513,0.0002112228192140252,0.8819444444444445,0.012028130608117225,0.9409722222222222,0.006014065304058581,0.8819444444444445,0.012028130608117225
14,last,rank1,expression,canonical,24,0.7283963466860826,0.0031178235791245127,0.08966759099817778,0.0038965816653804817,0.7043317247602294,0.0005490350321288398,0.0,0.0,0.22847222222222222,0.0012028130608117162,0.0,0.0
14,last,rank1,iid,canonical,24,0.14783058200416205,0.0008898513418465606,0.5454279628457716,0.002736250725281076,0.9430310900846751,0.0005256899021795766,0.8194444444444445,0.024056261216234453,0.9097222222222222,0.012028130608117162,0.8194444444444445,0.024056261216234453
14,last,rank1,joint,canonical,96,0.839523823707175,0.0030298517251421703,0.04557989426589663,0.003444513809148874,0.6739443627421408,0.0005515822877535332,0.0,0.0,0.240625,0.000300703265202913,0.0,0.0
14,last,rank1,template,canonical,24,0.24081496094084565,0.001888861505374463,0.33894970246753225,0.005185028601408733,0.9081686306052753,0.0008925490868836857,0.041666666666666664,0.0,0.5208333333333334,0.0,0.041666666666666664,0.0
14,last,rank1,topic,canonical,96,0.14401731027442824,0.00023501398865059944,0.5298477142359593,0.0007672158557888802,0.9438738315762348,0.00011198643321958887,0.8854166666666666,0.027559909490256117,0.9427083333333334,0.01377995474512811,0.8854166666666666,0.027559909490256117
14,last,rank1,train,canonical,168,0.14097175844452842,0.000950916286738574,0.5612130382590957,0.0029598103402543635,0.9451798572769224,0.00020482345291271897,0.8591269841269842,0.014979830228711811,0.9295634920634921,0.007489915114355876,0.8591269841269842,0.014979830228711811
14,last,rank1,iid,paraphrase,24,0.2541720728455607,0.002549691510698423,0.19179686918101654,0.008107376386787971,0.9059378924717841,0.0012838125575623954,0.0,0.0,0.5,0.0,0.0,0.0
14,last,rank1,topic,paraphrase,96,0.2415736104746584,0.0017136412919237782,0.16190148503559745,0.0059451867243324455,0.909850309720182,0.0007878787925296868,0.041666666666666664,0.0,0.5208333333333334,0.0,0.041666666666666664,0.0
14,last,rank1,template,paraphrase,24,0.3246163756692199,0.007550164867640227,0.18284532199703896,0.0190059806088545,0.8837247348491886,0.002750438971449283,0.0,0.0,0.5,0.0,0.0,0.0
14,last,rank1,expression,paraphrase,24,0.7769046083384937,0.0037096230524885205,-0.08014487542200222,0.00515755768068119,0.6967358031367387,0.0009103879769802969,0.0,0.0,0.23194444444444443,0.0,0.0,0.0
14,last,rank1,joint,paraphrase,96,0.8732175787677546,0.00308466363443879,-0.04480620080658726,0.0036908048704335744,0.6626614716551398,0.00066992748059213,0.0,0.0,0.24375000000000002,0.0010842010413886114,0.0,0.0
14,last,rank2,dev,canonical,48,0.13167637334437318,0.0008324064963499709,0.5875986113782948,0.0026070401718511806,0.948746473001461,0.00024428065098806265,0.9236111111111112,0.024056261216234387,0.9618055555555555,0.012028130608117225,0.9236111111111112,0.024056261216234387
14,last,rank2,expression,canonical,24,0.7258873001771696,0.0013828448756384568,0.09280333757783588,0.0017282465962975397,0.7049484994464833,0.000581100221205282,0.0,0.0,0.22847222222222222,0.0012028130608117162,0.0,0.0
14,last,rank2,iid,canonical,24,0.1392273875704471,0.0038702747623237557,0.5718823782092829,0.011900911565149472,0.9461991695091024,0.0015557991598959423,0.8888888888888888,0.024056261216234387,0.9444444444444445,0.012028130608117225,0.8888888888888888,0.024056261216234387
14,last,rank2,joint,canonical,96,0.8443709554970211,0.002682912082866565,0.04006938949553333,0.0030500923994004015,0.6735434610723742,0.0006411733448773406,0.0,0.0,0.24050925925925926,0.0004369117150041038,0.0,0.0
14,last,rank2,template,canonical,24,0.23744767456539165,0.0018780205365221334,0.34819308855814013,0.005155269546334376,0.9097669695652174,0.0008380995233576929,0.041666666666666664,0.0,0.5208333333333334,0.0,0.041666666666666664,0.0
14,last,rank2,topic,canonical,96,0.13811193061387247,0.0014748135755193665,0.5491261450053178,0.004814608551465086,0.9461802478735207,0.0006063485982237073,0.9513888888888888,0.015911721163041116,0.9756944444444445,0.00795586058152055,0.9513888888888888,0.015911721163041116
14,last,rank2,train,canonical,168,0.13167174153310038,0.000857569807645631,0.5901601565310882,0.00266926123735359,0.9486824020261553,0.0003343525567751654,0.9246031746031745,0.009092412093166365,0.9623015873015873,0.004546206046583159,0.9246031746031745,0.009092412093166365
14,last,rank2,iid,paraphrase,24,0.25011620664108547,0.0019069980122922115,0.20469350148188917,0.0060637730445572266,0.9074294447807318,0.0012016286713614599,0.027777777777777776,0.048112522432468816,0.5138888888888888,0.024056261216234387,0.027777777777777776,0.048112522432468816
14,last,rank2,topic,paraphrase,96,0.23904798402168995,0.0010465013855358515,0.17066371604017028,0.003630658396016294,0.9109147980339211,0.0006117914313183517,0.052083333333333336,0.0,0.5260416666666666,0.0,0.052083333333333336,0.0
14,last,rank2,template,paraphrase,24,0.31911116301064424,0.003596182154489315,0.19670355779331383,0.009052645802090224,0.8859271457617829,0.001883951811354124,0.0,0.0,0.5,0.0,0.0,0.0
14,last,rank2,expression,paraphrase,24,0.7785549245993412,0.00400272528249669,-0.08243934070493086,0.005565063143153858,0.6962351537652866,0.0008119267605671021,0.0,0.0,0.22962962962962963,0.003948778266025938,0.0,0.0
14,last,rank2,joint,paraphrase,96,0.8788859755075108,0.005334628291335942,-0.05158844638470139,0.006382891106763273,0.6616735469076965,0.0003060307149755353,0.0,0.0,0.24201388888888895,0.0012028130608116839,0.0,0.0
14,last,rank4,dev,canonical,48,0.12087861295526613,0.0016627624612526222,0.6214164578557813,0.0052076582195596174,0.9528566288126191,0.0005618537903059992,0.9791666666666666,0.020833333333333315,0.9895833333333334,0.010416666666666685,0.9791666666666666,0.020833333333333315
14,last,rank4,expression,canonical,24,0.723063422053443,0.0016722053275291563,0.09633255321269622,0.0020898823986158117,0.7053772242719183,0.0001978322084573428,0.0,0.0,0.22708333333333333,0.0,0.0,0.0
14,last,rank4,iid,canonical,24,0.12830861399093454,0.0005851087040566803,0.6054570897606791,0.001799181549269827,0.9503759057109953,0.0002928643533673006,0.9444444444444445,0.024056261216234453,0.9722222222222222,0.01202813060811716,0.9444444444444445,0.024056261216234453
14,last,rank4,joint,canonical,96,0.8469475800219257,0.001903885608754374,0.037140131049194926,0.002164449242177529,0.6730837214516862,0.00044732200872311413,0.0,0.0,0.24004629629629629,0.0008018753738744773,0.0,0.0
14,last,rank4,template,canonical,24,0.22801564589823486,0.0010386620997904147,0.374084525420696,0.0028511845253286075,0.9135848261168911,0.0001648452456271614,0.2916666666666667,0.07216878364870323,0.6458333333333334,0.03608439182435161,0.2916666666666667,0.07216878364870323
14,last,rank4,topic,canonical,96,0.12699364489451095,0.00033862982802559743,0.5854223890802474,0.0011054753582798037,0.9504701020453193,0.000213805103834716,0.9756944444444443,0.00601406530405858,0.9878472222222223,0.0030070326520293222,0.9756944444444443,0.00601406530405858
14,last,rank4,train,canonical,168,0.11622429781579574,0.0005151055465661148,0.6382416798813619,0.0016033111897555386,0.9546768843464157,0.00016900349666397094,0.9920634920634921,0.003436608745176332,0.996031746031746,0.001718304372588166,0.9920634920634921,0.003436608745176332
14,last,rank4,iid,paraphrase,24,0.2462772083149066,0.000750295264801122,0.21690054858856264,0.002385749839713422,0.9090576174626691,0.0005329133079407242,0.027777777777777776,0.048112522432468816,0.5138888888888888,0.024056261216234387,0.027777777777777776,0.048112522432468816
14,last,rank4,topic,paraphrase,96,0.23438220702986445,0.0005944083920068842,0.1868508349904591,0.0020621987213110897,0.912918951163911,0.0005955158774602567,0.06597222222222222,0.012028130608117206,0.5329861111111112,0.0060140653040586444,0.06597222222222222,0.012028130608117206
14,last,rank4,template,paraphrase,24,0.31226729725410496,0.0019406317816667554,0.2139315762722062,0.004885139683421641,0.8887060689815739,0.0009504398060992417,0.0,0.0,0.5,0.0,0.0,0.0
14,last,rank4,expression,paraphrase,24,0.7769131416542604,0.0016717153869140948,-0.0801567394490615,0.002324216884491309,0.6974324109060374,0.0009235682811781506,0.0,0.0,0.22777777777777777,0.003182344232608211,0.0,0.0
14,last,rank4,joint,paraphrase,96,0.8839009318601251,0.003639822538691064,-0.05758884951604896,0.0043550533689741934,0.6606780421536147,0.00010088251649246227,0.0,0.0,0.24212962962962967,0.0018725335286300245,0.0,0.0
14,last,rank8,dev,canonical,48,0.10904011624975969,0.0012522785869625843,0.6584938192422153,0.003922050821174634,0.957344290186326,0.0004456503954688473,0.9930555555555555,0.012028130608117225,0.9965277777777778,0.00601406530405858,0.9930555555555555,0.012028130608117225
14,last,rank8,expression,canonical,24,0.7242680568527898,0.0028105825569253668,0.09482702932608411,0.0035125991520754147,0.7048161836336656,0.0007988101029359761,0.0,0.0,0.22777777777777777,0.0012028130608117162,0.0,0.0
14,last,rank8,iid,canonical,24,0.11431928275344665,0.0010834750644195972,0.6484736206627298,0.003331634500533559,0.9556713703350787,0.0004236952943746776,1.0,0.0,1.0,0.0,1.0,0.0
14,last,rank8,joint,canonical,96,0.8494093383331524,0.003332175838642546,0.03434145927676372,0.0037882136592601915,0.6735102160921577,0.0026681894799192325,0.0,0.0,0.23958333333333334,0.0,0.0,0.0
14,last,rank8,template,canonical,24,0.22471429973221882,0.002304407443338342,0.38314690201381235,0.006325725030136458,0.9150942653432987,0.0008855323049021423,0.4444444444444444,0.024056261216234387,0.7222222222222222,0.01202813060811716,0.4444444444444444,0.024056261216234387
14,last,rank8,topic,canonical,96,0.11850366266560329,0.0004171445954786721,0.6131383944924507,0.0013617910561216002,0.9538846239857212,9.484609158808378e-05,0.9826388888888888,0.0060140653040586444,0.9913194444444445,0.003007032652029258,0.9826388888888888,0.0060140653040586444
14,last,rank8,train,canonical,168,0.0993051282102058,0.0012595384120184633,0.6909040791330328,0.003920423772134541,0.9612793081905348,0.0004722691096702386,0.998015873015873,0.003436608745176332,0.9990079365079364,0.0017183043725881658,0.998015873015873,0.003436608745176332
14,last,rank8,iid,paraphrase,24,0.24242799130614226,0.0028198419266891304,0.22914008853036918,0.008966386621670845,0.9102995321286804,0.0003616544140213162,0.13888888888888887,0.0240562612162344,0.5694444444444445,0.012028130608117225,0.13888888888888887,0.0240562612162344
14,last,rank8,topic,paraphrase,96,0.23255888604452182,0.0026371387042025437,0.19317653673874413,0.009149103775882616,0.9136805557878792,0.0003830670736410394,0.13541666666666666,0.010416666666666671,0.5677083333333334,0.005208333333333315,0.13541666666666666,0.010416666666666671
14,last,rank8,template,paraphrase,24,0.3082146113937143,0.00270894578220857,0.22413337586554896,0.0068192114887136186,0.8898462717872748,0.00043878452911112097,0.027777777777777776,0.024056261216234408,0.513888888888889,0.012028130608117226,0.027777777777777776,0.024056261216234408
14,last,rank8,expression,paraphrase,24,0.7864428460873504,0.005080853348896614,-0.09340606413732955,0.0070640045749222925,0.6932627950710932,0.0008114699262262046,0.0,0.0,0.22337962962962962,0.003948778266025919,0.0,0.0
14,last,rank8,joint,paraphrase,96,0.8860622614011814,0.001054098124271771,-0.06017488369743673,0.0012612300568340623,0.6592849888883879,0.0012671641864943925,0.0,0.0,0.24311342592592597,0.0012194043695431366,0.0,0.0
14,last,rank16,dev,canonical,48,0.09630762815100187,0.0021765528864637787,0.6983711004823691,0.006816814664531507,0.9623542122588158,0.0008497548431591551,1.0,0.0,1.0,0.0,1.0,0.0
14,last,rank16,expression,canonical,24,0.7220074208885325,2.178978914560426e-05,0.09765231832235832,2.723235960035065e-05,0.706511644565611,0.000474624846673081,0.0,0.0,0.2298611111111111,0.003182344232608211,0.0,0.0
14,last,rank16,iid,canonical,24,0.1006025801548402,0.0004532817887044146,0.6906518314142215,0.001393820029001005,0.9609092065943381,0.0003108877620236733,1.0,0.0,1.0,0.0,1.0,0.0
14,last,rank16,joint,canonical,96,0.8457848398143272,0.0026561228312834955,0.038462002567953145,0.003019636801111904,0.6769226545353165,0.0019056369229809686,0.0,0.0,0.24027777777777778,0.000300703265202929,0.0,0.0
14,last,rank16,template,canonical,24,0.2191933833367743,0.0029626093380037922,0.39830212082414623,0.008132525390899358,0.9177148868779136,0.0009808415519065466,0.611111111111111,0.06364688465216445,0.8055555555555557,0.03182344232608222,0.611111111111111,0.06364688465216445
14,last,rank16,topic,canonical,96,0.1097696287745283,0.0010693124953780593,0.6416511197336373,0.003490828379866742,0.9572136490675455,0.0004900158468973826,0.9895833333333334,0.0,0.9947916666666666,0.0,0.9895833333333334,0.0
14,last,rank16,train,canonical,168,0.0802077070022806,0.0009942211113673802,0.7503464775351864,0.00309460040485498,0.9686482597308194,0.0003590045421913592,0.998015873015873,0.003436608745176332,0.9990079365079364,0.0017183043725881658,0.998015873015873,0.003436608745176332
14,last,rank16,iid,paraphrase,24,0.238982170810943,0.003673470890338393,0.24009692922998627,0.011680711579780234,0.9117626540401402,0.0007915624480709933,0.16666666666666666,0.0,0.5833333333333334,0.0,0.16666666666666666,0.0
14,last,rank16,topic,paraphrase,96,0.22875403408883177,0.002134847476517684,0.20637682284390946,0.007406489873746657,0.9151556148056965,0.0006261170134024636,0.19444444444444445,0.012028130608117209,0.5966435185185185,0.006572810585416941,0.19444444444444445,0.012028130608117209
14,last,rank16,template,paraphrase,24,0.3063738183826719,0.004737021036939925,0.22876719206507815,0.011924472054602259,0.8910787823176999,0.0011921096787013133,0.027777777777777776,0.024056261216234408,0.513888888888889,0.012028130608117226,0.027777777777777776,0.024056261216234408
14,last,rank16,expression,paraphrase,24,0.7893212255994507,0.004333726383339233,-0.09740792851829123,0.006025260108130966,0.6935465572505025,0.0013127293528015526,0.0,0.0,0.22592592592592595,0.001747646860016371,0.0,0.0
14,last,rank16,joint,paraphrase,96,0.886024605084868,0.0009072194724032724,-0.06012982785598283,0.0010854895198022406,0.6613052219711769,0.0002658807749367783,0.0,0.0,0.2446180555555556,0.0017098711461451623,0.0,0.0
14,last,rank32,dev,canonical,48,0.08612184748910635,0.0017377438055132886,0.7302722683416624,0.0054424946576269945,0.9662641087877724,0.0007374904948674652,1.0,0.0,1.0,0.0,1.0,0.0
14,last,rank32,expression,canonical,24,0.7180199963776053,0.001760786638567682,0.10263570652475651,0.002200589211791219,0.7080133799073508,0.00021638655183023054,0.0,0.0,0.23124999999999998,0.0,0.0,0.0
14,last,rank32,iid,canonical,24,0.09004802285522284,0.001092921862448207,0.7231065951573084,0.003360682956991197,0.9649587257706309,0.000295150048672572,1.0,0.0,1.0,0.0,1.0,0.0
14,last,rank32,joint,canonical,96,0.845059017179786,0.0036754199404445548,0.03928716046823033,0.004178433761041013,0.6788366984118043,0.001955046114425379,0.0,0.0,0.2407986111111111,0.000300703265202921,0.0,0.0
14,last,rank32,template,canonical,24,0.21641252244159845,0.0021399373745540212,0.4059357367546945,0.0058742456557641645,0.9191159270168946,0.0007111264130394695,0.7222222222222222,0.08673608331108884,0.8611111111111112,0.04336804165554445,0.7222222222222222,0.08673608331108884
14,last,rank32,topic,canonical,96,0.10298095615111326,0.0009460828765515162,0.6638131080746256,0.0030885386352886308,0.9596565123001094,0.00038190071281868154,1.0,0.0,1.0,0.0,1.0,0.0
14,last,rank32,train,canonical,168,0.05989281210960034,0.0006671178770868964,0.8135783695566835,0.0020764629003700965,0.9765362230666895,0.0002402038843742939,1.0,0.0,1.0,0.0,1.0,0.0
14,last,rank32,iid,paraphrase,24,0.23500104571084032,0.004607427427971876,0.2527559036564964,0.014650457977618698,0.9137264346602608,0.0008485159010767262,0.20833333333333334,0.04166666666666667,0.6041666666666666,0.020833333333333315,0.20833333333333334,0.04166666666666667
14,last,rank32,topic,paraphrase,96,0.22461432507009774,0.002366283785430502,0.22073883852173404,0.008209418746762008,0.9168121582253242,0.0006376756052478682,0.23958333333333334,0.020833333333333343,0.6192129629629629,0.009561754422371699,0.23958333333333334,0.020833333333333343
14,last,rank32,template,paraphrase,24,0.3051940417242795,0.0046710560310810785,0.2317370361261382,0.011758418777065332,0.8921522018857031,0.0013103721038511997,0.05555555555555555,0.024056261216234408,0.5277777777777778,0.01202813060811716,0.05555555555555555,0.024056261216234408
14,last,rank32,expression,paraphrase,24,0.7910752813302584,0.003494829054871985,-0.09984662470891943,0.004858925604996695,0.6943857468639507,0.001483181717562012,0.0,0.0,0.2261574074074074,0.0017476468600163858,0.0,0.0
14,last,rank32,joint,paraphrase,96,0.8863971142687396,0.0030963609262904777,-0.06057553567798483,0.0037048006984567597,0.6626862345632856,0.0006518228713332427,0.0,0.0,0.2461805555555556,0.000300703265202929,0.0,0.0
14,mean,identity,dev,canonical,48,6.673623462918752,0.0,0.0,0.0,0.9999561180678055,0.0,0.0,0.0,0.5,0.0,0.0,0.0
14,mean,identity,expression,canonical,24,44.181165395821495,0.0,0.0,0.0,0.9996250887378869,0.0,0.0,0.0,0.45138888888888884,0.0,0.0,0.0
14,mean,identity,iid,canonical,24,7.591230210880727,0.0,0.0,0.0,0.9999541606879904,0.0,0.0,0.0,0.5,0.0,0.0,0.0
14,mean,identity,joint,canonical,96,39.69160383721021,0.0,0.0,0.0,0.9996905337297641,0.0,0.0,0.0,0.3333333333333333,0.0,0.0,0.0
14,mean,identity,template,canonical,24,4.630020760553061,0.0,0.0,0.0,0.9999710180802688,0.0,0.0,0.0,0.5,0.0,0.0,0.0
14,mean,identity,topic,canonical,96,6.006547987231088,0.0,0.0,0.0,0.9999570032994214,0.0,0.0,0.0,0.5,0.0,0.0,0.0
14,mean,identity,train,canonical,168,7.531874596092995,0.0,0.0,0.0,0.9999557136844902,0.0,0.0,0.0,0.49900793650793646,0.0,0.0,0.0
14,mean,identity,iid,paraphrase,24,7.5283790101899655,0.0,0.0,0.0,0.9999621250628111,0.0,0.0,0.0,0.5,0.0,0.0,0.0
14,mean,identity,topic,paraphrase,96,5.942425911749805,0.0,0.0,0.0,0.9999637988767351,0.0,0.0,0.0,0.5,0.0,0.0,0.0
14,mean,identity,template,paraphrase,24,20.73749184673702,0.0,0.0,0.0,0.999948200994497,0.0,0.0,0.0,0.5,0.0,0.0,0.0
14,mean,identity,expression,paraphrase,24,75.17851593935275,0.0,0.0,0.0,0.9995555432405542,0.0,0.0,0.0,0.40277777777777773,0.0,0.0,0.0
14,mean,identity,joint,paraphrase,96,51.00572716899169,0.0,0.0,0.0,0.9995459593648093,0.0,0.0,0.0,0.4505208333333333,0.0,0.0,0.0
14,mean,shift,dev,canonical,48,0.8323410941783115,0.013769401198340457,0.8752789846770465,0.002063257130829833,0.9999864087477058,1.2572842416916032e-07,0.986111111111111,0.012028130608117226,0.9930555555555557,0.00601406530405858,0.986111111111111,0.012028130608117226
14,mean,shift,expression,canonical,24,83.04445841778897,1.171608658291243,-0.8796348551195763,0.026518283250220712,0.9996107115740872,4.050226189663498e-07,0.0,0.0,0.4375,0.0,0.0,0.0
14,mean,shift,iid,canonical,24,0.9039771353212651,0.008426349143264619,0.8809182292975954,0.0011100110139179449,0.9999853169708454,6.269764411088698e-08,1.0,0.0,1.0,0.0,1.0,0.0
14,mean,shift,joint,canonical,96,77.59522673926413,1.146359265385612,-0.9549531698822388,0.028881656435130427,0.9996575381762521,6.845440441549102e-07,0.0,0.0,0.2711226851851852,0.0021845585750204528,0.0,0.0
14,mean,shift,template,canonical,24,0.6304856459531172,0.061131671326595104,0.8638266049852863,0.013203325533100366,0.9999827340386909,3.3141072459222083e-07,1.0,0.0,1.0,0.0,1.0,0.0
14,mean,shift,topic,canonical,96,1.2104983983975848,0.040717041653917166,0.7984702026903138,0.006778775719510559,0.999984836965671,1.6009565047150892e-07,1.0,0.0,1.0,0.0,1.0,0.0
14,mean,shift,train,canonical,168,1.156560194353591,0.0019732498839187896,0.8464445763670132,0.0002619865557695531,0.9999859817525573,8.296723749167947e-08,0.996031746031746,0.0034366087451763315,0.998015873015873,0.0017183043725881658,0.996031746031746,0.0034366087451763315
14,mean,shift,iid,paraphrase,24,0.9238162887015348,0.0070797271931063175,0.8772888177586288,0.0009404052563670807,0.9999677037763194,2.1965651920021084e-07,0.4583333333333333,0.08333333333333331,0.7291666666666666,0.041666666666666685,0.4583333333333333,0.08333333333333331
14,mean,shift,topic,paraphrase,96,1.2291899082297222,0.04231992715792009,0.7931501500423797,0.007121658357446548,0.999966023530022,3.27820363754321e-07,0.5416666666666666,0.02755990949025618,0.7708333333333334,0.013779954745128048,0.5416666666666666,0.02755990949025618
14,mean,shift,template,paraphrase,24,4.841311447991135,0.24735387273826495,0.7665430571945998,0.011927858709547115,0.9999657899258633,1.9860343501832372e-07,0.8194444444444445,0.06364688465216445,0.9097222222222222,0.03182344232608222,0.8194444444444445,0.06364688465216445
14,mean,shift,expression,paraphrase,24,124.13237871049547,1.4330149655011448,-0.6511682514541028,0.019061495795649492,0.9995330052152728,5.610769206461826e-07,0.0,0.0,0.33101851851851855,0.0020046884346861934,0.0,0.0
14,mean,shift,joint,paraphrase,96,92.91854403625614,1.2506366973149208,-0.8217276606683659,0.024519534701884036,0.9995275325595472,7.081327232376695e-07,0.0,0.0,0.31452546296296297,0.002790408206305816,0.0,0.0
14,mean,lowrank,dev,canonical,48,0.32275589619213196,0.03244403260404441,0.9516370832149148,0.004861531787688673,0.9999935331061663,6.075709254382375e-08,1.0,0.0,1.0,0.0,1.0,0.0
14,mean,lowrank,expression,canonical,24,83.14465139959236,0.6683257763006972,-0.881902631012443,0.01512693860184828,0.9995922287828223,5.686855759971748e-07,0.0,0.0,0.4282407407407407,0.004009376869372387,0.0,0.0
14,mean,lowrank,iid,canonical,24,0.25249210004634604,0.08136684938104431,0.9667389747073614,0.010718532717453176,0.9999930623543759,1.5493971842721194e-07,1.0,0.0,1.0,0.0,1.0,0.0
14,mean,lowrank,joint,canonical,96,72.75243239900762,1.5555726909618723,-0.8329426217542624,0.03919147982384002,0.9996544095253296,1.2993467562815052e-06,0.0,0.0,0.2774884259259259,0.0013259767635867364,0.0,0.0
14,mean,lowrank,template,canonical,24,0.09660245851292265,0.0666220101867601,0.9791356316723333,0.014389138544338181,0.9999846300692165,1.2214918566562305e-07,1.0,0.0,1.0,0.0,1.0,0.0
14,mean,lowrank,topic,canonical,96,0.2765531697376098,0.07668307299001438,0.9539580520582679,0.012766579598303358,0.9999910476049335,8.672296987211097e-08,1.0,0.0,1.0,0.0,1.0,0.0
14,mean,lowrank,train,canonical,168,0.20161788073811793,0.04270741972365267,0.973231381090346,0.005670224481141269,0.9999951918892348,6.680979065510991e-08,1.0,0.0,1.0,0.0,1.0,0.0
14,mean,lowrank,iid,paraphrase,24,0.2948475878419724,0.079869514699822,0.960835182787306,0.010609125097410145,0.9999686217189229,1.7070471199546197e-07,0.861111111111111,0.06364688465216445,0.9305555555555557,0.03182344232608222,0.861111111111111,0.06364688465216445
14,mean,lowrank,topic,paraphrase,96,0.3182828057235896,0.07748105832674583,0.9464389105644117,0.013038624204560055,0.9999692465118523,1.9952933908325878e-07,0.7638888888888888,0.015911721163041116,0.8819444444444445,0.007955860581520553,0.7638888888888888,0.015911721163041116
14,mean,lowrank,template,paraphrase,24,6.3169203599123085,0.5026776374693532,0.6953864813257898,0.02424004027027255,0.99996489302456,1.3768977774704295e-07,0.9861111111111112,0.024056261216234387,0.9930555555555555,0.012028130608117225,0.9861111111111112,0.024056261216234387
14,mean,lowrank,expression,paraphrase,24,123.93277215988712,0.8314907638693937,-0.6485131504839083,0.011060217849207975,0.9995156188660365,7.29741059060633e-07,0.0,0.0,0.3326388888888889,0.0012028130608117162,0.0,0.0
14,mean,lowrank,joint,paraphrase,96,86.24139382453507,1.254651688300534,-0.6908178475487841,0.02459825117566969,0.9995228963757588,7.330986599083012e-07,0.0,0.0,0.3342013888888889,0.004340277777777762,0.0,0.0
14,mean,full_delta,dev,canonical,48,0.32208676822084203,0.03255779406683499,0.9517373477825829,0.004878578218824989,0.9999940511292081,3.7892983166609275e-08,1.0,0.0,1.0,0.0,1.0,0.0
14,mean,full_delta,expression,canonical,24,83.14481171667299,0.6684719022502716,-0.8819062596419546,0.015130246028175013,0.9995919515035383,6.145957110037041e-07,0.0,0.0,0.4282407407407407,0.004009376869372387,0.0,0.0
14,mean,full_delta,iid,canonical,24,0.25163702660234943,0.0812581296546297,0.9668516143481368,0.010704210964141269,0.9999936235573003,8.966059135130335e-08,1.0,0.0,1.0,0.0,1.0,0.0
14,mean,full_delta,joint,canonical,96,72.75212085069485,1.5558013197379308,-0.8329347725296744,0.03919723995328687,0.9996543148142671,1.2781954893402349e-06,0.0,0.0,0.27690972222222227,0.0008680555555555247,0.0,0.0
14,mean,full_delta,template,canonical,24,0.09662918899788069,0.06661316300703286,0.9791298583753352,0.01438722771495216,0.9999845872734912,1.478936143729254e-07,1.0,0.0,1.0,0.0,1.0,0.0
14,mean,full_delta,topic,canonical,96,0.27621249717591884,0.07662147488877014,0.9540147689216667,0.012756324439870372,0.9999912954212685,4.2439350381772565e-08,1.0,0.0,1.0,0.0,1.0,0.0
14,mean,full_delta,train,canonical,168,0.20048803208638244,0.04262242509980277,0.9733813900472557,0.0056589398238139,0.9999959792852517,1.0069000943741531e-07,1.0,0.0,1.0,0.0,1.0,0.0
14,mean,full_delta,iid,paraphrase,24,0.2944281062517709,0.07985438734510572,0.9608909028287164,0.010607115720000218,0.9999689072512691,1.648272849787093e-07,0.875,0.07216878364870323,0.9375,0.03608439182435161,0.875,0.07216878364870323
14,mean,full_delta,topic,paraphrase,96,0.31799684370758835,0.07746683338146805,0.9464870326647538,0.013036230410259685,0.9999694692719009,1.5296547895919115e-07,0.7881944444444445,0.021684020827772203,0.8940972222222222,0.010842010413886124,0.7881944444444445,0.021684020827772203
14,mean,full_delta,template,paraphrase,24,6.316961051836018,0.5027783586097763,0.6953845190863825,0.02424489722892342,0.9999649989206884,1.6685722892677763e-07,0.9861111111111112,0.024056261216234387,0.9930555555555555,0.012028130608117225,0.9861111111111112,0.024056261216234387
14,mean,full_delta,expression,paraphrase,24,123.93302671848006,0.831559544390205,-0.6485165365389503,0.011061132745171938,0.9995153739322385,8.783431627446994e-07,0.0,0.0,0.3326388888888889,0.0012028130608117162,0.0,0.0
14,mean,full_delta,joint,paraphrase,96,86.24098509599433,1.2547205486763573,-0.690809834163554,0.024599601227509732,0.9995224804664581,1.0017180824040657e-06,0.0,0.0,0.3313078703703704,0.0044545151384087645,0.0,0.0
14,mean,full_affine,dev,canonical,48,0.33687615320491204,0.033030435231231815,0.9495212525733994,0.004949400489068907,0.9999824964829847,5.744375620828583e-07,1.0,0.0,1.0,0.0,1.0,0.0
14,mean,full_affine,expression,canonical,24,83.13957793545686,0.6672867850097736,-0.8817877978230043,0.015103421990604344,0.9995814685511766,1.3452194917969025e-06,0.0,0.0,0.38888888888888884,0.0,0.0,0.0
14,mean,full_affine,iid,canonical,24,0.2702881411949515,0.08014817883432675,0.9643946852240708,0.010557996083355259,0.9999807568076036,7.233298567506078e-07,1.0,0.0,1.0,0.0,1.0,0.0
14,mean,full_affine,joint,canonical,96,72.76900314985063,1.5539257913701714,-0.8333601093143764,0.03914998743168426,0.999593944128457,9.406412997822898e-07,0.0,0.0,0.24131944444444445,0.000601406530405866,0.0,0.0
14,mean,full_affine,template,canonical,24,0.3497898924046972,0.06909027650593325,0.9244517658787097,0.014922239030669103,0.9997751023488264,1.3141936038233868e-06,0.8333333333333334,0.041666666666666685,0.9166666666666666,0.020833333333333315,1.0,0.0
14,mean,full_affine,topic,canonical,96,0.3307951337896839,0.07632312481945856,0.9449275799522624,0.012706653635617083,0.9999476238238568,5.321371931769176e-07,1.0,0.0,1.0,0.0,1.0,0.0
14,mean,full_affine,train,canonical,168,0.21162084779941548,0.042211392893486153,0.9719032964370928,0.005604367459248793,0.9999878743945135,6.435332695531503e-07,0.996031746031746,0.0034366087451763315,0.998015873015873,0.0017183043725881658,1.0,0.0
14,mean,full_affine,iid,paraphrase,24,0.284408019730636,0.07872135520008476,0.9622218781299828,0.010456614245049558,0.9999746435995879,8.101229942384897e-07,1.0,0.0,1.0,0.0,1.0,0.0
14,mean,full_affine,topic,paraphrase,96,0.35186817419612587,0.077136891448733,0.9407871163357062,0.012980707306120954,0.9999407171353548,4.976971318219368e-07,1.0,0.0,1.0,0.0,1.0,0.0
14,mean,full_affine,template,paraphrase,24,6.646737377572026,0.5019863734211397,0.6794820980909574,0.02420670624640294,0.9997095983699781,7.847445972823401e-07,0.5833333333333334,0.041666666666666685,0.730324074074074,0.01747646860016377,1.0,0.0
14,mean,full_affine,expression,paraphrase,24,123.90488466809212,0.8309152457907231,-0.6481422002004857,0.011052562496192766,0.9995033655951276,1.2020899666827724e-06,0.0,0.0,0.274537037037037,0.005655922093921561,0.0,0.0
14,mean,full_affine,joint,paraphrase,96,86.18822163765365,1.2513750939499364,-0.6897753727163943,0.024534011441575767,0.9995003624714949,3.230271047890207e-07,0.0,0.0,0.20902777777777778,0.0003007032652029451,0.0,0.0
14,mean,shuffled,dev,canonical,48,17.793829037863407,2.9211745796650725,-1.6662920281212814,0.4377194182285312,0.999831439607204,9.44629587055266e-06,0.7222222222222222,0.060140653040585995,0.8425925925925926,0.0347800444474923,1.0,0.0
14,mean,shuffled,expression,canonical,24,97.50611552927398,6.812416983914191,-1.2069611486186778,0.15419278606350406,0.9996019048926047,3.2541544481277724e-06,0.0,0.0,0.27106481481481487,0.014305106069889243,0.0,0.0
14,mean,shuffled,iid,canonical,24,17.40441078487788,6.906920845083535,-1.292699641743395,0.9098552742062346,0.9998117368501549,2.679766779459441e-05,0.75,0.15023130314433286,0.8495370370370371,0.09247677942332486,0.9722222222222223,0.024056261216234387
14,mean,shuffled,joint,canonical,96,129.89434891297248,25.75230170141773,-2.272590078388284,0.6488098038828902,0.9995728455378069,1.124637117638591e-05,0.0,0.0,0.2610532407407407,0.01827238043691287,0.0,0.0
14,mean,shuffled,template,canonical,24,13.190262132051858,0.5969916965168968,-1.848855936982077,0.12893931310268797,0.999866589500137,2.2101424896433942e-05,1.0,0.0,1.0,0.0,1.0,0.0
14,mean,shuffled,topic,canonical,96,21.284446921040058,7.682664308890646,-2.543540643692053,1.2790481862831529,0.9998374026145279,1.441288435375775e-05,0.7916666666666666,0.010416666666666685,0.8761574074074074,0.00820454101779965,0.9895833333333334,0.018042195912175808
14,mean,shuffled,train,canonical,168,22.097078391168537,7.825285819316675,-1.9338085903117588,1.0389559358006148,0.9998151347518864,1.5194093260988703e-05,0.8888888888888888,0.032783158019560145,0.9351851851851851,0.019142798463500397,0.9920634920634921,0.003436608745176332
14,mean,shuffled,iid,paraphrase,24,17.17473110657429,6.490202687865559,-1.2813318887542184,0.8620982922194548,0.9997926031868785,2.4374681086116986e-05,0.5277777777777778,0.048112522432468836,0.7222222222222222,0.05114902730088975,0.5833333333333334,0.041666666666666685
14,mean,shuffled,topic,paraphrase,96,20.80801136969207,8.012443549836515,-2.501602153515946,1.3483455526123966,0.999820717077282,1.4268798793658209e-05,0.5416666666666666,0.055119818980512277,0.7505787037037037,0.03250671993481941,0.7291666666666666,0.03755782578608326
14,mean,shuffled,template,paraphrase,24,12.164322898138463,0.5843127055532388,0.4134139756128472,0.028176633407341313,0.9998452870915662,1.5269679625336313e-05,0.9583333333333334,0.041666666666666685,0.9791666666666666,0.020833333333333315,0.9583333333333334,0.041666666666666685
14,mean,shuffled,expression,paraphrase,24,139.03880760427603,10.81214998855347,-0.8494486871281154,0.14381967844744017,0.9995225185570512,2.862281935718935e-06,0.0,0.0,0.23287037037037037,0.009247677942332503,0.0,0.0
14,mean,shuffled,joint,paraphrase,96,181.54470275443688,33.03811875552198,-2.55930035372194,0.6477335112988468,0.9994383370336254,7.373341307415183e-06,0.0,0.0,0.2592013888888889,0.008549355730725775,0.0,0.0
14,mean,random_subspace,dev,canonical,48,0.8280209665069097,0.013411531357964886,0.8759263283120907,0.00200963261300019,0.9999826087436237,1.644714015042038e-06,1.0,0.0,1.0,0.0,1.0,0.0
14,mean,random_subspace,expression,canonical,24,83.04556605496785,1.1664117230026902,-0.87965992546729,0.026400655404916224,0.9996069581486204,1.9265378135169014e-06,0.0,0.0,0.4375,0.0,0.0,0.0
14,mean,random_subspace,iid,canonical,24,0.8987583480121873,0.009264552865565458,0.8816057051301156,0.001220428390155571,0.9999821654662505,1.3485856628125417e-06,1.0,0.0,1.0,0.0,1.0,0.0
14,mean,random_subspace,joint,canonical,96,77.55892954863384,1.1372474660289775,-0.9540386895609307,0.02865209152780138,0.9996559424312846,1.056060129729424e-06,0.0,0.0,0.2717013888888889,0.0008680555555555525,0.0,0.0
14,mean,random_subspace,template,canonical,24,0.6262618952610587,0.06030506308288809,0.8647388580637269,0.0130247932356322,0.9999799548340723,8.825351412218594e-07,1.0,0.0,1.0,0.0,1.0,0.0
14,mean,random_subspace,topic,canonical,96,1.203012326027114,0.0397618017652727,0.7997165212723654,0.006619742629177274,0.999980710318812,1.597513510036969e-06,1.0,0.0,1.0,0.0,1.0,0.0
14,mean,random_subspace,train,canonical,168,1.1488686141490463,0.004632191944921712,0.847465780332429,0.0006150118255187879,0.9999818198562038,1.7800836699565419e-06,1.0,0.0,1.0,0.0,1.0,0.0
14,mean,random_subspace,iid,paraphrase,24,0.9188153936829725,0.007921934975556152,0.8779530902416949,0.001052276322012181,0.9999646155957391,1.2763747987079739e-06,0.4444444444444444,0.08673608331108884,0.7222222222222223,0.04336804165554445,0.4444444444444444,0.08673608331108884
14,mean,random_subspace,topic,paraphrase,96,1.2219214576600537,0.041503147693892746,0.7943732953836277,0.006984209531637528,0.9999620395320159,1.5674478319888603e-06,0.5381944444444445,0.021684020827772203,0.7690972222222222,0.010842010413886124,0.5381944444444445,0.021684020827772203
14,mean,random_subspace,template,paraphrase,24,4.852229324319933,0.2445499833606894,0.7660165771164165,0.011792650006474566,0.9999616857305336,1.0325169968089773e-06,0.8333333333333334,0.041666666666666685,0.9166666666666666,0.020833333333333315,0.8333333333333334,0.041666666666666685
14,mean,random_subspace,expression,paraphrase,24,124.13121885206628,1.4259544489931386,-0.6511528233971015,0.018967579117197153,0.9995293316478641,2.1404740556471354e-06,0.0,0.0,0.33101851851851855,0.0020046884346861934,0.0,0.0
14,mean,random_subspace,joint,paraphrase,96,92.86713452090521,1.2365752081664239,-0.8207197441420391,0.02424385018704699,0.99952465065146,1.6463699426920734e-06,0.0,0.0,0.3151041666666667,0.0026041666666666574,0.0,0.0
14,mean,rank1,dev,canonical,48,0.33077019664411494,0.0324723218515343,0.9504361913011721,0.0048657707513711426,0.9999875140165296,3.3246218992601616e-08,1.0,0.0,1.0,0.0,1.0,0.0
14,mean,rank1,expression,canonical,24,83.12343891788768,0.6680031236072608,-0.8814225060199342,0.01511963565520702,0.9996077169090087,1.0200742469969067e-06,0.0,0.0,0.4259259259259259,0.004009376869372387,0.0,0.0
14,mean,rank1,iid,canonical,24,0.26217928134458296,0.08104241253316108,0.9654628730704552,0.010675794341871069,0.9999866486802532,8.6939196426947e-09,0.9861111111111112,0.024056261216234387,0.9930555555555555,0.012028130608117225,0.9861111111111112,0.024056261216234387
14,mean,rank1,joint,canonical,96,72.76783743841274,1.5541576626324072,-0.8333307400945618,0.03915582925312307,0.9996602077609622,2.582736382858394e-07,0.0,0.0,0.2829861111111111,0.0022966591241880257,0.0,0.0
14,mean,rank1,template,canonical,24,0.09837711341388104,0.06706099044977405,0.9787523385959656,0.014483950271048773,0.999983270169735,4.441470103406068e-07,1.0,0.0,1.0,0.0,1.0,0.0
14,mean,rank1,topic,canonical,96,0.2825779867473348,0.07663545763591476,0.9529550105404887,0.012758652357199005,0.9999865612357094,2.3150476992829914e-08,1.0,0.0,1.0,0.0,1.0,0.0
14,mean,rank1,train,canonical,168,0.21303716947500287,0.04259988146351354,0.9717152527226739,0.00565594672614592,0.9999874981460303,5.669009012321096e-08,0.9920634920634921,0.006873217490352663,0.996031746031746,0.0034366087451763315,0.9920634920634921,0.006873217490352663
14,mean,rank1,iid,paraphrase,24,0.2951192910101151,0.08008813832636048,0.9607990922600126,0.010638165031005758,0.9999680669687251,1.0224598917678335e-07,0.3611111111111111,0.048112522432468836,0.6805555555555555,0.024056261216234453,0.3611111111111111,0.048112522432468836
14,mean,rank1,topic,paraphrase,96,0.32020612906861395,0.07771847928311193,0.946115250938934,0.013078577745402088,0.9999675138734943,1.5509832558052704e-07,0.4930555555555556,0.03182344232608225,0.7465277777777777,0.015911721163041116,0.4930555555555556,0.03182344232608225
14,mean,rank1,template,paraphrase,24,6.3101379006052065,0.5017573840283414,0.6957135439887786,0.024195663956694542,0.9999657472475679,3.8671104063779793e-07,0.5972222222222222,0.09622504486493767,0.7986111111111112,0.048112522432468774,0.5972222222222222,0.09622504486493767
14,mean,rank1,expression,paraphrase,24,123.91246042827241,0.8304396125988689,-0.6482429704815377,0.011046235779232352,0.9995305446165585,1.1286144582619829e-06,0.0,0.0,0.3344907407407407,0.0020046884346861934,0.0,0.0
14,mean,rank1,joint,paraphrase,96,86.25775814497798,1.2529303610973648,-0.691138680548355,0.02456450345166474,0.9995287007936154,6.051198212128816e-07,0.0,0.0,0.34027777777777773,0.00300703265202929,0.0,0.0
14,mean,rank2,dev,canonical,48,0.3295731991621835,0.032527805900158024,0.9506155537552545,0.004874084682915508,0.9999883413073395,4.647207985704771e-08,1.0,0.0,1.0,0.0,1.0,0.0
14,mean,rank2,expression,canonical,24,83.13199594715752,0.6675122974572195,-0.8816161864987803,0.015108526257217113,0.9996029978820306,1.9405543686379924e-07,0.0,0.0,0.4259259259259259,0.008018753738744774,0.0,0.0
14,mean,rank2,iid,canonical,24,0.26107791450211937,0.08113695030332208,0.9656079571756487,0.010688247892551912,0.9999873088790383,7.999428920057393e-08,0.9861111111111112,0.024056261216234387,0.9930555555555555,0.012028130608117225,0.9861111111111112,0.024056261216234387
14,mean,rank2,joint,canonical,96,72.74831039192492,1.5543056909874213,-0.8328387708970482,0.03915955871579792,0.9996598231930091,1.4558458830685129e-06,0.0,0.0,0.2798032407407407,0.0010023442173430967,0.0,0.0
14,mean,rank2,template,canonical,24,0.09660022469084463,0.06650327407901674,0.9791361141371415,0.014363493711650804,0.9999846233293596,2.1329952010267754e-07,1.0,0.0,1.0,0.0,1.0,0.0
14,mean,rank2,topic,canonical,96,0.28166546167568696,0.07664718464997343,0.9531069322555217,0.012760604728858004,0.999987125678009,9.186050197227331e-08,1.0,0.0,1.0,0.0,1.0,0.0
14,mean,rank2,train,canonical,168,0.21146838925559586,0.04260446446563398,0.9719235382164633,0.00565655520708403,0.9999885614798315,4.2202250487235913e-08,1.0,0.0,1.0,0.0,1.0,0.0
14,mean,rank2,iid,paraphrase,24,0.29583698171229406,0.07978252993864245,0.9607037608877201,0.01059757084900391,0.9999676545712828,1.3944719745364492e-07,0.375,0.041666666666666685,0.6875,0.02083333333333337,0.375,0.041666666666666685
14,mean,rank2,topic,paraphrase,96,0.32034673990704327,0.07748950905531174,0.9460915887443156,0.013040046305347086,0.9999674163432438,1.6605535596129973e-07,0.5208333333333333,0.02755990949025615,0.7604166666666666,0.01377995474512811,0.5208333333333333,0.02755990949025615
14,mean,rank2,template,paraphrase,24,6.315570258656604,0.5030438783151376,0.6954515856916256,0.024257701077495086,0.9999657460676973,5.774750935370267e-07,0.6944444444444445,0.024056261216234453,0.8472222222222222,0.01202813060811716,0.6944444444444445,0.024056261216234453
14,mean,rank2,expression,paraphrase,24,123.91790410883287,0.8307362355268483,-0.648315380537688,0.011050181360283918,0.99952689819927,3.8353549308536484e-07,0.0,0.0,0.3333333333333333,0.0,0.0,0.0
14,mean,rank2,joint,paraphrase,96,86.23853249902572,1.2536080473048585,-0.6907617494267074,0.02457778992448072,0.9995297867321514,1.643165879042002e-06,0.0,0.0,0.3431712962962963,0.002790408206305848,0.0,0.0
14,mean,rank4,dev,canonical,48,0.3282391512522107,0.03264109041145813,0.9508154523436878,0.004891059645906737,0.9999893892949957,1.5805836318482478e-07,1.0,0.0,1.0,0.0,1.0,0.0
14,mean,rank4,expression,canonical,24,83.13460508921982,0.6678774160678903,-0.8816752420270562,0.015116790380795468,0.9996006169925861,4.713840132960983e-07,0.0,0.0,0.4282407407407407,0.004009376869372387,0.0,0.0
14,mean,rank4,iid,canonical,24,0.25880048624450763,0.08120499026954571,0.9659079649733765,0.010697210862233126,0.9999888920487306,1.5682324653285434e-07,1.0,0.0,1.0,0.0,1.0,0.0
14,mean,rank4,joint,canonical,96,72.75213604307756,1.5543682073245029,-0.8329351552902899,0.039161133767724225,0.9996587569412804,1.7244951576959295e-06,0.0,0.0,0.28009259259259256,0.0013259767635867667,0.0,0.0
14,mean,rank4,template,canonical,24,0.09685483142427964,0.06655980539980434,0.9790811237285445,0.014375703445410386,0.9999844219797064,1.249503829895844e-07,1.0,0.0,1.0,0.0,1.0,0.0
14,mean,rank4,topic,canonical,96,0.280510131838791,0.07665208279483414,0.9532992773161709,0.012761420196389593,0.9999880666357682,4.799749160479854e-08,1.0,0.0,1.0,0.0,1.0,0.0
14,mean,rank4,train,canonical,168,0.20923494659843256,0.04248351044210292,0.9722200703252589,0.005640496253633919,0.9999900785481372,1.6924691361679969e-07,1.0,0.0,1.0,0.0,1.0,0.0
14,mean,rank4,iid,paraphrase,24,0.2960822276804626,0.07961529791885816,0.9606711846893331,0.010575357299505725,0.9999676321346983,2.565593263383458e-07,0.4583333333333333,0.04166666666666666,0.7291666666666666,0.020833333333333315,0.4583333333333333,0.04166666666666666
14,mean,rank4,topic,paraphrase,96,0.3202545941654341,0.07739755088706157,0.946107095162566,0.013024571452212011,0.9999675801737262,1.966127365595006e-07,0.5486111111111112,0.04336804165554445,0.7743055555555555,0.021684020827772203,0.5486111111111112,0.04336804165554445
14,mean,rank4,template,paraphrase,24,6.315634407550249,0.5030458577597584,0.6954484923139828,0.02425779652995551,0.9999651072991003,6.199582980533509e-07,0.8194444444444445,0.06364688465216445,0.9097222222222222,0.03182344232608222,0.8194444444444445,0.06364688465216445
14,mean,rank4,expression,paraphrase,24,123.92065383924039,0.8310250780066425,-0.6483519565511028,0.011054023448361821,0.9995248802436394,5.4089764045932e-07,0.0,0.0,0.3337962962962963,0.002806563808560671,0.0,0.0
14,mean,rank4,joint,paraphrase,96,86.24252955286623,1.254345983859574,-0.690840114231257,0.024592257644003118,0.9995274582800352,1.1017703734406718e-06,0.0,0.0,0.34375,0.002296659124188015,0.0,0.0
14,mean,rank8,dev,canonical,48,0.32630308471451425,0.032596742048786126,0.9511055595917899,0.004884414326026388,0.9999908929121449,2.0447595092055955e-07,1.0,0.0,1.0,0.0,1.0,0.0
14,mean,rank8,expression,canonical,24,83.1386757886264,0.6690809965753873,-0.8817673785601268,0.015144032317415219,0.9995970629981835,1.0875624107248546e-06,0.0,0.0,0.4282407407407407,0.004009376869372387,0.0,0.0
14,mean,rank8,iid,canonical,24,0.25672168635676196,0.08110623857347397,0.9661818072663907,0.01068420220707071,0.9999902771656054,1.475681575116967e-07,1.0,0.0,1.0,0.0,1.0,0.0
14,mean,rank8,joint,canonical,96,72.75313914686546,1.5553469536442666,-0.8329604277330972,0.039185792542506315,0.9996569620856297,2.887711522828173e-06,0.0,0.0,0.27951388888888884,0.0015035163260146611,0.0,0.0
14,mean,rank8,template,canonical,24,0.09680987564425643,0.06649888947689818,0.9790908333567185,0.01436254671759932,0.9999844966041053,1.5120143730242565e-07,1.0,0.0,1.0,0.0,1.0,0.0
14,mean,rank8,topic,canonical,96,0.2789540114470561,0.07662349707937587,0.9535583479828905,0.012756661104225648,0.9999892614266325,5.894750192437688e-08,1.0,0.0,1.0,0.0,1.0,0.0
14,mean,rank8,train,canonical,168,0.20666079036014953,0.04262509280713332,0.9725618386600129,0.005659294012840329,0.9999918109892402,7.743063793356465e-08,1.0,0.0,1.0,0.0,1.0,0.0
14,mean,rank8,iid,paraphrase,24,0.29609549645996885,0.07984716333243079,0.9606694221878054,0.010606156149199497,0.9999676731204222,1.5670859587360627e-07,0.5833333333333334,0.12500000000000003,0.7916666666666666,0.0625,0.5833333333333334,0.12500000000000003
14,mean,rank8,topic,paraphrase,96,0.3196498879291821,0.07763128862721337,0.9462088559998456,0.013063905176119201,0.9999681125675887,3.3133470384154165e-08,0.6423611111111112,0.026214702900245627,0.8211805555555555,0.013107351450122864,0.6423611111111112,0.026214702900245627
14,mean,rank8,template,paraphrase,24,6.317015062587447,0.5034950077180431,0.6953819145886048,0.024279455367080267,0.9999645575933717,6.419453721728104e-07,0.8888888888888888,0.048112522432468774,0.9444444444444445,0.024056261216234453,0.8888888888888888,0.048112522432468774
14,mean,rank8,expression,paraphrase,24,123.92540135660995,0.8321696163841976,-0.6484151064724634,0.011069247723053201,0.9995214605817218,1.2738377282502542e-06,0.0,0.0,0.3337962962962963,0.002806563808560671,0.0,0.0
14,mean,rank8,joint,paraphrase,96,86.24249704679198,1.255059128256403,-0.6908394769288192,0.02460623929736657,0.9995256134124623,2.175982608052409e-06,0.0,0.0,0.34027777777777785,0.0022966591241879836,0.0,0.0
14,mean,rank16,dev,canonical,48,0.32427755623918025,0.03245661797308888,0.9514090721418443,0.004863417625137293,0.9999923987833436,4.532779353620692e-08,1.0,0.0,1.0,0.0,1.0,0.0
14,mean,rank16,expression,canonical,24,83.14346296211355,0.6684393467089214,-0.8818757318243345,0.01512950916347127,0.99959341240584,3.3611887361300797e-07,0.0,0.0,0.4282407407407407,0.004009376869372387,0.0,0.0
14,mean,rank16,iid,canonical,24,0.25445245955358214,0.08128016097899214,0.9664807346786995,0.010707113171524013,0.9999917865698306,1.3903105730375344e-07,1.0,0.0,1.0,0.0,1.0,0.0
14,mean,rank16,joint,canonical,96,72.75281383744829,1.553931834713758,-0.8329522318078704,0.03915013968916452,0.999654879681012,2.2159459134204958e-06,0.0,0.0,0.27835648148148145,0.0013259767635867364,0.0,0.0
14,mean,rank16,template,canonical,24,0.09665655295796687,0.06650010615911879,0.9791239482592684,0.014362809498758131,0.9999846061091696,2.5304228406064393e-07,1.0,0.0,1.0,0.0,1.0,0.0
14,mean,rank16,topic,canonical,96,0.27753241142336693,0.07670860139431983,0.9537950230293083,0.01277082969409205,0.9999903106820652,1.2195753712174323e-07,1.0,0.0,1.0,0.0,1.0,0.0
14,mean,rank16,train,canonical,168,0.20378938574325203,0.04269242465135219,0.9729430723861276,0.005668233599308445,0.9999937124339163,3.31589575181765e-08,1.0,0.0,1.0,0.0,1.0,0.0
14,mean,rank16,iid,paraphrase,24,0.2954640793317238,0.07986731365240547,0.9607532937792053,0.010608832730698313,0.9999681708846634,1.2613844896804965e-07,0.7916666666666666,0.041666666666666685,0.8958333333333334,0.020833333333333315,0.7916666666666666,0.041666666666666685
14,mean,rank16,topic,paraphrase,96,0.3187143657933876,0.07749958750929947,0.9463662870136584,0.013041742322114852,0.9999688794244007,1.6637323246416947e-07,0.7083333333333334,0.010416666666666685,0.8541666666666666,0.005208333333333315,0.7083333333333334,0.010416666666666685
14,mean,rank16,template,paraphrase,24,6.317079141599817,0.5025906541792952,0.6953788245807657,0.024235845776034718,0.9999647402531956,1.824322327257921e-07,0.9722222222222223,0.024056261216234387,0.986111111111111,0.012028130608117226,0.9722222222222223,0.024056261216234387
14,mean,rank16,expression,paraphrase,24,123.93145394974756,0.8317281891507248,-0.6484956160843119,0.011063376002549587,0.9995169809394211,4.2995116989519695e-07,0.0,0.0,0.3337962962962963,0.002806563808560671,0.0,0.0
14,mean,rank16,joint,paraphrase,96,86.24091814894064,1.2525445417032341,-0.6908085216236218,0.02455693921494965,0.999523527397133,1.1325163916304085e-06,0.0,0.0,0.3365162037037037,0.0035082047607008955,0.0,0.0
14,mean,rank32,dev,canonical,48,0.32275589619213196,0.03244403260404441,0.9516370832149148,0.004861531787688673,0.9999935331061663,6.075709254382375e-08,1.0,0.0,1.0,0.0,1.0,0.0
14,mean,rank32,expression,canonical,24,83.14465139959236,0.6683257763006972,-0.881902631012443,0.01512693860184828,0.9995922287828223,5.686855759971748e-07,0.0,0.0,0.4282407407407407,0.004009376869372387,0.0,0.0
14,mean,rank32,iid,canonical,24,0.25249210004634604,0.08136684938104431,0.9667389747073614,0.010718532717453176,0.9999930623543759,1.5493971842721194e-07,1.0,0.0,1.0,0.0,1.0,0.0
14,mean,rank32,joint,canonical,96,72.75243239900762,1.5555726909618723,-0.8329426217542624,0.03919147982384002,0.9996544095253296,1.2993467562815052e-06,0.0,0.0,0.2774884259259259,0.0013259767635867364,0.0,0.0
14,mean,rank32,template,canonical,24,0.09660245851292265,0.0666220101867601,0.9791356316723333,0.014389138544338181,0.9999846300692165,1.2214918566562305e-07,1.0,0.0,1.0,0.0,1.0,0.0
14,mean,rank32,topic,canonical,96,0.2765531697376098,0.07668307299001438,0.9539580520582679,0.012766579598303358,0.9999910476049335,8.672296987211097e-08,1.0,0.0,1.0,0.0,1.0,0.0
14,mean,rank32,train,canonical,168,0.20161788073811793,0.04270741972365267,0.973231381090346,0.005670224481141269,0.9999951918892348,6.680979065510991e-08,1.0,0.0,1.0,0.0,1.0,0.0
14,mean,rank32,iid,paraphrase,24,0.2948475878419724,0.079869514699822,0.960835182787306,0.010609125097410145,0.9999686217189229,1.7070471199546197e-07,0.861111111111111,0.06364688465216445,0.9305555555555557,0.03182344232608222,0.861111111111111,0.06364688465216445
14,mean,rank32,topic,paraphrase,96,0.3182828057235896,0.07748105832674583,0.9464389105644117,0.013038624204560055,0.9999692465118523,1.9952933908325878e-07,0.7638888888888888,0.015911721163041116,0.8819444444444445,0.007955860581520553,0.7638888888888888,0.015911721163041116
14,mean,rank32,template,paraphrase,24,6.3169203599123085,0.5026776374693532,0.6953864813257898,0.02424004027027255,0.99996489302456,1.3768977774704295e-07,0.9861111111111112,0.024056261216234387,0.9930555555555555,0.012028130608117225,0.9861111111111112,0.024056261216234387
14,mean,rank32,expression,paraphrase,24,123.93277215988712,0.8314907638693937,-0.6485131504839083,0.011060217849207975,0.9995156188660365,7.29741059060633e-07,0.0,0.0,0.3326388888888889,0.0012028130608117162,0.0,0.0
14,mean,rank32,joint,paraphrase,96,86.24139382453507,1.254651688300534,-0.6908178475487841,0.02459825117566969,0.9995228963757588,7.330986599083012e-07,0.0,0.0,0.3342013888888889,0.004340277777777762,0.0,0.0
19,last,identity,dev,canonical,48,0.5316360944732904,0.0,0.0,0.0,0.8909997410339013,0.0,0.0,0.0,0.3958333333333333,0.0,0.0,0.0
19,last,identity,expression,canonical,24,1.1732955193235466,0.0,0.0,0.0,0.7365863076550602,0.0,0.0,0.0,0.24097222222222223,0.0,0.0,0.0
19,last,identity,iid,canonical,24,0.5419366021151734,0.0,0.0,0.0,0.8880861512557386,0.0,0.0,0.0,0.4791666666666667,0.0,0.0,0.0
19,last,identity,joint,canonical,96,1.2508487353999482,0.0,0.0,0.0,0.7110828298342177,0.0,0.0,0.0,0.2572916666666667,0.0,0.0,0.0
19,last,identity,template,canonical,24,0.5678601529056593,0.0,0.0,0.0,0.8751388885959265,0.0,0.0,0.0,0.44097222222222215,0.0,0.0,0.0
19,last,identity,topic,canonical,96,0.5153772847110615,0.0,0.0,0.0,0.8926529206916616,0.0,0.0,0.0,0.453125,0.0,0.0,0.0
19,last,identity,train,canonical,168,0.5390391683388578,0.0,0.0,0.0,0.8879299612826707,1.3597399555105182e-16,0.0,0.0,0.45089285714285715,0.0,0.0,0.0
19,last,identity,iid,paraphrase,24,0.4834001519870388,0.0,0.0,0.0,0.9011638115229471,0.0,0.0,0.0,0.5,0.0,0.0,0.0
19,last,identity,topic,paraphrase,96,0.4406518329362558,0.0,0.0,0.0,0.9092586350786781,0.0,0.0,0.0,0.49826388888888884,0.0,0.0,0.0
19,last,identity,template,paraphrase,24,0.5754796936988595,0.0,0.0,0.0,0.8807718211837098,0.0,0.0,0.0,0.5,0.0,0.0,0.0
19,last,identity,expression,paraphrase,24,1.1073587344031692,0.0,0.0,0.0,0.7480164408906549,0.0,0.0,0.0,0.2263888888888889,0.0,0.0,0.0
19,last,identity,joint,paraphrase,96,1.2493906316660484,0.0,0.0,0.0,0.7075038848693621,0.0,0.0,0.0,0.27881944444444445,0.0,0.0,0.0
19,last,shift,dev,canonical,48,0.2773207978014,0.0010859481759328859,0.4783634883253159,0.002042653211890693,0.9441024261442318,0.00020796028569485144,0.4444444444444445,0.031823442326082224,0.71875,0.015911721163041116,0.4444444444444445,0.031823442326082224
19,last,shift,expression,canonical,24,1.1030194273686729,0.0031910942456212996,0.05989632688224259,0.0027197702480454755,0.7565531050801058,0.0004844372845070067,0.0,0.0,0.24027777777777778,0.0,0.0,0.0
19,last,shift,iid,canonical,24,0.30235587443215445,0.0011054761496140104,0.44208257340053736,0.0020398624955379613,0.9387922545871525,0.0002562623606791633,0.3333333333333333,0.04166666666666666,0.6666666666666666,0.020833333333333315,0.3333333333333333,0.04166666666666666
19,last,shift,joint,canonical,96,1.163369499320646,0.002928284784866531,0.06993590320202185,0.002341038290237582,0.7346759388451578,0.00035428735317028073,0.0,0.0,0.253587962962963,0.0007016409521401654,0.0,0.0
19,last,shift,template,canonical,24,0.42339355048437954,0.0016198584049167443,0.2544052469293096,0.0028525657182110263,0.9082981623965992,0.00043037873401552596,0.0,0.0,0.4930555555555555,0.0,0.0,0.0
19,last,shift,topic,canonical,96,0.29448829412630767,0.00013347838363526478,0.42859667497490084,0.0002589915923634431,0.9397173164944909,4.2067792542324976e-05,0.3888888888888889,0.024056261216234418,0.6944444444444445,0.012028130608117225,0.3888888888888889,0.024056261216234418
19,last,shift,train,canonical,168,0.2971722761109392,0.0004139301475986512,0.4487000322690337,0.0007679036550799661,0.9392745726134929,9.08421972653422e-05,0.3988095238095238,0.010309826235529026,0.6984126984126983,0.0051549131177644975,0.3988095238095238,0.010309826235529026
19,last,shift,iid,paraphrase,24,0.43833977357246523,0.0022441762997525106,0.09321548251350513,0.004642481576655917,0.9154126536263213,0.0004676291066731345,0.0,0.0,0.5,0.0,0.0,0.0
19,last,shift,topic,paraphrase,96,0.4077285032026563,0.0014833613863767072,0.07471506362339846,0.003366288928137233,0.9207102407520211,0.000325207526961235,0.0,0.0,0.49826388888888884,0.0,0.0,0.0
19,last,shift,template,paraphrase,24,0.5107284745565362,0.0035106357864502975,0.11251694864529238,0.006100364313266917,0.896543683913822,0.0007335608108327053,0.0,0.0,0.5,0.0,0.0,0.0
19,last,shift,expression,paraphrase,24,1.207749627168481,0.0012786847974745755,-0.09065796805171662,0.0011547159540523653,0.7433926951847888,0.00013358029006662304,0.0,0.0,0.24236111111111114,0.001202813060811732,0.0,0.0
19,last,shift,joint,paraphrase,96,1.2369258548789874,0.0037060921415661406,0.009976685010387176,0.002966319778325951,0.7180386014684284,0.0004405051811884648,0.0,0.0,0.28825231481481484,0.0013259767635867424,0.0,0.0
19,last,lowrank,dev,canonical,48,0.1717067585394367,0.0038578084019354154,0.6770220074888776,0.007256483226101301,0.9650499968540966,0.000806715469012725,0.9722222222222222,0.01202813060811716,0.9861111111111112,0.0060140653040586444,0.9722222222222222,0.01202813060811716
19,last,lowrank,expression,canonical,24,1.0690956504225164,0.0026952151548064107,0.08880956859113016,0.0022971324022104194,0.7610582479654341,0.000937546734327572,0.0,0.0,0.24861111111111112,0.002083333333333326,0.0,0.0
19,last,lowrank,iid,canonical,24,0.18601885476019908,0.0011142389745153,0.6567516310318047,0.0020560319605031846,0.9619874744877727,0.0003315429413674841,1.0,0.0,1.0,0.0,1.0,0.0
19,last,lowrank,joint,canonical,96,1.167383557771571,0.01173108029725928,0.06672683536086406,0.00937849634832816,0.7415545668850575,0.00032891391612037033,0.0,0.0,0.25364583333333335,0.0027940064130956795,0.0,0.0
19,last,lowrank,template,canonical,24,0.39002154408450246,0.004941620652553803,0.31317324857393514,0.008702178920757593,0.9165904834718615,0.001158543930054492,0.5833333333333334,0.07216878364870323,0.7847222222222222,0.036084391824351615,0.5833333333333334,0.07216878364870323
19,last,lowrank,topic,canonical,96,0.20740059481916684,0.0018149973795058628,0.5975752114580625,0.0035216867979026654,0.9571943857413249,0.0004113737561227046,0.9618055555555555,0.012028130608117225,0.9809027777777778,0.006014065304058581,0.9618055555555555,0.012028130608117225
19,last,lowrank,train,canonical,168,0.11954335343056845,0.003274739009165747,0.7782288181414314,0.006075141105714857,0.9753506190678359,0.0005407339428596719,0.9920634920634921,0.009092412093166377,0.9957010582010581,0.005090874443895761,0.9920634920634921,0.009092412093166377
19,last,lowrank,iid,paraphrase,24,0.3919398417830399,0.01441964499551085,0.18920207167508538,0.0298296244555121,0.9242834256761959,0.0022730623409279722,0.125,0.0,0.5625,0.0,0.125,0.0
19,last,lowrank,topic,paraphrase,96,0.38130207996276916,0.009530839949600297,0.1346862727836925,0.021628957914669598,0.9262146688452465,0.0010876565263247503,0.15277777777777776,0.046971351591905144,0.576388888888889,0.023485675795952572,0.15277777777777776,0.046971351591905144
19,last,lowrank,template,paraphrase,24,0.49962221429852643,0.019725425672197937,0.13181608357501537,0.03427649296435467,0.9012248925333686,0.003782479137471179,0.041666666666666664,0.0,0.5208333333333334,0.0,0.041666666666666664,0.0
19,last,lowrank,expression,paraphrase,24,1.2267236884482167,0.01237430984385678,-0.10779248886259192,0.01117461709508818,0.7398247044436865,0.0005613309814371369,0.0,0.0,0.22662037037037033,0.004726985614968081,0.0,0.0
19,last,lowrank,joint,paraphrase,96,1.2808473327839984,0.009603089861257547,-0.025177634857084685,0.007686218879720599,0.7193464523325215,0.0022640495406240214,0.0,0.0,0.2570601851851852,0.0055374415342155986,0.0,0.0
19,last,full_delta,dev,canonical,48,0.15255812300586913,0.00270863932593864,0.7130403210169288,0.005094912392323922,0.9689396345113779,0.0005681862887058045,0.9930555555555555,0.012028130608117225,0.9965277777777778,0.006014065304058581,0.9930555555555555,0.012028130608117225
19,last,full_delta,expression,canonical,24,1.0658270592320171,0.002341935900229865,0.09159538950041284,0.0019960324246189255,0.7613161239923429,0.0008174030158595134,0.0,0.0,0.25,0.0024056261216234324,0.0,0.0
19,last,full_delta,iid,canonical,24,0.16469782565825478,0.0035850909941564034,0.6960939249804484,0.006615332827057362,0.9663597396450592,0.0006902793604458282,1.0,0.0,1.0,0.0,1.0,0.0
19,last,full_delta,joint,canonical,96,1.1653471139468865,0.011324557179929829,0.06835488499392639,0.009053498524191156,0.7432452618300017,0.00046995808137016606,0.0,0.0,0.2541087962962963,0.0021707175154526736,0.0,0.0
19,last,full_delta,template,canonical,24,0.3944297602420776,0.00250495229729978,0.30541039334449355,0.0044112133673798,0.9158855426600522,0.000898271267595341,0.6527777777777778,0.06364688465216443,0.8194444444444443,0.03182344232608222,0.6527777777777778,0.06364688465216443
19,last,full_delta,topic,canonical,96,0.1961456940558209,0.0017370228353761866,0.6194133892304022,0.003370390754318955,0.959420036321401,0.00041175108410556867,0.9861111111111112,0.0060140653040586444,0.9930555555555555,0.003007032652029258,0.9861111111111112,0.0060140653040586444
19,last,full_delta,train,canonical,168,0.06755833801773492,0.005382306809553796,0.8746689628771734,0.009985001324004497,0.9861482054217863,0.0010084418551705642,0.9940476190476191,0.005952380952380931,0.9970238095238096,0.0029761904761904656,0.996031746031746,0.0034366087451763315
19,last,full_delta,iid,paraphrase,24,0.3791063630692442,0.011662821819797092,0.2157504264098596,0.024126640779603633,0.926289764107561,0.0021154159123666356,0.34722222222222215,0.024056261216234418,0.673611111111111,0.012028130608117226,0.34722222222222215,0.024056261216234418
19,last,full_delta,topic,paraphrase,96,0.37266158354189693,0.008997520012078226,0.15429471594685107,0.020418660129299396,0.9273528781354928,0.0013009188135109755,0.23263888888888887,0.030070326520293015,0.6163194444444445,0.015035163260146483,0.23263888888888887,0.030070326520293015
19,last,full_delta,template,paraphrase,24,0.5080078427173397,0.01689940338462779,0.11724453828743946,0.02936576836622668,0.9006005968990646,0.002927824819681224,0.06944444444444443,0.024056261216234408,0.5347222222222222,0.012028130608117162,0.06944444444444443,0.024056261216234408
19,last,full_delta,expression,paraphrase,24,1.2163335877752408,0.0024123925993702455,-0.09840971131257259,0.00217851047219174,0.7401359837353659,0.0023724274107227417,0.0,0.0,0.22731481481481483,0.007897556532051847,0.0,0.0
19,last,full_delta,joint,paraphrase,96,1.2907943878064947,0.0050550242078087485,-0.03313916007616857,0.00404599176565611,0.720787938649769,0.002273587762263266,0.0,0.0,0.2576967592592592,0.004865242953005469,0.0,0.0
19,last,full_affine,dev,canonical,48,0.13181219790677687,0.0029541533608122136,0.7520631137030535,0.005556720831265232,0.9729270095366257,0.0006424991600005654,0.9930555555555555,0.012028130608117225,0.9965277777777778,0.00601406530405858,1.0,0.0
19,last,full_affine,expression,canonical,24,0.9810506357020933,0.006127386521499125,0.1638503518127219,0.005222372727573211,0.7749690580926963,0.001717938494525195,0.0,0.0,0.24837962962962964,0.00521218993018412,0.0,0.0
19,last,full_affine,iid,canonical,24,0.13838614991471787,0.0019102476109444785,0.7446451312301142,0.0035248543897732324,0.9712496278709123,0.00038313802395195787,1.0,0.0,1.0,0.0,1.0,0.0
19,last,full_affine,joint,canonical,96,0.9540841573533484,0.012088407761669155,0.2372505720699409,0.00966416435461637,0.7789777658551804,0.0018101660508126696,0.006944444444444444,0.012028130608117204,0.24988425925925928,0.0055156261840017895,0.052083333333333336,0.0
19,last,full_affine,template,canonical,24,0.462766165441934,0.011049710785501217,0.18507019188786947,0.019458507044316137,0.897272813129172,0.002361848797022714,0.8055555555555555,0.024056261216234453,0.8627314814814815,0.0106757894051854,0.8888888888888888,0.024056261216234387
19,last,full_affine,topic,canonical,96,0.18917196024736394,0.002070530349232768,0.6329447069957296,0.004017504090025192,0.959715818465281,0.0004990240996527019,0.9965277777777778,0.006014065304058581,0.9982638888888888,0.0030070326520293222,1.0,0.0
19,last,full_affine,train,canonical,168,0.05758634441916352,0.0031880474664051322,0.893168534307765,0.005914315051037268,0.9880718035129444,0.0006155805765441335,0.998015873015873,0.003436608745176332,0.9990079365079364,0.0017183043725881658,1.0,0.0
19,last,full_affine,iid,paraphrase,24,0.23274441418792038,0.007236271218754573,0.5185263942693984,0.014969526155524686,0.9515435879739577,0.0015375259300498326,1.0,0.0,1.0,0.0,1.0,0.0
19,last,full_affine,topic,paraphrase,96,0.2640950656092544,0.004928830040552467,0.40067180964737287,0.011185316097994,0.9444637493576499,0.0009471218683402013,0.951388888888889,0.012028130608117226,0.9751157407407408,0.007016409521401645,0.9791666666666666,0.010416666666666685
19,last,full_affine,template,paraphrase,24,0.5354310948421009,0.01728354899058451,0.06959168028909708,0.030033290800402655,0.8885751576202394,0.0033461630533640325,0.8611111111111112,0.024056261216234387,0.9305555555555555,0.012028130608117225,1.0,0.0
19,last,full_affine,expression,paraphrase,24,0.9585843292604133,0.0015867469527218229,0.13435068557339788,0.0014329113984701692,0.7753292835044374,0.001957636577932505,0.0,0.0,0.22199074074074074,0.007228006942590724,0.0,0.0
19,last,full_affine,joint,paraphrase,96,0.969978156399614,0.012919176776896127,0.22363900303449594,0.010340382302745914,0.7706687221822492,0.0024890034332628974,0.0,0.0,0.2298032407407408,0.0047619262910117205,0.041666666666666664,0.020833333333333336
19,last,shuffled,dev,canonical,48,0.3932822003692375,0.012188514617700099,0.2602417246352033,0.02292642419205124,0.9183420079475809,0.002698812405570788,0.5277777777777778,0.03182344232608222,0.7511574074074074,0.020345365545424824,0.9097222222222223,0.04336804165554445
19,last,shuffled,expression,canonical,24,0.9700633452023707,0.006130869720885486,0.1732148216489804,0.005225341459089683,0.7755086454389623,0.0018434008777126359,0.0,0.0,0.23379629629629628,0.009377143102096811,0.0,0.0
19,last,shuffled,iid,canonical,24,0.4467796725554809,0.023590611476377022,0.17558682913886212,0.04353020516477958,0.906756810410899,0.004949816670233355,0.7361111111111112,0.08673608331108888,0.851851851851852,0.04531660173715722,0.875,0.04166666666666663
19,last,shuffled,joint,canonical,96,1.236831008387181,0.02611476653518672,0.011206572478394294,0.020877637556100417,0.7283605829461393,0.004852078365581224,0.0,0.0,0.2545717592592593,0.009228101511702636,0.0,0.0
19,last,shuffled,template,canonical,24,0.6228354145829759,0.05699966927205163,-0.09681126840123588,0.10037624401077003,0.8686441976143778,0.011082930136305296,0.20833333333333334,0.04166666666666667,0.5752314814814815,0.026970324531784853,0.20833333333333334,0.04166666666666667
19,last,shuffled,topic,canonical,96,0.41577034850666156,0.016433435796873952,0.19326993866297978,0.03188622448908882,0.9134757180712186,0.003306433627401062,0.7847222222222222,0.026214702900245676,0.8778935185185185,0.016500668321045513,0.826388888888889,0.021684020827772203
19,last,shuffled,train,canonical,168,0.4699302284605813,0.012636504070570462,0.1282076404415056,0.023442645382360704,0.9017735337928473,0.002660114506204896,0.7063492063492064,0.02090407490645383,0.84239417989418,0.00953430996315428,0.9146825396825397,0.014979830228711804
19,last,shuffled,iid,paraphrase,24,0.5795967058782178,0.008441893980360153,-0.19899984204754304,0.01746357328531939,0.8850345829915912,0.0035420869637002458,0.0,0.0,0.474537037037037,0.010607814108694097,0.013888888888888888,0.024056261216234408
19,last,shuffled,topic,paraphrase,96,0.5600752832451986,0.024013602522376186,-0.2710154398159928,0.05449563743412353,0.8891618388982544,0.006679390671104578,0.05902777777777777,0.021684020827772214,0.4976851851851852,0.020712419176126515,0.05902777777777777,0.021684020827772214
19,last,shuffled,template,paraphrase,24,0.8055322997611606,0.15478998848819076,-0.3997579907357849,0.2689755871198302,0.8394394152244002,0.028960324325089958,0.0,0.0,0.4907407407407407,0.016037507477489645,0.0,0.0
19,last,shuffled,expression,paraphrase,24,1.1610315983154038,0.023874756713641927,-0.048469264967835844,0.021560092472210194,0.7406501728046303,0.004762850707895437,0.0,0.0,0.21319444444444446,0.010276839296492177,0.0,0.0
19,last,shuffled,joint,paraphrase,96,1.3453497232779474,0.04790816212181795,-0.07680471517858178,0.0383452227890752,0.7024367698035795,0.0028318186157522537,0.0,0.0,0.2451967592592593,0.014546428723434725,0.0,0.0
19,last,random_subspace,dev,canonical,48,0.27608063908547237,0.0011457571850946302,0.48069620938925395,0.002155153115082941,0.9443434493183632,0.0002105725463093117,0.46527777777777773,0.031823442326082224,0.7291666666666665,0.015911721163041116,0.46527777777777773,0.031823442326082224
19,last,random_subspace,expression,canonical,24,1.1026747631914993,0.0035409683561124596,0.060190084227683016,0.003017968020668804,0.7566123290778193,0.0005216698000399209,0.0,0.0,0.24027777777777778,0.0,0.0,0.0
19,last,random_subspace,iid,canonical,24,0.30130336990922646,0.0010458429776324227,0.4440246908342373,0.0019298253219113032,0.9389961334132021,0.0002406262222465188,0.34722222222222227,0.0481125224324688,0.6736111111111112,0.024056261216234387,0.34722222222222227,0.0481125224324688
19,last,random_subspace,joint,canonical,96,1.1639322899105853,0.003269155559098572,0.06948597622523256,0.002613549877438432,0.7346004243827541,0.0004507235925638529,0.0,0.0,0.2527199074074074,0.00070164095214017,0.0,0.0
19,last,random_subspace,template,canonical,24,0.42337802071199077,0.0014292549100332133,0.25443259481119446,0.002516913544153289,0.908312065394751,0.00038139060607195126,0.0,0.0,0.4930555555555555,0.0,0.0,0.0
19,last,random_subspace,topic,canonical,96,0.2936249105874577,0.0003011544440642831,0.4302719205948821,0.0005843378297766897,0.9398810148852849,1.2038048915866108e-05,0.3993055555555556,0.024056261216234387,0.6996527777777778,0.012028130608117162,0.3993055555555556,0.024056261216234387
19,last,random_subspace,train,canonical,168,0.2951091919492321,0.0005585233597972672,0.45252736854232317,0.0010361461515282016,0.9396910134643047,0.00010098723234824218,0.41865079365079366,0.009092412093166342,0.7083333333333334,0.00454620604658322,0.41865079365079366,0.009092412093166342
19,last,random_subspace,iid,paraphrase,24,0.4381824262852662,0.0022689022665845354,0.09354098362589047,0.004693631678140969,0.9154441904441161,0.0004599827081029657,0.0,0.0,0.5,0.0,0.0,0.0
19,last,random_subspace,topic,paraphrase,96,0.4077984292570154,0.001598421281619094,0.0745563758587449,0.0036274018672930934,0.9206982610940145,0.0003399780673455128,0.0,0.0,0.49826388888888884,0.0,0.0,0.0
19,last,random_subspace,template,paraphrase,24,0.510783336993948,0.0033531296301596903,0.11242161524254624,0.005826668893575847,0.8965558144491897,0.0006671250883088587,0.0,0.0,0.5,0.0,0.0,0.0
19,last,random_subspace,expression,paraphrase,24,1.2085937791727335,0.0012016374071529975,-0.09142027928657341,0.0010851383294507768,0.7432475681010103,0.00013889834946482954,0.0,0.0,0.24236111111111114,0.001202813060811732,0.0,0.0
19,last,random_subspace,joint,paraphrase,96,1.2378284374892494,0.004027757648620485,0.009254266747126963,0.003223777693329992,0.7179040545166268,0.0004885596755407314,0.0,0.0,0.28680555555555554,0.0015035163260146611,0.0,0.0
19,last,rank1,dev,canonical,48,0.2555895223144225,0.001319712327304832,0.5192397112019951,0.0024823602855865616,0.9481275665835079,0.0002364075491540785,0.673611111111111,0.012028130608117226,0.8333333333333334,0.00601406530405858,0.673611111111111,0.012028130608117226
19,last,rank1,expression,canonical,24,1.069589323942539,0.00401356206335912,0.08838881055371177,0.003420759729546321,0.7617344982498536,0.0004841149347259798,0.0,0.0,0.23842592592592593,0.003948778266025908,0.0,0.0
19,last,rank1,iid,canonical,24,0.28472443775259,0.001524556371577,0.4746167049036487,0.002813163690414451,0.9420473868629471,0.0003269224084506912,0.4583333333333333,0.0,0.7291666666666666,0.0,0.4583333333333333,0.0
19,last,rank1,joint,canonical,96,1.1540533497246577,0.004657248949941095,0.07738376586705431,0.003723271102362359,0.7361882954060449,0.0009650602699513515,0.0,0.0,0.2533564814814815,0.0011817464037420285,0.0,0.0
19,last,rank1,template,canonical,24,0.41931867604886747,0.001806573341786989,0.26158108840130134,0.003181370153448877,0.9090191842980201,0.0003398098521261818,0.027777777777777776,0.024056261216234408,0.5069444444444444,0.012028130608117193,0.027777777777777776,0.024056261216234408
19,last,rank1,topic,canonical,96,0.27286888375117996,0.0008924122589495959,0.47054538132358736,0.0017315708034162317,0.9437534188227351,0.00011675872709610157,0.5902777777777778,0.04209845712841017,0.7951388888888888,0.021049228564205144,0.5902777777777778,0.04209845712841017
19,last,rank1,train,canonical,168,0.26795016111789044,0.0016234165422099008,0.5029115195030723,0.003011685676224111,0.9449169517429569,0.0004094504899593979,0.5892857142857143,0.042923229469809365,0.7939814814814814,0.02201248576804584,0.5892857142857143,0.042923229469809365
19,last,rank1,iid,paraphrase,24,0.43412227260697334,0.003468910555783391,0.10194014043542687,0.007176064263787037,0.9158597525091955,0.0007091113177290984,0.0,0.0,0.5,0.0,0.0,0.0
19,last,rank1,topic,paraphrase,96,0.40561852155998807,0.003334523316172888,0.07950338284723675,0.007567251664320815,0.9207165613360875,0.0007550487276975562,0.0,0.0,0.49884259259259256,0.0010023442173431288,0.0,0.0
19,last,rank1,template,paraphrase,24,0.5304086679211685,0.008819871167754059,0.07831905499219256,0.015326120563985312,0.8923883234351475,0.0016744628107594887,0.0,0.0,0.5,0.0,0.0,0.0
19,last,rank1,expression,paraphrase,24,1.189491937152656,0.004702845217435234,-0.0741703661133389,0.004246903077862946,0.7457948181492237,0.0006481789703745611,0.0,0.0,0.24027777777777778,0.0012028130608117162,0.0,0.0
19,last,rank1,joint,paraphrase,96,1.2367074068027275,0.002862890770105684,0.010151528706764723,0.002291429675831671,0.7167288668384398,0.0008262228410986737,0.0,0.0,0.2689814814814815,0.0031649326189526106,0.0,0.0
19,last,rank2,dev,canonical,48,0.24436412339287095,0.0016101488761197022,0.5403545283452384,0.003028667340043845,0.9504314390983043,0.00029862549591344253,0.7222222222222222,0.012028130608117162,0.8587962962962963,0.007228006942590819,0.7222222222222222,0.012028130608117162
19,last,rank2,expression,canonical,24,1.0723239186333922,0.007695926537743238,0.08605811496524662,0.0065592396894009015,0.7613685758580622,0.0010451865079632089,0.0,0.0,0.2439814814814815,0.002438808739086288,0.0,0.0
19,last,rank2,iid,canonical,24,0.2663552499205168,0.0011900674139574952,0.5085121601291834,0.002195953196947125,0.9458078047622506,0.00029493279550972984,0.5833333333333334,0.0,0.7916666666666666,0.0,0.5833333333333334,0.0
19,last,rank2,joint,canonical,96,1.1594280551817124,0.00436048932262602,0.073086919010239,0.0034860244881902767,0.7356997979278983,0.0011826928727361034,0.0,0.0,0.252025462962963,0.0011559597427915503,0.0,0.0
19,last,rank2,template,canonical,24,0.4058750172139929,0.005116721077467594,0.2852553306704328,0.009010530235809054,0.9121312229091777,0.0013877434908116015,0.041666666666666664,0.0,0.5138888888888888,0.0,0.041666666666666664,0.0
19,last,rank2,topic,canonical,96,0.26086390807431564,0.0017525911994377905,0.4938389490321346,0.003400598457536514,0.9463450301520119,0.0002719408592023197,0.6875,0.018042195912175808,0.84375,0.009021097956087904,0.6875,0.018042195912175808
19,last,rank2,train,canonical,168,0.24385470753471308,0.000412013470948518,0.5476122666814854,0.0007643479271055991,0.9499393955619023,0.00012093398487829065,0.7698412698412699,0.0034366087451763315,0.8849206349206349,0.0017183043725881658,0.7698412698412699,0.0034366087451763315
19,last,rank2,iid,paraphrase,24,0.4137129790954573,0.0037917877402451165,0.144160428177627,0.007843993686511666,0.9195814567371134,0.0006227778850591474,0.0,0.0,0.5,0.0,0.0,0.0
19,last,rank2,topic,paraphrase,96,0.39720047258920715,0.004272771721120331,0.0986070114755071,0.009696480081902716,0.9222904762921079,0.0008762039350850257,0.0,0.0,0.4994212962962963,0.0010023442173431288,0.0,0.0
19,last,rank2,template,paraphrase,24,0.5038485914251816,0.018769230023284175,0.12447198929518011,0.03261493016833683,0.8982365871478263,0.004397692738724893,0.0,0.0,0.5,0.0,0.0,0.0
19,last,rank2,expression,paraphrase,24,1.1901040701769292,0.006677713702791555,-0.07472315267225234,0.0060303075194422795,0.7451610299739816,0.0005415923396339651,0.0,0.0,0.24305555555555555,0.0012028130608117162,0.0,0.0
19,last,rank2,joint,paraphrase,96,1.2435331513890822,0.0021728244991818363,0.00468826972806365,0.0017391074049309936,0.716474748378563,0.0016060409203986416,0.0,0.0,0.27141203703703703,0.01094759968735652,0.0,0.0
19,last,rank4,dev,canonical,48,0.2295927462903454,0.0033443736258188628,0.5681392804643737,0.006290719649372618,0.9533669925443186,0.0005628110287400311,0.8680555555555557,0.03182344232608222,0.9328703703703702,0.017818060553635075,0.8680555555555557,0.03182344232608222
19,last,rank4,expression,canonical,24,1.0722798160494218,0.009111823376750521,0.0860957036061678,0.007766008841492748,0.7611023880455177,0.0010106555930874898,0.0,0.0,0.2423611111111111,0.0024056261216234324,0.0,0.0
19,last,rank4,iid,canonical,24,0.24830388796393335,0.00412920449847323,0.5418211521517358,0.007619349721640855,0.9494813973588941,0.0006565046159107365,0.75,0.0,0.875,0.0,0.75,0.0
19,last,rank4,joint,canonical,96,1.1562648927538348,0.009977811481900236,0.07561573191811315,0.007976833009076728,0.737242662090963,0.0011452431437225935,0.0,0.0,0.25306712962962963,0.0026689473512963597,0.0,0.0
19,last,rank4,template,canonical,24,0.3973701299168055,0.003950087419814263,0.3002324113014106,0.006956091917353643,0.9141569055781723,0.0010697058937781925,0.09722222222222221,0.02405626121623441,0.5416666666666666,0.01202813060811716,0.09722222222222221,0.02405626121623441
19,last,rank4,topic,canonical,96,0.24900932601415368,0.002668908601878587,0.516840704080008,0.005178553034938026,0.9487753625559233,0.000497419032598045,0.78125,0.04166666666666663,0.890625,0.02083333333333337,0.78125,0.04166666666666663
19,last,rank4,train,canonical,168,0.22007680650851288,0.0018861406960261516,0.5917239053579028,0.003499079114860233,0.9548321679673287,0.0003769876847724305,0.8968253968253969,0.003436608745176332,0.9484126984126983,0.0017183043725881658,0.8968253968253969,0.003436608745176332
19,last,rank4,iid,paraphrase,24,0.4095140587178035,0.004261762806081237,0.15284664881780255,0.008816221485580929,0.9206629536851372,0.00041162822962636565,0.0,0.0,0.5,0.0,0.0,0.0
19,last,rank4,topic,paraphrase,96,0.39513269596097994,0.0022526122092710985,0.10329955210208026,0.005112000089188224,0.9229961355964252,0.000428412189955868,0.006944444444444444,0.006014065304058602,0.5028935185185185,0.0026519535271735334,0.006944444444444444,0.006014065304058602
19,last,rank4,template,paraphrase,24,0.5003700336802286,0.02016584378207054,0.1305166122124455,0.03504179904673239,0.8989904607622483,0.004405680990884361,0.0,0.0,0.5,0.0,0.0,0.0
19,last,rank4,expression,paraphrase,24,1.1989654191599115,0.01082185529849372,-0.08272539142982908,0.009772673445634934,0.7439322347040364,0.0010887261294867463,0.0,0.0,0.24050925925925926,0.00040093768693723873,0.0,0.0
19,last,rank4,joint,paraphrase,96,1.239064415896553,0.009527268869861575,0.008265001759878396,0.007625532502318442,0.7177930597216299,0.0021414929738651327,0.0,0.0,0.26990740740740743,0.01105990442917616,0.0,0.0
19,last,rank8,dev,canonical,48,0.20697044938657308,0.005195861374897126,0.6106915020666052,0.009773342007646872,0.9579480309197591,0.0009926375556482093,0.9027777777777778,0.012028130608117162,0.9502314814814814,0.00722800694259082,0.9027777777777778,0.012028130608117162
19,last,rank8,expression,canonical,24,1.0733981681775084,0.004071931376951068,0.08514253186923704,0.003470507906907082,0.7603301192003914,0.0004997489708967642,0.0,0.0,0.24236111111111114,0.0045537767529874994,0.0,0.0
19,last,rank8,iid,canonical,24,0.22424865936458707,0.002007437728872801,0.5862086847624857,0.003704192927803389,0.9543122411332211,0.00041157992656324125,0.9305555555555555,0.06364688465216445,0.9652777777777778,0.03182344232608222,0.9305555555555555,0.06364688465216445
19,last,rank8,joint,canonical,96,1.1583499005080122,0.012758923737612202,0.07394885750303011,0.010200213164489973,0.7382280732071719,0.0021114159364260857,0.0,0.0,0.25422453703703707,0.006175611838867623,0.0,0.0
19,last,rank8,template,canonical,24,0.39384890935326106,0.0031876598733021253,0.30643326999087284,0.0056134593297158504,0.9153319938648737,0.0008764963791965887,0.3194444444444444,0.10485881160098263,0.6527777777777778,0.052429405800491304,0.3194444444444444,0.10485881160098263
19,last,rank8,topic,canonical,96,0.23051779892596438,0.00024426341835029976,0.5527202968303101,0.0004739506873827985,0.9526778618687516,0.00014131575433180629,0.8680555555555555,0.0159117211630411,0.9340277777777778,0.007955860581520565,0.8680555555555555,0.0159117211630411
19,last,rank8,train,canonical,168,0.1895207654386258,0.0027799055634918305,0.6484100292328167,0.0051571494740513665,0.9610445820271014,0.0005252244544404896,0.9603174603174603,0.02812985491817025,0.9798280423280423,0.014625227769507997,0.9603174603174603,0.02812985491817025
19,last,rank8,iid,paraphrase,24,0.402430232401481,0.008655953183195638,0.16750081532396532,0.01790639317678111,0.9226030516934625,0.001182264610409686,0.041666666666666664,0.0,0.5208333333333334,0.0,0.041666666666666664,0.0
19,last,rank8,topic,paraphrase,96,0.3879324884980757,0.006076015098651385,0.11963945341356697,0.013788698116070986,0.9252984713335813,0.0006036355308021692,0.045138888888888895,0.012028130608117206,0.5225694444444444,0.00601406530405858,0.045138888888888895,0.012028130608117206
19,last,rank8,template,paraphrase,24,0.4984727807690323,0.012345786566820465,0.13381343212107133,0.02145303596634087,0.9001596994258914,0.00228113347650238,0.0,0.0,0.5,0.0,0.0,0.0
19,last,rank8,expression,paraphrase,24,1.2210914716466623,0.006797664633800636,-0.10270631703175326,0.006138629174640808,0.7413837897313852,0.0007370564070782076,0.0,0.0,0.2324074074074074,0.003563612110727029,0.0,0.0
19,last,rank8,joint,paraphrase,96,1.2550166039562185,0.007544018751220489,-0.004502973007463644,0.00603815857107926,0.7175360312968647,0.0023455513367593808,0.0,0.0,0.25896990740740744,0.002806563808560687,0.0,0.0
19,last,rank16,dev,canonical,48,0.18709146061609908,0.0051987580665425895,0.6480835997385451,0.009778790643801506,0.9619164858760008,0.0010620826286895889,0.9583333333333334,0.036084391824351615,0.9780092592592592,0.020046884346862064,0.9583333333333334,0.036084391824351615
19,last,rank16,expression,canonical,24,1.072874100063671,0.0006554217240646879,0.08558919522489317,0.0005586160632766899,0.7604110108527262,0.0003803417760628421,0.0,0.0,0.24791666666666667,0.0024056261216234484,0.0,0.0
19,last,rank16,iid,canonical,24,0.20476617330964633,0.0033314944921279256,0.6221584360413267,0.006147387866265412,0.9581263050550631,0.0006239956061918685,0.9861111111111112,0.024056261216234387,0.9930555555555555,0.012028130608117225,0.9861111111111112,0.024056261216234387
19,last,rank16,joint,canonical,96,1.1657728537324832,0.006897362615998173,0.06801452426640775,0.005514146052034641,0.7396411226710886,0.0007433562805202381,0.0,0.0,0.2526041666666667,0.002411882637057265,0.0,0.0
19,last,rank16,template,canonical,24,0.3902645505583322,0.006818305791795904,0.31274531491353236,0.0120070157360181,0.9163629120553954,0.0010928682061430415,0.47222222222222227,0.0481125224324688,0.7291666666666665,0.024056261216234387,0.47222222222222227,0.0481125224324688
19,last,rank16,topic,canonical,96,0.21725071592073644,0.0008691180143220686,0.5784627643367425,0.0016863723724442417,0.9552553280488274,0.00030811790624548415,0.920138888888889,0.021684020827772203,0.9600694444444443,0.010842010413886122,0.920138888888889,0.021684020827772203
19,last,rank16,train,canonical,168,0.1564593901156737,0.0032716031501366727,0.7097439308578813,0.006069323608187267,0.9677620344511162,0.000590296110011675,0.9861111111111112,0.012390869044441285,0.9927248677248678,0.0066054842445232315,0.9861111111111112,0.012390869044441285
19,last,rank16,iid,paraphrase,24,0.3972993080540612,0.013134928474470276,0.17811505349978898,0.02717195768449501,0.9235957330010103,0.001820566658246159,0.06944444444444443,0.024056261216234408,0.5347222222222222,0.012028130608117162,0.06944444444444443,0.024056261216234408
19,last,rank16,topic,paraphrase,96,0.384716448270698,0.008009251481727096,0.12693782366190529,0.018175917772446204,0.9259747023269275,0.0007228865210433938,0.1111111111111111,0.05242940580049131,0.5555555555555556,0.026214702900245676,0.1111111111111111,0.05242940580049131
19,last,rank16,template,paraphrase,24,0.5012085966849147,0.01915821464794002,0.1290594574007852,0.03329086127227497,0.9007685023199886,0.0032235130526831576,0.013888888888888888,0.024056261216234408,0.5069444444444445,0.012028130608117225,0.013888888888888888,0.024056261216234408
19,last,rank16,expression,paraphrase,24,1.2336116685386052,0.018880010072797163,-0.11401267738542036,0.017049587894362703,0.7395748943842287,0.00011213425304629114,0.0,0.0,0.2284722222222222,0.0048611111111111095,0.0,0.0
19,last,rank16,joint,paraphrase,96,1.2771766614715447,0.016717089760184413,-0.02223966556275836,0.013380194581651692,0.7181786083309607,0.0016611033000840153,0.0,0.0,0.253587962962963,0.005913830882324302,0.0,0.0
19,last,rank32,dev,canonical,48,0.1717067585394367,0.0038578084019354154,0.6770220074888776,0.007256483226101301,0.9650499968540966,0.000806715469012725,0.9722222222222222,0.01202813060811716,0.9861111111111112,0.0060140653040586444,0.9722222222222222,0.01202813060811716
19,last,rank32,expression,canonical,24,1.0690956504225164,0.0026952151548064107,0.08880956859113016,0.0022971324022104194,0.7610582479654341,0.000937546734327572,0.0,0.0,0.24861111111111112,0.002083333333333326,0.0,0.0
19,last,rank32,iid,canonical,24,0.18601885476019908,0.0011142389745153,0.6567516310318047,0.0020560319605031846,0.9619874744877727,0.0003315429413674841,1.0,0.0,1.0,0.0,1.0,0.0
19,last,rank32,joint,canonical,96,1.167383557771571,0.01173108029725928,0.06672683536086406,0.00937849634832816,0.7415545668850575,0.00032891391612037033,0.0,0.0,0.25364583333333335,0.0027940064130956795,0.0,0.0
19,last,rank32,template,canonical,24,0.39002154408450246,0.004941620652553803,0.31317324857393514,0.008702178920757593,0.9165904834718615,0.001158543930054492,0.5833333333333334,0.07216878364870323,0.7847222222222222,0.036084391824351615,0.5833333333333334,0.07216878364870323
19,last,rank32,topic,canonical,96,0.20740059481916684,0.0018149973795058628,0.5975752114580625,0.0035216867979026654,0.9571943857413249,0.0004113737561227046,0.9618055555555555,0.012028130608117225,0.9809027777777778,0.006014065304058581,0.9618055555555555,0.012028130608117225
19,last,rank32,train,canonical,168,0.11954335343056845,0.003274739009165747,0.7782288181414314,0.006075141105714857,0.9753506190678359,0.0005407339428596719,0.9920634920634921,0.009092412093166377,0.9957010582010581,0.005090874443895761,0.9920634920634921,0.009092412093166377
19,last,rank32,iid,paraphrase,24,0.3919398417830399,0.01441964499551085,0.18920207167508538,0.0298296244555121,0.9242834256761959,0.0022730623409279722,0.125,0.0,0.5625,0.0,0.125,0.0
19,last,rank32,topic,paraphrase,96,0.38130207996276916,0.009530839949600297,0.1346862727836925,0.021628957914669598,0.9262146688452465,0.0010876565263247503,0.15277777777777776,0.046971351591905144,0.576388888888889,0.023485675795952572,0.15277777777777776,0.046971351591905144
19,last,rank32,template,paraphrase,24,0.49962221429852643,0.019725425672197937,0.13181608357501537,0.03427649296435467,0.9012248925333686,0.003782479137471179,0.041666666666666664,0.0,0.5208333333333334,0.0,0.041666666666666664,0.0
19,last,rank32,expression,paraphrase,24,1.2267236884482167,0.01237430984385678,-0.10779248886259192,0.01117461709508818,0.7398247044436865,0.0005613309814371369,0.0,0.0,0.22662037037037033,0.004726985614968081,0.0,0.0
19,last,rank32,joint,paraphrase,96,1.2808473327839984,0.009603089861257547,-0.025177634857084685,0.007686218879720599,0.7193464523325215,0.0022640495406240214,0.0,0.0,0.2570601851851852,0.0055374415342155986,0.0,0.0
19,mean,identity,dev,canonical,48,6.739292145842517,0.0,0.0,0.0,0.9999285556882014,0.0,0.0,0.0,0.5,0.0,0.0,0.0
19,mean,identity,expression,canonical,24,44.6495181652146,0.0,0.0,0.0,0.999561823391438,0.0,0.0,0.0,0.4375,0.0,0.0,0.0
19,mean,identity,iid,canonical,24,7.632298256662348,0.0,0.0,0.0,0.9999255251459229,0.0,0.0,0.0,0.5,0.0,0.0,0.0
19,mean,identity,joint,canonical,96,39.74055313538021,0.0,0.0,0.0,0.9995894085956495,0.0,0.0,0.0,0.32986111111111116,0.0,0.0,0.0
19,mean,identity,template,canonical,24,4.606465930748462,0.0,0.0,0.0,0.999953822620873,0.0,0.0,0.0,0.5,0.0,0.0,0.0
19,mean,identity,topic,canonical,96,6.03960574018421,0.0,0.0,0.0,0.9999313999612132,0.0,0.0,0.0,0.5,0.0,0.0,0.0
19,mean,identity,train,canonical,168,7.600576574586026,0.0,0.0,0.0,0.9999280569505403,0.0,0.0,0.0,0.49900793650793646,0.0,0.0,0.0
19,mean,identity,iid,paraphrase,24,7.545221608638626,0.0,0.0,0.0,0.999942130004265,0.0,0.0,0.0,0.5,0.0,0.0,0.0
19,mean,identity,topic,paraphrase,96,5.957319976134445,0.0,0.0,0.0,0.9999449353684629,0.0,0.0,0.0,0.5,0.0,0.0,0.0
19,mean,identity,template,paraphrase,24,20.82646154822724,0.0,0.0,0.0,0.9999189718274145,0.0,0.0,0.0,0.5,0.0,0.0,0.0
19,mean,identity,expression,paraphrase,24,76.01841796386965,0.0,0.0,0.0,0.9994217159581398,0.0,0.0,0.0,0.33125,0.0,0.0,0.0
19,mean,identity,joint,paraphrase,96,51.36182856344289,0.0,0.0,0.0,0.9993989848127226,0.0,0.0,0.0,0.4109375,0.0,0.0,0.0
19,mean,shift,dev,canonical,48,0.8463030540296376,0.013785500901628459,0.8744225601568966,0.002045541371898078,0.9999765934002767,1.1415666291864181e-07,0.9722222222222223,0.024056261216234387,0.986111111111111,0.012028130608117226,0.9722222222222223,0.024056261216234387
19,mean,shift,expression,canonical,24,83.82969644902397,1.1828955326704842,-0.8775050637463258,0.02649290700727095,0.999512277740685,1.0971518104775506e-06,0.0,0.0,0.40277777777777773,0.0,0.0,0.0
19,mean,shift,iid,canonical,24,0.9120471376257329,0.007833615918998178,0.8805016383067062,0.0010263770696015372,0.9999746883740865,4.5357910172578046e-08,0.9166666666666666,0.0,0.9583333333333334,0.0,0.9166666666666666,0.0
19,mean,shift,joint,canonical,96,77.79612095709204,1.153150658740781,-0.9576003557895056,0.029016975551710525,0.999520668332849,1.4537988878402845e-06,0.0,0.0,0.2490740740740741,0.0005011721086715644,0.0,0.0
19,mean,shift,template,canonical,24,0.6586503349013784,0.06377322045040916,0.857016128024557,0.013844283537346689,0.9999698951939244,5.094803696790304e-07,1.0,0.0,1.0,0.0,1.0,0.0
19,mean,shift,topic,canonical,96,1.2229815591083202,0.041637477801300664,0.7975063916885711,0.006894072161741961,0.9999752506252503,2.1051203569375052e-07,0.9930555555555557,0.00601406530405858,0.9965277777777777,0.0030070326520293222,0.9930555555555557,0.00601406530405858
19,mean,shift,train,canonical,168,1.1719086865796124,0.0018787217721498253,0.8458131860024789,0.0002471814807355307,0.9999756734545802,8.663648318667906e-08,0.9801587301587301,0.003436608745176332,0.9900793650793651,0.001718304372588166,0.9801587301587301,0.003436608745176332
19,mean,shift,iid,paraphrase,24,0.9501965555313494,0.005744298231970737,0.8740664483010736,0.0007613160394645128,0.9999524283213693,2.122232500490362e-07,0.4861111111111111,0.0481125224324688,0.7430555555555555,0.024056261216234453,0.4861111111111111,0.0481125224324688
19,mean,shift,topic,paraphrase,96,1.2690267446402073,0.044119456726102325,0.7869802613047409,0.007405923620495252,0.9999497467693326,4.084658458853136e-07,0.6388888888888888,0.024056261216234387,0.8194444444444445,0.012028130608117225,0.6388888888888888,0.024056261216234387
19,mean,shift,template,paraphrase,24,4.861174724878116,0.24854280137063536,0.7665866228105417,0.011933990841175347,0.9999488032810122,1.3873037695277968e-07,0.875,0.0,0.9375,0.0,0.875,0.0
19,mean,shift,expression,paraphrase,24,125.38953220342704,1.4474377909583749,-0.649462532396066,0.019040619756732005,0.9993567614759175,1.4792599932161499e-06,0.0,0.0,0.26643518518518516,0.00472698561496807,0.0,0.0
19,mean,shift,joint,paraphrase,96,93.54500967275693,1.2613000737620699,-0.8212943792919827,0.024557148938030696,0.9993374244328747,2.0575597318018206e-06,0.0,0.0,0.26521990740740736,0.0011817464037420066,0.0,0.0
19,mean,lowrank,dev,canonical,48,0.32971293960992193,0.035783856207898014,0.9510760280939413,0.005309735122548922,0.9999881780700072,1.6870330121517184e-07,1.0,0.0,1.0,0.0,1.0,0.0
19,mean,lowrank,expression,canonical,24,83.92853896532239,0.7993456991625455,-0.8797188058058184,0.017902672458967206,0.9994934468700755,6.935271857371052e-07,0.0,0.0,0.3923611111111111,0.0034722222222222376,0.0,0.0
19,mean,lowrank,iid,canonical,24,0.2802068440587543,0.09960931238535245,0.9632867015103664,0.013051024610889925,0.9999874897597354,2.1570718992143718e-07,1.0,0.0,1.0,0.0,1.0,0.0
19,mean,lowrank,joint,canonical,96,73.96490725238169,1.8960837795091243,-0.8611947096058971,0.04771155985297737,0.9995137964266196,8.619726498133555e-07,0.0,0.0,0.2528356481481482,0.0021845585750205044,0.0,0.0
19,mean,lowrank,template,canonical,24,0.14684755169856983,0.1012779567373796,0.968121428898811,0.0219860427190707,0.999972633181745,4.357870780415672e-07,1.0,0.0,1.0,0.0,1.0,0.0
19,mean,lowrank,topic,canonical,96,0.28218724168547676,0.07707462343059258,0.9532772081780175,0.012761532249991155,0.9999850656189343,1.9089851274654127e-07,1.0,0.0,1.0,0.0,1.0,0.0
19,mean,lowrank,train,canonical,168,0.1984471205936772,0.04176325058446019,0.9738905175618884,0.005494747691129554,0.9999911674044979,9.687818240136724e-08,1.0,0.0,1.0,0.0,1.0,0.0
19,mean,lowrank,iid,paraphrase,24,0.3348331722955964,0.08782425695083344,0.9556231493701602,0.01163971868636464,0.9999540464980797,3.4571144074519087e-07,0.9166666666666666,0.041666666666666685,0.9583333333333334,0.020833333333333315,0.9166666666666666,0.041666666666666685
19,mean,lowrank,topic,paraphrase,96,0.3253170570162421,0.07138340956628256,0.9453920456984868,0.011982470280638093,0.9999546487357535,2.2919924264163478e-07,0.8819444444444445,0.049227246106797996,0.9409722222222222,0.02461362305339901,0.8819444444444445,0.049227246106797996
19,mean,lowrank,template,paraphrase,24,6.503135025304684,0.66326815675266,0.6877465233234382,0.03184737624376318,0.999944398879995,1.8067659521781842e-07,1.0,0.0,1.0,0.0,1.0,0.0
19,mean,lowrank,expression,paraphrase,24,124.10320160184163,0.6731645179883522,-0.6325412304795123,0.008855281864827787,0.999341293809827,1.4588371970624956e-06,0.0,0.0,0.28703703703703703,0.0053039070543470426,0.0,0.0
19,mean,lowrank,joint,paraphrase,96,86.72060930546058,1.6140291536526714,-0.6884252708865688,0.03142468246937509,0.9993315121520719,3.2706679134463117e-06,0.0,0.0,0.27824074074074073,0.004396624979912618,0.0,0.0
19,mean,full_delta,dev,canonical,48,0.32843599451435407,0.035965614856950594,0.9512655057227387,0.0053367051136280095,0.9999891356208553,1.0134940070337944e-07,1.0,0.0,1.0,0.0,1.0,0.0
19,mean,full_delta,expression,canonical,24,83.92889325101628,0.7995681024754653,-0.8797267406214321,0.017907653549963553,0.999492872758637,6.826502048010213e-07,0.0,0.0,0.3900462962962963,0.0020046884346862255,0.0,0.0
19,mean,full_delta,iid,canonical,24,0.27848967092870663,0.09937437607265212,0.9635116891972076,0.013020242753997031,0.9999885874709652,7.767696313847189e-08,1.0,0.0,1.0,0.0,1.0,0.0
19,mean,full_delta,joint,canonical,96,73.96484833518623,1.8966497728866452,-0.8611932270599635,0.04772580206484577,0.999513424977727,1.0668772439026816e-06,0.0,0.0,0.25312500000000004,0.0022966591241880465,0.0,0.0
19,mean,full_delta,template,canonical,24,0.14726015776798768,0.10131830717847622,0.9680318578316153,0.021994802241382005,0.9999722717877234,4.794594339994232e-07,1.0,0.0,1.0,0.0,1.0,0.0
19,mean,full_delta,topic,canonical,96,0.2815651062971159,0.07699580705310295,0.9533802174496695,0.012748482329039326,0.9999855115555502,1.3025212069457343e-07,1.0,0.0,1.0,0.0,1.0,0.0
19,mean,full_delta,train,canonical,168,0.1960689823839338,0.04160035270156233,0.9742034067468608,0.00547331538513289,0.9999928008515783,1.0790406040900545e-07,1.0,0.0,1.0,0.0,1.0,0.0
19,mean,full_delta,iid,paraphrase,24,0.3339652767920738,0.0879259130251456,0.9557381752167872,0.011653191594065056,0.9999546345393758,2.685795842514017e-07,0.9166666666666666,0.041666666666666685,0.9583333333333334,0.020833333333333315,0.9166666666666666,0.041666666666666685
19,mean,full_delta,topic,paraphrase,96,0.3246974859236033,0.07143275448436937,0.9454960473460599,0.011990753353946965,0.9999551271012588,1.4602072992636042e-07,0.9027777777777778,0.03658213108629421,0.9513888888888888,0.018291065543147137,0.9027777777777778,0.03658213108629421
19,mean,full_delta,template,paraphrase,24,6.503393485579232,0.6638982902331308,0.6877341131368135,0.03187763263076452,0.9999442968242898,4.892316326664375e-07,1.0,0.0,1.0,0.0,1.0,0.0
19,mean,full_delta,expression,paraphrase,24,124.10388120398913,0.6727333900085806,-0.6325501704465059,0.008849610502658941,0.9993405381295012,1.43282195199236e-06,0.0,0.0,0.2881944444444445,0.0034722222222222376,0.0,0.0
19,mean,full_delta,joint,paraphrase,96,86.72054260757785,1.6142051388098495,-0.6884239722980143,0.031428108849667555,0.999331634596548,3.3297454183779193e-06,0.0,0.0,0.27766203703703707,0.004185912342598393,0.0,0.0
19,mean,full_affine,dev,canonical,48,0.3437770382681189,0.036395020118551315,0.9489891474017497,0.005400421784801763,0.9999775141831013,5.485425877092706e-07,1.0,0.0,1.0,0.0,1.0,0.0
19,mean,full_affine,expression,canonical,24,83.92185205270154,0.7986820012999793,-0.8795690413090081,0.01788780784474886,0.9994788379850629,1.1577930466252985e-06,0.0,0.0,0.362037037037037,0.006262846878920664,0.0,0.0
19,mean,full_affine,iid,canonical,24,0.297233857370569,0.09797324920641845,0.9610557859015652,0.012836664122880155,0.9999759100240698,8.244975294005935e-07,1.0,0.0,1.0,0.0,1.0,0.0
19,mean,full_affine,joint,canonical,96,73.97942215146475,1.8996992849675898,-0.8615599511019981,0.04780253758663282,0.999449661893775,2.6466676288333096e-06,0.0,0.0,0.23750000000000002,0.0,0.0,0.0
19,mean,full_affine,template,canonical,24,0.47500269565323494,0.10573433692835027,0.8968834888189315,0.022953461182154092,0.9997084819987542,2.7428419653806374e-06,0.8055555555555555,0.024056261216234453,0.8796296296296297,0.014456013885181532,1.0,0.0
19,mean,full_affine,topic,canonical,96,0.3407266459868057,0.07682069555417706,0.9435846211417745,0.012719488466449805,0.9999391583551961,6.663724880333124e-07,1.0,0.0,1.0,0.0,1.0,0.0
19,mean,full_affine,train,canonical,168,0.2069662990008673,0.0410737778408256,0.9727696580687183,0.005404034475248041,0.9999850294078132,6.734209630750864e-07,0.996031746031746,0.0034366087451763315,0.998015873015873,0.0017183043725881658,1.0,0.0
19,mean,full_affine,iid,paraphrase,24,0.31363220351524246,0.08644846101630803,0.9584330030603526,0.011457378656358088,0.9999669273066075,8.949999777471018e-07,1.0,0.0,1.0,0.0,1.0,0.0
19,mean,full_affine,topic,paraphrase,96,0.3550116928477638,0.07126914568600942,0.9404074828496753,0.01196328986381797,0.9999292427642484,7.43595262797579e-07,1.0,0.0,1.0,0.0,1.0,0.0
19,mean,full_affine,template,paraphrase,24,6.866817651168105,0.663497168312359,0.6702839973431486,0.03185837242567194,0.9996672780283525,1.6938087300893142e-06,0.7222222222222223,0.024056261216234387,0.8483796296296297,0.008018753738744774,1.0,0.0
19,mean,full_affine,expression,paraphrase,24,124.06231630781214,0.6724042689853622,-0.6320033964239692,0.008845281012095517,0.9993276050461296,1.0354164460050833e-06,0.0,0.0,0.2291666666666667,0.0012028130608117483,0.0,0.0
19,mean,full_affine,joint,paraphrase,96,86.69757810199553,1.6114047017409325,-0.687976859992541,0.031373585147002815,0.9992665488989155,1.8998909196014828e-06,0.0,0.0,0.20121527777777778,0.0003007032652029451,0.0,0.0
19,mean,shuffled,dev,canonical,48,18.337752858263247,2.9000140740096043,-1.7210206148394753,0.4303143432947375,0.9997935733115484,1.3991519781333006e-05,0.7152777777777778,0.05242940580049135,0.8356481481481483,0.03820759453760204,0.9652777777777778,0.012028130608117162
19,mean,shuffled,expression,canonical,24,98.9900219525773,6.245704356506086,-1.217045693220898,0.13988290609084258,0.9994606249970667,1.2664180139907937e-05,0.0,0.0,0.24560185185185188,0.005655922093921572,0.0,0.0
19,mean,shuffled,iid,canonical,24,18.055823699088922,6.7741199256983595,-1.3657125405611241,0.8875596442768897,0.9997742796712908,3.4864098196854636e-05,0.7222222222222223,0.1463285243451769,0.829861111111111,0.09740805652156623,0.9305555555555555,0.06364688465216445
19,mean,shuffled,joint,canonical,96,132.38666147734693,29.02420309206864,-2.331273750175504,0.7303422021629836,0.9993966735401604,8.904908587052305e-06,0.0,0.0,0.24739583333333334,0.006770833333333317,0.0,0.0
19,mean,shuffled,template,canonical,24,13.91954203678523,0.810767916138576,-2.021739929491581,0.1760064935521714,0.9998312135379658,1.736155203401304e-05,0.9861111111111112,0.024056261216234387,0.9930555555555555,0.012028130608117225,1.0,0.0
19,mean,shuffled,topic,canonical,96,22.406141969225647,7.968530736501169,-2.709868314772192,1.3193792905194048,0.9997987562470172,2.1781807907346858e-05,0.7604166666666666,0.07511565157216646,0.8561921296296297,0.04345771985499071,0.9722222222222223,0.03943686351250189
19,mean,shuffled,train,canonical,168,22.753997784179305,7.888559532113805,-1.9937199580702372,1.0378896199126135,0.9997754510379524,2.1356901829021986e-05,0.8373015873015873,0.05401054598736585,0.9085648148148149,0.029355414092918627,0.9761904761904763,0.01785714285714285
19,mean,shuffled,iid,paraphrase,24,17.670453502525977,6.869762598407725,-1.3419396300162785,0.9104785723645865,0.9997507241096409,3.338705111302502e-05,0.47222222222222215,0.024056261216234418,0.7013888888888888,0.033122888938088436,0.5833333333333334,0.041666666666666685
19,mean,shuffled,topic,paraphrase,96,21.79808506472987,8.369977954536047,-2.659042178707026,1.404990497080386,0.9997763890295345,2.131499244877763e-05,0.5590277777777778,0.08980914691928862,0.754050925925926,0.05465534033829507,0.7430555555555555,0.033484898475669995
19,mean,shuffled,template,paraphrase,24,12.99544907887248,1.9538925838981973,0.3760126246708165,0.09381778942013866,0.9998014615606715,1.5586971497920975e-05,1.0,0.0,1.0,0.0,1.0,0.0
19,mean,shuffled,expression,paraphrase,24,140.47547851876894,10.782237261917228,-0.8479137330315752,0.1418371698690422,0.9993045748651347,1.3436424650346655e-05,0.0,0.0,0.22083333333333335,1.962615573354719e-17,0.0,0.0
19,mean,shuffled,joint,paraphrase,96,191.61006202775584,33.27784819999504,-2.7305926869616073,0.6479101140040168,0.9991614008294959,2.2051612040560458e-05,0.0,0.0,0.23113425925925926,0.0021983124899563216,0.0,0.0
19,mean,random_subspace,dev,canonical,48,0.8417947352770621,0.013352158201524638,0.8750915204356637,0.00198124044967565,0.9999728064476968,1.6132702533673722e-06,0.9930555555555555,0.012028130608117225,0.9965277777777778,0.00601406530405858,0.9930555555555555,0.012028130608117225
19,mean,random_subspace,expression,canonical,24,83.83091532355128,1.1784702513121037,-0.8775323624625809,0.02639379549296504,0.999508361976215,2.42136176375252e-06,0.0,0.0,0.40046296296296297,0.004009376869372387,0.0,0.0
19,mean,random_subspace,iid,canonical,24,0.9070899581839177,0.008411576158546734,0.8811511385326032,0.0011021026531824122,0.9999715952451025,1.3820025401281978e-06,0.9305555555555555,0.024056261216234453,0.9652777777777778,0.012028130608117162,0.9305555555555555,0.024056261216234453
19,mean,random_subspace,joint,canonical,96,77.76880993772147,1.1487323162205814,-0.9569131227940931,0.028905795858132834,0.9995188700066563,1.7557511363215546e-06,0.0,0.0,0.2490740740740741,0.0005011721086715644,0.0,0.0
19,mean,random_subspace,template,canonical,24,0.6546675658764637,0.06294900348363162,0.857880732058276,0.013665357441035845,0.9999675199476531,9.003055861589152e-07,1.0,0.0,1.0,0.0,1.0,0.0
19,mean,random_subspace,topic,canonical,96,1.2154109675153941,0.04064690974372822,0.7987598827140787,0.006730060121852965,0.9999710535149191,1.6695641560949647e-06,1.0,0.0,1.0,0.0,1.0,0.0
19,mean,random_subspace,train,canonical,168,1.1639664212956513,0.00450210765553693,0.8468581416326236,0.000592337648513486,0.9999715374555859,1.791499784391157e-06,0.9821428571428571,0.0,0.9910714285714285,1.3597399555105182e-16,0.9821428571428571,0.0
19,mean,random_subspace,iid,paraphrase,24,0.9454237213185035,0.006557964131728495,0.8746990121223113,0.0008691546082914539,0.9999494571977076,1.3482651095572694e-06,0.4861111111111111,0.0481125224324688,0.7430555555555555,0.024056261216234453,0.4861111111111111,0.0481125224324688
19,mean,random_subspace,topic,paraphrase,96,1.2615102095219142,0.04315747968463089,0.7882419922757823,0.007244445464994922,0.999945740928768,1.7255954206987754e-06,0.6284722222222222,0.03348489847566997,0.8142361111111112,0.016742449237835005,0.6284722222222222,0.03348489847566997
19,mean,random_subspace,template,paraphrase,24,4.8732016670355724,0.24599326049393705,0.7660091391064757,0.011811572499932244,0.999944627113878,8.340440132009215e-07,0.8888888888888888,0.024056261216234387,0.9444444444444445,0.012028130608117225,0.8888888888888888,0.024056261216234387
19,mean,random_subspace,expression,paraphrase,24,125.3793037747588,1.4376069765300532,-0.6493279804158721,0.018911298275285447,0.9993528190505124,3.1198524595300046e-06,0.0,0.0,0.26412037037037034,0.005212189930184103,0.0,0.0
19,mean,random_subspace,joint,paraphrase,96,93.49222823929252,1.2485964477444351,-0.8202667399936813,0.024309813000566092,0.9993340599629619,3.3601447325972165e-06,0.0,0.0,0.2657986111111111,0.0016742449237834875,0.0,0.0
19,mean,rank1,dev,canonical,48,0.34303501076498644,0.035907971373819875,0.9490992520666127,0.005328151769762883,0.9999781233836242,1.3954512818479438e-07,1.0,0.0,1.0,0.0,1.0,0.0
19,mean,rank1,expression,canonical,24,83.90445341532647,0.7994006486975616,-0.8791793699734587,0.017903903144924755,0.9995126160173374,1.4687945336387253e-06,0.0,0.0,0.3958333333333333,0.0,0.0,0.0
19,mean,rank1,iid,canonical,24,0.2967621054142789,0.09909187731494855,0.9611175958492933,0.012983229164092202,0.9999766687890544,1.4595583633564782e-07,0.9583333333333334,0.0,0.9791666666666666,0.0,0.9583333333333334,0.0
19,mean,rank1,joint,canonical,96,73.988103938185,1.8973753571936463,-0.8617784127497435,0.04774406009725245,0.9995261210512396,1.5169536220869203e-06,0.0,0.0,0.25630787037037034,0.0018070017356476829,0.0,0.0
19,mean,rank1,template,canonical,24,0.15034181651462245,0.10175336139594714,0.9673628723679295,0.02208924649083732,0.9999703389319553,7.50103297172027e-07,1.0,0.0,1.0,0.0,1.0,0.0
19,mean,rank1,topic,canonical,96,0.29239928963940576,0.077095533318509,0.9515863613921117,0.012764994377953797,0.9999775225229058,7.717128274948779e-08,0.9930555555555557,0.00601406530405858,0.9965277777777777,0.0030070326520293222,0.9930555555555557,0.00601406530405858
19,mean,rank1,train,canonical,168,0.21819303976885399,0.04147330796708424,0.9712925673956864,0.005456600240797246,0.9999778823855526,1.5086351964477664e-07,0.9761904761904763,0.011904761904761918,0.9880952380952381,0.005952380952380988,0.9761904761904763,0.011904761904761918
19,mean,rank1,iid,paraphrase,24,0.3352049167794549,0.08849781529974012,0.9555738805079397,0.011728988211349246,0.9999532019619307,2.1097759509961034e-07,0.4444444444444444,0.024056261216234387,0.7222222222222222,0.01202813060811716,0.4444444444444444,0.024056261216234387
19,mean,rank1,topic,paraphrase,96,0.3289950701817725,0.07201366302755256,0.9447746517729859,0.01208826507826432,0.999951512813834,4.724985697156383e-07,0.6006944444444445,0.012028130608117225,0.8003472222222222,0.006014065304058581,0.6006944444444445,0.012028130608117225
19,mean,rank1,template,paraphrase,24,6.489764905356097,0.6623442142692785,0.6883885008344824,0.031803012371329056,0.9999471378903708,8.809914794241714e-07,0.638888888888889,0.06364688465216445,0.8194444444444443,0.03182344232608222,0.638888888888889,0.06364688465216445
19,mean,rank1,expression,paraphrase,24,124.08434523669625,0.6725230435538283,-0.6322931805246405,0.008846843456719497,0.9993591160322474,1.4900818488548264e-06,0.0,0.0,0.28703703703703703,0.004009376869372419,0.0,0.0
19,mean,rank1,joint,paraphrase,96,86.74208896472742,1.611355305566835,-0.6888434736622023,0.03137262341772863,0.9993442282759082,1.6625715395548785e-06,0.0,0.0,0.27922453703703703,0.004310080134575332,0.0,0.0
19,mean,rank2,dev,canonical,48,0.34122611775356515,0.03592467142392936,0.949367662008232,0.0053306297822526645,0.9999793520419709,1.2717813919096371e-07,1.0,0.0,1.0,0.0,1.0,0.0
19,mean,rank2,expression,canonical,24,83.9147502407566,0.7985124141872655,-0.8794099844538218,0.017884009660139328,0.9995067979446534,6.203540480074094e-07,0.0,0.0,0.3946759259259259,0.0020046884346861934,0.0,0.0
19,mean,rank2,iid,canonical,24,0.29477622637169504,0.09944100359251773,0.9613777899580405,0.01302897243379006,0.999977907385571,1.868803861702416e-07,0.9583333333333334,0.0,0.9791666666666666,0.0,0.9583333333333334,0.0
19,mean,rank2,joint,canonical,96,73.96038368086023,1.895096556487867,-0.8610808820125554,0.04768671814989662,0.9995297779448782,1.872130283835158e-06,0.0,0.0,0.26267361111111115,0.0036084391824351804,0.0,0.0
19,mean,rank2,template,canonical,24,0.1467866589897688,0.10077052568061821,0.9681346478631355,0.021875886459502152,0.9999728354230019,3.81599788368858e-07,1.0,0.0,1.0,0.0,1.0,0.0
19,mean,rank2,topic,canonical,96,0.29056697251201996,0.07712944792882605,0.9518897449582268,0.012770609746204017,0.9999787404847087,1.9370658262867584e-07,1.0,0.0,1.0,0.0,1.0,0.0
19,mean,rank2,train,canonical,168,0.2151942120398508,0.04152810968283619,0.9716871200588395,0.005463810445867153,0.9999799677141965,1.1493004020412001e-07,0.996031746031746,0.0034366087451763315,0.998015873015873,0.0017183043725881658,0.996031746031746,0.0034366087451763315
19,mean,rank2,iid,paraphrase,24,0.33561291262255066,0.08766209731202738,0.9555198071003902,0.011618226986423022,0.9999530956870349,3.6556979026934614e-07,0.47222222222222227,0.0481125224324688,0.7361111111111112,0.024056261216234387,0.47222222222222227,0.0481125224324688
19,mean,rank2,topic,paraphrase,96,0.32842729689089567,0.07132295396176164,0.9448699586044388,0.011972322159542817,0.9999520587595088,3.4217924418601634e-07,0.65625,0.037557825786083195,0.828125,0.018778912893041635,0.65625,0.037557825786083195
19,mean,rank2,template,paraphrase,24,6.496081136195166,0.6647902839220367,0.6880852217188993,0.0319204624550647,0.9999478929129331,1.0002867834507005e-06,0.625,0.04166666666666663,0.8125,0.02083333333333337,0.625,0.04166666666666663
19,mean,rank2,expression,paraphrase,24,124.0856018289893,0.6735124162648123,-0.6323097106278271,0.008859858364652137,0.9993563282749158,7.388025213464642e-07,0.0,0.0,0.28703703703703703,0.004009376869372419,0.0,0.0
19,mean,rank2,joint,paraphrase,96,86.72054816734119,1.6137562734168387,-0.6884240805450039,0.03141936956982568,0.9993494563483641,1.2016071416510908e-06,0.0,0.0,0.2888310185185185,0.002790408206305796,0.0,0.0
19,mean,rank4,dev,canonical,48,0.3383883941201998,0.03580204054511966,0.9497887334756734,0.005312433378809098,0.9999815212844444,5.517450156792607e-08,1.0,0.0,1.0,0.0,1.0,0.0
19,mean,rank4,expression,canonical,24,83.91831105504812,0.7984245563824767,-0.8794897347946504,0.017882041938909618,0.9995046651101926,5.621589116118654e-07,0.0,0.0,0.3923611111111111,0.00601406530405858,0.0,0.0
19,mean,rank4,iid,canonical,24,0.2909758395974937,0.09907708033153406,0.9618757247407755,0.012981290431757971,0.9999804834124744,2.193285129580892e-07,1.0,0.0,1.0,0.0,1.0,0.0
19,mean,rank4,joint,canonical,96,73.9645868028479,1.8957756917749091,-0.8611866460660488,0.04770380737572416,0.9995234894022941,2.3363997267464053e-06,0.0,0.0,0.2579282407407408,0.0016131203547183493,0.0,0.0
19,mean,rank4,template,canonical,24,0.14769227846269592,0.10062830091779701,0.9679380504093517,0.021845011431886763,0.9999721063502579,3.1982745660469477e-07,1.0,0.0,1.0,0.0,1.0,0.0
19,mean,rank4,topic,canonical,96,0.2884157362573544,0.0770798621964541,0.9522459331511666,0.012762399651951986,0.9999804825471109,1.1320769121419968e-07,1.0,0.0,1.0,0.0,1.0,0.0
19,mean,rank4,train,canonical,168,0.2111397472430138,0.04147331854190374,0.9722205617993508,0.005456601632115339,0.9999827502970059,1.4775468722107636e-07,1.0,0.0,1.0,0.0,1.0,0.0
19,mean,rank4,iid,paraphrase,24,0.3356476229807252,0.08762073028052265,0.9555152067904226,0.011612744439501227,0.9999532212752316,4.0076688641421133e-07,0.625,0.04166666666666663,0.8125,0.02083333333333337,0.625,0.04166666666666663
19,mean,rank4,topic,paraphrase,96,0.32786637731560253,0.07133249766500299,0.9449641149662827,0.011973924172407594,0.9999525615154251,3.970286804375776e-07,0.6944444444444445,0.033484898475669995,0.8472222222222222,0.016742449237834984,0.6944444444444445,0.033484898475669995
19,mean,rank4,template,paraphrase,24,6.499404433033763,0.6651884207581301,0.6879256508368798,0.031939579328815526,0.9999458256017594,1.3457583054967558e-06,0.8472222222222222,0.06364688465216443,0.9236111111111112,0.03182344232608223,0.8472222222222222,0.06364688465216443
19,mean,rank4,expression,paraphrase,24,124.08959490825254,0.6731786820504639,-0.6323622384147792,0.008855468188912054,0.999354432418007,5.492562708921667e-07,0.0,0.0,0.2881944444444445,0.006014065304058613,0.0,0.0
19,mean,rank4,joint,paraphrase,96,86.7233540415969,1.6146348770611445,-0.688478710108129,0.03143647572957261,0.9993403589544799,4.234119708404846e-07,0.0,0.0,0.2836226851851852,0.003508204760700866,0.0,0.0
19,mean,rank8,dev,canonical,48,0.3349695403019776,0.03617451593157279,0.9502960350949289,0.0053677025937937314,0.9999842576599091,2.8218511129112984e-07,1.0,0.0,1.0,0.0,1.0,0.0
19,mean,rank8,expression,canonical,24,83.92094791037725,0.7992587908431222,-0.8795487915423488,0.017900726003036875,0.9995010417533655,2.851298330428286e-07,0.0,0.0,0.3946759259259259,0.0020046884346861934,0.0,0.0
19,mean,rank8,iid,canonical,24,0.2866860682337944,0.09912481837036041,0.9624377797364585,0.012987545171447292,0.9999832701068837,2.6449144480710996e-07,1.0,0.0,1.0,0.0,1.0,0.0
19,mean,rank8,joint,canonical,96,73.96630771981053,1.8977706521969318,-0.8612299498659931,0.047754006989585256,0.9995228686439351,2.979507201087933e-06,0.0,0.0,0.25850694444444444,0.0018042195912175742,0.0,0.0
19,mean,rank8,template,canonical,24,0.14711176644041674,0.10098302152333309,0.9680640715350924,0.021922016366009545,0.9999726164923306,3.2820426063263163e-07,1.0,0.0,1.0,0.0,1.0,0.0
19,mean,rank8,topic,canonical,96,0.28551901809535657,0.07704379166368215,0.9527255535579632,0.012756427319597224,0.9999826571515333,5.8087954735921034e-08,1.0,0.0,1.0,0.0,1.0,0.0
19,mean,rank8,train,canonical,168,0.2065296721351448,0.041537827981203077,0.9728271046139163,0.005465089072333382,0.9999857817344756,1.1242075012143206e-07,1.0,0.0,1.0,0.0,1.0,0.0
19,mean,rank8,iid,paraphrase,24,0.33571964842457297,0.08749228081410534,0.9555056609549807,0.01159572049069231,0.9999533187563885,4.508830998542604e-07,0.8194444444444445,0.06364688465216445,0.9097222222222222,0.03182344232608222,0.8194444444444445,0.06364688465216445
19,mean,rank8,topic,paraphrase,96,0.3268513099213078,0.0715935158047722,0.9451345049064507,0.012017738864385659,0.9999534752065679,7.820159460781468e-08,0.7673611111111112,0.04697135159190515,0.8836805555555555,0.023485675795952572,0.7673611111111112,0.04697135159190515
19,mean,rank8,template,paraphrase,24,6.501131820487732,0.665858733799291,0.6878427088810432,0.031971764971086454,0.9999451117006162,1.2783889161544534e-06,0.9305555555555557,0.048112522432468836,0.9652777777777777,0.024056261216234387,0.9305555555555557,0.048112522432468836
19,mean,rank8,expression,paraphrase,24,124.0951053234382,0.6727888734654177,-0.6324347263109137,0.008850340371266089,0.9993505182914899,3.856885280576338e-07,0.0,0.0,0.28402777777777777,0.004553776752987514,0.0,0.0
19,mean,rank8,joint,paraphrase,96,86.72109274869456,1.6148130601311912,-0.6884346833870095,0.03143994490259539,0.9993395594421028,2.08951070483504e-06,0.0,0.0,0.28275462962962966,0.003508204760700841,0.0,0.0
19,mean,rank16,dev,canonical,48,0.33204155440307365,0.03595295547591775,0.950730499996515,0.005334826669904366,0.9999864758111455,1.8525193561169834e-07,1.0,0.0,1.0,0.0,1.0,0.0
19,mean,rank16,expression,canonical,24,83.92636110377619,0.7996231722170447,-0.879670028985022,0.017908886928146354,0.9994959451476847,4.039799001264622e-07,0.0,0.0,0.3946759259259259,0.0020046884346861934,0.0,0.0
19,mean,rank16,iid,canonical,24,0.2831542968610337,0.09932639923578086,0.9629005199562446,0.013013956726478508,0.9999856248480868,1.004568140333729e-07,1.0,0.0,1.0,0.0,1.0,0.0
19,mean,rank16,joint,canonical,96,73.96468914421742,1.8953989222145964,-0.8611892213037203,0.04769432664305717,0.9995169983100537,1.8866045042320715e-06,0.0,0.0,0.25543981481481476,0.002184558575020479,0.0,0.0
19,mean,rank16,template,canonical,24,0.14723276296294815,0.1009057066277966,0.9680378048646446,0.021905232372228006,0.9999724638839124,1.2026382349046828e-07,1.0,0.0,1.0,0.0,1.0,0.0
19,mean,rank16,topic,canonical,96,0.2835022594250796,0.07704191296737142,0.9530594757967706,0.01275611625685715,0.9999841451975842,1.4477839129145423e-07,1.0,0.0,1.0,0.0,1.0,0.0
19,mean,rank16,train,canonical,168,0.20218231207603146,0.04170256968579137,0.9733990822811961,0.005486763968043135,0.999988670990774,4.5710530221661085e-08,1.0,0.0,1.0,0.0,1.0,0.0
19,mean,rank16,iid,paraphrase,24,0.33574097957880483,0.0877668052015205,0.9555028338472642,0.011632104364043442,0.9999534286062128,2.876455603074778e-07,0.8611111111111112,0.048112522432468774,0.9305555555555555,0.024056261216234453,0.8611111111111112,0.048112522432468774
19,mean,rank16,topic,paraphrase,96,0.32606180831954473,0.07144270734678354,0.9452670312110517,0.011992424048563701,0.999954063066395,2.791075119081736e-07,0.8055555555555555,0.033484898475669995,0.9027777777777778,0.016742449237834984,0.8055555555555555,0.033484898475669995
19,mean,rank16,template,paraphrase,24,6.503158804859041,0.6640257200763557,0.687745381528213,0.03188375128144988,0.9999442190273072,5.139859600514111e-07,0.9861111111111112,0.024056261216234387,0.9930555555555555,0.012028130608117225,0.9861111111111112,0.024056261216234387
19,mean,rank16,expression,paraphrase,24,124.10162825262672,0.6737950628415127,-0.6325205335318905,0.00886357649749763,0.9993440756958343,4.159982032060428e-07,0.0,0.0,0.2858796296296296,0.007228006942590766,0.0,0.0
19,mean,rank16,joint,paraphrase,96,86.71895995809187,1.6119326911765803,-0.6883931585686307,0.03138386494915176,0.9993342186983533,1.9332847910429697e-06,0.0,0.0,0.2793981481481482,0.004742899650384938,0.0,0.0
19,mean,rank32,dev,canonical,48,0.32971293960992193,0.035783856207898014,0.9510760280939413,0.005309735122548922,0.9999881780700072,1.6870330121517184e-07,1.0,0.0,1.0,0.0,1.0,0.0
19,mean,rank32,expression,canonical,24,83.92853896532239,0.7993456991625455,-0.8797188058058184,0.017902672458967206,0.9994934468700755,6.935271857371052e-07,0.0,0.0,0.3923611111111111,0.0034722222222222376,0.0,0.0
19,mean,rank32,iid,canonical,24,0.2802068440587543,0.09960931238535245,0.9632867015103664,0.013051024610889925,0.9999874897597354,2.1570718992143718e-07,1.0,0.0,1.0,0.0,1.0,0.0
19,mean,rank32,joint,canonical,96,73.96490725238169,1.8960837795091243,-0.8611947096058971,0.04771155985297737,0.9995137964266196,8.619726498133555e-07,0.0,0.0,0.2528356481481482,0.0021845585750205044,0.0,0.0
19,mean,rank32,template,canonical,24,0.14684755169856983,0.1012779567373796,0.968121428898811,0.0219860427190707,0.999972633181745,4.357870780415672e-07,1.0,0.0,1.0,0.0,1.0,0.0
19,mean,rank32,topic,canonical,96,0.28218724168547676,0.07707462343059258,0.9532772081780175,0.012761532249991155,0.9999850656189343,1.9089851274654127e-07,1.0,0.0,1.0,0.0,1.0,0.0
19,mean,rank32,train,canonical,168,0.1984471205936772,0.04176325058446019,0.9738905175618884,0.005494747691129554,0.9999911674044979,9.687818240136724e-08,1.0,0.0,1.0,0.0,1.0,0.0
19,mean,rank32,iid,paraphrase,24,0.3348331722955964,0.08782425695083344,0.9556231493701602,0.01163971868636464,0.9999540464980797,3.4571144074519087e-07,0.9166666666666666,0.041666666666666685,0.9583333333333334,0.020833333333333315,0.9166666666666666,0.041666666666666685
19,mean,rank32,topic,paraphrase,96,0.3253170570162421,0.07138340956628256,0.9453920456984868,0.011982470280638093,0.9999546487357535,2.2919924264163478e-07,0.8819444444444445,0.049227246106797996,0.9409722222222222,0.02461362305339901,0.8819444444444445,0.049227246106797996
19,mean,rank32,template,paraphrase,24,6.503135025304684,0.66326815675266,0.6877465233234382,0.03184737624376318,0.999944398879995,1.8067659521781842e-07,1.0,0.0,1.0,0.0,1.0,0.0
19,mean,rank32,expression,paraphrase,24,124.10320160184163,0.6731645179883522,-0.6325412304795123,0.008855281864827787,0.999341293809827,1.4588371970624956e-06,0.0,0.0,0.28703703703703703,0.0053039070543470426,0.0,0.0
19,mean,rank32,joint,paraphrase,96,86.72060930546058,1.6140291536526714,-0.6884252708865688,0.03142468246937509,0.9993315121520719,3.2706679134463117e-06,0.0,0.0,0.27824074074074073,0.004396624979912618,0.0,0.0
23,last,identity,dev,canonical,48,2.0065031094123706,0.0,0.0,0.0,0.9051831766735532,0.0,0.0,0.0,0.4427083333333333,0.0,0.0,0.0
23,last,identity,expression,canonical,24,4.53529275974206,0.0,0.0,0.0,0.7868333051135075,0.0,0.0,0.0,0.3263888888888889,0.0,0.0,0.0
23,last,identity,iid,canonical,24,1.9858950979515846,0.0,0.0,0.0,0.9025865752928205,0.0,0.0,0.0,0.5,0.0,0.0,0.0
23,last,identity,joint,canonical,96,4.494649158105329,0.0,0.0,0.0,0.7925695588656697,0.0,0.0,0.0,0.28229166666666666,0.0,0.0,0.0
23,last,identity,template,canonical,24,1.9232457924660828,0.0,0.0,0.0,0.9072721471041291,0.0,0.0,0.0,0.4548611111111111,0.0,0.0,0.0
23,last,identity,topic,canonical,96,1.9018976073976759,0.0,0.0,0.0,0.906253961791854,0.0,0.0,0.0,0.47222222222222215,0.0,0.0,0.0
23,last,identity,train,canonical,168,1.9964771058218662,2.7194799110210365e-16,0.0,0.0,0.9027382116435728,0.0,0.0,0.0,0.46279761904761907,0.0,0.0,0.0
23,last,identity,iid,paraphrase,24,1.6672204953516256,0.0,0.0,0.0,0.9187373813951686,0.0,0.0,0.0,0.5,0.0,0.0,0.0
23,last,identity,topic,paraphrase,96,1.4398348076593812,0.0,0.0,0.0,0.9297603016715174,0.0,0.0,0.0,0.5,0.0,0.0,0.0
23,last,identity,template,paraphrase,24,1.9034415338633035,0.0,0.0,0.0,0.9280795627540241,0.0,0.0,0.0,0.5,0.0,0.0,0.0
23,last,identity,expression,paraphrase,24,3.8408279135200405,0.0,0.0,0.0,0.8129718033684639,0.0,0.0,0.0,0.30069444444444443,0.0,0.0,0.0
23,last,identity,joint,paraphrase,96,4.22827716066438,0.0,0.0,0.0,0.8251845546868233,0.0,0.0,0.0,0.3685763888888889,0.0,0.0,0.0
23,last,shift,dev,canonical,48,1.2050724489657656,0.009887181229941817,0.3994166052806735,0.0049275683568900264,0.9427428805663478,0.0007383209224227241,0.22916666666666666,0.02083333333333333,0.6035879629629629,0.008738234300081915,0.22916666666666666,0.02083333333333333
23,last,shift,expression,canonical,24,4.06790541895008,0.013902876495608715,0.10305560534940235,0.0030654860076550993,0.8065572595870449,0.0011467684573250728,0.0,0.0,0.3587962962962963,0.004009376869372387,0.0,0.0
23,last,shift,iid,canonical,24,1.241119251182725,0.011164724613778092,0.37503282400821814,0.00562201126600009,0.9385010808017414,0.0007279823385145056,0.06944444444444443,0.024056261216234408,0.5347222222222222,0.012028130608117162,0.06944444444444443,0.024056261216234408
23,last,shift,joint,canonical,96,3.9854434227316458,0.010854729776942938,0.1132915423343817,0.0024150338313655246,0.8130635537038158,0.00014640632243804864,0.0,0.0,0.3029513888888889,0.0011384441882468879,0.0,0.0
23,last,shift,template,canonical,24,1.5450904952960636,0.010578054380229884,0.1966234886104337,0.00550010530201974,0.9249041039058935,0.000611746187019514,0.0,0.0,0.4895833333333333,0.0,0.0,0.0
23,last,shift,topic,canonical,96,1.2701922479419876,0.004305702973306526,0.3321447784563106,0.002263898412069548,0.9368585339642593,0.0004912469665435484,0.12847222222222224,0.01591172116304112,0.5616319444444445,0.007955860581520553,0.12847222222222224,0.01591172116304112
23,last,shift,train,canonical,168,1.26727511084962,0.003789588232290839,0.3652443560939627,0.0018981375850692964,0.9378449995444588,0.000491976430933672,0.12896825396825398,0.0149798302287118,0.5608465608465608,0.006968024968817924,0.12896825396825398,0.0149798302287118
23,last,shift,iid,paraphrase,24,1.5715928508082226,0.019465577819175465,0.05735752697979801,0.011675466966395504,0.9244172757841893,0.0008871984759655235,0.0,0.0,0.5,0.0,0.0,0.0
23,last,shift,topic,paraphrase,96,1.4182697763958176,0.01581336996647199,0.014977434320135577,0.01098276683016049,0.9315443199106483,0.0007265608676869113,0.0,0.0,0.5,0.0,0.0,0.0
23,last,shift,template,paraphrase,24,1.7505682969994225,0.020394342676161664,0.08031412267946218,0.010714457110100198,0.9340209076373375,0.0007414033456152201,0.0,0.0,0.5,0.0,0.0,0.0
23,last,shift,expression,paraphrase,24,3.7885071997411726,0.017900432032572168,0.013622248889281022,0.0046605660122290785,0.8174155092462887,0.0012209879267771476,0.0,0.0,0.36481481481481476,0.0053039070543470365,0.0,0.0
23,last,shift,joint,paraphrase,96,4.0924189477324076,0.024897812284523268,0.03213086743599969,0.005888405924793088,0.8297610259337342,0.000401682362055751,0.0,0.0,0.42337962962962955,0.0005011721086716285,0.0,0.0
23,last,lowrank,dev,canonical,48,0.7247297275864328,0.01725219167990729,0.6388095666601389,0.008598138522177468,0.9649843122868983,0.0008161350054563765,0.9375,0.03608439182435161,0.9664351851851852,0.01912350884474337,0.9513888888888888,0.03182344232608223
23,last,lowrank,expression,canonical,24,3.7921950096865413,0.04512982426603333,0.1638478019879319,0.009950807292228716,0.8184415455670885,0.0017448860763313058,0.0,0.0,0.3923611111111111,0.0034722222222222376,0.0,0.0
23,last,lowrank,iid,canonical,24,0.7956837221156409,0.009299477196146076,0.5993324506735657,0.004682763558728881,0.9605530971148944,0.0004035819201315729,1.0,0.0,1.0,0.0,1.0,0.0
23,last,lowrank,joint,canonical,96,3.7544402093804004,0.012537678523795686,0.16468670249603098,0.002789467672062037,0.821812969656489,0.0015991841029273266,0.0,0.0,0.33975694444444443,0.006400107149710694,0.0,0.0
23,last,lowrank,template,canonical,24,1.4601859863894309,0.051904794096474645,0.24076995664859524,0.026988123046882986,0.9295729886447929,0.0026318437315420848,0.513888888888889,0.10485881160098262,0.741898148148148,0.049268047809705465,0.513888888888889,0.10485881160098262
23,last,lowrank,topic,canonical,96,0.8650452081709897,0.005849894049159884,0.5451673082681817,0.003075819658432663,0.9562803161237489,0.00029085772756053905,0.8819444444444445,0.015911721163041105,0.9409722222222222,0.007955860581520565,0.888888888888889,0.021684020827772203
23,last,lowrank,train,canonical,168,0.47309768009239916,0.015720024735984266,0.763033756453899,0.007873881794158127,0.9761713592274789,0.0007827490582194019,0.9821428571428572,0.01574851970871781,0.9907407407407408,0.00843740133741615,0.9821428571428572,0.01574851970871781
23,last,lowrank,iid,paraphrase,24,1.5331044086061392,0.07633339740781916,0.08044292108897133,0.04578482427527983,0.9275459923095161,0.0033552457023191284,0.25,0.04166666666666667,0.625,0.02083333333333337,0.25,0.04166666666666667
23,last,lowrank,topic,paraphrase,96,1.4554208133438096,0.06577010649548617,-0.010824856852686526,0.04567892521115193,0.9308892891949639,0.002807872572591871,0.21527777777777776,0.059231673990388825,0.6059027777777778,0.02961583699519445,0.21527777777777776,0.059231673990388825
23,last,lowrank,template,paraphrase,24,1.7681349342370065,0.07738129070412955,0.07108524071746669,0.0406533583130727,0.9332162599805819,0.003227601474805272,0.06944444444444443,0.06364688465216445,0.5347222222222222,0.03182344232608222,0.06944444444444443,0.06364688465216445
23,last,lowrank,expression,paraphrase,24,3.8626923236380875,0.02456637632292885,-0.005692629456550913,0.006396114815884649,0.8155947125757731,0.0006593845882458751,0.0,0.0,0.3886574074074074,0.013912017778996975,0.0,0.0
23,last,lowrank,joint,paraphrase,96,4.009479199205635,0.048059914765325826,0.05174636220497105,0.01136631136965826,0.8274927604153067,0.0022472164752193723,0.0,0.0,0.4431712962962963,0.007255061336395147,0.0,0.0
23,last,full_delta,dev,canonical,48,0.6594310668394763,0.014493844764684178,0.6713530800195974,0.007223434988311046,0.968187865444451,0.0006470198631202259,0.951388888888889,0.012028130608117226,0.9756944444444443,0.00601406530405858,0.9791666666666666,0.0
23,last,full_delta,expression,canonical,24,3.77512317866053,0.05389205363261623,0.16761202007271606,0.011882816939844332,0.8191900885881894,0.002069500166026847,0.0,0.0,0.3923611111111111,0.006014065304058612,0.0,0.0
23,last,full_delta,iid,canonical,24,0.7278421485835637,0.017859868027663674,0.633494161230208,0.008993359239410923,0.9640000317063663,0.0007872985861048057,1.0,0.0,1.0,0.0,1.0,0.0
23,last,full_delta,joint,canonical,96,3.7287379055049237,0.014144784790579276,0.17040512521855355,0.0031470275638915647,0.823523633605525,0.0018484204421228931,0.0,0.0,0.3409722222222222,0.0059713137228888345,0.0,0.0
23,last,full_delta,template,canonical,24,1.4879080965159357,0.052434914630180574,0.22635572512649837,0.027263761520021756,0.9283919164662991,0.002655608174145455,0.6527777777777777,0.024056261216234387,0.8136574074074074,0.010607814108694037,0.6527777777777777,0.024056261216234387
23,last,full_delta,topic,canonical,96,0.8368282885449837,0.00783635761540494,0.5600035010875285,0.0041202836498266055,0.957740745226197,0.00045302324017646383,0.8993055555555555,0.0216840208277722,0.9496527777777778,0.010842010413886122,0.9097222222222222,0.021684020827772245
23,last,full_delta,train,canonical,168,0.29663445731398635,0.02395112890408018,0.8514210573970621,0.011996695997282876,0.9852111338530865,0.0011977375026723496,0.9900793650793651,0.009092412093166365,0.9947089947089948,0.004993276742903969,0.9900793650793651,0.009092412093166365
23,last,full_delta,iid,paraphrase,24,1.508667483013374,0.05773506889633884,0.09510020586977734,0.034629534040224376,0.9285930664874801,0.002683120400087123,0.3611111111111111,0.024056261216234418,0.6805555555555555,0.012028130608117225,0.3611111111111111,0.024056261216234418
23,last,full_delta,topic,paraphrase,96,1.4563385205314876,0.05637557925582705,-0.011462226627883135,0.0391541994650567,0.9307254567363389,0.002531067119035959,0.2916666666666667,0.06250000000000001,0.6440972222222223,0.031250000000000056,0.2916666666666667,0.06250000000000001
23,last,full_delta,template,paraphrase,24,1.828812478463459,0.05876195220974593,0.039207432470160675,0.03087142481885443,0.9310188567731136,0.002527459556941922,0.09722222222222221,0.02405626121623441,0.548611111111111,0.012028130608117226,0.09722222222222221,0.02405626121623441
23,last,full_delta,expression,paraphrase,24,3.851757298586501,0.020422589635142194,-0.0028455805135106926,0.005317236308154601,0.8159183192199552,0.0015273491443136276,0.0,0.0,0.38240740740740736,0.015156293087843387,0.0,0.0
23,last,full_delta,joint,paraphrase,96,4.001410142008956,0.04018076782105762,0.053654717993883105,0.009502869914692196,0.8288825025872355,0.0023732673800364954,0.0,0.0,0.44577546296296294,0.00471101782151257,0.0,0.0
23,last,full_affine,dev,canonical,48,0.6030931286778128,0.008039368072480383,0.6994307530106761,0.004006656174499893,0.9708619008254948,0.00043279456730968693,0.9652777777777777,0.024056261216234387,0.982638888888889,0.012028130608117226,1.0,0.0
23,last,full_affine,expression,canonical,24,3.5301225971012222,0.05796860178388362,0.22163291674648264,0.012781666995887717,0.8291409761131209,0.0023825044448731324,0.0,0.0,0.3761574074074074,0.010607814108694085,0.0,0.0
23,last,full_affine,iid,canonical,24,0.6374208337186137,0.01309864112653053,0.6790259292265226,0.00659583738337512,0.9683796026002374,0.0006921735143483789,1.0,0.0,1.0,0.0,1.0,0.0
23,last,full_affine,joint,canonical,96,3.3399544589122527,0.00946451645626851,0.25690430077524123,0.0021057297518319003,0.8375916786785095,0.0006890246203278978,0.06944444444444443,0.031823442326082224,0.3708912037037037,0.02132968711304824,0.18055555555555555,0.04336804165554442
23,last,full_affine,template,canonical,24,1.7452316467586353,0.07112379683468757,0.09255922794932465,0.03698112696427066,0.914215599627927,0.003379973349619923,0.7916666666666666,0.0,0.8587962962962964,0.005212189930184103,0.8472222222222223,0.024056261216234387
23,last,full_affine,topic,canonical,96,0.9193314159177101,0.011914489156839046,0.5166241272180732,0.006264527128324961,0.9529286897826604,0.0006865394756411619,0.9722222222222222,0.012028130608117162,0.9861111111111112,0.0060140653040586444,0.9861111111111112,0.0060140653040586444
23,last,full_affine,train,canonical,168,0.2635592860593595,0.012986642265576788,0.8679878245080787,0.0065047789567467965,0.9868063465120939,0.0006887949203760315,0.996031746031746,0.006873217490352664,0.998015873015873,0.003436608745176332,1.0,0.0
23,last,full_affine,iid,paraphrase,24,1.1099900918091656,0.04247949236636495,0.3342271793659406,0.025479228743169824,0.9459549316693027,0.0024200097920655875,0.9027777777777777,0.024056261216234387,0.9490740740740741,0.016037507477489547,0.9027777777777777,0.024056261216234387
23,last,full_affine,topic,paraphrase,96,1.3051257888350187,0.04977776437266339,0.09355866249917082,0.034571857901937376,0.9360226674799313,0.002638161116406758,0.8819444444444445,0.0159117211630411,0.9398148148148149,0.008204541017799775,0.9027777777777778,0.006014065304058581
23,last,full_affine,template,paraphrase,24,2.146644959149292,0.08909084577585245,-0.1277703680198535,0.04680513910770353,0.9182954755492901,0.003452207507768529,0.875,0.07216878364870323,0.9305555555555555,0.03608439182435161,0.9583333333333334,0.0
23,last,full_affine,expression,paraphrase,24,3.374232844919247,0.015493564662682596,0.12148294042498997,0.004033912742652174,0.8318214684642564,0.0009792936525020006,0.0,0.0,0.36481481481481476,0.0020046884346861934,0.0,0.0
23,last,full_affine,joint,paraphrase,96,3.334042956422542,0.031272963426262505,0.21148902265936823,0.007396147943468451,0.8473791263330671,0.0023265643358514046,0.10763888888888888,0.0240562612162344,0.43657407407407406,0.011782981549352674,0.1527777777777778,0.02168402082777222
23,last,shuffled,dev,canonical,48,1.7987510124812307,0.0423202742054167,0.10353938449264725,0.021091556752090315,0.910497023590359,0.0022738928141240984,0.4861111111111111,0.024056261216234418,0.7222222222222223,0.018291065543147137,0.8472222222222222,0.03182344232608222
23,last,shuffled,expression,canonical,24,3.475859229146407,0.018800235264453492,0.23359760587007986,0.004145319003733418,0.8303440094511986,0.0011872965653251168,0.027777777777777776,0.024056261216234408,0.34768518518518515,0.03251552731328383,0.06944444444444443,0.024056261216234408
23,last,shuffled,iid,canonical,24,2.1057528252521376,0.1482520964711631,-0.06035451088236432,0.07465253155822905,0.8924072907722689,0.00801199459929744,0.6666666666666666,0.041666666666666685,0.8055555555555555,0.02112070323020214,0.8055555555555555,0.024056261216234453
23,last,shuffled,joint,canonical,96,4.187542257206705,0.05854082675581045,0.06832722423836098,0.013024559803570458,0.7967574792194778,0.0023916386671944136,0.0,0.0,0.3180555555555556,0.013688881067931575,0.0,0.0
23,last,shuffled,template,canonical,24,2.4670285512870787,0.1385605254557026,-0.28274220640500136,0.07204514680260046,0.8792993556581902,0.00644325785849641,0.20833333333333334,0.04166666666666667,0.5659722222222222,0.03007032652029303,0.23611111111111113,0.0240562612162344
23,last,shuffled,topic,canonical,96,1.8503123462140227,0.1075690040666425,0.027123048571597863,0.056558777742944225,0.9051471362003407,0.004917047583247719,0.7048611111111112,0.036582131086294274,0.8339120370370371,0.015536335368818108,0.7673611111111112,0.015911721163041116
23,last,shuffled,train,canonical,168,2.12178148047517,0.09594917509730592,-0.06276274057333657,0.04805924135944841,0.8909867956590816,0.004372573457522698,0.5833333333333334,0.04648958140420627,0.758994708994709,0.028588187692097658,0.7718253968253969,0.018184824186332684
23,last,shuffled,iid,paraphrase,24,2.5554363858817393,0.09641936972089427,-0.5327525021474643,0.057832404285888435,0.8746214328997163,0.0046819831810230046,0.06944444444444443,0.048112522432468816,0.4935185185185185,0.019161298228310097,0.06944444444444443,0.048112522432468816
23,last,shuffled,topic,paraphrase,96,2.374684663173904,0.18828827627892922,-0.6492757714575814,0.13077074903128202,0.8836635816762665,0.009119825270654433,0.10416666666666667,0.03755782578608322,0.5173032407407407,0.01878720374517606,0.11805555555555557,0.061036096636274115
23,last,shuffled,template,paraphrase,24,3.568820835392914,0.26386847728751056,-0.874930630598087,0.1386270461126023,0.8596734539845872,0.010832688503454983,0.041666666666666664,0.0,0.5069444444444444,0.013888888888888923,0.041666666666666664,0.0
23,last,shuffled,expression,paraphrase,24,3.6002652118040643,0.10731695885469182,0.06263303306799428,0.027941100531197163,0.820451828922374,0.00521954933521085,0.013888888888888888,0.024056261216234408,0.35115740740740736,0.029968583515781754,0.013888888888888888,0.024056261216234408
23,last,shuffled,joint,paraphrase,96,4.56177160827911,0.09575464769131856,-0.07887241894103487,0.022646256158920457,0.7909004234716802,0.001365589899482432,0.0,0.0,0.38640046296296293,0.01119937454621179,0.0,0.0
23,last,random_subspace,dev,canonical,48,1.1999032567757064,0.010357719870630624,0.4019928246574643,0.005162075165517209,0.9429656325127889,0.0007524193831733797,0.22916666666666666,0.02083333333333333,0.6035879629629629,0.008738234300081915,0.22916666666666666,0.02083333333333333
23,last,random_subspace,expression,canonical,24,4.0653743800239,0.013656019826071408,0.10361368154431709,0.003011055856700179,0.806664642492966,0.0011303317409522484,0.0,0.0,0.3587962962962963,0.004009376869372387,0.0,0.0
23,last,random_subspace,iid,canonical,24,1.2370684333635538,0.011372063465723036,0.37707261846833323,0.005726417008357151,0.938692774216794,0.0007243675449176951,0.08333333333333333,0.0,0.5416666666666666,0.0,0.08333333333333333,0.0
23,last,random_subspace,joint,canonical,96,3.98094622011177,0.011530290731423205,0.11429211044585845,0.0025653372100535136,0.8132492479862834,0.00018445037958811193,0.0,0.0,0.3035300925925926,0.0007016409521401951,0.0,0.0
23,last,random_subspace,template,canonical,24,1.54406695585749,0.010348116502873029,0.19715568238544826,0.00538054810436067,0.9249545293242862,0.0005872907689305722,0.0,0.0,0.4895833333333333,0.0,0.0,0.0
23,last,random_subspace,topic,canonical,96,1.266325020777513,0.004477497034509379,0.33417813038305605,0.0023542261250519667,0.9370327414131611,0.0004890648960683067,0.13888888888888887,0.0240562612162344,0.5668402777777778,0.012028130608117162,0.13888888888888887,0.0240562612162344
23,last,random_subspace,train,canonical,168,1.2588314878248834,0.004567358553705022,0.3694736172260411,0.0022877089551321347,0.9382403022998081,0.0005239978316221738,0.12896825396825398,0.0149798302287118,0.5611772486772487,0.007445985614548719,0.12896825396825398,0.0149798302287118
23,last,random_subspace,iid,paraphrase,24,1.5708004022189668,0.01890926839345434,0.05783283818876247,0.011341792190160375,0.9244651654282934,0.0008606401967093689,0.0,0.0,0.5,0.0,0.0,0.0
23,last,random_subspace,topic,paraphrase,96,1.4178778910813132,0.015280138259064614,0.015249608122588429,0.010612424548830216,0.931571146012022,0.0006933279296968339,0.0,0.0,0.5,0.0,0.0,0.0
23,last,random_subspace,template,paraphrase,24,1.7517241390039702,0.023097537725281735,0.07970688469290758,0.012134618959586358,0.9339731054703987,0.0008370657570915405,0.0,0.0,0.5,0.0,0.0,0.0
23,last,random_subspace,expression,paraphrase,24,3.792627231285335,0.015475739020601183,0.01254955528338971,0.004029271648991391,0.8172385482996484,0.0011120357931558881,0.0,0.0,0.36481481481481476,0.0053039070543470365,0.0,0.0
23,last,random_subspace,joint,paraphrase,96,4.09236466641291,0.029072599730621363,0.03214370512790935,0.006875755449780692,0.8296864328202752,0.00039631275004023186,0.0,0.0,0.42395833333333327,0.0008680555555555802,0.0,0.0
23,last,rank1,dev,canonical,48,1.020082150230718,0.013267542375114667,0.4916119763554905,0.006612271026582322,0.9506405564983332,0.0006407491061652643,0.5138888888888888,0.0481125224324688,0.7523148148148149,0.026060949650920578,0.5277777777777778,0.06014065304058603
23,last,rank1,expression,canonical,24,3.7632842833691647,0.019364844403697484,0.17022241281217806,0.0042698113285191625,0.8199448064508696,0.001183424616235291,0.0,0.0,0.3703703703703704,0.013145621170833984,0.0,0.0
23,last,rank1,iid,canonical,24,1.1315860313552415,0.0036171414034844914,0.43018841603342883,0.001821416149934361,0.9438022124453652,0.00021584651242095076,0.25000000000000006,0.04166666666666667,0.625,0.02083333333333337,0.25000000000000006,0.04166666666666667
23,last,rank1,joint,canonical,96,3.826756008129833,0.016294134040779777,0.14859739358545143,0.0036252293488572103,0.8171304640670719,0.0006469255789323595,0.0,0.0,0.30954861111111115,0.0037837664440457356,0.0,0.0
23,last,rank1,template,canonical,24,1.4925386898078357,0.01441329056558254,0.22394802803960523,0.0074942530081404946,0.9274825345789716,0.0005996065129331375,0.06944444444444443,0.06364688465216445,0.5243055555555556,0.03182344232608225,0.06944444444444443,0.06364688465216445
23,last,rank1,topic,canonical,96,1.0868259754373337,0.003142801808669717,0.42855705206737515,0.0016524558401279897,0.9449968222516877,5.3694065484731845e-05,0.4548611111111111,0.03182344232608222,0.7268518518518517,0.016682332529397673,0.4618055555555555,0.03658213108629424
23,last,rank1,train,canonical,168,1.0577755239760511,0.014213156456919002,0.4701789863297184,0.007119118178451685,0.9469571922559462,0.0006144130805013599,0.46428571428571425,0.05085716515069958,0.7311507936507936,0.02641572808669509,0.46428571428571425,0.05085716515069958
23,last,rank1,iid,paraphrase,24,1.6237595611741165,0.047291959045030564,0.026067898216632173,0.0283657495675498,0.9226463989893023,0.0017084095347354269,0.013888888888888888,0.024056261216234408,0.5069444444444445,0.012028130608117225,0.013888888888888888,0.024056261216234408
23,last,rank1,topic,paraphrase,96,1.4643502887730433,0.04862222208516102,-0.017026592900274935,0.03376930591378189,0.9299261977894774,0.0018814406539606964,0.027777777777777776,0.015911721163041112,0.513888888888889,0.00795586058152055,0.027777777777777776,0.015911721163041112
23,last,rank1,template,paraphrase,24,1.8782335136982657,0.010885521148980155,0.013243390835270189,0.0057188628887835935,0.9287442653169324,0.0005333363853812531,0.0,0.0,0.5,0.0,0.0,0.0
23,last,rank1,expression,paraphrase,24,3.655199832297401,0.017606501623326234,0.048330226035176706,0.004584038134421466,0.8248162143260611,0.002330775409711446,0.0,0.0,0.37824074074074066,0.001747646860016371,0.0,0.0
23,last,rank1,joint,paraphrase,96,3.910913883868185,0.016131920251922283,0.07505734953910348,0.003815246645134177,0.8286381307775713,0.000992288571062032,0.0,0.0,0.432349537037037,0.0020046884346861774,0.0,0.0
23,last,rank2,dev,canonical,48,0.9850530351292958,0.006316973604985252,0.5090697689385685,0.003148250095079745,0.9525092756896586,0.0002619935732908431,0.5694444444444443,0.03182344232608222,0.7800925925925926,0.01747646860016377,0.5902777777777778,0.03182344232608222
23,last,rank2,expression,canonical,24,3.7393233251372684,0.009193580818883103,0.17550563475643444,0.002027119594238947,0.8212426665304274,0.0004727625682055708,0.0,0.0,0.3796296296296296,0.012194043695431426,0.0,0.0
23,last,rank2,iid,canonical,24,1.0636878794051674,0.011087275408659046,0.46437861672434627,0.005583011620349597,0.9474289074283608,0.0004346167436396287,0.3611111111111111,0.024056261216234418,0.6805555555555555,0.012028130608117225,0.3611111111111111,0.024056261216234418
23,last,rank2,joint,canonical,96,3.7842740074126056,0.01766636216678921,0.1580490769589176,0.003930531960415872,0.818647217274736,0.00040785477776174994,0.0,0.0,0.3117476851851852,0.003087805919433787,0.0,0.0
23,last,rank2,template,canonical,24,1.4152185668169395,0.021686251545086604,0.2641509616915502,0.011275860646641218,0.9315746373602392,0.0008882339336545294,0.125,0.0,0.5520833333333334,0.0,0.125,0.0
23,last,rank2,topic,canonical,96,1.0326976180409309,0.005271749691624185,0.45701723687746365,0.0027718367545755337,0.9477343433427258,0.0003203917452183403,0.5659722222222222,0.04336804165554445,0.782986111111111,0.021684020827772203,0.5694444444444445,0.039436863512501925
23,last,rank2,train,canonical,168,0.9526813244524351,0.006887396395429787,0.5228188083527979,0.0034497747934827943,0.9523867502575207,0.000382008203602757,0.6170634920634921,0.045462060465831754,0.8082010582010583,0.023167036889070076,0.6170634920634921,0.045462060465831754
23,last,rank2,iid,paraphrase,24,1.584437117459984,0.0458856192967101,0.04965352700644569,0.027522226019080036,0.9252065131397185,0.0018713068367102832,0.027777777777777776,0.024056261216234408,0.513888888888889,0.012028130608117226,0.027777777777777776,0.024056261216234408
23,last,rank2,topic,paraphrase,96,1.4744765871375456,0.047630455776254174,-0.02405955134150317,0.03308050029272667,0.929852474091564,0.002032906414998213,0.03819444444444444,0.0060140653040586,0.5190972222222223,0.0030070326520293222,0.03819444444444444,0.0060140653040586
23,last,rank2,template,paraphrase,24,1.772251090326396,0.11814148824664576,0.06892275975014472,0.06206730605844294,0.9330379324653711,0.004732676263894409,0.0,0.0,0.5,0.0,0.0,0.0
23,last,rank2,expression,paraphrase,24,3.6791395664269118,0.016851001585843534,0.04209726411432598,0.00438733574251697,0.8247099413192928,0.0014147371223880698,0.0,0.0,0.37754629629629627,0.0020046884346861934,0.0,0.0
23,last,rank2,joint,paraphrase,96,3.9050681688227527,0.022415018217964426,0.07643987836190998,0.005301217816677487,0.8292142587362047,0.0005464363378091607,0.0,0.0,0.4361111111111111,0.003783766444045704,0.0,0.0
23,last,rank4,dev,canonical,48,0.908848006350334,0.02668718871783062,0.547048792455397,0.013300347551241182,0.9562657067564114,0.00132145460028675,0.7430555555555555,0.06364688465216445,0.8668981481481483,0.03226240709436655,0.7569444444444445,0.0524294058004913
23,last,rank4,expression,canonical,24,3.7994536213090693,0.011439984466664999,0.1622473294259488,0.002522435721947901,0.8188598080890853,0.0006682465463311581,0.0,0.0,0.3819444444444444,0.012519275262027757,0.0,0.0
23,last,rank4,iid,canonical,24,1.0021994405564556,0.01796746771894847,0.4953411982384132,0.009047541200681561,0.9506269099023221,0.0008366949668305399,0.5833333333333334,0.11023963796102461,0.7916666666666666,0.05511981898051234,0.5833333333333334,0.11023963796102461
23,last,rank4,joint,canonical,96,3.756598333257237,0.007986645853155148,0.16420654847267543,0.0017769230861440152,0.8199444693204102,0.0006831621276635079,0.0,0.0,0.31736111111111115,0.0011384441882468838,0.0,0.0
23,last,rank4,template,canonical,24,1.419715154460337,0.030285687392566017,0.26181294142341177,0.015747174651936834,0.9315230015613993,0.0013299071389233756,0.22222222222222224,0.0240562612162344,0.6006944444444445,0.012028130608117225,0.22222222222222224,0.0240562612162344
23,last,rank4,topic,canonical,96,0.9959794580771667,0.023626110184830983,0.47632330247265875,0.012422388089103365,0.949698858375977,0.0012508960450141086,0.6493055555555555,0.024056261216234453,0.8246527777777778,0.012028130608117162,0.6527777777777778,0.021684020827772245
23,last,rank4,train,canonical,168,0.8566234197865391,0.013088608138761214,0.5709325104262074,0.006555851855547917,0.9571600198191715,0.0005725119515576277,0.7896825396825397,0.022535350578572498,0.8948412698412698,0.011267675289286282,0.7896825396825397,0.022535350578572498
23,last,rank4,iid,paraphrase,24,1.5626797485530683,0.03965228590894798,0.06270361184380065,0.023783468365163773,0.9266132013624907,0.0013223835326818536,0.05555555555555555,0.024056261216234408,0.5277777777777778,0.012028130608117162,0.05555555555555555,0.024056261216234408
23,last,rank4,topic,paraphrase,96,1.4663784363446082,0.0395512285425069,-0.018435190303793814,0.027469282123274968,0.9304295816003355,0.00183707835793108,0.04513888888888889,0.0060140653040586045,0.5214120370370371,0.0026519535271735334,0.04513888888888889,0.0060140653040586045
23,last,rank4,template,paraphrase,24,1.7410077294049537,0.10624377684981873,0.08533690243097065,0.05581667467042291,0.9342519079194277,0.00414258442175461,0.0,0.0,0.5,0.0,0.0,0.0
23,last,rank4,expression,paraphrase,24,3.7708380836514697,0.014812555042429574,0.018222589359497388,0.0038566047154281725,0.8209603193314393,0.0014073849079438133,0.0,0.0,0.3782407407407407,0.0017476468600164225,0.0,0.0
23,last,rank4,joint,paraphrase,96,3.9010206595738506,0.03053714508070436,0.07739712621844974,0.007222124737893508,0.8297688862202309,0.0011155329842186543,0.0,0.0,0.4407407407407408,0.00590873201871013,0.0,0.0
23,last,rank8,dev,canonical,48,0.8331167575951445,0.026505368102264518,0.5847916937247443,0.0132097318852534,0.9597451957104836,0.0011697991202392441,0.8333333333333334,0.020833333333333315,0.9131944444444445,0.010416666666666685,0.8402777777777778,0.012028130608117162
23,last,rank8,expression,canonical,24,3.795041264444596,0.03565450942971948,0.1632202229299007,0.007861567338322672,0.8183112443227883,0.001183892390075232,0.0,0.0,0.38888888888888884,0.009186636496752082,0.0,0.0
23,last,rank8,iid,canonical,24,0.9347003855567184,0.01902291559411654,0.5293304331528663,0.009579013319353218,0.9536084412722533,0.0008738685822171341,0.8333333333333334,0.041666666666666685,0.9166666666666666,0.020833333333333315,0.8333333333333334,0.041666666666666685
23,last,rank8,joint,canonical,96,3.7643792474992033,0.04617867711347789,0.16247539794940588,0.010274144986422925,0.8199453717843249,0.0028189849703231726,0.0,0.0,0.32991898148148147,0.005255381635697909,0.0,0.0
23,last,rank8,template,canonical,24,1.4378767478509495,0.04613517957607036,0.25236974208729107,0.02398818692691046,0.9306305695593659,0.0021341138815423764,0.3333333333333333,0.07216878364870323,0.65625,0.03608439182435161,0.3333333333333333,0.07216878364870323
23,last,rank8,topic,canonical,96,0.9309395276811087,0.002918702818020557,0.5105206904619369,0.0015346266837225843,0.9530680250892366,0.0001300974902798495,0.7291666666666666,0.02755990949025618,0.8645833333333334,0.013779954745128048,0.7395833333333334,0.027559909490256117
23,last,rank8,train,canonical,168,0.7276467082838991,0.011740351446532404,0.6355346594448638,0.005880533972714593,0.9635232928459162,0.0005399967981513972,0.9027777777777778,0.009092412093166318,0.951388888888889,0.004546206046583207,0.9027777777777778,0.009092412093166318
23,last,rank8,iid,paraphrase,24,1.5847582650462915,0.06068990978713188,0.04946090246325977,0.03640184963916968,0.9253770797939218,0.002737074050280921,0.05555555555555555,0.024056261216234408,0.5277777777777778,0.012028130608117162,0.05555555555555555,0.024056261216234408
23,last,rank8,topic,paraphrase,96,1.4670967724999697,0.06252988513596527,-0.018934092088595905,0.04342851332898036,0.9305477098577368,0.002895098105968262,0.10763888888888888,0.0240562612162344,0.5520833333333334,0.012028130608117162,0.10763888888888888,0.0240562612162344
23,last,rank8,template,paraphrase,24,1.75211663674499,0.08198598518057643,0.07950068043917176,0.04307249984935143,0.9340279021922071,0.003333758044675055,0.027777777777777776,0.024056261216234408,0.513888888888889,0.012028130608117226,0.027777777777777776,0.024056261216234408
23,last,rank8,expression,paraphrase,24,3.8201924918100576,0.035375810529592606,0.005372649380448569,0.00921046485968995,0.8186744276098973,0.00023136759852389327,0.0,0.0,0.38518518518518513,0.00521218993018416,0.0,0.0
23,last,rank8,joint,paraphrase,96,4.014452903104098,0.08453277813576586,0.05057006658633626,0.019992250962678943,0.8272612767942253,0.004079308421423797,0.0,0.0,0.4433449074074074,0.0035253459283607095,0.0,0.0
23,last,rank16,dev,canonical,48,0.7684133496077797,0.027247410573481408,0.6170385453163743,0.013579550634965704,0.9628584881324319,0.0012812612013318164,0.8958333333333334,0.036084391824351615,0.9444444444444445,0.018042195912175808,0.9027777777777777,0.024056261216234387
23,last,rank16,expression,canonical,24,3.7882745048457984,0.03604665322652159,0.16471224559685252,0.007948032274011727,0.8185522645780003,0.0013341465473275498,0.0,0.0,0.3958333333333333,0.0,0.0,0.0
23,last,rank16,iid,canonical,24,0.8496341305758183,0.023896812206313484,0.5721656539400289,0.012033270151561692,0.9578459638655262,0.0011246162779589698,0.9166666666666666,0.041666666666666685,0.9583333333333334,0.020833333333333315,0.9166666666666666,0.041666666666666685
23,last,rank16,joint,canonical,96,3.748020339999792,0.01288340664803836,0.16611503853623813,0.002866387607763588,0.8216699422263134,0.0012238524507753384,0.0,0.0,0.33304398148148145,0.002012191973462193,0.0,0.0
23,last,rank16,template,canonical,24,1.4372116256842027,0.05362094964302912,0.25271557524566984,0.02788044557439203,0.9306992685794976,0.002673558535282454,0.4166666666666667,0.07216878364870323,0.6956018518518517,0.03425613098830725,0.4166666666666667,0.07216878364870323
23,last,rank16,topic,canonical,96,0.8923348241940734,0.000502249916734144,0.5308186830230911,0.0002640783156678058,0.9549276673988324,4.757809515864305e-05,0.8125,0.037557825786083195,0.90625,0.018778912893041635,0.8194444444444445,0.043368041655544406
23,last,rank16,train,canonical,168,0.5987386995147231,0.014247487824285377,0.7001023964819032,0.007136314151932239,0.9699273196780526,0.0006856853022601746,0.9523809523809524,0.021461614734904683,0.9758597883597884,0.011282223617216985,0.9523809523809524,0.021461614734904683
23,last,rank16,iid,paraphrase,24,1.5568019486312552,0.052706575522068595,0.06622912028026784,0.03161344025521503,0.9264549609518161,0.0023915329693911446,0.13888888888888887,0.048112522432468816,0.5694444444444445,0.024056261216234453,0.13888888888888887,0.048112522432468816
23,last,rank16,topic,paraphrase,96,1.463332271583593,0.04592450340329624,-0.01631955540956076,0.03189567522537661,0.930631456327383,0.0020026576143099485,0.16666666666666666,0.018042195912175804,0.5815972222222222,0.009021097956087904,0.16666666666666666,0.018042195912175804
23,last,rank16,template,paraphrase,24,1.7338732711207812,0.06481620666161225,0.08908509125487,0.03405211324251109,0.934683917571623,0.0029490361383765775,0.05555555555555555,0.06364688465216445,0.5277777777777778,0.03182344232608222,0.05555555555555555,0.06364688465216445
23,last,rank16,expression,paraphrase,24,3.850254457008672,0.01958320667446023,-0.0024542998803588714,0.00509869411371591,0.8165155646883265,0.000480044429764594,0.0,0.0,0.3875,0.008866073149169207,0.0,0.0
23,last,rank16,joint,paraphrase,96,4.012639232451584,0.06802183618731178,0.05099900503658391,0.01608736457016543,0.827541005963497,0.0025073768523984,0.0,0.0,0.4379629629629629,0.0031314234394603036,0.0,0.0
23,last,rank32,dev,canonical,48,0.7247297275864328,0.01725219167990729,0.6388095666601389,0.008598138522177468,0.9649843122868983,0.0008161350054563765,0.9375,0.03608439182435161,0.9664351851851852,0.01912350884474337,0.9513888888888888,0.03182344232608223
23,last,rank32,expression,canonical,24,3.7921950096865413,0.04512982426603333,0.1638478019879319,0.009950807292228716,0.8184415455670885,0.0017448860763313058,0.0,0.0,0.3923611111111111,0.0034722222222222376,0.0,0.0
23,last,rank32,iid,canonical,24,0.7956837221156409,0.009299477196146076,0.5993324506735657,0.004682763558728881,0.9605530971148944,0.0004035819201315729,1.0,0.0,1.0,0.0,1.0,0.0
23,last,rank32,joint,canonical,96,3.7544402093804004,0.012537678523795686,0.16468670249603098,0.002789467672062037,0.821812969656489,0.0015991841029273266,0.0,0.0,0.33975694444444443,0.006400107149710694,0.0,0.0
23,last,rank32,template,canonical,24,1.4601859863894309,0.051904794096474645,0.24076995664859524,0.026988123046882986,0.9295729886447929,0.0026318437315420848,0.513888888888889,0.10485881160098262,0.741898148148148,0.049268047809705465,0.513888888888889,0.10485881160098262
23,last,rank32,topic,canonical,96,0.8650452081709897,0.005849894049159884,0.5451673082681817,0.003075819658432663,0.9562803161237489,0.00029085772756053905,0.8819444444444445,0.015911721163041105,0.9409722222222222,0.007955860581520565,0.888888888888889,0.021684020827772203
23,last,rank32,train,canonical,168,0.47309768009239916,0.015720024735984266,0.763033756453899,0.007873881794158127,0.9761713592274789,0.0007827490582194019,0.9821428571428572,0.01574851970871781,0.9907407407407408,0.00843740133741615,0.9821428571428572,0.01574851970871781
23,last,rank32,iid,paraphrase,24,1.5331044086061392,0.07633339740781916,0.08044292108897133,0.04578482427527983,0.9275459923095161,0.0033552457023191284,0.25,0.04166666666666667,0.625,0.02083333333333337,0.25,0.04166666666666667
23,last,rank32,topic,paraphrase,96,1.4554208133438096,0.06577010649548617,-0.010824856852686526,0.04567892521115193,0.9308892891949639,0.002807872572591871,0.21527777777777776,0.059231673990388825,0.6059027777777778,0.02961583699519445,0.21527777777777776,0.059231673990388825
23,last,rank32,template,paraphrase,24,1.7681349342370065,0.07738129070412955,0.07108524071746669,0.0406533583130727,0.9332162599805819,0.003227601474805272,0.06944444444444443,0.06364688465216445,0.5347222222222222,0.03182344232608222,0.06944444444444443,0.06364688465216445
23,last,rank32,expression,paraphrase,24,3.8626923236380875,0.02456637632292885,-0.005692629456550913,0.006396114815884649,0.8155947125757731,0.0006593845882458751,0.0,0.0,0.3886574074074074,0.013912017778996975,0.0,0.0
23,last,rank32,joint,paraphrase,96,4.009479199205635,0.048059914765325826,0.05174636220497105,0.01136631136965826,0.8274927604153067,0.0022472164752193723,0.0,0.0,0.4431712962962963,0.007255061336395147,0.0,0.0
23,mean,identity,dev,canonical,48,6.5625447412040065,0.0,0.0,0.0,0.9996542000022443,0.0,0.0,0.0,0.49652777777777785,0.0,0.0,0.0
23,mean,identity,expression,canonical,24,43.69017633757415,0.0,0.0,0.0,0.9988432230162448,0.0,0.0,0.0,0.4479166666666667,0.0,0.0,0.0
23,mean,identity,iid,canonical,24,7.500677522276533,0.0,0.0,0.0,0.9996486663635857,0.0,0.0,0.0,0.5,0.0,0.0,0.0
23,mean,identity,joint,canonical,96,39.134642647640824,0.0,0.0,0.0,0.9988065430000398,0.0,0.0,0.0,0.3932291666666667,0.0,0.0,0.0
23,mean,identity,template,canonical,24,4.5720063093166114,0.0,0.0,0.0,0.9997941083126335,0.0,0.0,0.0,0.5,0.0,0.0,0.0
23,mean,identity,topic,canonical,96,5.953541401445743,0.0,0.0,0.0,0.9996609887193498,0.0,0.0,0.0,0.5,0.0,0.0,0.0
23,mean,identity,train,canonical,168,7.406613877458528,1.0877919644084146e-15,0.0,0.0,0.9996511020904147,1.3597399555105182e-16,0.0,0.0,0.496031746031746,0.0,0.0,0.0
23,mean,identity,iid,paraphrase,24,7.297712001900703,0.0,0.0,0.0,0.9997412864814393,0.0,0.0,0.0,0.5,0.0,0.0,0.0
23,mean,identity,topic,paraphrase,96,5.782565104882295,0.0,0.0,0.0,0.9997527302000426,0.0,0.0,0.0,0.5,0.0,0.0,0.0
23,mean,identity,template,paraphrase,24,20.254652040296566,0.0,0.0,0.0,0.9996139935088113,0.0,0.0,0.0,0.5,0.0,0.0,0.0
23,mean,identity,expression,paraphrase,24,74.34140144770497,0.0,0.0,0.0,0.9980934963738578,0.0,0.0,0.0,0.2652777777777778,0.0,0.0,0.0
23,mean,identity,joint,paraphrase,96,51.12227819615057,0.0,0.0,0.0,0.9981977144274081,0.0,0.0,0.0,0.39479166666666665,0.0,0.0,0.0
23,mean,shift,dev,canonical,48,0.9209563077181592,0.011938276528566964,0.8596647574932655,0.001819153544753854,0.9998999997865008,2.212151284131232e-07,0.986111111111111,0.012028130608117226,0.9930555555555557,0.00601406530405858,0.986111111111111,0.012028130608117226
23,mean,shift,expression,canonical,24,80.6477515733272,1.1320552388326974,-0.8459012605075943,0.02591097893690841,0.9983392953532677,1.002340841736876e-05,0.0,0.0,0.3055555555555555,0.0012028130608117162,0.0,0.0
23,mean,shift,iid,canonical,24,1.0124265284018008,0.00961449375621104,0.8650219896276091,0.001281816706245072,0.9998888923551279,9.966373281947561e-08,0.9583333333333334,0.0,0.9791666666666666,0.0,0.9583333333333334,0.0
23,mean,shift,joint,canonical,96,75.1586394151294,1.106341668451981,-0.9205142638413801,0.028270135961460573,0.9982384216399095,1.067538584911355e-05,0.0,0.0,0.25613425925925926,0.0005011721086715644,0.0,0.0
23,mean,shift,template,canonical,24,0.7108211936075682,0.05580910721668381,0.8445275125366535,0.012206699518974547,0.9998705891879754,1.5942043779167262e-06,1.0,0.0,1.0,0.0,1.0,0.0
23,mean,shift,topic,canonical,96,1.2998644877367838,0.037947569535887966,0.781665331592197,0.00637394904597001,0.999889590282998,4.664837928650016e-07,0.9722222222222222,0.006014065304058581,0.9861111111111112,0.0030070326520293222,0.9722222222222222,0.006014065304058581
23,mean,shift,train,canonical,168,1.2682916725115003,0.0021176639446944534,0.8287622801059671,0.0002859152616473638,0.9998924059796898,2.4630774900571395e-07,0.9662698412698413,0.0034366087451763315,0.9831349206349206,0.00171830437258823,0.9662698412698413,0.0034366087451763315
23,mean,shift,iid,paraphrase,24,1.1029210764605089,0.0077717283876450145,0.8488675524365376,0.001064954109674475,0.9998236848771307,5.388516706442458e-07,0.7916666666666666,0.041666666666666685,0.8958333333333334,0.020833333333333315,0.7916666666666666,0.041666666666666685
23,mean,shift,topic,paraphrase,96,1.3665129999667112,0.03953280601599293,0.7636839403999193,0.0068365518241402185,0.9998125926305614,9.904359985852085e-07,0.8819444444444445,0.012028130608117225,0.9409722222222222,0.006014065304058581,0.8819444444444445,0.012028130608117225
23,mean,shift,template,paraphrase,24,5.059434842419293,0.24602115155032633,0.7502087504463882,0.012146402271481536,0.9998083283484064,1.9942116651963627e-06,0.9722222222222223,0.024056261216234387,0.986111111111111,0.012028130608117226,0.9722222222222223,0.024056261216234387
23,mean,shift,expression,paraphrase,24,120.96125037828195,1.3868493990071742,-0.6271047898306227,0.018655141980108397,0.9974884987003145,1.188911236167121e-05,0.0,0.0,0.23750000000000002,0.0,0.0,0.0
23,mean,shift,joint,paraphrase,96,91.15586742916672,1.215111418509198,-0.7830947807022931,0.023768725913327755,0.9975490231490555,1.4505101296582156e-05,0.0,0.0,0.24832175925925926,0.0010023442173431128,0.0,0.0
23,mean,lowrank,dev,canonical,48,0.3143902307023192,0.06947867614933753,0.9520932438405533,0.010587154661682413,0.9999520100119144,1.0796408324112515e-06,1.0,0.0,1.0,0.0,1.0,0.0
23,mean,lowrank,expression,canonical,24,80.92803196137798,0.9914089474250611,-0.8523164414829512,0.02269180466942709,0.9983094437745091,4.581322304753224e-06,0.0,0.0,0.3039351851851852,0.0020046884346861934,0.0,0.0
23,mean,lowrank,iid,canonical,24,0.2012959781560606,0.0819441005662626,0.9731629606047955,0.010924893161036956,0.9999498597542997,1.2651115630003383e-06,1.0,0.0,1.0,0.0,1.0,0.0
23,mean,lowrank,joint,canonical,96,70.45565061163187,1.4898331409937735,-0.800339695088009,0.03806941983367219,0.998288337444415,1.9355369594246375e-05,0.0,0.0,0.26857638888888885,0.001736111111111105,0.0,0.0
23,mean,lowrank,template,canonical,24,0.24948758018328218,0.0539768774377372,0.9454314882123219,0.011805949901631991,0.9998741272739239,2.868287174126855e-06,1.0,0.0,1.0,0.0,1.0,0.0
23,mean,lowrank,topic,canonical,96,0.201047687657863,0.06836261743957137,0.9662305720072694,0.011482681118665024,0.9999345410584787,1.6945581466517527e-06,1.0,0.0,1.0,0.0,1.0,0.0
23,mean,lowrank,train,canonical,168,0.14920248763458457,0.01612015041378543,0.9798555061593435,0.0021764534617966283,0.9999656588541289,8.720118742522247e-07,1.0,0.0,1.0,0.0,1.0,0.0
23,mean,lowrank,iid,paraphrase,24,0.3897538537295417,0.06909250670772826,0.9465923218636156,0.009467694352659133,0.9998320398838114,2.892827379503676e-06,1.0,0.0,1.0,0.0,1.0,0.0
23,mean,lowrank,topic,paraphrase,96,0.3350988771056536,0.05977434498741112,0.9420501332838042,0.010336994725220275,0.9998381249039886,5.237388479737245e-07,0.9930555555555557,0.00601406530405858,0.9965277777777777,0.0030070326520293222,0.9930555555555557,0.00601406530405858
23,mean,lowrank,template,paraphrase,24,6.257095932136917,0.8740774634613601,0.691078576926997,0.04315440530513115,0.9997704779118671,9.53649600313833e-06,0.9861111111111112,0.024056261216234387,0.9930555555555555,0.012028130608117225,0.9861111111111112,0.024056261216234387
23,mean,lowrank,expression,paraphrase,24,118.71240310208405,1.1852823104041754,-0.5968545223833533,0.015943771402237465,0.9975346437458404,1.6915828471638894e-05,0.0,0.0,0.24074074074074078,0.0020046884346862095,0.0,0.0
23,mean,lowrank,joint,paraphrase,96,85.16541960340088,1.6462830045698764,-0.665915968702148,0.03220284898597967,0.9975155399509607,1.9450186238609104e-05,0.0,0.0,0.25879629629629636,0.0018563674690214684,0.0,0.0
23,mean,full_delta,dev,canonical,48,0.30585376801584707,0.07004812925046172,0.953394029286308,0.01067392787597367,0.999958312767677,1.0069796136120797e-06,1.0,0.0,1.0,0.0,1.0,0.0
23,mean,full_delta,expression,canonical,24,80.93385011899333,0.9940643460200356,-0.8524496100371449,0.022752582602078627,0.9983024267900826,4.645374021401225e-06,0.0,0.0,0.30162037037037037,0.004009376869372387,0.0,0.0
23,mean,full_delta,iid,canonical,24,0.19106323530488586,0.08049119099576305,0.9745272030776633,0.010731189383453578,0.999956258518019,9.292604175337795e-07,1.0,0.0,1.0,0.0,1.0,0.0
23,mean,full_delta,joint,canonical,96,70.46131285368354,1.4898055990775518,-0.8004843812705981,0.03806871606038198,0.9982858346123074,2.960290439424636e-05,0.0,0.0,0.26857638888888885,0.0034722222222222376,0.0,0.0
23,mean,full_delta,template,canonical,24,0.261411393115955,0.057864098481506795,0.9428234837333309,0.012656172053742384,0.9998647383432537,2.0197488163122714e-06,1.0,0.0,1.0,0.0,1.0,0.0
23,mean,full_delta,topic,canonical,96,0.1982490011658895,0.06753644946321478,0.9667006596917682,0.011343911952441336,0.9999364288445323,1.270645509243235e-06,1.0,0.0,1.0,0.0,1.0,0.0
23,mean,full_delta,train,canonical,168,0.13212311377027616,0.015747839904537483,0.9821614686608164,0.0021261861580856743,0.9999773518311525,6.364020767936942e-07,1.0,0.0,1.0,0.0,1.0,0.0
23,mean,full_delta,iid,paraphrase,24,0.3880569359107555,0.07009017318199567,0.9468248492390923,0.009604403841058715,0.9998332314185823,2.7883800158899245e-06,1.0,0.0,1.0,0.0,1.0,0.0
23,mean,full_delta,topic,paraphrase,96,0.33477521860179255,0.0598024171637574,0.9421061047251958,0.01034184934870263,0.9998384747965098,6.47572209137579e-07,0.9930555555555557,0.00601406530405858,0.9965277777777777,0.0030070326520293222,0.9930555555555557,0.00601406530405858
23,mean,full_delta,template,paraphrase,24,6.269179544543072,0.8758088645136275,0.6904819923802908,0.04323988695393084,0.9997604277871998,1.004289203851592e-05,0.9861111111111112,0.024056261216234387,0.9930555555555555,0.012028130608117225,0.9861111111111112,0.024056261216234387
23,mean,full_delta,expression,paraphrase,24,118.72225780910934,1.1887091742399751,-0.5969870825292932,0.01598986770616861,0.9975312234886831,1.4955203387828033e-05,0.0,0.0,0.24305555555555558,0.006014065304058597,0.0,0.0
23,mean,full_delta,joint,paraphrase,96,85.18043026773346,1.6453439970823254,-0.6662095914604097,0.03218448111348477,0.997502886256557,2.8417579420675535e-05,0.0,0.0,0.2565393518518519,0.0008909030276817439,0.0,0.0
23,mean,full_affine,dev,canonical,48,0.34435095825226164,0.07173522847067516,0.9475278307681169,0.010931007909214524,0.9999299992665144,2.2856586892973958e-06,1.0,0.0,1.0,0.0,1.0,0.0
23,mean,full_affine,expression,canonical,24,80.93665313681494,0.9929130072324726,-0.8525137667436766,0.0227262302527846,0.9982461921129661,2.6038469365493106e-06,0.0,0.0,0.2810185185185185,0.0028912027770362854,0.0,0.0
23,mean,full_affine,iid,canonical,24,0.23541652771742028,0.07537775125138535,0.9686139649360678,0.010049459002539209,0.9999266790677068,2.0003039152420304e-06,1.0,0.0,1.0,0.0,1.0,0.0
23,mean,full_affine,joint,canonical,96,70.7913781734629,1.4890943160182775,-0.8089184769323671,0.03805054078111131,0.9976989265471105,2.21293269965211e-05,0.0,0.0,0.2402777777777778,0.00030070326520294504,0.0,0.0
23,mean,full_affine,template,canonical,24,1.188602986585216,0.0705644439540015,0.7400259522470171,0.01543402156077712,0.9991255747038701,9.588123901151475e-06,0.7083333333333334,0.041666666666666685,0.8310185185185185,0.021215628217388132,1.0,0.0
23,mean,full_affine,topic,canonical,96,0.4895907193058831,0.06507147734782914,0.9177647913581332,0.010929877355354748,0.9997140911976069,1.198241206817727e-06,1.0,0.0,1.0,0.0,1.0,0.0
23,mean,full_affine,train,canonical,168,0.15248578658830317,0.013996362481886489,0.9794122133121611,0.0018897113733015252,0.9999631906175058,5.556182968482495e-07,0.998015873015873,0.0034366087451763315,0.9990079365079364,0.0017183043725881658,1.0,0.0
23,mean,full_affine,iid,paraphrase,24,0.29479758214901824,0.06371584316633692,0.9596041085106898,0.008730934181801354,0.9998890439918929,4.102051977381526e-06,1.0,0.0,1.0,0.0,1.0,0.0
23,mean,full_affine,topic,paraphrase,96,0.5349487655708889,0.057468660775865904,0.9074893657281567,0.009938264374636152,0.9996788824735653,1.782687277087597e-06,1.0,0.0,1.0,0.0,1.0,0.0
23,mean,full_affine,template,paraphrase,24,7.07919406433104,0.8664879728405938,0.6504904626232529,0.04277970172564403,0.9991746646085788,1.3917789378251452e-05,0.9583333333333334,0.041666666666666685,0.9791666666666666,0.020833333333333315,1.0,0.0
23,mean,full_affine,expression,paraphrase,24,118.62995373222152,1.1852053750809142,-0.595745458412848,0.0159427365102155,0.9974584232423368,3.7938414780131166e-06,0.0,0.0,0.22499999999999998,0.001202813060811732,0.0,0.0
23,mean,full_affine,joint,paraphrase,96,85.62604445109322,1.6443302917169895,-0.674926225364126,0.03216465208001639,0.9965380924918102,3.288422712915267e-05,0.0,0.0,0.20069444444444443,0.000300703265202913,0.0,0.0
23,mean,shuffled,dev,canonical,48,21.57928423471319,4.155831576894418,-2.2882494650625596,0.6332652562048607,0.9992888834822793,5.6663698477103456e-05,0.7152777777777778,0.05242940580049135,0.8287037037037037,0.03221566124934443,0.9583333333333334,0.020833333333333315
23,mean,shuffled,expression,canonical,24,97.8379947828878,3.086893528500596,-1.2393591187853776,0.0706541787483201,0.9976775809562936,0.0001243598504619002,0.0,0.0,0.23657407407407408,0.0008018753738744934,0.0,0.0
23,mean,shuffled,iid,canonical,24,20.75838198466832,6.925764679835196,-1.7675342558078586,0.9233518784491291,0.9992249022721755,0.0001160187396262598,0.6944444444444443,0.13393959390267995,0.8148148148148148,0.08284967670450588,0.9027777777777778,0.06364688465216443
23,mean,shuffled,joint,canonical,96,133.2918253571406,57.720260871472476,-2.4059803882015487,1.4749147294169058,0.9974628317026998,0.000236092426098503,0.0,0.0,0.25850694444444444,0.017441653450208202,0.0,0.0
23,mean,shuffled,template,canonical,24,15.400625107841845,3.771682852344457,-2.368461035685625,0.8249513664621818,0.9991785130669149,0.00011518276040635306,0.9444444444444445,0.024056261216234453,0.9722222222222222,0.012028130608117162,0.9583333333333334,0.041666666666666685
23,mean,shuffled,topic,canonical,96,26.80819719996856,11.898860856296684,-3.502899264874268,1.9986189822090084,0.9993335860834714,0.0001154193840428006,0.6805555555555555,0.14065714653145203,0.8052662037037037,0.0865026543954808,0.9722222222222223,0.03943686351250189
23,mean,shuffled,train,canonical,168,25.40342695191435,7.027659962995001,-2.4298300643466466,0.948835740497173,0.9992222118945678,8.228689284579412e-05,0.740079365079365,0.048479332233613545,0.8523478835978836,0.030441696318332104,0.9523809523809524,0.03717260713332379
23,mean,shuffled,iid,paraphrase,24,21.79583798960546,9.13954882736101,-1.9866673258589393,1.2523855182255201,0.9991409498218718,0.00010959585408336573,0.5416666666666666,0.041666666666666685,0.7465277777777778,0.03348489847566999,0.6527777777777778,0.048112522432468836
23,mean,shuffled,topic,paraphrase,96,26.132415140913352,12.53024292288034,-3.5191735271340767,2.166900449127826,0.999253816571795,0.00011096599991092387,0.5243055555555556,0.0809109735953545,0.7299768518518519,0.058392809598737015,0.826388888888889,0.049227246106797996
23,mean,shuffled,template,paraphrase,24,20.09227560626983,4.890782812998136,0.008016747644130887,0.24146466714253792,0.999083501456524,7.932967650794996e-05,0.9861111111111112,0.024056261216234387,0.9930555555555555,0.012028130608117225,1.0,0.0
23,mean,shuffled,expression,paraphrase,24,132.68425981367605,12.421523045292203,-0.784796321159106,0.16708755556659843,0.9969133827334881,0.00015287305340746732,0.0,0.0,0.2164351851851852,0.0038247017689486827,0.0,0.0
23,mean,shuffled,joint,paraphrase,96,219.70093265560843,90.87204352629549,-3.297557550401805,1.777542917348664,0.9960528322466548,0.00041823277304848475,0.0,0.0,0.2232060185185185,0.0016131203547183287,0.0,0.0
23,mean,random_subspace,dev,canonical,48,0.915334997146802,0.01177630397767788,0.8605213323118818,0.0017944721814600866,0.9998965787199294,1.4025251996854906e-06,0.986111111111111,0.012028130608117226,0.9930555555555557,0.00601406530405858,0.986111111111111,0.012028130608117226
23,mean,random_subspace,expression,canonical,24,80.65136552581266,1.127597132410756,-0.8459839782439009,0.025808939833483993,0.998334479431488,1.1247988650597864e-05,0.0,0.0,0.3055555555555555,0.0012028130608117162,0.0,0.0
23,mean,random_subspace,iid,canonical,24,1.0054521966529555,0.010390208009734584,0.8659518165303298,0.0013852359308710819,0.9998863994638132,1.2297682844267396e-06,0.9583333333333334,0.0,0.9791666666666666,0.0,0.9583333333333334,0.0
23,mean,random_subspace,joint,canonical,96,75.12754681957817,1.096595029444145,-0.9197197607247634,0.028021081968669898,0.9982354504406546,1.3163341546946567e-05,0.0,0.0,0.25613425925925926,0.0005011721086715644,0.0,0.0
23,mean,random_subspace,template,canonical,24,0.7073401511187752,0.05547074752109314,0.8452888943575183,0.012132692688559453,0.9998669558960532,2.813120399019792e-06,1.0,0.0,1.0,0.0,1.0,0.0
23,mean,random_subspace,topic,canonical,96,1.2906713212407466,0.03692163519198356,0.7832094825229025,0.006201625671573804,0.9998848814576741,1.7625038948391833e-06,0.9791666666666666,0.010416666666666685,0.9895833333333334,0.005208333333333315,0.9791666666666666,0.010416666666666685
23,mean,random_subspace,train,canonical,168,1.2586827416676598,0.005032597738041052,0.8300596247499324,0.0006794734842810611,0.9998885405460233,1.7581312672177116e-06,0.9682539682539683,0.003436608745176332,0.9841269841269842,0.00171830437258823,0.9682539682539683,0.003436608745176332
23,mean,random_subspace,iid,paraphrase,24,1.0972912635770733,0.008968401653497843,0.8496390014717926,0.0012289333494062526,0.9998207598163075,5.735712173477856e-07,0.8055555555555555,0.024056261216234453,0.9027777777777778,0.012028130608117162,0.8055555555555555,0.024056261216234453
23,mean,random_subspace,topic,paraphrase,96,1.3581405762151801,0.0389012207770127,0.7651318140683822,0.006727329493301801,0.9998075690329812,2.1333908245161183e-06,0.8854166666666666,0.010416666666666685,0.9427083333333334,0.005208333333333315,0.8854166666666666,0.010416666666666685
23,mean,random_subspace,template,paraphrase,24,5.066270772289197,0.24287208291896006,0.7498712511965219,0.01199092842650499,0.999804221842519,1.0311334852885274e-06,0.9722222222222223,0.024056261216234387,0.986111111111111,0.012028130608117226,0.9722222222222223,0.024056261216234387
23,mean,random_subspace,expression,paraphrase,24,120.94451512397315,1.3761077820217842,-0.6268796763140236,0.01851065160494458,0.9974838841894456,1.4846500848664032e-05,0.0,0.0,0.23750000000000002,0.0,0.0,0.0
23,mean,random_subspace,joint,paraphrase,96,91.11199824102435,1.198172436084384,-0.7822366579876903,0.02343738343363983,0.9975431911746501,1.8367669569460405e-05,0.0,0.0,0.24739583333333334,0.002002181006019256,0.0,0.0
23,mean,rank1,dev,canonical,48,0.3758423564940945,0.06916679246725203,0.9427291742280541,0.01053962985318438,0.9999060467429124,8.909582373305725e-07,1.0,0.0,1.0,0.0,1.0,0.0
23,mean,rank1,expression,canonical,24,80.8656138054481,0.9870213775738064,-0.8508877872370265,0.022591380038101426,0.9983706818643975,7.794660783849467e-06,0.0,0.0,0.3185185185185185,0.004009376869372387,0.0,0.0
23,mean,rank1,iid,canonical,24,0.2827565568190843,0.08011361864256343,0.9623025312074388,0.010680850950414957,0.9998981641378362,7.376105379558342e-07,0.9583333333333334,0.0,0.9791666666666666,0.0,0.9583333333333334,0.0
23,mean,rank1,joint,canonical,96,70.59021135033281,1.495456419097882,-0.8037780997749376,0.03821311037799991,0.99828534004186,1.1197370097050376e-05,0.0,0.0,0.2636574074074074,0.0026519535271735395,0.0,0.0
23,mean,rank1,template,canonical,24,0.24845787941926412,0.06123493096275267,0.9456567067912901,0.013393448481899719,0.9998736760821769,2.8602727176618677e-06,1.0,0.0,1.0,0.0,1.0,0.0
23,mean,rank1,topic,canonical,96,0.2513988428614108,0.06696050230609066,0.9577732267385658,0.011247171690085227,0.999897930458897,1.7609079323350668e-07,0.9930555555555557,0.00601406530405858,0.9965277777777777,0.0030070326520293222,0.9930555555555557,0.00601406530405858
23,mean,rank1,train,canonical,168,0.24481643183026236,0.014472916596779755,0.9669462407679515,0.0019540530715158725,0.9999016206813307,5.949421320023293e-07,0.9702380952380953,0.01574851970871781,0.9851190476190476,0.007874259854358936,0.9702380952380953,0.01574851970871781
23,mean,rank1,iid,paraphrase,24,0.39132464786868254,0.07481176656443364,0.9463770771213277,0.010251400239547497,0.9998280431085881,5.549042118279749e-07,0.9583333333333334,0.0,0.9791666666666666,0.0,0.9583333333333334,0.0
23,mean,rank1,topic,paraphrase,96,0.35250571675730197,0.06344321799204457,0.9390399052386499,0.010971466268227302,0.9998228892469553,1.8787572144921921e-06,0.9548611111111112,0.0060140653040586444,0.9774305555555555,0.003007032652029258,0.9548611111111112,0.0060140653040586444
23,mean,rank1,template,paraphrase,24,6.185610251339342,0.8584501608011161,0.6946079232053411,0.0423828639017462,0.9998002872949593,5.063597966547668e-06,0.9583333333333334,0.0,0.9791666666666666,0.0,0.9583333333333334,0.0
23,mean,rank1,expression,paraphrase,24,118.69201190846219,1.1784211685272505,-0.5965802311643991,0.01585147906252749,0.9975377140919583,7.588842853601668e-06,0.0,0.0,0.23958333333333334,0.0,0.0,0.0
23,mean,rank1,joint,paraphrase,96,85.23257361276616,1.632769403437901,-0.6672295644912015,0.031938510196535846,0.9976139711663495,1.113010382058833e-05,0.0,0.0,0.2603587962962963,0.002505860543357758,0.0,0.0
23,mean,rank2,dev,canonical,48,0.36768922026009015,0.06931487280934995,0.9439715484221397,0.010562194322904209,0.9999123892476236,1.3556566184120273e-06,1.0,0.0,1.0,0.0,1.0,0.0
23,mean,rank2,expression,canonical,24,80.88915270009416,0.9955818468125075,-0.8514265558257401,0.022787315828622402,0.9983518470806884,6.583162559410679e-06,0.0,0.0,0.3048611111111111,0.0,0.0,0.0
23,mean,rank2,iid,canonical,24,0.2695054762048282,0.0809438643099488,0.9640691823632713,0.010791540373459689,0.9999071357441243,4.944570091747887e-07,0.9583333333333334,0.0,0.9791666666666666,0.0,0.9583333333333334,0.0
23,mean,rank2,joint,canonical,96,70.46518928172314,1.488589466142754,-0.8005834348910565,0.03803764044929868,0.9983657183497069,1.6501448785726856e-05,0.0,0.0,0.27783564814814815,0.00391427929932543,0.0,0.0
23,mean,rank2,template,canonical,24,0.2405248912310577,0.0565792083142746,0.947391828672474,0.01237513784680921,0.9998807894011928,1.32333932794156e-06,1.0,0.0,1.0,0.0,1.0,0.0
23,mean,rank2,topic,canonical,96,0.24015855612057524,0.06697549303610292,0.9596612268351312,0.011249689641838864,0.9999060765247246,6.747822833372773e-07,1.0,0.0,1.0,0.0,1.0,0.0
23,mean,rank2,train,canonical,168,0.22893993399713217,0.014536126110287451,0.9690897976072584,0.0019625872700785836,0.9999133367530447,6.634913487039554e-07,0.9900793650793651,0.012390869044441285,0.9950396825396824,0.006195434522220611,0.9900793650793651,0.012390869044441285
23,mean,rank2,iid,paraphrase,24,0.39787217072497355,0.06997970237445841,0.9454798749770686,0.00958926610919041,0.9998247333049565,2.438575557805558e-06,0.875,0.07216878364870323,0.9375,0.03608439182435161,0.875,0.07216878364870323
23,mean,rank2,topic,paraphrase,96,0.35086785907212303,0.05995030503867208,0.9393231459208508,0.010367424136401892,0.999825864235882,1.0420016119886634e-06,0.9479166666666666,0.0,0.9739583333333334,0.0,0.9479166666666666,0.0
23,mean,rank2,template,paraphrase,24,6.204328513542914,0.8629838832938914,0.6936837768824948,0.04260670001029825,0.9997928913010443,7.12028270545928e-06,0.9305555555555555,0.024056261216234453,0.9652777777777778,0.012028130608117162,0.9305555555555555,0.024056261216234453
23,mean,rank2,expression,paraphrase,24,118.66079018644415,1.1971044822348644,-0.5961602535824589,0.016102796812042373,0.9975581849193791,1.256921890478991e-05,0.0,0.0,0.24305555555555558,0.006014065304058597,0.0,0.0
23,mean,rank2,joint,paraphrase,96,85.19210464617167,1.6303870898749449,-0.666437953318491,0.03189190989531667,0.9976537701876063,8.490241841490759e-06,0.0,0.0,0.26851851851851855,0.00217071751545267,0.0,0.0
23,mean,rank4,dev,canonical,48,0.35556833081044853,0.06909748006198646,0.9458185285080107,0.01052906803486563,0.9999213886374027,5.891387164045114e-07,1.0,0.0,1.0,0.0,1.0,0.0
23,mean,rank4,expression,canonical,24,80.89686052005669,0.9976072770482352,-0.8516029758040661,0.022833674767988508,0.9983493200824464,8.624202451098194e-06,0.0,0.0,0.3101851851851851,0.0047269856149680925,0.0,0.0
23,mean,rank4,iid,canonical,24,0.2541692166680069,0.07989370283701958,0.9661138322620669,0.010651531491620634,0.9999168007545194,3.6140584068288024e-07,0.9861111111111112,0.024056261216234387,0.9930555555555555,0.012028130608117225,0.9861111111111112,0.024056261216234387
23,mean,rank4,joint,canonical,96,70.46773568972093,1.4970822042517313,-0.8006485027650806,0.038254653753481506,0.998331523408984,2.7930536239984805e-05,0.0,0.0,0.2737847222222222,0.0031298188155069392,0.0,0.0
23,mean,rank4,template,canonical,24,0.24213494446944658,0.05459886805152522,0.9470396740319375,0.011941993155229503,0.9998799937098259,4.482014305353748e-06,1.0,0.0,1.0,0.0,1.0,0.0
23,mean,rank4,topic,canonical,96,0.22929186440054797,0.06770230062005313,0.9614864752019919,0.011371769515806561,0.9999141790334036,1.189659586691788e-06,1.0,0.0,1.0,0.0,1.0,0.0
23,mean,rank4,train,canonical,168,0.21097658996973576,0.014192193731078955,0.9715151088661681,0.0019161514243738178,0.9999251299051362,5.224000763067558e-07,0.996031746031746,0.006873217490352663,0.998015873015873,0.0034366087451763315,0.996031746031746,0.006873217490352663
23,mean,rank4,iid,paraphrase,24,0.39534183584489196,0.07091157099141518,0.945826604867125,0.009716959366572192,0.9998272003796417,1.7886278010072653e-06,0.9305555555555557,0.048112522432468836,0.9652777777777777,0.024056261216234387,0.9305555555555557,0.048112522432468836
23,mean,rank4,topic,paraphrase,96,0.34331750465161975,0.061467457974837894,0.9406288561521335,0.010629790907661424,0.9998319870059801,2.2093015673159285e-06,0.9652777777777778,0.006014065304058581,0.9826388888888888,0.0030070326520293222,0.9652777777777778,0.006014065304058581
23,mean,rank4,template,paraphrase,24,6.226013583997179,0.8684582964361586,0.6926131551600815,0.042876979308672535,0.9997881980233417,6.950226313934162e-06,0.9444444444444445,0.024056261216234453,0.9722222222222222,0.012028130608117162,0.9444444444444445,0.024056261216234453
23,mean,rank4,expression,paraphrase,24,118.67043672911035,1.2006791091391755,-0.5962900136149355,0.01615088074420802,0.9975599694170243,1.4738907284683694e-05,0.0,0.0,0.24305555555555558,0.006014065304058597,0.0,0.0
23,mean,rank4,joint,paraphrase,96,85.17972631620415,1.6458763423907705,-0.6661958215042548,0.032194894290033846,0.9975954847422468,3.2974450683190914e-05,0.0,0.0,0.26591435185185186,0.004069073109084926,0.0,0.0
23,mean,rank8,dev,canonical,48,0.3383019298333872,0.07094710953015962,0.9484495811953398,0.010810914413231607,0.9999341410476338,1.5414802120669637e-06,1.0,0.0,1.0,0.0,1.0,0.0
23,mean,rank8,expression,canonical,24,80.91160722898333,0.9923002519614265,-0.8519405049733854,0.02271220524024378,0.9983361153535496,6.086422561711336e-06,0.0,0.0,0.30763888888888885,0.001202813060811748,0.0,0.0
23,mean,rank8,iid,canonical,24,0.23242438250953767,0.07976241153421064,0.9690128815937958,0.010634027565819383,0.999930025431382,8.831097842755906e-07,1.0,0.0,1.0,0.0,1.0,0.0
23,mean,rank8,joint,canonical,96,70.46705980558755,1.5017716359632498,-0.8006312320277583,0.038374481900469944,0.9983217656178714,2.3248897490648313e-05,0.0,0.0,0.2708912037037037,0.0026519535271735334,0.0,0.0
23,mean,rank8,template,canonical,24,0.24040966691649157,0.056015926100975874,0.9474170308062356,0.012251935432991258,0.9998814947767586,1.6685039440539858e-06,1.0,0.0,1.0,0.0,1.0,0.0
23,mean,rank8,topic,canonical,96,0.2147440560963382,0.0674407817446442,0.9639300306126719,0.011327842908469117,0.99992486775249,1.0444358630724995e-06,1.0,0.0,1.0,0.0,1.0,0.0
23,mean,rank8,train,canonical,168,0.18748574989206937,0.0148790793040135,0.9746867120395368,0.0020088909115806588,0.9999403457208116,1.3364562781955104e-07,1.0,0.0,1.0,0.0,1.0,0.0
23,mean,rank8,iid,paraphrase,24,0.3902678181622404,0.06833101505955598,0.9465218937030407,0.009363347723472675,0.9998307848125094,3.343847520081422e-06,0.9722222222222223,0.024056261216234387,0.986111111111111,0.012028130608117226,0.9722222222222223,0.024056261216234387
23,mean,rank8,topic,paraphrase,96,0.3365159332804873,0.059573345091604245,0.941805076609278,0.010302235082715388,0.9998375575442568,2.0719701718502514e-06,0.9791666666666666,0.0,0.9895833333333334,0.0,0.9791666666666666,0.0
23,mean,rank8,template,paraphrase,24,6.232366817472642,0.8751229754583478,0.6922994872944068,0.04320602366889806,0.9997847454903543,1.031998587397294e-05,0.9861111111111112,0.024056261216234387,0.9930555555555555,0.012028130608117225,0.9861111111111112,0.024056261216234387
23,mean,rank8,expression,paraphrase,24,118.69702391770204,1.192497352509253,-0.5966476499800558,0.01604082421486373,0.997547468003296,1.4163950028262584e-05,0.0,0.0,0.24305555555555558,0.006014065304058597,0.0,0.0
23,mean,rank8,joint,paraphrase,96,85.17308178840598,1.6464386155973556,-0.6660658482708113,0.032205892884510125,0.9975804852942479,3.82220864305272e-05,0.0,0.0,0.2644097222222222,0.003878178455501481,0.0,0.0
23,mean,rank16,dev,canonical,48,0.3250175393522707,0.06965556871662258,0.9504738554677433,0.01061410953578396,0.999944128410144,1.5872937723871083e-06,1.0,0.0,1.0,0.0,1.0,0.0
23,mean,rank16,expression,canonical,24,80.92072992946453,0.9937809169959769,-0.8521493093602279,0.022746095353735438,0.9983191494731022,5.380863166801772e-06,0.0,0.0,0.3050925925925925,0.0053039070543470426,0.0,0.0
23,mean,rank16,iid,canonical,24,0.21540659025675243,0.08130199914871589,0.971281715602756,0.010839287372007962,0.9999409388175614,8.827280768912121e-07,1.0,0.0,1.0,0.0,1.0,0.0
23,mean,rank16,joint,canonical,96,70.46440937866639,1.481906340403853,-0.8005635061781824,0.03786686782211331,0.998291922452592,1.7333948578078243e-05,0.0,0.0,0.268287037037037,0.0013259767635867364,0.0,0.0
23,mean,rank16,template,canonical,24,0.24603107502847701,0.05411807663163668,0.9461875031696421,0.011836833322245707,0.9998770302593282,2.1208719125755086e-06,1.0,0.0,1.0,0.0,1.0,0.0
23,mean,rank16,topic,canonical,96,0.20553854033119667,0.06797768053606111,0.9654762558161964,0.011418024324069322,0.9999313655805838,2.0523823015340726e-06,1.0,0.0,1.0,0.0,1.0,0.0
23,mean,rank16,train,canonical,168,0.16714386647939375,0.015537966016984813,0.9774331605177795,0.0020978501477272415,0.9999538104880886,4.0809300807424863e-07,1.0,0.0,1.0,0.0,1.0,0.0
23,mean,rank16,iid,paraphrase,24,0.3908115350670127,0.07105726565729859,0.9464473885835417,0.009736923797320536,0.9998308150363937,1.8828544080055254e-06,0.9722222222222223,0.024056261216234387,0.986111111111111,0.012028130608117226,0.9722222222222223,0.024056261216234387
23,mean,rank16,topic,paraphrase,96,0.33405517729896367,0.06007656015303494,0.9422306240846443,0.010389257892195924,0.9998387658553382,1.3941979711981103e-06,0.9861111111111112,0.0060140653040586444,0.9930555555555555,0.003007032652029258,0.9861111111111112,0.0060140653040586444
23,mean,rank16,template,paraphrase,24,6.249318941398126,0.8751271406872929,0.6914625376449259,0.043206229311973834,0.9997755067710985,1.1522362663734309e-05,0.9861111111111112,0.024056261216234387,0.9930555555555555,0.012028130608117225,0.9861111111111112,0.024056261216234387
23,mean,rank16,expression,paraphrase,24,118.70607040183198,1.194451099187042,-0.5967693383522649,0.01606710494995539,0.9975378900425466,1.3578492281814782e-05,0.0,0.0,0.24074074074074078,0.0020046884346862095,0.0,0.0
23,mean,rank16,joint,paraphrase,96,85.16056517402768,1.6356452893861415,-0.6658210114830163,0.03199476523934146,0.9975365308639961,1.7249769596131536e-05,0.0,0.0,0.2611689814814815,0.0011025786390773903,0.0,0.0
23,mean,rank32,dev,canonical,48,0.3143902307023192,0.06947867614933753,0.9520932438405533,0.010587154661682413,0.9999520100119144,1.0796408324112515e-06,1.0,0.0,1.0,0.0,1.0,0.0
23,mean,rank32,expression,canonical,24,80.92803196137798,0.9914089474250611,-0.8523164414829512,0.02269180466942709,0.9983094437745091,4.581322304753224e-06,0.0,0.0,0.3039351851851852,0.0020046884346861934,0.0,0.0
23,mean,rank32,iid,canonical,24,0.2012959781560606,0.0819441005662626,0.9731629606047955,0.010924893161036956,0.9999498597542997,1.2651115630003383e-06,1.0,0.0,1.0,0.0,1.0,0.0
23,mean,rank32,joint,canonical,96,70.45565061163187,1.4898331409937735,-0.800339695088009,0.03806941983367219,0.998288337444415,1.9355369594246375e-05,0.0,0.0,0.26857638888888885,0.001736111111111105,0.0,0.0
23,mean,rank32,template,canonical,24,0.24948758018328218,0.0539768774377372,0.9454314882123219,0.011805949901631991,0.9998741272739239,2.868287174126855e-06,1.0,0.0,1.0,0.0,1.0,0.0
23,mean,rank32,topic,canonical,96,0.201047687657863,0.06836261743957137,0.9662305720072694,0.011482681118665024,0.9999345410584787,1.6945581466517527e-06,1.0,0.0,1.0,0.0,1.0,0.0
23,mean,rank32,train,canonical,168,0.14920248763458457,0.01612015041378543,0.9798555061593435,0.0021764534617966283,0.9999656588541289,8.720118742522247e-07,1.0,0.0,1.0,0.0,1.0,0.0
23,mean,rank32,iid,paraphrase,24,0.3897538537295417,0.06909250670772826,0.9465923218636156,0.009467694352659133,0.9998320398838114,2.892827379503676e-06,1.0,0.0,1.0,0.0,1.0,0.0
23,mean,rank32,topic,paraphrase,96,0.3350988771056536,0.05977434498741112,0.9420501332838042,0.010336994725220275,0.9998381249039886,5.237388479737245e-07,0.9930555555555557,0.00601406530405858,0.9965277777777777,0.0030070326520293222,0.9930555555555557,0.00601406530405858
23,mean,rank32,template,paraphrase,24,6.257095932136917,0.8740774634613601,0.691078576926997,0.04315440530513115,0.9997704779118671,9.53649600313833e-06,0.9861111111111112,0.024056261216234387,0.9930555555555555,0.012028130608117225,0.9861111111111112,0.024056261216234387
23,mean,rank32,expression,paraphrase,24,118.71240310208405,1.1852823104041754,-0.5968545223833533,0.015943771402237465,0.9975346437458404,1.6915828471638894e-05,0.0,0.0,0.24074074074074078,0.0020046884346862095,0.0,0.0
23,mean,rank32,joint,paraphrase,96,85.16541960340088,1.6462830045698764,-0.665915968702148,0.03220284898597967,0.9975155399509607,1.9450186238609104e-05,0.0,0.0,0.25879629629629636,0.0018563674690214684,0.0,0.0
28,last,identity,dev,canonical,48,3.68131423438811,0.0,0.0,0.0,0.924645197696576,0.0,0.0,0.0,0.43576388888888884,0.0,0.0,0.0
28,last,identity,expression,canonical,24,9.73624568267918,0.0,0.0,0.0,0.8048776069251672,0.0,0.0,0.0,0.3173611111111111,0.0,0.0,0.0
28,last,identity,iid,canonical,24,3.0983155695130224,0.0,0.0,0.0,0.9357579258411635,0.0,0.0,0.0,0.4895833333333333,0.0,0.0,0.0
28,last,identity,joint,canonical,96,7.200607636850641,0.0,0.0,0.0,0.8523290313535338,0.0,0.0,0.0,0.3001736111111111,0.0,0.0,0.0
28,last,identity,template,canonical,24,3.0764940683418462,0.0,0.0,0.0,0.9369638594444455,0.0,0.0,0.0,0.45625,0.0,0.0,0.0
28,last,identity,topic,canonical,96,3.2427671629845154,0.0,0.0,0.0,0.9326777078547082,0.0,0.0,0.0,0.4612847222222222,0.0,0.0,0.0
28,last,identity,train,canonical,168,3.457412802087615,5.438959822042073e-16,0.0,0.0,0.9293884297356533,0.0,0.0,0.0,0.4575396825396825,6.798699777552591e-17,0.0,0.0
28,last,identity,iid,paraphrase,24,2.4304822251522604,0.0,0.0,0.0,0.9500130149994828,0.0,0.0,0.0,0.5,0.0,0.0,0.0
28,last,identity,topic,paraphrase,96,2.120343804552391,0.0,0.0,0.0,0.9557427501404682,0.0,0.0,0.0,0.48784722222222227,0.0,0.0,0.0
28,last,identity,template,paraphrase,24,1.7519329460415272,0.0,0.0,0.0,0.9671945572028644,0.0,0.0,0.0,0.5,0.0,0.0,0.0
28,last,identity,expression,paraphrase,24,6.3230206001138525,0.0,0.0,0.0,0.871886394455334,0.0,0.0,0.0,0.35486111111111107,0.0,0.0,0.0
28,last,identity,joint,paraphrase,96,4.561213589342991,0.0,0.0,0.0,0.9103031876128327,0.0,0.0,0.0,0.44097222222222215,0.0,0.0,0.0
28,last,shift,dev,canonical,48,2.4375298656599855,0.01574660113981816,0.3378642217253862,0.004277440103516544,0.9512657275712613,0.0005252296820168132,0.11805555555555557,0.02405626121623441,0.5318287037037036,0.014559890770149445,0.11805555555555557,0.02405626121623441
28,last,shift,expression,canonical,24,8.392414927374816,0.03011168260590497,0.1380235050657199,0.0030927406299405815,0.8341088577026531,0.00044329621365716713,0.0,0.0,0.3729166666666666,0.0060140653040586444,0.0,0.0
28,last,shift,iid,canonical,24,2.068527139849467,0.013212026761476071,0.3323704143620891,0.0042642611654798756,0.9581651456355096,0.00045248354855562784,0.0,0.0,0.5,0.0,0.0,0.0
28,last,shift,joint,canonical,96,6.17969544351507,0.06264228432164065,0.14178139468547565,0.008699583074219393,0.8756010443181435,0.0007262196183785816,0.0,0.0,0.35526620370370376,0.006158505976213189,0.0,0.0
28,last,shift,template,canonical,24,2.7371278501837555,0.03201040331288421,0.11030940109726946,0.010404831799379023,0.9450573366408567,0.0004538772248405593,0.0,0.0,0.48055555555555557,0.0,0.0,0.0
28,last,shift,topic,canonical,96,2.30866170824869,0.0040304865715622504,0.288058133003947,0.0012429158089329847,0.9532907945056528,0.00016982861397124512,0.0763888888888889,0.026214702900245662,0.5292245370370371,0.012317011952426378,0.0763888888888889,0.026214702900245662
28,last,shift,train,canonical,168,2.4095657783813906,0.005068192746423239,0.3030725816348933,0.001465891704734547,0.9522548973079411,0.0003892856270491009,0.07539682539682539,0.028129854918170286,0.5283068783068783,0.014456013885181489,0.07539682539682539,0.028129854918170286
28,last,shift,iid,paraphrase,24,2.6464288529149638,0.050933724032058134,-0.08884929316822099,0.0209562215699263,0.9480484907442343,0.0007089416257454648,0.0,0.0,0.5,0.0,0.0,0.0
28,last,shift,topic,paraphrase,96,2.430851744708854,0.04680243532607497,-0.14644226067951846,0.022073040808566046,0.9516301346420937,0.0006600431429071599,0.0,0.0,0.4930555555555555,0.0,0.0,0.0
28,last,shift,template,paraphrase,24,2.1149753716771174,0.08414403346513645,-0.2072239274087976,0.048029254575786724,0.9621560540471416,0.001204379213715109,0.0,0.0,0.5,0.0,0.0,0.0
28,last,shift,expression,paraphrase,24,5.959332885010746,0.02852547910520266,0.057518034196592294,0.004511368997388587,0.8833694143331092,7.535527287120259e-05,0.0,0.0,0.40625,0.0,0.0,0.0
28,last,shift,joint,paraphrase,96,4.8281512764164,0.08148522412244179,-0.05852339116438077,0.01786481218788507,0.9095020234680509,0.0009012438471442257,0.0,0.0,0.4782986111111111,0.0,0.0,0.0
28,last,lowrank,dev,canonical,48,1.5300953333164211,0.03150186043545228,0.5843616611091212,0.00855723212682722,0.9692143682125621,0.0006534433147172839,0.8333333333333334,0.055119818980512277,0.9108796296296297,0.028912027770362912,0.8333333333333334,0.055119818980512277
28,last,lowrank,expression,canonical,24,7.227493990135947,0.09458830871833984,0.257671362690273,0.009715070038404341,0.8574413189800678,0.0020968941218190377,0.027777777777777776,0.024056261216234408,0.4030092592592592,0.01640908203559935,0.027777777777777776,0.024056261216234408
28,last,lowrank,iid,canonical,24,1.3864188987616952,0.038651663036142904,0.5525249550420696,0.012475056903973793,0.9718036112544534,0.0008504960592225401,0.8888888888888888,0.048112522432468774,0.9444444444444445,0.024056261216234453,0.8888888888888888,0.048112522432468774
28,last,lowrank,joint,canonical,96,5.122776523993417,0.10013575640290277,0.28856330155020277,0.013906570313654758,0.8962264856898128,0.0019755665898692006,0.024305555555555556,0.04209845712841022,0.43506944444444445,0.041676792751030485,0.024305555555555556,0.04209845712841022
28,last,lowrank,template,canonical,24,2.727809270523288,0.06461227051586753,0.11333836180821592,0.021001916168390998,0.944971762039806,0.0013506519502786169,0.36111111111111116,0.09622504486493764,0.6634259259259259,0.050237348181043286,0.36111111111111116,0.09622504486493764
28,last,lowrank,topic,canonical,96,1.8206766352622354,0.09281077799408913,0.43854228695637937,0.02862085784434483,0.9629436244545825,0.0016138577893922673,0.767361111111111,0.06364688465216445,0.8831018518518517,0.03164932618952619,0.7777777777777778,0.06364688465216443
28,last,lowrank,train,canonical,168,0.9049655945133598,0.14275113285065116,0.7382535305107524,0.04128842606369045,0.9815909344661403,0.002905904112419494,0.9107142857142857,0.02727723627949906,0.9553571428571429,0.013638618139749535,0.9107142857142857,0.02727723627949906
28,last,lowrank,iid,paraphrase,24,2.9011634372406436,0.08468242500868461,-0.19365754137901456,0.03484182033192177,0.9424282219108041,0.0014222512005822232,0.15277777777777776,0.0240562612162344,0.576388888888889,0.012028130608117226,0.15277777777777776,0.0240562612162344
28,last,lowrank,topic,paraphrase,96,3.0297966020608382,0.20240660823712878,-0.4289176102270995,0.0954593343789628,0.9403544635755138,0.002623083801603811,0.14236111111111108,0.021684020827772214,0.5581597222222222,0.006076388888888855,0.14236111111111108,0.021684020827772214
28,last,lowrank,template,paraphrase,24,2.7013193665988133,0.16139860427066388,-0.5419079666846919,0.09212601694336661,0.9497991040279214,0.0031715992844649427,0.05555555555555555,0.024056261216234408,0.5231481481481483,0.01747646860016376,0.05555555555555555,0.024056261216234408
28,last,lowrank,expression,paraphrase,24,5.708432546540993,0.1664863120717778,0.09719848984230628,0.026330186567600302,0.8884431846170036,0.0027279617214240586,0.0,0.0,0.42708333333333326,0.012028130608117193,0.0,0.0
28,last,lowrank,joint,paraphrase,96,4.940453154442381,0.4531171055454049,-0.08314444339670073,0.09934134779482512,0.9038215211604074,0.008712454617379729,0.0,0.0,0.4774305555555555,0.012787256825222467,0.0,0.0
28,last,full_delta,dev,canonical,48,1.4702945721998555,0.03203730604610859,0.6006060665874559,0.008702681707211987,0.970495001923945,0.0006616234347640872,0.8611111111111112,0.03182344232608223,0.925925925925926,0.01640908203559934,0.8611111111111112,0.03182344232608223
28,last,full_delta,expression,canonical,24,7.260246419704309,0.06254328340784132,0.2543073935962486,0.006423757724099519,0.8568249664369135,0.001715908498006196,0.041666666666666664,0.0,0.4099537037037036,0.012194043695431448,0.041666666666666664,0.0
28,last,full_delta,iid,canonical,24,1.2998070398767316,0.03550060088710167,0.580479453846908,0.01145803262792932,0.9736329972628114,0.0007763387187711688,0.9722222222222223,0.024056261216234387,0.986111111111111,0.012028130608117226,0.9722222222222223,0.024056261216234387
28,last,full_delta,joint,canonical,96,5.2016168718779205,0.13317281851889046,0.2776141772733818,0.018494663955490438,0.8954581819070789,0.002682994707519559,0.04513888888888889,0.03348489847566998,0.46041666666666664,0.022521316205807655,0.048611111111111105,0.0394368635125019
28,last,full_delta,template,canonical,24,2.8719166587050946,0.17575818118911526,0.06649692965181427,0.057129374308803584,0.9420754520336966,0.0037169462540213314,0.4305555555555556,0.024056261216234387,0.6981481481481481,0.010607814108694085,0.4305555555555556,0.024056261216234387
28,last,full_delta,topic,canonical,96,1.962046141203868,0.015542410734851833,0.3949469565375523,0.004792946873357098,0.9604124164086308,0.0006638960399991077,0.8229166666666666,0.037557825786083215,0.9103009259259259,0.019513559375101176,0.8298611111111112,0.036582131086294274
28,last,full_delta,train,canonical,168,0.6211855159011757,0.04859370696436904,0.8203322682422826,0.014054933485243047,0.9874662870737962,0.0010187660033413224,0.9444444444444443,0.01913422770038282,0.9722222222222222,0.00956711385019139,0.9444444444444443,0.01913422770038282
28,last,full_delta,iid,paraphrase,24,2.9766612469049814,0.1598879690167028,-0.22472043452961463,0.06578446341309342,0.9410574761671667,0.003004297823720601,0.19444444444444442,0.04811252243246882,0.5972222222222223,0.024056261216234387,0.19444444444444442,0.04811252243246882
28,last,full_delta,topic,paraphrase,96,3.427123758717444,0.31527101786802786,-0.6163056912560068,0.14868863115082515,0.9335495526590792,0.004993441270466859,0.19791666666666666,0.05511981898051231,0.5821759259259259,0.026759962605295794,0.19791666666666666,0.05511981898051231
28,last,full_delta,template,paraphrase,24,2.8411962104132598,0.2093907371902828,-0.6217494036132551,0.11951983531298892,0.9475578364097551,0.0037271748300847386,0.1388888888888889,0.06364688465216445,0.5648148148148148,0.024388087390862845,0.1388888888888889,0.06364688465216445
28,last,full_delta,expression,paraphrase,24,5.739142707649433,0.1874772482759635,0.0923416084480108,0.02964995057466487,0.8882518286542284,0.0032960704298165854,0.0,0.0,0.43634259259259256,0.005303907054347024,0.0,0.0
28,last,full_delta,joint,paraphrase,96,5.3262150508824035,0.39341235693710525,-0.16771884204826412,0.08625168482710181,0.8984721475282802,0.007957474551495852,0.0,0.0,0.4739583333333333,0.011933790872280834,0.0,0.0
28,last,full_affine,dev,canonical,48,1.4479976725550883,0.02586279756971282,0.6066628436581243,0.007025425139783427,0.9708228264612799,0.0005830065892505383,0.9027777777777778,0.01202813060811716,0.9479166666666666,0.00601406530405858,0.9166666666666666,0.020833333333333315
28,last,full_affine,expression,canonical,24,6.933910141747858,0.07683184624237625,0.28782506443080913,0.007891321639413858,0.8624147302747334,0.0019099352882487248,0.09722222222222221,0.048112522432468816,0.4354166666666666,0.033122888938088416,0.09722222222222221,0.048112522432468816
28,last,full_affine,iid,canonical,24,1.2477512926386867,0.03835581378108117,0.5972807596113259,0.012379569776073476,0.9746722048691234,0.0009430584461894498,1.0,0.0,1.0,0.0,1.0,0.0
28,last,full_affine,joint,canonical,96,5.3726824134089926,0.14469068527459605,0.25385707923965367,0.02009423267754666,0.8895969983074509,0.0031211323347226086,0.4444444444444444,0.0739020717145582,0.6476273148148147,0.051064199643301014,0.5555555555555555,0.05923167399038881
28,last,full_affine,template,canonical,24,3.3026802877153023,0.19933989351297837,-0.0735207721350702,0.06479449954552245,0.9323406182894639,0.004252379449412099,0.638888888888889,0.06364688465216445,0.7861111111111111,0.03027013155236577,0.638888888888889,0.06364688465216445
28,last,full_affine,topic,canonical,96,2.992823414947562,0.060550781609598,0.07707730326432527,0.018672565301873043,0.9379504024452529,0.0016722155430705194,0.9027777777777778,0.012028130608117162,0.9484953703703703,0.007016409521401773,0.9340277777777778,0.012028130608117162
28,last,full_affine,train,canonical,168,0.6093565271239303,0.030440125610099667,0.8237536094168462,0.008804307542252277,0.9876472046841264,0.0006834607243064125,0.9821428571428572,0.01030982623552906,0.9907407407407408,0.005463859669926706,0.9841269841269842,0.009092412093166377
28,last,full_affine,iid,paraphrase,24,2.5991300989639554,0.13377984442890622,-0.06938864726777805,0.055042510924154325,0.9469631828055501,0.0026652436296648986,0.4444444444444444,0.024056261216234387,0.7199074074074074,0.010607814108694037,0.4444444444444444,0.024056261216234387
28,last,full_affine,topic,paraphrase,96,4.17835522867172,0.23682182799502352,-0.9706027011755198,0.11169029639748317,0.9148323803235083,0.0037381526867384103,0.4166666666666667,0.05511981898051229,0.687210648148148,0.027234450496620603,0.4270833333333333,0.05511981898051232
28,last,full_affine,template,paraphrase,24,3.231786662916893,0.2206719891722992,-0.8446976924653874,0.12595915252972725,0.9389904674136447,0.0040403756415354096,0.47222222222222215,0.024056261216234418,0.7141203703703702,0.019123508844743405,0.47222222222222215,0.024056261216234418
28,last,full_affine,expression,paraphrase,24,5.222358054316928,0.15199044207528392,0.17407226947467258,0.024037631962253524,0.8955826047229546,0.0028265179255362064,0.0,0.0,0.4259259259259259,0.014032819042803419,0.0,0.0
28,last,full_affine,joint,paraphrase,96,5.433098616799356,0.335475333071014,-0.1911519840889436,0.07354957765074463,0.8922960969612942,0.006515280328986058,0.20138888888888892,0.049227246106798,0.5027777777777778,0.03650294889153174,0.28472222222222215,0.05923167399038881
28,last,shuffled,dev,canonical,48,4.126355569826688,0.6168096614687095,-0.12089197148163318,0.167551483572614,0.9143022724952602,0.012864114246684395,0.4583333333333333,0.06250000000000003,0.6877314814814813,0.03886149415399074,0.8055555555555555,0.07316426217258848
28,last,shuffled,expression,canonical,24,7.00509626961193,0.4799433640922303,0.28051360884678317,0.04929450013222774,0.8597354382614474,0.009421479366200417,0.06944444444444443,0.048112522432468816,0.3923611111111111,0.032542706982944404,0.2916666666666667,0.15023130314433286
28,last,shuffled,iid,canonical,24,4.800637449409607,0.7427184367107001,-0.5494346336593944,0.2397168461530976,0.8996190874959723,0.01519811051975176,0.5555555555555557,0.048112522432468836,0.7381944444444444,0.019922205955251418,0.7361111111111112,0.10485881160098265
28,last,shuffled,joint,canonical,96,8.076031212286019,1.1398683421558666,-0.12157634738424179,0.1583016878078939,0.834977816372644,0.022153104118184896,0.04513888888888889,0.04209845712841021,0.37847222222222227,0.012013086036115402,0.048611111111111105,0.04336804165554443
28,last,shuffled,template,canonical,24,5.9058214911064155,1.1003022492278545,-0.9196596385084227,0.3576480970824332,0.8797392323004041,0.02122331972566006,0.3333333333333333,0.0,0.6189814814814816,0.019460971812021985,0.4305555555555556,0.06364688465216445
28,last,shuffled,topic,canonical,96,4.799317338613553,1.397962419375668,-0.4800067650236255,0.4311016946677843,0.9008953743849207,0.02628501958512572,0.5520833333333334,0.09258535851370403,0.7343171296296296,0.06330508032604845,0.6875,0.037557825786083195
28,last,shuffled,train,canonical,168,4.701749270669729,0.82707433918191,-0.3599039338984264,0.23921770020707847,0.9010243402475444,0.01723037330992957,0.5238095238095238,0.0892857142857143,0.7103174603174603,0.052177164156703884,0.748015873015873,0.03436608745176344
28,last,shuffled,iid,paraphrase,24,5.497446905019586,0.8118051822391822,-1.2618749679089678,0.33400992356087916,0.8867353018857828,0.01559026192247158,0.06944444444444443,0.048112522432468816,0.46504629629629624,0.019098274381790112,0.08333333333333333,0.07216878364870322
28,last,shuffled,topic,paraphrase,96,5.575917258684158,1.8604837901788822,-1.629723182963362,0.8774443966041792,0.8868672285191276,0.03209616913347896,0.048611111111111105,0.030070326520293008,0.4576388888888889,0.019332515148715375,0.05902777777777777,0.039436863512501905
28,last,shuffled,template,paraphrase,24,7.970282481222522,1.6522890190493984,-3.5494221107213533,0.943123435621624,0.844882219654568,0.03224786971161059,0.05555555555555555,0.048112522432468816,0.40347222222222223,0.02499999999999994,0.05555555555555555,0.048112522432468816
28,last,shuffled,expression,paraphrase,24,6.810357579040851,0.8319501316625191,-0.0770734447580675,0.13157479380148446,0.8620705551064751,0.015562765629171221,0.08333333333333333,0.04166666666666667,0.41041666666666665,0.014044269733442175,0.09722222222222221,0.048112522432468816
28,last,shuffled,joint,paraphrase,96,9.455671542330327,2.115726542486893,-1.0730604601422198,0.4638516704041584,0.8077901925515305,0.03715064602901176,0.006944444444444444,0.012028130608117204,0.34814814814814815,0.02280746110988259,0.006944444444444444,0.012028130608117204
28,last,random_subspace,dev,canonical,48,2.429135559180473,0.015757904199115262,0.34014446892653477,0.004280510490497338,0.9514217050880891,0.0005250606629938735,0.12500000000000003,0.020833333333333336,0.5353009259259259,0.012317011952426378,0.12500000000000003,0.020833333333333336
28,last,random_subspace,expression,canonical,24,8.380573479306094,0.0318879413888414,0.13923972828508546,0.003275178382728176,0.8343479715071376,0.000440844898018987,0.0,0.0,0.3729166666666666,0.0060140653040586444,0.0,0.0
28,last,random_subspace,iid,canonical,24,2.062654840940061,0.013932819829933918,0.3342657341827002,0.004496901467052245,0.9582806672849452,0.0004731036428151208,0.0,0.0,0.5,0.0,0.0,0.0
28,last,random_subspace,joint,canonical,96,6.169635175282937,0.0658654720889066,0.1431785362517857,0.009147210264842907,0.8757784508727382,0.0008144194202383112,0.0,0.0,0.35584490740740743,0.005232390428248048,0.0,0.0
28,last,random_subspace,template,canonical,24,2.737513984657816,0.03385320125758462,0.11018388989345007,0.01100382464765507,0.9450457094006137,0.0004819868546604351,0.0,0.0,0.48055555555555557,0.0,0.0,0.0
28,last,random_subspace,topic,canonical,96,2.303532555642214,0.004973460641795213,0.2896398539073235,0.0015337088331737303,0.9533839071787846,0.000155014610910767,0.0763888888888889,0.026214702900245662,0.5292245370370371,0.012317011952426378,0.0763888888888889,0.026214702900245662
28,last,random_subspace,train,canonical,168,2.3959878876915606,0.00590927507582527,0.3069997640302473,0.0017091609865784914,0.9525061821994619,0.00040686467604857443,0.08333333333333333,0.029761904761904764,0.5322751322751322,0.01492497896348778,0.08333333333333333,0.029761904761904764
28,last,random_subspace,iid,paraphrase,24,2.648602636345636,0.05109023165547294,-0.08974367676345014,0.021020615220616268,0.9479982935786629,0.0007214796817062635,0.013888888888888888,0.024056261216234408,0.5069444444444445,0.012028130608117225,0.013888888888888888,0.024056261216234408
28,last,random_subspace,topic,paraphrase,96,2.4356646327467075,0.046428922381830204,-0.14871212277807064,0.02189688402519777,0.9515276457731766,0.0006636253200156605,0.0,0.0,0.4930555555555555,0.0,0.0,0.0
28,last,random_subspace,template,paraphrase,24,2.1223558864699648,0.08353925539182375,-0.21143671124251875,0.04768404839955758,0.9619871143464068,0.0011904768459631196,0.0,0.0,0.5,0.0,0.0,0.0
28,last,random_subspace,expression,paraphrase,24,5.955720424583322,0.028378913353135707,0.058089352978530094,0.004488189292412667,0.8834379306718092,0.00011018495209160113,0.0,0.0,0.40625,0.0,0.0,0.0
28,last,random_subspace,joint,paraphrase,96,4.829256055641687,0.08788819775297509,-0.05876560284854052,0.01926859947061474,0.9093996359852216,0.0010110817331720437,0.0,0.0,0.4782986111111111,0.0,0.0,0.0
28,last,rank1,dev,canonical,48,1.963777501601044,0.0072655998180509865,0.4665553178653184,0.0019736429316956987,0.9604084564673804,0.00026652430759032997,0.3611111111111111,0.03182344232608222,0.6655092592592592,0.015753075912981713,0.3611111111111111,0.03182344232608222
28,last,rank1,expression,canonical,24,7.23870776563254,0.11857255030514183,0.25651960708939064,0.012178467365103897,0.8565553387350183,0.002108184882802476,0.0,0.0,0.3729166666666666,0.00918663649675206,0.0,0.0
28,last,rank1,iid,canonical,24,1.8776697343846758,0.014907042652083558,0.3939707908191552,0.004811337747118676,0.9619208607416917,0.00040995446135431247,0.3194444444444445,0.10485881160098263,0.6597222222222222,0.05242940580049135,0.3194444444444445,0.10485881160098263
28,last,rank1,joint,canonical,96,5.661551865444618,0.10863396064389873,0.21373970767822106,0.015086776855878262,0.8849956739564258,0.0018522784418459083,0.0,0.0,0.3634837962962964,0.005779798713957829,0.0,0.0
28,last,rank1,template,canonical,24,2.7626258049146077,0.1005232862361008,0.10202141023350175,0.032674623777279165,0.9443306672049206,0.0018584238317531157,0.09722222222222221,0.02405626121623441,0.5314814814814816,0.010607814108694037,0.09722222222222221,0.02405626121623441
28,last,rank1,topic,canonical,96,1.9968573124450355,0.011757903578917246,0.3842119362627299,0.003625885852407534,0.9592578330768976,0.00026736767522597536,0.3506944444444444,0.021684020827772224,0.6724537037037037,0.012317011952426328,0.3541666666666667,0.02755990949025617
28,last,rank1,train,canonical,168,1.9195077192429604,0.007358064661917811,0.4448138451723365,0.002128199634557651,0.9610921198116666,0.0003069101461955643,0.38095238095238093,0.04166666666666668,0.6858465608465608,0.02119242059525411,0.38095238095238093,0.04166666666666668
28,last,rank1,iid,paraphrase,24,2.9589886186682732,0.049029614049500354,-0.21744919096575743,0.020172792683735282,0.9421208899337361,0.0008657477938523671,0.027777777777777776,0.024056261216234408,0.513888888888889,0.012028130608117226,0.027777777777777776,0.024056261216234408
28,last,rank1,topic,paraphrase,96,2.736323362466353,0.05982294743421324,-0.29050928278303273,0.028213795944682696,0.9458491935826876,0.0012974490475520302,0.045138888888888895,0.021684020827772217,0.5121527777777778,0.011351299332137169,0.045138888888888895,0.021684020827772217
28,last,rank1,template,paraphrase,24,2.571035533345796,0.09178405341874425,-0.46754220197469426,0.052390163462665215,0.9522223945526035,0.0013691484769078016,0.0,0.0,0.4976851851851852,0.004009376869372419,0.0,0.0
28,last,rank1,expression,paraphrase,24,5.506948305358994,0.057587252750686206,0.12906367800544005,0.009107554188523314,0.8925869881023857,0.0006932834418845039,0.0,0.0,0.417824074074074,0.004009376869372387,0.0,0.0
28,last,rank1,joint,paraphrase,96,4.759110792027058,0.07957759536857319,-0.043386962440531494,0.017446583855336508,0.9063592940218751,0.0002187892753216684,0.0,0.0,0.46672453703703703,0.003048510923857826,0.0,0.0
28,last,rank2,dev,canonical,48,1.8838144589457748,0.019147651943786283,0.48827664822834843,0.0052013087513484236,0.9619648351037619,0.0004892193207676146,0.513888888888889,0.07887372702500378,0.7465277777777777,0.04266738099807128,0.513888888888889,0.07887372702500378
28,last,rank2,expression,canonical,24,7.143438206442478,0.0785975971914772,0.26630464767844925,0.008072680143158584,0.8586522945007727,0.0015504160119854968,0.0,0.0,0.3925925925925926,0.0020046884346861934,0.0,0.0
28,last,rank2,iid,canonical,24,1.8003156465607228,0.013689542998923629,0.41893728828800764,0.0044183824054678964,0.9637199884765103,0.00048338794345859017,0.4166666666666667,0.1102396379610246,0.7083333333333334,0.05511981898051234,0.4166666666666667,0.1102396379610246
28,last,rank2,joint,canonical,96,5.334270653973142,0.17545168900023947,0.2591915956267527,0.024366233774817548,0.8911125734204973,0.003880982638731215,0.0,0.0,0.3906828703703704,0.019043748788695858,0.0,0.0
28,last,rank2,template,canonical,24,2.753920194804625,0.08878147662151789,0.10485112806054615,0.028858003509614684,0.9448351435641845,0.0016225974405722173,0.1388888888888889,0.06364688465216445,0.5546296296296296,0.028065638085606828,0.1388888888888889,0.06364688465216445
28,last,rank2,topic,canonical,96,1.8831832496768632,0.033895552067425054,0.4192665846709587,0.0104526629152828,0.9615221114081497,0.0006507181919646759,0.5243055555555556,0.05138419648246093,0.7604166666666666,0.027285127856773842,0.53125,0.05511981898051232
28,last,rank2,train,canonical,168,1.6848026415451927,0.05021618339427838,0.5126984430300325,0.014524208206771656,0.9658478114536314,0.0011355800489787145,0.5476190476190476,0.0518916540897699,0.7718253968253969,0.027653491795171365,0.5476190476190476,0.0518916540897699
28,last,rank2,iid,paraphrase,24,3.0317705841024947,0.16793851745272784,-0.2473946744920407,0.06909678898894528,0.9410210977419409,0.0028042606053049115,0.027777777777777776,0.024056261216234408,0.513888888888889,0.012028130608117226,0.027777777777777776,0.024056261216234408
28,last,rank2,topic,paraphrase,96,2.940330795632093,0.34777553151079804,-0.3867236008232177,0.16401846283801805,0.9423864849122547,0.005867613778271021,0.06944444444444445,0.0394368635125019,0.5219907407407408,0.015633035485231532,0.06944444444444445,0.0394368635125019
28,last,rank2,template,paraphrase,24,2.642161441158373,0.09824937141125578,-0.5081407351396109,0.05608055470002388,0.9511473169251173,0.0012346770155337316,0.0,0.0,0.5,0.0,0.0,0.0
28,last,rank2,expression,paraphrase,24,5.456169387750202,0.07100786187521436,0.13709447860221136,0.011230053856527998,0.8940869958572746,0.0022907317760540173,0.0,0.0,0.4212962962962963,0.011161632825223308,0.0,0.0
28,last,rank2,joint,paraphrase,96,4.732358136080452,0.11568798313274394,-0.03752171289179048,0.02536342156899689,0.9070991464177496,0.00039032200970061593,0.0,0.0,0.4756944444444444,0.00601406530405858,0.0,0.0
28,last,rank4,dev,canonical,48,1.7726193636579317,0.04287061556575899,0.5184819195548602,0.01164546486287247,0.9642077493347184,0.0008124808051581828,0.6388888888888888,0.04336804165554445,0.8136574074074074,0.020345365545424737,0.6388888888888888,0.04336804165554445
28,last,rank4,expression,canonical,24,7.195323324867574,0.036298529393769444,0.26097557935826504,0.003728185439932436,0.8580036467854835,0.0008887033789540238,0.0,0.0,0.38564814814814813,0.004009376869372419,0.0,0.0
28,last,rank4,iid,canonical,24,1.6818906046510846,0.012473936872244257,0.45715968340970653,0.004026038210886579,0.9658116778165309,0.00035194118390688596,0.5555555555555556,0.08673608331108888,0.7777777777777777,0.04336804165554445,0.5555555555555556,0.08673608331108888
28,last,rank4,joint,canonical,96,5.379995412612158,0.007155460875787025,0.25284147061716183,0.0009937301456570836,0.8896008846790745,0.00023011009696360506,0.0,0.0,0.39461805555555557,0.01683490750569509,0.0,0.0
28,last,rank4,template,canonical,24,2.6032395716905525,0.12209315749987534,0.15382915947124387,0.039685809492127626,0.9474998886181951,0.002432578935163621,0.125,0.041666666666666664,0.549074074074074,0.020082936321059223,0.125,0.041666666666666664
28,last,rank4,topic,canonical,96,1.832250091025398,0.09252142376590201,0.43497328086328985,0.028531627192360305,0.9627068961904185,0.0015301701022840887,0.5729166666666666,0.05799754544614603,0.785011574074074,0.027755162958611027,0.579861111111111,0.052429405800491304
28,last,rank4,train,canonical,168,1.493354476130894,0.046142524182642405,0.5680716878154688,0.013345969030594528,0.9695768095416123,0.0009348070448919592,0.6666666666666666,0.05085716515069958,0.832010582010582,0.02595214835745148,0.6666666666666666,0.05085716515069958
28,last,rank4,iid,paraphrase,24,2.9520544994936593,0.07394525470604923,-0.21459621014456287,0.030424108409769075,0.9421437338005542,0.0015485107891449617,0.05555555555555555,0.048112522432468816,0.5277777777777777,0.024056261216234387,0.05555555555555555,0.048112522432468816
28,last,rank4,topic,paraphrase,96,2.8877371154142897,0.15813116670975577,-0.3619192836625366,0.07457807850323474,0.9435153088977523,0.0019734930558841734,0.09375,0.037557825786083215,0.5355902777777778,0.016216616052317143,0.09375,0.037557825786083215
28,last,rank4,template,paraphrase,24,2.694342074975237,0.18538967647914598,-0.5379253418705737,0.10582007541900032,0.9498583936414605,0.003568877912889364,0.0,0.0,0.4953703703703704,0.008018753738744807,0.0,0.0
28,last,rank4,expression,paraphrase,24,5.591492097689056,0.139683599466317,0.11569288615185354,0.022091276986161,0.8912590628738104,0.002073255048468754,0.0,0.0,0.4270833333333333,0.006014065304058613,0.0,0.0
28,last,rank4,joint,paraphrase,96,4.88991486367424,0.1726115671203826,-0.0720644337066872,0.03784334229023595,0.9029988089969637,0.003943890477806857,0.0,0.0,0.4678819444444444,0.006076388888888895,0.0,0.0
28,last,rank8,dev,canonical,48,1.6606322672745153,0.0373387172521417,0.5489023317373672,0.010142768281868232,0.9665504145668637,0.0007426859161337298,0.7430555555555555,0.043368041655544406,0.8657407407407408,0.021215628217388132,0.7430555555555555,0.043368041655544406
28,last,rank8,expression,canonical,24,7.264050436943354,0.06866997064017318,0.25391668681223517,0.007053023606659503,0.8566321870656733,0.0015771493388389778,0.0,0.0,0.3891203703703703,0.007228006942590722,0.0,0.0
28,last,rank8,iid,canonical,24,1.5596564529684402,0.033894795537297774,0.4966114916391233,0.010939749285327021,0.9682977189768841,0.0006687944602299417,0.7222222222222222,0.06364688465216443,0.8611111111111112,0.03182344232608223,0.7222222222222222,0.06364688465216443
28,last,rank8,joint,canonical,96,5.24159305039467,0.06620324201183038,0.27206239879399857,0.009194118795339067,0.8934950772052567,0.001116865372340249,0.006944444444444444,0.012028130608117204,0.41753472222222227,0.02036806857786453,0.006944444444444444,0.012028130608117204
28,last,rank8,template,canonical,24,2.6359565183431024,0.08064171129890994,0.14319466906568176,0.02621221088275129,0.9469851663010379,0.0016916908142868964,0.23611111111111108,0.06364688465216446,0.6016203703703703,0.033852534386100835,0.23611111111111108,0.06364688465216446
28,last,rank8,topic,canonical,96,1.8309399495390455,0.044507036286249045,0.43537730046152295,0.013725017569650798,0.9627000689787031,0.0006350005723270568,0.65625,0.07216878364870323,0.8275462962962963,0.03559380628398559,0.6666666666666666,0.07216878364870322
28,last,rank8,train,canonical,168,1.2557552069543236,0.09466920827076489,0.6367933831343228,0.02738151724711693,0.974439172059722,0.0019182454389774712,0.8055555555555555,0.04306058415517998,0.9027777777777777,0.021530292077589972,0.8075396825396824,0.03963290546713927
28,last,rank8,iid,paraphrase,24,2.933211023518142,0.05075390745158196,-0.20684323183412187,0.02088223765899069,0.9426343284343411,0.0008860984557896752,0.08333333333333333,0.0,0.5416666666666666,0.0,0.08333333333333333,0.0
28,last,rank8,topic,paraphrase,96,2.980695815210779,0.14121617931356054,-0.4057606171278482,0.06660060458609042,0.9420226082690166,0.0010519234551714888,0.1284722222222222,0.02405626121623441,0.5541087962962963,0.008431019840470703,0.1284722222222222,0.02405626121623441
28,last,rank8,template,paraphrase,24,2.646952818110518,0.22584565303917759,-0.5108756440086811,0.12891227004405242,0.9511157374087896,0.004134657408326225,0.013888888888888888,0.024056261216234408,0.5023148148148149,0.017476468600163796,0.013888888888888888,0.024056261216234408
28,last,rank8,expression,paraphrase,24,5.643333695346235,0.1904990913544403,0.10749402030342577,0.030127861887878454,0.8906507576280124,0.002890836785194923,0.0,0.0,0.42476851851851843,0.0053039070543470426,0.0,0.0
28,last,rank8,joint,paraphrase,96,4.944837137858221,0.35125809743314845,-0.08410558747162018,0.07700978929244674,0.9036577480784281,0.006126834317061721,0.0,0.0,0.47366898148148145,0.010023442173431,0.0,0.0
28,last,rank16,dev,canonical,48,1.5788933681326471,0.04143575106409765,0.5711060595197782,0.011255695228903781,0.9682358178563634,0.0008355726199988145,0.798611111111111,0.0524294058004913,0.8935185185185186,0.026060949650920574,0.798611111111111,0.0524294058004913
28,last,rank16,expression,canonical,24,7.227559077932142,0.0856096253498346,0.2576646775882002,0.008792878501631712,0.8574597963795726,0.0019792846322463083,0.013888888888888888,0.024056261216234408,0.39606481481481476,0.0053039070543470365,0.013888888888888888,0.024056261216234408
28,last,rank16,iid,canonical,24,1.4481323021171617,0.03934586751209729,0.532606582632649,0.012699115577268837,0.9705218389351947,0.00084199429977784,0.8472222222222222,0.06364688465216443,0.9236111111111112,0.03182344232608223,0.8472222222222222,0.06364688465216443
28,last,rank16,joint,canonical,96,5.137444279726912,0.096102805629398,0.28652628516585904,0.013346485529578265,0.8958728677573293,0.002038435402245562,0.013888888888888888,0.024056261216234408,0.4278356481481482,0.02847239865573156,0.013888888888888888,0.024056261216234408
28,last,rank16,template,canonical,24,2.695650758269721,0.07747581734125014,0.12379133572566596,0.025183151867088655,0.9457491361402336,0.0017567247140874932,0.27777777777777773,0.06364688465216443,0.6217592592592592,0.03281816407119866,0.27777777777777773,0.06364688465216443
28,last,rank16,topic,canonical,96,1.8003395193733887,0.06501713811483026,0.4448138182957216,0.020049894071022686,0.9632383949196742,0.0011631943272201342,0.71875,0.05412658773652741,0.8587962962962963,0.02657630209075238,0.7291666666666666,0.05412658773652741
28,last,rank16,train,canonical,168,1.0644108840038389,0.11399665471844556,0.6921365931886587,0.03297166443347858,0.9783362019766257,0.002336646869191861,0.8928571428571428,0.020619652471058052,0.9464285714285715,0.010309826235528995,0.8928571428571428,0.020619652471058052
28,last,rank16,iid,paraphrase,24,2.9125298186980193,0.0845925512114036,-0.19833413655825463,0.034804842568270246,0.9423905456437746,0.0013030239765884116,0.1111111111111111,0.02405626121623441,0.5555555555555555,0.012028130608117225,0.1111111111111111,0.02405626121623441
28,last,rank16,topic,paraphrase,96,2.9549811578231107,0.1595828984534379,-0.3936330285111065,0.07526274659364789,0.9417384985604862,0.001756996193982056,0.13541666666666666,0.020833333333333336,0.5552662037037037,0.0047808772111858746,0.13541666666666666,0.020833333333333336
28,last,rank16,template,paraphrase,24,2.637254232168828,0.15267329408547875,-0.5053397095634709,0.08714562645245195,0.9511356037283348,0.002952561343697011,0.027777777777777776,0.024056261216234408,0.5092592592592592,0.010607814108694097,0.027777777777777776,0.024056261216234408
28,last,rank16,expression,paraphrase,24,5.700324510119898,0.15368892066212136,0.09848079412911333,0.024306250189878233,0.8888700252481959,0.002258647862856579,0.0,0.0,0.42708333333333326,0.0069444444444444475,0.0,0.0
28,last,rank16,joint,paraphrase,96,4.878632497490291,0.45604404420382955,-0.06959088890047398,0.0999830495264133,0.9049063415341583,0.009091418904154675,0.0,0.0,0.4733796296296296,0.012163107382513725,0.0,0.0
28,last,rank32,dev,canonical,48,1.5300953333164211,0.03150186043545228,0.5843616611091212,0.00855723212682722,0.9692143682125621,0.0006534433147172839,0.8333333333333334,0.055119818980512277,0.9108796296296297,0.028912027770362912,0.8333333333333334,0.055119818980512277
28,last,rank32,expression,canonical,24,7.227493990135947,0.09458830871833984,0.257671362690273,0.009715070038404341,0.8574413189800678,0.0020968941218190377,0.027777777777777776,0.024056261216234408,0.4030092592592592,0.01640908203559935,0.027777777777777776,0.024056261216234408
28,last,rank32,iid,canonical,24,1.3864188987616952,0.038651663036142904,0.5525249550420696,0.012475056903973793,0.9718036112544534,0.0008504960592225401,0.8888888888888888,0.048112522432468774,0.9444444444444445,0.024056261216234453,0.8888888888888888,0.048112522432468774
28,last,rank32,joint,canonical,96,5.122776523993417,0.10013575640290277,0.28856330155020277,0.013906570313654758,0.8962264856898128,0.0019755665898692006,0.024305555555555556,0.04209845712841022,0.43506944444444445,0.041676792751030485,0.024305555555555556,0.04209845712841022
28,last,rank32,template,canonical,24,2.727809270523288,0.06461227051586753,0.11333836180821592,0.021001916168390998,0.944971762039806,0.0013506519502786169,0.36111111111111116,0.09622504486493764,0.6634259259259259,0.050237348181043286,0.36111111111111116,0.09622504486493764
28,last,rank32,topic,canonical,96,1.8206766352622354,0.09281077799408913,0.43854228695637937,0.02862085784434483,0.9629436244545825,0.0016138577893922673,0.767361111111111,0.06364688465216445,0.8831018518518517,0.03164932618952619,0.7777777777777778,0.06364688465216443
28,last,rank32,train,canonical,168,0.9049655945133598,0.14275113285065116,0.7382535305107524,0.04128842606369045,0.9815909344661403,0.002905904112419494,0.9107142857142857,0.02727723627949906,0.9553571428571429,0.013638618139749535,0.9107142857142857,0.02727723627949906
28,last,rank32,iid,paraphrase,24,2.9011634372406436,0.08468242500868461,-0.19365754137901456,0.03484182033192177,0.9424282219108041,0.0014222512005822232,0.15277777777777776,0.0240562612162344,0.576388888888889,0.012028130608117226,0.15277777777777776,0.0240562612162344
28,last,rank32,topic,paraphrase,96,3.0297966020608382,0.20240660823712878,-0.4289176102270995,0.0954593343789628,0.9403544635755138,0.002623083801603811,0.14236111111111108,0.021684020827772214,0.5581597222222222,0.006076388888888855,0.14236111111111108,0.021684020827772214
28,last,rank32,template,paraphrase,24,2.7013193665988133,0.16139860427066388,-0.5419079666846919,0.09212601694336661,0.9497991040279214,0.0031715992844649427,0.05555555555555555,0.024056261216234408,0.5231481481481483,0.01747646860016376,0.05555555555555555,0.024056261216234408
28,last,rank32,expression,paraphrase,24,5.708432546540993,0.1664863120717778,0.09719848984230628,0.026330186567600302,0.8884431846170036,0.0027279617214240586,0.0,0.0,0.42708333333333326,0.012028130608117193,0.0,0.0
28,last,rank32,joint,paraphrase,96,4.940453154442381,0.4531171055454049,-0.08314444339670073,0.09934134779482512,0.9038215211604074,0.008712454617379729,0.0,0.0,0.4774305555555555,0.012787256825222467,0.0,0.0
28,mean,identity,dev,canonical,48,0.43033463940458666,0.0,0.0,0.0,0.9872403844080431,0.0,0.0,0.0,0.5,0.0,0.0,0.0
28,mean,identity,expression,canonical,24,0.9161357125208291,0.0,0.0,0.0,0.973201421167321,0.0,0.0,0.0,0.4930555555555555,0.0,0.0,0.0
28,mean,identity,iid,canonical,24,0.5768397796526727,0.0,0.0,0.0,0.9824356229001853,0.0,0.0,0.0,0.5,0.0,0.0,0.0
28,mean,identity,joint,canonical,96,0.8888875850678244,0.0,0.0,0.0,0.9720305404104992,0.0,0.0,0.0,0.49826388888888884,0.0,0.0,0.0
28,mean,identity,template,canonical,24,0.26074164498391456,0.0,0.0,0.0,0.9924585225435214,0.0,0.0,0.0,0.5,0.0,0.0,0.0
28,mean,identity,topic,canonical,96,0.4630535702485807,0.0,0.0,0.0,0.9852706547881104,0.0,0.0,0.0,0.4947916666666667,0.0,0.0,0.0
28,mean,identity,train,canonical,168,0.502842843810472,0.0,0.0,0.0,0.9850231630219591,0.0,0.0,0.0,0.49801587301587297,0.0,0.0,0.0
28,mean,identity,iid,paraphrase,24,0.3777404979237777,0.0,0.0,0.0,0.9883260299439826,0.0,0.0,0.0,0.5,0.0,0.0,0.0
28,mean,identity,topic,paraphrase,96,0.3189529039270295,0.0,0.0,0.0,0.9898054566368696,0.0,0.0,0.0,0.5,0.0,0.0,0.0
28,mean,identity,template,paraphrase,24,0.2555527628966539,0.0,0.0,0.0,0.9932455204637366,0.0,0.0,0.0,0.5,0.0,0.0,0.0
28,mean,identity,expression,paraphrase,24,1.2273166971325937,0.0,0.0,0.0,0.9634204392202794,0.0,0.0,0.0,0.4930555555555555,0.0,0.0,0.0
28,mean,identity,joint,paraphrase,96,0.9085554403116806,0.0,0.0,0.0,0.9728330623406279,0.0,0.0,0.0,0.5,0.0,0.0,0.0
28,mean,shift,dev,canonical,48,0.18902414057564418,0.0009307882391180311,0.5607508128158613,0.0021629405441446333,0.9945094418191679,2.6751014099106504e-05,0.8958333333333334,0.0,0.9479166666666666,0.0,0.8958333333333334,0.0
28,mean,shift,expression,canonical,24,0.9033109861726872,0.0017592416819164581,0.0139987189374526,0.0019202850165897039,0.9736275447446509,5.372209475459469e-05,0.0,0.0,0.5,0.0,0.0,0.0
28,mean,shift,iid,canonical,24,0.2590546875430107,0.000779813694706607,0.5509070340138592,0.001351872256757619,0.9922581840659065,2.469853275899406e-05,0.75,0.0,0.875,0.0,0.75,0.0
28,mean,shift,joint,canonical,96,1.0062911261524916,0.005096948365310084,-0.13207917745381606,0.005734075321708036,0.9686761418185217,0.00013251964923437784,0.0,0.0,0.49826388888888884,0.0,0.0,0.0
28,mean,shift,template,canonical,24,0.21534725122265763,0.00244601976747239,0.17409721321677385,0.00938100918870588,0.9938221698208131,7.49216732872116e-05,0.8055555555555555,0.024056261216234453,0.9027777777777778,0.01202813060811716,0.8055555555555555,0.024056261216234453
28,mean,shift,topic,canonical,96,0.21837406309493015,0.0006249143198054398,0.5284043205245117,0.0013495508078470698,0.9931504161405152,1.6787760451133765e-05,0.7951388888888888,0.0060140653040586444,0.8975694444444445,0.003007032652029258,0.7951388888888888,0.0060140653040586444
28,mean,shift,train,canonical,168,0.22581607788314398,0.00024139575202478987,0.5509211661998773,0.0004800620213574187,0.993435659535506,5.733509512502845e-06,0.7797619047619048,0.005952380952380931,0.8898809523809524,0.002976190476190521,0.7797619047619048,0.005952380952380931
28,mean,shift,iid,paraphrase,24,0.3762794910236233,0.0007337471309677799,0.0038677528837515185,0.0019424635033859579,0.9886246746180146,1.554408240427656e-05,0.25,0.0,0.625,0.0,0.25,0.0
28,mean,shift,topic,paraphrase,96,0.343141966533341,0.001791982460563329,-0.07583897907336638,0.005618329347373719,0.9892459085012679,5.195947623311624e-05,0.3229166666666667,0.010416666666666657,0.6614583333333334,0.005208333333333315,0.3229166666666667,0.010416666666666657
28,mean,shift,template,paraphrase,24,0.3111168608253227,0.0017537956844474324,-0.2174271070242312,0.006862753760000152,0.9918452988804779,4.811730117488571e-05,0.2638888888888889,0.04811252243246882,0.6319444444444445,0.024056261216234453,0.2638888888888889,0.04811252243246882
28,mean,shift,expression,paraphrase,24,1.2058467988541048,0.0009767245782434477,0.017493364449982063,0.0007958211442290274,0.9645928383733636,4.195581141671126e-05,0.0,0.0,0.5,0.0,0.0,0.0
28,mean,shift,joint,paraphrase,96,0.9730257669583097,0.0013993729466007146,-0.07095915536482018,0.001540217453456317,0.9714092024611781,2.896246267379243e-05,0.0,0.0,0.5,0.0,0.0,0.0
28,mean,lowrank,dev,canonical,48,0.09607012809304394,0.0019645318662373256,0.7767548338056933,0.004565126035300057,0.9972128867892378,5.9212182566579525e-05,1.0,0.0,1.0,0.0,1.0,0.0
28,mean,lowrank,expression,canonical,24,0.9791715962888915,0.007288044272888843,-0.06880627281149583,0.007955201585620006,0.971467492058617,0.00020857023768450656,0.0,0.0,0.5,0.0,0.0,0.0
28,mean,lowrank,iid,canonical,24,0.12431804580286394,0.003809436198880512,0.7844842706969369,0.0066039762395968095,0.9962720552842345,0.0001245080305823253,1.0,0.0,1.0,0.0,1.0,0.0
28,mean,lowrank,joint,canonical,96,1.080291355581285,0.03002936321820687,-0.21532955767275763,0.033783083173465206,0.9673990862208641,0.0010850898226558872,0.0,0.0,0.49826388888888884,0.0,0.0,0.0
28,mean,lowrank,template,canonical,24,0.30486173214469864,0.03211637922589935,-0.16920997473765995,0.1231731863465103,0.9916776706405072,0.0010563527439377436,0.9305555555555555,0.024056261216234453,0.9652777777777778,0.01202813060811716,0.9305555555555555,0.024056261216234453
28,mean,lowrank,topic,canonical,96,0.17390679416093047,0.009094565161393842,0.6244348271247057,0.019640416888507258,0.9945386343961204,0.00029278869069533447,1.0,0.0,1.0,0.0,1.0,0.0
28,mean,lowrank,train,canonical,168,0.07087678468929619,0.0007691217951471731,0.8590478405694273,0.0015295470634898417,0.9979048502110445,2.5605337370441906e-05,0.996031746031746,0.003436608745176332,0.998015873015873,0.001718304372588166,0.996031746031746,0.003436608745176332
28,mean,lowrank,iid,paraphrase,24,0.3786635732567767,0.0031740386188173902,-0.0024436758517357715,0.008402696126741147,0.9888671610108904,0.00013623064920680964,0.5972222222222223,0.024056261216234387,0.798611111111111,0.012028130608117226,0.5972222222222223,0.024056261216234387
28,mean,lowrank,topic,paraphrase,96,0.34972310907047904,0.013802267627967327,-0.09647256621463196,0.04327368541885113,0.9892231227363125,0.00034853136206911223,0.4131944444444444,0.1242745150567589,0.7065972222222222,0.062137257528379466,0.4131944444444444,0.1242745150567589
28,mean,lowrank,template,paraphrase,24,0.41819151075501154,0.01863752291039921,-0.63641944628135,0.07293023444217762,0.9891031911659889,0.0005329417487260726,0.9305555555555557,0.08673608331108885,0.9652777777777777,0.04336804165554445,0.9305555555555557,0.08673608331108885
28,mean,lowrank,expression,paraphrase,24,1.271746801388536,0.019616894581617465,-0.03620101018730145,0.015983563677939693,0.9628270300742975,0.0005428742463809663,0.0,0.0,0.5,0.0,0.0,0.0
28,mean,lowrank,joint,paraphrase,96,1.0941107841080948,0.08297169010170588,-0.20423117353494633,0.09132264958233297,0.9681441694750207,0.0019380184761866404,0.0,0.0,0.5,0.0,0.0,0.0
28,mean,full_delta,dev,canonical,48,0.08754256631374062,0.0022461938153760202,0.7965709513069528,0.005219644457355032,0.9974639723511413,6.558013377098765e-05,1.0,0.0,1.0,0.0,1.0,0.0
28,mean,full_delta,expression,canonical,24,0.9811769319150505,0.007240398853091806,-0.07099517954087246,0.00790319464041981,0.9714015630458891,0.00015692760995726702,0.0,0.0,0.5,0.0,0.0,0.0
28,mean,full_delta,iid,canonical,24,0.1124751301057758,0.0036588053349948537,0.8050149554985625,0.006342845039567005,0.9966360191612633,0.00010880610507605845,1.0,0.0,1.0,0.0,1.0,0.0
28,mean,full_delta,joint,canonical,96,1.0757892729466887,0.04404138506835655,-0.21026470727972102,0.04954663087683472,0.9674712700225454,0.0012781253983043387,0.0,0.0,0.49826388888888884,0.0,0.0,0.0
28,mean,full_delta,template,canonical,24,0.31057982447196675,0.008037568638288169,-0.19114008232603874,0.030825795544796863,0.9914881597932425,0.0002998437307443783,0.9722222222222223,0.024056261216234387,0.986111111111111,0.012028130608117226,0.9722222222222223,0.024056261216234387
28,mean,full_delta,topic,canonical,96,0.17859825799414572,0.0020720324509196923,0.6143032481138869,0.00447471433987077,0.9944024858388162,4.244876110318526e-05,1.0,0.0,1.0,0.0,1.0,0.0
28,mean,full_delta,train,canonical,168,0.05409404513281558,0.0030513879015550836,0.8924235557915101,0.00606827349561561,0.998410666591901,7.664651685014628e-05,0.998015873015873,0.0034366087451763315,0.9990079365079364,0.0017183043725881658,0.998015873015873,0.0034366087451763315
28,mean,full_delta,iid,paraphrase,24,0.3748679903452332,0.0078150428182569,0.0076044469532204895,0.020688919671604442,0.9889197850175998,0.00022788327703321976,0.6666666666666666,0.07216878364870323,0.8333333333333334,0.03608439182435161,0.6666666666666666,0.07216878364870323
28,mean,full_delta,topic,paraphrase,96,0.36108384713014097,0.007327646352649141,-0.13209142379449915,0.02297407003488383,0.988846661475947,0.00016731484791498077,0.4791666666666667,0.08526409137367136,0.7395833333333334,0.04263204568683564,0.4791666666666667,0.08526409137367136
28,mean,full_delta,template,paraphrase,24,0.437247149681158,0.012984071844744326,-0.7109858047513331,0.050807792870527835,0.9886069828178083,0.00032650026321022263,0.9444444444444445,0.0962250448649376,0.9722222222222222,0.048112522432468836,0.9444444444444445,0.0962250448649376
28,mean,full_delta,expression,paraphrase,24,1.280215368766585,0.016830575791203468,-0.04310107713647141,0.013713311185715293,0.9625011747491664,0.0005213362144109901,0.0,0.0,0.5,0.0,0.0,0.0
28,mean,full_delta,joint,paraphrase,96,1.1048724567478523,0.015368641878383138,-0.21607599022116375,0.016915469542630106,0.9677810913934121,0.00048703006464181626,0.0,0.0,0.5,0.0,0.0,0.0
28,mean,full_affine,dev,canonical,48,0.11512025799310512,0.005800034805645309,0.73248665700631,0.013477964064594639,0.9966408872963513,0.00017833627923088822,1.0,0.0,1.0,0.0,1.0,0.0
28,mean,full_affine,expression,canonical,24,1.0048455155932974,0.005187639037352483,-0.09683041700052852,0.0056625224477695555,0.9706135767590219,0.00010586794187177493,0.0,0.0,0.5,0.0,0.0,0.0
28,mean,full_affine,iid,canonical,24,0.14263596210388887,0.008175721033768861,0.7527286308344182,0.014173296159796145,0.9956824065637462,0.00025474024151185765,1.0,0.0,1.0,0.0,1.0,0.0
28,mean,full_affine,joint,canonical,96,1.5313827122983816,0.03904246456258208,-0.7228080783483248,0.04392283705886495,0.9526096156643199,0.0011572816579941958,0.4166666666666667,0.14694516645485295,0.7065972222222222,0.07453155532522811,0.4166666666666667,0.14694516645485295
28,mean,full_affine,template,canonical,24,1.1787458244287015,0.006558599406912094,-3.520742455626601,0.025153632084037588,0.9660130239028194,0.00029894140998357064,0.8055555555555555,0.06364688465216445,0.8877314814814814,0.02993638230642956,0.8472222222222222,0.06364688465216443
28,mean,full_affine,topic,canonical,96,0.698288110888301,0.01740746567583176,-0.5080071848132809,0.037592768513774605,0.9776762771202984,0.0005278852817165379,1.0,0.0,1.0,0.0,1.0,0.0
28,mean,full_affine,train,canonical,168,0.05506067045219776,0.002580531148294681,0.8905012348690184,0.0051318840072174165,0.9983674384810272,7.235471825580445e-05,1.0,0.0,1.0,0.0,1.0,0.0
28,mean,full_affine,iid,paraphrase,24,0.3022174182755258,0.017577840723685043,0.19993376422003686,0.04653417046967519,0.9909259460362492,0.000616775405221942,1.0,0.0,1.0,0.0,1.0,0.0
28,mean,full_affine,topic,paraphrase,96,0.7874791381724573,0.02808935261894194,-1.4689511475732413,0.08806739889525603,0.9748364339592159,0.0010348920714783663,0.8784722222222223,0.024056261216234387,0.939236111111111,0.012028130608117226,0.8784722222222223,0.024056261216234387
28,mean,full_affine,template,paraphrase,24,1.1000603796690835,0.008538316756870957,-3.3046311344868946,0.03341116981123683,0.9710210108518526,0.00016530301246675037,0.9444444444444445,0.024056261216234453,0.9722222222222222,0.012028130608117162,0.9444444444444445,0.024056261216234453
28,mean,full_affine,expression,paraphrase,24,1.3098880443435859,0.026940483966310536,-0.06727794660001396,0.02195071901918405,0.9612893271860372,0.000803541361037119,0.0,0.0,0.4953703703703704,0.004009376869372419,0.0,0.0
28,mean,full_affine,joint,paraphrase,96,1.6949506387069766,0.012223265453322352,-0.8655445375193862,0.013453516330416955,0.9492036474167046,0.0004515775066521981,0.2916666666666667,0.10045469542700994,0.6458333333333334,0.050227347713504976,0.2916666666666667,0.10045469542700994
28,mean,shuffled,dev,canonical,48,1.824463719093547,0.276916633776347,-3.2396394620193365,0.6434913865160619,0.945615473629707,0.008150132083810586,0.4513888888888889,0.06696979695133998,0.6649305555555556,0.04823765274114518,0.8402777777777778,0.03182344232608222
28,mean,shuffled,expression,canonical,24,2.0292279673064493,0.1974246301921493,-1.214986207363151,0.21549714468494827,0.9401758251781486,0.005860135166734341,0.34722222222222227,0.08673608331108887,0.6099537037037037,0.05118829719327768,0.625,0.11023963796102462
28,mean,shuffled,iid,canonical,24,2.405040304966174,0.4773741514106782,-3.1693385057706993,0.8275680149834935,0.9273612385922294,0.013671416498854104,0.611111111111111,0.06364688465216445,0.7476851851851851,0.034780044447492345,0.7777777777777778,0.06364688465216443
28,mean,shuffled,joint,canonical,96,3.8806638497491357,0.8878055973917215,-3.365753234648936,0.9987827620789413,0.8854736248536518,0.023212421323622445,0.48263888888888884,0.15636569790552363,0.7355324074074074,0.07469482289289556,0.5243055555555556,0.14962820435010585
28,mean,shuffled,template,canonical,24,4.569038947011916,2.065300767049127,-16.523242009513996,7.920870358766579,0.8759559017026802,0.04931304056406038,0.3611111111111111,0.15774745405000756,0.6543981481481481,0.10127070102863556,0.375,0.1443375672974064
28,mean,shuffled,topic,canonical,96,2.3045596456264827,0.4962197237203551,-3.9768748017412485,1.0716248736705987,0.9326646757712987,0.01281137618005142,0.6319444444444443,0.07678244578991662,0.7759837962962964,0.048197125252316085,0.84375,0.07511565157216647
28,mean,shuffled,train,canonical,168,2.145732407877358,0.24510811433442106,-3.267202833428634,0.48744476997430536,0.9351181603096769,0.007095361733260021,0.6666666666666666,0.0487223379278122,0.7947751322751323,0.026948785894405258,0.8412698412698413,0.03963290546713921
28,mean,shuffled,iid,paraphrase,24,2.5290470476502307,0.4818454069972867,-5.695196997809205,1.2755990147884955,0.9235380767709221,0.014506432672006454,0.34722222222222227,0.06364688465216445,0.6363425925925926,0.02783270033286259,0.4166666666666667,0.08333333333333334
28,mean,shuffled,topic,paraphrase,96,2.6040933254862164,0.4571362566189078,-7.16450734081413,1.4332406163747988,0.9238163914529137,0.012143180617816671,0.3125,0.25280543957315826,0.5917245370370371,0.165312453810662,0.3854166666666667,0.26166368098084314
28,mean,shuffled,template,paraphrase,24,4.497122938337998,2.132413542366732,-16.59762988810512,8.344318089916658,0.8849670494746231,0.049753925285159636,0.40277777777777785,0.3127313958110473,0.6925925925925926,0.16307077662567382,0.40277777777777785,0.3127313958110473
28,mean,shuffled,expression,paraphrase,24,2.2511080718715983,0.3221720839928067,-0.8341704933461024,0.2625011822502736,0.932227133141625,0.009368804270095059,0.2638888888888889,0.04811252243246882,0.5465277777777777,0.03658213108629421,0.3888888888888889,0.024056261216234418
28,mean,shuffled,joint,paraphrase,96,4.44773330400112,1.3180667992631405,-3.895390095815531,1.4507279806843456,0.8733273219637957,0.035033264592862066,0.3333333333333333,0.15023130314433286,0.6524305555555555,0.0857104534389108,0.3645833333333333,0.14583333333333334
28,mean,random_subspace,dev,canonical,48,0.18814886437456876,0.0008723291172133355,0.562784755986893,0.002027094817234098,0.9945332058258614,2.537665128447825e-05,0.8958333333333334,0.0,0.9479166666666666,0.0,0.8958333333333334,0.0
28,mean,random_subspace,expression,canonical,24,0.9040594286081237,0.0018146216843208617,0.013181763081232312,0.001980734578425869,0.9736051500432111,5.237763385491682e-05,0.0,0.0,0.5,0.0,0.0,0.0
28,mean,random_subspace,iid,canonical,24,0.2577176835986081,0.0008699852907679587,0.5532248421671174,0.0015081922597151882,0.9922969519347995,2.7487025585177897e-05,0.75,0.0,0.875,0.0,0.75,0.0
28,mean,random_subspace,joint,canonical,96,1.0072421325905128,0.005420566761480357,-0.13314906126589432,0.006098146551418768,0.9686518297856351,0.00013763501999867884,0.0,0.0,0.49826388888888884,0.0,0.0,0.0
28,mean,random_subspace,template,canonical,24,0.21579865832737635,0.0027488118959703733,0.17236597038156598,0.010542281790620554,0.9938101321524472,8.310177225976455e-05,0.8194444444444445,0.024056261216234453,0.9097222222222222,0.012028130608117162,0.8194444444444445,0.024056261216234453
28,mean,random_subspace,topic,canonical,96,0.2180914425445352,0.00059858621825026,0.5290146614624797,0.0012926932361819867,0.993158053463091,1.5863124298901467e-05,0.798611111111111,0.012028130608117226,0.8993055555555557,0.00601406530405858,0.798611111111111,0.012028130608117226
28,mean,random_subspace,train,canonical,168,0.2242942903689704,0.00018553742007404805,0.5539475342448946,0.0003689769524570846,0.9934781777924835,5.356848417041473e-06,0.7876984126984127,0.012390869044441267,0.8938492063492064,0.0061954345222206735,0.7876984126984127,0.012390869044441267
28,mean,random_subspace,iid,paraphrase,24,0.37625552510697097,0.0006597791484811368,0.00393119833581194,0.001746646579086879,0.9886258852257238,1.4391731998251432e-05,0.25,0.0,0.625,0.0,0.25,0.0
28,mean,random_subspace,topic,paraphrase,96,0.3432780537634755,0.001825389837590531,-0.0762656478023825,0.005723070130780607,0.9892423513930094,5.2526823903367065e-05,0.3229166666666667,0.010416666666666657,0.6614583333333334,0.005208333333333315,0.3229166666666667,0.010416666666666657
28,mean,random_subspace,template,paraphrase,24,0.3115891926687224,0.0025786842479483454,-0.21927538226119583,0.010090613847094978,0.991831861659851,7.109026449029093e-05,0.2638888888888889,0.04811252243246882,0.6319444444444445,0.024056261216234453,0.2638888888888889,0.04811252243246882
28,mean,random_subspace,expression,paraphrase,24,1.2065477778512073,0.001121331109860698,0.016922216840941973,0.0009136444672189888,0.9645707497390997,3.283141942763611e-05,0.0,0.0,0.5,0.0,0.0,0.0
28,mean,random_subspace,joint,paraphrase,96,0.9748771564774712,0.000931935595086477,-0.07299688409002192,0.0010257333275850659,0.9713579510109512,1.604810188710031e-05,0.0,0.0,0.5,0.0,0.0,0.0
28,mean,rank1,dev,canonical,48,0.16786397776442605,0.0034423346642179255,0.6099222270447865,0.007999204221581523,0.9950589159350124,0.00010796797298511075,0.9791666666666666,0.020833333333333315,0.9895833333333334,0.010416666666666685,0.9791666666666666,0.020833333333333315
28,mean,rank1,expression,canonical,24,0.9244296388406187,0.005842310765732291,-0.009053163419389184,0.006377123701090744,0.9731740735304489,0.00014753370016167225,0.0,0.0,0.5,0.0,0.0,0.0
28,mean,rank1,iid,canonical,24,0.22196169251261988,0.0017343281176954075,0.6152108430416022,0.003006602836475066,0.993364710065673,5.4295982792793335e-05,0.9583333333333334,0.0,0.9791666666666666,0.0,0.9583333333333334,0.0
28,mean,rank1,joint,canonical,96,1.1165524655240964,0.020075167985334513,-0.256123366194726,0.02258459711055899,0.9660417200452618,0.0005164680211592429,0.0,0.0,0.4971064814814814,0.0010023442173430967,0.0,0.0
28,mean,rank1,template,canonical,24,0.2545287285800723,0.006573674590786524,0.023827863800681026,0.02521144863986747,0.9929988131765776,0.0001836861336739925,0.9583333333333334,0.0,0.9791666666666666,0.0,0.9583333333333334,0.0
28,mean,rank1,topic,canonical,96,0.19782524534136467,0.0006493338951631414,0.5727810818191807,0.001402286769573019,0.9937670786091366,1.684946977634751e-05,0.9548611111111112,0.015911721163041116,0.9774305555555555,0.007955860581520553,0.9548611111111112,0.015911721163041116
28,mean,rank1,train,canonical,168,0.19062270463173003,0.0011394805794138685,0.6209099781808206,0.0022660769531471564,0.9943835221585565,3.632170479346456e-05,0.9325396825396824,0.009092412093166318,0.9662698412698413,0.004546206046583159,0.9325396825396824,0.009092412093166318
28,mean,rank1,iid,paraphrase,24,0.40867162230836906,0.007079518594062084,-0.08188458625591373,0.018741751633658887,0.9878850803413219,0.00015796075519488494,0.23611111111111113,0.0240562612162344,0.6180555555555555,0.012028130608117225,0.23611111111111113,0.0240562612162344
28,mean,rank1,topic,paraphrase,96,0.3471800407960169,0.01663947074871996,-0.08849938822141985,0.05216905237058691,0.9891534992631654,0.0004557552852984956,0.20138888888888892,0.07887372702500381,0.6006944444444445,0.039436863512501925,0.20138888888888892,0.07887372702500381
28,mean,rank1,template,paraphrase,24,0.3377768107637163,0.011366121538158786,-0.32174979027839345,0.04447661378936167,0.9912440101027093,0.00023669995744946578,0.4444444444444444,0.09622504486493764,0.7222222222222222,0.048112522432468836,0.4444444444444444,0.09622504486493764
28,mean,rank1,expression,paraphrase,24,1.2320224473876706,0.007309760453818888,-0.0038341776544481196,0.0059558877271830854,0.9638670783059516,0.00019134596510239193,0.0,0.0,0.5,0.0,0.0,0.0
28,mean,rank1,joint,paraphrase,96,0.9847719656758693,0.008758955731528151,-0.08388758900397164,0.009640529727633858,0.9712729448063847,0.00018934107142425558,0.0,0.0,0.5,0.0,0.0,0.0
28,mean,rank2,dev,canonical,48,0.15694009120284066,0.001259808648220223,0.6353068592851744,0.0029275092750220997,0.9953941551862874,3.538091267163497e-05,0.9930555555555555,0.012028130608117225,0.9965277777777778,0.006014065304058581,0.9930555555555555,0.012028130608117225
28,mean,rank2,expression,canonical,24,0.9340521148210912,0.002432125889145109,-0.019556493710919092,0.002654765943413505,0.9728940000317324,7.54661930146537e-05,0.0,0.0,0.5,0.0,0.0,0.0
28,mean,rank2,iid,canonical,24,0.20860069425465966,0.003661491898359415,0.6383732509220109,0.006347502421840732,0.9937723544089101,0.00011927267279244219,0.9444444444444445,0.024056261216234453,0.9722222222222222,0.012028130608117162,0.9444444444444445,0.024056261216234453
28,mean,rank2,joint,canonical,96,1.0683870776870295,0.039552404709251296,-0.20193722539786485,0.044496520565346184,0.9678213367297746,0.0012172588692185313,0.0,0.0,0.49652777777777773,0.0017361111111110772,0.0,0.0
28,mean,rank2,template,canonical,24,0.23860982682439694,0.01605430961329059,0.08488025823754757,0.0615717125443502,0.9935624511729811,0.0005659150404133863,0.9444444444444445,0.024056261216234453,0.9722222222222222,0.01202813060811716,0.9444444444444445,0.024056261216234453
28,mean,rank2,topic,canonical,96,0.1870369692448901,0.00415684775415141,0.5960791984726882,0.008977034238003829,0.9941040889671285,0.00013484238438385657,0.9409722222222222,0.026214702900245676,0.9704861111111112,0.013107351450122814,0.9409722222222222,0.026214702900245676
28,mean,rank2,train,canonical,168,0.17296478079041985,0.0007465488933060534,0.6560261661879938,0.0014846564935652629,0.9948869973244143,3.151034754893306e-05,0.9523809523809524,0.02727723627949901,0.9761904761904762,0.013638618139749523,0.9523809523809524,0.02727723627949901
28,mean,rank2,iid,paraphrase,24,0.3993672344824139,0.006814279125936585,-0.05725289365981653,0.018039577867320935,0.9882195442260949,0.0002446497334003502,0.20833333333333334,0.07216878364870323,0.6041666666666666,0.036084391824351615,0.20833333333333334,0.07216878364870323
28,mean,rank2,topic,paraphrase,96,0.3288757056092746,0.007738265740849371,-0.031110554442593214,0.02426146821544456,0.9897368123789895,0.00026754231043544683,0.13888888888888887,0.03658213108629424,0.5694444444444445,0.018291065543147078,0.13888888888888887,0.03658213108629424
28,mean,rank2,template,paraphrase,24,0.33529925993927473,0.02805094712221356,-0.3120549202391934,0.10976577519358474,0.9913202377084057,0.0008030279098338334,0.4583333333333333,0.04166666666666666,0.7291666666666666,0.020833333333333315,0.4583333333333333,0.04166666666666666
28,mean,rank2,expression,paraphrase,24,1.239166223564525,0.0026789912764871504,-0.009654823779074858,0.0021828035768975537,0.9637729947052686,0.0002465388822061628,0.0,0.0,0.5,0.0,0.0,0.0
28,mean,rank2,joint,paraphrase,96,0.9769380834639406,0.0071809179993091755,-0.07526523987220994,0.00790366518178103,0.9715766889472736,0.00019288130449990733,0.0,0.0,0.5,0.0,0.0,0.0
28,mean,rank4,dev,canonical,48,0.13784340633338713,0.0015120904940864872,0.6796832192637153,0.003513755007448704,0.9959625853397656,5.032335142173878e-05,0.9930555555555555,0.012028130608117225,0.9965277777777778,0.006014065304058581,0.9930555555555555,0.012028130608117225
28,mean,rank4,expression,canonical,24,0.9448617092708181,0.0012675405998376368,-0.03135561288288491,0.0013835729603312295,0.9725414670803753,2.855173956323141e-05,0.0,0.0,0.5,0.0,0.0,0.0
28,mean,rank4,iid,canonical,24,0.1829170873484831,0.00033073402474782793,0.6828979314522634,0.000573355091680671,0.994535050553012,1.0349177912533666e-05,0.9583333333333334,0.0,0.9791666666666666,0.0,0.9583333333333334,0.0
28,mean,rank4,joint,canonical,96,1.0855977650759057,0.029023160407198368,-0.22129927711058292,0.032651103350694086,0.9674077797475759,0.0010855359694869975,0.0,0.0,0.49710648148148145,0.0020046884346861613,0.0,0.0
28,mean,rank4,template,canonical,24,0.23005820051699766,0.002045718665116071,0.11767757493748188,0.007845768807826106,0.9938331172261745,0.00010746059628627142,0.9305555555555555,0.024056261216234453,0.9652777777777778,0.012028130608117162,0.9305555555555555,0.024056261216234453
28,mean,rank4,topic,canonical,96,0.17644295788789197,0.004195332871666522,0.6189577853958188,0.009060145825923188,0.9944413052494075,0.0001270963770140902,0.9756944444444445,0.021684020827772203,0.9878472222222222,0.010842010413886124,0.9756944444444445,0.021684020827772203
28,mean,rank4,train,canonical,168,0.14805214180984372,0.0013170557572701313,0.7055697547807869,0.0026192194509315632,0.9956095990799182,3.744292628556198e-05,0.9801587301587301,0.0034366087451763315,0.9900793650793651,0.0017183043725881658,0.9801587301587301,0.0034366087451763315
28,mean,rank4,iid,paraphrase,24,0.393563928975899,0.00560806168415089,-0.041889686541669725,0.01484633422938552,0.988364328712556,0.0001696348361606128,0.2638888888888889,0.06364688465216443,0.6319444444444443,0.03182344232608222,0.2638888888888889,0.06364688465216443
28,mean,rank4,topic,paraphrase,96,0.3273597027328719,0.0038514190177769167,-0.026357492602624877,0.012075196589707347,0.9897711649064326,0.00010245604907923847,0.19791666666666666,0.045405197328548676,0.5989583333333334,0.022702598664274376,0.19791666666666666,0.045405197328548676
28,mean,rank4,template,paraphrase,24,0.32350436551746214,0.013684124983523255,-0.2659004811788633,0.05354716117492012,0.9915975441209226,0.00036920778254334835,0.6527777777777778,0.17347216662217774,0.8263888888888888,0.08673608331108888,0.6527777777777778,0.17347216662217774
28,mean,rank4,expression,paraphrase,24,1.231227283189482,0.008558791446846254,-0.003186289297639792,0.006973580223297121,0.9639923724006114,0.00028814042576410614,0.0,0.0,0.5,0.0,0.0,0.0
28,mean,rank4,joint,paraphrase,96,0.9763464001752592,0.019677664145244668,-0.07461400466692814,0.021658187571354195,0.9715143854892229,0.0002471717247931385,0.0,0.0,0.5,0.0,0.0,0.0
28,mean,rank8,dev,canonical,48,0.1211669989981196,0.0021752356210061863,0.7184354037458688,0.005054753723790037,0.9964650868321421,7.175584320540954e-05,1.0,0.0,1.0,0.0,1.0,0.0
28,mean,rank8,expression,canonical,24,0.9622376365358146,0.004727832413868398,-0.05032215575150101,0.005160624511470407,0.9720214753506058,0.00010845825693167622,0.0,0.0,0.5,0.0,0.0,0.0
28,mean,rank8,iid,canonical,24,0.1618648225322472,0.00367842352134819,0.7193937931435496,0.006376854806308714,0.9951588291374991,0.0001165753339263261,0.9861111111111112,0.024056261216234387,0.9930555555555555,0.012028130608117225,0.9861111111111112,0.024056261216234387
28,mean,rank8,joint,canonical,96,1.0613797314688818,0.0420012586263037,-0.1940539493392696,0.047251485263008625,0.9681753314126239,0.0015016504264035798,0.0,0.0,0.49826388888888884,0.0,0.0,0.0
28,mean,rank8,template,canonical,24,0.24360969552116907,0.01051896075974783,0.06570469195207525,0.040342465279747525,0.9934425575157492,0.00038600185852671876,0.9305555555555555,0.024056261216234453,0.9652777777777778,0.012028130608117162,0.9305555555555555,0.024056261216234453
28,mean,rank8,topic,canonical,96,0.16409248973083426,0.003787621666484597,0.6456295766324733,0.00817966194376014,0.994827897962804,0.0001091094355119418,0.9965277777777778,0.006014065304058581,0.9982638888888888,0.0030070326520293222,0.9965277777777778,0.006014065304058581
28,mean,rank8,train,canonical,168,0.12060220579176721,0.001217641450446524,0.7601592480110471,0.0024215149234687503,0.9964273711503093,3.828476536283041e-05,0.9940476190476191,0.005952380952380931,0.9970238095238096,0.0029761904761904656,0.9940476190476191,0.005952380952380931
28,mean,rank8,iid,paraphrase,24,0.3868926654880127,0.0067571911013365755,-0.024228716842751147,0.01788844759425321,0.9885655284855974,0.00023597612951394665,0.2916666666666667,0.04166666666666666,0.6458333333333334,0.020833333333333315,0.2916666666666667,0.04166666666666666
28,mean,rank8,topic,paraphrase,96,0.3241052435166814,0.002530088573950002,-0.016153919673453327,0.007932483268842886,0.9898679976868671,9.741085508104989e-05,0.2638888888888889,0.06696979695133998,0.6319444444444445,0.033484898475669995,0.2638888888888889,0.06696979695133998
28,mean,rank8,template,paraphrase,24,0.33025809798380934,0.012221862636857348,-0.2923284187593247,0.04782520250739724,0.9914226087509372,0.0003333365563499031,0.7083333333333334,0.2602082499332666,0.8541666666666666,0.13010412496663332,0.7083333333333334,0.2602082499332666
28,mean,rank8,expression,paraphrase,24,1.2506639840789646,0.0050691385299640795,-0.01902303374582755,0.004130261196484365,0.9634406942623231,0.00027411781541959837,0.0,0.0,0.5,0.0,0.0,0.0
28,mean,rank8,joint,paraphrase,96,0.9729211435908419,0.027298295073110438,-0.0708440018333727,0.03004582204003507,0.9716977758763847,0.00033495744750599253,0.0,0.0,0.5,0.0,0.0,0.0
28,mean,rank16,dev,canonical,48,0.10591166648150117,0.0038930998991849246,0.753885332986345,0.009046680287163074,0.9969215672279099,0.00011437305708318891,1.0,0.0,1.0,0.0,1.0,0.0
28,mean,rank16,expression,canonical,24,0.9720018610792956,0.003036904654824761,-0.06098021045893498,0.0033149069655504224,0.9716830871879583,9.57524176046813e-05,0.0,0.0,0.5,0.0,0.0,0.0
28,mean,rank16,iid,canonical,24,0.13942575978807686,0.002594246230685882,0.7582937850228914,0.0044973428015798985,0.9958243186332035,8.155148656216524e-05,1.0,0.0,1.0,0.0,1.0,0.0
28,mean,rank16,joint,canonical,96,1.0808060245110995,0.032987137875819146,-0.21590856106808065,0.03711058454405356,0.9672973268981565,0.0010469387039635173,0.0,0.0,0.49826388888888884,0.0,0.0,0.0
28,mean,rank16,template,canonical,24,0.268367542349985,0.018190164296409284,-0.0292469481295972,0.06976317226782643,0.9927171926853199,0.0006162391131184609,0.9444444444444445,0.024056261216234453,0.9722222222222222,0.012028130608117162,0.9444444444444445,0.024056261216234453
28,mean,rank16,topic,canonical,96,0.1662134913500092,0.006358484655906781,0.6410491095862172,0.013731639413758042,0.9947639066620234,0.0001985916601274738,1.0,0.0,1.0,0.0,1.0,0.0
28,mean,rank16,train,canonical,168,0.09338354432034084,0.0017032485270274409,0.8142888071893525,0.0033872382753237277,0.9972351776412139,5.6709175483474914e-05,0.996031746031746,0.003436608745176332,0.998015873015873,0.001718304372588166,0.996031746031746,0.003436608745176332
28,mean,rank16,iid,paraphrase,24,0.377796988594846,0.007386330621881574,-0.00014954888707689276,0.01955398127148131,0.9888151218070357,0.000316588813646706,0.4444444444444444,0.024056261216234387,0.7222222222222222,0.012028130608117162,0.4444444444444444,0.024056261216234387
28,mean,rank16,topic,paraphrase,96,0.3273457330481053,0.009144463373412855,-0.026313694021095846,0.02867026216354793,0.9898075767724207,0.0002499983292141057,0.2986111111111111,0.09678722128309968,0.6493055555555555,0.048393610641549824,0.2986111111111111,0.09678722128309968
28,mean,rank16,template,paraphrase,24,0.3611771533872327,0.007425597379854328,-0.41331734900198885,0.029057002928421654,0.9905419053982635,0.00017371204264663993,0.8472222222222222,0.15774745405000762,0.9236111111111112,0.07887372702500377,0.8472222222222222,0.15774745405000762
28,mean,rank16,expression,paraphrase,24,1.2659139356674043,0.01050942789921636,-0.031448475055367554,0.008562930760878374,0.9629133930924804,0.00029191123632834877,0.0,0.0,0.5,0.0,0.0,0.0
28,mean,rank16,joint,paraphrase,96,1.0341772917930316,0.07128734414907205,-0.13826547716037707,0.07846229408369056,0.9694838806128084,0.001756801645376876,0.0,0.0,0.5,0.0,0.0,0.0
28,mean,rank32,dev,canonical,48,0.09607012809304394,0.0019645318662373256,0.7767548338056933,0.004565126035300057,0.9972128867892378,5.9212182566579525e-05,1.0,0.0,1.0,0.0,1.0,0.0
28,mean,rank32,expression,canonical,24,0.9791715962888915,0.007288044272888843,-0.06880627281149583,0.007955201585620006,0.971467492058617,0.00020857023768450656,0.0,0.0,0.5,0.0,0.0,0.0
28,mean,rank32,iid,canonical,24,0.12431804580286394,0.003809436198880512,0.7844842706969369,0.0066039762395968095,0.9962720552842345,0.0001245080305823253,1.0,0.0,1.0,0.0,1.0,0.0
28,mean,rank32,joint,canonical,96,1.080291355581285,0.03002936321820687,-0.21532955767275763,0.033783083173465206,0.9673990862208641,0.0010850898226558872,0.0,0.0,0.49826388888888884,0.0,0.0,0.0
28,mean,rank32,template,canonical,24,0.30486173214469864,0.03211637922589935,-0.16920997473765995,0.1231731863465103,0.9916776706405072,0.0010563527439377436,0.9305555555555555,0.024056261216234453,0.9652777777777778,0.01202813060811716,0.9305555555555555,0.024056261216234453
28,mean,rank32,topic,canonical,96,0.17390679416093047,0.009094565161393842,0.6244348271247057,0.019640416888507258,0.9945386343961204,0.00029278869069533447,1.0,0.0,1.0,0.0,1.0,0.0
28,mean,rank32,train,canonical,168,0.07087678468929619,0.0007691217951471731,0.8590478405694273,0.0015295470634898417,0.9979048502110445,2.5605337370441906e-05,0.996031746031746,0.003436608745176332,0.998015873015873,0.001718304372588166,0.996031746031746,0.003436608745176332
28,mean,rank32,iid,paraphrase,24,0.3786635732567767,0.0031740386188173902,-0.0024436758517357715,0.008402696126741147,0.9888671610108904,0.00013623064920680964,0.5972222222222223,0.024056261216234387,0.798611111111111,0.012028130608117226,0.5972222222222223,0.024056261216234387
28,mean,rank32,topic,paraphrase,96,0.34972310907047904,0.013802267627967327,-0.09647256621463196,0.04327368541885113,0.9892231227363125,0.00034853136206911223,0.4131944444444444,0.1242745150567589,0.7065972222222222,0.062137257528379466,0.4131944444444444,0.1242745150567589
28,mean,rank32,template,paraphrase,24,0.41819151075501154,0.01863752291039921,-0.63641944628135,0.07293023444217762,0.9891031911659889,0.0005329417487260726,0.9305555555555557,0.08673608331108885,0.9652777777777777,0.04336804165554445,0.9305555555555557,0.08673608331108885
28,mean,rank32,expression,paraphrase,24,1.271746801388536,0.019616894581617465,-0.03620101018730145,0.015983563677939693,0.9628270300742975,0.0005428742463809663,0.0,0.0,0.5,0.0,0.0,0.0
28,mean,rank32,joint,paraphrase,96,1.0941107841080948,0.08297169010170588,-0.20423117353494633,0.09132264958233297,0.9681441694750207,0.0019380184761866404,0.0,0.0,0.5,0.0,0.0,0.0
